example_id,paired_parent_id,split,condition,intervention_axis,statement,original_statement,relation,relation_family,subject,object,ground_truth,expected_transformed_label,expected_prediction_behavior,prediction,correct,raw_output,model_id,model_revision,model_condition,adapter_path,adapter_hash,training_seed,prompt_version,parser_version,image_id,source_image_id,replacement_image_id,transformed_image_id,transform_name,transform_version,transform_metadata,shuffle_seed,generation_settings,run_id,git_commit,protocol_version
vsr_test:0006,vsr_test:0006,test,sorev,semantic,The dining table is touching the bench,The bench is touching the dining table.,touching,topology_contact,bench,dining table,True,True,stability_law,True,True, True,Qwen/Qwen2-VL-7B-Instruct,,7B_hardneg_lora,/home/ubuntu/vlm-spatial-reasoning/checkpoints/qwen2vl_7b_hardneg_lora/final,"{""README.md"": ""ad67fbd14e29a7dae114b54d70c840eab4d917c7d4bbce31d8e923429325d12b"", ""adapter_config.json"": ""9c868e731d9e1e45f0f114c79b1eeca3c96b1d0d3a8f5f93d9ff5a73d690a9df"", ""adapter_model.safetensors"": ""aaad7a39d905ddffc323d02d3beb78717388f29dc19488b91eb5218f4814b697"", ""chat_template.jinja"": ""a0bc6f6fc7a29a80017a433e8f03a1cc1236e838a944a2d034295a60c4f2fddb"", ""processor_config.json"": ""edb8dd5001f02dd3a488fd63d664fcdc5514c4a93962bf1be534a0acf6e2c714"", ""tokenizer.json"": ""ff8cce547abc110590d19c6b5b6e0c6a7b4c8d1012d78b9c42131bae7f494a02"", ""tokenizer_config.json"": ""5afec58078ec072cdc9ad190a63c8657f9c47ec71068ff9c77423f1ea0422364""}",,7f29cebb9d06eca06ad0d6c690e4d5a083b71a9c42008f88e92474e3ff0eb98a,eb4075c77285da02c52794154760fa969fb21ab3dcceb0820cb7d2ba27d27471,http://images.cocodataset.org/train2017/000000550405.jpg,http://images.cocodataset.org/train2017/000000550405.jpg,,http://images.cocodataset.org/train2017/000000550405.jpg,sorev,tier_b_v0.1,"{""axis"": ""semantic"", ""law"": ""stability_law"", ""note"": ""symmetric relation; subject/object reversal keeps truth"", ""relation"": ""touching"", ""transform"": ""sorev""}",,"{""do_sample"": false, ""max_new_tokens"": 5}",tier_b_tierb_pilot200,a4375a7c362690ef91f9db40f949558d1a160b30,v0.1
vsr_test:0008,vsr_test:0008,test,sorev,semantic,The bed is beside the bench,The bench is beside the bed.,beside,horizontal,bench,bed,True,True,stability_law,True,True, True.,Qwen/Qwen2-VL-7B-Instruct,,7B_hardneg_lora,/home/ubuntu/vlm-spatial-reasoning/checkpoints/qwen2vl_7b_hardneg_lora/final,"{""README.md"": ""ad67fbd14e29a7dae114b54d70c840eab4d917c7d4bbce31d8e923429325d12b"", ""adapter_config.json"": ""9c868e731d9e1e45f0f114c79b1eeca3c96b1d0d3a8f5f93d9ff5a73d690a9df"", ""adapter_model.safetensors"": ""aaad7a39d905ddffc323d02d3beb78717388f29dc19488b91eb5218f4814b697"", ""chat_template.jinja"": ""a0bc6f6fc7a29a80017a433e8f03a1cc1236e838a944a2d034295a60c4f2fddb"", ""processor_config.json"": ""edb8dd5001f02dd3a488fd63d664fcdc5514c4a93962bf1be534a0acf6e2c714"", ""tokenizer.json"": ""ff8cce547abc110590d19c6b5b6e0c6a7b4c8d1012d78b9c42131bae7f494a02"", ""tokenizer_config.json"": ""5afec58078ec072cdc9ad190a63c8657f9c47ec71068ff9c77423f1ea0422364""}",,7f29cebb9d06eca06ad0d6c690e4d5a083b71a9c42008f88e92474e3ff0eb98a,eb4075c77285da02c52794154760fa969fb21ab3dcceb0820cb7d2ba27d27471,http://images.cocodataset.org/train2017/000000268227.jpg,http://images.cocodataset.org/train2017/000000268227.jpg,,http://images.cocodataset.org/train2017/000000268227.jpg,sorev,tier_b_v0.1,"{""axis"": ""semantic"", ""law"": ""stability_law"", ""note"": ""symmetric relation; subject/object reversal keeps truth"", ""relation"": ""beside"", ""transform"": ""sorev""}",,"{""do_sample"": false, ""max_new_tokens"": 5}",tier_b_tierb_pilot200,a4375a7c362690ef91f9db40f949558d1a160b30,v0.1
vsr_test:0017,vsr_test:0017,test,sorev,semantic,The teddy bear is touching the potted plant,The potted plant is touching the teddy bear.,touching,topology_contact,potted plant,teddy bear,True,True,stability_law,True,True, True.,Qwen/Qwen2-VL-7B-Instruct,,7B_hardneg_lora,/home/ubuntu/vlm-spatial-reasoning/checkpoints/qwen2vl_7b_hardneg_lora/final,"{""README.md"": ""ad67fbd14e29a7dae114b54d70c840eab4d917c7d4bbce31d8e923429325d12b"", ""adapter_config.json"": ""9c868e731d9e1e45f0f114c79b1eeca3c96b1d0d3a8f5f93d9ff5a73d690a9df"", ""adapter_model.safetensors"": ""aaad7a39d905ddffc323d02d3beb78717388f29dc19488b91eb5218f4814b697"", ""chat_template.jinja"": ""a0bc6f6fc7a29a80017a433e8f03a1cc1236e838a944a2d034295a60c4f2fddb"", ""processor_config.json"": ""edb8dd5001f02dd3a488fd63d664fcdc5514c4a93962bf1be534a0acf6e2c714"", ""tokenizer.json"": ""ff8cce547abc110590d19c6b5b6e0c6a7b4c8d1012d78b9c42131bae7f494a02"", ""tokenizer_config.json"": ""5afec58078ec072cdc9ad190a63c8657f9c47ec71068ff9c77423f1ea0422364""}",,7f29cebb9d06eca06ad0d6c690e4d5a083b71a9c42008f88e92474e3ff0eb98a,eb4075c77285da02c52794154760fa969fb21ab3dcceb0820cb7d2ba27d27471,http://images.cocodataset.org/train2017/000000380299.jpg,http://images.cocodataset.org/train2017/000000380299.jpg,,http://images.cocodataset.org/train2017/000000380299.jpg,sorev,tier_b_v0.1,"{""axis"": ""semantic"", ""law"": ""stability_law"", ""note"": ""symmetric relation; subject/object reversal keeps truth"", ""relation"": ""touching"", ""transform"": ""sorev""}",,"{""do_sample"": false, ""max_new_tokens"": 5}",tier_b_tierb_pilot200,a4375a7c362690ef91f9db40f949558d1a160b30,v0.1
vsr_test:0020,vsr_test:0020,test,sorev,semantic,The cup is away from the bus,The bus is away from the cup.,away from,proximity,bus,cup,True,True,stability_law,True,True, True,Qwen/Qwen2-VL-7B-Instruct,,7B_hardneg_lora,/home/ubuntu/vlm-spatial-reasoning/checkpoints/qwen2vl_7b_hardneg_lora/final,"{""README.md"": ""ad67fbd14e29a7dae114b54d70c840eab4d917c7d4bbce31d8e923429325d12b"", ""adapter_config.json"": ""9c868e731d9e1e45f0f114c79b1eeca3c96b1d0d3a8f5f93d9ff5a73d690a9df"", ""adapter_model.safetensors"": ""aaad7a39d905ddffc323d02d3beb78717388f29dc19488b91eb5218f4814b697"", ""chat_template.jinja"": ""a0bc6f6fc7a29a80017a433e8f03a1cc1236e838a944a2d034295a60c4f2fddb"", ""processor_config.json"": ""edb8dd5001f02dd3a488fd63d664fcdc5514c4a93962bf1be534a0acf6e2c714"", ""tokenizer.json"": ""ff8cce547abc110590d19c6b5b6e0c6a7b4c8d1012d78b9c42131bae7f494a02"", ""tokenizer_config.json"": ""5afec58078ec072cdc9ad190a63c8657f9c47ec71068ff9c77423f1ea0422364""}",,7f29cebb9d06eca06ad0d6c690e4d5a083b71a9c42008f88e92474e3ff0eb98a,eb4075c77285da02c52794154760fa969fb21ab3dcceb0820cb7d2ba27d27471,http://images.cocodataset.org/train2017/000000067373.jpg,http://images.cocodataset.org/train2017/000000067373.jpg,,http://images.cocodataset.org/train2017/000000067373.jpg,sorev,tier_b_v0.1,"{""axis"": ""semantic"", ""law"": ""stability_law"", ""note"": ""symmetric relation; subject/object reversal keeps truth"", ""relation"": ""away from"", ""transform"": ""sorev""}",,"{""do_sample"": false, ""max_new_tokens"": 5}",tier_b_tierb_pilot200,a4375a7c362690ef91f9db40f949558d1a160b30,v0.1
vsr_test:0024,vsr_test:0024,test,sorev,semantic,The sandwich is beside the cup,The cup is beside the sandwich.,beside,horizontal,cup,sandwich,True,True,stability_law,True,True, True.,Qwen/Qwen2-VL-7B-Instruct,,7B_hardneg_lora,/home/ubuntu/vlm-spatial-reasoning/checkpoints/qwen2vl_7b_hardneg_lora/final,"{""README.md"": ""ad67fbd14e29a7dae114b54d70c840eab4d917c7d4bbce31d8e923429325d12b"", ""adapter_config.json"": ""9c868e731d9e1e45f0f114c79b1eeca3c96b1d0d3a8f5f93d9ff5a73d690a9df"", ""adapter_model.safetensors"": ""aaad7a39d905ddffc323d02d3beb78717388f29dc19488b91eb5218f4814b697"", ""chat_template.jinja"": ""a0bc6f6fc7a29a80017a433e8f03a1cc1236e838a944a2d034295a60c4f2fddb"", ""processor_config.json"": ""edb8dd5001f02dd3a488fd63d664fcdc5514c4a93962bf1be534a0acf6e2c714"", ""tokenizer.json"": ""ff8cce547abc110590d19c6b5b6e0c6a7b4c8d1012d78b9c42131bae7f494a02"", ""tokenizer_config.json"": ""5afec58078ec072cdc9ad190a63c8657f9c47ec71068ff9c77423f1ea0422364""}",,7f29cebb9d06eca06ad0d6c690e4d5a083b71a9c42008f88e92474e3ff0eb98a,eb4075c77285da02c52794154760fa969fb21ab3dcceb0820cb7d2ba27d27471,http://images.cocodataset.org/train2017/000000202998.jpg,http://images.cocodataset.org/train2017/000000202998.jpg,,http://images.cocodataset.org/train2017/000000202998.jpg,sorev,tier_b_v0.1,"{""axis"": ""semantic"", ""law"": ""stability_law"", ""note"": ""symmetric relation; subject/object reversal keeps truth"", ""relation"": ""beside"", ""transform"": ""sorev""}",,"{""do_sample"": false, ""max_new_tokens"": 5}",tier_b_tierb_pilot200,a4375a7c362690ef91f9db40f949558d1a160b30,v0.1
vsr_test:0026,vsr_test:0026,test,sorev,semantic,The banana is attached to the umbrella,The umbrella is attached to the banana.,attached to,topology_contact,umbrella,banana,False,False,stability_law,False,True, False.,Qwen/Qwen2-VL-7B-Instruct,,7B_hardneg_lora,/home/ubuntu/vlm-spatial-reasoning/checkpoints/qwen2vl_7b_hardneg_lora/final,"{""README.md"": ""ad67fbd14e29a7dae114b54d70c840eab4d917c7d4bbce31d8e923429325d12b"", ""adapter_config.json"": ""9c868e731d9e1e45f0f114c79b1eeca3c96b1d0d3a8f5f93d9ff5a73d690a9df"", ""adapter_model.safetensors"": ""aaad7a39d905ddffc323d02d3beb78717388f29dc19488b91eb5218f4814b697"", ""chat_template.jinja"": ""a0bc6f6fc7a29a80017a433e8f03a1cc1236e838a944a2d034295a60c4f2fddb"", ""processor_config.json"": ""edb8dd5001f02dd3a488fd63d664fcdc5514c4a93962bf1be534a0acf6e2c714"", ""tokenizer.json"": ""ff8cce547abc110590d19c6b5b6e0c6a7b4c8d1012d78b9c42131bae7f494a02"", ""tokenizer_config.json"": ""5afec58078ec072cdc9ad190a63c8657f9c47ec71068ff9c77423f1ea0422364""}",,7f29cebb9d06eca06ad0d6c690e4d5a083b71a9c42008f88e92474e3ff0eb98a,eb4075c77285da02c52794154760fa969fb21ab3dcceb0820cb7d2ba27d27471,http://images.cocodataset.org/train2017/000000159296.jpg,http://images.cocodataset.org/train2017/000000159296.jpg,,http://images.cocodataset.org/train2017/000000159296.jpg,sorev,tier_b_v0.1,"{""axis"": ""semantic"", ""law"": ""stability_law"", ""note"": ""symmetric relation; subject/object reversal keeps truth"", ""relation"": ""attached to"", ""transform"": ""sorev""}",,"{""do_sample"": false, ""max_new_tokens"": 5}",tier_b_tierb_pilot200,a4375a7c362690ef91f9db40f949558d1a160b30,v0.1
vsr_test:0030,vsr_test:0030,test,sorev,semantic,The person is touching the pizza,The pizza is touching the person.,touching,topology_contact,pizza,person,True,True,stability_law,True,True, True,Qwen/Qwen2-VL-7B-Instruct,,7B_hardneg_lora,/home/ubuntu/vlm-spatial-reasoning/checkpoints/qwen2vl_7b_hardneg_lora/final,"{""README.md"": ""ad67fbd14e29a7dae114b54d70c840eab4d917c7d4bbce31d8e923429325d12b"", ""adapter_config.json"": ""9c868e731d9e1e45f0f114c79b1eeca3c96b1d0d3a8f5f93d9ff5a73d690a9df"", ""adapter_model.safetensors"": ""aaad7a39d905ddffc323d02d3beb78717388f29dc19488b91eb5218f4814b697"", ""chat_template.jinja"": ""a0bc6f6fc7a29a80017a433e8f03a1cc1236e838a944a2d034295a60c4f2fddb"", ""processor_config.json"": ""edb8dd5001f02dd3a488fd63d664fcdc5514c4a93962bf1be534a0acf6e2c714"", ""tokenizer.json"": ""ff8cce547abc110590d19c6b5b6e0c6a7b4c8d1012d78b9c42131bae7f494a02"", ""tokenizer_config.json"": ""5afec58078ec072cdc9ad190a63c8657f9c47ec71068ff9c77423f1ea0422364""}",,7f29cebb9d06eca06ad0d6c690e4d5a083b71a9c42008f88e92474e3ff0eb98a,eb4075c77285da02c52794154760fa969fb21ab3dcceb0820cb7d2ba27d27471,http://images.cocodataset.org/train2017/000000114169.jpg,http://images.cocodataset.org/train2017/000000114169.jpg,,http://images.cocodataset.org/train2017/000000114169.jpg,sorev,tier_b_v0.1,"{""axis"": ""semantic"", ""law"": ""stability_law"", ""note"": ""symmetric relation; subject/object reversal keeps truth"", ""relation"": ""touching"", ""transform"": ""sorev""}",,"{""do_sample"": false, ""max_new_tokens"": 5}",tier_b_tierb_pilot200,a4375a7c362690ef91f9db40f949558d1a160b30,v0.1
vsr_test:0032,vsr_test:0032,test,sorev,semantic,The person is at the side of the teddy bear,The teddy bear is at the side of the person.,at the side of,horizontal,teddy bear,person,False,False,stability_law,False,True, False.,Qwen/Qwen2-VL-7B-Instruct,,7B_hardneg_lora,/home/ubuntu/vlm-spatial-reasoning/checkpoints/qwen2vl_7b_hardneg_lora/final,"{""README.md"": ""ad67fbd14e29a7dae114b54d70c840eab4d917c7d4bbce31d8e923429325d12b"", ""adapter_config.json"": ""9c868e731d9e1e45f0f114c79b1eeca3c96b1d0d3a8f5f93d9ff5a73d690a9df"", ""adapter_model.safetensors"": ""aaad7a39d905ddffc323d02d3beb78717388f29dc19488b91eb5218f4814b697"", ""chat_template.jinja"": ""a0bc6f6fc7a29a80017a433e8f03a1cc1236e838a944a2d034295a60c4f2fddb"", ""processor_config.json"": ""edb8dd5001f02dd3a488fd63d664fcdc5514c4a93962bf1be534a0acf6e2c714"", ""tokenizer.json"": ""ff8cce547abc110590d19c6b5b6e0c6a7b4c8d1012d78b9c42131bae7f494a02"", ""tokenizer_config.json"": ""5afec58078ec072cdc9ad190a63c8657f9c47ec71068ff9c77423f1ea0422364""}",,7f29cebb9d06eca06ad0d6c690e4d5a083b71a9c42008f88e92474e3ff0eb98a,eb4075c77285da02c52794154760fa969fb21ab3dcceb0820cb7d2ba27d27471,http://images.cocodataset.org/train2017/000000451680.jpg,http://images.cocodataset.org/train2017/000000451680.jpg,,http://images.cocodataset.org/train2017/000000451680.jpg,sorev,tier_b_v0.1,"{""axis"": ""semantic"", ""law"": ""stability_law"", ""note"": ""symmetric relation; subject/object reversal keeps truth"", ""relation"": ""at the side of"", ""transform"": ""sorev""}",,"{""do_sample"": false, ""max_new_tokens"": 5}",tier_b_tierb_pilot200,a4375a7c362690ef91f9db40f949558d1a160b30,v0.1
vsr_test:0044,vsr_test:0044,test,sorev,semantic,The teddy bear is touching the chair,The chair is touching the teddy bear.,touching,topology_contact,chair,teddy bear,False,False,stability_law,True,False, True.,Qwen/Qwen2-VL-7B-Instruct,,7B_hardneg_lora,/home/ubuntu/vlm-spatial-reasoning/checkpoints/qwen2vl_7b_hardneg_lora/final,"{""README.md"": ""ad67fbd14e29a7dae114b54d70c840eab4d917c7d4bbce31d8e923429325d12b"", ""adapter_config.json"": ""9c868e731d9e1e45f0f114c79b1eeca3c96b1d0d3a8f5f93d9ff5a73d690a9df"", ""adapter_model.safetensors"": ""aaad7a39d905ddffc323d02d3beb78717388f29dc19488b91eb5218f4814b697"", ""chat_template.jinja"": ""a0bc6f6fc7a29a80017a433e8f03a1cc1236e838a944a2d034295a60c4f2fddb"", ""processor_config.json"": ""edb8dd5001f02dd3a488fd63d664fcdc5514c4a93962bf1be534a0acf6e2c714"", ""tokenizer.json"": ""ff8cce547abc110590d19c6b5b6e0c6a7b4c8d1012d78b9c42131bae7f494a02"", ""tokenizer_config.json"": ""5afec58078ec072cdc9ad190a63c8657f9c47ec71068ff9c77423f1ea0422364""}",,7f29cebb9d06eca06ad0d6c690e4d5a083b71a9c42008f88e92474e3ff0eb98a,eb4075c77285da02c52794154760fa969fb21ab3dcceb0820cb7d2ba27d27471,http://images.cocodataset.org/train2017/000000364722.jpg,http://images.cocodataset.org/train2017/000000364722.jpg,,http://images.cocodataset.org/train2017/000000364722.jpg,sorev,tier_b_v0.1,"{""axis"": ""semantic"", ""law"": ""stability_law"", ""note"": ""symmetric relation; subject/object reversal keeps truth"", ""relation"": ""touching"", ""transform"": ""sorev""}",,"{""do_sample"": false, ""max_new_tokens"": 5}",tier_b_tierb_pilot200,a4375a7c362690ef91f9db40f949558d1a160b30,v0.1
vsr_test:0045,vsr_test:0045,test,sorev,semantic,The oven is alongside the person,The person is alongside the oven.,alongside,horizontal,person,oven,True,True,stability_law,True,True, True.,Qwen/Qwen2-VL-7B-Instruct,,7B_hardneg_lora,/home/ubuntu/vlm-spatial-reasoning/checkpoints/qwen2vl_7b_hardneg_lora/final,"{""README.md"": ""ad67fbd14e29a7dae114b54d70c840eab4d917c7d4bbce31d8e923429325d12b"", ""adapter_config.json"": ""9c868e731d9e1e45f0f114c79b1eeca3c96b1d0d3a8f5f93d9ff5a73d690a9df"", ""adapter_model.safetensors"": ""aaad7a39d905ddffc323d02d3beb78717388f29dc19488b91eb5218f4814b697"", ""chat_template.jinja"": ""a0bc6f6fc7a29a80017a433e8f03a1cc1236e838a944a2d034295a60c4f2fddb"", ""processor_config.json"": ""edb8dd5001f02dd3a488fd63d664fcdc5514c4a93962bf1be534a0acf6e2c714"", ""tokenizer.json"": ""ff8cce547abc110590d19c6b5b6e0c6a7b4c8d1012d78b9c42131bae7f494a02"", ""tokenizer_config.json"": ""5afec58078ec072cdc9ad190a63c8657f9c47ec71068ff9c77423f1ea0422364""}",,7f29cebb9d06eca06ad0d6c690e4d5a083b71a9c42008f88e92474e3ff0eb98a,eb4075c77285da02c52794154760fa969fb21ab3dcceb0820cb7d2ba27d27471,http://images.cocodataset.org/train2017/000000281111.jpg,http://images.cocodataset.org/train2017/000000281111.jpg,,http://images.cocodataset.org/train2017/000000281111.jpg,sorev,tier_b_v0.1,"{""axis"": ""semantic"", ""law"": ""stability_law"", ""note"": ""symmetric relation; subject/object reversal keeps truth"", ""relation"": ""alongside"", ""transform"": ""sorev""}",,"{""do_sample"": false, ""max_new_tokens"": 5}",tier_b_tierb_pilot200,a4375a7c362690ef91f9db40f949558d1a160b30,v0.1
vsr_test:0046,vsr_test:0046,test,sorev,semantic,The car is near the fire hydrant,The fire hydrant is near the car.,near,proximity,fire hydrant,car,False,False,stability_law,False,True, False.,Qwen/Qwen2-VL-7B-Instruct,,7B_hardneg_lora,/home/ubuntu/vlm-spatial-reasoning/checkpoints/qwen2vl_7b_hardneg_lora/final,"{""README.md"": ""ad67fbd14e29a7dae114b54d70c840eab4d917c7d4bbce31d8e923429325d12b"", ""adapter_config.json"": ""9c868e731d9e1e45f0f114c79b1eeca3c96b1d0d3a8f5f93d9ff5a73d690a9df"", ""adapter_model.safetensors"": ""aaad7a39d905ddffc323d02d3beb78717388f29dc19488b91eb5218f4814b697"", ""chat_template.jinja"": ""a0bc6f6fc7a29a80017a433e8f03a1cc1236e838a944a2d034295a60c4f2fddb"", ""processor_config.json"": ""edb8dd5001f02dd3a488fd63d664fcdc5514c4a93962bf1be534a0acf6e2c714"", ""tokenizer.json"": ""ff8cce547abc110590d19c6b5b6e0c6a7b4c8d1012d78b9c42131bae7f494a02"", ""tokenizer_config.json"": ""5afec58078ec072cdc9ad190a63c8657f9c47ec71068ff9c77423f1ea0422364""}",,7f29cebb9d06eca06ad0d6c690e4d5a083b71a9c42008f88e92474e3ff0eb98a,eb4075c77285da02c52794154760fa969fb21ab3dcceb0820cb7d2ba27d27471,http://images.cocodataset.org/train2017/000000035814.jpg,http://images.cocodataset.org/train2017/000000035814.jpg,,http://images.cocodataset.org/train2017/000000035814.jpg,sorev,tier_b_v0.1,"{""axis"": ""semantic"", ""law"": ""stability_law"", ""note"": ""symmetric relation; subject/object reversal keeps truth"", ""relation"": ""near"", ""transform"": ""sorev""}",,"{""do_sample"": false, ""max_new_tokens"": 5}",tier_b_tierb_pilot200,a4375a7c362690ef91f9db40f949558d1a160b30,v0.1
vsr_test:0054,vsr_test:0054,test,sorev,semantic,The person is beside the bed,The bed is beside the person.,beside,horizontal,bed,person,True,True,stability_law,False,False, False.,Qwen/Qwen2-VL-7B-Instruct,,7B_hardneg_lora,/home/ubuntu/vlm-spatial-reasoning/checkpoints/qwen2vl_7b_hardneg_lora/final,"{""README.md"": ""ad67fbd14e29a7dae114b54d70c840eab4d917c7d4bbce31d8e923429325d12b"", ""adapter_config.json"": ""9c868e731d9e1e45f0f114c79b1eeca3c96b1d0d3a8f5f93d9ff5a73d690a9df"", ""adapter_model.safetensors"": ""aaad7a39d905ddffc323d02d3beb78717388f29dc19488b91eb5218f4814b697"", ""chat_template.jinja"": ""a0bc6f6fc7a29a80017a433e8f03a1cc1236e838a944a2d034295a60c4f2fddb"", ""processor_config.json"": ""edb8dd5001f02dd3a488fd63d664fcdc5514c4a93962bf1be534a0acf6e2c714"", ""tokenizer.json"": ""ff8cce547abc110590d19c6b5b6e0c6a7b4c8d1012d78b9c42131bae7f494a02"", ""tokenizer_config.json"": ""5afec58078ec072cdc9ad190a63c8657f9c47ec71068ff9c77423f1ea0422364""}",,7f29cebb9d06eca06ad0d6c690e4d5a083b71a9c42008f88e92474e3ff0eb98a,eb4075c77285da02c52794154760fa969fb21ab3dcceb0820cb7d2ba27d27471,http://images.cocodataset.org/train2017/000000160890.jpg,http://images.cocodataset.org/train2017/000000160890.jpg,,http://images.cocodataset.org/train2017/000000160890.jpg,sorev,tier_b_v0.1,"{""axis"": ""semantic"", ""law"": ""stability_law"", ""note"": ""symmetric relation; subject/object reversal keeps truth"", ""relation"": ""beside"", ""transform"": ""sorev""}",,"{""do_sample"": false, ""max_new_tokens"": 5}",tier_b_tierb_pilot200,a4375a7c362690ef91f9db40f949558d1a160b30,v0.1
vsr_test:0055,vsr_test:0055,test,sorev,semantic,The stop sign is far away from the car,The car is far away from the stop sign.,far away from,proximity,car,stop sign,True,True,stability_law,False,False, False.,Qwen/Qwen2-VL-7B-Instruct,,7B_hardneg_lora,/home/ubuntu/vlm-spatial-reasoning/checkpoints/qwen2vl_7b_hardneg_lora/final,"{""README.md"": ""ad67fbd14e29a7dae114b54d70c840eab4d917c7d4bbce31d8e923429325d12b"", ""adapter_config.json"": ""9c868e731d9e1e45f0f114c79b1eeca3c96b1d0d3a8f5f93d9ff5a73d690a9df"", ""adapter_model.safetensors"": ""aaad7a39d905ddffc323d02d3beb78717388f29dc19488b91eb5218f4814b697"", ""chat_template.jinja"": ""a0bc6f6fc7a29a80017a433e8f03a1cc1236e838a944a2d034295a60c4f2fddb"", ""processor_config.json"": ""edb8dd5001f02dd3a488fd63d664fcdc5514c4a93962bf1be534a0acf6e2c714"", ""tokenizer.json"": ""ff8cce547abc110590d19c6b5b6e0c6a7b4c8d1012d78b9c42131bae7f494a02"", ""tokenizer_config.json"": ""5afec58078ec072cdc9ad190a63c8657f9c47ec71068ff9c77423f1ea0422364""}",,7f29cebb9d06eca06ad0d6c690e4d5a083b71a9c42008f88e92474e3ff0eb98a,eb4075c77285da02c52794154760fa969fb21ab3dcceb0820cb7d2ba27d27471,http://images.cocodataset.org/val2017/000000283038.jpg,http://images.cocodataset.org/val2017/000000283038.jpg,,http://images.cocodataset.org/val2017/000000283038.jpg,sorev,tier_b_v0.1,"{""axis"": ""semantic"", ""law"": ""stability_law"", ""note"": ""symmetric relation; subject/object reversal keeps truth"", ""relation"": ""far away from"", ""transform"": ""sorev""}",,"{""do_sample"": false, ""max_new_tokens"": 5}",tier_b_tierb_pilot200,a4375a7c362690ef91f9db40f949558d1a160b30,v0.1
vsr_test:0060,vsr_test:0060,test,sorev,semantic,The cat is far from the suitcase,The suitcase is far from the cat.,far from,proximity,suitcase,cat,False,False,stability_law,False,True, False.,Qwen/Qwen2-VL-7B-Instruct,,7B_hardneg_lora,/home/ubuntu/vlm-spatial-reasoning/checkpoints/qwen2vl_7b_hardneg_lora/final,"{""README.md"": ""ad67fbd14e29a7dae114b54d70c840eab4d917c7d4bbce31d8e923429325d12b"", ""adapter_config.json"": ""9c868e731d9e1e45f0f114c79b1eeca3c96b1d0d3a8f5f93d9ff5a73d690a9df"", ""adapter_model.safetensors"": ""aaad7a39d905ddffc323d02d3beb78717388f29dc19488b91eb5218f4814b697"", ""chat_template.jinja"": ""a0bc6f6fc7a29a80017a433e8f03a1cc1236e838a944a2d034295a60c4f2fddb"", ""processor_config.json"": ""edb8dd5001f02dd3a488fd63d664fcdc5514c4a93962bf1be534a0acf6e2c714"", ""tokenizer.json"": ""ff8cce547abc110590d19c6b5b6e0c6a7b4c8d1012d78b9c42131bae7f494a02"", ""tokenizer_config.json"": ""5afec58078ec072cdc9ad190a63c8657f9c47ec71068ff9c77423f1ea0422364""}",,7f29cebb9d06eca06ad0d6c690e4d5a083b71a9c42008f88e92474e3ff0eb98a,eb4075c77285da02c52794154760fa969fb21ab3dcceb0820cb7d2ba27d27471,http://images.cocodataset.org/train2017/000000067307.jpg,http://images.cocodataset.org/train2017/000000067307.jpg,,http://images.cocodataset.org/train2017/000000067307.jpg,sorev,tier_b_v0.1,"{""axis"": ""semantic"", ""law"": ""stability_law"", ""note"": ""symmetric relation; subject/object reversal keeps truth"", ""relation"": ""far from"", ""transform"": ""sorev""}",,"{""do_sample"": false, ""max_new_tokens"": 5}",tier_b_tierb_pilot200,a4375a7c362690ef91f9db40f949558d1a160b30,v0.1
vsr_test:0063,vsr_test:0063,test,sorev,semantic,The dining table is touching the bench,The bench is touching the dining table.,touching,topology_contact,bench,dining table,False,False,stability_law,False,True, False.,Qwen/Qwen2-VL-7B-Instruct,,7B_hardneg_lora,/home/ubuntu/vlm-spatial-reasoning/checkpoints/qwen2vl_7b_hardneg_lora/final,"{""README.md"": ""ad67fbd14e29a7dae114b54d70c840eab4d917c7d4bbce31d8e923429325d12b"", ""adapter_config.json"": ""9c868e731d9e1e45f0f114c79b1eeca3c96b1d0d3a8f5f93d9ff5a73d690a9df"", ""adapter_model.safetensors"": ""aaad7a39d905ddffc323d02d3beb78717388f29dc19488b91eb5218f4814b697"", ""chat_template.jinja"": ""a0bc6f6fc7a29a80017a433e8f03a1cc1236e838a944a2d034295a60c4f2fddb"", ""processor_config.json"": ""edb8dd5001f02dd3a488fd63d664fcdc5514c4a93962bf1be534a0acf6e2c714"", ""tokenizer.json"": ""ff8cce547abc110590d19c6b5b6e0c6a7b4c8d1012d78b9c42131bae7f494a02"", ""tokenizer_config.json"": ""5afec58078ec072cdc9ad190a63c8657f9c47ec71068ff9c77423f1ea0422364""}",,7f29cebb9d06eca06ad0d6c690e4d5a083b71a9c42008f88e92474e3ff0eb98a,eb4075c77285da02c52794154760fa969fb21ab3dcceb0820cb7d2ba27d27471,http://images.cocodataset.org/train2017/000000462023.jpg,http://images.cocodataset.org/train2017/000000462023.jpg,,http://images.cocodataset.org/train2017/000000462023.jpg,sorev,tier_b_v0.1,"{""axis"": ""semantic"", ""law"": ""stability_law"", ""note"": ""symmetric relation; subject/object reversal keeps truth"", ""relation"": ""touching"", ""transform"": ""sorev""}",,"{""do_sample"": false, ""max_new_tokens"": 5}",tier_b_tierb_pilot200,a4375a7c362690ef91f9db40f949558d1a160b30,v0.1
vsr_test:0066,vsr_test:0066,test,sorev,semantic,The pizza is touching the person,The person is touching the pizza.,touching,topology_contact,person,pizza,False,False,stability_law,False,True, False.,Qwen/Qwen2-VL-7B-Instruct,,7B_hardneg_lora,/home/ubuntu/vlm-spatial-reasoning/checkpoints/qwen2vl_7b_hardneg_lora/final,"{""README.md"": ""ad67fbd14e29a7dae114b54d70c840eab4d917c7d4bbce31d8e923429325d12b"", ""adapter_config.json"": ""9c868e731d9e1e45f0f114c79b1eeca3c96b1d0d3a8f5f93d9ff5a73d690a9df"", ""adapter_model.safetensors"": ""aaad7a39d905ddffc323d02d3beb78717388f29dc19488b91eb5218f4814b697"", ""chat_template.jinja"": ""a0bc6f6fc7a29a80017a433e8f03a1cc1236e838a944a2d034295a60c4f2fddb"", ""processor_config.json"": ""edb8dd5001f02dd3a488fd63d664fcdc5514c4a93962bf1be534a0acf6e2c714"", ""tokenizer.json"": ""ff8cce547abc110590d19c6b5b6e0c6a7b4c8d1012d78b9c42131bae7f494a02"", ""tokenizer_config.json"": ""5afec58078ec072cdc9ad190a63c8657f9c47ec71068ff9c77423f1ea0422364""}",,7f29cebb9d06eca06ad0d6c690e4d5a083b71a9c42008f88e92474e3ff0eb98a,eb4075c77285da02c52794154760fa969fb21ab3dcceb0820cb7d2ba27d27471,http://images.cocodataset.org/train2017/000000144641.jpg,http://images.cocodataset.org/train2017/000000144641.jpg,,http://images.cocodataset.org/train2017/000000144641.jpg,sorev,tier_b_v0.1,"{""axis"": ""semantic"", ""law"": ""stability_law"", ""note"": ""symmetric relation; subject/object reversal keeps truth"", ""relation"": ""touching"", ""transform"": ""sorev""}",,"{""do_sample"": false, ""max_new_tokens"": 5}",tier_b_tierb_pilot200,a4375a7c362690ef91f9db40f949558d1a160b30,v0.1
vsr_test:0070,vsr_test:0070,test,sorev,semantic,The hot dog is touching the person,The person is touching the hot dog.,touching,topology_contact,person,hot dog,True,True,stability_law,True,True, True,Qwen/Qwen2-VL-7B-Instruct,,7B_hardneg_lora,/home/ubuntu/vlm-spatial-reasoning/checkpoints/qwen2vl_7b_hardneg_lora/final,"{""README.md"": ""ad67fbd14e29a7dae114b54d70c840eab4d917c7d4bbce31d8e923429325d12b"", ""adapter_config.json"": ""9c868e731d9e1e45f0f114c79b1eeca3c96b1d0d3a8f5f93d9ff5a73d690a9df"", ""adapter_model.safetensors"": ""aaad7a39d905ddffc323d02d3beb78717388f29dc19488b91eb5218f4814b697"", ""chat_template.jinja"": ""a0bc6f6fc7a29a80017a433e8f03a1cc1236e838a944a2d034295a60c4f2fddb"", ""processor_config.json"": ""edb8dd5001f02dd3a488fd63d664fcdc5514c4a93962bf1be534a0acf6e2c714"", ""tokenizer.json"": ""ff8cce547abc110590d19c6b5b6e0c6a7b4c8d1012d78b9c42131bae7f494a02"", ""tokenizer_config.json"": ""5afec58078ec072cdc9ad190a63c8657f9c47ec71068ff9c77423f1ea0422364""}",,7f29cebb9d06eca06ad0d6c690e4d5a083b71a9c42008f88e92474e3ff0eb98a,eb4075c77285da02c52794154760fa969fb21ab3dcceb0820cb7d2ba27d27471,http://images.cocodataset.org/train2017/000000325473.jpg,http://images.cocodataset.org/train2017/000000325473.jpg,,http://images.cocodataset.org/train2017/000000325473.jpg,sorev,tier_b_v0.1,"{""axis"": ""semantic"", ""law"": ""stability_law"", ""note"": ""symmetric relation; subject/object reversal keeps truth"", ""relation"": ""touching"", ""transform"": ""sorev""}",,"{""do_sample"": false, ""max_new_tokens"": 5}",tier_b_tierb_pilot200,a4375a7c362690ef91f9db40f949558d1a160b30,v0.1
vsr_test:0071,vsr_test:0071,test,sorev,semantic,The bowl is beside the broccoli,The broccoli is beside the bowl.,beside,horizontal,broccoli,bowl,False,False,stability_law,False,True, False.,Qwen/Qwen2-VL-7B-Instruct,,7B_hardneg_lora,/home/ubuntu/vlm-spatial-reasoning/checkpoints/qwen2vl_7b_hardneg_lora/final,"{""README.md"": ""ad67fbd14e29a7dae114b54d70c840eab4d917c7d4bbce31d8e923429325d12b"", ""adapter_config.json"": ""9c868e731d9e1e45f0f114c79b1eeca3c96b1d0d3a8f5f93d9ff5a73d690a9df"", ""adapter_model.safetensors"": ""aaad7a39d905ddffc323d02d3beb78717388f29dc19488b91eb5218f4814b697"", ""chat_template.jinja"": ""a0bc6f6fc7a29a80017a433e8f03a1cc1236e838a944a2d034295a60c4f2fddb"", ""processor_config.json"": ""edb8dd5001f02dd3a488fd63d664fcdc5514c4a93962bf1be534a0acf6e2c714"", ""tokenizer.json"": ""ff8cce547abc110590d19c6b5b6e0c6a7b4c8d1012d78b9c42131bae7f494a02"", ""tokenizer_config.json"": ""5afec58078ec072cdc9ad190a63c8657f9c47ec71068ff9c77423f1ea0422364""}",,7f29cebb9d06eca06ad0d6c690e4d5a083b71a9c42008f88e92474e3ff0eb98a,eb4075c77285da02c52794154760fa969fb21ab3dcceb0820cb7d2ba27d27471,http://images.cocodataset.org/train2017/000000355881.jpg,http://images.cocodataset.org/train2017/000000355881.jpg,,http://images.cocodataset.org/train2017/000000355881.jpg,sorev,tier_b_v0.1,"{""axis"": ""semantic"", ""law"": ""stability_law"", ""note"": ""symmetric relation; subject/object reversal keeps truth"", ""relation"": ""beside"", ""transform"": ""sorev""}",,"{""do_sample"": false, ""max_new_tokens"": 5}",tier_b_tierb_pilot200,a4375a7c362690ef91f9db40f949558d1a160b30,v0.1
vsr_test:0072,vsr_test:0072,test,sorev,semantic,The cat is touching the dog,The dog is touching the cat.,touching,topology_contact,dog,cat,True,True,stability_law,True,True, True.,Qwen/Qwen2-VL-7B-Instruct,,7B_hardneg_lora,/home/ubuntu/vlm-spatial-reasoning/checkpoints/qwen2vl_7b_hardneg_lora/final,"{""README.md"": ""ad67fbd14e29a7dae114b54d70c840eab4d917c7d4bbce31d8e923429325d12b"", ""adapter_config.json"": ""9c868e731d9e1e45f0f114c79b1eeca3c96b1d0d3a8f5f93d9ff5a73d690a9df"", ""adapter_model.safetensors"": ""aaad7a39d905ddffc323d02d3beb78717388f29dc19488b91eb5218f4814b697"", ""chat_template.jinja"": ""a0bc6f6fc7a29a80017a433e8f03a1cc1236e838a944a2d034295a60c4f2fddb"", ""processor_config.json"": ""edb8dd5001f02dd3a488fd63d664fcdc5514c4a93962bf1be534a0acf6e2c714"", ""tokenizer.json"": ""ff8cce547abc110590d19c6b5b6e0c6a7b4c8d1012d78b9c42131bae7f494a02"", ""tokenizer_config.json"": ""5afec58078ec072cdc9ad190a63c8657f9c47ec71068ff9c77423f1ea0422364""}",,7f29cebb9d06eca06ad0d6c690e4d5a083b71a9c42008f88e92474e3ff0eb98a,eb4075c77285da02c52794154760fa969fb21ab3dcceb0820cb7d2ba27d27471,http://images.cocodataset.org/train2017/000000456376.jpg,http://images.cocodataset.org/train2017/000000456376.jpg,,http://images.cocodataset.org/train2017/000000456376.jpg,sorev,tier_b_v0.1,"{""axis"": ""semantic"", ""law"": ""stability_law"", ""note"": ""symmetric relation; subject/object reversal keeps truth"", ""relation"": ""touching"", ""transform"": ""sorev""}",,"{""do_sample"": false, ""max_new_tokens"": 5}",tier_b_tierb_pilot200,a4375a7c362690ef91f9db40f949558d1a160b30,v0.1
vsr_test:0074,vsr_test:0074,test,sorev,semantic,The person is attached to the handbag,The handbag is attached to the person.,attached to,topology_contact,handbag,person,False,False,stability_law,True,False, True,Qwen/Qwen2-VL-7B-Instruct,,7B_hardneg_lora,/home/ubuntu/vlm-spatial-reasoning/checkpoints/qwen2vl_7b_hardneg_lora/final,"{""README.md"": ""ad67fbd14e29a7dae114b54d70c840eab4d917c7d4bbce31d8e923429325d12b"", ""adapter_config.json"": ""9c868e731d9e1e45f0f114c79b1eeca3c96b1d0d3a8f5f93d9ff5a73d690a9df"", ""adapter_model.safetensors"": ""aaad7a39d905ddffc323d02d3beb78717388f29dc19488b91eb5218f4814b697"", ""chat_template.jinja"": ""a0bc6f6fc7a29a80017a433e8f03a1cc1236e838a944a2d034295a60c4f2fddb"", ""processor_config.json"": ""edb8dd5001f02dd3a488fd63d664fcdc5514c4a93962bf1be534a0acf6e2c714"", ""tokenizer.json"": ""ff8cce547abc110590d19c6b5b6e0c6a7b4c8d1012d78b9c42131bae7f494a02"", ""tokenizer_config.json"": ""5afec58078ec072cdc9ad190a63c8657f9c47ec71068ff9c77423f1ea0422364""}",,7f29cebb9d06eca06ad0d6c690e4d5a083b71a9c42008f88e92474e3ff0eb98a,eb4075c77285da02c52794154760fa969fb21ab3dcceb0820cb7d2ba27d27471,http://images.cocodataset.org/train2017/000000398305.jpg,http://images.cocodataset.org/train2017/000000398305.jpg,,http://images.cocodataset.org/train2017/000000398305.jpg,sorev,tier_b_v0.1,"{""axis"": ""semantic"", ""law"": ""stability_law"", ""note"": ""symmetric relation; subject/object reversal keeps truth"", ""relation"": ""attached to"", ""transform"": ""sorev""}",,"{""do_sample"": false, ""max_new_tokens"": 5}",tier_b_tierb_pilot200,a4375a7c362690ef91f9db40f949558d1a160b30,v0.1
vsr_test:0077,vsr_test:0077,test,sorev,semantic,The sink is beside the handbag,The handbag is beside the sink.,beside,horizontal,handbag,sink,True,True,stability_law,True,True, True.,Qwen/Qwen2-VL-7B-Instruct,,7B_hardneg_lora,/home/ubuntu/vlm-spatial-reasoning/checkpoints/qwen2vl_7b_hardneg_lora/final,"{""README.md"": ""ad67fbd14e29a7dae114b54d70c840eab4d917c7d4bbce31d8e923429325d12b"", ""adapter_config.json"": ""9c868e731d9e1e45f0f114c79b1eeca3c96b1d0d3a8f5f93d9ff5a73d690a9df"", ""adapter_model.safetensors"": ""aaad7a39d905ddffc323d02d3beb78717388f29dc19488b91eb5218f4814b697"", ""chat_template.jinja"": ""a0bc6f6fc7a29a80017a433e8f03a1cc1236e838a944a2d034295a60c4f2fddb"", ""processor_config.json"": ""edb8dd5001f02dd3a488fd63d664fcdc5514c4a93962bf1be534a0acf6e2c714"", ""tokenizer.json"": ""ff8cce547abc110590d19c6b5b6e0c6a7b4c8d1012d78b9c42131bae7f494a02"", ""tokenizer_config.json"": ""5afec58078ec072cdc9ad190a63c8657f9c47ec71068ff9c77423f1ea0422364""}",,7f29cebb9d06eca06ad0d6c690e4d5a083b71a9c42008f88e92474e3ff0eb98a,eb4075c77285da02c52794154760fa969fb21ab3dcceb0820cb7d2ba27d27471,http://images.cocodataset.org/train2017/000000022656.jpg,http://images.cocodataset.org/train2017/000000022656.jpg,,http://images.cocodataset.org/train2017/000000022656.jpg,sorev,tier_b_v0.1,"{""axis"": ""semantic"", ""law"": ""stability_law"", ""note"": ""symmetric relation; subject/object reversal keeps truth"", ""relation"": ""beside"", ""transform"": ""sorev""}",,"{""do_sample"": false, ""max_new_tokens"": 5}",tier_b_tierb_pilot200,a4375a7c362690ef91f9db40f949558d1a160b30,v0.1
vsr_test:0078,vsr_test:0078,test,sorev,semantic,The teddy bear is far from the bench,The bench is far from the teddy bear.,far from,proximity,bench,teddy bear,True,True,stability_law,True,True, True,Qwen/Qwen2-VL-7B-Instruct,,7B_hardneg_lora,/home/ubuntu/vlm-spatial-reasoning/checkpoints/qwen2vl_7b_hardneg_lora/final,"{""README.md"": ""ad67fbd14e29a7dae114b54d70c840eab4d917c7d4bbce31d8e923429325d12b"", ""adapter_config.json"": ""9c868e731d9e1e45f0f114c79b1eeca3c96b1d0d3a8f5f93d9ff5a73d690a9df"", ""adapter_model.safetensors"": ""aaad7a39d905ddffc323d02d3beb78717388f29dc19488b91eb5218f4814b697"", ""chat_template.jinja"": ""a0bc6f6fc7a29a80017a433e8f03a1cc1236e838a944a2d034295a60c4f2fddb"", ""processor_config.json"": ""edb8dd5001f02dd3a488fd63d664fcdc5514c4a93962bf1be534a0acf6e2c714"", ""tokenizer.json"": ""ff8cce547abc110590d19c6b5b6e0c6a7b4c8d1012d78b9c42131bae7f494a02"", ""tokenizer_config.json"": ""5afec58078ec072cdc9ad190a63c8657f9c47ec71068ff9c77423f1ea0422364""}",,7f29cebb9d06eca06ad0d6c690e4d5a083b71a9c42008f88e92474e3ff0eb98a,eb4075c77285da02c52794154760fa969fb21ab3dcceb0820cb7d2ba27d27471,http://images.cocodataset.org/train2017/000000306749.jpg,http://images.cocodataset.org/train2017/000000306749.jpg,,http://images.cocodataset.org/train2017/000000306749.jpg,sorev,tier_b_v0.1,"{""axis"": ""semantic"", ""law"": ""stability_law"", ""note"": ""symmetric relation; subject/object reversal keeps truth"", ""relation"": ""far from"", ""transform"": ""sorev""}",,"{""do_sample"": false, ""max_new_tokens"": 5}",tier_b_tierb_pilot200,a4375a7c362690ef91f9db40f949558d1a160b30,v0.1
vsr_test:0087,vsr_test:0087,test,sorev,semantic,The train is far away from the bus,The bus is far away from the train.,far away from,proximity,bus,train,False,False,stability_law,False,True, False.,Qwen/Qwen2-VL-7B-Instruct,,7B_hardneg_lora,/home/ubuntu/vlm-spatial-reasoning/checkpoints/qwen2vl_7b_hardneg_lora/final,"{""README.md"": ""ad67fbd14e29a7dae114b54d70c840eab4d917c7d4bbce31d8e923429325d12b"", ""adapter_config.json"": ""9c868e731d9e1e45f0f114c79b1eeca3c96b1d0d3a8f5f93d9ff5a73d690a9df"", ""adapter_model.safetensors"": ""aaad7a39d905ddffc323d02d3beb78717388f29dc19488b91eb5218f4814b697"", ""chat_template.jinja"": ""a0bc6f6fc7a29a80017a433e8f03a1cc1236e838a944a2d034295a60c4f2fddb"", ""processor_config.json"": ""edb8dd5001f02dd3a488fd63d664fcdc5514c4a93962bf1be534a0acf6e2c714"", ""tokenizer.json"": ""ff8cce547abc110590d19c6b5b6e0c6a7b4c8d1012d78b9c42131bae7f494a02"", ""tokenizer_config.json"": ""5afec58078ec072cdc9ad190a63c8657f9c47ec71068ff9c77423f1ea0422364""}",,7f29cebb9d06eca06ad0d6c690e4d5a083b71a9c42008f88e92474e3ff0eb98a,eb4075c77285da02c52794154760fa969fb21ab3dcceb0820cb7d2ba27d27471,http://images.cocodataset.org/train2017/000000434867.jpg,http://images.cocodataset.org/train2017/000000434867.jpg,,http://images.cocodataset.org/train2017/000000434867.jpg,sorev,tier_b_v0.1,"{""axis"": ""semantic"", ""law"": ""stability_law"", ""note"": ""symmetric relation; subject/object reversal keeps truth"", ""relation"": ""far away from"", ""transform"": ""sorev""}",,"{""do_sample"": false, ""max_new_tokens"": 5}",tier_b_tierb_pilot200,a4375a7c362690ef91f9db40f949558d1a160b30,v0.1
vsr_test:0090,vsr_test:0090,test,sorev,semantic,The dining table is touching the person,The person is touching the dining table.,touching,topology_contact,person,dining table,False,False,stability_law,False,True, False.,Qwen/Qwen2-VL-7B-Instruct,,7B_hardneg_lora,/home/ubuntu/vlm-spatial-reasoning/checkpoints/qwen2vl_7b_hardneg_lora/final,"{""README.md"": ""ad67fbd14e29a7dae114b54d70c840eab4d917c7d4bbce31d8e923429325d12b"", ""adapter_config.json"": ""9c868e731d9e1e45f0f114c79b1eeca3c96b1d0d3a8f5f93d9ff5a73d690a9df"", ""adapter_model.safetensors"": ""aaad7a39d905ddffc323d02d3beb78717388f29dc19488b91eb5218f4814b697"", ""chat_template.jinja"": ""a0bc6f6fc7a29a80017a433e8f03a1cc1236e838a944a2d034295a60c4f2fddb"", ""processor_config.json"": ""edb8dd5001f02dd3a488fd63d664fcdc5514c4a93962bf1be534a0acf6e2c714"", ""tokenizer.json"": ""ff8cce547abc110590d19c6b5b6e0c6a7b4c8d1012d78b9c42131bae7f494a02"", ""tokenizer_config.json"": ""5afec58078ec072cdc9ad190a63c8657f9c47ec71068ff9c77423f1ea0422364""}",,7f29cebb9d06eca06ad0d6c690e4d5a083b71a9c42008f88e92474e3ff0eb98a,eb4075c77285da02c52794154760fa969fb21ab3dcceb0820cb7d2ba27d27471,http://images.cocodataset.org/train2017/000000243970.jpg,http://images.cocodataset.org/train2017/000000243970.jpg,,http://images.cocodataset.org/train2017/000000243970.jpg,sorev,tier_b_v0.1,"{""axis"": ""semantic"", ""law"": ""stability_law"", ""note"": ""symmetric relation; subject/object reversal keeps truth"", ""relation"": ""touching"", ""transform"": ""sorev""}",,"{""do_sample"": false, ""max_new_tokens"": 5}",tier_b_tierb_pilot200,a4375a7c362690ef91f9db40f949558d1a160b30,v0.1
vsr_test:0096,vsr_test:0096,test,sorev,semantic,The bed is away from the backpack,The backpack is away from the bed.,away from,proximity,backpack,bed,False,False,stability_law,False,True, False.,Qwen/Qwen2-VL-7B-Instruct,,7B_hardneg_lora,/home/ubuntu/vlm-spatial-reasoning/checkpoints/qwen2vl_7b_hardneg_lora/final,"{""README.md"": ""ad67fbd14e29a7dae114b54d70c840eab4d917c7d4bbce31d8e923429325d12b"", ""adapter_config.json"": ""9c868e731d9e1e45f0f114c79b1eeca3c96b1d0d3a8f5f93d9ff5a73d690a9df"", ""adapter_model.safetensors"": ""aaad7a39d905ddffc323d02d3beb78717388f29dc19488b91eb5218f4814b697"", ""chat_template.jinja"": ""a0bc6f6fc7a29a80017a433e8f03a1cc1236e838a944a2d034295a60c4f2fddb"", ""processor_config.json"": ""edb8dd5001f02dd3a488fd63d664fcdc5514c4a93962bf1be534a0acf6e2c714"", ""tokenizer.json"": ""ff8cce547abc110590d19c6b5b6e0c6a7b4c8d1012d78b9c42131bae7f494a02"", ""tokenizer_config.json"": ""5afec58078ec072cdc9ad190a63c8657f9c47ec71068ff9c77423f1ea0422364""}",,7f29cebb9d06eca06ad0d6c690e4d5a083b71a9c42008f88e92474e3ff0eb98a,eb4075c77285da02c52794154760fa969fb21ab3dcceb0820cb7d2ba27d27471,http://images.cocodataset.org/train2017/000000296696.jpg,http://images.cocodataset.org/train2017/000000296696.jpg,,http://images.cocodataset.org/train2017/000000296696.jpg,sorev,tier_b_v0.1,"{""axis"": ""semantic"", ""law"": ""stability_law"", ""note"": ""symmetric relation; subject/object reversal keeps truth"", ""relation"": ""away from"", ""transform"": ""sorev""}",,"{""do_sample"": false, ""max_new_tokens"": 5}",tier_b_tierb_pilot200,a4375a7c362690ef91f9db40f949558d1a160b30,v0.1
vsr_test:0099,vsr_test:0099,test,sorev,semantic,The cat is beside the suitcase,The suitcase is beside the cat.,beside,horizontal,suitcase,cat,True,True,stability_law,False,False, False.,Qwen/Qwen2-VL-7B-Instruct,,7B_hardneg_lora,/home/ubuntu/vlm-spatial-reasoning/checkpoints/qwen2vl_7b_hardneg_lora/final,"{""README.md"": ""ad67fbd14e29a7dae114b54d70c840eab4d917c7d4bbce31d8e923429325d12b"", ""adapter_config.json"": ""9c868e731d9e1e45f0f114c79b1eeca3c96b1d0d3a8f5f93d9ff5a73d690a9df"", ""adapter_model.safetensors"": ""aaad7a39d905ddffc323d02d3beb78717388f29dc19488b91eb5218f4814b697"", ""chat_template.jinja"": ""a0bc6f6fc7a29a80017a433e8f03a1cc1236e838a944a2d034295a60c4f2fddb"", ""processor_config.json"": ""edb8dd5001f02dd3a488fd63d664fcdc5514c4a93962bf1be534a0acf6e2c714"", ""tokenizer.json"": ""ff8cce547abc110590d19c6b5b6e0c6a7b4c8d1012d78b9c42131bae7f494a02"", ""tokenizer_config.json"": ""5afec58078ec072cdc9ad190a63c8657f9c47ec71068ff9c77423f1ea0422364""}",,7f29cebb9d06eca06ad0d6c690e4d5a083b71a9c42008f88e92474e3ff0eb98a,eb4075c77285da02c52794154760fa969fb21ab3dcceb0820cb7d2ba27d27471,http://images.cocodataset.org/train2017/000000468951.jpg,http://images.cocodataset.org/train2017/000000468951.jpg,,http://images.cocodataset.org/train2017/000000468951.jpg,sorev,tier_b_v0.1,"{""axis"": ""semantic"", ""law"": ""stability_law"", ""note"": ""symmetric relation; subject/object reversal keeps truth"", ""relation"": ""beside"", ""transform"": ""sorev""}",,"{""do_sample"": false, ""max_new_tokens"": 5}",tier_b_tierb_pilot200,a4375a7c362690ef91f9db40f949558d1a160b30,v0.1
vsr_test:0100,vsr_test:0100,test,sorev,semantic,The cat is beside the book,The book is beside the cat.,beside,horizontal,book,cat,True,True,stability_law,True,True, True,Qwen/Qwen2-VL-7B-Instruct,,7B_hardneg_lora,/home/ubuntu/vlm-spatial-reasoning/checkpoints/qwen2vl_7b_hardneg_lora/final,"{""README.md"": ""ad67fbd14e29a7dae114b54d70c840eab4d917c7d4bbce31d8e923429325d12b"", ""adapter_config.json"": ""9c868e731d9e1e45f0f114c79b1eeca3c96b1d0d3a8f5f93d9ff5a73d690a9df"", ""adapter_model.safetensors"": ""aaad7a39d905ddffc323d02d3beb78717388f29dc19488b91eb5218f4814b697"", ""chat_template.jinja"": ""a0bc6f6fc7a29a80017a433e8f03a1cc1236e838a944a2d034295a60c4f2fddb"", ""processor_config.json"": ""edb8dd5001f02dd3a488fd63d664fcdc5514c4a93962bf1be534a0acf6e2c714"", ""tokenizer.json"": ""ff8cce547abc110590d19c6b5b6e0c6a7b4c8d1012d78b9c42131bae7f494a02"", ""tokenizer_config.json"": ""5afec58078ec072cdc9ad190a63c8657f9c47ec71068ff9c77423f1ea0422364""}",,7f29cebb9d06eca06ad0d6c690e4d5a083b71a9c42008f88e92474e3ff0eb98a,eb4075c77285da02c52794154760fa969fb21ab3dcceb0820cb7d2ba27d27471,http://images.cocodataset.org/train2017/000000403231.jpg,http://images.cocodataset.org/train2017/000000403231.jpg,,http://images.cocodataset.org/train2017/000000403231.jpg,sorev,tier_b_v0.1,"{""axis"": ""semantic"", ""law"": ""stability_law"", ""note"": ""symmetric relation; subject/object reversal keeps truth"", ""relation"": ""beside"", ""transform"": ""sorev""}",,"{""do_sample"": false, ""max_new_tokens"": 5}",tier_b_tierb_pilot200,a4375a7c362690ef91f9db40f949558d1a160b30,v0.1
vsr_test:0103,vsr_test:0103,test,sorev,semantic,The dog is near the couch,The couch is near the dog.,near,proximity,couch,dog,True,True,stability_law,True,True, True,Qwen/Qwen2-VL-7B-Instruct,,7B_hardneg_lora,/home/ubuntu/vlm-spatial-reasoning/checkpoints/qwen2vl_7b_hardneg_lora/final,"{""README.md"": ""ad67fbd14e29a7dae114b54d70c840eab4d917c7d4bbce31d8e923429325d12b"", ""adapter_config.json"": ""9c868e731d9e1e45f0f114c79b1eeca3c96b1d0d3a8f5f93d9ff5a73d690a9df"", ""adapter_model.safetensors"": ""aaad7a39d905ddffc323d02d3beb78717388f29dc19488b91eb5218f4814b697"", ""chat_template.jinja"": ""a0bc6f6fc7a29a80017a433e8f03a1cc1236e838a944a2d034295a60c4f2fddb"", ""processor_config.json"": ""edb8dd5001f02dd3a488fd63d664fcdc5514c4a93962bf1be534a0acf6e2c714"", ""tokenizer.json"": ""ff8cce547abc110590d19c6b5b6e0c6a7b4c8d1012d78b9c42131bae7f494a02"", ""tokenizer_config.json"": ""5afec58078ec072cdc9ad190a63c8657f9c47ec71068ff9c77423f1ea0422364""}",,7f29cebb9d06eca06ad0d6c690e4d5a083b71a9c42008f88e92474e3ff0eb98a,eb4075c77285da02c52794154760fa969fb21ab3dcceb0820cb7d2ba27d27471,http://images.cocodataset.org/train2017/000000286480.jpg,http://images.cocodataset.org/train2017/000000286480.jpg,,http://images.cocodataset.org/train2017/000000286480.jpg,sorev,tier_b_v0.1,"{""axis"": ""semantic"", ""law"": ""stability_law"", ""note"": ""symmetric relation; subject/object reversal keeps truth"", ""relation"": ""near"", ""transform"": ""sorev""}",,"{""do_sample"": false, ""max_new_tokens"": 5}",tier_b_tierb_pilot200,a4375a7c362690ef91f9db40f949558d1a160b30,v0.1
vsr_test:0113,vsr_test:0113,test,sorev,semantic,The cat is touching the person,The person is touching the cat.,touching,topology_contact,person,cat,True,True,stability_law,True,True, True,Qwen/Qwen2-VL-7B-Instruct,,7B_hardneg_lora,/home/ubuntu/vlm-spatial-reasoning/checkpoints/qwen2vl_7b_hardneg_lora/final,"{""README.md"": ""ad67fbd14e29a7dae114b54d70c840eab4d917c7d4bbce31d8e923429325d12b"", ""adapter_config.json"": ""9c868e731d9e1e45f0f114c79b1eeca3c96b1d0d3a8f5f93d9ff5a73d690a9df"", ""adapter_model.safetensors"": ""aaad7a39d905ddffc323d02d3beb78717388f29dc19488b91eb5218f4814b697"", ""chat_template.jinja"": ""a0bc6f6fc7a29a80017a433e8f03a1cc1236e838a944a2d034295a60c4f2fddb"", ""processor_config.json"": ""edb8dd5001f02dd3a488fd63d664fcdc5514c4a93962bf1be534a0acf6e2c714"", ""tokenizer.json"": ""ff8cce547abc110590d19c6b5b6e0c6a7b4c8d1012d78b9c42131bae7f494a02"", ""tokenizer_config.json"": ""5afec58078ec072cdc9ad190a63c8657f9c47ec71068ff9c77423f1ea0422364""}",,7f29cebb9d06eca06ad0d6c690e4d5a083b71a9c42008f88e92474e3ff0eb98a,eb4075c77285da02c52794154760fa969fb21ab3dcceb0820cb7d2ba27d27471,http://images.cocodataset.org/train2017/000000101348.jpg,http://images.cocodataset.org/train2017/000000101348.jpg,,http://images.cocodataset.org/train2017/000000101348.jpg,sorev,tier_b_v0.1,"{""axis"": ""semantic"", ""law"": ""stability_law"", ""note"": ""symmetric relation; subject/object reversal keeps truth"", ""relation"": ""touching"", ""transform"": ""sorev""}",,"{""do_sample"": false, ""max_new_tokens"": 5}",tier_b_tierb_pilot200,a4375a7c362690ef91f9db40f949558d1a160b30,v0.1
vsr_test:0116,vsr_test:0116,test,sorev,semantic,The teddy bear is touching the person,The person is touching the teddy bear.,touching,topology_contact,person,teddy bear,True,True,stability_law,True,True, True,Qwen/Qwen2-VL-7B-Instruct,,7B_hardneg_lora,/home/ubuntu/vlm-spatial-reasoning/checkpoints/qwen2vl_7b_hardneg_lora/final,"{""README.md"": ""ad67fbd14e29a7dae114b54d70c840eab4d917c7d4bbce31d8e923429325d12b"", ""adapter_config.json"": ""9c868e731d9e1e45f0f114c79b1eeca3c96b1d0d3a8f5f93d9ff5a73d690a9df"", ""adapter_model.safetensors"": ""aaad7a39d905ddffc323d02d3beb78717388f29dc19488b91eb5218f4814b697"", ""chat_template.jinja"": ""a0bc6f6fc7a29a80017a433e8f03a1cc1236e838a944a2d034295a60c4f2fddb"", ""processor_config.json"": ""edb8dd5001f02dd3a488fd63d664fcdc5514c4a93962bf1be534a0acf6e2c714"", ""tokenizer.json"": ""ff8cce547abc110590d19c6b5b6e0c6a7b4c8d1012d78b9c42131bae7f494a02"", ""tokenizer_config.json"": ""5afec58078ec072cdc9ad190a63c8657f9c47ec71068ff9c77423f1ea0422364""}",,7f29cebb9d06eca06ad0d6c690e4d5a083b71a9c42008f88e92474e3ff0eb98a,eb4075c77285da02c52794154760fa969fb21ab3dcceb0820cb7d2ba27d27471,http://images.cocodataset.org/train2017/000000387358.jpg,http://images.cocodataset.org/train2017/000000387358.jpg,,http://images.cocodataset.org/train2017/000000387358.jpg,sorev,tier_b_v0.1,"{""axis"": ""semantic"", ""law"": ""stability_law"", ""note"": ""symmetric relation; subject/object reversal keeps truth"", ""relation"": ""touching"", ""transform"": ""sorev""}",,"{""do_sample"": false, ""max_new_tokens"": 5}",tier_b_tierb_pilot200,a4375a7c362690ef91f9db40f949558d1a160b30,v0.1
vsr_test:0120,vsr_test:0120,test,sorev,semantic,The laptop is alongside the cake,The cake is alongside the laptop.,alongside,horizontal,cake,laptop,True,True,stability_law,True,True, True,Qwen/Qwen2-VL-7B-Instruct,,7B_hardneg_lora,/home/ubuntu/vlm-spatial-reasoning/checkpoints/qwen2vl_7b_hardneg_lora/final,"{""README.md"": ""ad67fbd14e29a7dae114b54d70c840eab4d917c7d4bbce31d8e923429325d12b"", ""adapter_config.json"": ""9c868e731d9e1e45f0f114c79b1eeca3c96b1d0d3a8f5f93d9ff5a73d690a9df"", ""adapter_model.safetensors"": ""aaad7a39d905ddffc323d02d3beb78717388f29dc19488b91eb5218f4814b697"", ""chat_template.jinja"": ""a0bc6f6fc7a29a80017a433e8f03a1cc1236e838a944a2d034295a60c4f2fddb"", ""processor_config.json"": ""edb8dd5001f02dd3a488fd63d664fcdc5514c4a93962bf1be534a0acf6e2c714"", ""tokenizer.json"": ""ff8cce547abc110590d19c6b5b6e0c6a7b4c8d1012d78b9c42131bae7f494a02"", ""tokenizer_config.json"": ""5afec58078ec072cdc9ad190a63c8657f9c47ec71068ff9c77423f1ea0422364""}",,7f29cebb9d06eca06ad0d6c690e4d5a083b71a9c42008f88e92474e3ff0eb98a,eb4075c77285da02c52794154760fa969fb21ab3dcceb0820cb7d2ba27d27471,http://images.cocodataset.org/train2017/000000518592.jpg,http://images.cocodataset.org/train2017/000000518592.jpg,,http://images.cocodataset.org/train2017/000000518592.jpg,sorev,tier_b_v0.1,"{""axis"": ""semantic"", ""law"": ""stability_law"", ""note"": ""symmetric relation; subject/object reversal keeps truth"", ""relation"": ""alongside"", ""transform"": ""sorev""}",,"{""do_sample"": false, ""max_new_tokens"": 5}",tier_b_tierb_pilot200,a4375a7c362690ef91f9db40f949558d1a160b30,v0.1
vsr_test:0121,vsr_test:0121,test,sorev,semantic,The cat is touching the bed,The bed is touching the cat.,touching,topology_contact,bed,cat,True,True,stability_law,True,True, True,Qwen/Qwen2-VL-7B-Instruct,,7B_hardneg_lora,/home/ubuntu/vlm-spatial-reasoning/checkpoints/qwen2vl_7b_hardneg_lora/final,"{""README.md"": ""ad67fbd14e29a7dae114b54d70c840eab4d917c7d4bbce31d8e923429325d12b"", ""adapter_config.json"": ""9c868e731d9e1e45f0f114c79b1eeca3c96b1d0d3a8f5f93d9ff5a73d690a9df"", ""adapter_model.safetensors"": ""aaad7a39d905ddffc323d02d3beb78717388f29dc19488b91eb5218f4814b697"", ""chat_template.jinja"": ""a0bc6f6fc7a29a80017a433e8f03a1cc1236e838a944a2d034295a60c4f2fddb"", ""processor_config.json"": ""edb8dd5001f02dd3a488fd63d664fcdc5514c4a93962bf1be534a0acf6e2c714"", ""tokenizer.json"": ""ff8cce547abc110590d19c6b5b6e0c6a7b4c8d1012d78b9c42131bae7f494a02"", ""tokenizer_config.json"": ""5afec58078ec072cdc9ad190a63c8657f9c47ec71068ff9c77423f1ea0422364""}",,7f29cebb9d06eca06ad0d6c690e4d5a083b71a9c42008f88e92474e3ff0eb98a,eb4075c77285da02c52794154760fa969fb21ab3dcceb0820cb7d2ba27d27471,http://images.cocodataset.org/train2017/000000067995.jpg,http://images.cocodataset.org/train2017/000000067995.jpg,,http://images.cocodataset.org/train2017/000000067995.jpg,sorev,tier_b_v0.1,"{""axis"": ""semantic"", ""law"": ""stability_law"", ""note"": ""symmetric relation; subject/object reversal keeps truth"", ""relation"": ""touching"", ""transform"": ""sorev""}",,"{""do_sample"": false, ""max_new_tokens"": 5}",tier_b_tierb_pilot200,a4375a7c362690ef91f9db40f949558d1a160b30,v0.1
vsr_test:0122,vsr_test:0122,test,sorev,semantic,The boat is across from the tv,The tv is across from the boat.,across from,horizontal,tv,boat,True,True,stability_law,True,True, True.,Qwen/Qwen2-VL-7B-Instruct,,7B_hardneg_lora,/home/ubuntu/vlm-spatial-reasoning/checkpoints/qwen2vl_7b_hardneg_lora/final,"{""README.md"": ""ad67fbd14e29a7dae114b54d70c840eab4d917c7d4bbce31d8e923429325d12b"", ""adapter_config.json"": ""9c868e731d9e1e45f0f114c79b1eeca3c96b1d0d3a8f5f93d9ff5a73d690a9df"", ""adapter_model.safetensors"": ""aaad7a39d905ddffc323d02d3beb78717388f29dc19488b91eb5218f4814b697"", ""chat_template.jinja"": ""a0bc6f6fc7a29a80017a433e8f03a1cc1236e838a944a2d034295a60c4f2fddb"", ""processor_config.json"": ""edb8dd5001f02dd3a488fd63d664fcdc5514c4a93962bf1be534a0acf6e2c714"", ""tokenizer.json"": ""ff8cce547abc110590d19c6b5b6e0c6a7b4c8d1012d78b9c42131bae7f494a02"", ""tokenizer_config.json"": ""5afec58078ec072cdc9ad190a63c8657f9c47ec71068ff9c77423f1ea0422364""}",,7f29cebb9d06eca06ad0d6c690e4d5a083b71a9c42008f88e92474e3ff0eb98a,eb4075c77285da02c52794154760fa969fb21ab3dcceb0820cb7d2ba27d27471,http://images.cocodataset.org/train2017/000000024215.jpg,http://images.cocodataset.org/train2017/000000024215.jpg,,http://images.cocodataset.org/train2017/000000024215.jpg,sorev,tier_b_v0.1,"{""axis"": ""semantic"", ""law"": ""stability_law"", ""note"": ""symmetric relation; subject/object reversal keeps truth"", ""relation"": ""across from"", ""transform"": ""sorev""}",,"{""do_sample"": false, ""max_new_tokens"": 5}",tier_b_tierb_pilot200,a4375a7c362690ef91f9db40f949558d1a160b30,v0.1
vsr_test:0127,vsr_test:0127,test,sorev,semantic,The tv is close to the cat,The cat is close to the tv.,close to,proximity,cat,tv,False,False,stability_law,False,True, False.,Qwen/Qwen2-VL-7B-Instruct,,7B_hardneg_lora,/home/ubuntu/vlm-spatial-reasoning/checkpoints/qwen2vl_7b_hardneg_lora/final,"{""README.md"": ""ad67fbd14e29a7dae114b54d70c840eab4d917c7d4bbce31d8e923429325d12b"", ""adapter_config.json"": ""9c868e731d9e1e45f0f114c79b1eeca3c96b1d0d3a8f5f93d9ff5a73d690a9df"", ""adapter_model.safetensors"": ""aaad7a39d905ddffc323d02d3beb78717388f29dc19488b91eb5218f4814b697"", ""chat_template.jinja"": ""a0bc6f6fc7a29a80017a433e8f03a1cc1236e838a944a2d034295a60c4f2fddb"", ""processor_config.json"": ""edb8dd5001f02dd3a488fd63d664fcdc5514c4a93962bf1be534a0acf6e2c714"", ""tokenizer.json"": ""ff8cce547abc110590d19c6b5b6e0c6a7b4c8d1012d78b9c42131bae7f494a02"", ""tokenizer_config.json"": ""5afec58078ec072cdc9ad190a63c8657f9c47ec71068ff9c77423f1ea0422364""}",,7f29cebb9d06eca06ad0d6c690e4d5a083b71a9c42008f88e92474e3ff0eb98a,eb4075c77285da02c52794154760fa969fb21ab3dcceb0820cb7d2ba27d27471,http://images.cocodataset.org/train2017/000000004622.jpg,http://images.cocodataset.org/train2017/000000004622.jpg,,http://images.cocodataset.org/train2017/000000004622.jpg,sorev,tier_b_v0.1,"{""axis"": ""semantic"", ""law"": ""stability_law"", ""note"": ""symmetric relation; subject/object reversal keeps truth"", ""relation"": ""close to"", ""transform"": ""sorev""}",,"{""do_sample"": false, ""max_new_tokens"": 5}",tier_b_tierb_pilot200,a4375a7c362690ef91f9db40f949558d1a160b30,v0.1
vsr_test:0132,vsr_test:0132,test,sorev,semantic,The couch is against the person,The person is against the couch.,against,topology_contact,person,couch,True,True,stability_law,True,True, True.,Qwen/Qwen2-VL-7B-Instruct,,7B_hardneg_lora,/home/ubuntu/vlm-spatial-reasoning/checkpoints/qwen2vl_7b_hardneg_lora/final,"{""README.md"": ""ad67fbd14e29a7dae114b54d70c840eab4d917c7d4bbce31d8e923429325d12b"", ""adapter_config.json"": ""9c868e731d9e1e45f0f114c79b1eeca3c96b1d0d3a8f5f93d9ff5a73d690a9df"", ""adapter_model.safetensors"": ""aaad7a39d905ddffc323d02d3beb78717388f29dc19488b91eb5218f4814b697"", ""chat_template.jinja"": ""a0bc6f6fc7a29a80017a433e8f03a1cc1236e838a944a2d034295a60c4f2fddb"", ""processor_config.json"": ""edb8dd5001f02dd3a488fd63d664fcdc5514c4a93962bf1be534a0acf6e2c714"", ""tokenizer.json"": ""ff8cce547abc110590d19c6b5b6e0c6a7b4c8d1012d78b9c42131bae7f494a02"", ""tokenizer_config.json"": ""5afec58078ec072cdc9ad190a63c8657f9c47ec71068ff9c77423f1ea0422364""}",,7f29cebb9d06eca06ad0d6c690e4d5a083b71a9c42008f88e92474e3ff0eb98a,eb4075c77285da02c52794154760fa969fb21ab3dcceb0820cb7d2ba27d27471,http://images.cocodataset.org/train2017/000000465143.jpg,http://images.cocodataset.org/train2017/000000465143.jpg,,http://images.cocodataset.org/train2017/000000465143.jpg,sorev,tier_b_v0.1,"{""axis"": ""semantic"", ""law"": ""stability_law"", ""note"": ""symmetric relation; subject/object reversal keeps truth"", ""relation"": ""against"", ""transform"": ""sorev""}",,"{""do_sample"": false, ""max_new_tokens"": 5}",tier_b_tierb_pilot200,a4375a7c362690ef91f9db40f949558d1a160b30,v0.1
vsr_test:0133,vsr_test:0133,test,sorev,semantic,The bird is touching the chair,The chair is touching the bird.,touching,topology_contact,chair,bird,False,False,stability_law,False,True, False.,Qwen/Qwen2-VL-7B-Instruct,,7B_hardneg_lora,/home/ubuntu/vlm-spatial-reasoning/checkpoints/qwen2vl_7b_hardneg_lora/final,"{""README.md"": ""ad67fbd14e29a7dae114b54d70c840eab4d917c7d4bbce31d8e923429325d12b"", ""adapter_config.json"": ""9c868e731d9e1e45f0f114c79b1eeca3c96b1d0d3a8f5f93d9ff5a73d690a9df"", ""adapter_model.safetensors"": ""aaad7a39d905ddffc323d02d3beb78717388f29dc19488b91eb5218f4814b697"", ""chat_template.jinja"": ""a0bc6f6fc7a29a80017a433e8f03a1cc1236e838a944a2d034295a60c4f2fddb"", ""processor_config.json"": ""edb8dd5001f02dd3a488fd63d664fcdc5514c4a93962bf1be534a0acf6e2c714"", ""tokenizer.json"": ""ff8cce547abc110590d19c6b5b6e0c6a7b4c8d1012d78b9c42131bae7f494a02"", ""tokenizer_config.json"": ""5afec58078ec072cdc9ad190a63c8657f9c47ec71068ff9c77423f1ea0422364""}",,7f29cebb9d06eca06ad0d6c690e4d5a083b71a9c42008f88e92474e3ff0eb98a,eb4075c77285da02c52794154760fa969fb21ab3dcceb0820cb7d2ba27d27471,http://images.cocodataset.org/train2017/000000430238.jpg,http://images.cocodataset.org/train2017/000000430238.jpg,,http://images.cocodataset.org/train2017/000000430238.jpg,sorev,tier_b_v0.1,"{""axis"": ""semantic"", ""law"": ""stability_law"", ""note"": ""symmetric relation; subject/object reversal keeps truth"", ""relation"": ""touching"", ""transform"": ""sorev""}",,"{""do_sample"": false, ""max_new_tokens"": 5}",tier_b_tierb_pilot200,a4375a7c362690ef91f9db40f949558d1a160b30,v0.1
vsr_test:0136,vsr_test:0136,test,sorev,semantic,The bench is far away from the hot dog,The hot dog is far away from the bench.,far away from,proximity,hot dog,bench,False,False,stability_law,False,True, False,Qwen/Qwen2-VL-7B-Instruct,,7B_hardneg_lora,/home/ubuntu/vlm-spatial-reasoning/checkpoints/qwen2vl_7b_hardneg_lora/final,"{""README.md"": ""ad67fbd14e29a7dae114b54d70c840eab4d917c7d4bbce31d8e923429325d12b"", ""adapter_config.json"": ""9c868e731d9e1e45f0f114c79b1eeca3c96b1d0d3a8f5f93d9ff5a73d690a9df"", ""adapter_model.safetensors"": ""aaad7a39d905ddffc323d02d3beb78717388f29dc19488b91eb5218f4814b697"", ""chat_template.jinja"": ""a0bc6f6fc7a29a80017a433e8f03a1cc1236e838a944a2d034295a60c4f2fddb"", ""processor_config.json"": ""edb8dd5001f02dd3a488fd63d664fcdc5514c4a93962bf1be534a0acf6e2c714"", ""tokenizer.json"": ""ff8cce547abc110590d19c6b5b6e0c6a7b4c8d1012d78b9c42131bae7f494a02"", ""tokenizer_config.json"": ""5afec58078ec072cdc9ad190a63c8657f9c47ec71068ff9c77423f1ea0422364""}",,7f29cebb9d06eca06ad0d6c690e4d5a083b71a9c42008f88e92474e3ff0eb98a,eb4075c77285da02c52794154760fa969fb21ab3dcceb0820cb7d2ba27d27471,http://images.cocodataset.org/train2017/000000292661.jpg,http://images.cocodataset.org/train2017/000000292661.jpg,,http://images.cocodataset.org/train2017/000000292661.jpg,sorev,tier_b_v0.1,"{""axis"": ""semantic"", ""law"": ""stability_law"", ""note"": ""symmetric relation; subject/object reversal keeps truth"", ""relation"": ""far away from"", ""transform"": ""sorev""}",,"{""do_sample"": false, ""max_new_tokens"": 5}",tier_b_tierb_pilot200,a4375a7c362690ef91f9db40f949558d1a160b30,v0.1
vsr_test:0137,vsr_test:0137,test,sorev,semantic,The refrigerator is touching the person,The person is touching the refrigerator.,touching,topology_contact,person,refrigerator,False,False,stability_law,False,True, False.,Qwen/Qwen2-VL-7B-Instruct,,7B_hardneg_lora,/home/ubuntu/vlm-spatial-reasoning/checkpoints/qwen2vl_7b_hardneg_lora/final,"{""README.md"": ""ad67fbd14e29a7dae114b54d70c840eab4d917c7d4bbce31d8e923429325d12b"", ""adapter_config.json"": ""9c868e731d9e1e45f0f114c79b1eeca3c96b1d0d3a8f5f93d9ff5a73d690a9df"", ""adapter_model.safetensors"": ""aaad7a39d905ddffc323d02d3beb78717388f29dc19488b91eb5218f4814b697"", ""chat_template.jinja"": ""a0bc6f6fc7a29a80017a433e8f03a1cc1236e838a944a2d034295a60c4f2fddb"", ""processor_config.json"": ""edb8dd5001f02dd3a488fd63d664fcdc5514c4a93962bf1be534a0acf6e2c714"", ""tokenizer.json"": ""ff8cce547abc110590d19c6b5b6e0c6a7b4c8d1012d78b9c42131bae7f494a02"", ""tokenizer_config.json"": ""5afec58078ec072cdc9ad190a63c8657f9c47ec71068ff9c77423f1ea0422364""}",,7f29cebb9d06eca06ad0d6c690e4d5a083b71a9c42008f88e92474e3ff0eb98a,eb4075c77285da02c52794154760fa969fb21ab3dcceb0820cb7d2ba27d27471,http://images.cocodataset.org/train2017/000000518321.jpg,http://images.cocodataset.org/train2017/000000518321.jpg,,http://images.cocodataset.org/train2017/000000518321.jpg,sorev,tier_b_v0.1,"{""axis"": ""semantic"", ""law"": ""stability_law"", ""note"": ""symmetric relation; subject/object reversal keeps truth"", ""relation"": ""touching"", ""transform"": ""sorev""}",,"{""do_sample"": false, ""max_new_tokens"": 5}",tier_b_tierb_pilot200,a4375a7c362690ef91f9db40f949558d1a160b30,v0.1
vsr_test:0147,vsr_test:0147,test,sorev,semantic,The refrigerator is touching the person,The person is touching the refrigerator.,touching,topology_contact,person,refrigerator,False,False,stability_law,False,True, False.,Qwen/Qwen2-VL-7B-Instruct,,7B_hardneg_lora,/home/ubuntu/vlm-spatial-reasoning/checkpoints/qwen2vl_7b_hardneg_lora/final,"{""README.md"": ""ad67fbd14e29a7dae114b54d70c840eab4d917c7d4bbce31d8e923429325d12b"", ""adapter_config.json"": ""9c868e731d9e1e45f0f114c79b1eeca3c96b1d0d3a8f5f93d9ff5a73d690a9df"", ""adapter_model.safetensors"": ""aaad7a39d905ddffc323d02d3beb78717388f29dc19488b91eb5218f4814b697"", ""chat_template.jinja"": ""a0bc6f6fc7a29a80017a433e8f03a1cc1236e838a944a2d034295a60c4f2fddb"", ""processor_config.json"": ""edb8dd5001f02dd3a488fd63d664fcdc5514c4a93962bf1be534a0acf6e2c714"", ""tokenizer.json"": ""ff8cce547abc110590d19c6b5b6e0c6a7b4c8d1012d78b9c42131bae7f494a02"", ""tokenizer_config.json"": ""5afec58078ec072cdc9ad190a63c8657f9c47ec71068ff9c77423f1ea0422364""}",,7f29cebb9d06eca06ad0d6c690e4d5a083b71a9c42008f88e92474e3ff0eb98a,eb4075c77285da02c52794154760fa969fb21ab3dcceb0820cb7d2ba27d27471,http://images.cocodataset.org/train2017/000000407617.jpg,http://images.cocodataset.org/train2017/000000407617.jpg,,http://images.cocodataset.org/train2017/000000407617.jpg,sorev,tier_b_v0.1,"{""axis"": ""semantic"", ""law"": ""stability_law"", ""note"": ""symmetric relation; subject/object reversal keeps truth"", ""relation"": ""touching"", ""transform"": ""sorev""}",,"{""do_sample"": false, ""max_new_tokens"": 5}",tier_b_tierb_pilot200,a4375a7c362690ef91f9db40f949558d1a160b30,v0.1
vsr_test:0149,vsr_test:0149,test,sorev,semantic,The person is touching the sandwich,The sandwich is touching the person.,touching,topology_contact,sandwich,person,True,True,stability_law,True,True, True,Qwen/Qwen2-VL-7B-Instruct,,7B_hardneg_lora,/home/ubuntu/vlm-spatial-reasoning/checkpoints/qwen2vl_7b_hardneg_lora/final,"{""README.md"": ""ad67fbd14e29a7dae114b54d70c840eab4d917c7d4bbce31d8e923429325d12b"", ""adapter_config.json"": ""9c868e731d9e1e45f0f114c79b1eeca3c96b1d0d3a8f5f93d9ff5a73d690a9df"", ""adapter_model.safetensors"": ""aaad7a39d905ddffc323d02d3beb78717388f29dc19488b91eb5218f4814b697"", ""chat_template.jinja"": ""a0bc6f6fc7a29a80017a433e8f03a1cc1236e838a944a2d034295a60c4f2fddb"", ""processor_config.json"": ""edb8dd5001f02dd3a488fd63d664fcdc5514c4a93962bf1be534a0acf6e2c714"", ""tokenizer.json"": ""ff8cce547abc110590d19c6b5b6e0c6a7b4c8d1012d78b9c42131bae7f494a02"", ""tokenizer_config.json"": ""5afec58078ec072cdc9ad190a63c8657f9c47ec71068ff9c77423f1ea0422364""}",,7f29cebb9d06eca06ad0d6c690e4d5a083b71a9c42008f88e92474e3ff0eb98a,eb4075c77285da02c52794154760fa969fb21ab3dcceb0820cb7d2ba27d27471,http://images.cocodataset.org/train2017/000000492164.jpg,http://images.cocodataset.org/train2017/000000492164.jpg,,http://images.cocodataset.org/train2017/000000492164.jpg,sorev,tier_b_v0.1,"{""axis"": ""semantic"", ""law"": ""stability_law"", ""note"": ""symmetric relation; subject/object reversal keeps truth"", ""relation"": ""touching"", ""transform"": ""sorev""}",,"{""do_sample"": false, ""max_new_tokens"": 5}",tier_b_tierb_pilot200,a4375a7c362690ef91f9db40f949558d1a160b30,v0.1
vsr_test:0158,vsr_test:0158,test,sorev,semantic,The truck is far away from the cow,The cow is far away from the truck.,far away from,proximity,cow,truck,True,True,stability_law,True,True, True,Qwen/Qwen2-VL-7B-Instruct,,7B_hardneg_lora,/home/ubuntu/vlm-spatial-reasoning/checkpoints/qwen2vl_7b_hardneg_lora/final,"{""README.md"": ""ad67fbd14e29a7dae114b54d70c840eab4d917c7d4bbce31d8e923429325d12b"", ""adapter_config.json"": ""9c868e731d9e1e45f0f114c79b1eeca3c96b1d0d3a8f5f93d9ff5a73d690a9df"", ""adapter_model.safetensors"": ""aaad7a39d905ddffc323d02d3beb78717388f29dc19488b91eb5218f4814b697"", ""chat_template.jinja"": ""a0bc6f6fc7a29a80017a433e8f03a1cc1236e838a944a2d034295a60c4f2fddb"", ""processor_config.json"": ""edb8dd5001f02dd3a488fd63d664fcdc5514c4a93962bf1be534a0acf6e2c714"", ""tokenizer.json"": ""ff8cce547abc110590d19c6b5b6e0c6a7b4c8d1012d78b9c42131bae7f494a02"", ""tokenizer_config.json"": ""5afec58078ec072cdc9ad190a63c8657f9c47ec71068ff9c77423f1ea0422364""}",,7f29cebb9d06eca06ad0d6c690e4d5a083b71a9c42008f88e92474e3ff0eb98a,eb4075c77285da02c52794154760fa969fb21ab3dcceb0820cb7d2ba27d27471,http://images.cocodataset.org/train2017/000000484341.jpg,http://images.cocodataset.org/train2017/000000484341.jpg,,http://images.cocodataset.org/train2017/000000484341.jpg,sorev,tier_b_v0.1,"{""axis"": ""semantic"", ""law"": ""stability_law"", ""note"": ""symmetric relation; subject/object reversal keeps truth"", ""relation"": ""far away from"", ""transform"": ""sorev""}",,"{""do_sample"": false, ""max_new_tokens"": 5}",tier_b_tierb_pilot200,a4375a7c362690ef91f9db40f949558d1a160b30,v0.1
vsr_test:0159,vsr_test:0159,test,sorev,semantic,The wine glass is next to the teddy bear,The teddy bear is next to the wine glass.,next to,horizontal,teddy bear,wine glass,False,False,stability_law,False,True, False.,Qwen/Qwen2-VL-7B-Instruct,,7B_hardneg_lora,/home/ubuntu/vlm-spatial-reasoning/checkpoints/qwen2vl_7b_hardneg_lora/final,"{""README.md"": ""ad67fbd14e29a7dae114b54d70c840eab4d917c7d4bbce31d8e923429325d12b"", ""adapter_config.json"": ""9c868e731d9e1e45f0f114c79b1eeca3c96b1d0d3a8f5f93d9ff5a73d690a9df"", ""adapter_model.safetensors"": ""aaad7a39d905ddffc323d02d3beb78717388f29dc19488b91eb5218f4814b697"", ""chat_template.jinja"": ""a0bc6f6fc7a29a80017a433e8f03a1cc1236e838a944a2d034295a60c4f2fddb"", ""processor_config.json"": ""edb8dd5001f02dd3a488fd63d664fcdc5514c4a93962bf1be534a0acf6e2c714"", ""tokenizer.json"": ""ff8cce547abc110590d19c6b5b6e0c6a7b4c8d1012d78b9c42131bae7f494a02"", ""tokenizer_config.json"": ""5afec58078ec072cdc9ad190a63c8657f9c47ec71068ff9c77423f1ea0422364""}",,7f29cebb9d06eca06ad0d6c690e4d5a083b71a9c42008f88e92474e3ff0eb98a,eb4075c77285da02c52794154760fa969fb21ab3dcceb0820cb7d2ba27d27471,http://images.cocodataset.org/train2017/000000439117.jpg,http://images.cocodataset.org/train2017/000000439117.jpg,,http://images.cocodataset.org/train2017/000000439117.jpg,sorev,tier_b_v0.1,"{""axis"": ""semantic"", ""law"": ""stability_law"", ""note"": ""symmetric relation; subject/object reversal keeps truth"", ""relation"": ""next to"", ""transform"": ""sorev""}",,"{""do_sample"": false, ""max_new_tokens"": 5}",tier_b_tierb_pilot200,a4375a7c362690ef91f9db40f949558d1a160b30,v0.1
vsr_test:0163,vsr_test:0163,test,sorev,semantic,The bench is far away from the hot dog,The hot dog is far away from the bench.,far away from,proximity,hot dog,bench,False,False,stability_law,False,True, False.,Qwen/Qwen2-VL-7B-Instruct,,7B_hardneg_lora,/home/ubuntu/vlm-spatial-reasoning/checkpoints/qwen2vl_7b_hardneg_lora/final,"{""README.md"": ""ad67fbd14e29a7dae114b54d70c840eab4d917c7d4bbce31d8e923429325d12b"", ""adapter_config.json"": ""9c868e731d9e1e45f0f114c79b1eeca3c96b1d0d3a8f5f93d9ff5a73d690a9df"", ""adapter_model.safetensors"": ""aaad7a39d905ddffc323d02d3beb78717388f29dc19488b91eb5218f4814b697"", ""chat_template.jinja"": ""a0bc6f6fc7a29a80017a433e8f03a1cc1236e838a944a2d034295a60c4f2fddb"", ""processor_config.json"": ""edb8dd5001f02dd3a488fd63d664fcdc5514c4a93962bf1be534a0acf6e2c714"", ""tokenizer.json"": ""ff8cce547abc110590d19c6b5b6e0c6a7b4c8d1012d78b9c42131bae7f494a02"", ""tokenizer_config.json"": ""5afec58078ec072cdc9ad190a63c8657f9c47ec71068ff9c77423f1ea0422364""}",,7f29cebb9d06eca06ad0d6c690e4d5a083b71a9c42008f88e92474e3ff0eb98a,eb4075c77285da02c52794154760fa969fb21ab3dcceb0820cb7d2ba27d27471,http://images.cocodataset.org/train2017/000000330955.jpg,http://images.cocodataset.org/train2017/000000330955.jpg,,http://images.cocodataset.org/train2017/000000330955.jpg,sorev,tier_b_v0.1,"{""axis"": ""semantic"", ""law"": ""stability_law"", ""note"": ""symmetric relation; subject/object reversal keeps truth"", ""relation"": ""far away from"", ""transform"": ""sorev""}",,"{""do_sample"": false, ""max_new_tokens"": 5}",tier_b_tierb_pilot200,a4375a7c362690ef91f9db40f949558d1a160b30,v0.1
vsr_test:0166,vsr_test:0166,test,sorev,semantic,The bench is beside the bed,The bed is beside the bench.,beside,horizontal,bed,bench,True,True,stability_law,True,True, True,Qwen/Qwen2-VL-7B-Instruct,,7B_hardneg_lora,/home/ubuntu/vlm-spatial-reasoning/checkpoints/qwen2vl_7b_hardneg_lora/final,"{""README.md"": ""ad67fbd14e29a7dae114b54d70c840eab4d917c7d4bbce31d8e923429325d12b"", ""adapter_config.json"": ""9c868e731d9e1e45f0f114c79b1eeca3c96b1d0d3a8f5f93d9ff5a73d690a9df"", ""adapter_model.safetensors"": ""aaad7a39d905ddffc323d02d3beb78717388f29dc19488b91eb5218f4814b697"", ""chat_template.jinja"": ""a0bc6f6fc7a29a80017a433e8f03a1cc1236e838a944a2d034295a60c4f2fddb"", ""processor_config.json"": ""edb8dd5001f02dd3a488fd63d664fcdc5514c4a93962bf1be534a0acf6e2c714"", ""tokenizer.json"": ""ff8cce547abc110590d19c6b5b6e0c6a7b4c8d1012d78b9c42131bae7f494a02"", ""tokenizer_config.json"": ""5afec58078ec072cdc9ad190a63c8657f9c47ec71068ff9c77423f1ea0422364""}",,7f29cebb9d06eca06ad0d6c690e4d5a083b71a9c42008f88e92474e3ff0eb98a,eb4075c77285da02c52794154760fa969fb21ab3dcceb0820cb7d2ba27d27471,http://images.cocodataset.org/train2017/000000268227.jpg,http://images.cocodataset.org/train2017/000000268227.jpg,,http://images.cocodataset.org/train2017/000000268227.jpg,sorev,tier_b_v0.1,"{""axis"": ""semantic"", ""law"": ""stability_law"", ""note"": ""symmetric relation; subject/object reversal keeps truth"", ""relation"": ""beside"", ""transform"": ""sorev""}",,"{""do_sample"": false, ""max_new_tokens"": 5}",tier_b_tierb_pilot200,a4375a7c362690ef91f9db40f949558d1a160b30,v0.1
vsr_test:0167,vsr_test:0167,test,sorev,semantic,The suitcase is touching the person,The person is touching the suitcase.,touching,topology_contact,person,suitcase,False,False,stability_law,True,False, True,Qwen/Qwen2-VL-7B-Instruct,,7B_hardneg_lora,/home/ubuntu/vlm-spatial-reasoning/checkpoints/qwen2vl_7b_hardneg_lora/final,"{""README.md"": ""ad67fbd14e29a7dae114b54d70c840eab4d917c7d4bbce31d8e923429325d12b"", ""adapter_config.json"": ""9c868e731d9e1e45f0f114c79b1eeca3c96b1d0d3a8f5f93d9ff5a73d690a9df"", ""adapter_model.safetensors"": ""aaad7a39d905ddffc323d02d3beb78717388f29dc19488b91eb5218f4814b697"", ""chat_template.jinja"": ""a0bc6f6fc7a29a80017a433e8f03a1cc1236e838a944a2d034295a60c4f2fddb"", ""processor_config.json"": ""edb8dd5001f02dd3a488fd63d664fcdc5514c4a93962bf1be534a0acf6e2c714"", ""tokenizer.json"": ""ff8cce547abc110590d19c6b5b6e0c6a7b4c8d1012d78b9c42131bae7f494a02"", ""tokenizer_config.json"": ""5afec58078ec072cdc9ad190a63c8657f9c47ec71068ff9c77423f1ea0422364""}",,7f29cebb9d06eca06ad0d6c690e4d5a083b71a9c42008f88e92474e3ff0eb98a,eb4075c77285da02c52794154760fa969fb21ab3dcceb0820cb7d2ba27d27471,http://images.cocodataset.org/val2017/000000375278.jpg,http://images.cocodataset.org/val2017/000000375278.jpg,,http://images.cocodataset.org/val2017/000000375278.jpg,sorev,tier_b_v0.1,"{""axis"": ""semantic"", ""law"": ""stability_law"", ""note"": ""symmetric relation; subject/object reversal keeps truth"", ""relation"": ""touching"", ""transform"": ""sorev""}",,"{""do_sample"": false, ""max_new_tokens"": 5}",tier_b_tierb_pilot200,a4375a7c362690ef91f9db40f949558d1a160b30,v0.1
vsr_test:0168,vsr_test:0168,test,sorev,semantic,The truck is connected to the surfboard,The surfboard is connected to the truck.,connected to,topology_contact,surfboard,truck,False,False,stability_law,False,True, False.,Qwen/Qwen2-VL-7B-Instruct,,7B_hardneg_lora,/home/ubuntu/vlm-spatial-reasoning/checkpoints/qwen2vl_7b_hardneg_lora/final,"{""README.md"": ""ad67fbd14e29a7dae114b54d70c840eab4d917c7d4bbce31d8e923429325d12b"", ""adapter_config.json"": ""9c868e731d9e1e45f0f114c79b1eeca3c96b1d0d3a8f5f93d9ff5a73d690a9df"", ""adapter_model.safetensors"": ""aaad7a39d905ddffc323d02d3beb78717388f29dc19488b91eb5218f4814b697"", ""chat_template.jinja"": ""a0bc6f6fc7a29a80017a433e8f03a1cc1236e838a944a2d034295a60c4f2fddb"", ""processor_config.json"": ""edb8dd5001f02dd3a488fd63d664fcdc5514c4a93962bf1be534a0acf6e2c714"", ""tokenizer.json"": ""ff8cce547abc110590d19c6b5b6e0c6a7b4c8d1012d78b9c42131bae7f494a02"", ""tokenizer_config.json"": ""5afec58078ec072cdc9ad190a63c8657f9c47ec71068ff9c77423f1ea0422364""}",,7f29cebb9d06eca06ad0d6c690e4d5a083b71a9c42008f88e92474e3ff0eb98a,eb4075c77285da02c52794154760fa969fb21ab3dcceb0820cb7d2ba27d27471,http://images.cocodataset.org/train2017/000000083580.jpg,http://images.cocodataset.org/train2017/000000083580.jpg,,http://images.cocodataset.org/train2017/000000083580.jpg,sorev,tier_b_v0.1,"{""axis"": ""semantic"", ""law"": ""stability_law"", ""note"": ""symmetric relation; subject/object reversal keeps truth"", ""relation"": ""connected to"", ""transform"": ""sorev""}",,"{""do_sample"": false, ""max_new_tokens"": 5}",tier_b_tierb_pilot200,a4375a7c362690ef91f9db40f949558d1a160b30,v0.1
vsr_test:0169,vsr_test:0169,test,sorev,semantic,The bench is at the side of the potted plant,The potted plant is at the side of the bench.,at the side of,horizontal,potted plant,bench,True,True,stability_law,False,False, False.,Qwen/Qwen2-VL-7B-Instruct,,7B_hardneg_lora,/home/ubuntu/vlm-spatial-reasoning/checkpoints/qwen2vl_7b_hardneg_lora/final,"{""README.md"": ""ad67fbd14e29a7dae114b54d70c840eab4d917c7d4bbce31d8e923429325d12b"", ""adapter_config.json"": ""9c868e731d9e1e45f0f114c79b1eeca3c96b1d0d3a8f5f93d9ff5a73d690a9df"", ""adapter_model.safetensors"": ""aaad7a39d905ddffc323d02d3beb78717388f29dc19488b91eb5218f4814b697"", ""chat_template.jinja"": ""a0bc6f6fc7a29a80017a433e8f03a1cc1236e838a944a2d034295a60c4f2fddb"", ""processor_config.json"": ""edb8dd5001f02dd3a488fd63d664fcdc5514c4a93962bf1be534a0acf6e2c714"", ""tokenizer.json"": ""ff8cce547abc110590d19c6b5b6e0c6a7b4c8d1012d78b9c42131bae7f494a02"", ""tokenizer_config.json"": ""5afec58078ec072cdc9ad190a63c8657f9c47ec71068ff9c77423f1ea0422364""}",,7f29cebb9d06eca06ad0d6c690e4d5a083b71a9c42008f88e92474e3ff0eb98a,eb4075c77285da02c52794154760fa969fb21ab3dcceb0820cb7d2ba27d27471,http://images.cocodataset.org/train2017/000000139967.jpg,http://images.cocodataset.org/train2017/000000139967.jpg,,http://images.cocodataset.org/train2017/000000139967.jpg,sorev,tier_b_v0.1,"{""axis"": ""semantic"", ""law"": ""stability_law"", ""note"": ""symmetric relation; subject/object reversal keeps truth"", ""relation"": ""at the side of"", ""transform"": ""sorev""}",,"{""do_sample"": false, ""max_new_tokens"": 5}",tier_b_tierb_pilot200,a4375a7c362690ef91f9db40f949558d1a160b30,v0.1
vsr_test:0172,vsr_test:0172,test,sorev,semantic,The apple is away from the cat,The cat is away from the apple.,away from,proximity,cat,apple,True,True,stability_law,True,True, True.,Qwen/Qwen2-VL-7B-Instruct,,7B_hardneg_lora,/home/ubuntu/vlm-spatial-reasoning/checkpoints/qwen2vl_7b_hardneg_lora/final,"{""README.md"": ""ad67fbd14e29a7dae114b54d70c840eab4d917c7d4bbce31d8e923429325d12b"", ""adapter_config.json"": ""9c868e731d9e1e45f0f114c79b1eeca3c96b1d0d3a8f5f93d9ff5a73d690a9df"", ""adapter_model.safetensors"": ""aaad7a39d905ddffc323d02d3beb78717388f29dc19488b91eb5218f4814b697"", ""chat_template.jinja"": ""a0bc6f6fc7a29a80017a433e8f03a1cc1236e838a944a2d034295a60c4f2fddb"", ""processor_config.json"": ""edb8dd5001f02dd3a488fd63d664fcdc5514c4a93962bf1be534a0acf6e2c714"", ""tokenizer.json"": ""ff8cce547abc110590d19c6b5b6e0c6a7b4c8d1012d78b9c42131bae7f494a02"", ""tokenizer_config.json"": ""5afec58078ec072cdc9ad190a63c8657f9c47ec71068ff9c77423f1ea0422364""}",,7f29cebb9d06eca06ad0d6c690e4d5a083b71a9c42008f88e92474e3ff0eb98a,eb4075c77285da02c52794154760fa969fb21ab3dcceb0820cb7d2ba27d27471,http://images.cocodataset.org/train2017/000000389011.jpg,http://images.cocodataset.org/train2017/000000389011.jpg,,http://images.cocodataset.org/train2017/000000389011.jpg,sorev,tier_b_v0.1,"{""axis"": ""semantic"", ""law"": ""stability_law"", ""note"": ""symmetric relation; subject/object reversal keeps truth"", ""relation"": ""away from"", ""transform"": ""sorev""}",,"{""do_sample"": false, ""max_new_tokens"": 5}",tier_b_tierb_pilot200,a4375a7c362690ef91f9db40f949558d1a160b30,v0.1
vsr_test:0173,vsr_test:0173,test,sorev,semantic,The keyboard is touching the cat,The cat is touching the keyboard.,touching,topology_contact,cat,keyboard,False,False,stability_law,False,True, False.,Qwen/Qwen2-VL-7B-Instruct,,7B_hardneg_lora,/home/ubuntu/vlm-spatial-reasoning/checkpoints/qwen2vl_7b_hardneg_lora/final,"{""README.md"": ""ad67fbd14e29a7dae114b54d70c840eab4d917c7d4bbce31d8e923429325d12b"", ""adapter_config.json"": ""9c868e731d9e1e45f0f114c79b1eeca3c96b1d0d3a8f5f93d9ff5a73d690a9df"", ""adapter_model.safetensors"": ""aaad7a39d905ddffc323d02d3beb78717388f29dc19488b91eb5218f4814b697"", ""chat_template.jinja"": ""a0bc6f6fc7a29a80017a433e8f03a1cc1236e838a944a2d034295a60c4f2fddb"", ""processor_config.json"": ""edb8dd5001f02dd3a488fd63d664fcdc5514c4a93962bf1be534a0acf6e2c714"", ""tokenizer.json"": ""ff8cce547abc110590d19c6b5b6e0c6a7b4c8d1012d78b9c42131bae7f494a02"", ""tokenizer_config.json"": ""5afec58078ec072cdc9ad190a63c8657f9c47ec71068ff9c77423f1ea0422364""}",,7f29cebb9d06eca06ad0d6c690e4d5a083b71a9c42008f88e92474e3ff0eb98a,eb4075c77285da02c52794154760fa969fb21ab3dcceb0820cb7d2ba27d27471,http://images.cocodataset.org/train2017/000000407390.jpg,http://images.cocodataset.org/train2017/000000407390.jpg,,http://images.cocodataset.org/train2017/000000407390.jpg,sorev,tier_b_v0.1,"{""axis"": ""semantic"", ""law"": ""stability_law"", ""note"": ""symmetric relation; subject/object reversal keeps truth"", ""relation"": ""touching"", ""transform"": ""sorev""}",,"{""do_sample"": false, ""max_new_tokens"": 5}",tier_b_tierb_pilot200,a4375a7c362690ef91f9db40f949558d1a160b30,v0.1
vsr_test:0175,vsr_test:0175,test,sorev,semantic,The cake is away from the person,The person is away from the cake.,away from,proximity,person,cake,True,True,stability_law,False,False, False.,Qwen/Qwen2-VL-7B-Instruct,,7B_hardneg_lora,/home/ubuntu/vlm-spatial-reasoning/checkpoints/qwen2vl_7b_hardneg_lora/final,"{""README.md"": ""ad67fbd14e29a7dae114b54d70c840eab4d917c7d4bbce31d8e923429325d12b"", ""adapter_config.json"": ""9c868e731d9e1e45f0f114c79b1eeca3c96b1d0d3a8f5f93d9ff5a73d690a9df"", ""adapter_model.safetensors"": ""aaad7a39d905ddffc323d02d3beb78717388f29dc19488b91eb5218f4814b697"", ""chat_template.jinja"": ""a0bc6f6fc7a29a80017a433e8f03a1cc1236e838a944a2d034295a60c4f2fddb"", ""processor_config.json"": ""edb8dd5001f02dd3a488fd63d664fcdc5514c4a93962bf1be534a0acf6e2c714"", ""tokenizer.json"": ""ff8cce547abc110590d19c6b5b6e0c6a7b4c8d1012d78b9c42131bae7f494a02"", ""tokenizer_config.json"": ""5afec58078ec072cdc9ad190a63c8657f9c47ec71068ff9c77423f1ea0422364""}",,7f29cebb9d06eca06ad0d6c690e4d5a083b71a9c42008f88e92474e3ff0eb98a,eb4075c77285da02c52794154760fa969fb21ab3dcceb0820cb7d2ba27d27471,http://images.cocodataset.org/train2017/000000398153.jpg,http://images.cocodataset.org/train2017/000000398153.jpg,,http://images.cocodataset.org/train2017/000000398153.jpg,sorev,tier_b_v0.1,"{""axis"": ""semantic"", ""law"": ""stability_law"", ""note"": ""symmetric relation; subject/object reversal keeps truth"", ""relation"": ""away from"", ""transform"": ""sorev""}",,"{""do_sample"": false, ""max_new_tokens"": 5}",tier_b_tierb_pilot200,a4375a7c362690ef91f9db40f949558d1a160b30,v0.1
vsr_test:0176,vsr_test:0176,test,sorev,semantic,The cat is touching the couch,The couch is touching the cat.,touching,topology_contact,couch,cat,True,True,stability_law,True,True, True,Qwen/Qwen2-VL-7B-Instruct,,7B_hardneg_lora,/home/ubuntu/vlm-spatial-reasoning/checkpoints/qwen2vl_7b_hardneg_lora/final,"{""README.md"": ""ad67fbd14e29a7dae114b54d70c840eab4d917c7d4bbce31d8e923429325d12b"", ""adapter_config.json"": ""9c868e731d9e1e45f0f114c79b1eeca3c96b1d0d3a8f5f93d9ff5a73d690a9df"", ""adapter_model.safetensors"": ""aaad7a39d905ddffc323d02d3beb78717388f29dc19488b91eb5218f4814b697"", ""chat_template.jinja"": ""a0bc6f6fc7a29a80017a433e8f03a1cc1236e838a944a2d034295a60c4f2fddb"", ""processor_config.json"": ""edb8dd5001f02dd3a488fd63d664fcdc5514c4a93962bf1be534a0acf6e2c714"", ""tokenizer.json"": ""ff8cce547abc110590d19c6b5b6e0c6a7b4c8d1012d78b9c42131bae7f494a02"", ""tokenizer_config.json"": ""5afec58078ec072cdc9ad190a63c8657f9c47ec71068ff9c77423f1ea0422364""}",,7f29cebb9d06eca06ad0d6c690e4d5a083b71a9c42008f88e92474e3ff0eb98a,eb4075c77285da02c52794154760fa969fb21ab3dcceb0820cb7d2ba27d27471,http://images.cocodataset.org/train2017/000000404754.jpg,http://images.cocodataset.org/train2017/000000404754.jpg,,http://images.cocodataset.org/train2017/000000404754.jpg,sorev,tier_b_v0.1,"{""axis"": ""semantic"", ""law"": ""stability_law"", ""note"": ""symmetric relation; subject/object reversal keeps truth"", ""relation"": ""touching"", ""transform"": ""sorev""}",,"{""do_sample"": false, ""max_new_tokens"": 5}",tier_b_tierb_pilot200,a4375a7c362690ef91f9db40f949558d1a160b30,v0.1
vsr_test:0179,vsr_test:0179,test,sorev,semantic,The bed is touching the bicycle,The bicycle is touching the bed.,touching,topology_contact,bicycle,bed,True,True,stability_law,False,False, False.,Qwen/Qwen2-VL-7B-Instruct,,7B_hardneg_lora,/home/ubuntu/vlm-spatial-reasoning/checkpoints/qwen2vl_7b_hardneg_lora/final,"{""README.md"": ""ad67fbd14e29a7dae114b54d70c840eab4d917c7d4bbce31d8e923429325d12b"", ""adapter_config.json"": ""9c868e731d9e1e45f0f114c79b1eeca3c96b1d0d3a8f5f93d9ff5a73d690a9df"", ""adapter_model.safetensors"": ""aaad7a39d905ddffc323d02d3beb78717388f29dc19488b91eb5218f4814b697"", ""chat_template.jinja"": ""a0bc6f6fc7a29a80017a433e8f03a1cc1236e838a944a2d034295a60c4f2fddb"", ""processor_config.json"": ""edb8dd5001f02dd3a488fd63d664fcdc5514c4a93962bf1be534a0acf6e2c714"", ""tokenizer.json"": ""ff8cce547abc110590d19c6b5b6e0c6a7b4c8d1012d78b9c42131bae7f494a02"", ""tokenizer_config.json"": ""5afec58078ec072cdc9ad190a63c8657f9c47ec71068ff9c77423f1ea0422364""}",,7f29cebb9d06eca06ad0d6c690e4d5a083b71a9c42008f88e92474e3ff0eb98a,eb4075c77285da02c52794154760fa969fb21ab3dcceb0820cb7d2ba27d27471,http://images.cocodataset.org/val2017/000000274687.jpg,http://images.cocodataset.org/val2017/000000274687.jpg,,http://images.cocodataset.org/val2017/000000274687.jpg,sorev,tier_b_v0.1,"{""axis"": ""semantic"", ""law"": ""stability_law"", ""note"": ""symmetric relation; subject/object reversal keeps truth"", ""relation"": ""touching"", ""transform"": ""sorev""}",,"{""do_sample"": false, ""max_new_tokens"": 5}",tier_b_tierb_pilot200,a4375a7c362690ef91f9db40f949558d1a160b30,v0.1
vsr_test:0188,vsr_test:0188,test,sorev,semantic,The dining table is touching the person,The person is touching the dining table.,touching,topology_contact,person,dining table,True,True,stability_law,False,False, False.,Qwen/Qwen2-VL-7B-Instruct,,7B_hardneg_lora,/home/ubuntu/vlm-spatial-reasoning/checkpoints/qwen2vl_7b_hardneg_lora/final,"{""README.md"": ""ad67fbd14e29a7dae114b54d70c840eab4d917c7d4bbce31d8e923429325d12b"", ""adapter_config.json"": ""9c868e731d9e1e45f0f114c79b1eeca3c96b1d0d3a8f5f93d9ff5a73d690a9df"", ""adapter_model.safetensors"": ""aaad7a39d905ddffc323d02d3beb78717388f29dc19488b91eb5218f4814b697"", ""chat_template.jinja"": ""a0bc6f6fc7a29a80017a433e8f03a1cc1236e838a944a2d034295a60c4f2fddb"", ""processor_config.json"": ""edb8dd5001f02dd3a488fd63d664fcdc5514c4a93962bf1be534a0acf6e2c714"", ""tokenizer.json"": ""ff8cce547abc110590d19c6b5b6e0c6a7b4c8d1012d78b9c42131bae7f494a02"", ""tokenizer_config.json"": ""5afec58078ec072cdc9ad190a63c8657f9c47ec71068ff9c77423f1ea0422364""}",,7f29cebb9d06eca06ad0d6c690e4d5a083b71a9c42008f88e92474e3ff0eb98a,eb4075c77285da02c52794154760fa969fb21ab3dcceb0820cb7d2ba27d27471,http://images.cocodataset.org/train2017/000000207475.jpg,http://images.cocodataset.org/train2017/000000207475.jpg,,http://images.cocodataset.org/train2017/000000207475.jpg,sorev,tier_b_v0.1,"{""axis"": ""semantic"", ""law"": ""stability_law"", ""note"": ""symmetric relation; subject/object reversal keeps truth"", ""relation"": ""touching"", ""transform"": ""sorev""}",,"{""do_sample"": false, ""max_new_tokens"": 5}",tier_b_tierb_pilot200,a4375a7c362690ef91f9db40f949558d1a160b30,v0.1
vsr_test:0192,vsr_test:0192,test,sorev,semantic,The couch is adjacent to the bed,The bed is adjacent to the couch.,adjacent to,other,bed,couch,False,False,stability_law,True,False, True.,Qwen/Qwen2-VL-7B-Instruct,,7B_hardneg_lora,/home/ubuntu/vlm-spatial-reasoning/checkpoints/qwen2vl_7b_hardneg_lora/final,"{""README.md"": ""ad67fbd14e29a7dae114b54d70c840eab4d917c7d4bbce31d8e923429325d12b"", ""adapter_config.json"": ""9c868e731d9e1e45f0f114c79b1eeca3c96b1d0d3a8f5f93d9ff5a73d690a9df"", ""adapter_model.safetensors"": ""aaad7a39d905ddffc323d02d3beb78717388f29dc19488b91eb5218f4814b697"", ""chat_template.jinja"": ""a0bc6f6fc7a29a80017a433e8f03a1cc1236e838a944a2d034295a60c4f2fddb"", ""processor_config.json"": ""edb8dd5001f02dd3a488fd63d664fcdc5514c4a93962bf1be534a0acf6e2c714"", ""tokenizer.json"": ""ff8cce547abc110590d19c6b5b6e0c6a7b4c8d1012d78b9c42131bae7f494a02"", ""tokenizer_config.json"": ""5afec58078ec072cdc9ad190a63c8657f9c47ec71068ff9c77423f1ea0422364""}",,7f29cebb9d06eca06ad0d6c690e4d5a083b71a9c42008f88e92474e3ff0eb98a,eb4075c77285da02c52794154760fa969fb21ab3dcceb0820cb7d2ba27d27471,http://images.cocodataset.org/train2017/000000221515.jpg,http://images.cocodataset.org/train2017/000000221515.jpg,,http://images.cocodataset.org/train2017/000000221515.jpg,sorev,tier_b_v0.1,"{""axis"": ""semantic"", ""law"": ""stability_law"", ""note"": ""symmetric relation; subject/object reversal keeps truth"", ""relation"": ""adjacent to"", ""transform"": ""sorev""}",,"{""do_sample"": false, ""max_new_tokens"": 5}",tier_b_tierb_pilot200,a4375a7c362690ef91f9db40f949558d1a160b30,v0.1
vsr_test:0193,vsr_test:0193,test,sorev,semantic,The book is next to the dog,The dog is next to the book.,next to,horizontal,dog,book,True,True,stability_law,False,False, False.,Qwen/Qwen2-VL-7B-Instruct,,7B_hardneg_lora,/home/ubuntu/vlm-spatial-reasoning/checkpoints/qwen2vl_7b_hardneg_lora/final,"{""README.md"": ""ad67fbd14e29a7dae114b54d70c840eab4d917c7d4bbce31d8e923429325d12b"", ""adapter_config.json"": ""9c868e731d9e1e45f0f114c79b1eeca3c96b1d0d3a8f5f93d9ff5a73d690a9df"", ""adapter_model.safetensors"": ""aaad7a39d905ddffc323d02d3beb78717388f29dc19488b91eb5218f4814b697"", ""chat_template.jinja"": ""a0bc6f6fc7a29a80017a433e8f03a1cc1236e838a944a2d034295a60c4f2fddb"", ""processor_config.json"": ""edb8dd5001f02dd3a488fd63d664fcdc5514c4a93962bf1be534a0acf6e2c714"", ""tokenizer.json"": ""ff8cce547abc110590d19c6b5b6e0c6a7b4c8d1012d78b9c42131bae7f494a02"", ""tokenizer_config.json"": ""5afec58078ec072cdc9ad190a63c8657f9c47ec71068ff9c77423f1ea0422364""}",,7f29cebb9d06eca06ad0d6c690e4d5a083b71a9c42008f88e92474e3ff0eb98a,eb4075c77285da02c52794154760fa969fb21ab3dcceb0820cb7d2ba27d27471,http://images.cocodataset.org/train2017/000000183453.jpg,http://images.cocodataset.org/train2017/000000183453.jpg,,http://images.cocodataset.org/train2017/000000183453.jpg,sorev,tier_b_v0.1,"{""axis"": ""semantic"", ""law"": ""stability_law"", ""note"": ""symmetric relation; subject/object reversal keeps truth"", ""relation"": ""next to"", ""transform"": ""sorev""}",,"{""do_sample"": false, ""max_new_tokens"": 5}",tier_b_tierb_pilot200,a4375a7c362690ef91f9db40f949558d1a160b30,v0.1
vsr_test:0197,vsr_test:0197,test,sorev,semantic,The cow is touching the person,The person is touching the cow.,touching,topology_contact,person,cow,False,False,stability_law,False,True, False.,Qwen/Qwen2-VL-7B-Instruct,,7B_hardneg_lora,/home/ubuntu/vlm-spatial-reasoning/checkpoints/qwen2vl_7b_hardneg_lora/final,"{""README.md"": ""ad67fbd14e29a7dae114b54d70c840eab4d917c7d4bbce31d8e923429325d12b"", ""adapter_config.json"": ""9c868e731d9e1e45f0f114c79b1eeca3c96b1d0d3a8f5f93d9ff5a73d690a9df"", ""adapter_model.safetensors"": ""aaad7a39d905ddffc323d02d3beb78717388f29dc19488b91eb5218f4814b697"", ""chat_template.jinja"": ""a0bc6f6fc7a29a80017a433e8f03a1cc1236e838a944a2d034295a60c4f2fddb"", ""processor_config.json"": ""edb8dd5001f02dd3a488fd63d664fcdc5514c4a93962bf1be534a0acf6e2c714"", ""tokenizer.json"": ""ff8cce547abc110590d19c6b5b6e0c6a7b4c8d1012d78b9c42131bae7f494a02"", ""tokenizer_config.json"": ""5afec58078ec072cdc9ad190a63c8657f9c47ec71068ff9c77423f1ea0422364""}",,7f29cebb9d06eca06ad0d6c690e4d5a083b71a9c42008f88e92474e3ff0eb98a,eb4075c77285da02c52794154760fa969fb21ab3dcceb0820cb7d2ba27d27471,http://images.cocodataset.org/train2017/000000515186.jpg,http://images.cocodataset.org/train2017/000000515186.jpg,,http://images.cocodataset.org/train2017/000000515186.jpg,sorev,tier_b_v0.1,"{""axis"": ""semantic"", ""law"": ""stability_law"", ""note"": ""symmetric relation; subject/object reversal keeps truth"", ""relation"": ""touching"", ""transform"": ""sorev""}",,"{""do_sample"": false, ""max_new_tokens"": 5}",tier_b_tierb_pilot200,a4375a7c362690ef91f9db40f949558d1a160b30,v0.1
vsr_test:0202,vsr_test:0202,test,sorev,semantic,The laptop is touching the bed,The bed is touching the laptop.,touching,topology_contact,bed,laptop,False,False,stability_law,False,True, False.,Qwen/Qwen2-VL-7B-Instruct,,7B_hardneg_lora,/home/ubuntu/vlm-spatial-reasoning/checkpoints/qwen2vl_7b_hardneg_lora/final,"{""README.md"": ""ad67fbd14e29a7dae114b54d70c840eab4d917c7d4bbce31d8e923429325d12b"", ""adapter_config.json"": ""9c868e731d9e1e45f0f114c79b1eeca3c96b1d0d3a8f5f93d9ff5a73d690a9df"", ""adapter_model.safetensors"": ""aaad7a39d905ddffc323d02d3beb78717388f29dc19488b91eb5218f4814b697"", ""chat_template.jinja"": ""a0bc6f6fc7a29a80017a433e8f03a1cc1236e838a944a2d034295a60c4f2fddb"", ""processor_config.json"": ""edb8dd5001f02dd3a488fd63d664fcdc5514c4a93962bf1be534a0acf6e2c714"", ""tokenizer.json"": ""ff8cce547abc110590d19c6b5b6e0c6a7b4c8d1012d78b9c42131bae7f494a02"", ""tokenizer_config.json"": ""5afec58078ec072cdc9ad190a63c8657f9c47ec71068ff9c77423f1ea0422364""}",,7f29cebb9d06eca06ad0d6c690e4d5a083b71a9c42008f88e92474e3ff0eb98a,eb4075c77285da02c52794154760fa969fb21ab3dcceb0820cb7d2ba27d27471,http://images.cocodataset.org/train2017/000000522360.jpg,http://images.cocodataset.org/train2017/000000522360.jpg,,http://images.cocodataset.org/train2017/000000522360.jpg,sorev,tier_b_v0.1,"{""axis"": ""semantic"", ""law"": ""stability_law"", ""note"": ""symmetric relation; subject/object reversal keeps truth"", ""relation"": ""touching"", ""transform"": ""sorev""}",,"{""do_sample"": false, ""max_new_tokens"": 5}",tier_b_tierb_pilot200,a4375a7c362690ef91f9db40f949558d1a160b30,v0.1
vsr_test:0208,vsr_test:0208,test,sorev,semantic,The dining table is touching the cat,The cat is touching the dining table.,touching,topology_contact,cat,dining table,False,False,stability_law,False,True, False.,Qwen/Qwen2-VL-7B-Instruct,,7B_hardneg_lora,/home/ubuntu/vlm-spatial-reasoning/checkpoints/qwen2vl_7b_hardneg_lora/final,"{""README.md"": ""ad67fbd14e29a7dae114b54d70c840eab4d917c7d4bbce31d8e923429325d12b"", ""adapter_config.json"": ""9c868e731d9e1e45f0f114c79b1eeca3c96b1d0d3a8f5f93d9ff5a73d690a9df"", ""adapter_model.safetensors"": ""aaad7a39d905ddffc323d02d3beb78717388f29dc19488b91eb5218f4814b697"", ""chat_template.jinja"": ""a0bc6f6fc7a29a80017a433e8f03a1cc1236e838a944a2d034295a60c4f2fddb"", ""processor_config.json"": ""edb8dd5001f02dd3a488fd63d664fcdc5514c4a93962bf1be534a0acf6e2c714"", ""tokenizer.json"": ""ff8cce547abc110590d19c6b5b6e0c6a7b4c8d1012d78b9c42131bae7f494a02"", ""tokenizer_config.json"": ""5afec58078ec072cdc9ad190a63c8657f9c47ec71068ff9c77423f1ea0422364""}",,7f29cebb9d06eca06ad0d6c690e4d5a083b71a9c42008f88e92474e3ff0eb98a,eb4075c77285da02c52794154760fa969fb21ab3dcceb0820cb7d2ba27d27471,http://images.cocodataset.org/train2017/000000009735.jpg,http://images.cocodataset.org/train2017/000000009735.jpg,,http://images.cocodataset.org/train2017/000000009735.jpg,sorev,tier_b_v0.1,"{""axis"": ""semantic"", ""law"": ""stability_law"", ""note"": ""symmetric relation; subject/object reversal keeps truth"", ""relation"": ""touching"", ""transform"": ""sorev""}",,"{""do_sample"": false, ""max_new_tokens"": 5}",tier_b_tierb_pilot200,a4375a7c362690ef91f9db40f949558d1a160b30,v0.1
vsr_test:0209,vsr_test:0209,test,sorev,semantic,The cake is far away from the car,The car is far away from the cake.,far away from,proximity,car,cake,True,True,stability_law,True,True, True,Qwen/Qwen2-VL-7B-Instruct,,7B_hardneg_lora,/home/ubuntu/vlm-spatial-reasoning/checkpoints/qwen2vl_7b_hardneg_lora/final,"{""README.md"": ""ad67fbd14e29a7dae114b54d70c840eab4d917c7d4bbce31d8e923429325d12b"", ""adapter_config.json"": ""9c868e731d9e1e45f0f114c79b1eeca3c96b1d0d3a8f5f93d9ff5a73d690a9df"", ""adapter_model.safetensors"": ""aaad7a39d905ddffc323d02d3beb78717388f29dc19488b91eb5218f4814b697"", ""chat_template.jinja"": ""a0bc6f6fc7a29a80017a433e8f03a1cc1236e838a944a2d034295a60c4f2fddb"", ""processor_config.json"": ""edb8dd5001f02dd3a488fd63d664fcdc5514c4a93962bf1be534a0acf6e2c714"", ""tokenizer.json"": ""ff8cce547abc110590d19c6b5b6e0c6a7b4c8d1012d78b9c42131bae7f494a02"", ""tokenizer_config.json"": ""5afec58078ec072cdc9ad190a63c8657f9c47ec71068ff9c77423f1ea0422364""}",,7f29cebb9d06eca06ad0d6c690e4d5a083b71a9c42008f88e92474e3ff0eb98a,eb4075c77285da02c52794154760fa969fb21ab3dcceb0820cb7d2ba27d27471,http://images.cocodataset.org/train2017/000000108303.jpg,http://images.cocodataset.org/train2017/000000108303.jpg,,http://images.cocodataset.org/train2017/000000108303.jpg,sorev,tier_b_v0.1,"{""axis"": ""semantic"", ""law"": ""stability_law"", ""note"": ""symmetric relation; subject/object reversal keeps truth"", ""relation"": ""far away from"", ""transform"": ""sorev""}",,"{""do_sample"": false, ""max_new_tokens"": 5}",tier_b_tierb_pilot200,a4375a7c362690ef91f9db40f949558d1a160b30,v0.1
vsr_test:0218,vsr_test:0218,test,sorev,semantic,The bear is far from the person,The person is far from the bear.,far from,proximity,person,bear,True,True,stability_law,True,True, True,Qwen/Qwen2-VL-7B-Instruct,,7B_hardneg_lora,/home/ubuntu/vlm-spatial-reasoning/checkpoints/qwen2vl_7b_hardneg_lora/final,"{""README.md"": ""ad67fbd14e29a7dae114b54d70c840eab4d917c7d4bbce31d8e923429325d12b"", ""adapter_config.json"": ""9c868e731d9e1e45f0f114c79b1eeca3c96b1d0d3a8f5f93d9ff5a73d690a9df"", ""adapter_model.safetensors"": ""aaad7a39d905ddffc323d02d3beb78717388f29dc19488b91eb5218f4814b697"", ""chat_template.jinja"": ""a0bc6f6fc7a29a80017a433e8f03a1cc1236e838a944a2d034295a60c4f2fddb"", ""processor_config.json"": ""edb8dd5001f02dd3a488fd63d664fcdc5514c4a93962bf1be534a0acf6e2c714"", ""tokenizer.json"": ""ff8cce547abc110590d19c6b5b6e0c6a7b4c8d1012d78b9c42131bae7f494a02"", ""tokenizer_config.json"": ""5afec58078ec072cdc9ad190a63c8657f9c47ec71068ff9c77423f1ea0422364""}",,7f29cebb9d06eca06ad0d6c690e4d5a083b71a9c42008f88e92474e3ff0eb98a,eb4075c77285da02c52794154760fa969fb21ab3dcceb0820cb7d2ba27d27471,http://images.cocodataset.org/train2017/000000283942.jpg,http://images.cocodataset.org/train2017/000000283942.jpg,,http://images.cocodataset.org/train2017/000000283942.jpg,sorev,tier_b_v0.1,"{""axis"": ""semantic"", ""law"": ""stability_law"", ""note"": ""symmetric relation; subject/object reversal keeps truth"", ""relation"": ""far from"", ""transform"": ""sorev""}",,"{""do_sample"": false, ""max_new_tokens"": 5}",tier_b_tierb_pilot200,a4375a7c362690ef91f9db40f949558d1a160b30,v0.1
vsr_test:0220,vsr_test:0220,test,sorev,semantic,The teddy bear is alongside the person,The person is alongside the teddy bear.,alongside,horizontal,person,teddy bear,True,True,stability_law,True,True, True,Qwen/Qwen2-VL-7B-Instruct,,7B_hardneg_lora,/home/ubuntu/vlm-spatial-reasoning/checkpoints/qwen2vl_7b_hardneg_lora/final,"{""README.md"": ""ad67fbd14e29a7dae114b54d70c840eab4d917c7d4bbce31d8e923429325d12b"", ""adapter_config.json"": ""9c868e731d9e1e45f0f114c79b1eeca3c96b1d0d3a8f5f93d9ff5a73d690a9df"", ""adapter_model.safetensors"": ""aaad7a39d905ddffc323d02d3beb78717388f29dc19488b91eb5218f4814b697"", ""chat_template.jinja"": ""a0bc6f6fc7a29a80017a433e8f03a1cc1236e838a944a2d034295a60c4f2fddb"", ""processor_config.json"": ""edb8dd5001f02dd3a488fd63d664fcdc5514c4a93962bf1be534a0acf6e2c714"", ""tokenizer.json"": ""ff8cce547abc110590d19c6b5b6e0c6a7b4c8d1012d78b9c42131bae7f494a02"", ""tokenizer_config.json"": ""5afec58078ec072cdc9ad190a63c8657f9c47ec71068ff9c77423f1ea0422364""}",,7f29cebb9d06eca06ad0d6c690e4d5a083b71a9c42008f88e92474e3ff0eb98a,eb4075c77285da02c52794154760fa969fb21ab3dcceb0820cb7d2ba27d27471,http://images.cocodataset.org/train2017/000000153892.jpg,http://images.cocodataset.org/train2017/000000153892.jpg,,http://images.cocodataset.org/train2017/000000153892.jpg,sorev,tier_b_v0.1,"{""axis"": ""semantic"", ""law"": ""stability_law"", ""note"": ""symmetric relation; subject/object reversal keeps truth"", ""relation"": ""alongside"", ""transform"": ""sorev""}",,"{""do_sample"": false, ""max_new_tokens"": 5}",tier_b_tierb_pilot200,a4375a7c362690ef91f9db40f949558d1a160b30,v0.1
vsr_test:0224,vsr_test:0224,test,sorev,semantic,The pizza is touching the person,The person is touching the pizza.,touching,topology_contact,person,pizza,True,True,stability_law,True,True, True,Qwen/Qwen2-VL-7B-Instruct,,7B_hardneg_lora,/home/ubuntu/vlm-spatial-reasoning/checkpoints/qwen2vl_7b_hardneg_lora/final,"{""README.md"": ""ad67fbd14e29a7dae114b54d70c840eab4d917c7d4bbce31d8e923429325d12b"", ""adapter_config.json"": ""9c868e731d9e1e45f0f114c79b1eeca3c96b1d0d3a8f5f93d9ff5a73d690a9df"", ""adapter_model.safetensors"": ""aaad7a39d905ddffc323d02d3beb78717388f29dc19488b91eb5218f4814b697"", ""chat_template.jinja"": ""a0bc6f6fc7a29a80017a433e8f03a1cc1236e838a944a2d034295a60c4f2fddb"", ""processor_config.json"": ""edb8dd5001f02dd3a488fd63d664fcdc5514c4a93962bf1be534a0acf6e2c714"", ""tokenizer.json"": ""ff8cce547abc110590d19c6b5b6e0c6a7b4c8d1012d78b9c42131bae7f494a02"", ""tokenizer_config.json"": ""5afec58078ec072cdc9ad190a63c8657f9c47ec71068ff9c77423f1ea0422364""}",,7f29cebb9d06eca06ad0d6c690e4d5a083b71a9c42008f88e92474e3ff0eb98a,eb4075c77285da02c52794154760fa969fb21ab3dcceb0820cb7d2ba27d27471,http://images.cocodataset.org/train2017/000000102330.jpg,http://images.cocodataset.org/train2017/000000102330.jpg,,http://images.cocodataset.org/train2017/000000102330.jpg,sorev,tier_b_v0.1,"{""axis"": ""semantic"", ""law"": ""stability_law"", ""note"": ""symmetric relation; subject/object reversal keeps truth"", ""relation"": ""touching"", ""transform"": ""sorev""}",,"{""do_sample"": false, ""max_new_tokens"": 5}",tier_b_tierb_pilot200,a4375a7c362690ef91f9db40f949558d1a160b30,v0.1
vsr_test:0225,vsr_test:0225,test,sorev,semantic,The sandwich is away from the person,The person is away from the sandwich.,away from,proximity,person,sandwich,False,False,stability_law,False,True, False,Qwen/Qwen2-VL-7B-Instruct,,7B_hardneg_lora,/home/ubuntu/vlm-spatial-reasoning/checkpoints/qwen2vl_7b_hardneg_lora/final,"{""README.md"": ""ad67fbd14e29a7dae114b54d70c840eab4d917c7d4bbce31d8e923429325d12b"", ""adapter_config.json"": ""9c868e731d9e1e45f0f114c79b1eeca3c96b1d0d3a8f5f93d9ff5a73d690a9df"", ""adapter_model.safetensors"": ""aaad7a39d905ddffc323d02d3beb78717388f29dc19488b91eb5218f4814b697"", ""chat_template.jinja"": ""a0bc6f6fc7a29a80017a433e8f03a1cc1236e838a944a2d034295a60c4f2fddb"", ""processor_config.json"": ""edb8dd5001f02dd3a488fd63d664fcdc5514c4a93962bf1be534a0acf6e2c714"", ""tokenizer.json"": ""ff8cce547abc110590d19c6b5b6e0c6a7b4c8d1012d78b9c42131bae7f494a02"", ""tokenizer_config.json"": ""5afec58078ec072cdc9ad190a63c8657f9c47ec71068ff9c77423f1ea0422364""}",,7f29cebb9d06eca06ad0d6c690e4d5a083b71a9c42008f88e92474e3ff0eb98a,eb4075c77285da02c52794154760fa969fb21ab3dcceb0820cb7d2ba27d27471,http://images.cocodataset.org/train2017/000000324513.jpg,http://images.cocodataset.org/train2017/000000324513.jpg,,http://images.cocodataset.org/train2017/000000324513.jpg,sorev,tier_b_v0.1,"{""axis"": ""semantic"", ""law"": ""stability_law"", ""note"": ""symmetric relation; subject/object reversal keeps truth"", ""relation"": ""away from"", ""transform"": ""sorev""}",,"{""do_sample"": false, ""max_new_tokens"": 5}",tier_b_tierb_pilot200,a4375a7c362690ef91f9db40f949558d1a160b30,v0.1
vsr_test:0226,vsr_test:0226,test,sorev,semantic,The teddy bear is with the cat,The cat is with the teddy bear.,with,other,cat,teddy bear,False,False,stability_law,False,True, False.,Qwen/Qwen2-VL-7B-Instruct,,7B_hardneg_lora,/home/ubuntu/vlm-spatial-reasoning/checkpoints/qwen2vl_7b_hardneg_lora/final,"{""README.md"": ""ad67fbd14e29a7dae114b54d70c840eab4d917c7d4bbce31d8e923429325d12b"", ""adapter_config.json"": ""9c868e731d9e1e45f0f114c79b1eeca3c96b1d0d3a8f5f93d9ff5a73d690a9df"", ""adapter_model.safetensors"": ""aaad7a39d905ddffc323d02d3beb78717388f29dc19488b91eb5218f4814b697"", ""chat_template.jinja"": ""a0bc6f6fc7a29a80017a433e8f03a1cc1236e838a944a2d034295a60c4f2fddb"", ""processor_config.json"": ""edb8dd5001f02dd3a488fd63d664fcdc5514c4a93962bf1be534a0acf6e2c714"", ""tokenizer.json"": ""ff8cce547abc110590d19c6b5b6e0c6a7b4c8d1012d78b9c42131bae7f494a02"", ""tokenizer_config.json"": ""5afec58078ec072cdc9ad190a63c8657f9c47ec71068ff9c77423f1ea0422364""}",,7f29cebb9d06eca06ad0d6c690e4d5a083b71a9c42008f88e92474e3ff0eb98a,eb4075c77285da02c52794154760fa969fb21ab3dcceb0820cb7d2ba27d27471,http://images.cocodataset.org/val2017/000000520531.jpg,http://images.cocodataset.org/val2017/000000520531.jpg,,http://images.cocodataset.org/val2017/000000520531.jpg,sorev,tier_b_v0.1,"{""axis"": ""semantic"", ""law"": ""stability_law"", ""note"": ""symmetric relation; subject/object reversal keeps truth"", ""relation"": ""with"", ""transform"": ""sorev""}",,"{""do_sample"": false, ""max_new_tokens"": 5}",tier_b_tierb_pilot200,a4375a7c362690ef91f9db40f949558d1a160b30,v0.1
vsr_test:0228,vsr_test:0228,test,sorev,semantic,The banana is touching the cat,The cat is touching the banana.,touching,topology_contact,cat,banana,True,True,stability_law,True,True, True,Qwen/Qwen2-VL-7B-Instruct,,7B_hardneg_lora,/home/ubuntu/vlm-spatial-reasoning/checkpoints/qwen2vl_7b_hardneg_lora/final,"{""README.md"": ""ad67fbd14e29a7dae114b54d70c840eab4d917c7d4bbce31d8e923429325d12b"", ""adapter_config.json"": ""9c868e731d9e1e45f0f114c79b1eeca3c96b1d0d3a8f5f93d9ff5a73d690a9df"", ""adapter_model.safetensors"": ""aaad7a39d905ddffc323d02d3beb78717388f29dc19488b91eb5218f4814b697"", ""chat_template.jinja"": ""a0bc6f6fc7a29a80017a433e8f03a1cc1236e838a944a2d034295a60c4f2fddb"", ""processor_config.json"": ""edb8dd5001f02dd3a488fd63d664fcdc5514c4a93962bf1be534a0acf6e2c714"", ""tokenizer.json"": ""ff8cce547abc110590d19c6b5b6e0c6a7b4c8d1012d78b9c42131bae7f494a02"", ""tokenizer_config.json"": ""5afec58078ec072cdc9ad190a63c8657f9c47ec71068ff9c77423f1ea0422364""}",,7f29cebb9d06eca06ad0d6c690e4d5a083b71a9c42008f88e92474e3ff0eb98a,eb4075c77285da02c52794154760fa969fb21ab3dcceb0820cb7d2ba27d27471,http://images.cocodataset.org/train2017/000000066413.jpg,http://images.cocodataset.org/train2017/000000066413.jpg,,http://images.cocodataset.org/train2017/000000066413.jpg,sorev,tier_b_v0.1,"{""axis"": ""semantic"", ""law"": ""stability_law"", ""note"": ""symmetric relation; subject/object reversal keeps truth"", ""relation"": ""touching"", ""transform"": ""sorev""}",,"{""do_sample"": false, ""max_new_tokens"": 5}",tier_b_tierb_pilot200,a4375a7c362690ef91f9db40f949558d1a160b30,v0.1
vsr_test:0241,vsr_test:0241,test,sorev,semantic,The teddy bear is beside the laptop,The laptop is beside the teddy bear.,beside,horizontal,laptop,teddy bear,True,True,stability_law,True,True, True.,Qwen/Qwen2-VL-7B-Instruct,,7B_hardneg_lora,/home/ubuntu/vlm-spatial-reasoning/checkpoints/qwen2vl_7b_hardneg_lora/final,"{""README.md"": ""ad67fbd14e29a7dae114b54d70c840eab4d917c7d4bbce31d8e923429325d12b"", ""adapter_config.json"": ""9c868e731d9e1e45f0f114c79b1eeca3c96b1d0d3a8f5f93d9ff5a73d690a9df"", ""adapter_model.safetensors"": ""aaad7a39d905ddffc323d02d3beb78717388f29dc19488b91eb5218f4814b697"", ""chat_template.jinja"": ""a0bc6f6fc7a29a80017a433e8f03a1cc1236e838a944a2d034295a60c4f2fddb"", ""processor_config.json"": ""edb8dd5001f02dd3a488fd63d664fcdc5514c4a93962bf1be534a0acf6e2c714"", ""tokenizer.json"": ""ff8cce547abc110590d19c6b5b6e0c6a7b4c8d1012d78b9c42131bae7f494a02"", ""tokenizer_config.json"": ""5afec58078ec072cdc9ad190a63c8657f9c47ec71068ff9c77423f1ea0422364""}",,7f29cebb9d06eca06ad0d6c690e4d5a083b71a9c42008f88e92474e3ff0eb98a,eb4075c77285da02c52794154760fa969fb21ab3dcceb0820cb7d2ba27d27471,http://images.cocodataset.org/train2017/000000113132.jpg,http://images.cocodataset.org/train2017/000000113132.jpg,,http://images.cocodataset.org/train2017/000000113132.jpg,sorev,tier_b_v0.1,"{""axis"": ""semantic"", ""law"": ""stability_law"", ""note"": ""symmetric relation; subject/object reversal keeps truth"", ""relation"": ""beside"", ""transform"": ""sorev""}",,"{""do_sample"": false, ""max_new_tokens"": 5}",tier_b_tierb_pilot200,a4375a7c362690ef91f9db40f949558d1a160b30,v0.1
vsr_test:0242,vsr_test:0242,test,sorev,semantic,The couch is away from the cat,The cat is away from the couch.,away from,proximity,cat,couch,False,False,stability_law,False,True, False,Qwen/Qwen2-VL-7B-Instruct,,7B_hardneg_lora,/home/ubuntu/vlm-spatial-reasoning/checkpoints/qwen2vl_7b_hardneg_lora/final,"{""README.md"": ""ad67fbd14e29a7dae114b54d70c840eab4d917c7d4bbce31d8e923429325d12b"", ""adapter_config.json"": ""9c868e731d9e1e45f0f114c79b1eeca3c96b1d0d3a8f5f93d9ff5a73d690a9df"", ""adapter_model.safetensors"": ""aaad7a39d905ddffc323d02d3beb78717388f29dc19488b91eb5218f4814b697"", ""chat_template.jinja"": ""a0bc6f6fc7a29a80017a433e8f03a1cc1236e838a944a2d034295a60c4f2fddb"", ""processor_config.json"": ""edb8dd5001f02dd3a488fd63d664fcdc5514c4a93962bf1be534a0acf6e2c714"", ""tokenizer.json"": ""ff8cce547abc110590d19c6b5b6e0c6a7b4c8d1012d78b9c42131bae7f494a02"", ""tokenizer_config.json"": ""5afec58078ec072cdc9ad190a63c8657f9c47ec71068ff9c77423f1ea0422364""}",,7f29cebb9d06eca06ad0d6c690e4d5a083b71a9c42008f88e92474e3ff0eb98a,eb4075c77285da02c52794154760fa969fb21ab3dcceb0820cb7d2ba27d27471,http://images.cocodataset.org/train2017/000000477137.jpg,http://images.cocodataset.org/train2017/000000477137.jpg,,http://images.cocodataset.org/train2017/000000477137.jpg,sorev,tier_b_v0.1,"{""axis"": ""semantic"", ""law"": ""stability_law"", ""note"": ""symmetric relation; subject/object reversal keeps truth"", ""relation"": ""away from"", ""transform"": ""sorev""}",,"{""do_sample"": false, ""max_new_tokens"": 5}",tier_b_tierb_pilot200,a4375a7c362690ef91f9db40f949558d1a160b30,v0.1
vsr_test:0243,vsr_test:0243,test,sorev,semantic,The motorcycle is touching the banana,The banana is touching the motorcycle.,touching,topology_contact,banana,motorcycle,False,False,stability_law,False,True, False.,Qwen/Qwen2-VL-7B-Instruct,,7B_hardneg_lora,/home/ubuntu/vlm-spatial-reasoning/checkpoints/qwen2vl_7b_hardneg_lora/final,"{""README.md"": ""ad67fbd14e29a7dae114b54d70c840eab4d917c7d4bbce31d8e923429325d12b"", ""adapter_config.json"": ""9c868e731d9e1e45f0f114c79b1eeca3c96b1d0d3a8f5f93d9ff5a73d690a9df"", ""adapter_model.safetensors"": ""aaad7a39d905ddffc323d02d3beb78717388f29dc19488b91eb5218f4814b697"", ""chat_template.jinja"": ""a0bc6f6fc7a29a80017a433e8f03a1cc1236e838a944a2d034295a60c4f2fddb"", ""processor_config.json"": ""edb8dd5001f02dd3a488fd63d664fcdc5514c4a93962bf1be534a0acf6e2c714"", ""tokenizer.json"": ""ff8cce547abc110590d19c6b5b6e0c6a7b4c8d1012d78b9c42131bae7f494a02"", ""tokenizer_config.json"": ""5afec58078ec072cdc9ad190a63c8657f9c47ec71068ff9c77423f1ea0422364""}",,7f29cebb9d06eca06ad0d6c690e4d5a083b71a9c42008f88e92474e3ff0eb98a,eb4075c77285da02c52794154760fa969fb21ab3dcceb0820cb7d2ba27d27471,http://images.cocodataset.org/train2017/000000414258.jpg,http://images.cocodataset.org/train2017/000000414258.jpg,,http://images.cocodataset.org/train2017/000000414258.jpg,sorev,tier_b_v0.1,"{""axis"": ""semantic"", ""law"": ""stability_law"", ""note"": ""symmetric relation; subject/object reversal keeps truth"", ""relation"": ""touching"", ""transform"": ""sorev""}",,"{""do_sample"": false, ""max_new_tokens"": 5}",tier_b_tierb_pilot200,a4375a7c362690ef91f9db40f949558d1a160b30,v0.1
vsr_test:0245,vsr_test:0245,test,sorev,semantic,The motorcycle is next to the truck,The truck is next to the motorcycle.,next to,horizontal,truck,motorcycle,True,True,stability_law,False,False, False.,Qwen/Qwen2-VL-7B-Instruct,,7B_hardneg_lora,/home/ubuntu/vlm-spatial-reasoning/checkpoints/qwen2vl_7b_hardneg_lora/final,"{""README.md"": ""ad67fbd14e29a7dae114b54d70c840eab4d917c7d4bbce31d8e923429325d12b"", ""adapter_config.json"": ""9c868e731d9e1e45f0f114c79b1eeca3c96b1d0d3a8f5f93d9ff5a73d690a9df"", ""adapter_model.safetensors"": ""aaad7a39d905ddffc323d02d3beb78717388f29dc19488b91eb5218f4814b697"", ""chat_template.jinja"": ""a0bc6f6fc7a29a80017a433e8f03a1cc1236e838a944a2d034295a60c4f2fddb"", ""processor_config.json"": ""edb8dd5001f02dd3a488fd63d664fcdc5514c4a93962bf1be534a0acf6e2c714"", ""tokenizer.json"": ""ff8cce547abc110590d19c6b5b6e0c6a7b4c8d1012d78b9c42131bae7f494a02"", ""tokenizer_config.json"": ""5afec58078ec072cdc9ad190a63c8657f9c47ec71068ff9c77423f1ea0422364""}",,7f29cebb9d06eca06ad0d6c690e4d5a083b71a9c42008f88e92474e3ff0eb98a,eb4075c77285da02c52794154760fa969fb21ab3dcceb0820cb7d2ba27d27471,http://images.cocodataset.org/train2017/000000137681.jpg,http://images.cocodataset.org/train2017/000000137681.jpg,,http://images.cocodataset.org/train2017/000000137681.jpg,sorev,tier_b_v0.1,"{""axis"": ""semantic"", ""law"": ""stability_law"", ""note"": ""symmetric relation; subject/object reversal keeps truth"", ""relation"": ""next to"", ""transform"": ""sorev""}",,"{""do_sample"": false, ""max_new_tokens"": 5}",tier_b_tierb_pilot200,a4375a7c362690ef91f9db40f949558d1a160b30,v0.1
vsr_test:0246,vsr_test:0246,test,sorev,semantic,The bear is touching the couch,The couch is touching the bear.,touching,topology_contact,couch,bear,True,True,stability_law,True,True, True,Qwen/Qwen2-VL-7B-Instruct,,7B_hardneg_lora,/home/ubuntu/vlm-spatial-reasoning/checkpoints/qwen2vl_7b_hardneg_lora/final,"{""README.md"": ""ad67fbd14e29a7dae114b54d70c840eab4d917c7d4bbce31d8e923429325d12b"", ""adapter_config.json"": ""9c868e731d9e1e45f0f114c79b1eeca3c96b1d0d3a8f5f93d9ff5a73d690a9df"", ""adapter_model.safetensors"": ""aaad7a39d905ddffc323d02d3beb78717388f29dc19488b91eb5218f4814b697"", ""chat_template.jinja"": ""a0bc6f6fc7a29a80017a433e8f03a1cc1236e838a944a2d034295a60c4f2fddb"", ""processor_config.json"": ""edb8dd5001f02dd3a488fd63d664fcdc5514c4a93962bf1be534a0acf6e2c714"", ""tokenizer.json"": ""ff8cce547abc110590d19c6b5b6e0c6a7b4c8d1012d78b9c42131bae7f494a02"", ""tokenizer_config.json"": ""5afec58078ec072cdc9ad190a63c8657f9c47ec71068ff9c77423f1ea0422364""}",,7f29cebb9d06eca06ad0d6c690e4d5a083b71a9c42008f88e92474e3ff0eb98a,eb4075c77285da02c52794154760fa969fb21ab3dcceb0820cb7d2ba27d27471,http://images.cocodataset.org/train2017/000000107571.jpg,http://images.cocodataset.org/train2017/000000107571.jpg,,http://images.cocodataset.org/train2017/000000107571.jpg,sorev,tier_b_v0.1,"{""axis"": ""semantic"", ""law"": ""stability_law"", ""note"": ""symmetric relation; subject/object reversal keeps truth"", ""relation"": ""touching"", ""transform"": ""sorev""}",,"{""do_sample"": false, ""max_new_tokens"": 5}",tier_b_tierb_pilot200,a4375a7c362690ef91f9db40f949558d1a160b30,v0.1
vsr_test:0249,vsr_test:0249,test,sorev,semantic,The couch is against the person,The person is against the couch.,against,topology_contact,person,couch,False,False,stability_law,False,True, False.,Qwen/Qwen2-VL-7B-Instruct,,7B_hardneg_lora,/home/ubuntu/vlm-spatial-reasoning/checkpoints/qwen2vl_7b_hardneg_lora/final,"{""README.md"": ""ad67fbd14e29a7dae114b54d70c840eab4d917c7d4bbce31d8e923429325d12b"", ""adapter_config.json"": ""9c868e731d9e1e45f0f114c79b1eeca3c96b1d0d3a8f5f93d9ff5a73d690a9df"", ""adapter_model.safetensors"": ""aaad7a39d905ddffc323d02d3beb78717388f29dc19488b91eb5218f4814b697"", ""chat_template.jinja"": ""a0bc6f6fc7a29a80017a433e8f03a1cc1236e838a944a2d034295a60c4f2fddb"", ""processor_config.json"": ""edb8dd5001f02dd3a488fd63d664fcdc5514c4a93962bf1be534a0acf6e2c714"", ""tokenizer.json"": ""ff8cce547abc110590d19c6b5b6e0c6a7b4c8d1012d78b9c42131bae7f494a02"", ""tokenizer_config.json"": ""5afec58078ec072cdc9ad190a63c8657f9c47ec71068ff9c77423f1ea0422364""}",,7f29cebb9d06eca06ad0d6c690e4d5a083b71a9c42008f88e92474e3ff0eb98a,eb4075c77285da02c52794154760fa969fb21ab3dcceb0820cb7d2ba27d27471,http://images.cocodataset.org/train2017/000000250400.jpg,http://images.cocodataset.org/train2017/000000250400.jpg,,http://images.cocodataset.org/train2017/000000250400.jpg,sorev,tier_b_v0.1,"{""axis"": ""semantic"", ""law"": ""stability_law"", ""note"": ""symmetric relation; subject/object reversal keeps truth"", ""relation"": ""against"", ""transform"": ""sorev""}",,"{""do_sample"": false, ""max_new_tokens"": 5}",tier_b_tierb_pilot200,a4375a7c362690ef91f9db40f949558d1a160b30,v0.1
vsr_test:0258,vsr_test:0258,test,sorev,semantic,The teddy bear is touching the person,The person is touching the teddy bear.,touching,topology_contact,person,teddy bear,True,True,stability_law,True,True, True,Qwen/Qwen2-VL-7B-Instruct,,7B_hardneg_lora,/home/ubuntu/vlm-spatial-reasoning/checkpoints/qwen2vl_7b_hardneg_lora/final,"{""README.md"": ""ad67fbd14e29a7dae114b54d70c840eab4d917c7d4bbce31d8e923429325d12b"", ""adapter_config.json"": ""9c868e731d9e1e45f0f114c79b1eeca3c96b1d0d3a8f5f93d9ff5a73d690a9df"", ""adapter_model.safetensors"": ""aaad7a39d905ddffc323d02d3beb78717388f29dc19488b91eb5218f4814b697"", ""chat_template.jinja"": ""a0bc6f6fc7a29a80017a433e8f03a1cc1236e838a944a2d034295a60c4f2fddb"", ""processor_config.json"": ""edb8dd5001f02dd3a488fd63d664fcdc5514c4a93962bf1be534a0acf6e2c714"", ""tokenizer.json"": ""ff8cce547abc110590d19c6b5b6e0c6a7b4c8d1012d78b9c42131bae7f494a02"", ""tokenizer_config.json"": ""5afec58078ec072cdc9ad190a63c8657f9c47ec71068ff9c77423f1ea0422364""}",,7f29cebb9d06eca06ad0d6c690e4d5a083b71a9c42008f88e92474e3ff0eb98a,eb4075c77285da02c52794154760fa969fb21ab3dcceb0820cb7d2ba27d27471,http://images.cocodataset.org/train2017/000000438258.jpg,http://images.cocodataset.org/train2017/000000438258.jpg,,http://images.cocodataset.org/train2017/000000438258.jpg,sorev,tier_b_v0.1,"{""axis"": ""semantic"", ""law"": ""stability_law"", ""note"": ""symmetric relation; subject/object reversal keeps truth"", ""relation"": ""touching"", ""transform"": ""sorev""}",,"{""do_sample"": false, ""max_new_tokens"": 5}",tier_b_tierb_pilot200,a4375a7c362690ef91f9db40f949558d1a160b30,v0.1
vsr_test:0266,vsr_test:0266,test,sorev,semantic,The cake is close to the person,The person is close to the cake.,close to,proximity,person,cake,True,True,stability_law,True,True, True,Qwen/Qwen2-VL-7B-Instruct,,7B_hardneg_lora,/home/ubuntu/vlm-spatial-reasoning/checkpoints/qwen2vl_7b_hardneg_lora/final,"{""README.md"": ""ad67fbd14e29a7dae114b54d70c840eab4d917c7d4bbce31d8e923429325d12b"", ""adapter_config.json"": ""9c868e731d9e1e45f0f114c79b1eeca3c96b1d0d3a8f5f93d9ff5a73d690a9df"", ""adapter_model.safetensors"": ""aaad7a39d905ddffc323d02d3beb78717388f29dc19488b91eb5218f4814b697"", ""chat_template.jinja"": ""a0bc6f6fc7a29a80017a433e8f03a1cc1236e838a944a2d034295a60c4f2fddb"", ""processor_config.json"": ""edb8dd5001f02dd3a488fd63d664fcdc5514c4a93962bf1be534a0acf6e2c714"", ""tokenizer.json"": ""ff8cce547abc110590d19c6b5b6e0c6a7b4c8d1012d78b9c42131bae7f494a02"", ""tokenizer_config.json"": ""5afec58078ec072cdc9ad190a63c8657f9c47ec71068ff9c77423f1ea0422364""}",,7f29cebb9d06eca06ad0d6c690e4d5a083b71a9c42008f88e92474e3ff0eb98a,eb4075c77285da02c52794154760fa969fb21ab3dcceb0820cb7d2ba27d27471,http://images.cocodataset.org/train2017/000000111911.jpg,http://images.cocodataset.org/train2017/000000111911.jpg,,http://images.cocodataset.org/train2017/000000111911.jpg,sorev,tier_b_v0.1,"{""axis"": ""semantic"", ""law"": ""stability_law"", ""note"": ""symmetric relation; subject/object reversal keeps truth"", ""relation"": ""close to"", ""transform"": ""sorev""}",,"{""do_sample"": false, ""max_new_tokens"": 5}",tier_b_tierb_pilot200,a4375a7c362690ef91f9db40f949558d1a160b30,v0.1
vsr_test:0277,vsr_test:0277,test,sorev,semantic,The person is touching the laptop,The laptop is touching the person.,touching,topology_contact,laptop,person,True,True,stability_law,True,True, True,Qwen/Qwen2-VL-7B-Instruct,,7B_hardneg_lora,/home/ubuntu/vlm-spatial-reasoning/checkpoints/qwen2vl_7b_hardneg_lora/final,"{""README.md"": ""ad67fbd14e29a7dae114b54d70c840eab4d917c7d4bbce31d8e923429325d12b"", ""adapter_config.json"": ""9c868e731d9e1e45f0f114c79b1eeca3c96b1d0d3a8f5f93d9ff5a73d690a9df"", ""adapter_model.safetensors"": ""aaad7a39d905ddffc323d02d3beb78717388f29dc19488b91eb5218f4814b697"", ""chat_template.jinja"": ""a0bc6f6fc7a29a80017a433e8f03a1cc1236e838a944a2d034295a60c4f2fddb"", ""processor_config.json"": ""edb8dd5001f02dd3a488fd63d664fcdc5514c4a93962bf1be534a0acf6e2c714"", ""tokenizer.json"": ""ff8cce547abc110590d19c6b5b6e0c6a7b4c8d1012d78b9c42131bae7f494a02"", ""tokenizer_config.json"": ""5afec58078ec072cdc9ad190a63c8657f9c47ec71068ff9c77423f1ea0422364""}",,7f29cebb9d06eca06ad0d6c690e4d5a083b71a9c42008f88e92474e3ff0eb98a,eb4075c77285da02c52794154760fa969fb21ab3dcceb0820cb7d2ba27d27471,http://images.cocodataset.org/train2017/000000463865.jpg,http://images.cocodataset.org/train2017/000000463865.jpg,,http://images.cocodataset.org/train2017/000000463865.jpg,sorev,tier_b_v0.1,"{""axis"": ""semantic"", ""law"": ""stability_law"", ""note"": ""symmetric relation; subject/object reversal keeps truth"", ""relation"": ""touching"", ""transform"": ""sorev""}",,"{""do_sample"": false, ""max_new_tokens"": 5}",tier_b_tierb_pilot200,a4375a7c362690ef91f9db40f949558d1a160b30,v0.1
vsr_test:0283,vsr_test:0283,test,sorev,semantic,The bicycle is far away from the airplane,The airplane is far away from the bicycle.,far away from,proximity,airplane,bicycle,True,True,stability_law,True,True, True.,Qwen/Qwen2-VL-7B-Instruct,,7B_hardneg_lora,/home/ubuntu/vlm-spatial-reasoning/checkpoints/qwen2vl_7b_hardneg_lora/final,"{""README.md"": ""ad67fbd14e29a7dae114b54d70c840eab4d917c7d4bbce31d8e923429325d12b"", ""adapter_config.json"": ""9c868e731d9e1e45f0f114c79b1eeca3c96b1d0d3a8f5f93d9ff5a73d690a9df"", ""adapter_model.safetensors"": ""aaad7a39d905ddffc323d02d3beb78717388f29dc19488b91eb5218f4814b697"", ""chat_template.jinja"": ""a0bc6f6fc7a29a80017a433e8f03a1cc1236e838a944a2d034295a60c4f2fddb"", ""processor_config.json"": ""edb8dd5001f02dd3a488fd63d664fcdc5514c4a93962bf1be534a0acf6e2c714"", ""tokenizer.json"": ""ff8cce547abc110590d19c6b5b6e0c6a7b4c8d1012d78b9c42131bae7f494a02"", ""tokenizer_config.json"": ""5afec58078ec072cdc9ad190a63c8657f9c47ec71068ff9c77423f1ea0422364""}",,7f29cebb9d06eca06ad0d6c690e4d5a083b71a9c42008f88e92474e3ff0eb98a,eb4075c77285da02c52794154760fa969fb21ab3dcceb0820cb7d2ba27d27471,http://images.cocodataset.org/val2017/000000388258.jpg,http://images.cocodataset.org/val2017/000000388258.jpg,,http://images.cocodataset.org/val2017/000000388258.jpg,sorev,tier_b_v0.1,"{""axis"": ""semantic"", ""law"": ""stability_law"", ""note"": ""symmetric relation; subject/object reversal keeps truth"", ""relation"": ""far away from"", ""transform"": ""sorev""}",,"{""do_sample"": false, ""max_new_tokens"": 5}",tier_b_tierb_pilot200,a4375a7c362690ef91f9db40f949558d1a160b30,v0.1
vsr_test:0285,vsr_test:0285,test,sorev,semantic,The keyboard is touching the cat,The cat is touching the keyboard.,touching,topology_contact,cat,keyboard,True,True,stability_law,True,True, True,Qwen/Qwen2-VL-7B-Instruct,,7B_hardneg_lora,/home/ubuntu/vlm-spatial-reasoning/checkpoints/qwen2vl_7b_hardneg_lora/final,"{""README.md"": ""ad67fbd14e29a7dae114b54d70c840eab4d917c7d4bbce31d8e923429325d12b"", ""adapter_config.json"": ""9c868e731d9e1e45f0f114c79b1eeca3c96b1d0d3a8f5f93d9ff5a73d690a9df"", ""adapter_model.safetensors"": ""aaad7a39d905ddffc323d02d3beb78717388f29dc19488b91eb5218f4814b697"", ""chat_template.jinja"": ""a0bc6f6fc7a29a80017a433e8f03a1cc1236e838a944a2d034295a60c4f2fddb"", ""processor_config.json"": ""edb8dd5001f02dd3a488fd63d664fcdc5514c4a93962bf1be534a0acf6e2c714"", ""tokenizer.json"": ""ff8cce547abc110590d19c6b5b6e0c6a7b4c8d1012d78b9c42131bae7f494a02"", ""tokenizer_config.json"": ""5afec58078ec072cdc9ad190a63c8657f9c47ec71068ff9c77423f1ea0422364""}",,7f29cebb9d06eca06ad0d6c690e4d5a083b71a9c42008f88e92474e3ff0eb98a,eb4075c77285da02c52794154760fa969fb21ab3dcceb0820cb7d2ba27d27471,http://images.cocodataset.org/train2017/000000438628.jpg,http://images.cocodataset.org/train2017/000000438628.jpg,,http://images.cocodataset.org/train2017/000000438628.jpg,sorev,tier_b_v0.1,"{""axis"": ""semantic"", ""law"": ""stability_law"", ""note"": ""symmetric relation; subject/object reversal keeps truth"", ""relation"": ""touching"", ""transform"": ""sorev""}",,"{""do_sample"": false, ""max_new_tokens"": 5}",tier_b_tierb_pilot200,a4375a7c362690ef91f9db40f949558d1a160b30,v0.1
vsr_test:0286,vsr_test:0286,test,sorev,semantic,The dining table is touching the pizza,The pizza is touching the dining table.,touching,topology_contact,pizza,dining table,True,True,stability_law,False,False, False.,Qwen/Qwen2-VL-7B-Instruct,,7B_hardneg_lora,/home/ubuntu/vlm-spatial-reasoning/checkpoints/qwen2vl_7b_hardneg_lora/final,"{""README.md"": ""ad67fbd14e29a7dae114b54d70c840eab4d917c7d4bbce31d8e923429325d12b"", ""adapter_config.json"": ""9c868e731d9e1e45f0f114c79b1eeca3c96b1d0d3a8f5f93d9ff5a73d690a9df"", ""adapter_model.safetensors"": ""aaad7a39d905ddffc323d02d3beb78717388f29dc19488b91eb5218f4814b697"", ""chat_template.jinja"": ""a0bc6f6fc7a29a80017a433e8f03a1cc1236e838a944a2d034295a60c4f2fddb"", ""processor_config.json"": ""edb8dd5001f02dd3a488fd63d664fcdc5514c4a93962bf1be534a0acf6e2c714"", ""tokenizer.json"": ""ff8cce547abc110590d19c6b5b6e0c6a7b4c8d1012d78b9c42131bae7f494a02"", ""tokenizer_config.json"": ""5afec58078ec072cdc9ad190a63c8657f9c47ec71068ff9c77423f1ea0422364""}",,7f29cebb9d06eca06ad0d6c690e4d5a083b71a9c42008f88e92474e3ff0eb98a,eb4075c77285da02c52794154760fa969fb21ab3dcceb0820cb7d2ba27d27471,http://images.cocodataset.org/train2017/000000348973.jpg,http://images.cocodataset.org/train2017/000000348973.jpg,,http://images.cocodataset.org/train2017/000000348973.jpg,sorev,tier_b_v0.1,"{""axis"": ""semantic"", ""law"": ""stability_law"", ""note"": ""symmetric relation; subject/object reversal keeps truth"", ""relation"": ""touching"", ""transform"": ""sorev""}",,"{""do_sample"": false, ""max_new_tokens"": 5}",tier_b_tierb_pilot200,a4375a7c362690ef91f9db40f949558d1a160b30,v0.1
vsr_test:0287,vsr_test:0287,test,sorev,semantic,The giraffe is touching the person,The person is touching the giraffe.,touching,topology_contact,person,giraffe,False,False,stability_law,True,False, True,Qwen/Qwen2-VL-7B-Instruct,,7B_hardneg_lora,/home/ubuntu/vlm-spatial-reasoning/checkpoints/qwen2vl_7b_hardneg_lora/final,"{""README.md"": ""ad67fbd14e29a7dae114b54d70c840eab4d917c7d4bbce31d8e923429325d12b"", ""adapter_config.json"": ""9c868e731d9e1e45f0f114c79b1eeca3c96b1d0d3a8f5f93d9ff5a73d690a9df"", ""adapter_model.safetensors"": ""aaad7a39d905ddffc323d02d3beb78717388f29dc19488b91eb5218f4814b697"", ""chat_template.jinja"": ""a0bc6f6fc7a29a80017a433e8f03a1cc1236e838a944a2d034295a60c4f2fddb"", ""processor_config.json"": ""edb8dd5001f02dd3a488fd63d664fcdc5514c4a93962bf1be534a0acf6e2c714"", ""tokenizer.json"": ""ff8cce547abc110590d19c6b5b6e0c6a7b4c8d1012d78b9c42131bae7f494a02"", ""tokenizer_config.json"": ""5afec58078ec072cdc9ad190a63c8657f9c47ec71068ff9c77423f1ea0422364""}",,7f29cebb9d06eca06ad0d6c690e4d5a083b71a9c42008f88e92474e3ff0eb98a,eb4075c77285da02c52794154760fa969fb21ab3dcceb0820cb7d2ba27d27471,http://images.cocodataset.org/train2017/000000388074.jpg,http://images.cocodataset.org/train2017/000000388074.jpg,,http://images.cocodataset.org/train2017/000000388074.jpg,sorev,tier_b_v0.1,"{""axis"": ""semantic"", ""law"": ""stability_law"", ""note"": ""symmetric relation; subject/object reversal keeps truth"", ""relation"": ""touching"", ""transform"": ""sorev""}",,"{""do_sample"": false, ""max_new_tokens"": 5}",tier_b_tierb_pilot200,a4375a7c362690ef91f9db40f949558d1a160b30,v0.1
vsr_test:0290,vsr_test:0290,test,sorev,semantic,The laptop is close to the bench,The bench is close to the laptop.,close to,proximity,bench,laptop,True,True,stability_law,True,True, True,Qwen/Qwen2-VL-7B-Instruct,,7B_hardneg_lora,/home/ubuntu/vlm-spatial-reasoning/checkpoints/qwen2vl_7b_hardneg_lora/final,"{""README.md"": ""ad67fbd14e29a7dae114b54d70c840eab4d917c7d4bbce31d8e923429325d12b"", ""adapter_config.json"": ""9c868e731d9e1e45f0f114c79b1eeca3c96b1d0d3a8f5f93d9ff5a73d690a9df"", ""adapter_model.safetensors"": ""aaad7a39d905ddffc323d02d3beb78717388f29dc19488b91eb5218f4814b697"", ""chat_template.jinja"": ""a0bc6f6fc7a29a80017a433e8f03a1cc1236e838a944a2d034295a60c4f2fddb"", ""processor_config.json"": ""edb8dd5001f02dd3a488fd63d664fcdc5514c4a93962bf1be534a0acf6e2c714"", ""tokenizer.json"": ""ff8cce547abc110590d19c6b5b6e0c6a7b4c8d1012d78b9c42131bae7f494a02"", ""tokenizer_config.json"": ""5afec58078ec072cdc9ad190a63c8657f9c47ec71068ff9c77423f1ea0422364""}",,7f29cebb9d06eca06ad0d6c690e4d5a083b71a9c42008f88e92474e3ff0eb98a,eb4075c77285da02c52794154760fa969fb21ab3dcceb0820cb7d2ba27d27471,http://images.cocodataset.org/train2017/000000054723.jpg,http://images.cocodataset.org/train2017/000000054723.jpg,,http://images.cocodataset.org/train2017/000000054723.jpg,sorev,tier_b_v0.1,"{""axis"": ""semantic"", ""law"": ""stability_law"", ""note"": ""symmetric relation; subject/object reversal keeps truth"", ""relation"": ""close to"", ""transform"": ""sorev""}",,"{""do_sample"": false, ""max_new_tokens"": 5}",tier_b_tierb_pilot200,a4375a7c362690ef91f9db40f949558d1a160b30,v0.1
vsr_test:0294,vsr_test:0294,test,sorev,semantic,The bed is next to the book,The book is next to the bed.,next to,horizontal,book,bed,True,True,stability_law,False,False, False.,Qwen/Qwen2-VL-7B-Instruct,,7B_hardneg_lora,/home/ubuntu/vlm-spatial-reasoning/checkpoints/qwen2vl_7b_hardneg_lora/final,"{""README.md"": ""ad67fbd14e29a7dae114b54d70c840eab4d917c7d4bbce31d8e923429325d12b"", ""adapter_config.json"": ""9c868e731d9e1e45f0f114c79b1eeca3c96b1d0d3a8f5f93d9ff5a73d690a9df"", ""adapter_model.safetensors"": ""aaad7a39d905ddffc323d02d3beb78717388f29dc19488b91eb5218f4814b697"", ""chat_template.jinja"": ""a0bc6f6fc7a29a80017a433e8f03a1cc1236e838a944a2d034295a60c4f2fddb"", ""processor_config.json"": ""edb8dd5001f02dd3a488fd63d664fcdc5514c4a93962bf1be534a0acf6e2c714"", ""tokenizer.json"": ""ff8cce547abc110590d19c6b5b6e0c6a7b4c8d1012d78b9c42131bae7f494a02"", ""tokenizer_config.json"": ""5afec58078ec072cdc9ad190a63c8657f9c47ec71068ff9c77423f1ea0422364""}",,7f29cebb9d06eca06ad0d6c690e4d5a083b71a9c42008f88e92474e3ff0eb98a,eb4075c77285da02c52794154760fa969fb21ab3dcceb0820cb7d2ba27d27471,http://images.cocodataset.org/val2017/000000297353.jpg,http://images.cocodataset.org/val2017/000000297353.jpg,,http://images.cocodataset.org/val2017/000000297353.jpg,sorev,tier_b_v0.1,"{""axis"": ""semantic"", ""law"": ""stability_law"", ""note"": ""symmetric relation; subject/object reversal keeps truth"", ""relation"": ""next to"", ""transform"": ""sorev""}",,"{""do_sample"": false, ""max_new_tokens"": 5}",tier_b_tierb_pilot200,a4375a7c362690ef91f9db40f949558d1a160b30,v0.1
vsr_test:0306,vsr_test:0306,test,sorev,semantic,The bowl is next to the donut,The donut is next to the bowl.,next to,horizontal,donut,bowl,False,False,stability_law,False,True, False.,Qwen/Qwen2-VL-7B-Instruct,,7B_hardneg_lora,/home/ubuntu/vlm-spatial-reasoning/checkpoints/qwen2vl_7b_hardneg_lora/final,"{""README.md"": ""ad67fbd14e29a7dae114b54d70c840eab4d917c7d4bbce31d8e923429325d12b"", ""adapter_config.json"": ""9c868e731d9e1e45f0f114c79b1eeca3c96b1d0d3a8f5f93d9ff5a73d690a9df"", ""adapter_model.safetensors"": ""aaad7a39d905ddffc323d02d3beb78717388f29dc19488b91eb5218f4814b697"", ""chat_template.jinja"": ""a0bc6f6fc7a29a80017a433e8f03a1cc1236e838a944a2d034295a60c4f2fddb"", ""processor_config.json"": ""edb8dd5001f02dd3a488fd63d664fcdc5514c4a93962bf1be534a0acf6e2c714"", ""tokenizer.json"": ""ff8cce547abc110590d19c6b5b6e0c6a7b4c8d1012d78b9c42131bae7f494a02"", ""tokenizer_config.json"": ""5afec58078ec072cdc9ad190a63c8657f9c47ec71068ff9c77423f1ea0422364""}",,7f29cebb9d06eca06ad0d6c690e4d5a083b71a9c42008f88e92474e3ff0eb98a,eb4075c77285da02c52794154760fa969fb21ab3dcceb0820cb7d2ba27d27471,http://images.cocodataset.org/train2017/000000400869.jpg,http://images.cocodataset.org/train2017/000000400869.jpg,,http://images.cocodataset.org/train2017/000000400869.jpg,sorev,tier_b_v0.1,"{""axis"": ""semantic"", ""law"": ""stability_law"", ""note"": ""symmetric relation; subject/object reversal keeps truth"", ""relation"": ""next to"", ""transform"": ""sorev""}",,"{""do_sample"": false, ""max_new_tokens"": 5}",tier_b_tierb_pilot200,a4375a7c362690ef91f9db40f949558d1a160b30,v0.1
vsr_test:0311,vsr_test:0311,test,sorev,semantic,The bed is touching the cat,The cat is touching the bed.,touching,topology_contact,cat,bed,False,False,stability_law,True,False, True,Qwen/Qwen2-VL-7B-Instruct,,7B_hardneg_lora,/home/ubuntu/vlm-spatial-reasoning/checkpoints/qwen2vl_7b_hardneg_lora/final,"{""README.md"": ""ad67fbd14e29a7dae114b54d70c840eab4d917c7d4bbce31d8e923429325d12b"", ""adapter_config.json"": ""9c868e731d9e1e45f0f114c79b1eeca3c96b1d0d3a8f5f93d9ff5a73d690a9df"", ""adapter_model.safetensors"": ""aaad7a39d905ddffc323d02d3beb78717388f29dc19488b91eb5218f4814b697"", ""chat_template.jinja"": ""a0bc6f6fc7a29a80017a433e8f03a1cc1236e838a944a2d034295a60c4f2fddb"", ""processor_config.json"": ""edb8dd5001f02dd3a488fd63d664fcdc5514c4a93962bf1be534a0acf6e2c714"", ""tokenizer.json"": ""ff8cce547abc110590d19c6b5b6e0c6a7b4c8d1012d78b9c42131bae7f494a02"", ""tokenizer_config.json"": ""5afec58078ec072cdc9ad190a63c8657f9c47ec71068ff9c77423f1ea0422364""}",,7f29cebb9d06eca06ad0d6c690e4d5a083b71a9c42008f88e92474e3ff0eb98a,eb4075c77285da02c52794154760fa969fb21ab3dcceb0820cb7d2ba27d27471,http://images.cocodataset.org/train2017/000000530730.jpg,http://images.cocodataset.org/train2017/000000530730.jpg,,http://images.cocodataset.org/train2017/000000530730.jpg,sorev,tier_b_v0.1,"{""axis"": ""semantic"", ""law"": ""stability_law"", ""note"": ""symmetric relation; subject/object reversal keeps truth"", ""relation"": ""touching"", ""transform"": ""sorev""}",,"{""do_sample"": false, ""max_new_tokens"": 5}",tier_b_tierb_pilot200,a4375a7c362690ef91f9db40f949558d1a160b30,v0.1
vsr_test:0314,vsr_test:0314,test,sorev,semantic,The person is opposite to the microwave,The microwave is opposite to the person.,opposite to,other,microwave,person,True,True,stability_law,True,True, True.,Qwen/Qwen2-VL-7B-Instruct,,7B_hardneg_lora,/home/ubuntu/vlm-spatial-reasoning/checkpoints/qwen2vl_7b_hardneg_lora/final,"{""README.md"": ""ad67fbd14e29a7dae114b54d70c840eab4d917c7d4bbce31d8e923429325d12b"", ""adapter_config.json"": ""9c868e731d9e1e45f0f114c79b1eeca3c96b1d0d3a8f5f93d9ff5a73d690a9df"", ""adapter_model.safetensors"": ""aaad7a39d905ddffc323d02d3beb78717388f29dc19488b91eb5218f4814b697"", ""chat_template.jinja"": ""a0bc6f6fc7a29a80017a433e8f03a1cc1236e838a944a2d034295a60c4f2fddb"", ""processor_config.json"": ""edb8dd5001f02dd3a488fd63d664fcdc5514c4a93962bf1be534a0acf6e2c714"", ""tokenizer.json"": ""ff8cce547abc110590d19c6b5b6e0c6a7b4c8d1012d78b9c42131bae7f494a02"", ""tokenizer_config.json"": ""5afec58078ec072cdc9ad190a63c8657f9c47ec71068ff9c77423f1ea0422364""}",,7f29cebb9d06eca06ad0d6c690e4d5a083b71a9c42008f88e92474e3ff0eb98a,eb4075c77285da02c52794154760fa969fb21ab3dcceb0820cb7d2ba27d27471,http://images.cocodataset.org/train2017/000000481828.jpg,http://images.cocodataset.org/train2017/000000481828.jpg,,http://images.cocodataset.org/train2017/000000481828.jpg,sorev,tier_b_v0.1,"{""axis"": ""semantic"", ""law"": ""stability_law"", ""note"": ""symmetric relation; subject/object reversal keeps truth"", ""relation"": ""opposite to"", ""transform"": ""sorev""}",,"{""do_sample"": false, ""max_new_tokens"": 5}",tier_b_tierb_pilot200,a4375a7c362690ef91f9db40f949558d1a160b30,v0.1
vsr_test:0316,vsr_test:0316,test,sorev,semantic,The person is detached from the bed,The bed is detached from the person.,detached from,topology_contact,bed,person,True,True,stability_law,True,True, True,Qwen/Qwen2-VL-7B-Instruct,,7B_hardneg_lora,/home/ubuntu/vlm-spatial-reasoning/checkpoints/qwen2vl_7b_hardneg_lora/final,"{""README.md"": ""ad67fbd14e29a7dae114b54d70c840eab4d917c7d4bbce31d8e923429325d12b"", ""adapter_config.json"": ""9c868e731d9e1e45f0f114c79b1eeca3c96b1d0d3a8f5f93d9ff5a73d690a9df"", ""adapter_model.safetensors"": ""aaad7a39d905ddffc323d02d3beb78717388f29dc19488b91eb5218f4814b697"", ""chat_template.jinja"": ""a0bc6f6fc7a29a80017a433e8f03a1cc1236e838a944a2d034295a60c4f2fddb"", ""processor_config.json"": ""edb8dd5001f02dd3a488fd63d664fcdc5514c4a93962bf1be534a0acf6e2c714"", ""tokenizer.json"": ""ff8cce547abc110590d19c6b5b6e0c6a7b4c8d1012d78b9c42131bae7f494a02"", ""tokenizer_config.json"": ""5afec58078ec072cdc9ad190a63c8657f9c47ec71068ff9c77423f1ea0422364""}",,7f29cebb9d06eca06ad0d6c690e4d5a083b71a9c42008f88e92474e3ff0eb98a,eb4075c77285da02c52794154760fa969fb21ab3dcceb0820cb7d2ba27d27471,http://images.cocodataset.org/train2017/000000507385.jpg,http://images.cocodataset.org/train2017/000000507385.jpg,,http://images.cocodataset.org/train2017/000000507385.jpg,sorev,tier_b_v0.1,"{""axis"": ""semantic"", ""law"": ""stability_law"", ""note"": ""symmetric relation; subject/object reversal keeps truth"", ""relation"": ""detached from"", ""transform"": ""sorev""}",,"{""do_sample"": false, ""max_new_tokens"": 5}",tier_b_tierb_pilot200,a4375a7c362690ef91f9db40f949558d1a160b30,v0.1
vsr_test:0319,vsr_test:0319,test,sorev,semantic,The person is with the carrot,The carrot is with the person.,with,other,carrot,person,False,False,stability_law,False,True, False.,Qwen/Qwen2-VL-7B-Instruct,,7B_hardneg_lora,/home/ubuntu/vlm-spatial-reasoning/checkpoints/qwen2vl_7b_hardneg_lora/final,"{""README.md"": ""ad67fbd14e29a7dae114b54d70c840eab4d917c7d4bbce31d8e923429325d12b"", ""adapter_config.json"": ""9c868e731d9e1e45f0f114c79b1eeca3c96b1d0d3a8f5f93d9ff5a73d690a9df"", ""adapter_model.safetensors"": ""aaad7a39d905ddffc323d02d3beb78717388f29dc19488b91eb5218f4814b697"", ""chat_template.jinja"": ""a0bc6f6fc7a29a80017a433e8f03a1cc1236e838a944a2d034295a60c4f2fddb"", ""processor_config.json"": ""edb8dd5001f02dd3a488fd63d664fcdc5514c4a93962bf1be534a0acf6e2c714"", ""tokenizer.json"": ""ff8cce547abc110590d19c6b5b6e0c6a7b4c8d1012d78b9c42131bae7f494a02"", ""tokenizer_config.json"": ""5afec58078ec072cdc9ad190a63c8657f9c47ec71068ff9c77423f1ea0422364""}",,7f29cebb9d06eca06ad0d6c690e4d5a083b71a9c42008f88e92474e3ff0eb98a,eb4075c77285da02c52794154760fa969fb21ab3dcceb0820cb7d2ba27d27471,http://images.cocodataset.org/train2017/000000170401.jpg,http://images.cocodataset.org/train2017/000000170401.jpg,,http://images.cocodataset.org/train2017/000000170401.jpg,sorev,tier_b_v0.1,"{""axis"": ""semantic"", ""law"": ""stability_law"", ""note"": ""symmetric relation; subject/object reversal keeps truth"", ""relation"": ""with"", ""transform"": ""sorev""}",,"{""do_sample"": false, ""max_new_tokens"": 5}",tier_b_tierb_pilot200,a4375a7c362690ef91f9db40f949558d1a160b30,v0.1
vsr_test:0324,vsr_test:0324,test,sorev,semantic,The sandwich is near the toaster,The toaster is near the sandwich.,near,proximity,toaster,sandwich,False,False,stability_law,False,True, False.,Qwen/Qwen2-VL-7B-Instruct,,7B_hardneg_lora,/home/ubuntu/vlm-spatial-reasoning/checkpoints/qwen2vl_7b_hardneg_lora/final,"{""README.md"": ""ad67fbd14e29a7dae114b54d70c840eab4d917c7d4bbce31d8e923429325d12b"", ""adapter_config.json"": ""9c868e731d9e1e45f0f114c79b1eeca3c96b1d0d3a8f5f93d9ff5a73d690a9df"", ""adapter_model.safetensors"": ""aaad7a39d905ddffc323d02d3beb78717388f29dc19488b91eb5218f4814b697"", ""chat_template.jinja"": ""a0bc6f6fc7a29a80017a433e8f03a1cc1236e838a944a2d034295a60c4f2fddb"", ""processor_config.json"": ""edb8dd5001f02dd3a488fd63d664fcdc5514c4a93962bf1be534a0acf6e2c714"", ""tokenizer.json"": ""ff8cce547abc110590d19c6b5b6e0c6a7b4c8d1012d78b9c42131bae7f494a02"", ""tokenizer_config.json"": ""5afec58078ec072cdc9ad190a63c8657f9c47ec71068ff9c77423f1ea0422364""}",,7f29cebb9d06eca06ad0d6c690e4d5a083b71a9c42008f88e92474e3ff0eb98a,eb4075c77285da02c52794154760fa969fb21ab3dcceb0820cb7d2ba27d27471,http://images.cocodataset.org/train2017/000000214725.jpg,http://images.cocodataset.org/train2017/000000214725.jpg,,http://images.cocodataset.org/train2017/000000214725.jpg,sorev,tier_b_v0.1,"{""axis"": ""semantic"", ""law"": ""stability_law"", ""note"": ""symmetric relation; subject/object reversal keeps truth"", ""relation"": ""near"", ""transform"": ""sorev""}",,"{""do_sample"": false, ""max_new_tokens"": 5}",tier_b_tierb_pilot200,a4375a7c362690ef91f9db40f949558d1a160b30,v0.1
vsr_test:0325,vsr_test:0325,test,sorev,semantic,The dog is touching the pizza,The pizza is touching the dog.,touching,topology_contact,pizza,dog,False,False,stability_law,True,False, True,Qwen/Qwen2-VL-7B-Instruct,,7B_hardneg_lora,/home/ubuntu/vlm-spatial-reasoning/checkpoints/qwen2vl_7b_hardneg_lora/final,"{""README.md"": ""ad67fbd14e29a7dae114b54d70c840eab4d917c7d4bbce31d8e923429325d12b"", ""adapter_config.json"": ""9c868e731d9e1e45f0f114c79b1eeca3c96b1d0d3a8f5f93d9ff5a73d690a9df"", ""adapter_model.safetensors"": ""aaad7a39d905ddffc323d02d3beb78717388f29dc19488b91eb5218f4814b697"", ""chat_template.jinja"": ""a0bc6f6fc7a29a80017a433e8f03a1cc1236e838a944a2d034295a60c4f2fddb"", ""processor_config.json"": ""edb8dd5001f02dd3a488fd63d664fcdc5514c4a93962bf1be534a0acf6e2c714"", ""tokenizer.json"": ""ff8cce547abc110590d19c6b5b6e0c6a7b4c8d1012d78b9c42131bae7f494a02"", ""tokenizer_config.json"": ""5afec58078ec072cdc9ad190a63c8657f9c47ec71068ff9c77423f1ea0422364""}",,7f29cebb9d06eca06ad0d6c690e4d5a083b71a9c42008f88e92474e3ff0eb98a,eb4075c77285da02c52794154760fa969fb21ab3dcceb0820cb7d2ba27d27471,http://images.cocodataset.org/train2017/000000508555.jpg,http://images.cocodataset.org/train2017/000000508555.jpg,,http://images.cocodataset.org/train2017/000000508555.jpg,sorev,tier_b_v0.1,"{""axis"": ""semantic"", ""law"": ""stability_law"", ""note"": ""symmetric relation; subject/object reversal keeps truth"", ""relation"": ""touching"", ""transform"": ""sorev""}",,"{""do_sample"": false, ""max_new_tokens"": 5}",tier_b_tierb_pilot200,a4375a7c362690ef91f9db40f949558d1a160b30,v0.1
vsr_test:0328,vsr_test:0328,test,sorev,semantic,The pizza is touching the dining table,The dining table is touching the pizza.,touching,topology_contact,dining table,pizza,False,False,stability_law,False,True, False.,Qwen/Qwen2-VL-7B-Instruct,,7B_hardneg_lora,/home/ubuntu/vlm-spatial-reasoning/checkpoints/qwen2vl_7b_hardneg_lora/final,"{""README.md"": ""ad67fbd14e29a7dae114b54d70c840eab4d917c7d4bbce31d8e923429325d12b"", ""adapter_config.json"": ""9c868e731d9e1e45f0f114c79b1eeca3c96b1d0d3a8f5f93d9ff5a73d690a9df"", ""adapter_model.safetensors"": ""aaad7a39d905ddffc323d02d3beb78717388f29dc19488b91eb5218f4814b697"", ""chat_template.jinja"": ""a0bc6f6fc7a29a80017a433e8f03a1cc1236e838a944a2d034295a60c4f2fddb"", ""processor_config.json"": ""edb8dd5001f02dd3a488fd63d664fcdc5514c4a93962bf1be534a0acf6e2c714"", ""tokenizer.json"": ""ff8cce547abc110590d19c6b5b6e0c6a7b4c8d1012d78b9c42131bae7f494a02"", ""tokenizer_config.json"": ""5afec58078ec072cdc9ad190a63c8657f9c47ec71068ff9c77423f1ea0422364""}",,7f29cebb9d06eca06ad0d6c690e4d5a083b71a9c42008f88e92474e3ff0eb98a,eb4075c77285da02c52794154760fa969fb21ab3dcceb0820cb7d2ba27d27471,http://images.cocodataset.org/train2017/000000503456.jpg,http://images.cocodataset.org/train2017/000000503456.jpg,,http://images.cocodataset.org/train2017/000000503456.jpg,sorev,tier_b_v0.1,"{""axis"": ""semantic"", ""law"": ""stability_law"", ""note"": ""symmetric relation; subject/object reversal keeps truth"", ""relation"": ""touching"", ""transform"": ""sorev""}",,"{""do_sample"": false, ""max_new_tokens"": 5}",tier_b_tierb_pilot200,a4375a7c362690ef91f9db40f949558d1a160b30,v0.1
vsr_test:0331,vsr_test:0331,test,sorev,semantic,The bed is across from the chair,The chair is across from the bed.,across from,horizontal,chair,bed,False,False,stability_law,False,True, False.,Qwen/Qwen2-VL-7B-Instruct,,7B_hardneg_lora,/home/ubuntu/vlm-spatial-reasoning/checkpoints/qwen2vl_7b_hardneg_lora/final,"{""README.md"": ""ad67fbd14e29a7dae114b54d70c840eab4d917c7d4bbce31d8e923429325d12b"", ""adapter_config.json"": ""9c868e731d9e1e45f0f114c79b1eeca3c96b1d0d3a8f5f93d9ff5a73d690a9df"", ""adapter_model.safetensors"": ""aaad7a39d905ddffc323d02d3beb78717388f29dc19488b91eb5218f4814b697"", ""chat_template.jinja"": ""a0bc6f6fc7a29a80017a433e8f03a1cc1236e838a944a2d034295a60c4f2fddb"", ""processor_config.json"": ""edb8dd5001f02dd3a488fd63d664fcdc5514c4a93962bf1be534a0acf6e2c714"", ""tokenizer.json"": ""ff8cce547abc110590d19c6b5b6e0c6a7b4c8d1012d78b9c42131bae7f494a02"", ""tokenizer_config.json"": ""5afec58078ec072cdc9ad190a63c8657f9c47ec71068ff9c77423f1ea0422364""}",,7f29cebb9d06eca06ad0d6c690e4d5a083b71a9c42008f88e92474e3ff0eb98a,eb4075c77285da02c52794154760fa969fb21ab3dcceb0820cb7d2ba27d27471,http://images.cocodataset.org/train2017/000000054401.jpg,http://images.cocodataset.org/train2017/000000054401.jpg,,http://images.cocodataset.org/train2017/000000054401.jpg,sorev,tier_b_v0.1,"{""axis"": ""semantic"", ""law"": ""stability_law"", ""note"": ""symmetric relation; subject/object reversal keeps truth"", ""relation"": ""across from"", ""transform"": ""sorev""}",,"{""do_sample"": false, ""max_new_tokens"": 5}",tier_b_tierb_pilot200,a4375a7c362690ef91f9db40f949558d1a160b30,v0.1
vsr_test:0332,vsr_test:0332,test,sorev,semantic,The horse is away from the bus,The bus is away from the horse.,away from,proximity,bus,horse,False,False,stability_law,True,False, True.,Qwen/Qwen2-VL-7B-Instruct,,7B_hardneg_lora,/home/ubuntu/vlm-spatial-reasoning/checkpoints/qwen2vl_7b_hardneg_lora/final,"{""README.md"": ""ad67fbd14e29a7dae114b54d70c840eab4d917c7d4bbce31d8e923429325d12b"", ""adapter_config.json"": ""9c868e731d9e1e45f0f114c79b1eeca3c96b1d0d3a8f5f93d9ff5a73d690a9df"", ""adapter_model.safetensors"": ""aaad7a39d905ddffc323d02d3beb78717388f29dc19488b91eb5218f4814b697"", ""chat_template.jinja"": ""a0bc6f6fc7a29a80017a433e8f03a1cc1236e838a944a2d034295a60c4f2fddb"", ""processor_config.json"": ""edb8dd5001f02dd3a488fd63d664fcdc5514c4a93962bf1be534a0acf6e2c714"", ""tokenizer.json"": ""ff8cce547abc110590d19c6b5b6e0c6a7b4c8d1012d78b9c42131bae7f494a02"", ""tokenizer_config.json"": ""5afec58078ec072cdc9ad190a63c8657f9c47ec71068ff9c77423f1ea0422364""}",,7f29cebb9d06eca06ad0d6c690e4d5a083b71a9c42008f88e92474e3ff0eb98a,eb4075c77285da02c52794154760fa969fb21ab3dcceb0820cb7d2ba27d27471,http://images.cocodataset.org/train2017/000000411603.jpg,http://images.cocodataset.org/train2017/000000411603.jpg,,http://images.cocodataset.org/train2017/000000411603.jpg,sorev,tier_b_v0.1,"{""axis"": ""semantic"", ""law"": ""stability_law"", ""note"": ""symmetric relation; subject/object reversal keeps truth"", ""relation"": ""away from"", ""transform"": ""sorev""}",,"{""do_sample"": false, ""max_new_tokens"": 5}",tier_b_tierb_pilot200,a4375a7c362690ef91f9db40f949558d1a160b30,v0.1
vsr_test:0334,vsr_test:0334,test,sorev,semantic,The cat is touching the umbrella,The umbrella is touching the cat.,touching,topology_contact,umbrella,cat,True,True,stability_law,True,True, True,Qwen/Qwen2-VL-7B-Instruct,,7B_hardneg_lora,/home/ubuntu/vlm-spatial-reasoning/checkpoints/qwen2vl_7b_hardneg_lora/final,"{""README.md"": ""ad67fbd14e29a7dae114b54d70c840eab4d917c7d4bbce31d8e923429325d12b"", ""adapter_config.json"": ""9c868e731d9e1e45f0f114c79b1eeca3c96b1d0d3a8f5f93d9ff5a73d690a9df"", ""adapter_model.safetensors"": ""aaad7a39d905ddffc323d02d3beb78717388f29dc19488b91eb5218f4814b697"", ""chat_template.jinja"": ""a0bc6f6fc7a29a80017a433e8f03a1cc1236e838a944a2d034295a60c4f2fddb"", ""processor_config.json"": ""edb8dd5001f02dd3a488fd63d664fcdc5514c4a93962bf1be534a0acf6e2c714"", ""tokenizer.json"": ""ff8cce547abc110590d19c6b5b6e0c6a7b4c8d1012d78b9c42131bae7f494a02"", ""tokenizer_config.json"": ""5afec58078ec072cdc9ad190a63c8657f9c47ec71068ff9c77423f1ea0422364""}",,7f29cebb9d06eca06ad0d6c690e4d5a083b71a9c42008f88e92474e3ff0eb98a,eb4075c77285da02c52794154760fa969fb21ab3dcceb0820cb7d2ba27d27471,http://images.cocodataset.org/train2017/000000305338.jpg,http://images.cocodataset.org/train2017/000000305338.jpg,,http://images.cocodataset.org/train2017/000000305338.jpg,sorev,tier_b_v0.1,"{""axis"": ""semantic"", ""law"": ""stability_law"", ""note"": ""symmetric relation; subject/object reversal keeps truth"", ""relation"": ""touching"", ""transform"": ""sorev""}",,"{""do_sample"": false, ""max_new_tokens"": 5}",tier_b_tierb_pilot200,a4375a7c362690ef91f9db40f949558d1a160b30,v0.1
vsr_test:0336,vsr_test:0336,test,sorev,semantic,The sandwich is near the pizza,The pizza is near the sandwich.,near,proximity,pizza,sandwich,False,False,stability_law,False,True, False.,Qwen/Qwen2-VL-7B-Instruct,,7B_hardneg_lora,/home/ubuntu/vlm-spatial-reasoning/checkpoints/qwen2vl_7b_hardneg_lora/final,"{""README.md"": ""ad67fbd14e29a7dae114b54d70c840eab4d917c7d4bbce31d8e923429325d12b"", ""adapter_config.json"": ""9c868e731d9e1e45f0f114c79b1eeca3c96b1d0d3a8f5f93d9ff5a73d690a9df"", ""adapter_model.safetensors"": ""aaad7a39d905ddffc323d02d3beb78717388f29dc19488b91eb5218f4814b697"", ""chat_template.jinja"": ""a0bc6f6fc7a29a80017a433e8f03a1cc1236e838a944a2d034295a60c4f2fddb"", ""processor_config.json"": ""edb8dd5001f02dd3a488fd63d664fcdc5514c4a93962bf1be534a0acf6e2c714"", ""tokenizer.json"": ""ff8cce547abc110590d19c6b5b6e0c6a7b4c8d1012d78b9c42131bae7f494a02"", ""tokenizer_config.json"": ""5afec58078ec072cdc9ad190a63c8657f9c47ec71068ff9c77423f1ea0422364""}",,7f29cebb9d06eca06ad0d6c690e4d5a083b71a9c42008f88e92474e3ff0eb98a,eb4075c77285da02c52794154760fa969fb21ab3dcceb0820cb7d2ba27d27471,http://images.cocodataset.org/train2017/000000040934.jpg,http://images.cocodataset.org/train2017/000000040934.jpg,,http://images.cocodataset.org/train2017/000000040934.jpg,sorev,tier_b_v0.1,"{""axis"": ""semantic"", ""law"": ""stability_law"", ""note"": ""symmetric relation; subject/object reversal keeps truth"", ""relation"": ""near"", ""transform"": ""sorev""}",,"{""do_sample"": false, ""max_new_tokens"": 5}",tier_b_tierb_pilot200,a4375a7c362690ef91f9db40f949558d1a160b30,v0.1
vsr_test:0337,vsr_test:0337,test,sorev,semantic,The bird is away from the motorcycle,The motorcycle is away from the bird.,away from,proximity,motorcycle,bird,True,True,stability_law,True,True, True,Qwen/Qwen2-VL-7B-Instruct,,7B_hardneg_lora,/home/ubuntu/vlm-spatial-reasoning/checkpoints/qwen2vl_7b_hardneg_lora/final,"{""README.md"": ""ad67fbd14e29a7dae114b54d70c840eab4d917c7d4bbce31d8e923429325d12b"", ""adapter_config.json"": ""9c868e731d9e1e45f0f114c79b1eeca3c96b1d0d3a8f5f93d9ff5a73d690a9df"", ""adapter_model.safetensors"": ""aaad7a39d905ddffc323d02d3beb78717388f29dc19488b91eb5218f4814b697"", ""chat_template.jinja"": ""a0bc6f6fc7a29a80017a433e8f03a1cc1236e838a944a2d034295a60c4f2fddb"", ""processor_config.json"": ""edb8dd5001f02dd3a488fd63d664fcdc5514c4a93962bf1be534a0acf6e2c714"", ""tokenizer.json"": ""ff8cce547abc110590d19c6b5b6e0c6a7b4c8d1012d78b9c42131bae7f494a02"", ""tokenizer_config.json"": ""5afec58078ec072cdc9ad190a63c8657f9c47ec71068ff9c77423f1ea0422364""}",,7f29cebb9d06eca06ad0d6c690e4d5a083b71a9c42008f88e92474e3ff0eb98a,eb4075c77285da02c52794154760fa969fb21ab3dcceb0820cb7d2ba27d27471,http://images.cocodataset.org/train2017/000000155777.jpg,http://images.cocodataset.org/train2017/000000155777.jpg,,http://images.cocodataset.org/train2017/000000155777.jpg,sorev,tier_b_v0.1,"{""axis"": ""semantic"", ""law"": ""stability_law"", ""note"": ""symmetric relation; subject/object reversal keeps truth"", ""relation"": ""away from"", ""transform"": ""sorev""}",,"{""do_sample"": false, ""max_new_tokens"": 5}",tier_b_tierb_pilot200,a4375a7c362690ef91f9db40f949558d1a160b30,v0.1
vsr_test:0343,vsr_test:0343,test,sorev,semantic,The dining table is beside the surfboard,The surfboard is beside the dining table.,beside,horizontal,surfboard,dining table,True,True,stability_law,True,True, True.,Qwen/Qwen2-VL-7B-Instruct,,7B_hardneg_lora,/home/ubuntu/vlm-spatial-reasoning/checkpoints/qwen2vl_7b_hardneg_lora/final,"{""README.md"": ""ad67fbd14e29a7dae114b54d70c840eab4d917c7d4bbce31d8e923429325d12b"", ""adapter_config.json"": ""9c868e731d9e1e45f0f114c79b1eeca3c96b1d0d3a8f5f93d9ff5a73d690a9df"", ""adapter_model.safetensors"": ""aaad7a39d905ddffc323d02d3beb78717388f29dc19488b91eb5218f4814b697"", ""chat_template.jinja"": ""a0bc6f6fc7a29a80017a433e8f03a1cc1236e838a944a2d034295a60c4f2fddb"", ""processor_config.json"": ""edb8dd5001f02dd3a488fd63d664fcdc5514c4a93962bf1be534a0acf6e2c714"", ""tokenizer.json"": ""ff8cce547abc110590d19c6b5b6e0c6a7b4c8d1012d78b9c42131bae7f494a02"", ""tokenizer_config.json"": ""5afec58078ec072cdc9ad190a63c8657f9c47ec71068ff9c77423f1ea0422364""}",,7f29cebb9d06eca06ad0d6c690e4d5a083b71a9c42008f88e92474e3ff0eb98a,eb4075c77285da02c52794154760fa969fb21ab3dcceb0820cb7d2ba27d27471,http://images.cocodataset.org/train2017/000000177809.jpg,http://images.cocodataset.org/train2017/000000177809.jpg,,http://images.cocodataset.org/train2017/000000177809.jpg,sorev,tier_b_v0.1,"{""axis"": ""semantic"", ""law"": ""stability_law"", ""note"": ""symmetric relation; subject/object reversal keeps truth"", ""relation"": ""beside"", ""transform"": ""sorev""}",,"{""do_sample"": false, ""max_new_tokens"": 5}",tier_b_tierb_pilot200,a4375a7c362690ef91f9db40f949558d1a160b30,v0.1
vsr_test:0344,vsr_test:0344,test,sorev,semantic,The wine glass is next to the teddy bear,The teddy bear is next to the wine glass.,next to,horizontal,teddy bear,wine glass,True,True,stability_law,True,True, True.,Qwen/Qwen2-VL-7B-Instruct,,7B_hardneg_lora,/home/ubuntu/vlm-spatial-reasoning/checkpoints/qwen2vl_7b_hardneg_lora/final,"{""README.md"": ""ad67fbd14e29a7dae114b54d70c840eab4d917c7d4bbce31d8e923429325d12b"", ""adapter_config.json"": ""9c868e731d9e1e45f0f114c79b1eeca3c96b1d0d3a8f5f93d9ff5a73d690a9df"", ""adapter_model.safetensors"": ""aaad7a39d905ddffc323d02d3beb78717388f29dc19488b91eb5218f4814b697"", ""chat_template.jinja"": ""a0bc6f6fc7a29a80017a433e8f03a1cc1236e838a944a2d034295a60c4f2fddb"", ""processor_config.json"": ""edb8dd5001f02dd3a488fd63d664fcdc5514c4a93962bf1be534a0acf6e2c714"", ""tokenizer.json"": ""ff8cce547abc110590d19c6b5b6e0c6a7b4c8d1012d78b9c42131bae7f494a02"", ""tokenizer_config.json"": ""5afec58078ec072cdc9ad190a63c8657f9c47ec71068ff9c77423f1ea0422364""}",,7f29cebb9d06eca06ad0d6c690e4d5a083b71a9c42008f88e92474e3ff0eb98a,eb4075c77285da02c52794154760fa969fb21ab3dcceb0820cb7d2ba27d27471,http://images.cocodataset.org/train2017/000000444343.jpg,http://images.cocodataset.org/train2017/000000444343.jpg,,http://images.cocodataset.org/train2017/000000444343.jpg,sorev,tier_b_v0.1,"{""axis"": ""semantic"", ""law"": ""stability_law"", ""note"": ""symmetric relation; subject/object reversal keeps truth"", ""relation"": ""next to"", ""transform"": ""sorev""}",,"{""do_sample"": false, ""max_new_tokens"": 5}",tier_b_tierb_pilot200,a4375a7c362690ef91f9db40f949558d1a160b30,v0.1
vsr_test:0346,vsr_test:0346,test,sorev,semantic,The hot dog is touching the person,The person is touching the hot dog.,touching,topology_contact,person,hot dog,True,True,stability_law,True,True, True.,Qwen/Qwen2-VL-7B-Instruct,,7B_hardneg_lora,/home/ubuntu/vlm-spatial-reasoning/checkpoints/qwen2vl_7b_hardneg_lora/final,"{""README.md"": ""ad67fbd14e29a7dae114b54d70c840eab4d917c7d4bbce31d8e923429325d12b"", ""adapter_config.json"": ""9c868e731d9e1e45f0f114c79b1eeca3c96b1d0d3a8f5f93d9ff5a73d690a9df"", ""adapter_model.safetensors"": ""aaad7a39d905ddffc323d02d3beb78717388f29dc19488b91eb5218f4814b697"", ""chat_template.jinja"": ""a0bc6f6fc7a29a80017a433e8f03a1cc1236e838a944a2d034295a60c4f2fddb"", ""processor_config.json"": ""edb8dd5001f02dd3a488fd63d664fcdc5514c4a93962bf1be534a0acf6e2c714"", ""tokenizer.json"": ""ff8cce547abc110590d19c6b5b6e0c6a7b4c8d1012d78b9c42131bae7f494a02"", ""tokenizer_config.json"": ""5afec58078ec072cdc9ad190a63c8657f9c47ec71068ff9c77423f1ea0422364""}",,7f29cebb9d06eca06ad0d6c690e4d5a083b71a9c42008f88e92474e3ff0eb98a,eb4075c77285da02c52794154760fa969fb21ab3dcceb0820cb7d2ba27d27471,http://images.cocodataset.org/train2017/000000335532.jpg,http://images.cocodataset.org/train2017/000000335532.jpg,,http://images.cocodataset.org/train2017/000000335532.jpg,sorev,tier_b_v0.1,"{""axis"": ""semantic"", ""law"": ""stability_law"", ""note"": ""symmetric relation; subject/object reversal keeps truth"", ""relation"": ""touching"", ""transform"": ""sorev""}",,"{""do_sample"": false, ""max_new_tokens"": 5}",tier_b_tierb_pilot200,a4375a7c362690ef91f9db40f949558d1a160b30,v0.1
vsr_test:0347,vsr_test:0347,test,sorev,semantic,The donut is touching the person,The person is touching the donut.,touching,topology_contact,person,donut,True,True,stability_law,True,True, True,Qwen/Qwen2-VL-7B-Instruct,,7B_hardneg_lora,/home/ubuntu/vlm-spatial-reasoning/checkpoints/qwen2vl_7b_hardneg_lora/final,"{""README.md"": ""ad67fbd14e29a7dae114b54d70c840eab4d917c7d4bbce31d8e923429325d12b"", ""adapter_config.json"": ""9c868e731d9e1e45f0f114c79b1eeca3c96b1d0d3a8f5f93d9ff5a73d690a9df"", ""adapter_model.safetensors"": ""aaad7a39d905ddffc323d02d3beb78717388f29dc19488b91eb5218f4814b697"", ""chat_template.jinja"": ""a0bc6f6fc7a29a80017a433e8f03a1cc1236e838a944a2d034295a60c4f2fddb"", ""processor_config.json"": ""edb8dd5001f02dd3a488fd63d664fcdc5514c4a93962bf1be534a0acf6e2c714"", ""tokenizer.json"": ""ff8cce547abc110590d19c6b5b6e0c6a7b4c8d1012d78b9c42131bae7f494a02"", ""tokenizer_config.json"": ""5afec58078ec072cdc9ad190a63c8657f9c47ec71068ff9c77423f1ea0422364""}",,7f29cebb9d06eca06ad0d6c690e4d5a083b71a9c42008f88e92474e3ff0eb98a,eb4075c77285da02c52794154760fa969fb21ab3dcceb0820cb7d2ba27d27471,http://images.cocodataset.org/train2017/000000309607.jpg,http://images.cocodataset.org/train2017/000000309607.jpg,,http://images.cocodataset.org/train2017/000000309607.jpg,sorev,tier_b_v0.1,"{""axis"": ""semantic"", ""law"": ""stability_law"", ""note"": ""symmetric relation; subject/object reversal keeps truth"", ""relation"": ""touching"", ""transform"": ""sorev""}",,"{""do_sample"": false, ""max_new_tokens"": 5}",tier_b_tierb_pilot200,a4375a7c362690ef91f9db40f949558d1a160b30,v0.1
vsr_test:0351,vsr_test:0351,test,sorev,semantic,The truck is far away from the elephant,The elephant is far away from the truck.,far away from,proximity,elephant,truck,False,False,stability_law,False,True, False,Qwen/Qwen2-VL-7B-Instruct,,7B_hardneg_lora,/home/ubuntu/vlm-spatial-reasoning/checkpoints/qwen2vl_7b_hardneg_lora/final,"{""README.md"": ""ad67fbd14e29a7dae114b54d70c840eab4d917c7d4bbce31d8e923429325d12b"", ""adapter_config.json"": ""9c868e731d9e1e45f0f114c79b1eeca3c96b1d0d3a8f5f93d9ff5a73d690a9df"", ""adapter_model.safetensors"": ""aaad7a39d905ddffc323d02d3beb78717388f29dc19488b91eb5218f4814b697"", ""chat_template.jinja"": ""a0bc6f6fc7a29a80017a433e8f03a1cc1236e838a944a2d034295a60c4f2fddb"", ""processor_config.json"": ""edb8dd5001f02dd3a488fd63d664fcdc5514c4a93962bf1be534a0acf6e2c714"", ""tokenizer.json"": ""ff8cce547abc110590d19c6b5b6e0c6a7b4c8d1012d78b9c42131bae7f494a02"", ""tokenizer_config.json"": ""5afec58078ec072cdc9ad190a63c8657f9c47ec71068ff9c77423f1ea0422364""}",,7f29cebb9d06eca06ad0d6c690e4d5a083b71a9c42008f88e92474e3ff0eb98a,eb4075c77285da02c52794154760fa969fb21ab3dcceb0820cb7d2ba27d27471,http://images.cocodataset.org/train2017/000000027989.jpg,http://images.cocodataset.org/train2017/000000027989.jpg,,http://images.cocodataset.org/train2017/000000027989.jpg,sorev,tier_b_v0.1,"{""axis"": ""semantic"", ""law"": ""stability_law"", ""note"": ""symmetric relation; subject/object reversal keeps truth"", ""relation"": ""far away from"", ""transform"": ""sorev""}",,"{""do_sample"": false, ""max_new_tokens"": 5}",tier_b_tierb_pilot200,a4375a7c362690ef91f9db40f949558d1a160b30,v0.1
vsr_test:0353,vsr_test:0353,test,sorev,semantic,The mouse is next to the teddy bear,The teddy bear is next to the mouse.,next to,horizontal,teddy bear,mouse,False,False,stability_law,True,False, True.,Qwen/Qwen2-VL-7B-Instruct,,7B_hardneg_lora,/home/ubuntu/vlm-spatial-reasoning/checkpoints/qwen2vl_7b_hardneg_lora/final,"{""README.md"": ""ad67fbd14e29a7dae114b54d70c840eab4d917c7d4bbce31d8e923429325d12b"", ""adapter_config.json"": ""9c868e731d9e1e45f0f114c79b1eeca3c96b1d0d3a8f5f93d9ff5a73d690a9df"", ""adapter_model.safetensors"": ""aaad7a39d905ddffc323d02d3beb78717388f29dc19488b91eb5218f4814b697"", ""chat_template.jinja"": ""a0bc6f6fc7a29a80017a433e8f03a1cc1236e838a944a2d034295a60c4f2fddb"", ""processor_config.json"": ""edb8dd5001f02dd3a488fd63d664fcdc5514c4a93962bf1be534a0acf6e2c714"", ""tokenizer.json"": ""ff8cce547abc110590d19c6b5b6e0c6a7b4c8d1012d78b9c42131bae7f494a02"", ""tokenizer_config.json"": ""5afec58078ec072cdc9ad190a63c8657f9c47ec71068ff9c77423f1ea0422364""}",,7f29cebb9d06eca06ad0d6c690e4d5a083b71a9c42008f88e92474e3ff0eb98a,eb4075c77285da02c52794154760fa969fb21ab3dcceb0820cb7d2ba27d27471,http://images.cocodataset.org/train2017/000000569024.jpg,http://images.cocodataset.org/train2017/000000569024.jpg,,http://images.cocodataset.org/train2017/000000569024.jpg,sorev,tier_b_v0.1,"{""axis"": ""semantic"", ""law"": ""stability_law"", ""note"": ""symmetric relation; subject/object reversal keeps truth"", ""relation"": ""next to"", ""transform"": ""sorev""}",,"{""do_sample"": false, ""max_new_tokens"": 5}",tier_b_tierb_pilot200,a4375a7c362690ef91f9db40f949558d1a160b30,v0.1
vsr_test:0354,vsr_test:0354,test,sorev,semantic,The cat is touching the motorcycle,The motorcycle is touching the cat.,touching,topology_contact,motorcycle,cat,False,False,stability_law,True,False, True,Qwen/Qwen2-VL-7B-Instruct,,7B_hardneg_lora,/home/ubuntu/vlm-spatial-reasoning/checkpoints/qwen2vl_7b_hardneg_lora/final,"{""README.md"": ""ad67fbd14e29a7dae114b54d70c840eab4d917c7d4bbce31d8e923429325d12b"", ""adapter_config.json"": ""9c868e731d9e1e45f0f114c79b1eeca3c96b1d0d3a8f5f93d9ff5a73d690a9df"", ""adapter_model.safetensors"": ""aaad7a39d905ddffc323d02d3beb78717388f29dc19488b91eb5218f4814b697"", ""chat_template.jinja"": ""a0bc6f6fc7a29a80017a433e8f03a1cc1236e838a944a2d034295a60c4f2fddb"", ""processor_config.json"": ""edb8dd5001f02dd3a488fd63d664fcdc5514c4a93962bf1be534a0acf6e2c714"", ""tokenizer.json"": ""ff8cce547abc110590d19c6b5b6e0c6a7b4c8d1012d78b9c42131bae7f494a02"", ""tokenizer_config.json"": ""5afec58078ec072cdc9ad190a63c8657f9c47ec71068ff9c77423f1ea0422364""}",,7f29cebb9d06eca06ad0d6c690e4d5a083b71a9c42008f88e92474e3ff0eb98a,eb4075c77285da02c52794154760fa969fb21ab3dcceb0820cb7d2ba27d27471,http://images.cocodataset.org/train2017/000000156506.jpg,http://images.cocodataset.org/train2017/000000156506.jpg,,http://images.cocodataset.org/train2017/000000156506.jpg,sorev,tier_b_v0.1,"{""axis"": ""semantic"", ""law"": ""stability_law"", ""note"": ""symmetric relation; subject/object reversal keeps truth"", ""relation"": ""touching"", ""transform"": ""sorev""}",,"{""do_sample"": false, ""max_new_tokens"": 5}",tier_b_tierb_pilot200,a4375a7c362690ef91f9db40f949558d1a160b30,v0.1
vsr_test:0358,vsr_test:0358,test,sorev,semantic,The car is far away from the parking meter,The parking meter is far away from the car.,far away from,proximity,parking meter,car,False,False,stability_law,False,True, False.,Qwen/Qwen2-VL-7B-Instruct,,7B_hardneg_lora,/home/ubuntu/vlm-spatial-reasoning/checkpoints/qwen2vl_7b_hardneg_lora/final,"{""README.md"": ""ad67fbd14e29a7dae114b54d70c840eab4d917c7d4bbce31d8e923429325d12b"", ""adapter_config.json"": ""9c868e731d9e1e45f0f114c79b1eeca3c96b1d0d3a8f5f93d9ff5a73d690a9df"", ""adapter_model.safetensors"": ""aaad7a39d905ddffc323d02d3beb78717388f29dc19488b91eb5218f4814b697"", ""chat_template.jinja"": ""a0bc6f6fc7a29a80017a433e8f03a1cc1236e838a944a2d034295a60c4f2fddb"", ""processor_config.json"": ""edb8dd5001f02dd3a488fd63d664fcdc5514c4a93962bf1be534a0acf6e2c714"", ""tokenizer.json"": ""ff8cce547abc110590d19c6b5b6e0c6a7b4c8d1012d78b9c42131bae7f494a02"", ""tokenizer_config.json"": ""5afec58078ec072cdc9ad190a63c8657f9c47ec71068ff9c77423f1ea0422364""}",,7f29cebb9d06eca06ad0d6c690e4d5a083b71a9c42008f88e92474e3ff0eb98a,eb4075c77285da02c52794154760fa969fb21ab3dcceb0820cb7d2ba27d27471,http://images.cocodataset.org/train2017/000000431357.jpg,http://images.cocodataset.org/train2017/000000431357.jpg,,http://images.cocodataset.org/train2017/000000431357.jpg,sorev,tier_b_v0.1,"{""axis"": ""semantic"", ""law"": ""stability_law"", ""note"": ""symmetric relation; subject/object reversal keeps truth"", ""relation"": ""far away from"", ""transform"": ""sorev""}",,"{""do_sample"": false, ""max_new_tokens"": 5}",tier_b_tierb_pilot200,a4375a7c362690ef91f9db40f949558d1a160b30,v0.1
vsr_test:0365,vsr_test:0365,test,sorev,semantic,The couch is touching the teddy bear,The teddy bear is touching the couch.,touching,topology_contact,teddy bear,couch,True,True,stability_law,True,True, True,Qwen/Qwen2-VL-7B-Instruct,,7B_hardneg_lora,/home/ubuntu/vlm-spatial-reasoning/checkpoints/qwen2vl_7b_hardneg_lora/final,"{""README.md"": ""ad67fbd14e29a7dae114b54d70c840eab4d917c7d4bbce31d8e923429325d12b"", ""adapter_config.json"": ""9c868e731d9e1e45f0f114c79b1eeca3c96b1d0d3a8f5f93d9ff5a73d690a9df"", ""adapter_model.safetensors"": ""aaad7a39d905ddffc323d02d3beb78717388f29dc19488b91eb5218f4814b697"", ""chat_template.jinja"": ""a0bc6f6fc7a29a80017a433e8f03a1cc1236e838a944a2d034295a60c4f2fddb"", ""processor_config.json"": ""edb8dd5001f02dd3a488fd63d664fcdc5514c4a93962bf1be534a0acf6e2c714"", ""tokenizer.json"": ""ff8cce547abc110590d19c6b5b6e0c6a7b4c8d1012d78b9c42131bae7f494a02"", ""tokenizer_config.json"": ""5afec58078ec072cdc9ad190a63c8657f9c47ec71068ff9c77423f1ea0422364""}",,7f29cebb9d06eca06ad0d6c690e4d5a083b71a9c42008f88e92474e3ff0eb98a,eb4075c77285da02c52794154760fa969fb21ab3dcceb0820cb7d2ba27d27471,http://images.cocodataset.org/train2017/000000355971.jpg,http://images.cocodataset.org/train2017/000000355971.jpg,,http://images.cocodataset.org/train2017/000000355971.jpg,sorev,tier_b_v0.1,"{""axis"": ""semantic"", ""law"": ""stability_law"", ""note"": ""symmetric relation; subject/object reversal keeps truth"", ""relation"": ""touching"", ""transform"": ""sorev""}",,"{""do_sample"": false, ""max_new_tokens"": 5}",tier_b_tierb_pilot200,a4375a7c362690ef91f9db40f949558d1a160b30,v0.1
vsr_test:0366,vsr_test:0366,test,sorev,semantic,The truck is away from the car,The car is away from the truck.,away from,proximity,car,truck,True,True,stability_law,True,True, True.,Qwen/Qwen2-VL-7B-Instruct,,7B_hardneg_lora,/home/ubuntu/vlm-spatial-reasoning/checkpoints/qwen2vl_7b_hardneg_lora/final,"{""README.md"": ""ad67fbd14e29a7dae114b54d70c840eab4d917c7d4bbce31d8e923429325d12b"", ""adapter_config.json"": ""9c868e731d9e1e45f0f114c79b1eeca3c96b1d0d3a8f5f93d9ff5a73d690a9df"", ""adapter_model.safetensors"": ""aaad7a39d905ddffc323d02d3beb78717388f29dc19488b91eb5218f4814b697"", ""chat_template.jinja"": ""a0bc6f6fc7a29a80017a433e8f03a1cc1236e838a944a2d034295a60c4f2fddb"", ""processor_config.json"": ""edb8dd5001f02dd3a488fd63d664fcdc5514c4a93962bf1be534a0acf6e2c714"", ""tokenizer.json"": ""ff8cce547abc110590d19c6b5b6e0c6a7b4c8d1012d78b9c42131bae7f494a02"", ""tokenizer_config.json"": ""5afec58078ec072cdc9ad190a63c8657f9c47ec71068ff9c77423f1ea0422364""}",,7f29cebb9d06eca06ad0d6c690e4d5a083b71a9c42008f88e92474e3ff0eb98a,eb4075c77285da02c52794154760fa969fb21ab3dcceb0820cb7d2ba27d27471,http://images.cocodataset.org/train2017/000000051985.jpg,http://images.cocodataset.org/train2017/000000051985.jpg,,http://images.cocodataset.org/train2017/000000051985.jpg,sorev,tier_b_v0.1,"{""axis"": ""semantic"", ""law"": ""stability_law"", ""note"": ""symmetric relation; subject/object reversal keeps truth"", ""relation"": ""away from"", ""transform"": ""sorev""}",,"{""do_sample"": false, ""max_new_tokens"": 5}",tier_b_tierb_pilot200,a4375a7c362690ef91f9db40f949558d1a160b30,v0.1
vsr_test:0368,vsr_test:0368,test,sorev,semantic,The motorcycle is across from the car,The car is across from the motorcycle.,across from,horizontal,car,motorcycle,False,False,stability_law,True,False, True.,Qwen/Qwen2-VL-7B-Instruct,,7B_hardneg_lora,/home/ubuntu/vlm-spatial-reasoning/checkpoints/qwen2vl_7b_hardneg_lora/final,"{""README.md"": ""ad67fbd14e29a7dae114b54d70c840eab4d917c7d4bbce31d8e923429325d12b"", ""adapter_config.json"": ""9c868e731d9e1e45f0f114c79b1eeca3c96b1d0d3a8f5f93d9ff5a73d690a9df"", ""adapter_model.safetensors"": ""aaad7a39d905ddffc323d02d3beb78717388f29dc19488b91eb5218f4814b697"", ""chat_template.jinja"": ""a0bc6f6fc7a29a80017a433e8f03a1cc1236e838a944a2d034295a60c4f2fddb"", ""processor_config.json"": ""edb8dd5001f02dd3a488fd63d664fcdc5514c4a93962bf1be534a0acf6e2c714"", ""tokenizer.json"": ""ff8cce547abc110590d19c6b5b6e0c6a7b4c8d1012d78b9c42131bae7f494a02"", ""tokenizer_config.json"": ""5afec58078ec072cdc9ad190a63c8657f9c47ec71068ff9c77423f1ea0422364""}",,7f29cebb9d06eca06ad0d6c690e4d5a083b71a9c42008f88e92474e3ff0eb98a,eb4075c77285da02c52794154760fa969fb21ab3dcceb0820cb7d2ba27d27471,http://images.cocodataset.org/train2017/000000173155.jpg,http://images.cocodataset.org/train2017/000000173155.jpg,,http://images.cocodataset.org/train2017/000000173155.jpg,sorev,tier_b_v0.1,"{""axis"": ""semantic"", ""law"": ""stability_law"", ""note"": ""symmetric relation; subject/object reversal keeps truth"", ""relation"": ""across from"", ""transform"": ""sorev""}",,"{""do_sample"": false, ""max_new_tokens"": 5}",tier_b_tierb_pilot200,a4375a7c362690ef91f9db40f949558d1a160b30,v0.1
vsr_test:0371,vsr_test:0371,test,sorev,semantic,The toilet is opposite to the chair,The chair is opposite to the toilet.,opposite to,other,chair,toilet,False,False,stability_law,True,False, True.,Qwen/Qwen2-VL-7B-Instruct,,7B_hardneg_lora,/home/ubuntu/vlm-spatial-reasoning/checkpoints/qwen2vl_7b_hardneg_lora/final,"{""README.md"": ""ad67fbd14e29a7dae114b54d70c840eab4d917c7d4bbce31d8e923429325d12b"", ""adapter_config.json"": ""9c868e731d9e1e45f0f114c79b1eeca3c96b1d0d3a8f5f93d9ff5a73d690a9df"", ""adapter_model.safetensors"": ""aaad7a39d905ddffc323d02d3beb78717388f29dc19488b91eb5218f4814b697"", ""chat_template.jinja"": ""a0bc6f6fc7a29a80017a433e8f03a1cc1236e838a944a2d034295a60c4f2fddb"", ""processor_config.json"": ""edb8dd5001f02dd3a488fd63d664fcdc5514c4a93962bf1be534a0acf6e2c714"", ""tokenizer.json"": ""ff8cce547abc110590d19c6b5b6e0c6a7b4c8d1012d78b9c42131bae7f494a02"", ""tokenizer_config.json"": ""5afec58078ec072cdc9ad190a63c8657f9c47ec71068ff9c77423f1ea0422364""}",,7f29cebb9d06eca06ad0d6c690e4d5a083b71a9c42008f88e92474e3ff0eb98a,eb4075c77285da02c52794154760fa969fb21ab3dcceb0820cb7d2ba27d27471,http://images.cocodataset.org/train2017/000000243211.jpg,http://images.cocodataset.org/train2017/000000243211.jpg,,http://images.cocodataset.org/train2017/000000243211.jpg,sorev,tier_b_v0.1,"{""axis"": ""semantic"", ""law"": ""stability_law"", ""note"": ""symmetric relation; subject/object reversal keeps truth"", ""relation"": ""opposite to"", ""transform"": ""sorev""}",,"{""do_sample"": false, ""max_new_tokens"": 5}",tier_b_tierb_pilot200,a4375a7c362690ef91f9db40f949558d1a160b30,v0.1
vsr_test:0373,vsr_test:0373,test,sorev,semantic,The bus is far away from the cup,The cup is far away from the bus.,far away from,proximity,cup,bus,False,False,stability_law,False,True, False.,Qwen/Qwen2-VL-7B-Instruct,,7B_hardneg_lora,/home/ubuntu/vlm-spatial-reasoning/checkpoints/qwen2vl_7b_hardneg_lora/final,"{""README.md"": ""ad67fbd14e29a7dae114b54d70c840eab4d917c7d4bbce31d8e923429325d12b"", ""adapter_config.json"": ""9c868e731d9e1e45f0f114c79b1eeca3c96b1d0d3a8f5f93d9ff5a73d690a9df"", ""adapter_model.safetensors"": ""aaad7a39d905ddffc323d02d3beb78717388f29dc19488b91eb5218f4814b697"", ""chat_template.jinja"": ""a0bc6f6fc7a29a80017a433e8f03a1cc1236e838a944a2d034295a60c4f2fddb"", ""processor_config.json"": ""edb8dd5001f02dd3a488fd63d664fcdc5514c4a93962bf1be534a0acf6e2c714"", ""tokenizer.json"": ""ff8cce547abc110590d19c6b5b6e0c6a7b4c8d1012d78b9c42131bae7f494a02"", ""tokenizer_config.json"": ""5afec58078ec072cdc9ad190a63c8657f9c47ec71068ff9c77423f1ea0422364""}",,7f29cebb9d06eca06ad0d6c690e4d5a083b71a9c42008f88e92474e3ff0eb98a,eb4075c77285da02c52794154760fa969fb21ab3dcceb0820cb7d2ba27d27471,http://images.cocodataset.org/train2017/000000098943.jpg,http://images.cocodataset.org/train2017/000000098943.jpg,,http://images.cocodataset.org/train2017/000000098943.jpg,sorev,tier_b_v0.1,"{""axis"": ""semantic"", ""law"": ""stability_law"", ""note"": ""symmetric relation; subject/object reversal keeps truth"", ""relation"": ""far away from"", ""transform"": ""sorev""}",,"{""do_sample"": false, ""max_new_tokens"": 5}",tier_b_tierb_pilot200,a4375a7c362690ef91f9db40f949558d1a160b30,v0.1
vsr_test:0378,vsr_test:0378,test,sorev,semantic,The apple is beside the person,The person is beside the apple.,beside,horizontal,person,apple,True,True,stability_law,True,True, True.,Qwen/Qwen2-VL-7B-Instruct,,7B_hardneg_lora,/home/ubuntu/vlm-spatial-reasoning/checkpoints/qwen2vl_7b_hardneg_lora/final,"{""README.md"": ""ad67fbd14e29a7dae114b54d70c840eab4d917c7d4bbce31d8e923429325d12b"", ""adapter_config.json"": ""9c868e731d9e1e45f0f114c79b1eeca3c96b1d0d3a8f5f93d9ff5a73d690a9df"", ""adapter_model.safetensors"": ""aaad7a39d905ddffc323d02d3beb78717388f29dc19488b91eb5218f4814b697"", ""chat_template.jinja"": ""a0bc6f6fc7a29a80017a433e8f03a1cc1236e838a944a2d034295a60c4f2fddb"", ""processor_config.json"": ""edb8dd5001f02dd3a488fd63d664fcdc5514c4a93962bf1be534a0acf6e2c714"", ""tokenizer.json"": ""ff8cce547abc110590d19c6b5b6e0c6a7b4c8d1012d78b9c42131bae7f494a02"", ""tokenizer_config.json"": ""5afec58078ec072cdc9ad190a63c8657f9c47ec71068ff9c77423f1ea0422364""}",,7f29cebb9d06eca06ad0d6c690e4d5a083b71a9c42008f88e92474e3ff0eb98a,eb4075c77285da02c52794154760fa969fb21ab3dcceb0820cb7d2ba27d27471,http://images.cocodataset.org/train2017/000000157991.jpg,http://images.cocodataset.org/train2017/000000157991.jpg,,http://images.cocodataset.org/train2017/000000157991.jpg,sorev,tier_b_v0.1,"{""axis"": ""semantic"", ""law"": ""stability_law"", ""note"": ""symmetric relation; subject/object reversal keeps truth"", ""relation"": ""beside"", ""transform"": ""sorev""}",,"{""do_sample"": false, ""max_new_tokens"": 5}",tier_b_tierb_pilot200,a4375a7c362690ef91f9db40f949558d1a160b30,v0.1
vsr_test:0379,vsr_test:0379,test,sorev,semantic,The teddy bear is touching the dining table,The dining table is touching the teddy bear.,touching,topology_contact,dining table,teddy bear,True,True,stability_law,True,True, True,Qwen/Qwen2-VL-7B-Instruct,,7B_hardneg_lora,/home/ubuntu/vlm-spatial-reasoning/checkpoints/qwen2vl_7b_hardneg_lora/final,"{""README.md"": ""ad67fbd14e29a7dae114b54d70c840eab4d917c7d4bbce31d8e923429325d12b"", ""adapter_config.json"": ""9c868e731d9e1e45f0f114c79b1eeca3c96b1d0d3a8f5f93d9ff5a73d690a9df"", ""adapter_model.safetensors"": ""aaad7a39d905ddffc323d02d3beb78717388f29dc19488b91eb5218f4814b697"", ""chat_template.jinja"": ""a0bc6f6fc7a29a80017a433e8f03a1cc1236e838a944a2d034295a60c4f2fddb"", ""processor_config.json"": ""edb8dd5001f02dd3a488fd63d664fcdc5514c4a93962bf1be534a0acf6e2c714"", ""tokenizer.json"": ""ff8cce547abc110590d19c6b5b6e0c6a7b4c8d1012d78b9c42131bae7f494a02"", ""tokenizer_config.json"": ""5afec58078ec072cdc9ad190a63c8657f9c47ec71068ff9c77423f1ea0422364""}",,7f29cebb9d06eca06ad0d6c690e4d5a083b71a9c42008f88e92474e3ff0eb98a,eb4075c77285da02c52794154760fa969fb21ab3dcceb0820cb7d2ba27d27471,http://images.cocodataset.org/train2017/000000451400.jpg,http://images.cocodataset.org/train2017/000000451400.jpg,,http://images.cocodataset.org/train2017/000000451400.jpg,sorev,tier_b_v0.1,"{""axis"": ""semantic"", ""law"": ""stability_law"", ""note"": ""symmetric relation; subject/object reversal keeps truth"", ""relation"": ""touching"", ""transform"": ""sorev""}",,"{""do_sample"": false, ""max_new_tokens"": 5}",tier_b_tierb_pilot200,a4375a7c362690ef91f9db40f949558d1a160b30,v0.1
vsr_test:0383,vsr_test:0383,test,sorev,semantic,The pizza is touching the person,The person is touching the pizza.,touching,topology_contact,person,pizza,False,False,stability_law,False,True, False.,Qwen/Qwen2-VL-7B-Instruct,,7B_hardneg_lora,/home/ubuntu/vlm-spatial-reasoning/checkpoints/qwen2vl_7b_hardneg_lora/final,"{""README.md"": ""ad67fbd14e29a7dae114b54d70c840eab4d917c7d4bbce31d8e923429325d12b"", ""adapter_config.json"": ""9c868e731d9e1e45f0f114c79b1eeca3c96b1d0d3a8f5f93d9ff5a73d690a9df"", ""adapter_model.safetensors"": ""aaad7a39d905ddffc323d02d3beb78717388f29dc19488b91eb5218f4814b697"", ""chat_template.jinja"": ""a0bc6f6fc7a29a80017a433e8f03a1cc1236e838a944a2d034295a60c4f2fddb"", ""processor_config.json"": ""edb8dd5001f02dd3a488fd63d664fcdc5514c4a93962bf1be534a0acf6e2c714"", ""tokenizer.json"": ""ff8cce547abc110590d19c6b5b6e0c6a7b4c8d1012d78b9c42131bae7f494a02"", ""tokenizer_config.json"": ""5afec58078ec072cdc9ad190a63c8657f9c47ec71068ff9c77423f1ea0422364""}",,7f29cebb9d06eca06ad0d6c690e4d5a083b71a9c42008f88e92474e3ff0eb98a,eb4075c77285da02c52794154760fa969fb21ab3dcceb0820cb7d2ba27d27471,http://images.cocodataset.org/train2017/000000339159.jpg,http://images.cocodataset.org/train2017/000000339159.jpg,,http://images.cocodataset.org/train2017/000000339159.jpg,sorev,tier_b_v0.1,"{""axis"": ""semantic"", ""law"": ""stability_law"", ""note"": ""symmetric relation; subject/object reversal keeps truth"", ""relation"": ""touching"", ""transform"": ""sorev""}",,"{""do_sample"": false, ""max_new_tokens"": 5}",tier_b_tierb_pilot200,a4375a7c362690ef91f9db40f949558d1a160b30,v0.1
vsr_test:0384,vsr_test:0384,test,sorev,semantic,The book is touching the handbag,The handbag is touching the book.,touching,topology_contact,handbag,book,False,False,stability_law,True,False, True.,Qwen/Qwen2-VL-7B-Instruct,,7B_hardneg_lora,/home/ubuntu/vlm-spatial-reasoning/checkpoints/qwen2vl_7b_hardneg_lora/final,"{""README.md"": ""ad67fbd14e29a7dae114b54d70c840eab4d917c7d4bbce31d8e923429325d12b"", ""adapter_config.json"": ""9c868e731d9e1e45f0f114c79b1eeca3c96b1d0d3a8f5f93d9ff5a73d690a9df"", ""adapter_model.safetensors"": ""aaad7a39d905ddffc323d02d3beb78717388f29dc19488b91eb5218f4814b697"", ""chat_template.jinja"": ""a0bc6f6fc7a29a80017a433e8f03a1cc1236e838a944a2d034295a60c4f2fddb"", ""processor_config.json"": ""edb8dd5001f02dd3a488fd63d664fcdc5514c4a93962bf1be534a0acf6e2c714"", ""tokenizer.json"": ""ff8cce547abc110590d19c6b5b6e0c6a7b4c8d1012d78b9c42131bae7f494a02"", ""tokenizer_config.json"": ""5afec58078ec072cdc9ad190a63c8657f9c47ec71068ff9c77423f1ea0422364""}",,7f29cebb9d06eca06ad0d6c690e4d5a083b71a9c42008f88e92474e3ff0eb98a,eb4075c77285da02c52794154760fa969fb21ab3dcceb0820cb7d2ba27d27471,http://images.cocodataset.org/train2017/000000258509.jpg,http://images.cocodataset.org/train2017/000000258509.jpg,,http://images.cocodataset.org/train2017/000000258509.jpg,sorev,tier_b_v0.1,"{""axis"": ""semantic"", ""law"": ""stability_law"", ""note"": ""symmetric relation; subject/object reversal keeps truth"", ""relation"": ""touching"", ""transform"": ""sorev""}",,"{""do_sample"": false, ""max_new_tokens"": 5}",tier_b_tierb_pilot200,a4375a7c362690ef91f9db40f949558d1a160b30,v0.1
vsr_test:0388,vsr_test:0388,test,sorev,semantic,The airplane is far from the chair,The chair is far from the airplane.,far from,proximity,chair,airplane,False,False,stability_law,False,True, False,Qwen/Qwen2-VL-7B-Instruct,,7B_hardneg_lora,/home/ubuntu/vlm-spatial-reasoning/checkpoints/qwen2vl_7b_hardneg_lora/final,"{""README.md"": ""ad67fbd14e29a7dae114b54d70c840eab4d917c7d4bbce31d8e923429325d12b"", ""adapter_config.json"": ""9c868e731d9e1e45f0f114c79b1eeca3c96b1d0d3a8f5f93d9ff5a73d690a9df"", ""adapter_model.safetensors"": ""aaad7a39d905ddffc323d02d3beb78717388f29dc19488b91eb5218f4814b697"", ""chat_template.jinja"": ""a0bc6f6fc7a29a80017a433e8f03a1cc1236e838a944a2d034295a60c4f2fddb"", ""processor_config.json"": ""edb8dd5001f02dd3a488fd63d664fcdc5514c4a93962bf1be534a0acf6e2c714"", ""tokenizer.json"": ""ff8cce547abc110590d19c6b5b6e0c6a7b4c8d1012d78b9c42131bae7f494a02"", ""tokenizer_config.json"": ""5afec58078ec072cdc9ad190a63c8657f9c47ec71068ff9c77423f1ea0422364""}",,7f29cebb9d06eca06ad0d6c690e4d5a083b71a9c42008f88e92474e3ff0eb98a,eb4075c77285da02c52794154760fa969fb21ab3dcceb0820cb7d2ba27d27471,http://images.cocodataset.org/train2017/000000367434.jpg,http://images.cocodataset.org/train2017/000000367434.jpg,,http://images.cocodataset.org/train2017/000000367434.jpg,sorev,tier_b_v0.1,"{""axis"": ""semantic"", ""law"": ""stability_law"", ""note"": ""symmetric relation; subject/object reversal keeps truth"", ""relation"": ""far from"", ""transform"": ""sorev""}",,"{""do_sample"": false, ""max_new_tokens"": 5}",tier_b_tierb_pilot200,a4375a7c362690ef91f9db40f949558d1a160b30,v0.1
vsr_test:0392,vsr_test:0392,test,sorev,semantic,The umbrella is away from the cat,The cat is away from the umbrella.,away from,proximity,cat,umbrella,False,False,stability_law,False,True, False,Qwen/Qwen2-VL-7B-Instruct,,7B_hardneg_lora,/home/ubuntu/vlm-spatial-reasoning/checkpoints/qwen2vl_7b_hardneg_lora/final,"{""README.md"": ""ad67fbd14e29a7dae114b54d70c840eab4d917c7d4bbce31d8e923429325d12b"", ""adapter_config.json"": ""9c868e731d9e1e45f0f114c79b1eeca3c96b1d0d3a8f5f93d9ff5a73d690a9df"", ""adapter_model.safetensors"": ""aaad7a39d905ddffc323d02d3beb78717388f29dc19488b91eb5218f4814b697"", ""chat_template.jinja"": ""a0bc6f6fc7a29a80017a433e8f03a1cc1236e838a944a2d034295a60c4f2fddb"", ""processor_config.json"": ""edb8dd5001f02dd3a488fd63d664fcdc5514c4a93962bf1be534a0acf6e2c714"", ""tokenizer.json"": ""ff8cce547abc110590d19c6b5b6e0c6a7b4c8d1012d78b9c42131bae7f494a02"", ""tokenizer_config.json"": ""5afec58078ec072cdc9ad190a63c8657f9c47ec71068ff9c77423f1ea0422364""}",,7f29cebb9d06eca06ad0d6c690e4d5a083b71a9c42008f88e92474e3ff0eb98a,eb4075c77285da02c52794154760fa969fb21ab3dcceb0820cb7d2ba27d27471,http://images.cocodataset.org/train2017/000000112719.jpg,http://images.cocodataset.org/train2017/000000112719.jpg,,http://images.cocodataset.org/train2017/000000112719.jpg,sorev,tier_b_v0.1,"{""axis"": ""semantic"", ""law"": ""stability_law"", ""note"": ""symmetric relation; subject/object reversal keeps truth"", ""relation"": ""away from"", ""transform"": ""sorev""}",,"{""do_sample"": false, ""max_new_tokens"": 5}",tier_b_tierb_pilot200,a4375a7c362690ef91f9db40f949558d1a160b30,v0.1
vsr_test:0409,vsr_test:0409,test,sorev,semantic,The cat is touching the laptop,The laptop is touching the cat.,touching,topology_contact,laptop,cat,True,True,stability_law,True,True, True,Qwen/Qwen2-VL-7B-Instruct,,7B_hardneg_lora,/home/ubuntu/vlm-spatial-reasoning/checkpoints/qwen2vl_7b_hardneg_lora/final,"{""README.md"": ""ad67fbd14e29a7dae114b54d70c840eab4d917c7d4bbce31d8e923429325d12b"", ""adapter_config.json"": ""9c868e731d9e1e45f0f114c79b1eeca3c96b1d0d3a8f5f93d9ff5a73d690a9df"", ""adapter_model.safetensors"": ""aaad7a39d905ddffc323d02d3beb78717388f29dc19488b91eb5218f4814b697"", ""chat_template.jinja"": ""a0bc6f6fc7a29a80017a433e8f03a1cc1236e838a944a2d034295a60c4f2fddb"", ""processor_config.json"": ""edb8dd5001f02dd3a488fd63d664fcdc5514c4a93962bf1be534a0acf6e2c714"", ""tokenizer.json"": ""ff8cce547abc110590d19c6b5b6e0c6a7b4c8d1012d78b9c42131bae7f494a02"", ""tokenizer_config.json"": ""5afec58078ec072cdc9ad190a63c8657f9c47ec71068ff9c77423f1ea0422364""}",,7f29cebb9d06eca06ad0d6c690e4d5a083b71a9c42008f88e92474e3ff0eb98a,eb4075c77285da02c52794154760fa969fb21ab3dcceb0820cb7d2ba27d27471,http://images.cocodataset.org/train2017/000000100588.jpg,http://images.cocodataset.org/train2017/000000100588.jpg,,http://images.cocodataset.org/train2017/000000100588.jpg,sorev,tier_b_v0.1,"{""axis"": ""semantic"", ""law"": ""stability_law"", ""note"": ""symmetric relation; subject/object reversal keeps truth"", ""relation"": ""touching"", ""transform"": ""sorev""}",,"{""do_sample"": false, ""max_new_tokens"": 5}",tier_b_tierb_pilot200,a4375a7c362690ef91f9db40f949558d1a160b30,v0.1
vsr_test:0411,vsr_test:0411,test,sorev,semantic,The teddy bear is touching the bench,The bench is touching the teddy bear.,touching,topology_contact,bench,teddy bear,True,True,stability_law,True,True, True,Qwen/Qwen2-VL-7B-Instruct,,7B_hardneg_lora,/home/ubuntu/vlm-spatial-reasoning/checkpoints/qwen2vl_7b_hardneg_lora/final,"{""README.md"": ""ad67fbd14e29a7dae114b54d70c840eab4d917c7d4bbce31d8e923429325d12b"", ""adapter_config.json"": ""9c868e731d9e1e45f0f114c79b1eeca3c96b1d0d3a8f5f93d9ff5a73d690a9df"", ""adapter_model.safetensors"": ""aaad7a39d905ddffc323d02d3beb78717388f29dc19488b91eb5218f4814b697"", ""chat_template.jinja"": ""a0bc6f6fc7a29a80017a433e8f03a1cc1236e838a944a2d034295a60c4f2fddb"", ""processor_config.json"": ""edb8dd5001f02dd3a488fd63d664fcdc5514c4a93962bf1be534a0acf6e2c714"", ""tokenizer.json"": ""ff8cce547abc110590d19c6b5b6e0c6a7b4c8d1012d78b9c42131bae7f494a02"", ""tokenizer_config.json"": ""5afec58078ec072cdc9ad190a63c8657f9c47ec71068ff9c77423f1ea0422364""}",,7f29cebb9d06eca06ad0d6c690e4d5a083b71a9c42008f88e92474e3ff0eb98a,eb4075c77285da02c52794154760fa969fb21ab3dcceb0820cb7d2ba27d27471,http://images.cocodataset.org/train2017/000000344974.jpg,http://images.cocodataset.org/train2017/000000344974.jpg,,http://images.cocodataset.org/train2017/000000344974.jpg,sorev,tier_b_v0.1,"{""axis"": ""semantic"", ""law"": ""stability_law"", ""note"": ""symmetric relation; subject/object reversal keeps truth"", ""relation"": ""touching"", ""transform"": ""sorev""}",,"{""do_sample"": false, ""max_new_tokens"": 5}",tier_b_tierb_pilot200,a4375a7c362690ef91f9db40f949558d1a160b30,v0.1
vsr_test:0415,vsr_test:0415,test,sorev,semantic,The dog is beside the donut,The donut is beside the dog.,beside,horizontal,donut,dog,False,False,stability_law,False,True, False.,Qwen/Qwen2-VL-7B-Instruct,,7B_hardneg_lora,/home/ubuntu/vlm-spatial-reasoning/checkpoints/qwen2vl_7b_hardneg_lora/final,"{""README.md"": ""ad67fbd14e29a7dae114b54d70c840eab4d917c7d4bbce31d8e923429325d12b"", ""adapter_config.json"": ""9c868e731d9e1e45f0f114c79b1eeca3c96b1d0d3a8f5f93d9ff5a73d690a9df"", ""adapter_model.safetensors"": ""aaad7a39d905ddffc323d02d3beb78717388f29dc19488b91eb5218f4814b697"", ""chat_template.jinja"": ""a0bc6f6fc7a29a80017a433e8f03a1cc1236e838a944a2d034295a60c4f2fddb"", ""processor_config.json"": ""edb8dd5001f02dd3a488fd63d664fcdc5514c4a93962bf1be534a0acf6e2c714"", ""tokenizer.json"": ""ff8cce547abc110590d19c6b5b6e0c6a7b4c8d1012d78b9c42131bae7f494a02"", ""tokenizer_config.json"": ""5afec58078ec072cdc9ad190a63c8657f9c47ec71068ff9c77423f1ea0422364""}",,7f29cebb9d06eca06ad0d6c690e4d5a083b71a9c42008f88e92474e3ff0eb98a,eb4075c77285da02c52794154760fa969fb21ab3dcceb0820cb7d2ba27d27471,http://images.cocodataset.org/train2017/000000117884.jpg,http://images.cocodataset.org/train2017/000000117884.jpg,,http://images.cocodataset.org/train2017/000000117884.jpg,sorev,tier_b_v0.1,"{""axis"": ""semantic"", ""law"": ""stability_law"", ""note"": ""symmetric relation; subject/object reversal keeps truth"", ""relation"": ""beside"", ""transform"": ""sorev""}",,"{""do_sample"": false, ""max_new_tokens"": 5}",tier_b_tierb_pilot200,a4375a7c362690ef91f9db40f949558d1a160b30,v0.1
vsr_test:0416,vsr_test:0416,test,sorev,semantic,The pizza is touching the person,The person is touching the pizza.,touching,topology_contact,person,pizza,True,True,stability_law,True,True, True,Qwen/Qwen2-VL-7B-Instruct,,7B_hardneg_lora,/home/ubuntu/vlm-spatial-reasoning/checkpoints/qwen2vl_7b_hardneg_lora/final,"{""README.md"": ""ad67fbd14e29a7dae114b54d70c840eab4d917c7d4bbce31d8e923429325d12b"", ""adapter_config.json"": ""9c868e731d9e1e45f0f114c79b1eeca3c96b1d0d3a8f5f93d9ff5a73d690a9df"", ""adapter_model.safetensors"": ""aaad7a39d905ddffc323d02d3beb78717388f29dc19488b91eb5218f4814b697"", ""chat_template.jinja"": ""a0bc6f6fc7a29a80017a433e8f03a1cc1236e838a944a2d034295a60c4f2fddb"", ""processor_config.json"": ""edb8dd5001f02dd3a488fd63d664fcdc5514c4a93962bf1be534a0acf6e2c714"", ""tokenizer.json"": ""ff8cce547abc110590d19c6b5b6e0c6a7b4c8d1012d78b9c42131bae7f494a02"", ""tokenizer_config.json"": ""5afec58078ec072cdc9ad190a63c8657f9c47ec71068ff9c77423f1ea0422364""}",,7f29cebb9d06eca06ad0d6c690e4d5a083b71a9c42008f88e92474e3ff0eb98a,eb4075c77285da02c52794154760fa969fb21ab3dcceb0820cb7d2ba27d27471,http://images.cocodataset.org/train2017/000000363146.jpg,http://images.cocodataset.org/train2017/000000363146.jpg,,http://images.cocodataset.org/train2017/000000363146.jpg,sorev,tier_b_v0.1,"{""axis"": ""semantic"", ""law"": ""stability_law"", ""note"": ""symmetric relation; subject/object reversal keeps truth"", ""relation"": ""touching"", ""transform"": ""sorev""}",,"{""do_sample"": false, ""max_new_tokens"": 5}",tier_b_tierb_pilot200,a4375a7c362690ef91f9db40f949558d1a160b30,v0.1
vsr_test:0422,vsr_test:0422,test,sorev,semantic,The teddy bear is touching the bench,The bench is touching the teddy bear.,touching,topology_contact,bench,teddy bear,False,False,stability_law,False,True, False.,Qwen/Qwen2-VL-7B-Instruct,,7B_hardneg_lora,/home/ubuntu/vlm-spatial-reasoning/checkpoints/qwen2vl_7b_hardneg_lora/final,"{""README.md"": ""ad67fbd14e29a7dae114b54d70c840eab4d917c7d4bbce31d8e923429325d12b"", ""adapter_config.json"": ""9c868e731d9e1e45f0f114c79b1eeca3c96b1d0d3a8f5f93d9ff5a73d690a9df"", ""adapter_model.safetensors"": ""aaad7a39d905ddffc323d02d3beb78717388f29dc19488b91eb5218f4814b697"", ""chat_template.jinja"": ""a0bc6f6fc7a29a80017a433e8f03a1cc1236e838a944a2d034295a60c4f2fddb"", ""processor_config.json"": ""edb8dd5001f02dd3a488fd63d664fcdc5514c4a93962bf1be534a0acf6e2c714"", ""tokenizer.json"": ""ff8cce547abc110590d19c6b5b6e0c6a7b4c8d1012d78b9c42131bae7f494a02"", ""tokenizer_config.json"": ""5afec58078ec072cdc9ad190a63c8657f9c47ec71068ff9c77423f1ea0422364""}",,7f29cebb9d06eca06ad0d6c690e4d5a083b71a9c42008f88e92474e3ff0eb98a,eb4075c77285da02c52794154760fa969fb21ab3dcceb0820cb7d2ba27d27471,http://images.cocodataset.org/train2017/000000241324.jpg,http://images.cocodataset.org/train2017/000000241324.jpg,,http://images.cocodataset.org/train2017/000000241324.jpg,sorev,tier_b_v0.1,"{""axis"": ""semantic"", ""law"": ""stability_law"", ""note"": ""symmetric relation; subject/object reversal keeps truth"", ""relation"": ""touching"", ""transform"": ""sorev""}",,"{""do_sample"": false, ""max_new_tokens"": 5}",tier_b_tierb_pilot200,a4375a7c362690ef91f9db40f949558d1a160b30,v0.1
vsr_test:0423,vsr_test:0423,test,sorev,semantic,The pizza is near the sink,The sink is near the pizza.,near,proximity,sink,pizza,True,True,stability_law,True,True, True,Qwen/Qwen2-VL-7B-Instruct,,7B_hardneg_lora,/home/ubuntu/vlm-spatial-reasoning/checkpoints/qwen2vl_7b_hardneg_lora/final,"{""README.md"": ""ad67fbd14e29a7dae114b54d70c840eab4d917c7d4bbce31d8e923429325d12b"", ""adapter_config.json"": ""9c868e731d9e1e45f0f114c79b1eeca3c96b1d0d3a8f5f93d9ff5a73d690a9df"", ""adapter_model.safetensors"": ""aaad7a39d905ddffc323d02d3beb78717388f29dc19488b91eb5218f4814b697"", ""chat_template.jinja"": ""a0bc6f6fc7a29a80017a433e8f03a1cc1236e838a944a2d034295a60c4f2fddb"", ""processor_config.json"": ""edb8dd5001f02dd3a488fd63d664fcdc5514c4a93962bf1be534a0acf6e2c714"", ""tokenizer.json"": ""ff8cce547abc110590d19c6b5b6e0c6a7b4c8d1012d78b9c42131bae7f494a02"", ""tokenizer_config.json"": ""5afec58078ec072cdc9ad190a63c8657f9c47ec71068ff9c77423f1ea0422364""}",,7f29cebb9d06eca06ad0d6c690e4d5a083b71a9c42008f88e92474e3ff0eb98a,eb4075c77285da02c52794154760fa969fb21ab3dcceb0820cb7d2ba27d27471,http://images.cocodataset.org/train2017/000000365139.jpg,http://images.cocodataset.org/train2017/000000365139.jpg,,http://images.cocodataset.org/train2017/000000365139.jpg,sorev,tier_b_v0.1,"{""axis"": ""semantic"", ""law"": ""stability_law"", ""note"": ""symmetric relation; subject/object reversal keeps truth"", ""relation"": ""near"", ""transform"": ""sorev""}",,"{""do_sample"": false, ""max_new_tokens"": 5}",tier_b_tierb_pilot200,a4375a7c362690ef91f9db40f949558d1a160b30,v0.1
vsr_test:0425,vsr_test:0425,test,sorev,semantic,The broccoli is alongside the bowl,The bowl is alongside the broccoli.,alongside,horizontal,bowl,broccoli,True,True,stability_law,False,False, False.,Qwen/Qwen2-VL-7B-Instruct,,7B_hardneg_lora,/home/ubuntu/vlm-spatial-reasoning/checkpoints/qwen2vl_7b_hardneg_lora/final,"{""README.md"": ""ad67fbd14e29a7dae114b54d70c840eab4d917c7d4bbce31d8e923429325d12b"", ""adapter_config.json"": ""9c868e731d9e1e45f0f114c79b1eeca3c96b1d0d3a8f5f93d9ff5a73d690a9df"", ""adapter_model.safetensors"": ""aaad7a39d905ddffc323d02d3beb78717388f29dc19488b91eb5218f4814b697"", ""chat_template.jinja"": ""a0bc6f6fc7a29a80017a433e8f03a1cc1236e838a944a2d034295a60c4f2fddb"", ""processor_config.json"": ""edb8dd5001f02dd3a488fd63d664fcdc5514c4a93962bf1be534a0acf6e2c714"", ""tokenizer.json"": ""ff8cce547abc110590d19c6b5b6e0c6a7b4c8d1012d78b9c42131bae7f494a02"", ""tokenizer_config.json"": ""5afec58078ec072cdc9ad190a63c8657f9c47ec71068ff9c77423f1ea0422364""}",,7f29cebb9d06eca06ad0d6c690e4d5a083b71a9c42008f88e92474e3ff0eb98a,eb4075c77285da02c52794154760fa969fb21ab3dcceb0820cb7d2ba27d27471,http://images.cocodataset.org/train2017/000000364803.jpg,http://images.cocodataset.org/train2017/000000364803.jpg,,http://images.cocodataset.org/train2017/000000364803.jpg,sorev,tier_b_v0.1,"{""axis"": ""semantic"", ""law"": ""stability_law"", ""note"": ""symmetric relation; subject/object reversal keeps truth"", ""relation"": ""alongside"", ""transform"": ""sorev""}",,"{""do_sample"": false, ""max_new_tokens"": 5}",tier_b_tierb_pilot200,a4375a7c362690ef91f9db40f949558d1a160b30,v0.1
vsr_test:0428,vsr_test:0428,test,sorev,semantic,The banana is far away from the motorcycle,The motorcycle is far away from the banana.,far away from,proximity,motorcycle,banana,True,True,stability_law,True,True, True,Qwen/Qwen2-VL-7B-Instruct,,7B_hardneg_lora,/home/ubuntu/vlm-spatial-reasoning/checkpoints/qwen2vl_7b_hardneg_lora/final,"{""README.md"": ""ad67fbd14e29a7dae114b54d70c840eab4d917c7d4bbce31d8e923429325d12b"", ""adapter_config.json"": ""9c868e731d9e1e45f0f114c79b1eeca3c96b1d0d3a8f5f93d9ff5a73d690a9df"", ""adapter_model.safetensors"": ""aaad7a39d905ddffc323d02d3beb78717388f29dc19488b91eb5218f4814b697"", ""chat_template.jinja"": ""a0bc6f6fc7a29a80017a433e8f03a1cc1236e838a944a2d034295a60c4f2fddb"", ""processor_config.json"": ""edb8dd5001f02dd3a488fd63d664fcdc5514c4a93962bf1be534a0acf6e2c714"", ""tokenizer.json"": ""ff8cce547abc110590d19c6b5b6e0c6a7b4c8d1012d78b9c42131bae7f494a02"", ""tokenizer_config.json"": ""5afec58078ec072cdc9ad190a63c8657f9c47ec71068ff9c77423f1ea0422364""}",,7f29cebb9d06eca06ad0d6c690e4d5a083b71a9c42008f88e92474e3ff0eb98a,eb4075c77285da02c52794154760fa969fb21ab3dcceb0820cb7d2ba27d27471,http://images.cocodataset.org/train2017/000000414258.jpg,http://images.cocodataset.org/train2017/000000414258.jpg,,http://images.cocodataset.org/train2017/000000414258.jpg,sorev,tier_b_v0.1,"{""axis"": ""semantic"", ""law"": ""stability_law"", ""note"": ""symmetric relation; subject/object reversal keeps truth"", ""relation"": ""far away from"", ""transform"": ""sorev""}",,"{""do_sample"": false, ""max_new_tokens"": 5}",tier_b_tierb_pilot200,a4375a7c362690ef91f9db40f949558d1a160b30,v0.1
vsr_test:0429,vsr_test:0429,test,sorev,semantic,The person is opposite to the pizza,The pizza is opposite to the person.,opposite to,other,pizza,person,False,False,stability_law,True,False, True.,Qwen/Qwen2-VL-7B-Instruct,,7B_hardneg_lora,/home/ubuntu/vlm-spatial-reasoning/checkpoints/qwen2vl_7b_hardneg_lora/final,"{""README.md"": ""ad67fbd14e29a7dae114b54d70c840eab4d917c7d4bbce31d8e923429325d12b"", ""adapter_config.json"": ""9c868e731d9e1e45f0f114c79b1eeca3c96b1d0d3a8f5f93d9ff5a73d690a9df"", ""adapter_model.safetensors"": ""aaad7a39d905ddffc323d02d3beb78717388f29dc19488b91eb5218f4814b697"", ""chat_template.jinja"": ""a0bc6f6fc7a29a80017a433e8f03a1cc1236e838a944a2d034295a60c4f2fddb"", ""processor_config.json"": ""edb8dd5001f02dd3a488fd63d664fcdc5514c4a93962bf1be534a0acf6e2c714"", ""tokenizer.json"": ""ff8cce547abc110590d19c6b5b6e0c6a7b4c8d1012d78b9c42131bae7f494a02"", ""tokenizer_config.json"": ""5afec58078ec072cdc9ad190a63c8657f9c47ec71068ff9c77423f1ea0422364""}",,7f29cebb9d06eca06ad0d6c690e4d5a083b71a9c42008f88e92474e3ff0eb98a,eb4075c77285da02c52794154760fa969fb21ab3dcceb0820cb7d2ba27d27471,http://images.cocodataset.org/train2017/000000442001.jpg,http://images.cocodataset.org/train2017/000000442001.jpg,,http://images.cocodataset.org/train2017/000000442001.jpg,sorev,tier_b_v0.1,"{""axis"": ""semantic"", ""law"": ""stability_law"", ""note"": ""symmetric relation; subject/object reversal keeps truth"", ""relation"": ""opposite to"", ""transform"": ""sorev""}",,"{""do_sample"": false, ""max_new_tokens"": 5}",tier_b_tierb_pilot200,a4375a7c362690ef91f9db40f949558d1a160b30,v0.1
vsr_test:0430,vsr_test:0430,test,sorev,semantic,The banana is touching the dining table,The dining table is touching the banana.,touching,topology_contact,dining table,banana,True,True,stability_law,True,True, True,Qwen/Qwen2-VL-7B-Instruct,,7B_hardneg_lora,/home/ubuntu/vlm-spatial-reasoning/checkpoints/qwen2vl_7b_hardneg_lora/final,"{""README.md"": ""ad67fbd14e29a7dae114b54d70c840eab4d917c7d4bbce31d8e923429325d12b"", ""adapter_config.json"": ""9c868e731d9e1e45f0f114c79b1eeca3c96b1d0d3a8f5f93d9ff5a73d690a9df"", ""adapter_model.safetensors"": ""aaad7a39d905ddffc323d02d3beb78717388f29dc19488b91eb5218f4814b697"", ""chat_template.jinja"": ""a0bc6f6fc7a29a80017a433e8f03a1cc1236e838a944a2d034295a60c4f2fddb"", ""processor_config.json"": ""edb8dd5001f02dd3a488fd63d664fcdc5514c4a93962bf1be534a0acf6e2c714"", ""tokenizer.json"": ""ff8cce547abc110590d19c6b5b6e0c6a7b4c8d1012d78b9c42131bae7f494a02"", ""tokenizer_config.json"": ""5afec58078ec072cdc9ad190a63c8657f9c47ec71068ff9c77423f1ea0422364""}",,7f29cebb9d06eca06ad0d6c690e4d5a083b71a9c42008f88e92474e3ff0eb98a,eb4075c77285da02c52794154760fa969fb21ab3dcceb0820cb7d2ba27d27471,http://images.cocodataset.org/train2017/000000443397.jpg,http://images.cocodataset.org/train2017/000000443397.jpg,,http://images.cocodataset.org/train2017/000000443397.jpg,sorev,tier_b_v0.1,"{""axis"": ""semantic"", ""law"": ""stability_law"", ""note"": ""symmetric relation; subject/object reversal keeps truth"", ""relation"": ""touching"", ""transform"": ""sorev""}",,"{""do_sample"": false, ""max_new_tokens"": 5}",tier_b_tierb_pilot200,a4375a7c362690ef91f9db40f949558d1a160b30,v0.1
vsr_test:0432,vsr_test:0432,test,sorev,semantic,The teddy bear is touching the person,The person is touching the teddy bear.,touching,topology_contact,person,teddy bear,False,False,stability_law,False,True, False.,Qwen/Qwen2-VL-7B-Instruct,,7B_hardneg_lora,/home/ubuntu/vlm-spatial-reasoning/checkpoints/qwen2vl_7b_hardneg_lora/final,"{""README.md"": ""ad67fbd14e29a7dae114b54d70c840eab4d917c7d4bbce31d8e923429325d12b"", ""adapter_config.json"": ""9c868e731d9e1e45f0f114c79b1eeca3c96b1d0d3a8f5f93d9ff5a73d690a9df"", ""adapter_model.safetensors"": ""aaad7a39d905ddffc323d02d3beb78717388f29dc19488b91eb5218f4814b697"", ""chat_template.jinja"": ""a0bc6f6fc7a29a80017a433e8f03a1cc1236e838a944a2d034295a60c4f2fddb"", ""processor_config.json"": ""edb8dd5001f02dd3a488fd63d664fcdc5514c4a93962bf1be534a0acf6e2c714"", ""tokenizer.json"": ""ff8cce547abc110590d19c6b5b6e0c6a7b4c8d1012d78b9c42131bae7f494a02"", ""tokenizer_config.json"": ""5afec58078ec072cdc9ad190a63c8657f9c47ec71068ff9c77423f1ea0422364""}",,7f29cebb9d06eca06ad0d6c690e4d5a083b71a9c42008f88e92474e3ff0eb98a,eb4075c77285da02c52794154760fa969fb21ab3dcceb0820cb7d2ba27d27471,http://images.cocodataset.org/train2017/000000388344.jpg,http://images.cocodataset.org/train2017/000000388344.jpg,,http://images.cocodataset.org/train2017/000000388344.jpg,sorev,tier_b_v0.1,"{""axis"": ""semantic"", ""law"": ""stability_law"", ""note"": ""symmetric relation; subject/object reversal keeps truth"", ""relation"": ""touching"", ""transform"": ""sorev""}",,"{""do_sample"": false, ""max_new_tokens"": 5}",tier_b_tierb_pilot200,a4375a7c362690ef91f9db40f949558d1a160b30,v0.1
vsr_test:0433,vsr_test:0433,test,sorev,semantic,The person is touching the orange,The orange is touching the person.,touching,topology_contact,orange,person,False,False,stability_law,False,True, False.,Qwen/Qwen2-VL-7B-Instruct,,7B_hardneg_lora,/home/ubuntu/vlm-spatial-reasoning/checkpoints/qwen2vl_7b_hardneg_lora/final,"{""README.md"": ""ad67fbd14e29a7dae114b54d70c840eab4d917c7d4bbce31d8e923429325d12b"", ""adapter_config.json"": ""9c868e731d9e1e45f0f114c79b1eeca3c96b1d0d3a8f5f93d9ff5a73d690a9df"", ""adapter_model.safetensors"": ""aaad7a39d905ddffc323d02d3beb78717388f29dc19488b91eb5218f4814b697"", ""chat_template.jinja"": ""a0bc6f6fc7a29a80017a433e8f03a1cc1236e838a944a2d034295a60c4f2fddb"", ""processor_config.json"": ""edb8dd5001f02dd3a488fd63d664fcdc5514c4a93962bf1be534a0acf6e2c714"", ""tokenizer.json"": ""ff8cce547abc110590d19c6b5b6e0c6a7b4c8d1012d78b9c42131bae7f494a02"", ""tokenizer_config.json"": ""5afec58078ec072cdc9ad190a63c8657f9c47ec71068ff9c77423f1ea0422364""}",,7f29cebb9d06eca06ad0d6c690e4d5a083b71a9c42008f88e92474e3ff0eb98a,eb4075c77285da02c52794154760fa969fb21ab3dcceb0820cb7d2ba27d27471,http://images.cocodataset.org/train2017/000000098127.jpg,http://images.cocodataset.org/train2017/000000098127.jpg,,http://images.cocodataset.org/train2017/000000098127.jpg,sorev,tier_b_v0.1,"{""axis"": ""semantic"", ""law"": ""stability_law"", ""note"": ""symmetric relation; subject/object reversal keeps truth"", ""relation"": ""touching"", ""transform"": ""sorev""}",,"{""do_sample"": false, ""max_new_tokens"": 5}",tier_b_tierb_pilot200,a4375a7c362690ef91f9db40f949558d1a160b30,v0.1
vsr_test:0435,vsr_test:0435,test,sorev,semantic,The banana is touching the apple,The apple is touching the banana.,touching,topology_contact,apple,banana,False,False,stability_law,False,True, False.,Qwen/Qwen2-VL-7B-Instruct,,7B_hardneg_lora,/home/ubuntu/vlm-spatial-reasoning/checkpoints/qwen2vl_7b_hardneg_lora/final,"{""README.md"": ""ad67fbd14e29a7dae114b54d70c840eab4d917c7d4bbce31d8e923429325d12b"", ""adapter_config.json"": ""9c868e731d9e1e45f0f114c79b1eeca3c96b1d0d3a8f5f93d9ff5a73d690a9df"", ""adapter_model.safetensors"": ""aaad7a39d905ddffc323d02d3beb78717388f29dc19488b91eb5218f4814b697"", ""chat_template.jinja"": ""a0bc6f6fc7a29a80017a433e8f03a1cc1236e838a944a2d034295a60c4f2fddb"", ""processor_config.json"": ""edb8dd5001f02dd3a488fd63d664fcdc5514c4a93962bf1be534a0acf6e2c714"", ""tokenizer.json"": ""ff8cce547abc110590d19c6b5b6e0c6a7b4c8d1012d78b9c42131bae7f494a02"", ""tokenizer_config.json"": ""5afec58078ec072cdc9ad190a63c8657f9c47ec71068ff9c77423f1ea0422364""}",,7f29cebb9d06eca06ad0d6c690e4d5a083b71a9c42008f88e92474e3ff0eb98a,eb4075c77285da02c52794154760fa969fb21ab3dcceb0820cb7d2ba27d27471,http://images.cocodataset.org/train2017/000000490871.jpg,http://images.cocodataset.org/train2017/000000490871.jpg,,http://images.cocodataset.org/train2017/000000490871.jpg,sorev,tier_b_v0.1,"{""axis"": ""semantic"", ""law"": ""stability_law"", ""note"": ""symmetric relation; subject/object reversal keeps truth"", ""relation"": ""touching"", ""transform"": ""sorev""}",,"{""do_sample"": false, ""max_new_tokens"": 5}",tier_b_tierb_pilot200,a4375a7c362690ef91f9db40f949558d1a160b30,v0.1
vsr_test:0438,vsr_test:0438,test,sorev,semantic,The tv is opposite to the person,The person is opposite to the tv.,opposite to,other,person,tv,False,False,stability_law,True,False, True.,Qwen/Qwen2-VL-7B-Instruct,,7B_hardneg_lora,/home/ubuntu/vlm-spatial-reasoning/checkpoints/qwen2vl_7b_hardneg_lora/final,"{""README.md"": ""ad67fbd14e29a7dae114b54d70c840eab4d917c7d4bbce31d8e923429325d12b"", ""adapter_config.json"": ""9c868e731d9e1e45f0f114c79b1eeca3c96b1d0d3a8f5f93d9ff5a73d690a9df"", ""adapter_model.safetensors"": ""aaad7a39d905ddffc323d02d3beb78717388f29dc19488b91eb5218f4814b697"", ""chat_template.jinja"": ""a0bc6f6fc7a29a80017a433e8f03a1cc1236e838a944a2d034295a60c4f2fddb"", ""processor_config.json"": ""edb8dd5001f02dd3a488fd63d664fcdc5514c4a93962bf1be534a0acf6e2c714"", ""tokenizer.json"": ""ff8cce547abc110590d19c6b5b6e0c6a7b4c8d1012d78b9c42131bae7f494a02"", ""tokenizer_config.json"": ""5afec58078ec072cdc9ad190a63c8657f9c47ec71068ff9c77423f1ea0422364""}",,7f29cebb9d06eca06ad0d6c690e4d5a083b71a9c42008f88e92474e3ff0eb98a,eb4075c77285da02c52794154760fa969fb21ab3dcceb0820cb7d2ba27d27471,http://images.cocodataset.org/train2017/000000561630.jpg,http://images.cocodataset.org/train2017/000000561630.jpg,,http://images.cocodataset.org/train2017/000000561630.jpg,sorev,tier_b_v0.1,"{""axis"": ""semantic"", ""law"": ""stability_law"", ""note"": ""symmetric relation; subject/object reversal keeps truth"", ""relation"": ""opposite to"", ""transform"": ""sorev""}",,"{""do_sample"": false, ""max_new_tokens"": 5}",tier_b_tierb_pilot200,a4375a7c362690ef91f9db40f949558d1a160b30,v0.1
vsr_test:0441,vsr_test:0441,test,sorev,semantic,The train is attached to the boat,The boat is attached to the train.,attached to,topology_contact,boat,train,True,True,stability_law,True,True, True.,Qwen/Qwen2-VL-7B-Instruct,,7B_hardneg_lora,/home/ubuntu/vlm-spatial-reasoning/checkpoints/qwen2vl_7b_hardneg_lora/final,"{""README.md"": ""ad67fbd14e29a7dae114b54d70c840eab4d917c7d4bbce31d8e923429325d12b"", ""adapter_config.json"": ""9c868e731d9e1e45f0f114c79b1eeca3c96b1d0d3a8f5f93d9ff5a73d690a9df"", ""adapter_model.safetensors"": ""aaad7a39d905ddffc323d02d3beb78717388f29dc19488b91eb5218f4814b697"", ""chat_template.jinja"": ""a0bc6f6fc7a29a80017a433e8f03a1cc1236e838a944a2d034295a60c4f2fddb"", ""processor_config.json"": ""edb8dd5001f02dd3a488fd63d664fcdc5514c4a93962bf1be534a0acf6e2c714"", ""tokenizer.json"": ""ff8cce547abc110590d19c6b5b6e0c6a7b4c8d1012d78b9c42131bae7f494a02"", ""tokenizer_config.json"": ""5afec58078ec072cdc9ad190a63c8657f9c47ec71068ff9c77423f1ea0422364""}",,7f29cebb9d06eca06ad0d6c690e4d5a083b71a9c42008f88e92474e3ff0eb98a,eb4075c77285da02c52794154760fa969fb21ab3dcceb0820cb7d2ba27d27471,http://images.cocodataset.org/train2017/000000284873.jpg,http://images.cocodataset.org/train2017/000000284873.jpg,,http://images.cocodataset.org/train2017/000000284873.jpg,sorev,tier_b_v0.1,"{""axis"": ""semantic"", ""law"": ""stability_law"", ""note"": ""symmetric relation; subject/object reversal keeps truth"", ""relation"": ""attached to"", ""transform"": ""sorev""}",,"{""do_sample"": false, ""max_new_tokens"": 5}",tier_b_tierb_pilot200,a4375a7c362690ef91f9db40f949558d1a160b30,v0.1
vsr_test:0448,vsr_test:0448,test,sorev,semantic,The tv is touching the cat,The cat is touching the tv.,touching,topology_contact,cat,tv,True,True,stability_law,False,False, False.,Qwen/Qwen2-VL-7B-Instruct,,7B_hardneg_lora,/home/ubuntu/vlm-spatial-reasoning/checkpoints/qwen2vl_7b_hardneg_lora/final,"{""README.md"": ""ad67fbd14e29a7dae114b54d70c840eab4d917c7d4bbce31d8e923429325d12b"", ""adapter_config.json"": ""9c868e731d9e1e45f0f114c79b1eeca3c96b1d0d3a8f5f93d9ff5a73d690a9df"", ""adapter_model.safetensors"": ""aaad7a39d905ddffc323d02d3beb78717388f29dc19488b91eb5218f4814b697"", ""chat_template.jinja"": ""a0bc6f6fc7a29a80017a433e8f03a1cc1236e838a944a2d034295a60c4f2fddb"", ""processor_config.json"": ""edb8dd5001f02dd3a488fd63d664fcdc5514c4a93962bf1be534a0acf6e2c714"", ""tokenizer.json"": ""ff8cce547abc110590d19c6b5b6e0c6a7b4c8d1012d78b9c42131bae7f494a02"", ""tokenizer_config.json"": ""5afec58078ec072cdc9ad190a63c8657f9c47ec71068ff9c77423f1ea0422364""}",,7f29cebb9d06eca06ad0d6c690e4d5a083b71a9c42008f88e92474e3ff0eb98a,eb4075c77285da02c52794154760fa969fb21ab3dcceb0820cb7d2ba27d27471,http://images.cocodataset.org/train2017/000000025421.jpg,http://images.cocodataset.org/train2017/000000025421.jpg,,http://images.cocodataset.org/train2017/000000025421.jpg,sorev,tier_b_v0.1,"{""axis"": ""semantic"", ""law"": ""stability_law"", ""note"": ""symmetric relation; subject/object reversal keeps truth"", ""relation"": ""touching"", ""transform"": ""sorev""}",,"{""do_sample"": false, ""max_new_tokens"": 5}",tier_b_tierb_pilot200,a4375a7c362690ef91f9db40f949558d1a160b30,v0.1
vsr_test:0450,vsr_test:0450,test,sorev,semantic,The train is alongside the potted plant,The potted plant is alongside the train.,alongside,horizontal,potted plant,train,False,False,stability_law,False,True, False.,Qwen/Qwen2-VL-7B-Instruct,,7B_hardneg_lora,/home/ubuntu/vlm-spatial-reasoning/checkpoints/qwen2vl_7b_hardneg_lora/final,"{""README.md"": ""ad67fbd14e29a7dae114b54d70c840eab4d917c7d4bbce31d8e923429325d12b"", ""adapter_config.json"": ""9c868e731d9e1e45f0f114c79b1eeca3c96b1d0d3a8f5f93d9ff5a73d690a9df"", ""adapter_model.safetensors"": ""aaad7a39d905ddffc323d02d3beb78717388f29dc19488b91eb5218f4814b697"", ""chat_template.jinja"": ""a0bc6f6fc7a29a80017a433e8f03a1cc1236e838a944a2d034295a60c4f2fddb"", ""processor_config.json"": ""edb8dd5001f02dd3a488fd63d664fcdc5514c4a93962bf1be534a0acf6e2c714"", ""tokenizer.json"": ""ff8cce547abc110590d19c6b5b6e0c6a7b4c8d1012d78b9c42131bae7f494a02"", ""tokenizer_config.json"": ""5afec58078ec072cdc9ad190a63c8657f9c47ec71068ff9c77423f1ea0422364""}",,7f29cebb9d06eca06ad0d6c690e4d5a083b71a9c42008f88e92474e3ff0eb98a,eb4075c77285da02c52794154760fa969fb21ab3dcceb0820cb7d2ba27d27471,http://images.cocodataset.org/train2017/000000435481.jpg,http://images.cocodataset.org/train2017/000000435481.jpg,,http://images.cocodataset.org/train2017/000000435481.jpg,sorev,tier_b_v0.1,"{""axis"": ""semantic"", ""law"": ""stability_law"", ""note"": ""symmetric relation; subject/object reversal keeps truth"", ""relation"": ""alongside"", ""transform"": ""sorev""}",,"{""do_sample"": false, ""max_new_tokens"": 5}",tier_b_tierb_pilot200,a4375a7c362690ef91f9db40f949558d1a160b30,v0.1
vsr_test:0451,vsr_test:0451,test,sorev,semantic,The cup is touching the donut,The donut is touching the cup.,touching,topology_contact,donut,cup,False,False,stability_law,False,True, False.,Qwen/Qwen2-VL-7B-Instruct,,7B_hardneg_lora,/home/ubuntu/vlm-spatial-reasoning/checkpoints/qwen2vl_7b_hardneg_lora/final,"{""README.md"": ""ad67fbd14e29a7dae114b54d70c840eab4d917c7d4bbce31d8e923429325d12b"", ""adapter_config.json"": ""9c868e731d9e1e45f0f114c79b1eeca3c96b1d0d3a8f5f93d9ff5a73d690a9df"", ""adapter_model.safetensors"": ""aaad7a39d905ddffc323d02d3beb78717388f29dc19488b91eb5218f4814b697"", ""chat_template.jinja"": ""a0bc6f6fc7a29a80017a433e8f03a1cc1236e838a944a2d034295a60c4f2fddb"", ""processor_config.json"": ""edb8dd5001f02dd3a488fd63d664fcdc5514c4a93962bf1be534a0acf6e2c714"", ""tokenizer.json"": ""ff8cce547abc110590d19c6b5b6e0c6a7b4c8d1012d78b9c42131bae7f494a02"", ""tokenizer_config.json"": ""5afec58078ec072cdc9ad190a63c8657f9c47ec71068ff9c77423f1ea0422364""}",,7f29cebb9d06eca06ad0d6c690e4d5a083b71a9c42008f88e92474e3ff0eb98a,eb4075c77285da02c52794154760fa969fb21ab3dcceb0820cb7d2ba27d27471,http://images.cocodataset.org/train2017/000000398093.jpg,http://images.cocodataset.org/train2017/000000398093.jpg,,http://images.cocodataset.org/train2017/000000398093.jpg,sorev,tier_b_v0.1,"{""axis"": ""semantic"", ""law"": ""stability_law"", ""note"": ""symmetric relation; subject/object reversal keeps truth"", ""relation"": ""touching"", ""transform"": ""sorev""}",,"{""do_sample"": false, ""max_new_tokens"": 5}",tier_b_tierb_pilot200,a4375a7c362690ef91f9db40f949558d1a160b30,v0.1
vsr_test:0453,vsr_test:0453,test,sorev,semantic,The bicycle is touching the bed,The bed is touching the bicycle.,touching,topology_contact,bed,bicycle,True,True,stability_law,True,True, True,Qwen/Qwen2-VL-7B-Instruct,,7B_hardneg_lora,/home/ubuntu/vlm-spatial-reasoning/checkpoints/qwen2vl_7b_hardneg_lora/final,"{""README.md"": ""ad67fbd14e29a7dae114b54d70c840eab4d917c7d4bbce31d8e923429325d12b"", ""adapter_config.json"": ""9c868e731d9e1e45f0f114c79b1eeca3c96b1d0d3a8f5f93d9ff5a73d690a9df"", ""adapter_model.safetensors"": ""aaad7a39d905ddffc323d02d3beb78717388f29dc19488b91eb5218f4814b697"", ""chat_template.jinja"": ""a0bc6f6fc7a29a80017a433e8f03a1cc1236e838a944a2d034295a60c4f2fddb"", ""processor_config.json"": ""edb8dd5001f02dd3a488fd63d664fcdc5514c4a93962bf1be534a0acf6e2c714"", ""tokenizer.json"": ""ff8cce547abc110590d19c6b5b6e0c6a7b4c8d1012d78b9c42131bae7f494a02"", ""tokenizer_config.json"": ""5afec58078ec072cdc9ad190a63c8657f9c47ec71068ff9c77423f1ea0422364""}",,7f29cebb9d06eca06ad0d6c690e4d5a083b71a9c42008f88e92474e3ff0eb98a,eb4075c77285da02c52794154760fa969fb21ab3dcceb0820cb7d2ba27d27471,http://images.cocodataset.org/train2017/000000002139.jpg,http://images.cocodataset.org/train2017/000000002139.jpg,,http://images.cocodataset.org/train2017/000000002139.jpg,sorev,tier_b_v0.1,"{""axis"": ""semantic"", ""law"": ""stability_law"", ""note"": ""symmetric relation; subject/object reversal keeps truth"", ""relation"": ""touching"", ""transform"": ""sorev""}",,"{""do_sample"": false, ""max_new_tokens"": 5}",tier_b_tierb_pilot200,a4375a7c362690ef91f9db40f949558d1a160b30,v0.1
vsr_test:0454,vsr_test:0454,test,sorev,semantic,The bear is far away from the person,The person is far away from the bear.,far away from,proximity,person,bear,True,True,stability_law,True,True, True,Qwen/Qwen2-VL-7B-Instruct,,7B_hardneg_lora,/home/ubuntu/vlm-spatial-reasoning/checkpoints/qwen2vl_7b_hardneg_lora/final,"{""README.md"": ""ad67fbd14e29a7dae114b54d70c840eab4d917c7d4bbce31d8e923429325d12b"", ""adapter_config.json"": ""9c868e731d9e1e45f0f114c79b1eeca3c96b1d0d3a8f5f93d9ff5a73d690a9df"", ""adapter_model.safetensors"": ""aaad7a39d905ddffc323d02d3beb78717388f29dc19488b91eb5218f4814b697"", ""chat_template.jinja"": ""a0bc6f6fc7a29a80017a433e8f03a1cc1236e838a944a2d034295a60c4f2fddb"", ""processor_config.json"": ""edb8dd5001f02dd3a488fd63d664fcdc5514c4a93962bf1be534a0acf6e2c714"", ""tokenizer.json"": ""ff8cce547abc110590d19c6b5b6e0c6a7b4c8d1012d78b9c42131bae7f494a02"", ""tokenizer_config.json"": ""5afec58078ec072cdc9ad190a63c8657f9c47ec71068ff9c77423f1ea0422364""}",,7f29cebb9d06eca06ad0d6c690e4d5a083b71a9c42008f88e92474e3ff0eb98a,eb4075c77285da02c52794154760fa969fb21ab3dcceb0820cb7d2ba27d27471,http://images.cocodataset.org/train2017/000000094926.jpg,http://images.cocodataset.org/train2017/000000094926.jpg,,http://images.cocodataset.org/train2017/000000094926.jpg,sorev,tier_b_v0.1,"{""axis"": ""semantic"", ""law"": ""stability_law"", ""note"": ""symmetric relation; subject/object reversal keeps truth"", ""relation"": ""far away from"", ""transform"": ""sorev""}",,"{""do_sample"": false, ""max_new_tokens"": 5}",tier_b_tierb_pilot200,a4375a7c362690ef91f9db40f949558d1a160b30,v0.1
vsr_test:0455,vsr_test:0455,test,sorev,semantic,The teddy bear is touching the dining table,The dining table is touching the teddy bear.,touching,topology_contact,dining table,teddy bear,False,False,stability_law,False,True, False.,Qwen/Qwen2-VL-7B-Instruct,,7B_hardneg_lora,/home/ubuntu/vlm-spatial-reasoning/checkpoints/qwen2vl_7b_hardneg_lora/final,"{""README.md"": ""ad67fbd14e29a7dae114b54d70c840eab4d917c7d4bbce31d8e923429325d12b"", ""adapter_config.json"": ""9c868e731d9e1e45f0f114c79b1eeca3c96b1d0d3a8f5f93d9ff5a73d690a9df"", ""adapter_model.safetensors"": ""aaad7a39d905ddffc323d02d3beb78717388f29dc19488b91eb5218f4814b697"", ""chat_template.jinja"": ""a0bc6f6fc7a29a80017a433e8f03a1cc1236e838a944a2d034295a60c4f2fddb"", ""processor_config.json"": ""edb8dd5001f02dd3a488fd63d664fcdc5514c4a93962bf1be534a0acf6e2c714"", ""tokenizer.json"": ""ff8cce547abc110590d19c6b5b6e0c6a7b4c8d1012d78b9c42131bae7f494a02"", ""tokenizer_config.json"": ""5afec58078ec072cdc9ad190a63c8657f9c47ec71068ff9c77423f1ea0422364""}",,7f29cebb9d06eca06ad0d6c690e4d5a083b71a9c42008f88e92474e3ff0eb98a,eb4075c77285da02c52794154760fa969fb21ab3dcceb0820cb7d2ba27d27471,http://images.cocodataset.org/train2017/000000479563.jpg,http://images.cocodataset.org/train2017/000000479563.jpg,,http://images.cocodataset.org/train2017/000000479563.jpg,sorev,tier_b_v0.1,"{""axis"": ""semantic"", ""law"": ""stability_law"", ""note"": ""symmetric relation; subject/object reversal keeps truth"", ""relation"": ""touching"", ""transform"": ""sorev""}",,"{""do_sample"": false, ""max_new_tokens"": 5}",tier_b_tierb_pilot200,a4375a7c362690ef91f9db40f949558d1a160b30,v0.1
vsr_test:0456,vsr_test:0456,test,sorev,semantic,The car is opposite to the parking meter,The parking meter is opposite to the car.,opposite to,other,parking meter,car,False,False,stability_law,True,False, True.,Qwen/Qwen2-VL-7B-Instruct,,7B_hardneg_lora,/home/ubuntu/vlm-spatial-reasoning/checkpoints/qwen2vl_7b_hardneg_lora/final,"{""README.md"": ""ad67fbd14e29a7dae114b54d70c840eab4d917c7d4bbce31d8e923429325d12b"", ""adapter_config.json"": ""9c868e731d9e1e45f0f114c79b1eeca3c96b1d0d3a8f5f93d9ff5a73d690a9df"", ""adapter_model.safetensors"": ""aaad7a39d905ddffc323d02d3beb78717388f29dc19488b91eb5218f4814b697"", ""chat_template.jinja"": ""a0bc6f6fc7a29a80017a433e8f03a1cc1236e838a944a2d034295a60c4f2fddb"", ""processor_config.json"": ""edb8dd5001f02dd3a488fd63d664fcdc5514c4a93962bf1be534a0acf6e2c714"", ""tokenizer.json"": ""ff8cce547abc110590d19c6b5b6e0c6a7b4c8d1012d78b9c42131bae7f494a02"", ""tokenizer_config.json"": ""5afec58078ec072cdc9ad190a63c8657f9c47ec71068ff9c77423f1ea0422364""}",,7f29cebb9d06eca06ad0d6c690e4d5a083b71a9c42008f88e92474e3ff0eb98a,eb4075c77285da02c52794154760fa969fb21ab3dcceb0820cb7d2ba27d27471,http://images.cocodataset.org/train2017/000000385172.jpg,http://images.cocodataset.org/train2017/000000385172.jpg,,http://images.cocodataset.org/train2017/000000385172.jpg,sorev,tier_b_v0.1,"{""axis"": ""semantic"", ""law"": ""stability_law"", ""note"": ""symmetric relation; subject/object reversal keeps truth"", ""relation"": ""opposite to"", ""transform"": ""sorev""}",,"{""do_sample"": false, ""max_new_tokens"": 5}",tier_b_tierb_pilot200,a4375a7c362690ef91f9db40f949558d1a160b30,v0.1
vsr_test:0458,vsr_test:0458,test,sorev,semantic,The cat is touching the bench,The bench is touching the cat.,touching,topology_contact,bench,cat,True,True,stability_law,True,True, True,Qwen/Qwen2-VL-7B-Instruct,,7B_hardneg_lora,/home/ubuntu/vlm-spatial-reasoning/checkpoints/qwen2vl_7b_hardneg_lora/final,"{""README.md"": ""ad67fbd14e29a7dae114b54d70c840eab4d917c7d4bbce31d8e923429325d12b"", ""adapter_config.json"": ""9c868e731d9e1e45f0f114c79b1eeca3c96b1d0d3a8f5f93d9ff5a73d690a9df"", ""adapter_model.safetensors"": ""aaad7a39d905ddffc323d02d3beb78717388f29dc19488b91eb5218f4814b697"", ""chat_template.jinja"": ""a0bc6f6fc7a29a80017a433e8f03a1cc1236e838a944a2d034295a60c4f2fddb"", ""processor_config.json"": ""edb8dd5001f02dd3a488fd63d664fcdc5514c4a93962bf1be534a0acf6e2c714"", ""tokenizer.json"": ""ff8cce547abc110590d19c6b5b6e0c6a7b4c8d1012d78b9c42131bae7f494a02"", ""tokenizer_config.json"": ""5afec58078ec072cdc9ad190a63c8657f9c47ec71068ff9c77423f1ea0422364""}",,7f29cebb9d06eca06ad0d6c690e4d5a083b71a9c42008f88e92474e3ff0eb98a,eb4075c77285da02c52794154760fa969fb21ab3dcceb0820cb7d2ba27d27471,http://images.cocodataset.org/train2017/000000109869.jpg,http://images.cocodataset.org/train2017/000000109869.jpg,,http://images.cocodataset.org/train2017/000000109869.jpg,sorev,tier_b_v0.1,"{""axis"": ""semantic"", ""law"": ""stability_law"", ""note"": ""symmetric relation; subject/object reversal keeps truth"", ""relation"": ""touching"", ""transform"": ""sorev""}",,"{""do_sample"": false, ""max_new_tokens"": 5}",tier_b_tierb_pilot200,a4375a7c362690ef91f9db40f949558d1a160b30,v0.1
vsr_test:0460,vsr_test:0460,test,sorev,semantic,The potted plant is next to the wine glass,The wine glass is next to the potted plant.,next to,horizontal,wine glass,potted plant,False,False,stability_law,False,True, False.,Qwen/Qwen2-VL-7B-Instruct,,7B_hardneg_lora,/home/ubuntu/vlm-spatial-reasoning/checkpoints/qwen2vl_7b_hardneg_lora/final,"{""README.md"": ""ad67fbd14e29a7dae114b54d70c840eab4d917c7d4bbce31d8e923429325d12b"", ""adapter_config.json"": ""9c868e731d9e1e45f0f114c79b1eeca3c96b1d0d3a8f5f93d9ff5a73d690a9df"", ""adapter_model.safetensors"": ""aaad7a39d905ddffc323d02d3beb78717388f29dc19488b91eb5218f4814b697"", ""chat_template.jinja"": ""a0bc6f6fc7a29a80017a433e8f03a1cc1236e838a944a2d034295a60c4f2fddb"", ""processor_config.json"": ""edb8dd5001f02dd3a488fd63d664fcdc5514c4a93962bf1be534a0acf6e2c714"", ""tokenizer.json"": ""ff8cce547abc110590d19c6b5b6e0c6a7b4c8d1012d78b9c42131bae7f494a02"", ""tokenizer_config.json"": ""5afec58078ec072cdc9ad190a63c8657f9c47ec71068ff9c77423f1ea0422364""}",,7f29cebb9d06eca06ad0d6c690e4d5a083b71a9c42008f88e92474e3ff0eb98a,eb4075c77285da02c52794154760fa969fb21ab3dcceb0820cb7d2ba27d27471,http://images.cocodataset.org/train2017/000000275449.jpg,http://images.cocodataset.org/train2017/000000275449.jpg,,http://images.cocodataset.org/train2017/000000275449.jpg,sorev,tier_b_v0.1,"{""axis"": ""semantic"", ""law"": ""stability_law"", ""note"": ""symmetric relation; subject/object reversal keeps truth"", ""relation"": ""next to"", ""transform"": ""sorev""}",,"{""do_sample"": false, ""max_new_tokens"": 5}",tier_b_tierb_pilot200,a4375a7c362690ef91f9db40f949558d1a160b30,v0.1
vsr_test:0461,vsr_test:0461,test,sorev,semantic,The donut is touching the person,The person is touching the donut.,touching,topology_contact,person,donut,False,False,stability_law,False,True, False.,Qwen/Qwen2-VL-7B-Instruct,,7B_hardneg_lora,/home/ubuntu/vlm-spatial-reasoning/checkpoints/qwen2vl_7b_hardneg_lora/final,"{""README.md"": ""ad67fbd14e29a7dae114b54d70c840eab4d917c7d4bbce31d8e923429325d12b"", ""adapter_config.json"": ""9c868e731d9e1e45f0f114c79b1eeca3c96b1d0d3a8f5f93d9ff5a73d690a9df"", ""adapter_model.safetensors"": ""aaad7a39d905ddffc323d02d3beb78717388f29dc19488b91eb5218f4814b697"", ""chat_template.jinja"": ""a0bc6f6fc7a29a80017a433e8f03a1cc1236e838a944a2d034295a60c4f2fddb"", ""processor_config.json"": ""edb8dd5001f02dd3a488fd63d664fcdc5514c4a93962bf1be534a0acf6e2c714"", ""tokenizer.json"": ""ff8cce547abc110590d19c6b5b6e0c6a7b4c8d1012d78b9c42131bae7f494a02"", ""tokenizer_config.json"": ""5afec58078ec072cdc9ad190a63c8657f9c47ec71068ff9c77423f1ea0422364""}",,7f29cebb9d06eca06ad0d6c690e4d5a083b71a9c42008f88e92474e3ff0eb98a,eb4075c77285da02c52794154760fa969fb21ab3dcceb0820cb7d2ba27d27471,http://images.cocodataset.org/train2017/000000303718.jpg,http://images.cocodataset.org/train2017/000000303718.jpg,,http://images.cocodataset.org/train2017/000000303718.jpg,sorev,tier_b_v0.1,"{""axis"": ""semantic"", ""law"": ""stability_law"", ""note"": ""symmetric relation; subject/object reversal keeps truth"", ""relation"": ""touching"", ""transform"": ""sorev""}",,"{""do_sample"": false, ""max_new_tokens"": 5}",tier_b_tierb_pilot200,a4375a7c362690ef91f9db40f949558d1a160b30,v0.1
vsr_test:0462,vsr_test:0462,test,sorev,semantic,The person is touching the giraffe,The giraffe is touching the person.,touching,topology_contact,giraffe,person,False,False,stability_law,False,True, False.,Qwen/Qwen2-VL-7B-Instruct,,7B_hardneg_lora,/home/ubuntu/vlm-spatial-reasoning/checkpoints/qwen2vl_7b_hardneg_lora/final,"{""README.md"": ""ad67fbd14e29a7dae114b54d70c840eab4d917c7d4bbce31d8e923429325d12b"", ""adapter_config.json"": ""9c868e731d9e1e45f0f114c79b1eeca3c96b1d0d3a8f5f93d9ff5a73d690a9df"", ""adapter_model.safetensors"": ""aaad7a39d905ddffc323d02d3beb78717388f29dc19488b91eb5218f4814b697"", ""chat_template.jinja"": ""a0bc6f6fc7a29a80017a433e8f03a1cc1236e838a944a2d034295a60c4f2fddb"", ""processor_config.json"": ""edb8dd5001f02dd3a488fd63d664fcdc5514c4a93962bf1be534a0acf6e2c714"", ""tokenizer.json"": ""ff8cce547abc110590d19c6b5b6e0c6a7b4c8d1012d78b9c42131bae7f494a02"", ""tokenizer_config.json"": ""5afec58078ec072cdc9ad190a63c8657f9c47ec71068ff9c77423f1ea0422364""}",,7f29cebb9d06eca06ad0d6c690e4d5a083b71a9c42008f88e92474e3ff0eb98a,eb4075c77285da02c52794154760fa969fb21ab3dcceb0820cb7d2ba27d27471,http://images.cocodataset.org/train2017/000000558163.jpg,http://images.cocodataset.org/train2017/000000558163.jpg,,http://images.cocodataset.org/train2017/000000558163.jpg,sorev,tier_b_v0.1,"{""axis"": ""semantic"", ""law"": ""stability_law"", ""note"": ""symmetric relation; subject/object reversal keeps truth"", ""relation"": ""touching"", ""transform"": ""sorev""}",,"{""do_sample"": false, ""max_new_tokens"": 5}",tier_b_tierb_pilot200,a4375a7c362690ef91f9db40f949558d1a160b30,v0.1
vsr_test:0465,vsr_test:0465,test,sorev,semantic,The backpack is touching the bed,The bed is touching the backpack.,touching,topology_contact,bed,backpack,True,True,stability_law,False,False, False.,Qwen/Qwen2-VL-7B-Instruct,,7B_hardneg_lora,/home/ubuntu/vlm-spatial-reasoning/checkpoints/qwen2vl_7b_hardneg_lora/final,"{""README.md"": ""ad67fbd14e29a7dae114b54d70c840eab4d917c7d4bbce31d8e923429325d12b"", ""adapter_config.json"": ""9c868e731d9e1e45f0f114c79b1eeca3c96b1d0d3a8f5f93d9ff5a73d690a9df"", ""adapter_model.safetensors"": ""aaad7a39d905ddffc323d02d3beb78717388f29dc19488b91eb5218f4814b697"", ""chat_template.jinja"": ""a0bc6f6fc7a29a80017a433e8f03a1cc1236e838a944a2d034295a60c4f2fddb"", ""processor_config.json"": ""edb8dd5001f02dd3a488fd63d664fcdc5514c4a93962bf1be534a0acf6e2c714"", ""tokenizer.json"": ""ff8cce547abc110590d19c6b5b6e0c6a7b4c8d1012d78b9c42131bae7f494a02"", ""tokenizer_config.json"": ""5afec58078ec072cdc9ad190a63c8657f9c47ec71068ff9c77423f1ea0422364""}",,7f29cebb9d06eca06ad0d6c690e4d5a083b71a9c42008f88e92474e3ff0eb98a,eb4075c77285da02c52794154760fa969fb21ab3dcceb0820cb7d2ba27d27471,http://images.cocodataset.org/train2017/000000303534.jpg,http://images.cocodataset.org/train2017/000000303534.jpg,,http://images.cocodataset.org/train2017/000000303534.jpg,sorev,tier_b_v0.1,"{""axis"": ""semantic"", ""law"": ""stability_law"", ""note"": ""symmetric relation; subject/object reversal keeps truth"", ""relation"": ""touching"", ""transform"": ""sorev""}",,"{""do_sample"": false, ""max_new_tokens"": 5}",tier_b_tierb_pilot200,a4375a7c362690ef91f9db40f949558d1a160b30,v0.1
vsr_test:0473,vsr_test:0473,test,sorev,semantic,The bed is next to the cat,The cat is next to the bed.,next to,horizontal,cat,bed,True,True,stability_law,True,True, True.,Qwen/Qwen2-VL-7B-Instruct,,7B_hardneg_lora,/home/ubuntu/vlm-spatial-reasoning/checkpoints/qwen2vl_7b_hardneg_lora/final,"{""README.md"": ""ad67fbd14e29a7dae114b54d70c840eab4d917c7d4bbce31d8e923429325d12b"", ""adapter_config.json"": ""9c868e731d9e1e45f0f114c79b1eeca3c96b1d0d3a8f5f93d9ff5a73d690a9df"", ""adapter_model.safetensors"": ""aaad7a39d905ddffc323d02d3beb78717388f29dc19488b91eb5218f4814b697"", ""chat_template.jinja"": ""a0bc6f6fc7a29a80017a433e8f03a1cc1236e838a944a2d034295a60c4f2fddb"", ""processor_config.json"": ""edb8dd5001f02dd3a488fd63d664fcdc5514c4a93962bf1be534a0acf6e2c714"", ""tokenizer.json"": ""ff8cce547abc110590d19c6b5b6e0c6a7b4c8d1012d78b9c42131bae7f494a02"", ""tokenizer_config.json"": ""5afec58078ec072cdc9ad190a63c8657f9c47ec71068ff9c77423f1ea0422364""}",,7f29cebb9d06eca06ad0d6c690e4d5a083b71a9c42008f88e92474e3ff0eb98a,eb4075c77285da02c52794154760fa969fb21ab3dcceb0820cb7d2ba27d27471,http://images.cocodataset.org/train2017/000000268227.jpg,http://images.cocodataset.org/train2017/000000268227.jpg,,http://images.cocodataset.org/train2017/000000268227.jpg,sorev,tier_b_v0.1,"{""axis"": ""semantic"", ""law"": ""stability_law"", ""note"": ""symmetric relation; subject/object reversal keeps truth"", ""relation"": ""next to"", ""transform"": ""sorev""}",,"{""do_sample"": false, ""max_new_tokens"": 5}",tier_b_tierb_pilot200,a4375a7c362690ef91f9db40f949558d1a160b30,v0.1
vsr_test:0475,vsr_test:0475,test,sorev,semantic,The broccoli is touching the person,The person is touching the broccoli.,touching,topology_contact,person,broccoli,True,True,stability_law,True,True, True,Qwen/Qwen2-VL-7B-Instruct,,7B_hardneg_lora,/home/ubuntu/vlm-spatial-reasoning/checkpoints/qwen2vl_7b_hardneg_lora/final,"{""README.md"": ""ad67fbd14e29a7dae114b54d70c840eab4d917c7d4bbce31d8e923429325d12b"", ""adapter_config.json"": ""9c868e731d9e1e45f0f114c79b1eeca3c96b1d0d3a8f5f93d9ff5a73d690a9df"", ""adapter_model.safetensors"": ""aaad7a39d905ddffc323d02d3beb78717388f29dc19488b91eb5218f4814b697"", ""chat_template.jinja"": ""a0bc6f6fc7a29a80017a433e8f03a1cc1236e838a944a2d034295a60c4f2fddb"", ""processor_config.json"": ""edb8dd5001f02dd3a488fd63d664fcdc5514c4a93962bf1be534a0acf6e2c714"", ""tokenizer.json"": ""ff8cce547abc110590d19c6b5b6e0c6a7b4c8d1012d78b9c42131bae7f494a02"", ""tokenizer_config.json"": ""5afec58078ec072cdc9ad190a63c8657f9c47ec71068ff9c77423f1ea0422364""}",,7f29cebb9d06eca06ad0d6c690e4d5a083b71a9c42008f88e92474e3ff0eb98a,eb4075c77285da02c52794154760fa969fb21ab3dcceb0820cb7d2ba27d27471,http://images.cocodataset.org/train2017/000000204467.jpg,http://images.cocodataset.org/train2017/000000204467.jpg,,http://images.cocodataset.org/train2017/000000204467.jpg,sorev,tier_b_v0.1,"{""axis"": ""semantic"", ""law"": ""stability_law"", ""note"": ""symmetric relation; subject/object reversal keeps truth"", ""relation"": ""touching"", ""transform"": ""sorev""}",,"{""do_sample"": false, ""max_new_tokens"": 5}",tier_b_tierb_pilot200,a4375a7c362690ef91f9db40f949558d1a160b30,v0.1
vsr_test:0477,vsr_test:0477,test,sorev,semantic,The giraffe is touching the person,The person is touching the giraffe.,touching,topology_contact,person,giraffe,True,True,stability_law,True,True, True,Qwen/Qwen2-VL-7B-Instruct,,7B_hardneg_lora,/home/ubuntu/vlm-spatial-reasoning/checkpoints/qwen2vl_7b_hardneg_lora/final,"{""README.md"": ""ad67fbd14e29a7dae114b54d70c840eab4d917c7d4bbce31d8e923429325d12b"", ""adapter_config.json"": ""9c868e731d9e1e45f0f114c79b1eeca3c96b1d0d3a8f5f93d9ff5a73d690a9df"", ""adapter_model.safetensors"": ""aaad7a39d905ddffc323d02d3beb78717388f29dc19488b91eb5218f4814b697"", ""chat_template.jinja"": ""a0bc6f6fc7a29a80017a433e8f03a1cc1236e838a944a2d034295a60c4f2fddb"", ""processor_config.json"": ""edb8dd5001f02dd3a488fd63d664fcdc5514c4a93962bf1be534a0acf6e2c714"", ""tokenizer.json"": ""ff8cce547abc110590d19c6b5b6e0c6a7b4c8d1012d78b9c42131bae7f494a02"", ""tokenizer_config.json"": ""5afec58078ec072cdc9ad190a63c8657f9c47ec71068ff9c77423f1ea0422364""}",,7f29cebb9d06eca06ad0d6c690e4d5a083b71a9c42008f88e92474e3ff0eb98a,eb4075c77285da02c52794154760fa969fb21ab3dcceb0820cb7d2ba27d27471,http://images.cocodataset.org/train2017/000000527183.jpg,http://images.cocodataset.org/train2017/000000527183.jpg,,http://images.cocodataset.org/train2017/000000527183.jpg,sorev,tier_b_v0.1,"{""axis"": ""semantic"", ""law"": ""stability_law"", ""note"": ""symmetric relation; subject/object reversal keeps truth"", ""relation"": ""touching"", ""transform"": ""sorev""}",,"{""do_sample"": false, ""max_new_tokens"": 5}",tier_b_tierb_pilot200,a4375a7c362690ef91f9db40f949558d1a160b30,v0.1
vsr_test:0478,vsr_test:0478,test,sorev,semantic,The pizza is touching the dog,The dog is touching the pizza.,touching,topology_contact,dog,pizza,False,False,stability_law,False,True, False.,Qwen/Qwen2-VL-7B-Instruct,,7B_hardneg_lora,/home/ubuntu/vlm-spatial-reasoning/checkpoints/qwen2vl_7b_hardneg_lora/final,"{""README.md"": ""ad67fbd14e29a7dae114b54d70c840eab4d917c7d4bbce31d8e923429325d12b"", ""adapter_config.json"": ""9c868e731d9e1e45f0f114c79b1eeca3c96b1d0d3a8f5f93d9ff5a73d690a9df"", ""adapter_model.safetensors"": ""aaad7a39d905ddffc323d02d3beb78717388f29dc19488b91eb5218f4814b697"", ""chat_template.jinja"": ""a0bc6f6fc7a29a80017a433e8f03a1cc1236e838a944a2d034295a60c4f2fddb"", ""processor_config.json"": ""edb8dd5001f02dd3a488fd63d664fcdc5514c4a93962bf1be534a0acf6e2c714"", ""tokenizer.json"": ""ff8cce547abc110590d19c6b5b6e0c6a7b4c8d1012d78b9c42131bae7f494a02"", ""tokenizer_config.json"": ""5afec58078ec072cdc9ad190a63c8657f9c47ec71068ff9c77423f1ea0422364""}",,7f29cebb9d06eca06ad0d6c690e4d5a083b71a9c42008f88e92474e3ff0eb98a,eb4075c77285da02c52794154760fa969fb21ab3dcceb0820cb7d2ba27d27471,http://images.cocodataset.org/train2017/000000473720.jpg,http://images.cocodataset.org/train2017/000000473720.jpg,,http://images.cocodataset.org/train2017/000000473720.jpg,sorev,tier_b_v0.1,"{""axis"": ""semantic"", ""law"": ""stability_law"", ""note"": ""symmetric relation; subject/object reversal keeps truth"", ""relation"": ""touching"", ""transform"": ""sorev""}",,"{""do_sample"": false, ""max_new_tokens"": 5}",tier_b_tierb_pilot200,a4375a7c362690ef91f9db40f949558d1a160b30,v0.1
vsr_test:0479,vsr_test:0479,test,sorev,semantic,The donut is touching the dining table,The dining table is touching the donut.,touching,topology_contact,dining table,donut,True,True,stability_law,True,True, True,Qwen/Qwen2-VL-7B-Instruct,,7B_hardneg_lora,/home/ubuntu/vlm-spatial-reasoning/checkpoints/qwen2vl_7b_hardneg_lora/final,"{""README.md"": ""ad67fbd14e29a7dae114b54d70c840eab4d917c7d4bbce31d8e923429325d12b"", ""adapter_config.json"": ""9c868e731d9e1e45f0f114c79b1eeca3c96b1d0d3a8f5f93d9ff5a73d690a9df"", ""adapter_model.safetensors"": ""aaad7a39d905ddffc323d02d3beb78717388f29dc19488b91eb5218f4814b697"", ""chat_template.jinja"": ""a0bc6f6fc7a29a80017a433e8f03a1cc1236e838a944a2d034295a60c4f2fddb"", ""processor_config.json"": ""edb8dd5001f02dd3a488fd63d664fcdc5514c4a93962bf1be534a0acf6e2c714"", ""tokenizer.json"": ""ff8cce547abc110590d19c6b5b6e0c6a7b4c8d1012d78b9c42131bae7f494a02"", ""tokenizer_config.json"": ""5afec58078ec072cdc9ad190a63c8657f9c47ec71068ff9c77423f1ea0422364""}",,7f29cebb9d06eca06ad0d6c690e4d5a083b71a9c42008f88e92474e3ff0eb98a,eb4075c77285da02c52794154760fa969fb21ab3dcceb0820cb7d2ba27d27471,http://images.cocodataset.org/train2017/000000392387.jpg,http://images.cocodataset.org/train2017/000000392387.jpg,,http://images.cocodataset.org/train2017/000000392387.jpg,sorev,tier_b_v0.1,"{""axis"": ""semantic"", ""law"": ""stability_law"", ""note"": ""symmetric relation; subject/object reversal keeps truth"", ""relation"": ""touching"", ""transform"": ""sorev""}",,"{""do_sample"": false, ""max_new_tokens"": 5}",tier_b_tierb_pilot200,a4375a7c362690ef91f9db40f949558d1a160b30,v0.1
vsr_test:0488,vsr_test:0488,test,sorev,semantic,The dining table is touching the sandwich,The sandwich is touching the dining table.,touching,topology_contact,sandwich,dining table,True,True,stability_law,True,True, True.,Qwen/Qwen2-VL-7B-Instruct,,7B_hardneg_lora,/home/ubuntu/vlm-spatial-reasoning/checkpoints/qwen2vl_7b_hardneg_lora/final,"{""README.md"": ""ad67fbd14e29a7dae114b54d70c840eab4d917c7d4bbce31d8e923429325d12b"", ""adapter_config.json"": ""9c868e731d9e1e45f0f114c79b1eeca3c96b1d0d3a8f5f93d9ff5a73d690a9df"", ""adapter_model.safetensors"": ""aaad7a39d905ddffc323d02d3beb78717388f29dc19488b91eb5218f4814b697"", ""chat_template.jinja"": ""a0bc6f6fc7a29a80017a433e8f03a1cc1236e838a944a2d034295a60c4f2fddb"", ""processor_config.json"": ""edb8dd5001f02dd3a488fd63d664fcdc5514c4a93962bf1be534a0acf6e2c714"", ""tokenizer.json"": ""ff8cce547abc110590d19c6b5b6e0c6a7b4c8d1012d78b9c42131bae7f494a02"", ""tokenizer_config.json"": ""5afec58078ec072cdc9ad190a63c8657f9c47ec71068ff9c77423f1ea0422364""}",,7f29cebb9d06eca06ad0d6c690e4d5a083b71a9c42008f88e92474e3ff0eb98a,eb4075c77285da02c52794154760fa969fb21ab3dcceb0820cb7d2ba27d27471,http://images.cocodataset.org/train2017/000000116572.jpg,http://images.cocodataset.org/train2017/000000116572.jpg,,http://images.cocodataset.org/train2017/000000116572.jpg,sorev,tier_b_v0.1,"{""axis"": ""semantic"", ""law"": ""stability_law"", ""note"": ""symmetric relation; subject/object reversal keeps truth"", ""relation"": ""touching"", ""transform"": ""sorev""}",,"{""do_sample"": false, ""max_new_tokens"": 5}",tier_b_tierb_pilot200,a4375a7c362690ef91f9db40f949558d1a160b30,v0.1
vsr_test:0489,vsr_test:0489,test,sorev,semantic,The oven is near the refrigerator,The refrigerator is near the oven.,near,proximity,refrigerator,oven,True,True,stability_law,True,True, True.,Qwen/Qwen2-VL-7B-Instruct,,7B_hardneg_lora,/home/ubuntu/vlm-spatial-reasoning/checkpoints/qwen2vl_7b_hardneg_lora/final,"{""README.md"": ""ad67fbd14e29a7dae114b54d70c840eab4d917c7d4bbce31d8e923429325d12b"", ""adapter_config.json"": ""9c868e731d9e1e45f0f114c79b1eeca3c96b1d0d3a8f5f93d9ff5a73d690a9df"", ""adapter_model.safetensors"": ""aaad7a39d905ddffc323d02d3beb78717388f29dc19488b91eb5218f4814b697"", ""chat_template.jinja"": ""a0bc6f6fc7a29a80017a433e8f03a1cc1236e838a944a2d034295a60c4f2fddb"", ""processor_config.json"": ""edb8dd5001f02dd3a488fd63d664fcdc5514c4a93962bf1be534a0acf6e2c714"", ""tokenizer.json"": ""ff8cce547abc110590d19c6b5b6e0c6a7b4c8d1012d78b9c42131bae7f494a02"", ""tokenizer_config.json"": ""5afec58078ec072cdc9ad190a63c8657f9c47ec71068ff9c77423f1ea0422364""}",,7f29cebb9d06eca06ad0d6c690e4d5a083b71a9c42008f88e92474e3ff0eb98a,eb4075c77285da02c52794154760fa969fb21ab3dcceb0820cb7d2ba27d27471,http://images.cocodataset.org/train2017/000000243280.jpg,http://images.cocodataset.org/train2017/000000243280.jpg,,http://images.cocodataset.org/train2017/000000243280.jpg,sorev,tier_b_v0.1,"{""axis"": ""semantic"", ""law"": ""stability_law"", ""note"": ""symmetric relation; subject/object reversal keeps truth"", ""relation"": ""near"", ""transform"": ""sorev""}",,"{""do_sample"": false, ""max_new_tokens"": 5}",tier_b_tierb_pilot200,a4375a7c362690ef91f9db40f949558d1a160b30,v0.1
vsr_test:0496,vsr_test:0496,test,sorev,semantic,The book is touching the bed,The bed is touching the book.,touching,topology_contact,bed,book,True,True,stability_law,True,True, True,Qwen/Qwen2-VL-7B-Instruct,,7B_hardneg_lora,/home/ubuntu/vlm-spatial-reasoning/checkpoints/qwen2vl_7b_hardneg_lora/final,"{""README.md"": ""ad67fbd14e29a7dae114b54d70c840eab4d917c7d4bbce31d8e923429325d12b"", ""adapter_config.json"": ""9c868e731d9e1e45f0f114c79b1eeca3c96b1d0d3a8f5f93d9ff5a73d690a9df"", ""adapter_model.safetensors"": ""aaad7a39d905ddffc323d02d3beb78717388f29dc19488b91eb5218f4814b697"", ""chat_template.jinja"": ""a0bc6f6fc7a29a80017a433e8f03a1cc1236e838a944a2d034295a60c4f2fddb"", ""processor_config.json"": ""edb8dd5001f02dd3a488fd63d664fcdc5514c4a93962bf1be534a0acf6e2c714"", ""tokenizer.json"": ""ff8cce547abc110590d19c6b5b6e0c6a7b4c8d1012d78b9c42131bae7f494a02"", ""tokenizer_config.json"": ""5afec58078ec072cdc9ad190a63c8657f9c47ec71068ff9c77423f1ea0422364""}",,7f29cebb9d06eca06ad0d6c690e4d5a083b71a9c42008f88e92474e3ff0eb98a,eb4075c77285da02c52794154760fa969fb21ab3dcceb0820cb7d2ba27d27471,http://images.cocodataset.org/train2017/000000044989.jpg,http://images.cocodataset.org/train2017/000000044989.jpg,,http://images.cocodataset.org/train2017/000000044989.jpg,sorev,tier_b_v0.1,"{""axis"": ""semantic"", ""law"": ""stability_law"", ""note"": ""symmetric relation; subject/object reversal keeps truth"", ""relation"": ""touching"", ""transform"": ""sorev""}",,"{""do_sample"": false, ""max_new_tokens"": 5}",tier_b_tierb_pilot200,a4375a7c362690ef91f9db40f949558d1a160b30,v0.1
vsr_test:0497,vsr_test:0497,test,sorev,semantic,The cake is touching the person,The person is touching the cake.,touching,topology_contact,person,cake,True,True,stability_law,False,False, False.,Qwen/Qwen2-VL-7B-Instruct,,7B_hardneg_lora,/home/ubuntu/vlm-spatial-reasoning/checkpoints/qwen2vl_7b_hardneg_lora/final,"{""README.md"": ""ad67fbd14e29a7dae114b54d70c840eab4d917c7d4bbce31d8e923429325d12b"", ""adapter_config.json"": ""9c868e731d9e1e45f0f114c79b1eeca3c96b1d0d3a8f5f93d9ff5a73d690a9df"", ""adapter_model.safetensors"": ""aaad7a39d905ddffc323d02d3beb78717388f29dc19488b91eb5218f4814b697"", ""chat_template.jinja"": ""a0bc6f6fc7a29a80017a433e8f03a1cc1236e838a944a2d034295a60c4f2fddb"", ""processor_config.json"": ""edb8dd5001f02dd3a488fd63d664fcdc5514c4a93962bf1be534a0acf6e2c714"", ""tokenizer.json"": ""ff8cce547abc110590d19c6b5b6e0c6a7b4c8d1012d78b9c42131bae7f494a02"", ""tokenizer_config.json"": ""5afec58078ec072cdc9ad190a63c8657f9c47ec71068ff9c77423f1ea0422364""}",,7f29cebb9d06eca06ad0d6c690e4d5a083b71a9c42008f88e92474e3ff0eb98a,eb4075c77285da02c52794154760fa969fb21ab3dcceb0820cb7d2ba27d27471,http://images.cocodataset.org/train2017/000000148176.jpg,http://images.cocodataset.org/train2017/000000148176.jpg,,http://images.cocodataset.org/train2017/000000148176.jpg,sorev,tier_b_v0.1,"{""axis"": ""semantic"", ""law"": ""stability_law"", ""note"": ""symmetric relation; subject/object reversal keeps truth"", ""relation"": ""touching"", ""transform"": ""sorev""}",,"{""do_sample"": false, ""max_new_tokens"": 5}",tier_b_tierb_pilot200,a4375a7c362690ef91f9db40f949558d1a160b30,v0.1
vsr_test:0505,vsr_test:0505,test,sorev,semantic,The cake is close to the oven,The oven is close to the cake.,close to,proximity,oven,cake,False,False,stability_law,False,True, False.,Qwen/Qwen2-VL-7B-Instruct,,7B_hardneg_lora,/home/ubuntu/vlm-spatial-reasoning/checkpoints/qwen2vl_7b_hardneg_lora/final,"{""README.md"": ""ad67fbd14e29a7dae114b54d70c840eab4d917c7d4bbce31d8e923429325d12b"", ""adapter_config.json"": ""9c868e731d9e1e45f0f114c79b1eeca3c96b1d0d3a8f5f93d9ff5a73d690a9df"", ""adapter_model.safetensors"": ""aaad7a39d905ddffc323d02d3beb78717388f29dc19488b91eb5218f4814b697"", ""chat_template.jinja"": ""a0bc6f6fc7a29a80017a433e8f03a1cc1236e838a944a2d034295a60c4f2fddb"", ""processor_config.json"": ""edb8dd5001f02dd3a488fd63d664fcdc5514c4a93962bf1be534a0acf6e2c714"", ""tokenizer.json"": ""ff8cce547abc110590d19c6b5b6e0c6a7b4c8d1012d78b9c42131bae7f494a02"", ""tokenizer_config.json"": ""5afec58078ec072cdc9ad190a63c8657f9c47ec71068ff9c77423f1ea0422364""}",,7f29cebb9d06eca06ad0d6c690e4d5a083b71a9c42008f88e92474e3ff0eb98a,eb4075c77285da02c52794154760fa969fb21ab3dcceb0820cb7d2ba27d27471,http://images.cocodataset.org/train2017/000000558271.jpg,http://images.cocodataset.org/train2017/000000558271.jpg,,http://images.cocodataset.org/train2017/000000558271.jpg,sorev,tier_b_v0.1,"{""axis"": ""semantic"", ""law"": ""stability_law"", ""note"": ""symmetric relation; subject/object reversal keeps truth"", ""relation"": ""close to"", ""transform"": ""sorev""}",,"{""do_sample"": false, ""max_new_tokens"": 5}",tier_b_tierb_pilot200,a4375a7c362690ef91f9db40f949558d1a160b30,v0.1
vsr_test:0506,vsr_test:0506,test,sorev,semantic,The cat is touching the backpack,The backpack is touching the cat.,touching,topology_contact,backpack,cat,False,False,stability_law,False,True, False.,Qwen/Qwen2-VL-7B-Instruct,,7B_hardneg_lora,/home/ubuntu/vlm-spatial-reasoning/checkpoints/qwen2vl_7b_hardneg_lora/final,"{""README.md"": ""ad67fbd14e29a7dae114b54d70c840eab4d917c7d4bbce31d8e923429325d12b"", ""adapter_config.json"": ""9c868e731d9e1e45f0f114c79b1eeca3c96b1d0d3a8f5f93d9ff5a73d690a9df"", ""adapter_model.safetensors"": ""aaad7a39d905ddffc323d02d3beb78717388f29dc19488b91eb5218f4814b697"", ""chat_template.jinja"": ""a0bc6f6fc7a29a80017a433e8f03a1cc1236e838a944a2d034295a60c4f2fddb"", ""processor_config.json"": ""edb8dd5001f02dd3a488fd63d664fcdc5514c4a93962bf1be534a0acf6e2c714"", ""tokenizer.json"": ""ff8cce547abc110590d19c6b5b6e0c6a7b4c8d1012d78b9c42131bae7f494a02"", ""tokenizer_config.json"": ""5afec58078ec072cdc9ad190a63c8657f9c47ec71068ff9c77423f1ea0422364""}",,7f29cebb9d06eca06ad0d6c690e4d5a083b71a9c42008f88e92474e3ff0eb98a,eb4075c77285da02c52794154760fa969fb21ab3dcceb0820cb7d2ba27d27471,http://images.cocodataset.org/train2017/000000536321.jpg,http://images.cocodataset.org/train2017/000000536321.jpg,,http://images.cocodataset.org/train2017/000000536321.jpg,sorev,tier_b_v0.1,"{""axis"": ""semantic"", ""law"": ""stability_law"", ""note"": ""symmetric relation; subject/object reversal keeps truth"", ""relation"": ""touching"", ""transform"": ""sorev""}",,"{""do_sample"": false, ""max_new_tokens"": 5}",tier_b_tierb_pilot200,a4375a7c362690ef91f9db40f949558d1a160b30,v0.1
vsr_test:0509,vsr_test:0509,test,sorev,semantic,The sheep is touching the person,The person is touching the sheep.,touching,topology_contact,person,sheep,True,True,stability_law,True,True, True,Qwen/Qwen2-VL-7B-Instruct,,7B_hardneg_lora,/home/ubuntu/vlm-spatial-reasoning/checkpoints/qwen2vl_7b_hardneg_lora/final,"{""README.md"": ""ad67fbd14e29a7dae114b54d70c840eab4d917c7d4bbce31d8e923429325d12b"", ""adapter_config.json"": ""9c868e731d9e1e45f0f114c79b1eeca3c96b1d0d3a8f5f93d9ff5a73d690a9df"", ""adapter_model.safetensors"": ""aaad7a39d905ddffc323d02d3beb78717388f29dc19488b91eb5218f4814b697"", ""chat_template.jinja"": ""a0bc6f6fc7a29a80017a433e8f03a1cc1236e838a944a2d034295a60c4f2fddb"", ""processor_config.json"": ""edb8dd5001f02dd3a488fd63d664fcdc5514c4a93962bf1be534a0acf6e2c714"", ""tokenizer.json"": ""ff8cce547abc110590d19c6b5b6e0c6a7b4c8d1012d78b9c42131bae7f494a02"", ""tokenizer_config.json"": ""5afec58078ec072cdc9ad190a63c8657f9c47ec71068ff9c77423f1ea0422364""}",,7f29cebb9d06eca06ad0d6c690e4d5a083b71a9c42008f88e92474e3ff0eb98a,eb4075c77285da02c52794154760fa969fb21ab3dcceb0820cb7d2ba27d27471,http://images.cocodataset.org/val2017/000000500477.jpg,http://images.cocodataset.org/val2017/000000500477.jpg,,http://images.cocodataset.org/val2017/000000500477.jpg,sorev,tier_b_v0.1,"{""axis"": ""semantic"", ""law"": ""stability_law"", ""note"": ""symmetric relation; subject/object reversal keeps truth"", ""relation"": ""touching"", ""transform"": ""sorev""}",,"{""do_sample"": false, ""max_new_tokens"": 5}",tier_b_tierb_pilot200,a4375a7c362690ef91f9db40f949558d1a160b30,v0.1
vsr_test:0515,vsr_test:0515,test,sorev,semantic,The umbrella is touching the bed,The bed is touching the umbrella.,touching,topology_contact,bed,umbrella,True,True,stability_law,True,True, True,Qwen/Qwen2-VL-7B-Instruct,,7B_hardneg_lora,/home/ubuntu/vlm-spatial-reasoning/checkpoints/qwen2vl_7b_hardneg_lora/final,"{""README.md"": ""ad67fbd14e29a7dae114b54d70c840eab4d917c7d4bbce31d8e923429325d12b"", ""adapter_config.json"": ""9c868e731d9e1e45f0f114c79b1eeca3c96b1d0d3a8f5f93d9ff5a73d690a9df"", ""adapter_model.safetensors"": ""aaad7a39d905ddffc323d02d3beb78717388f29dc19488b91eb5218f4814b697"", ""chat_template.jinja"": ""a0bc6f6fc7a29a80017a433e8f03a1cc1236e838a944a2d034295a60c4f2fddb"", ""processor_config.json"": ""edb8dd5001f02dd3a488fd63d664fcdc5514c4a93962bf1be534a0acf6e2c714"", ""tokenizer.json"": ""ff8cce547abc110590d19c6b5b6e0c6a7b4c8d1012d78b9c42131bae7f494a02"", ""tokenizer_config.json"": ""5afec58078ec072cdc9ad190a63c8657f9c47ec71068ff9c77423f1ea0422364""}",,7f29cebb9d06eca06ad0d6c690e4d5a083b71a9c42008f88e92474e3ff0eb98a,eb4075c77285da02c52794154760fa969fb21ab3dcceb0820cb7d2ba27d27471,http://images.cocodataset.org/train2017/000000179476.jpg,http://images.cocodataset.org/train2017/000000179476.jpg,,http://images.cocodataset.org/train2017/000000179476.jpg,sorev,tier_b_v0.1,"{""axis"": ""semantic"", ""law"": ""stability_law"", ""note"": ""symmetric relation; subject/object reversal keeps truth"", ""relation"": ""touching"", ""transform"": ""sorev""}",,"{""do_sample"": false, ""max_new_tokens"": 5}",tier_b_tierb_pilot200,a4375a7c362690ef91f9db40f949558d1a160b30,v0.1
vsr_test:0528,vsr_test:0528,test,sorev,semantic,The dog is touching the apple,The apple is touching the dog.,touching,topology_contact,apple,dog,True,True,stability_law,True,True, True,Qwen/Qwen2-VL-7B-Instruct,,7B_hardneg_lora,/home/ubuntu/vlm-spatial-reasoning/checkpoints/qwen2vl_7b_hardneg_lora/final,"{""README.md"": ""ad67fbd14e29a7dae114b54d70c840eab4d917c7d4bbce31d8e923429325d12b"", ""adapter_config.json"": ""9c868e731d9e1e45f0f114c79b1eeca3c96b1d0d3a8f5f93d9ff5a73d690a9df"", ""adapter_model.safetensors"": ""aaad7a39d905ddffc323d02d3beb78717388f29dc19488b91eb5218f4814b697"", ""chat_template.jinja"": ""a0bc6f6fc7a29a80017a433e8f03a1cc1236e838a944a2d034295a60c4f2fddb"", ""processor_config.json"": ""edb8dd5001f02dd3a488fd63d664fcdc5514c4a93962bf1be534a0acf6e2c714"", ""tokenizer.json"": ""ff8cce547abc110590d19c6b5b6e0c6a7b4c8d1012d78b9c42131bae7f494a02"", ""tokenizer_config.json"": ""5afec58078ec072cdc9ad190a63c8657f9c47ec71068ff9c77423f1ea0422364""}",,7f29cebb9d06eca06ad0d6c690e4d5a083b71a9c42008f88e92474e3ff0eb98a,eb4075c77285da02c52794154760fa969fb21ab3dcceb0820cb7d2ba27d27471,http://images.cocodataset.org/train2017/000000459084.jpg,http://images.cocodataset.org/train2017/000000459084.jpg,,http://images.cocodataset.org/train2017/000000459084.jpg,sorev,tier_b_v0.1,"{""axis"": ""semantic"", ""law"": ""stability_law"", ""note"": ""symmetric relation; subject/object reversal keeps truth"", ""relation"": ""touching"", ""transform"": ""sorev""}",,"{""do_sample"": false, ""max_new_tokens"": 5}",tier_b_tierb_pilot200,a4375a7c362690ef91f9db40f949558d1a160b30,v0.1
vsr_test:0532,vsr_test:0532,test,sorev,semantic,The pizza is touching the person,The person is touching the pizza.,touching,topology_contact,person,pizza,False,False,stability_law,False,True, False.,Qwen/Qwen2-VL-7B-Instruct,,7B_hardneg_lora,/home/ubuntu/vlm-spatial-reasoning/checkpoints/qwen2vl_7b_hardneg_lora/final,"{""README.md"": ""ad67fbd14e29a7dae114b54d70c840eab4d917c7d4bbce31d8e923429325d12b"", ""adapter_config.json"": ""9c868e731d9e1e45f0f114c79b1eeca3c96b1d0d3a8f5f93d9ff5a73d690a9df"", ""adapter_model.safetensors"": ""aaad7a39d905ddffc323d02d3beb78717388f29dc19488b91eb5218f4814b697"", ""chat_template.jinja"": ""a0bc6f6fc7a29a80017a433e8f03a1cc1236e838a944a2d034295a60c4f2fddb"", ""processor_config.json"": ""edb8dd5001f02dd3a488fd63d664fcdc5514c4a93962bf1be534a0acf6e2c714"", ""tokenizer.json"": ""ff8cce547abc110590d19c6b5b6e0c6a7b4c8d1012d78b9c42131bae7f494a02"", ""tokenizer_config.json"": ""5afec58078ec072cdc9ad190a63c8657f9c47ec71068ff9c77423f1ea0422364""}",,7f29cebb9d06eca06ad0d6c690e4d5a083b71a9c42008f88e92474e3ff0eb98a,eb4075c77285da02c52794154760fa969fb21ab3dcceb0820cb7d2ba27d27471,http://images.cocodataset.org/train2017/000000083508.jpg,http://images.cocodataset.org/train2017/000000083508.jpg,,http://images.cocodataset.org/train2017/000000083508.jpg,sorev,tier_b_v0.1,"{""axis"": ""semantic"", ""law"": ""stability_law"", ""note"": ""symmetric relation; subject/object reversal keeps truth"", ""relation"": ""touching"", ""transform"": ""sorev""}",,"{""do_sample"": false, ""max_new_tokens"": 5}",tier_b_tierb_pilot200,a4375a7c362690ef91f9db40f949558d1a160b30,v0.1
vsr_test:0533,vsr_test:0533,test,sorev,semantic,The person is touching the sandwich,The sandwich is touching the person.,touching,topology_contact,sandwich,person,True,True,stability_law,True,True, True,Qwen/Qwen2-VL-7B-Instruct,,7B_hardneg_lora,/home/ubuntu/vlm-spatial-reasoning/checkpoints/qwen2vl_7b_hardneg_lora/final,"{""README.md"": ""ad67fbd14e29a7dae114b54d70c840eab4d917c7d4bbce31d8e923429325d12b"", ""adapter_config.json"": ""9c868e731d9e1e45f0f114c79b1eeca3c96b1d0d3a8f5f93d9ff5a73d690a9df"", ""adapter_model.safetensors"": ""aaad7a39d905ddffc323d02d3beb78717388f29dc19488b91eb5218f4814b697"", ""chat_template.jinja"": ""a0bc6f6fc7a29a80017a433e8f03a1cc1236e838a944a2d034295a60c4f2fddb"", ""processor_config.json"": ""edb8dd5001f02dd3a488fd63d664fcdc5514c4a93962bf1be534a0acf6e2c714"", ""tokenizer.json"": ""ff8cce547abc110590d19c6b5b6e0c6a7b4c8d1012d78b9c42131bae7f494a02"", ""tokenizer_config.json"": ""5afec58078ec072cdc9ad190a63c8657f9c47ec71068ff9c77423f1ea0422364""}",,7f29cebb9d06eca06ad0d6c690e4d5a083b71a9c42008f88e92474e3ff0eb98a,eb4075c77285da02c52794154760fa969fb21ab3dcceb0820cb7d2ba27d27471,http://images.cocodataset.org/train2017/000000328326.jpg,http://images.cocodataset.org/train2017/000000328326.jpg,,http://images.cocodataset.org/train2017/000000328326.jpg,sorev,tier_b_v0.1,"{""axis"": ""semantic"", ""law"": ""stability_law"", ""note"": ""symmetric relation; subject/object reversal keeps truth"", ""relation"": ""touching"", ""transform"": ""sorev""}",,"{""do_sample"": false, ""max_new_tokens"": 5}",tier_b_tierb_pilot200,a4375a7c362690ef91f9db40f949558d1a160b30,v0.1
vsr_test:0535,vsr_test:0535,test,sorev,semantic,The person is touching the pizza,The pizza is touching the person.,touching,topology_contact,pizza,person,False,False,stability_law,True,False, True,Qwen/Qwen2-VL-7B-Instruct,,7B_hardneg_lora,/home/ubuntu/vlm-spatial-reasoning/checkpoints/qwen2vl_7b_hardneg_lora/final,"{""README.md"": ""ad67fbd14e29a7dae114b54d70c840eab4d917c7d4bbce31d8e923429325d12b"", ""adapter_config.json"": ""9c868e731d9e1e45f0f114c79b1eeca3c96b1d0d3a8f5f93d9ff5a73d690a9df"", ""adapter_model.safetensors"": ""aaad7a39d905ddffc323d02d3beb78717388f29dc19488b91eb5218f4814b697"", ""chat_template.jinja"": ""a0bc6f6fc7a29a80017a433e8f03a1cc1236e838a944a2d034295a60c4f2fddb"", ""processor_config.json"": ""edb8dd5001f02dd3a488fd63d664fcdc5514c4a93962bf1be534a0acf6e2c714"", ""tokenizer.json"": ""ff8cce547abc110590d19c6b5b6e0c6a7b4c8d1012d78b9c42131bae7f494a02"", ""tokenizer_config.json"": ""5afec58078ec072cdc9ad190a63c8657f9c47ec71068ff9c77423f1ea0422364""}",,7f29cebb9d06eca06ad0d6c690e4d5a083b71a9c42008f88e92474e3ff0eb98a,eb4075c77285da02c52794154760fa969fb21ab3dcceb0820cb7d2ba27d27471,http://images.cocodataset.org/train2017/000000163186.jpg,http://images.cocodataset.org/train2017/000000163186.jpg,,http://images.cocodataset.org/train2017/000000163186.jpg,sorev,tier_b_v0.1,"{""axis"": ""semantic"", ""law"": ""stability_law"", ""note"": ""symmetric relation; subject/object reversal keeps truth"", ""relation"": ""touching"", ""transform"": ""sorev""}",,"{""do_sample"": false, ""max_new_tokens"": 5}",tier_b_tierb_pilot200,a4375a7c362690ef91f9db40f949558d1a160b30,v0.1
vsr_test:0537,vsr_test:0537,test,sorev,semantic,The cat is touching the laptop,The laptop is touching the cat.,touching,topology_contact,laptop,cat,True,True,stability_law,True,True, True,Qwen/Qwen2-VL-7B-Instruct,,7B_hardneg_lora,/home/ubuntu/vlm-spatial-reasoning/checkpoints/qwen2vl_7b_hardneg_lora/final,"{""README.md"": ""ad67fbd14e29a7dae114b54d70c840eab4d917c7d4bbce31d8e923429325d12b"", ""adapter_config.json"": ""9c868e731d9e1e45f0f114c79b1eeca3c96b1d0d3a8f5f93d9ff5a73d690a9df"", ""adapter_model.safetensors"": ""aaad7a39d905ddffc323d02d3beb78717388f29dc19488b91eb5218f4814b697"", ""chat_template.jinja"": ""a0bc6f6fc7a29a80017a433e8f03a1cc1236e838a944a2d034295a60c4f2fddb"", ""processor_config.json"": ""edb8dd5001f02dd3a488fd63d664fcdc5514c4a93962bf1be534a0acf6e2c714"", ""tokenizer.json"": ""ff8cce547abc110590d19c6b5b6e0c6a7b4c8d1012d78b9c42131bae7f494a02"", ""tokenizer_config.json"": ""5afec58078ec072cdc9ad190a63c8657f9c47ec71068ff9c77423f1ea0422364""}",,7f29cebb9d06eca06ad0d6c690e4d5a083b71a9c42008f88e92474e3ff0eb98a,eb4075c77285da02c52794154760fa969fb21ab3dcceb0820cb7d2ba27d27471,http://images.cocodataset.org/train2017/000000212605.jpg,http://images.cocodataset.org/train2017/000000212605.jpg,,http://images.cocodataset.org/train2017/000000212605.jpg,sorev,tier_b_v0.1,"{""axis"": ""semantic"", ""law"": ""stability_law"", ""note"": ""symmetric relation; subject/object reversal keeps truth"", ""relation"": ""touching"", ""transform"": ""sorev""}",,"{""do_sample"": false, ""max_new_tokens"": 5}",tier_b_tierb_pilot200,a4375a7c362690ef91f9db40f949558d1a160b30,v0.1
vsr_test:0539,vsr_test:0539,test,sorev,semantic,The apple is adjacent to the cat,The cat is adjacent to the apple.,adjacent to,other,cat,apple,True,True,stability_law,True,True, True,Qwen/Qwen2-VL-7B-Instruct,,7B_hardneg_lora,/home/ubuntu/vlm-spatial-reasoning/checkpoints/qwen2vl_7b_hardneg_lora/final,"{""README.md"": ""ad67fbd14e29a7dae114b54d70c840eab4d917c7d4bbce31d8e923429325d12b"", ""adapter_config.json"": ""9c868e731d9e1e45f0f114c79b1eeca3c96b1d0d3a8f5f93d9ff5a73d690a9df"", ""adapter_model.safetensors"": ""aaad7a39d905ddffc323d02d3beb78717388f29dc19488b91eb5218f4814b697"", ""chat_template.jinja"": ""a0bc6f6fc7a29a80017a433e8f03a1cc1236e838a944a2d034295a60c4f2fddb"", ""processor_config.json"": ""edb8dd5001f02dd3a488fd63d664fcdc5514c4a93962bf1be534a0acf6e2c714"", ""tokenizer.json"": ""ff8cce547abc110590d19c6b5b6e0c6a7b4c8d1012d78b9c42131bae7f494a02"", ""tokenizer_config.json"": ""5afec58078ec072cdc9ad190a63c8657f9c47ec71068ff9c77423f1ea0422364""}",,7f29cebb9d06eca06ad0d6c690e4d5a083b71a9c42008f88e92474e3ff0eb98a,eb4075c77285da02c52794154760fa969fb21ab3dcceb0820cb7d2ba27d27471,http://images.cocodataset.org/train2017/000000003067.jpg,http://images.cocodataset.org/train2017/000000003067.jpg,,http://images.cocodataset.org/train2017/000000003067.jpg,sorev,tier_b_v0.1,"{""axis"": ""semantic"", ""law"": ""stability_law"", ""note"": ""symmetric relation; subject/object reversal keeps truth"", ""relation"": ""adjacent to"", ""transform"": ""sorev""}",,"{""do_sample"": false, ""max_new_tokens"": 5}",tier_b_tierb_pilot200,a4375a7c362690ef91f9db40f949558d1a160b30,v0.1
vsr_test:0549,vsr_test:0549,test,sorev,semantic,The skateboard is far away from the bus,The bus is far away from the skateboard.,far away from,proximity,bus,skateboard,False,False,stability_law,False,True, False.,Qwen/Qwen2-VL-7B-Instruct,,7B_hardneg_lora,/home/ubuntu/vlm-spatial-reasoning/checkpoints/qwen2vl_7b_hardneg_lora/final,"{""README.md"": ""ad67fbd14e29a7dae114b54d70c840eab4d917c7d4bbce31d8e923429325d12b"", ""adapter_config.json"": ""9c868e731d9e1e45f0f114c79b1eeca3c96b1d0d3a8f5f93d9ff5a73d690a9df"", ""adapter_model.safetensors"": ""aaad7a39d905ddffc323d02d3beb78717388f29dc19488b91eb5218f4814b697"", ""chat_template.jinja"": ""a0bc6f6fc7a29a80017a433e8f03a1cc1236e838a944a2d034295a60c4f2fddb"", ""processor_config.json"": ""edb8dd5001f02dd3a488fd63d664fcdc5514c4a93962bf1be534a0acf6e2c714"", ""tokenizer.json"": ""ff8cce547abc110590d19c6b5b6e0c6a7b4c8d1012d78b9c42131bae7f494a02"", ""tokenizer_config.json"": ""5afec58078ec072cdc9ad190a63c8657f9c47ec71068ff9c77423f1ea0422364""}",,7f29cebb9d06eca06ad0d6c690e4d5a083b71a9c42008f88e92474e3ff0eb98a,eb4075c77285da02c52794154760fa969fb21ab3dcceb0820cb7d2ba27d27471,http://images.cocodataset.org/train2017/000000530653.jpg,http://images.cocodataset.org/train2017/000000530653.jpg,,http://images.cocodataset.org/train2017/000000530653.jpg,sorev,tier_b_v0.1,"{""axis"": ""semantic"", ""law"": ""stability_law"", ""note"": ""symmetric relation; subject/object reversal keeps truth"", ""relation"": ""far away from"", ""transform"": ""sorev""}",,"{""do_sample"": false, ""max_new_tokens"": 5}",tier_b_tierb_pilot200,a4375a7c362690ef91f9db40f949558d1a160b30,v0.1
vsr_test:0550,vsr_test:0550,test,sorev,semantic,The person is next to the bed,The bed is next to the person.,next to,horizontal,bed,person,False,False,stability_law,False,True, False.,Qwen/Qwen2-VL-7B-Instruct,,7B_hardneg_lora,/home/ubuntu/vlm-spatial-reasoning/checkpoints/qwen2vl_7b_hardneg_lora/final,"{""README.md"": ""ad67fbd14e29a7dae114b54d70c840eab4d917c7d4bbce31d8e923429325d12b"", ""adapter_config.json"": ""9c868e731d9e1e45f0f114c79b1eeca3c96b1d0d3a8f5f93d9ff5a73d690a9df"", ""adapter_model.safetensors"": ""aaad7a39d905ddffc323d02d3beb78717388f29dc19488b91eb5218f4814b697"", ""chat_template.jinja"": ""a0bc6f6fc7a29a80017a433e8f03a1cc1236e838a944a2d034295a60c4f2fddb"", ""processor_config.json"": ""edb8dd5001f02dd3a488fd63d664fcdc5514c4a93962bf1be534a0acf6e2c714"", ""tokenizer.json"": ""ff8cce547abc110590d19c6b5b6e0c6a7b4c8d1012d78b9c42131bae7f494a02"", ""tokenizer_config.json"": ""5afec58078ec072cdc9ad190a63c8657f9c47ec71068ff9c77423f1ea0422364""}",,7f29cebb9d06eca06ad0d6c690e4d5a083b71a9c42008f88e92474e3ff0eb98a,eb4075c77285da02c52794154760fa969fb21ab3dcceb0820cb7d2ba27d27471,http://images.cocodataset.org/train2017/000000514749.jpg,http://images.cocodataset.org/train2017/000000514749.jpg,,http://images.cocodataset.org/train2017/000000514749.jpg,sorev,tier_b_v0.1,"{""axis"": ""semantic"", ""law"": ""stability_law"", ""note"": ""symmetric relation; subject/object reversal keeps truth"", ""relation"": ""next to"", ""transform"": ""sorev""}",,"{""do_sample"": false, ""max_new_tokens"": 5}",tier_b_tierb_pilot200,a4375a7c362690ef91f9db40f949558d1a160b30,v0.1
vsr_test:0551,vsr_test:0551,test,sorev,semantic,The keyboard is touching the cat,The cat is touching the keyboard.,touching,topology_contact,cat,keyboard,False,False,stability_law,True,False, True,Qwen/Qwen2-VL-7B-Instruct,,7B_hardneg_lora,/home/ubuntu/vlm-spatial-reasoning/checkpoints/qwen2vl_7b_hardneg_lora/final,"{""README.md"": ""ad67fbd14e29a7dae114b54d70c840eab4d917c7d4bbce31d8e923429325d12b"", ""adapter_config.json"": ""9c868e731d9e1e45f0f114c79b1eeca3c96b1d0d3a8f5f93d9ff5a73d690a9df"", ""adapter_model.safetensors"": ""aaad7a39d905ddffc323d02d3beb78717388f29dc19488b91eb5218f4814b697"", ""chat_template.jinja"": ""a0bc6f6fc7a29a80017a433e8f03a1cc1236e838a944a2d034295a60c4f2fddb"", ""processor_config.json"": ""edb8dd5001f02dd3a488fd63d664fcdc5514c4a93962bf1be534a0acf6e2c714"", ""tokenizer.json"": ""ff8cce547abc110590d19c6b5b6e0c6a7b4c8d1012d78b9c42131bae7f494a02"", ""tokenizer_config.json"": ""5afec58078ec072cdc9ad190a63c8657f9c47ec71068ff9c77423f1ea0422364""}",,7f29cebb9d06eca06ad0d6c690e4d5a083b71a9c42008f88e92474e3ff0eb98a,eb4075c77285da02c52794154760fa969fb21ab3dcceb0820cb7d2ba27d27471,http://images.cocodataset.org/train2017/000000198561.jpg,http://images.cocodataset.org/train2017/000000198561.jpg,,http://images.cocodataset.org/train2017/000000198561.jpg,sorev,tier_b_v0.1,"{""axis"": ""semantic"", ""law"": ""stability_law"", ""note"": ""symmetric relation; subject/object reversal keeps truth"", ""relation"": ""touching"", ""transform"": ""sorev""}",,"{""do_sample"": false, ""max_new_tokens"": 5}",tier_b_tierb_pilot200,a4375a7c362690ef91f9db40f949558d1a160b30,v0.1
vsr_test:0560,vsr_test:0560,test,sorev,semantic,The potted plant is far away from the person,The person is far away from the potted plant.,far away from,proximity,person,potted plant,False,False,stability_law,False,True, False.,Qwen/Qwen2-VL-7B-Instruct,,7B_hardneg_lora,/home/ubuntu/vlm-spatial-reasoning/checkpoints/qwen2vl_7b_hardneg_lora/final,"{""README.md"": ""ad67fbd14e29a7dae114b54d70c840eab4d917c7d4bbce31d8e923429325d12b"", ""adapter_config.json"": ""9c868e731d9e1e45f0f114c79b1eeca3c96b1d0d3a8f5f93d9ff5a73d690a9df"", ""adapter_model.safetensors"": ""aaad7a39d905ddffc323d02d3beb78717388f29dc19488b91eb5218f4814b697"", ""chat_template.jinja"": ""a0bc6f6fc7a29a80017a433e8f03a1cc1236e838a944a2d034295a60c4f2fddb"", ""processor_config.json"": ""edb8dd5001f02dd3a488fd63d664fcdc5514c4a93962bf1be534a0acf6e2c714"", ""tokenizer.json"": ""ff8cce547abc110590d19c6b5b6e0c6a7b4c8d1012d78b9c42131bae7f494a02"", ""tokenizer_config.json"": ""5afec58078ec072cdc9ad190a63c8657f9c47ec71068ff9c77423f1ea0422364""}",,7f29cebb9d06eca06ad0d6c690e4d5a083b71a9c42008f88e92474e3ff0eb98a,eb4075c77285da02c52794154760fa969fb21ab3dcceb0820cb7d2ba27d27471,http://images.cocodataset.org/train2017/000000322720.jpg,http://images.cocodataset.org/train2017/000000322720.jpg,,http://images.cocodataset.org/train2017/000000322720.jpg,sorev,tier_b_v0.1,"{""axis"": ""semantic"", ""law"": ""stability_law"", ""note"": ""symmetric relation; subject/object reversal keeps truth"", ""relation"": ""far away from"", ""transform"": ""sorev""}",,"{""do_sample"": false, ""max_new_tokens"": 5}",tier_b_tierb_pilot200,a4375a7c362690ef91f9db40f949558d1a160b30,v0.1
vsr_test:0566,vsr_test:0566,test,sorev,semantic,The person is far away from the traffic light,The traffic light is far away from the person.,far away from,proximity,traffic light,person,True,True,stability_law,True,True, True,Qwen/Qwen2-VL-7B-Instruct,,7B_hardneg_lora,/home/ubuntu/vlm-spatial-reasoning/checkpoints/qwen2vl_7b_hardneg_lora/final,"{""README.md"": ""ad67fbd14e29a7dae114b54d70c840eab4d917c7d4bbce31d8e923429325d12b"", ""adapter_config.json"": ""9c868e731d9e1e45f0f114c79b1eeca3c96b1d0d3a8f5f93d9ff5a73d690a9df"", ""adapter_model.safetensors"": ""aaad7a39d905ddffc323d02d3beb78717388f29dc19488b91eb5218f4814b697"", ""chat_template.jinja"": ""a0bc6f6fc7a29a80017a433e8f03a1cc1236e838a944a2d034295a60c4f2fddb"", ""processor_config.json"": ""edb8dd5001f02dd3a488fd63d664fcdc5514c4a93962bf1be534a0acf6e2c714"", ""tokenizer.json"": ""ff8cce547abc110590d19c6b5b6e0c6a7b4c8d1012d78b9c42131bae7f494a02"", ""tokenizer_config.json"": ""5afec58078ec072cdc9ad190a63c8657f9c47ec71068ff9c77423f1ea0422364""}",,7f29cebb9d06eca06ad0d6c690e4d5a083b71a9c42008f88e92474e3ff0eb98a,eb4075c77285da02c52794154760fa969fb21ab3dcceb0820cb7d2ba27d27471,http://images.cocodataset.org/train2017/000000011788.jpg,http://images.cocodataset.org/train2017/000000011788.jpg,,http://images.cocodataset.org/train2017/000000011788.jpg,sorev,tier_b_v0.1,"{""axis"": ""semantic"", ""law"": ""stability_law"", ""note"": ""symmetric relation; subject/object reversal keeps truth"", ""relation"": ""far away from"", ""transform"": ""sorev""}",,"{""do_sample"": false, ""max_new_tokens"": 5}",tier_b_tierb_pilot200,a4375a7c362690ef91f9db40f949558d1a160b30,v0.1
vsr_test:0567,vsr_test:0567,test,sorev,semantic,The cup is adjacent to the teddy bear,The teddy bear is adjacent to the cup.,adjacent to,other,teddy bear,cup,True,True,stability_law,True,True, True,Qwen/Qwen2-VL-7B-Instruct,,7B_hardneg_lora,/home/ubuntu/vlm-spatial-reasoning/checkpoints/qwen2vl_7b_hardneg_lora/final,"{""README.md"": ""ad67fbd14e29a7dae114b54d70c840eab4d917c7d4bbce31d8e923429325d12b"", ""adapter_config.json"": ""9c868e731d9e1e45f0f114c79b1eeca3c96b1d0d3a8f5f93d9ff5a73d690a9df"", ""adapter_model.safetensors"": ""aaad7a39d905ddffc323d02d3beb78717388f29dc19488b91eb5218f4814b697"", ""chat_template.jinja"": ""a0bc6f6fc7a29a80017a433e8f03a1cc1236e838a944a2d034295a60c4f2fddb"", ""processor_config.json"": ""edb8dd5001f02dd3a488fd63d664fcdc5514c4a93962bf1be534a0acf6e2c714"", ""tokenizer.json"": ""ff8cce547abc110590d19c6b5b6e0c6a7b4c8d1012d78b9c42131bae7f494a02"", ""tokenizer_config.json"": ""5afec58078ec072cdc9ad190a63c8657f9c47ec71068ff9c77423f1ea0422364""}",,7f29cebb9d06eca06ad0d6c690e4d5a083b71a9c42008f88e92474e3ff0eb98a,eb4075c77285da02c52794154760fa969fb21ab3dcceb0820cb7d2ba27d27471,http://images.cocodataset.org/train2017/000000188053.jpg,http://images.cocodataset.org/train2017/000000188053.jpg,,http://images.cocodataset.org/train2017/000000188053.jpg,sorev,tier_b_v0.1,"{""axis"": ""semantic"", ""law"": ""stability_law"", ""note"": ""symmetric relation; subject/object reversal keeps truth"", ""relation"": ""adjacent to"", ""transform"": ""sorev""}",,"{""do_sample"": false, ""max_new_tokens"": 5}",tier_b_tierb_pilot200,a4375a7c362690ef91f9db40f949558d1a160b30,v0.1
vsr_test:0568,vsr_test:0568,test,sorev,semantic,The person is touching the horse,The horse is touching the person.,touching,topology_contact,horse,person,True,True,stability_law,True,True, True,Qwen/Qwen2-VL-7B-Instruct,,7B_hardneg_lora,/home/ubuntu/vlm-spatial-reasoning/checkpoints/qwen2vl_7b_hardneg_lora/final,"{""README.md"": ""ad67fbd14e29a7dae114b54d70c840eab4d917c7d4bbce31d8e923429325d12b"", ""adapter_config.json"": ""9c868e731d9e1e45f0f114c79b1eeca3c96b1d0d3a8f5f93d9ff5a73d690a9df"", ""adapter_model.safetensors"": ""aaad7a39d905ddffc323d02d3beb78717388f29dc19488b91eb5218f4814b697"", ""chat_template.jinja"": ""a0bc6f6fc7a29a80017a433e8f03a1cc1236e838a944a2d034295a60c4f2fddb"", ""processor_config.json"": ""edb8dd5001f02dd3a488fd63d664fcdc5514c4a93962bf1be534a0acf6e2c714"", ""tokenizer.json"": ""ff8cce547abc110590d19c6b5b6e0c6a7b4c8d1012d78b9c42131bae7f494a02"", ""tokenizer_config.json"": ""5afec58078ec072cdc9ad190a63c8657f9c47ec71068ff9c77423f1ea0422364""}",,7f29cebb9d06eca06ad0d6c690e4d5a083b71a9c42008f88e92474e3ff0eb98a,eb4075c77285da02c52794154760fa969fb21ab3dcceb0820cb7d2ba27d27471,http://images.cocodataset.org/train2017/000000326801.jpg,http://images.cocodataset.org/train2017/000000326801.jpg,,http://images.cocodataset.org/train2017/000000326801.jpg,sorev,tier_b_v0.1,"{""axis"": ""semantic"", ""law"": ""stability_law"", ""note"": ""symmetric relation; subject/object reversal keeps truth"", ""relation"": ""touching"", ""transform"": ""sorev""}",,"{""do_sample"": false, ""max_new_tokens"": 5}",tier_b_tierb_pilot200,a4375a7c362690ef91f9db40f949558d1a160b30,v0.1
vsr_test:0572,vsr_test:0572,test,sorev,semantic,The cup is touching the donut,The donut is touching the cup.,touching,topology_contact,donut,cup,False,False,stability_law,False,True, False.,Qwen/Qwen2-VL-7B-Instruct,,7B_hardneg_lora,/home/ubuntu/vlm-spatial-reasoning/checkpoints/qwen2vl_7b_hardneg_lora/final,"{""README.md"": ""ad67fbd14e29a7dae114b54d70c840eab4d917c7d4bbce31d8e923429325d12b"", ""adapter_config.json"": ""9c868e731d9e1e45f0f114c79b1eeca3c96b1d0d3a8f5f93d9ff5a73d690a9df"", ""adapter_model.safetensors"": ""aaad7a39d905ddffc323d02d3beb78717388f29dc19488b91eb5218f4814b697"", ""chat_template.jinja"": ""a0bc6f6fc7a29a80017a433e8f03a1cc1236e838a944a2d034295a60c4f2fddb"", ""processor_config.json"": ""edb8dd5001f02dd3a488fd63d664fcdc5514c4a93962bf1be534a0acf6e2c714"", ""tokenizer.json"": ""ff8cce547abc110590d19c6b5b6e0c6a7b4c8d1012d78b9c42131bae7f494a02"", ""tokenizer_config.json"": ""5afec58078ec072cdc9ad190a63c8657f9c47ec71068ff9c77423f1ea0422364""}",,7f29cebb9d06eca06ad0d6c690e4d5a083b71a9c42008f88e92474e3ff0eb98a,eb4075c77285da02c52794154760fa969fb21ab3dcceb0820cb7d2ba27d27471,http://images.cocodataset.org/train2017/000000302678.jpg,http://images.cocodataset.org/train2017/000000302678.jpg,,http://images.cocodataset.org/train2017/000000302678.jpg,sorev,tier_b_v0.1,"{""axis"": ""semantic"", ""law"": ""stability_law"", ""note"": ""symmetric relation; subject/object reversal keeps truth"", ""relation"": ""touching"", ""transform"": ""sorev""}",,"{""do_sample"": false, ""max_new_tokens"": 5}",tier_b_tierb_pilot200,a4375a7c362690ef91f9db40f949558d1a160b30,v0.1
vsr_test:0577,vsr_test:0577,test,sorev,semantic,The cat is at the side of the carrot,The carrot is at the side of the cat.,at the side of,horizontal,carrot,cat,True,True,stability_law,False,False, False.,Qwen/Qwen2-VL-7B-Instruct,,7B_hardneg_lora,/home/ubuntu/vlm-spatial-reasoning/checkpoints/qwen2vl_7b_hardneg_lora/final,"{""README.md"": ""ad67fbd14e29a7dae114b54d70c840eab4d917c7d4bbce31d8e923429325d12b"", ""adapter_config.json"": ""9c868e731d9e1e45f0f114c79b1eeca3c96b1d0d3a8f5f93d9ff5a73d690a9df"", ""adapter_model.safetensors"": ""aaad7a39d905ddffc323d02d3beb78717388f29dc19488b91eb5218f4814b697"", ""chat_template.jinja"": ""a0bc6f6fc7a29a80017a433e8f03a1cc1236e838a944a2d034295a60c4f2fddb"", ""processor_config.json"": ""edb8dd5001f02dd3a488fd63d664fcdc5514c4a93962bf1be534a0acf6e2c714"", ""tokenizer.json"": ""ff8cce547abc110590d19c6b5b6e0c6a7b4c8d1012d78b9c42131bae7f494a02"", ""tokenizer_config.json"": ""5afec58078ec072cdc9ad190a63c8657f9c47ec71068ff9c77423f1ea0422364""}",,7f29cebb9d06eca06ad0d6c690e4d5a083b71a9c42008f88e92474e3ff0eb98a,eb4075c77285da02c52794154760fa969fb21ab3dcceb0820cb7d2ba27d27471,http://images.cocodataset.org/train2017/000000579773.jpg,http://images.cocodataset.org/train2017/000000579773.jpg,,http://images.cocodataset.org/train2017/000000579773.jpg,sorev,tier_b_v0.1,"{""axis"": ""semantic"", ""law"": ""stability_law"", ""note"": ""symmetric relation; subject/object reversal keeps truth"", ""relation"": ""at the side of"", ""transform"": ""sorev""}",,"{""do_sample"": false, ""max_new_tokens"": 5}",tier_b_tierb_pilot200,a4375a7c362690ef91f9db40f949558d1a160b30,v0.1
vsr_test:0578,vsr_test:0578,test,sorev,semantic,The person is touching the dining table,The dining table is touching the person.,touching,topology_contact,dining table,person,False,False,stability_law,False,True, False.,Qwen/Qwen2-VL-7B-Instruct,,7B_hardneg_lora,/home/ubuntu/vlm-spatial-reasoning/checkpoints/qwen2vl_7b_hardneg_lora/final,"{""README.md"": ""ad67fbd14e29a7dae114b54d70c840eab4d917c7d4bbce31d8e923429325d12b"", ""adapter_config.json"": ""9c868e731d9e1e45f0f114c79b1eeca3c96b1d0d3a8f5f93d9ff5a73d690a9df"", ""adapter_model.safetensors"": ""aaad7a39d905ddffc323d02d3beb78717388f29dc19488b91eb5218f4814b697"", ""chat_template.jinja"": ""a0bc6f6fc7a29a80017a433e8f03a1cc1236e838a944a2d034295a60c4f2fddb"", ""processor_config.json"": ""edb8dd5001f02dd3a488fd63d664fcdc5514c4a93962bf1be534a0acf6e2c714"", ""tokenizer.json"": ""ff8cce547abc110590d19c6b5b6e0c6a7b4c8d1012d78b9c42131bae7f494a02"", ""tokenizer_config.json"": ""5afec58078ec072cdc9ad190a63c8657f9c47ec71068ff9c77423f1ea0422364""}",,7f29cebb9d06eca06ad0d6c690e4d5a083b71a9c42008f88e92474e3ff0eb98a,eb4075c77285da02c52794154760fa969fb21ab3dcceb0820cb7d2ba27d27471,http://images.cocodataset.org/train2017/000000508470.jpg,http://images.cocodataset.org/train2017/000000508470.jpg,,http://images.cocodataset.org/train2017/000000508470.jpg,sorev,tier_b_v0.1,"{""axis"": ""semantic"", ""law"": ""stability_law"", ""note"": ""symmetric relation; subject/object reversal keeps truth"", ""relation"": ""touching"", ""transform"": ""sorev""}",,"{""do_sample"": false, ""max_new_tokens"": 5}",tier_b_tierb_pilot200,a4375a7c362690ef91f9db40f949558d1a160b30,v0.1
vsr_test:0580,vsr_test:0580,test,sorev,semantic,The hot dog is far away from the bench,The bench is far away from the hot dog.,far away from,proximity,bench,hot dog,True,True,stability_law,True,True, True,Qwen/Qwen2-VL-7B-Instruct,,7B_hardneg_lora,/home/ubuntu/vlm-spatial-reasoning/checkpoints/qwen2vl_7b_hardneg_lora/final,"{""README.md"": ""ad67fbd14e29a7dae114b54d70c840eab4d917c7d4bbce31d8e923429325d12b"", ""adapter_config.json"": ""9c868e731d9e1e45f0f114c79b1eeca3c96b1d0d3a8f5f93d9ff5a73d690a9df"", ""adapter_model.safetensors"": ""aaad7a39d905ddffc323d02d3beb78717388f29dc19488b91eb5218f4814b697"", ""chat_template.jinja"": ""a0bc6f6fc7a29a80017a433e8f03a1cc1236e838a944a2d034295a60c4f2fddb"", ""processor_config.json"": ""edb8dd5001f02dd3a488fd63d664fcdc5514c4a93962bf1be534a0acf6e2c714"", ""tokenizer.json"": ""ff8cce547abc110590d19c6b5b6e0c6a7b4c8d1012d78b9c42131bae7f494a02"", ""tokenizer_config.json"": ""5afec58078ec072cdc9ad190a63c8657f9c47ec71068ff9c77423f1ea0422364""}",,7f29cebb9d06eca06ad0d6c690e4d5a083b71a9c42008f88e92474e3ff0eb98a,eb4075c77285da02c52794154760fa969fb21ab3dcceb0820cb7d2ba27d27471,http://images.cocodataset.org/train2017/000000443165.jpg,http://images.cocodataset.org/train2017/000000443165.jpg,,http://images.cocodataset.org/train2017/000000443165.jpg,sorev,tier_b_v0.1,"{""axis"": ""semantic"", ""law"": ""stability_law"", ""note"": ""symmetric relation; subject/object reversal keeps truth"", ""relation"": ""far away from"", ""transform"": ""sorev""}",,"{""do_sample"": false, ""max_new_tokens"": 5}",tier_b_tierb_pilot200,a4375a7c362690ef91f9db40f949558d1a160b30,v0.1
vsr_test:0586,vsr_test:0586,test,sorev,semantic,The sheep is detached from the person,The person is detached from the sheep.,detached from,topology_contact,person,sheep,False,False,stability_law,False,True, False.,Qwen/Qwen2-VL-7B-Instruct,,7B_hardneg_lora,/home/ubuntu/vlm-spatial-reasoning/checkpoints/qwen2vl_7b_hardneg_lora/final,"{""README.md"": ""ad67fbd14e29a7dae114b54d70c840eab4d917c7d4bbce31d8e923429325d12b"", ""adapter_config.json"": ""9c868e731d9e1e45f0f114c79b1eeca3c96b1d0d3a8f5f93d9ff5a73d690a9df"", ""adapter_model.safetensors"": ""aaad7a39d905ddffc323d02d3beb78717388f29dc19488b91eb5218f4814b697"", ""chat_template.jinja"": ""a0bc6f6fc7a29a80017a433e8f03a1cc1236e838a944a2d034295a60c4f2fddb"", ""processor_config.json"": ""edb8dd5001f02dd3a488fd63d664fcdc5514c4a93962bf1be534a0acf6e2c714"", ""tokenizer.json"": ""ff8cce547abc110590d19c6b5b6e0c6a7b4c8d1012d78b9c42131bae7f494a02"", ""tokenizer_config.json"": ""5afec58078ec072cdc9ad190a63c8657f9c47ec71068ff9c77423f1ea0422364""}",,7f29cebb9d06eca06ad0d6c690e4d5a083b71a9c42008f88e92474e3ff0eb98a,eb4075c77285da02c52794154760fa969fb21ab3dcceb0820cb7d2ba27d27471,http://images.cocodataset.org/train2017/000000270581.jpg,http://images.cocodataset.org/train2017/000000270581.jpg,,http://images.cocodataset.org/train2017/000000270581.jpg,sorev,tier_b_v0.1,"{""axis"": ""semantic"", ""law"": ""stability_law"", ""note"": ""symmetric relation; subject/object reversal keeps truth"", ""relation"": ""detached from"", ""transform"": ""sorev""}",,"{""do_sample"": false, ""max_new_tokens"": 5}",tier_b_tierb_pilot200,a4375a7c362690ef91f9db40f949558d1a160b30,v0.1
vsr_test:0588,vsr_test:0588,test,sorev,semantic,The banana is touching the cat,The cat is touching the banana.,touching,topology_contact,cat,banana,True,True,stability_law,True,True, True,Qwen/Qwen2-VL-7B-Instruct,,7B_hardneg_lora,/home/ubuntu/vlm-spatial-reasoning/checkpoints/qwen2vl_7b_hardneg_lora/final,"{""README.md"": ""ad67fbd14e29a7dae114b54d70c840eab4d917c7d4bbce31d8e923429325d12b"", ""adapter_config.json"": ""9c868e731d9e1e45f0f114c79b1eeca3c96b1d0d3a8f5f93d9ff5a73d690a9df"", ""adapter_model.safetensors"": ""aaad7a39d905ddffc323d02d3beb78717388f29dc19488b91eb5218f4814b697"", ""chat_template.jinja"": ""a0bc6f6fc7a29a80017a433e8f03a1cc1236e838a944a2d034295a60c4f2fddb"", ""processor_config.json"": ""edb8dd5001f02dd3a488fd63d664fcdc5514c4a93962bf1be534a0acf6e2c714"", ""tokenizer.json"": ""ff8cce547abc110590d19c6b5b6e0c6a7b4c8d1012d78b9c42131bae7f494a02"", ""tokenizer_config.json"": ""5afec58078ec072cdc9ad190a63c8657f9c47ec71068ff9c77423f1ea0422364""}",,7f29cebb9d06eca06ad0d6c690e4d5a083b71a9c42008f88e92474e3ff0eb98a,eb4075c77285da02c52794154760fa969fb21ab3dcceb0820cb7d2ba27d27471,http://images.cocodataset.org/train2017/000000007781.jpg,http://images.cocodataset.org/train2017/000000007781.jpg,,http://images.cocodataset.org/train2017/000000007781.jpg,sorev,tier_b_v0.1,"{""axis"": ""semantic"", ""law"": ""stability_law"", ""note"": ""symmetric relation; subject/object reversal keeps truth"", ""relation"": ""touching"", ""transform"": ""sorev""}",,"{""do_sample"": false, ""max_new_tokens"": 5}",tier_b_tierb_pilot200,a4375a7c362690ef91f9db40f949558d1a160b30,v0.1
vsr_test:0589,vsr_test:0589,test,sorev,semantic,The oven is across from the cake,The cake is across from the oven.,across from,horizontal,cake,oven,True,True,stability_law,True,True, True.,Qwen/Qwen2-VL-7B-Instruct,,7B_hardneg_lora,/home/ubuntu/vlm-spatial-reasoning/checkpoints/qwen2vl_7b_hardneg_lora/final,"{""README.md"": ""ad67fbd14e29a7dae114b54d70c840eab4d917c7d4bbce31d8e923429325d12b"", ""adapter_config.json"": ""9c868e731d9e1e45f0f114c79b1eeca3c96b1d0d3a8f5f93d9ff5a73d690a9df"", ""adapter_model.safetensors"": ""aaad7a39d905ddffc323d02d3beb78717388f29dc19488b91eb5218f4814b697"", ""chat_template.jinja"": ""a0bc6f6fc7a29a80017a433e8f03a1cc1236e838a944a2d034295a60c4f2fddb"", ""processor_config.json"": ""edb8dd5001f02dd3a488fd63d664fcdc5514c4a93962bf1be534a0acf6e2c714"", ""tokenizer.json"": ""ff8cce547abc110590d19c6b5b6e0c6a7b4c8d1012d78b9c42131bae7f494a02"", ""tokenizer_config.json"": ""5afec58078ec072cdc9ad190a63c8657f9c47ec71068ff9c77423f1ea0422364""}",,7f29cebb9d06eca06ad0d6c690e4d5a083b71a9c42008f88e92474e3ff0eb98a,eb4075c77285da02c52794154760fa969fb21ab3dcceb0820cb7d2ba27d27471,http://images.cocodataset.org/train2017/000000271759.jpg,http://images.cocodataset.org/train2017/000000271759.jpg,,http://images.cocodataset.org/train2017/000000271759.jpg,sorev,tier_b_v0.1,"{""axis"": ""semantic"", ""law"": ""stability_law"", ""note"": ""symmetric relation; subject/object reversal keeps truth"", ""relation"": ""across from"", ""transform"": ""sorev""}",,"{""do_sample"": false, ""max_new_tokens"": 5}",tier_b_tierb_pilot200,a4375a7c362690ef91f9db40f949558d1a160b30,v0.1
vsr_test:0590,vsr_test:0590,test,sorev,semantic,The bicycle is near the train,The train is near the bicycle.,near,proximity,train,bicycle,True,True,stability_law,True,True, True,Qwen/Qwen2-VL-7B-Instruct,,7B_hardneg_lora,/home/ubuntu/vlm-spatial-reasoning/checkpoints/qwen2vl_7b_hardneg_lora/final,"{""README.md"": ""ad67fbd14e29a7dae114b54d70c840eab4d917c7d4bbce31d8e923429325d12b"", ""adapter_config.json"": ""9c868e731d9e1e45f0f114c79b1eeca3c96b1d0d3a8f5f93d9ff5a73d690a9df"", ""adapter_model.safetensors"": ""aaad7a39d905ddffc323d02d3beb78717388f29dc19488b91eb5218f4814b697"", ""chat_template.jinja"": ""a0bc6f6fc7a29a80017a433e8f03a1cc1236e838a944a2d034295a60c4f2fddb"", ""processor_config.json"": ""edb8dd5001f02dd3a488fd63d664fcdc5514c4a93962bf1be534a0acf6e2c714"", ""tokenizer.json"": ""ff8cce547abc110590d19c6b5b6e0c6a7b4c8d1012d78b9c42131bae7f494a02"", ""tokenizer_config.json"": ""5afec58078ec072cdc9ad190a63c8657f9c47ec71068ff9c77423f1ea0422364""}",,7f29cebb9d06eca06ad0d6c690e4d5a083b71a9c42008f88e92474e3ff0eb98a,eb4075c77285da02c52794154760fa969fb21ab3dcceb0820cb7d2ba27d27471,http://images.cocodataset.org/val2017/000000492937.jpg,http://images.cocodataset.org/val2017/000000492937.jpg,,http://images.cocodataset.org/val2017/000000492937.jpg,sorev,tier_b_v0.1,"{""axis"": ""semantic"", ""law"": ""stability_law"", ""note"": ""symmetric relation; subject/object reversal keeps truth"", ""relation"": ""near"", ""transform"": ""sorev""}",,"{""do_sample"": false, ""max_new_tokens"": 5}",tier_b_tierb_pilot200,a4375a7c362690ef91f9db40f949558d1a160b30,v0.1
vsr_test:0591,vsr_test:0591,test,sorev,semantic,The chair is touching the bird,The bird is touching the chair.,touching,topology_contact,bird,chair,False,False,stability_law,False,True, False.,Qwen/Qwen2-VL-7B-Instruct,,7B_hardneg_lora,/home/ubuntu/vlm-spatial-reasoning/checkpoints/qwen2vl_7b_hardneg_lora/final,"{""README.md"": ""ad67fbd14e29a7dae114b54d70c840eab4d917c7d4bbce31d8e923429325d12b"", ""adapter_config.json"": ""9c868e731d9e1e45f0f114c79b1eeca3c96b1d0d3a8f5f93d9ff5a73d690a9df"", ""adapter_model.safetensors"": ""aaad7a39d905ddffc323d02d3beb78717388f29dc19488b91eb5218f4814b697"", ""chat_template.jinja"": ""a0bc6f6fc7a29a80017a433e8f03a1cc1236e838a944a2d034295a60c4f2fddb"", ""processor_config.json"": ""edb8dd5001f02dd3a488fd63d664fcdc5514c4a93962bf1be534a0acf6e2c714"", ""tokenizer.json"": ""ff8cce547abc110590d19c6b5b6e0c6a7b4c8d1012d78b9c42131bae7f494a02"", ""tokenizer_config.json"": ""5afec58078ec072cdc9ad190a63c8657f9c47ec71068ff9c77423f1ea0422364""}",,7f29cebb9d06eca06ad0d6c690e4d5a083b71a9c42008f88e92474e3ff0eb98a,eb4075c77285da02c52794154760fa969fb21ab3dcceb0820cb7d2ba27d27471,http://images.cocodataset.org/train2017/000000142941.jpg,http://images.cocodataset.org/train2017/000000142941.jpg,,http://images.cocodataset.org/train2017/000000142941.jpg,sorev,tier_b_v0.1,"{""axis"": ""semantic"", ""law"": ""stability_law"", ""note"": ""symmetric relation; subject/object reversal keeps truth"", ""relation"": ""touching"", ""transform"": ""sorev""}",,"{""do_sample"": false, ""max_new_tokens"": 5}",tier_b_tierb_pilot200,a4375a7c362690ef91f9db40f949558d1a160b30,v0.1
vsr_test:0592,vsr_test:0592,test,sorev,semantic,The bed is touching the suitcase,The suitcase is touching the bed.,touching,topology_contact,suitcase,bed,True,True,stability_law,True,True, True.,Qwen/Qwen2-VL-7B-Instruct,,7B_hardneg_lora,/home/ubuntu/vlm-spatial-reasoning/checkpoints/qwen2vl_7b_hardneg_lora/final,"{""README.md"": ""ad67fbd14e29a7dae114b54d70c840eab4d917c7d4bbce31d8e923429325d12b"", ""adapter_config.json"": ""9c868e731d9e1e45f0f114c79b1eeca3c96b1d0d3a8f5f93d9ff5a73d690a9df"", ""adapter_model.safetensors"": ""aaad7a39d905ddffc323d02d3beb78717388f29dc19488b91eb5218f4814b697"", ""chat_template.jinja"": ""a0bc6f6fc7a29a80017a433e8f03a1cc1236e838a944a2d034295a60c4f2fddb"", ""processor_config.json"": ""edb8dd5001f02dd3a488fd63d664fcdc5514c4a93962bf1be534a0acf6e2c714"", ""tokenizer.json"": ""ff8cce547abc110590d19c6b5b6e0c6a7b4c8d1012d78b9c42131bae7f494a02"", ""tokenizer_config.json"": ""5afec58078ec072cdc9ad190a63c8657f9c47ec71068ff9c77423f1ea0422364""}",,7f29cebb9d06eca06ad0d6c690e4d5a083b71a9c42008f88e92474e3ff0eb98a,eb4075c77285da02c52794154760fa969fb21ab3dcceb0820cb7d2ba27d27471,http://images.cocodataset.org/train2017/000000192212.jpg,http://images.cocodataset.org/train2017/000000192212.jpg,,http://images.cocodataset.org/train2017/000000192212.jpg,sorev,tier_b_v0.1,"{""axis"": ""semantic"", ""law"": ""stability_law"", ""note"": ""symmetric relation; subject/object reversal keeps truth"", ""relation"": ""touching"", ""transform"": ""sorev""}",,"{""do_sample"": false, ""max_new_tokens"": 5}",tier_b_tierb_pilot200,a4375a7c362690ef91f9db40f949558d1a160b30,v0.1
vsr_test:0598,vsr_test:0598,test,sorev,semantic,The couch is next to the dog,The dog is next to the couch.,next to,horizontal,dog,couch,False,False,stability_law,False,True, False.,Qwen/Qwen2-VL-7B-Instruct,,7B_hardneg_lora,/home/ubuntu/vlm-spatial-reasoning/checkpoints/qwen2vl_7b_hardneg_lora/final,"{""README.md"": ""ad67fbd14e29a7dae114b54d70c840eab4d917c7d4bbce31d8e923429325d12b"", ""adapter_config.json"": ""9c868e731d9e1e45f0f114c79b1eeca3c96b1d0d3a8f5f93d9ff5a73d690a9df"", ""adapter_model.safetensors"": ""aaad7a39d905ddffc323d02d3beb78717388f29dc19488b91eb5218f4814b697"", ""chat_template.jinja"": ""a0bc6f6fc7a29a80017a433e8f03a1cc1236e838a944a2d034295a60c4f2fddb"", ""processor_config.json"": ""edb8dd5001f02dd3a488fd63d664fcdc5514c4a93962bf1be534a0acf6e2c714"", ""tokenizer.json"": ""ff8cce547abc110590d19c6b5b6e0c6a7b4c8d1012d78b9c42131bae7f494a02"", ""tokenizer_config.json"": ""5afec58078ec072cdc9ad190a63c8657f9c47ec71068ff9c77423f1ea0422364""}",,7f29cebb9d06eca06ad0d6c690e4d5a083b71a9c42008f88e92474e3ff0eb98a,eb4075c77285da02c52794154760fa969fb21ab3dcceb0820cb7d2ba27d27471,http://images.cocodataset.org/train2017/000000462330.jpg,http://images.cocodataset.org/train2017/000000462330.jpg,,http://images.cocodataset.org/train2017/000000462330.jpg,sorev,tier_b_v0.1,"{""axis"": ""semantic"", ""law"": ""stability_law"", ""note"": ""symmetric relation; subject/object reversal keeps truth"", ""relation"": ""next to"", ""transform"": ""sorev""}",,"{""do_sample"": false, ""max_new_tokens"": 5}",tier_b_tierb_pilot200,a4375a7c362690ef91f9db40f949558d1a160b30,v0.1
vsr_test:0603,vsr_test:0603,test,sorev,semantic,The kite is touching the person,The person is touching the kite.,touching,topology_contact,person,kite,True,True,stability_law,True,True, True,Qwen/Qwen2-VL-7B-Instruct,,7B_hardneg_lora,/home/ubuntu/vlm-spatial-reasoning/checkpoints/qwen2vl_7b_hardneg_lora/final,"{""README.md"": ""ad67fbd14e29a7dae114b54d70c840eab4d917c7d4bbce31d8e923429325d12b"", ""adapter_config.json"": ""9c868e731d9e1e45f0f114c79b1eeca3c96b1d0d3a8f5f93d9ff5a73d690a9df"", ""adapter_model.safetensors"": ""aaad7a39d905ddffc323d02d3beb78717388f29dc19488b91eb5218f4814b697"", ""chat_template.jinja"": ""a0bc6f6fc7a29a80017a433e8f03a1cc1236e838a944a2d034295a60c4f2fddb"", ""processor_config.json"": ""edb8dd5001f02dd3a488fd63d664fcdc5514c4a93962bf1be534a0acf6e2c714"", ""tokenizer.json"": ""ff8cce547abc110590d19c6b5b6e0c6a7b4c8d1012d78b9c42131bae7f494a02"", ""tokenizer_config.json"": ""5afec58078ec072cdc9ad190a63c8657f9c47ec71068ff9c77423f1ea0422364""}",,7f29cebb9d06eca06ad0d6c690e4d5a083b71a9c42008f88e92474e3ff0eb98a,eb4075c77285da02c52794154760fa969fb21ab3dcceb0820cb7d2ba27d27471,http://images.cocodataset.org/val2017/000000099024.jpg,http://images.cocodataset.org/val2017/000000099024.jpg,,http://images.cocodataset.org/val2017/000000099024.jpg,sorev,tier_b_v0.1,"{""axis"": ""semantic"", ""law"": ""stability_law"", ""note"": ""symmetric relation; subject/object reversal keeps truth"", ""relation"": ""touching"", ""transform"": ""sorev""}",,"{""do_sample"": false, ""max_new_tokens"": 5}",tier_b_tierb_pilot200,a4375a7c362690ef91f9db40f949558d1a160b30,v0.1
vsr_test:0607,vsr_test:0607,test,sorev,semantic,The person is attached to the orange,The orange is attached to the person.,attached to,topology_contact,orange,person,True,True,stability_law,False,False, False.,Qwen/Qwen2-VL-7B-Instruct,,7B_hardneg_lora,/home/ubuntu/vlm-spatial-reasoning/checkpoints/qwen2vl_7b_hardneg_lora/final,"{""README.md"": ""ad67fbd14e29a7dae114b54d70c840eab4d917c7d4bbce31d8e923429325d12b"", ""adapter_config.json"": ""9c868e731d9e1e45f0f114c79b1eeca3c96b1d0d3a8f5f93d9ff5a73d690a9df"", ""adapter_model.safetensors"": ""aaad7a39d905ddffc323d02d3beb78717388f29dc19488b91eb5218f4814b697"", ""chat_template.jinja"": ""a0bc6f6fc7a29a80017a433e8f03a1cc1236e838a944a2d034295a60c4f2fddb"", ""processor_config.json"": ""edb8dd5001f02dd3a488fd63d664fcdc5514c4a93962bf1be534a0acf6e2c714"", ""tokenizer.json"": ""ff8cce547abc110590d19c6b5b6e0c6a7b4c8d1012d78b9c42131bae7f494a02"", ""tokenizer_config.json"": ""5afec58078ec072cdc9ad190a63c8657f9c47ec71068ff9c77423f1ea0422364""}",,7f29cebb9d06eca06ad0d6c690e4d5a083b71a9c42008f88e92474e3ff0eb98a,eb4075c77285da02c52794154760fa969fb21ab3dcceb0820cb7d2ba27d27471,http://images.cocodataset.org/train2017/000000337660.jpg,http://images.cocodataset.org/train2017/000000337660.jpg,,http://images.cocodataset.org/train2017/000000337660.jpg,sorev,tier_b_v0.1,"{""axis"": ""semantic"", ""law"": ""stability_law"", ""note"": ""symmetric relation; subject/object reversal keeps truth"", ""relation"": ""attached to"", ""transform"": ""sorev""}",,"{""do_sample"": false, ""max_new_tokens"": 5}",tier_b_tierb_pilot200,a4375a7c362690ef91f9db40f949558d1a160b30,v0.1
vsr_test:0609,vsr_test:0609,test,sorev,semantic,The bus is alongside the motorcycle,The motorcycle is alongside the bus.,alongside,horizontal,motorcycle,bus,True,True,stability_law,True,True, True,Qwen/Qwen2-VL-7B-Instruct,,7B_hardneg_lora,/home/ubuntu/vlm-spatial-reasoning/checkpoints/qwen2vl_7b_hardneg_lora/final,"{""README.md"": ""ad67fbd14e29a7dae114b54d70c840eab4d917c7d4bbce31d8e923429325d12b"", ""adapter_config.json"": ""9c868e731d9e1e45f0f114c79b1eeca3c96b1d0d3a8f5f93d9ff5a73d690a9df"", ""adapter_model.safetensors"": ""aaad7a39d905ddffc323d02d3beb78717388f29dc19488b91eb5218f4814b697"", ""chat_template.jinja"": ""a0bc6f6fc7a29a80017a433e8f03a1cc1236e838a944a2d034295a60c4f2fddb"", ""processor_config.json"": ""edb8dd5001f02dd3a488fd63d664fcdc5514c4a93962bf1be534a0acf6e2c714"", ""tokenizer.json"": ""ff8cce547abc110590d19c6b5b6e0c6a7b4c8d1012d78b9c42131bae7f494a02"", ""tokenizer_config.json"": ""5afec58078ec072cdc9ad190a63c8657f9c47ec71068ff9c77423f1ea0422364""}",,7f29cebb9d06eca06ad0d6c690e4d5a083b71a9c42008f88e92474e3ff0eb98a,eb4075c77285da02c52794154760fa969fb21ab3dcceb0820cb7d2ba27d27471,http://images.cocodataset.org/train2017/000000460143.jpg,http://images.cocodataset.org/train2017/000000460143.jpg,,http://images.cocodataset.org/train2017/000000460143.jpg,sorev,tier_b_v0.1,"{""axis"": ""semantic"", ""law"": ""stability_law"", ""note"": ""symmetric relation; subject/object reversal keeps truth"", ""relation"": ""alongside"", ""transform"": ""sorev""}",,"{""do_sample"": false, ""max_new_tokens"": 5}",tier_b_tierb_pilot200,a4375a7c362690ef91f9db40f949558d1a160b30,v0.1
vsr_test:0610,vsr_test:0610,test,sorev,semantic,The person is touching the dog,The dog is touching the person.,touching,topology_contact,dog,person,True,True,stability_law,True,True, True,Qwen/Qwen2-VL-7B-Instruct,,7B_hardneg_lora,/home/ubuntu/vlm-spatial-reasoning/checkpoints/qwen2vl_7b_hardneg_lora/final,"{""README.md"": ""ad67fbd14e29a7dae114b54d70c840eab4d917c7d4bbce31d8e923429325d12b"", ""adapter_config.json"": ""9c868e731d9e1e45f0f114c79b1eeca3c96b1d0d3a8f5f93d9ff5a73d690a9df"", ""adapter_model.safetensors"": ""aaad7a39d905ddffc323d02d3beb78717388f29dc19488b91eb5218f4814b697"", ""chat_template.jinja"": ""a0bc6f6fc7a29a80017a433e8f03a1cc1236e838a944a2d034295a60c4f2fddb"", ""processor_config.json"": ""edb8dd5001f02dd3a488fd63d664fcdc5514c4a93962bf1be534a0acf6e2c714"", ""tokenizer.json"": ""ff8cce547abc110590d19c6b5b6e0c6a7b4c8d1012d78b9c42131bae7f494a02"", ""tokenizer_config.json"": ""5afec58078ec072cdc9ad190a63c8657f9c47ec71068ff9c77423f1ea0422364""}",,7f29cebb9d06eca06ad0d6c690e4d5a083b71a9c42008f88e92474e3ff0eb98a,eb4075c77285da02c52794154760fa969fb21ab3dcceb0820cb7d2ba27d27471,http://images.cocodataset.org/train2017/000000548500.jpg,http://images.cocodataset.org/train2017/000000548500.jpg,,http://images.cocodataset.org/train2017/000000548500.jpg,sorev,tier_b_v0.1,"{""axis"": ""semantic"", ""law"": ""stability_law"", ""note"": ""symmetric relation; subject/object reversal keeps truth"", ""relation"": ""touching"", ""transform"": ""sorev""}",,"{""do_sample"": false, ""max_new_tokens"": 5}",tier_b_tierb_pilot200,a4375a7c362690ef91f9db40f949558d1a160b30,v0.1
vsr_test:0611,vsr_test:0611,test,sorev,semantic,The person is touching the airplane,The airplane is touching the person.,touching,topology_contact,airplane,person,False,False,stability_law,False,True, False.,Qwen/Qwen2-VL-7B-Instruct,,7B_hardneg_lora,/home/ubuntu/vlm-spatial-reasoning/checkpoints/qwen2vl_7b_hardneg_lora/final,"{""README.md"": ""ad67fbd14e29a7dae114b54d70c840eab4d917c7d4bbce31d8e923429325d12b"", ""adapter_config.json"": ""9c868e731d9e1e45f0f114c79b1eeca3c96b1d0d3a8f5f93d9ff5a73d690a9df"", ""adapter_model.safetensors"": ""aaad7a39d905ddffc323d02d3beb78717388f29dc19488b91eb5218f4814b697"", ""chat_template.jinja"": ""a0bc6f6fc7a29a80017a433e8f03a1cc1236e838a944a2d034295a60c4f2fddb"", ""processor_config.json"": ""edb8dd5001f02dd3a488fd63d664fcdc5514c4a93962bf1be534a0acf6e2c714"", ""tokenizer.json"": ""ff8cce547abc110590d19c6b5b6e0c6a7b4c8d1012d78b9c42131bae7f494a02"", ""tokenizer_config.json"": ""5afec58078ec072cdc9ad190a63c8657f9c47ec71068ff9c77423f1ea0422364""}",,7f29cebb9d06eca06ad0d6c690e4d5a083b71a9c42008f88e92474e3ff0eb98a,eb4075c77285da02c52794154760fa969fb21ab3dcceb0820cb7d2ba27d27471,http://images.cocodataset.org/train2017/000000218482.jpg,http://images.cocodataset.org/train2017/000000218482.jpg,,http://images.cocodataset.org/train2017/000000218482.jpg,sorev,tier_b_v0.1,"{""axis"": ""semantic"", ""law"": ""stability_law"", ""note"": ""symmetric relation; subject/object reversal keeps truth"", ""relation"": ""touching"", ""transform"": ""sorev""}",,"{""do_sample"": false, ""max_new_tokens"": 5}",tier_b_tierb_pilot200,a4375a7c362690ef91f9db40f949558d1a160b30,v0.1
vsr_test:0614,vsr_test:0614,test,sorev,semantic,The bus is opposite to the dining table,The dining table is opposite to the bus.,opposite to,other,dining table,bus,False,False,stability_law,False,True, False.,Qwen/Qwen2-VL-7B-Instruct,,7B_hardneg_lora,/home/ubuntu/vlm-spatial-reasoning/checkpoints/qwen2vl_7b_hardneg_lora/final,"{""README.md"": ""ad67fbd14e29a7dae114b54d70c840eab4d917c7d4bbce31d8e923429325d12b"", ""adapter_config.json"": ""9c868e731d9e1e45f0f114c79b1eeca3c96b1d0d3a8f5f93d9ff5a73d690a9df"", ""adapter_model.safetensors"": ""aaad7a39d905ddffc323d02d3beb78717388f29dc19488b91eb5218f4814b697"", ""chat_template.jinja"": ""a0bc6f6fc7a29a80017a433e8f03a1cc1236e838a944a2d034295a60c4f2fddb"", ""processor_config.json"": ""edb8dd5001f02dd3a488fd63d664fcdc5514c4a93962bf1be534a0acf6e2c714"", ""tokenizer.json"": ""ff8cce547abc110590d19c6b5b6e0c6a7b4c8d1012d78b9c42131bae7f494a02"", ""tokenizer_config.json"": ""5afec58078ec072cdc9ad190a63c8657f9c47ec71068ff9c77423f1ea0422364""}",,7f29cebb9d06eca06ad0d6c690e4d5a083b71a9c42008f88e92474e3ff0eb98a,eb4075c77285da02c52794154760fa969fb21ab3dcceb0820cb7d2ba27d27471,http://images.cocodataset.org/train2017/000000556203.jpg,http://images.cocodataset.org/train2017/000000556203.jpg,,http://images.cocodataset.org/train2017/000000556203.jpg,sorev,tier_b_v0.1,"{""axis"": ""semantic"", ""law"": ""stability_law"", ""note"": ""symmetric relation; subject/object reversal keeps truth"", ""relation"": ""opposite to"", ""transform"": ""sorev""}",,"{""do_sample"": false, ""max_new_tokens"": 5}",tier_b_tierb_pilot200,a4375a7c362690ef91f9db40f949558d1a160b30,v0.1
vsr_test:0620,vsr_test:0620,test,sorev,semantic,The dining table is away from the donut,The donut is away from the dining table.,away from,proximity,donut,dining table,True,True,stability_law,True,True, True.,Qwen/Qwen2-VL-7B-Instruct,,7B_hardneg_lora,/home/ubuntu/vlm-spatial-reasoning/checkpoints/qwen2vl_7b_hardneg_lora/final,"{""README.md"": ""ad67fbd14e29a7dae114b54d70c840eab4d917c7d4bbce31d8e923429325d12b"", ""adapter_config.json"": ""9c868e731d9e1e45f0f114c79b1eeca3c96b1d0d3a8f5f93d9ff5a73d690a9df"", ""adapter_model.safetensors"": ""aaad7a39d905ddffc323d02d3beb78717388f29dc19488b91eb5218f4814b697"", ""chat_template.jinja"": ""a0bc6f6fc7a29a80017a433e8f03a1cc1236e838a944a2d034295a60c4f2fddb"", ""processor_config.json"": ""edb8dd5001f02dd3a488fd63d664fcdc5514c4a93962bf1be534a0acf6e2c714"", ""tokenizer.json"": ""ff8cce547abc110590d19c6b5b6e0c6a7b4c8d1012d78b9c42131bae7f494a02"", ""tokenizer_config.json"": ""5afec58078ec072cdc9ad190a63c8657f9c47ec71068ff9c77423f1ea0422364""}",,7f29cebb9d06eca06ad0d6c690e4d5a083b71a9c42008f88e92474e3ff0eb98a,eb4075c77285da02c52794154760fa969fb21ab3dcceb0820cb7d2ba27d27471,http://images.cocodataset.org/train2017/000000068743.jpg,http://images.cocodataset.org/train2017/000000068743.jpg,,http://images.cocodataset.org/train2017/000000068743.jpg,sorev,tier_b_v0.1,"{""axis"": ""semantic"", ""law"": ""stability_law"", ""note"": ""symmetric relation; subject/object reversal keeps truth"", ""relation"": ""away from"", ""transform"": ""sorev""}",,"{""do_sample"": false, ""max_new_tokens"": 5}",tier_b_tierb_pilot200,a4375a7c362690ef91f9db40f949558d1a160b30,v0.1
vsr_test:0622,vsr_test:0622,test,sorev,semantic,The person is touching the sheep,The sheep is touching the person.,touching,topology_contact,sheep,person,True,True,stability_law,True,True, True,Qwen/Qwen2-VL-7B-Instruct,,7B_hardneg_lora,/home/ubuntu/vlm-spatial-reasoning/checkpoints/qwen2vl_7b_hardneg_lora/final,"{""README.md"": ""ad67fbd14e29a7dae114b54d70c840eab4d917c7d4bbce31d8e923429325d12b"", ""adapter_config.json"": ""9c868e731d9e1e45f0f114c79b1eeca3c96b1d0d3a8f5f93d9ff5a73d690a9df"", ""adapter_model.safetensors"": ""aaad7a39d905ddffc323d02d3beb78717388f29dc19488b91eb5218f4814b697"", ""chat_template.jinja"": ""a0bc6f6fc7a29a80017a433e8f03a1cc1236e838a944a2d034295a60c4f2fddb"", ""processor_config.json"": ""edb8dd5001f02dd3a488fd63d664fcdc5514c4a93962bf1be534a0acf6e2c714"", ""tokenizer.json"": ""ff8cce547abc110590d19c6b5b6e0c6a7b4c8d1012d78b9c42131bae7f494a02"", ""tokenizer_config.json"": ""5afec58078ec072cdc9ad190a63c8657f9c47ec71068ff9c77423f1ea0422364""}",,7f29cebb9d06eca06ad0d6c690e4d5a083b71a9c42008f88e92474e3ff0eb98a,eb4075c77285da02c52794154760fa969fb21ab3dcceb0820cb7d2ba27d27471,http://images.cocodataset.org/val2017/000000525155.jpg,http://images.cocodataset.org/val2017/000000525155.jpg,,http://images.cocodataset.org/val2017/000000525155.jpg,sorev,tier_b_v0.1,"{""axis"": ""semantic"", ""law"": ""stability_law"", ""note"": ""symmetric relation; subject/object reversal keeps truth"", ""relation"": ""touching"", ""transform"": ""sorev""}",,"{""do_sample"": false, ""max_new_tokens"": 5}",tier_b_tierb_pilot200,a4375a7c362690ef91f9db40f949558d1a160b30,v0.1
vsr_test:0625,vsr_test:0625,test,sorev,semantic,The dining table is touching the orange,The orange is touching the dining table.,touching,topology_contact,orange,dining table,True,True,stability_law,True,True, True,Qwen/Qwen2-VL-7B-Instruct,,7B_hardneg_lora,/home/ubuntu/vlm-spatial-reasoning/checkpoints/qwen2vl_7b_hardneg_lora/final,"{""README.md"": ""ad67fbd14e29a7dae114b54d70c840eab4d917c7d4bbce31d8e923429325d12b"", ""adapter_config.json"": ""9c868e731d9e1e45f0f114c79b1eeca3c96b1d0d3a8f5f93d9ff5a73d690a9df"", ""adapter_model.safetensors"": ""aaad7a39d905ddffc323d02d3beb78717388f29dc19488b91eb5218f4814b697"", ""chat_template.jinja"": ""a0bc6f6fc7a29a80017a433e8f03a1cc1236e838a944a2d034295a60c4f2fddb"", ""processor_config.json"": ""edb8dd5001f02dd3a488fd63d664fcdc5514c4a93962bf1be534a0acf6e2c714"", ""tokenizer.json"": ""ff8cce547abc110590d19c6b5b6e0c6a7b4c8d1012d78b9c42131bae7f494a02"", ""tokenizer_config.json"": ""5afec58078ec072cdc9ad190a63c8657f9c47ec71068ff9c77423f1ea0422364""}",,7f29cebb9d06eca06ad0d6c690e4d5a083b71a9c42008f88e92474e3ff0eb98a,eb4075c77285da02c52794154760fa969fb21ab3dcceb0820cb7d2ba27d27471,http://images.cocodataset.org/train2017/000000150324.jpg,http://images.cocodataset.org/train2017/000000150324.jpg,,http://images.cocodataset.org/train2017/000000150324.jpg,sorev,tier_b_v0.1,"{""axis"": ""semantic"", ""law"": ""stability_law"", ""note"": ""symmetric relation; subject/object reversal keeps truth"", ""relation"": ""touching"", ""transform"": ""sorev""}",,"{""do_sample"": false, ""max_new_tokens"": 5}",tier_b_tierb_pilot200,a4375a7c362690ef91f9db40f949558d1a160b30,v0.1
vsr_test:0626,vsr_test:0626,test,sorev,semantic,The banana is touching the dining table,The dining table is touching the banana.,touching,topology_contact,dining table,banana,False,False,stability_law,False,True, False.,Qwen/Qwen2-VL-7B-Instruct,,7B_hardneg_lora,/home/ubuntu/vlm-spatial-reasoning/checkpoints/qwen2vl_7b_hardneg_lora/final,"{""README.md"": ""ad67fbd14e29a7dae114b54d70c840eab4d917c7d4bbce31d8e923429325d12b"", ""adapter_config.json"": ""9c868e731d9e1e45f0f114c79b1eeca3c96b1d0d3a8f5f93d9ff5a73d690a9df"", ""adapter_model.safetensors"": ""aaad7a39d905ddffc323d02d3beb78717388f29dc19488b91eb5218f4814b697"", ""chat_template.jinja"": ""a0bc6f6fc7a29a80017a433e8f03a1cc1236e838a944a2d034295a60c4f2fddb"", ""processor_config.json"": ""edb8dd5001f02dd3a488fd63d664fcdc5514c4a93962bf1be534a0acf6e2c714"", ""tokenizer.json"": ""ff8cce547abc110590d19c6b5b6e0c6a7b4c8d1012d78b9c42131bae7f494a02"", ""tokenizer_config.json"": ""5afec58078ec072cdc9ad190a63c8657f9c47ec71068ff9c77423f1ea0422364""}",,7f29cebb9d06eca06ad0d6c690e4d5a083b71a9c42008f88e92474e3ff0eb98a,eb4075c77285da02c52794154760fa969fb21ab3dcceb0820cb7d2ba27d27471,http://images.cocodataset.org/train2017/000000568137.jpg,http://images.cocodataset.org/train2017/000000568137.jpg,,http://images.cocodataset.org/train2017/000000568137.jpg,sorev,tier_b_v0.1,"{""axis"": ""semantic"", ""law"": ""stability_law"", ""note"": ""symmetric relation; subject/object reversal keeps truth"", ""relation"": ""touching"", ""transform"": ""sorev""}",,"{""do_sample"": false, ""max_new_tokens"": 5}",tier_b_tierb_pilot200,a4375a7c362690ef91f9db40f949558d1a160b30,v0.1
vsr_test:0627,vsr_test:0627,test,sorev,semantic,The refrigerator is next to the oven,The oven is next to the refrigerator.,next to,horizontal,oven,refrigerator,True,True,stability_law,True,True, True.,Qwen/Qwen2-VL-7B-Instruct,,7B_hardneg_lora,/home/ubuntu/vlm-spatial-reasoning/checkpoints/qwen2vl_7b_hardneg_lora/final,"{""README.md"": ""ad67fbd14e29a7dae114b54d70c840eab4d917c7d4bbce31d8e923429325d12b"", ""adapter_config.json"": ""9c868e731d9e1e45f0f114c79b1eeca3c96b1d0d3a8f5f93d9ff5a73d690a9df"", ""adapter_model.safetensors"": ""aaad7a39d905ddffc323d02d3beb78717388f29dc19488b91eb5218f4814b697"", ""chat_template.jinja"": ""a0bc6f6fc7a29a80017a433e8f03a1cc1236e838a944a2d034295a60c4f2fddb"", ""processor_config.json"": ""edb8dd5001f02dd3a488fd63d664fcdc5514c4a93962bf1be534a0acf6e2c714"", ""tokenizer.json"": ""ff8cce547abc110590d19c6b5b6e0c6a7b4c8d1012d78b9c42131bae7f494a02"", ""tokenizer_config.json"": ""5afec58078ec072cdc9ad190a63c8657f9c47ec71068ff9c77423f1ea0422364""}",,7f29cebb9d06eca06ad0d6c690e4d5a083b71a9c42008f88e92474e3ff0eb98a,eb4075c77285da02c52794154760fa969fb21ab3dcceb0820cb7d2ba27d27471,http://images.cocodataset.org/train2017/000000250833.jpg,http://images.cocodataset.org/train2017/000000250833.jpg,,http://images.cocodataset.org/train2017/000000250833.jpg,sorev,tier_b_v0.1,"{""axis"": ""semantic"", ""law"": ""stability_law"", ""note"": ""symmetric relation; subject/object reversal keeps truth"", ""relation"": ""next to"", ""transform"": ""sorev""}",,"{""do_sample"": false, ""max_new_tokens"": 5}",tier_b_tierb_pilot200,a4375a7c362690ef91f9db40f949558d1a160b30,v0.1
vsr_test:0631,vsr_test:0631,test,sorev,semantic,The dog is across from the car,The car is across from the dog.,across from,horizontal,car,dog,False,False,stability_law,False,True, False.,Qwen/Qwen2-VL-7B-Instruct,,7B_hardneg_lora,/home/ubuntu/vlm-spatial-reasoning/checkpoints/qwen2vl_7b_hardneg_lora/final,"{""README.md"": ""ad67fbd14e29a7dae114b54d70c840eab4d917c7d4bbce31d8e923429325d12b"", ""adapter_config.json"": ""9c868e731d9e1e45f0f114c79b1eeca3c96b1d0d3a8f5f93d9ff5a73d690a9df"", ""adapter_model.safetensors"": ""aaad7a39d905ddffc323d02d3beb78717388f29dc19488b91eb5218f4814b697"", ""chat_template.jinja"": ""a0bc6f6fc7a29a80017a433e8f03a1cc1236e838a944a2d034295a60c4f2fddb"", ""processor_config.json"": ""edb8dd5001f02dd3a488fd63d664fcdc5514c4a93962bf1be534a0acf6e2c714"", ""tokenizer.json"": ""ff8cce547abc110590d19c6b5b6e0c6a7b4c8d1012d78b9c42131bae7f494a02"", ""tokenizer_config.json"": ""5afec58078ec072cdc9ad190a63c8657f9c47ec71068ff9c77423f1ea0422364""}",,7f29cebb9d06eca06ad0d6c690e4d5a083b71a9c42008f88e92474e3ff0eb98a,eb4075c77285da02c52794154760fa969fb21ab3dcceb0820cb7d2ba27d27471,http://images.cocodataset.org/train2017/000000119805.jpg,http://images.cocodataset.org/train2017/000000119805.jpg,,http://images.cocodataset.org/train2017/000000119805.jpg,sorev,tier_b_v0.1,"{""axis"": ""semantic"", ""law"": ""stability_law"", ""note"": ""symmetric relation; subject/object reversal keeps truth"", ""relation"": ""across from"", ""transform"": ""sorev""}",,"{""do_sample"": false, ""max_new_tokens"": 5}",tier_b_tierb_pilot200,a4375a7c362690ef91f9db40f949558d1a160b30,v0.1
vsr_test:0633,vsr_test:0633,test,sorev,semantic,The bowl is adjacent to the sandwich,The sandwich is adjacent to the bowl.,adjacent to,other,sandwich,bowl,True,True,stability_law,True,True, True,Qwen/Qwen2-VL-7B-Instruct,,7B_hardneg_lora,/home/ubuntu/vlm-spatial-reasoning/checkpoints/qwen2vl_7b_hardneg_lora/final,"{""README.md"": ""ad67fbd14e29a7dae114b54d70c840eab4d917c7d4bbce31d8e923429325d12b"", ""adapter_config.json"": ""9c868e731d9e1e45f0f114c79b1eeca3c96b1d0d3a8f5f93d9ff5a73d690a9df"", ""adapter_model.safetensors"": ""aaad7a39d905ddffc323d02d3beb78717388f29dc19488b91eb5218f4814b697"", ""chat_template.jinja"": ""a0bc6f6fc7a29a80017a433e8f03a1cc1236e838a944a2d034295a60c4f2fddb"", ""processor_config.json"": ""edb8dd5001f02dd3a488fd63d664fcdc5514c4a93962bf1be534a0acf6e2c714"", ""tokenizer.json"": ""ff8cce547abc110590d19c6b5b6e0c6a7b4c8d1012d78b9c42131bae7f494a02"", ""tokenizer_config.json"": ""5afec58078ec072cdc9ad190a63c8657f9c47ec71068ff9c77423f1ea0422364""}",,7f29cebb9d06eca06ad0d6c690e4d5a083b71a9c42008f88e92474e3ff0eb98a,eb4075c77285da02c52794154760fa969fb21ab3dcceb0820cb7d2ba27d27471,http://images.cocodataset.org/train2017/000000227675.jpg,http://images.cocodataset.org/train2017/000000227675.jpg,,http://images.cocodataset.org/train2017/000000227675.jpg,sorev,tier_b_v0.1,"{""axis"": ""semantic"", ""law"": ""stability_law"", ""note"": ""symmetric relation; subject/object reversal keeps truth"", ""relation"": ""adjacent to"", ""transform"": ""sorev""}",,"{""do_sample"": false, ""max_new_tokens"": 5}",tier_b_tierb_pilot200,a4375a7c362690ef91f9db40f949558d1a160b30,v0.1
vsr_test:0636,vsr_test:0636,test,sorev,semantic,The boat is far from the person,The person is far from the boat.,far from,proximity,person,boat,True,True,stability_law,True,True, True,Qwen/Qwen2-VL-7B-Instruct,,7B_hardneg_lora,/home/ubuntu/vlm-spatial-reasoning/checkpoints/qwen2vl_7b_hardneg_lora/final,"{""README.md"": ""ad67fbd14e29a7dae114b54d70c840eab4d917c7d4bbce31d8e923429325d12b"", ""adapter_config.json"": ""9c868e731d9e1e45f0f114c79b1eeca3c96b1d0d3a8f5f93d9ff5a73d690a9df"", ""adapter_model.safetensors"": ""aaad7a39d905ddffc323d02d3beb78717388f29dc19488b91eb5218f4814b697"", ""chat_template.jinja"": ""a0bc6f6fc7a29a80017a433e8f03a1cc1236e838a944a2d034295a60c4f2fddb"", ""processor_config.json"": ""edb8dd5001f02dd3a488fd63d664fcdc5514c4a93962bf1be534a0acf6e2c714"", ""tokenizer.json"": ""ff8cce547abc110590d19c6b5b6e0c6a7b4c8d1012d78b9c42131bae7f494a02"", ""tokenizer_config.json"": ""5afec58078ec072cdc9ad190a63c8657f9c47ec71068ff9c77423f1ea0422364""}",,7f29cebb9d06eca06ad0d6c690e4d5a083b71a9c42008f88e92474e3ff0eb98a,eb4075c77285da02c52794154760fa969fb21ab3dcceb0820cb7d2ba27d27471,http://images.cocodataset.org/train2017/000000386880.jpg,http://images.cocodataset.org/train2017/000000386880.jpg,,http://images.cocodataset.org/train2017/000000386880.jpg,sorev,tier_b_v0.1,"{""axis"": ""semantic"", ""law"": ""stability_law"", ""note"": ""symmetric relation; subject/object reversal keeps truth"", ""relation"": ""far from"", ""transform"": ""sorev""}",,"{""do_sample"": false, ""max_new_tokens"": 5}",tier_b_tierb_pilot200,a4375a7c362690ef91f9db40f949558d1a160b30,v0.1
vsr_test:0641,vsr_test:0641,test,sorev,semantic,The laptop is touching the bed,The bed is touching the laptop.,touching,topology_contact,bed,laptop,True,True,stability_law,False,False, False.,Qwen/Qwen2-VL-7B-Instruct,,7B_hardneg_lora,/home/ubuntu/vlm-spatial-reasoning/checkpoints/qwen2vl_7b_hardneg_lora/final,"{""README.md"": ""ad67fbd14e29a7dae114b54d70c840eab4d917c7d4bbce31d8e923429325d12b"", ""adapter_config.json"": ""9c868e731d9e1e45f0f114c79b1eeca3c96b1d0d3a8f5f93d9ff5a73d690a9df"", ""adapter_model.safetensors"": ""aaad7a39d905ddffc323d02d3beb78717388f29dc19488b91eb5218f4814b697"", ""chat_template.jinja"": ""a0bc6f6fc7a29a80017a433e8f03a1cc1236e838a944a2d034295a60c4f2fddb"", ""processor_config.json"": ""edb8dd5001f02dd3a488fd63d664fcdc5514c4a93962bf1be534a0acf6e2c714"", ""tokenizer.json"": ""ff8cce547abc110590d19c6b5b6e0c6a7b4c8d1012d78b9c42131bae7f494a02"", ""tokenizer_config.json"": ""5afec58078ec072cdc9ad190a63c8657f9c47ec71068ff9c77423f1ea0422364""}",,7f29cebb9d06eca06ad0d6c690e4d5a083b71a9c42008f88e92474e3ff0eb98a,eb4075c77285da02c52794154760fa969fb21ab3dcceb0820cb7d2ba27d27471,http://images.cocodataset.org/train2017/000000353316.jpg,http://images.cocodataset.org/train2017/000000353316.jpg,,http://images.cocodataset.org/train2017/000000353316.jpg,sorev,tier_b_v0.1,"{""axis"": ""semantic"", ""law"": ""stability_law"", ""note"": ""symmetric relation; subject/object reversal keeps truth"", ""relation"": ""touching"", ""transform"": ""sorev""}",,"{""do_sample"": false, ""max_new_tokens"": 5}",tier_b_tierb_pilot200,a4375a7c362690ef91f9db40f949558d1a160b30,v0.1
vsr_test:0646,vsr_test:0646,test,sorev,semantic,The pizza is near the toaster,The toaster is near the pizza.,near,proximity,toaster,pizza,True,True,stability_law,True,True, True,Qwen/Qwen2-VL-7B-Instruct,,7B_hardneg_lora,/home/ubuntu/vlm-spatial-reasoning/checkpoints/qwen2vl_7b_hardneg_lora/final,"{""README.md"": ""ad67fbd14e29a7dae114b54d70c840eab4d917c7d4bbce31d8e923429325d12b"", ""adapter_config.json"": ""9c868e731d9e1e45f0f114c79b1eeca3c96b1d0d3a8f5f93d9ff5a73d690a9df"", ""adapter_model.safetensors"": ""aaad7a39d905ddffc323d02d3beb78717388f29dc19488b91eb5218f4814b697"", ""chat_template.jinja"": ""a0bc6f6fc7a29a80017a433e8f03a1cc1236e838a944a2d034295a60c4f2fddb"", ""processor_config.json"": ""edb8dd5001f02dd3a488fd63d664fcdc5514c4a93962bf1be534a0acf6e2c714"", ""tokenizer.json"": ""ff8cce547abc110590d19c6b5b6e0c6a7b4c8d1012d78b9c42131bae7f494a02"", ""tokenizer_config.json"": ""5afec58078ec072cdc9ad190a63c8657f9c47ec71068ff9c77423f1ea0422364""}",,7f29cebb9d06eca06ad0d6c690e4d5a083b71a9c42008f88e92474e3ff0eb98a,eb4075c77285da02c52794154760fa969fb21ab3dcceb0820cb7d2ba27d27471,http://images.cocodataset.org/train2017/000000330513.jpg,http://images.cocodataset.org/train2017/000000330513.jpg,,http://images.cocodataset.org/train2017/000000330513.jpg,sorev,tier_b_v0.1,"{""axis"": ""semantic"", ""law"": ""stability_law"", ""note"": ""symmetric relation; subject/object reversal keeps truth"", ""relation"": ""near"", ""transform"": ""sorev""}",,"{""do_sample"": false, ""max_new_tokens"": 5}",tier_b_tierb_pilot200,a4375a7c362690ef91f9db40f949558d1a160b30,v0.1
vsr_test:0654,vsr_test:0654,test,sorev,semantic,The wine glass is touching the cat,The cat is touching the wine glass.,touching,topology_contact,cat,wine glass,False,False,stability_law,False,True, False.,Qwen/Qwen2-VL-7B-Instruct,,7B_hardneg_lora,/home/ubuntu/vlm-spatial-reasoning/checkpoints/qwen2vl_7b_hardneg_lora/final,"{""README.md"": ""ad67fbd14e29a7dae114b54d70c840eab4d917c7d4bbce31d8e923429325d12b"", ""adapter_config.json"": ""9c868e731d9e1e45f0f114c79b1eeca3c96b1d0d3a8f5f93d9ff5a73d690a9df"", ""adapter_model.safetensors"": ""aaad7a39d905ddffc323d02d3beb78717388f29dc19488b91eb5218f4814b697"", ""chat_template.jinja"": ""a0bc6f6fc7a29a80017a433e8f03a1cc1236e838a944a2d034295a60c4f2fddb"", ""processor_config.json"": ""edb8dd5001f02dd3a488fd63d664fcdc5514c4a93962bf1be534a0acf6e2c714"", ""tokenizer.json"": ""ff8cce547abc110590d19c6b5b6e0c6a7b4c8d1012d78b9c42131bae7f494a02"", ""tokenizer_config.json"": ""5afec58078ec072cdc9ad190a63c8657f9c47ec71068ff9c77423f1ea0422364""}",,7f29cebb9d06eca06ad0d6c690e4d5a083b71a9c42008f88e92474e3ff0eb98a,eb4075c77285da02c52794154760fa969fb21ab3dcceb0820cb7d2ba27d27471,http://images.cocodataset.org/train2017/000000275449.jpg,http://images.cocodataset.org/train2017/000000275449.jpg,,http://images.cocodataset.org/train2017/000000275449.jpg,sorev,tier_b_v0.1,"{""axis"": ""semantic"", ""law"": ""stability_law"", ""note"": ""symmetric relation; subject/object reversal keeps truth"", ""relation"": ""touching"", ""transform"": ""sorev""}",,"{""do_sample"": false, ""max_new_tokens"": 5}",tier_b_tierb_pilot200,a4375a7c362690ef91f9db40f949558d1a160b30,v0.1
vsr_test:0662,vsr_test:0662,test,sorev,semantic,The sandwich is touching the person,The person is touching the sandwich.,touching,topology_contact,person,sandwich,True,True,stability_law,True,True, True,Qwen/Qwen2-VL-7B-Instruct,,7B_hardneg_lora,/home/ubuntu/vlm-spatial-reasoning/checkpoints/qwen2vl_7b_hardneg_lora/final,"{""README.md"": ""ad67fbd14e29a7dae114b54d70c840eab4d917c7d4bbce31d8e923429325d12b"", ""adapter_config.json"": ""9c868e731d9e1e45f0f114c79b1eeca3c96b1d0d3a8f5f93d9ff5a73d690a9df"", ""adapter_model.safetensors"": ""aaad7a39d905ddffc323d02d3beb78717388f29dc19488b91eb5218f4814b697"", ""chat_template.jinja"": ""a0bc6f6fc7a29a80017a433e8f03a1cc1236e838a944a2d034295a60c4f2fddb"", ""processor_config.json"": ""edb8dd5001f02dd3a488fd63d664fcdc5514c4a93962bf1be534a0acf6e2c714"", ""tokenizer.json"": ""ff8cce547abc110590d19c6b5b6e0c6a7b4c8d1012d78b9c42131bae7f494a02"", ""tokenizer_config.json"": ""5afec58078ec072cdc9ad190a63c8657f9c47ec71068ff9c77423f1ea0422364""}",,7f29cebb9d06eca06ad0d6c690e4d5a083b71a9c42008f88e92474e3ff0eb98a,eb4075c77285da02c52794154760fa969fb21ab3dcceb0820cb7d2ba27d27471,http://images.cocodataset.org/train2017/000000560969.jpg,http://images.cocodataset.org/train2017/000000560969.jpg,,http://images.cocodataset.org/train2017/000000560969.jpg,sorev,tier_b_v0.1,"{""axis"": ""semantic"", ""law"": ""stability_law"", ""note"": ""symmetric relation; subject/object reversal keeps truth"", ""relation"": ""touching"", ""transform"": ""sorev""}",,"{""do_sample"": false, ""max_new_tokens"": 5}",tier_b_tierb_pilot200,a4375a7c362690ef91f9db40f949558d1a160b30,v0.1
vsr_test:0663,vsr_test:0663,test,sorev,semantic,The banana is next to the bowl,The bowl is next to the banana.,next to,horizontal,bowl,banana,True,True,stability_law,True,True, True.,Qwen/Qwen2-VL-7B-Instruct,,7B_hardneg_lora,/home/ubuntu/vlm-spatial-reasoning/checkpoints/qwen2vl_7b_hardneg_lora/final,"{""README.md"": ""ad67fbd14e29a7dae114b54d70c840eab4d917c7d4bbce31d8e923429325d12b"", ""adapter_config.json"": ""9c868e731d9e1e45f0f114c79b1eeca3c96b1d0d3a8f5f93d9ff5a73d690a9df"", ""adapter_model.safetensors"": ""aaad7a39d905ddffc323d02d3beb78717388f29dc19488b91eb5218f4814b697"", ""chat_template.jinja"": ""a0bc6f6fc7a29a80017a433e8f03a1cc1236e838a944a2d034295a60c4f2fddb"", ""processor_config.json"": ""edb8dd5001f02dd3a488fd63d664fcdc5514c4a93962bf1be534a0acf6e2c714"", ""tokenizer.json"": ""ff8cce547abc110590d19c6b5b6e0c6a7b4c8d1012d78b9c42131bae7f494a02"", ""tokenizer_config.json"": ""5afec58078ec072cdc9ad190a63c8657f9c47ec71068ff9c77423f1ea0422364""}",,7f29cebb9d06eca06ad0d6c690e4d5a083b71a9c42008f88e92474e3ff0eb98a,eb4075c77285da02c52794154760fa969fb21ab3dcceb0820cb7d2ba27d27471,http://images.cocodataset.org/train2017/000000293955.jpg,http://images.cocodataset.org/train2017/000000293955.jpg,,http://images.cocodataset.org/train2017/000000293955.jpg,sorev,tier_b_v0.1,"{""axis"": ""semantic"", ""law"": ""stability_law"", ""note"": ""symmetric relation; subject/object reversal keeps truth"", ""relation"": ""next to"", ""transform"": ""sorev""}",,"{""do_sample"": false, ""max_new_tokens"": 5}",tier_b_tierb_pilot200,a4375a7c362690ef91f9db40f949558d1a160b30,v0.1
vsr_test:0664,vsr_test:0664,test,sorev,semantic,The bench is touching the book,The book is touching the bench.,touching,topology_contact,book,bench,True,True,stability_law,True,True, True,Qwen/Qwen2-VL-7B-Instruct,,7B_hardneg_lora,/home/ubuntu/vlm-spatial-reasoning/checkpoints/qwen2vl_7b_hardneg_lora/final,"{""README.md"": ""ad67fbd14e29a7dae114b54d70c840eab4d917c7d4bbce31d8e923429325d12b"", ""adapter_config.json"": ""9c868e731d9e1e45f0f114c79b1eeca3c96b1d0d3a8f5f93d9ff5a73d690a9df"", ""adapter_model.safetensors"": ""aaad7a39d905ddffc323d02d3beb78717388f29dc19488b91eb5218f4814b697"", ""chat_template.jinja"": ""a0bc6f6fc7a29a80017a433e8f03a1cc1236e838a944a2d034295a60c4f2fddb"", ""processor_config.json"": ""edb8dd5001f02dd3a488fd63d664fcdc5514c4a93962bf1be534a0acf6e2c714"", ""tokenizer.json"": ""ff8cce547abc110590d19c6b5b6e0c6a7b4c8d1012d78b9c42131bae7f494a02"", ""tokenizer_config.json"": ""5afec58078ec072cdc9ad190a63c8657f9c47ec71068ff9c77423f1ea0422364""}",,7f29cebb9d06eca06ad0d6c690e4d5a083b71a9c42008f88e92474e3ff0eb98a,eb4075c77285da02c52794154760fa969fb21ab3dcceb0820cb7d2ba27d27471,http://images.cocodataset.org/train2017/000000251835.jpg,http://images.cocodataset.org/train2017/000000251835.jpg,,http://images.cocodataset.org/train2017/000000251835.jpg,sorev,tier_b_v0.1,"{""axis"": ""semantic"", ""law"": ""stability_law"", ""note"": ""symmetric relation; subject/object reversal keeps truth"", ""relation"": ""touching"", ""transform"": ""sorev""}",,"{""do_sample"": false, ""max_new_tokens"": 5}",tier_b_tierb_pilot200,a4375a7c362690ef91f9db40f949558d1a160b30,v0.1
vsr_test:0667,vsr_test:0667,test,sorev,semantic,The zebra is touching the horse,The horse is touching the zebra.,touching,topology_contact,horse,zebra,False,False,stability_law,False,True, False.,Qwen/Qwen2-VL-7B-Instruct,,7B_hardneg_lora,/home/ubuntu/vlm-spatial-reasoning/checkpoints/qwen2vl_7b_hardneg_lora/final,"{""README.md"": ""ad67fbd14e29a7dae114b54d70c840eab4d917c7d4bbce31d8e923429325d12b"", ""adapter_config.json"": ""9c868e731d9e1e45f0f114c79b1eeca3c96b1d0d3a8f5f93d9ff5a73d690a9df"", ""adapter_model.safetensors"": ""aaad7a39d905ddffc323d02d3beb78717388f29dc19488b91eb5218f4814b697"", ""chat_template.jinja"": ""a0bc6f6fc7a29a80017a433e8f03a1cc1236e838a944a2d034295a60c4f2fddb"", ""processor_config.json"": ""edb8dd5001f02dd3a488fd63d664fcdc5514c4a93962bf1be534a0acf6e2c714"", ""tokenizer.json"": ""ff8cce547abc110590d19c6b5b6e0c6a7b4c8d1012d78b9c42131bae7f494a02"", ""tokenizer_config.json"": ""5afec58078ec072cdc9ad190a63c8657f9c47ec71068ff9c77423f1ea0422364""}",,7f29cebb9d06eca06ad0d6c690e4d5a083b71a9c42008f88e92474e3ff0eb98a,eb4075c77285da02c52794154760fa969fb21ab3dcceb0820cb7d2ba27d27471,http://images.cocodataset.org/train2017/000000024260.jpg,http://images.cocodataset.org/train2017/000000024260.jpg,,http://images.cocodataset.org/train2017/000000024260.jpg,sorev,tier_b_v0.1,"{""axis"": ""semantic"", ""law"": ""stability_law"", ""note"": ""symmetric relation; subject/object reversal keeps truth"", ""relation"": ""touching"", ""transform"": ""sorev""}",,"{""do_sample"": false, ""max_new_tokens"": 5}",tier_b_tierb_pilot200,a4375a7c362690ef91f9db40f949558d1a160b30,v0.1
vsr_test:0668,vsr_test:0668,test,sorev,semantic,The laptop is close to the teddy bear,The teddy bear is close to the laptop.,close to,proximity,teddy bear,laptop,True,True,stability_law,True,True, True,Qwen/Qwen2-VL-7B-Instruct,,7B_hardneg_lora,/home/ubuntu/vlm-spatial-reasoning/checkpoints/qwen2vl_7b_hardneg_lora/final,"{""README.md"": ""ad67fbd14e29a7dae114b54d70c840eab4d917c7d4bbce31d8e923429325d12b"", ""adapter_config.json"": ""9c868e731d9e1e45f0f114c79b1eeca3c96b1d0d3a8f5f93d9ff5a73d690a9df"", ""adapter_model.safetensors"": ""aaad7a39d905ddffc323d02d3beb78717388f29dc19488b91eb5218f4814b697"", ""chat_template.jinja"": ""a0bc6f6fc7a29a80017a433e8f03a1cc1236e838a944a2d034295a60c4f2fddb"", ""processor_config.json"": ""edb8dd5001f02dd3a488fd63d664fcdc5514c4a93962bf1be534a0acf6e2c714"", ""tokenizer.json"": ""ff8cce547abc110590d19c6b5b6e0c6a7b4c8d1012d78b9c42131bae7f494a02"", ""tokenizer_config.json"": ""5afec58078ec072cdc9ad190a63c8657f9c47ec71068ff9c77423f1ea0422364""}",,7f29cebb9d06eca06ad0d6c690e4d5a083b71a9c42008f88e92474e3ff0eb98a,eb4075c77285da02c52794154760fa969fb21ab3dcceb0820cb7d2ba27d27471,http://images.cocodataset.org/train2017/000000434141.jpg,http://images.cocodataset.org/train2017/000000434141.jpg,,http://images.cocodataset.org/train2017/000000434141.jpg,sorev,tier_b_v0.1,"{""axis"": ""semantic"", ""law"": ""stability_law"", ""note"": ""symmetric relation; subject/object reversal keeps truth"", ""relation"": ""close to"", ""transform"": ""sorev""}",,"{""do_sample"": false, ""max_new_tokens"": 5}",tier_b_tierb_pilot200,a4375a7c362690ef91f9db40f949558d1a160b30,v0.1
vsr_test:0670,vsr_test:0670,test,sorev,semantic,The motorcycle is far away from the umbrella,The umbrella is far away from the motorcycle.,far away from,proximity,umbrella,motorcycle,True,True,stability_law,True,True, True.,Qwen/Qwen2-VL-7B-Instruct,,7B_hardneg_lora,/home/ubuntu/vlm-spatial-reasoning/checkpoints/qwen2vl_7b_hardneg_lora/final,"{""README.md"": ""ad67fbd14e29a7dae114b54d70c840eab4d917c7d4bbce31d8e923429325d12b"", ""adapter_config.json"": ""9c868e731d9e1e45f0f114c79b1eeca3c96b1d0d3a8f5f93d9ff5a73d690a9df"", ""adapter_model.safetensors"": ""aaad7a39d905ddffc323d02d3beb78717388f29dc19488b91eb5218f4814b697"", ""chat_template.jinja"": ""a0bc6f6fc7a29a80017a433e8f03a1cc1236e838a944a2d034295a60c4f2fddb"", ""processor_config.json"": ""edb8dd5001f02dd3a488fd63d664fcdc5514c4a93962bf1be534a0acf6e2c714"", ""tokenizer.json"": ""ff8cce547abc110590d19c6b5b6e0c6a7b4c8d1012d78b9c42131bae7f494a02"", ""tokenizer_config.json"": ""5afec58078ec072cdc9ad190a63c8657f9c47ec71068ff9c77423f1ea0422364""}",,7f29cebb9d06eca06ad0d6c690e4d5a083b71a9c42008f88e92474e3ff0eb98a,eb4075c77285da02c52794154760fa969fb21ab3dcceb0820cb7d2ba27d27471,http://images.cocodataset.org/train2017/000000239483.jpg,http://images.cocodataset.org/train2017/000000239483.jpg,,http://images.cocodataset.org/train2017/000000239483.jpg,sorev,tier_b_v0.1,"{""axis"": ""semantic"", ""law"": ""stability_law"", ""note"": ""symmetric relation; subject/object reversal keeps truth"", ""relation"": ""far away from"", ""transform"": ""sorev""}",,"{""do_sample"": false, ""max_new_tokens"": 5}",tier_b_tierb_pilot200,a4375a7c362690ef91f9db40f949558d1a160b30,v0.1
vsr_test:0673,vsr_test:0673,test,sorev,semantic,The pizza is next to the bowl,The bowl is next to the pizza.,next to,horizontal,bowl,pizza,True,True,stability_law,True,True, True,Qwen/Qwen2-VL-7B-Instruct,,7B_hardneg_lora,/home/ubuntu/vlm-spatial-reasoning/checkpoints/qwen2vl_7b_hardneg_lora/final,"{""README.md"": ""ad67fbd14e29a7dae114b54d70c840eab4d917c7d4bbce31d8e923429325d12b"", ""adapter_config.json"": ""9c868e731d9e1e45f0f114c79b1eeca3c96b1d0d3a8f5f93d9ff5a73d690a9df"", ""adapter_model.safetensors"": ""aaad7a39d905ddffc323d02d3beb78717388f29dc19488b91eb5218f4814b697"", ""chat_template.jinja"": ""a0bc6f6fc7a29a80017a433e8f03a1cc1236e838a944a2d034295a60c4f2fddb"", ""processor_config.json"": ""edb8dd5001f02dd3a488fd63d664fcdc5514c4a93962bf1be534a0acf6e2c714"", ""tokenizer.json"": ""ff8cce547abc110590d19c6b5b6e0c6a7b4c8d1012d78b9c42131bae7f494a02"", ""tokenizer_config.json"": ""5afec58078ec072cdc9ad190a63c8657f9c47ec71068ff9c77423f1ea0422364""}",,7f29cebb9d06eca06ad0d6c690e4d5a083b71a9c42008f88e92474e3ff0eb98a,eb4075c77285da02c52794154760fa969fb21ab3dcceb0820cb7d2ba27d27471,http://images.cocodataset.org/train2017/000000292574.jpg,http://images.cocodataset.org/train2017/000000292574.jpg,,http://images.cocodataset.org/train2017/000000292574.jpg,sorev,tier_b_v0.1,"{""axis"": ""semantic"", ""law"": ""stability_law"", ""note"": ""symmetric relation; subject/object reversal keeps truth"", ""relation"": ""next to"", ""transform"": ""sorev""}",,"{""do_sample"": false, ""max_new_tokens"": 5}",tier_b_tierb_pilot200,a4375a7c362690ef91f9db40f949558d1a160b30,v0.1
