example_id,paired_parent_id,split,condition,intervention_axis,statement,original_statement,relation,relation_family,subject,object,ground_truth,expected_transformed_label,expected_prediction_behavior,prediction,correct,raw_output,model_id,model_revision,model_condition,adapter_path,adapter_hash,training_seed,prompt_version,parser_version,image_id,source_image_id,replacement_image_id,transformed_image_id,transform_name,transform_version,transform_metadata,shuffle_seed,generation_settings,run_id,git_commit,protocol_version
vsr_test:0011,vsr_test:0011,test,hflip_flip,visual,The bed is at the left side of the bench.,The bed is at the left side of the bench.,at the left side of,horizontal,bed,bench,True,False,flip_expected,False,True, False.,Qwen/Qwen2-VL-7B-Instruct,,7B_hardneg_lora,/home/ubuntu/vlm-spatial-reasoning/checkpoints/qwen2vl_7b_hardneg_lora/final,"{""README.md"": ""ad67fbd14e29a7dae114b54d70c840eab4d917c7d4bbce31d8e923429325d12b"", ""adapter_config.json"": ""9c868e731d9e1e45f0f114c79b1eeca3c96b1d0d3a8f5f93d9ff5a73d690a9df"", ""adapter_model.safetensors"": ""aaad7a39d905ddffc323d02d3beb78717388f29dc19488b91eb5218f4814b697"", ""chat_template.jinja"": ""a0bc6f6fc7a29a80017a433e8f03a1cc1236e838a944a2d034295a60c4f2fddb"", ""processor_config.json"": ""edb8dd5001f02dd3a488fd63d664fcdc5514c4a93962bf1be534a0acf6e2c714"", ""tokenizer.json"": ""ff8cce547abc110590d19c6b5b6e0c6a7b4c8d1012d78b9c42131bae7f494a02"", ""tokenizer_config.json"": ""5afec58078ec072cdc9ad190a63c8657f9c47ec71068ff9c77423f1ea0422364""}",,7f29cebb9d06eca06ad0d6c690e4d5a083b71a9c42008f88e92474e3ff0eb98a,eb4075c77285da02c52794154760fa969fb21ab3dcceb0820cb7d2ba27d27471,http://images.cocodataset.org/train2017/000000262118.jpg,http://images.cocodataset.org/train2017/000000262118.jpg,,http://images.cocodataset.org/train2017/000000262118.jpg,hflip,tier_c_v0.1,"{""algorithm"": ""PIL.Image.FLIP_LEFT_RIGHT applied AFTER uniform 392px long-side preprocessing"", ""axis"": ""visual"", ""condition"": ""hflip_flip"", ""law"": ""flip_expected"", ""relation_rule"": ""mirrored-axis left/right relations flip; vertical/depth relations invariant; no global label flip"", ""transform"": ""hflip""}",,"{""do_sample"": false, ""max_new_tokens"": 5}",tier_c_tierc_full,38ad6fbc3e13cd785730b656c19512866d0845fd,v0.1
vsr_test:0025,vsr_test:0025,test,hflip_flip,visual,The laptop is at the left side of the cake.,The laptop is at the left side of the cake.,at the left side of,horizontal,laptop,cake,False,True,flip_expected,True,True, True.,Qwen/Qwen2-VL-7B-Instruct,,7B_hardneg_lora,/home/ubuntu/vlm-spatial-reasoning/checkpoints/qwen2vl_7b_hardneg_lora/final,"{""README.md"": ""ad67fbd14e29a7dae114b54d70c840eab4d917c7d4bbce31d8e923429325d12b"", ""adapter_config.json"": ""9c868e731d9e1e45f0f114c79b1eeca3c96b1d0d3a8f5f93d9ff5a73d690a9df"", ""adapter_model.safetensors"": ""aaad7a39d905ddffc323d02d3beb78717388f29dc19488b91eb5218f4814b697"", ""chat_template.jinja"": ""a0bc6f6fc7a29a80017a433e8f03a1cc1236e838a944a2d034295a60c4f2fddb"", ""processor_config.json"": ""edb8dd5001f02dd3a488fd63d664fcdc5514c4a93962bf1be534a0acf6e2c714"", ""tokenizer.json"": ""ff8cce547abc110590d19c6b5b6e0c6a7b4c8d1012d78b9c42131bae7f494a02"", ""tokenizer_config.json"": ""5afec58078ec072cdc9ad190a63c8657f9c47ec71068ff9c77423f1ea0422364""}",,7f29cebb9d06eca06ad0d6c690e4d5a083b71a9c42008f88e92474e3ff0eb98a,eb4075c77285da02c52794154760fa969fb21ab3dcceb0820cb7d2ba27d27471,http://images.cocodataset.org/train2017/000000512569.jpg,http://images.cocodataset.org/train2017/000000512569.jpg,,http://images.cocodataset.org/train2017/000000512569.jpg,hflip,tier_c_v0.1,"{""algorithm"": ""PIL.Image.FLIP_LEFT_RIGHT applied AFTER uniform 392px long-side preprocessing"", ""axis"": ""visual"", ""condition"": ""hflip_flip"", ""law"": ""flip_expected"", ""relation_rule"": ""mirrored-axis left/right relations flip; vertical/depth relations invariant; no global label flip"", ""transform"": ""hflip""}",,"{""do_sample"": false, ""max_new_tokens"": 5}",tier_c_tierc_full,38ad6fbc3e13cd785730b656c19512866d0845fd,v0.1
vsr_test:0037,vsr_test:0037,test,hflip_flip,visual,The orange is at the right side of the sandwich.,The orange is at the right side of the sandwich.,at the right side of,horizontal,orange,sandwich,True,False,flip_expected,False,True, False.,Qwen/Qwen2-VL-7B-Instruct,,7B_hardneg_lora,/home/ubuntu/vlm-spatial-reasoning/checkpoints/qwen2vl_7b_hardneg_lora/final,"{""README.md"": ""ad67fbd14e29a7dae114b54d70c840eab4d917c7d4bbce31d8e923429325d12b"", ""adapter_config.json"": ""9c868e731d9e1e45f0f114c79b1eeca3c96b1d0d3a8f5f93d9ff5a73d690a9df"", ""adapter_model.safetensors"": ""aaad7a39d905ddffc323d02d3beb78717388f29dc19488b91eb5218f4814b697"", ""chat_template.jinja"": ""a0bc6f6fc7a29a80017a433e8f03a1cc1236e838a944a2d034295a60c4f2fddb"", ""processor_config.json"": ""edb8dd5001f02dd3a488fd63d664fcdc5514c4a93962bf1be534a0acf6e2c714"", ""tokenizer.json"": ""ff8cce547abc110590d19c6b5b6e0c6a7b4c8d1012d78b9c42131bae7f494a02"", ""tokenizer_config.json"": ""5afec58078ec072cdc9ad190a63c8657f9c47ec71068ff9c77423f1ea0422364""}",,7f29cebb9d06eca06ad0d6c690e4d5a083b71a9c42008f88e92474e3ff0eb98a,eb4075c77285da02c52794154760fa969fb21ab3dcceb0820cb7d2ba27d27471,http://images.cocodataset.org/train2017/000000260248.jpg,http://images.cocodataset.org/train2017/000000260248.jpg,,http://images.cocodataset.org/train2017/000000260248.jpg,hflip,tier_c_v0.1,"{""algorithm"": ""PIL.Image.FLIP_LEFT_RIGHT applied AFTER uniform 392px long-side preprocessing"", ""axis"": ""visual"", ""condition"": ""hflip_flip"", ""law"": ""flip_expected"", ""relation_rule"": ""mirrored-axis left/right relations flip; vertical/depth relations invariant; no global label flip"", ""transform"": ""hflip""}",,"{""do_sample"": false, ""max_new_tokens"": 5}",tier_c_tierc_full,38ad6fbc3e13cd785730b656c19512866d0845fd,v0.1
vsr_test:0056,vsr_test:0056,test,hflip_flip,visual,The laptop is at the left side of the banana.,The laptop is at the left side of the banana.,at the left side of,horizontal,laptop,banana,True,False,flip_expected,False,True, False,Qwen/Qwen2-VL-7B-Instruct,,7B_hardneg_lora,/home/ubuntu/vlm-spatial-reasoning/checkpoints/qwen2vl_7b_hardneg_lora/final,"{""README.md"": ""ad67fbd14e29a7dae114b54d70c840eab4d917c7d4bbce31d8e923429325d12b"", ""adapter_config.json"": ""9c868e731d9e1e45f0f114c79b1eeca3c96b1d0d3a8f5f93d9ff5a73d690a9df"", ""adapter_model.safetensors"": ""aaad7a39d905ddffc323d02d3beb78717388f29dc19488b91eb5218f4814b697"", ""chat_template.jinja"": ""a0bc6f6fc7a29a80017a433e8f03a1cc1236e838a944a2d034295a60c4f2fddb"", ""processor_config.json"": ""edb8dd5001f02dd3a488fd63d664fcdc5514c4a93962bf1be534a0acf6e2c714"", ""tokenizer.json"": ""ff8cce547abc110590d19c6b5b6e0c6a7b4c8d1012d78b9c42131bae7f494a02"", ""tokenizer_config.json"": ""5afec58078ec072cdc9ad190a63c8657f9c47ec71068ff9c77423f1ea0422364""}",,7f29cebb9d06eca06ad0d6c690e4d5a083b71a9c42008f88e92474e3ff0eb98a,eb4075c77285da02c52794154760fa969fb21ab3dcceb0820cb7d2ba27d27471,http://images.cocodataset.org/train2017/000000093469.jpg,http://images.cocodataset.org/train2017/000000093469.jpg,,http://images.cocodataset.org/train2017/000000093469.jpg,hflip,tier_c_v0.1,"{""algorithm"": ""PIL.Image.FLIP_LEFT_RIGHT applied AFTER uniform 392px long-side preprocessing"", ""axis"": ""visual"", ""condition"": ""hflip_flip"", ""law"": ""flip_expected"", ""relation_rule"": ""mirrored-axis left/right relations flip; vertical/depth relations invariant; no global label flip"", ""transform"": ""hflip""}",,"{""do_sample"": false, ""max_new_tokens"": 5}",tier_c_tierc_full,38ad6fbc3e13cd785730b656c19512866d0845fd,v0.1
vsr_test:0059,vsr_test:0059,test,hflip_flip,visual,The cat is at the left side of the laptop.,The cat is at the left side of the laptop.,at the left side of,horizontal,cat,laptop,False,True,flip_expected,False,False, False,Qwen/Qwen2-VL-7B-Instruct,,7B_hardneg_lora,/home/ubuntu/vlm-spatial-reasoning/checkpoints/qwen2vl_7b_hardneg_lora/final,"{""README.md"": ""ad67fbd14e29a7dae114b54d70c840eab4d917c7d4bbce31d8e923429325d12b"", ""adapter_config.json"": ""9c868e731d9e1e45f0f114c79b1eeca3c96b1d0d3a8f5f93d9ff5a73d690a9df"", ""adapter_model.safetensors"": ""aaad7a39d905ddffc323d02d3beb78717388f29dc19488b91eb5218f4814b697"", ""chat_template.jinja"": ""a0bc6f6fc7a29a80017a433e8f03a1cc1236e838a944a2d034295a60c4f2fddb"", ""processor_config.json"": ""edb8dd5001f02dd3a488fd63d664fcdc5514c4a93962bf1be534a0acf6e2c714"", ""tokenizer.json"": ""ff8cce547abc110590d19c6b5b6e0c6a7b4c8d1012d78b9c42131bae7f494a02"", ""tokenizer_config.json"": ""5afec58078ec072cdc9ad190a63c8657f9c47ec71068ff9c77423f1ea0422364""}",,7f29cebb9d06eca06ad0d6c690e4d5a083b71a9c42008f88e92474e3ff0eb98a,eb4075c77285da02c52794154760fa969fb21ab3dcceb0820cb7d2ba27d27471,http://images.cocodataset.org/train2017/000000232394.jpg,http://images.cocodataset.org/train2017/000000232394.jpg,,http://images.cocodataset.org/train2017/000000232394.jpg,hflip,tier_c_v0.1,"{""algorithm"": ""PIL.Image.FLIP_LEFT_RIGHT applied AFTER uniform 392px long-side preprocessing"", ""axis"": ""visual"", ""condition"": ""hflip_flip"", ""law"": ""flip_expected"", ""relation_rule"": ""mirrored-axis left/right relations flip; vertical/depth relations invariant; no global label flip"", ""transform"": ""hflip""}",,"{""do_sample"": false, ""max_new_tokens"": 5}",tier_c_tierc_full,38ad6fbc3e13cd785730b656c19512866d0845fd,v0.1
vsr_test:0064,vsr_test:0064,test,hflip_flip,visual,The cat is at the left side of the teddy bear.,The cat is at the left side of the teddy bear.,at the left side of,horizontal,cat,teddy bear,False,True,flip_expected,False,False, False.,Qwen/Qwen2-VL-7B-Instruct,,7B_hardneg_lora,/home/ubuntu/vlm-spatial-reasoning/checkpoints/qwen2vl_7b_hardneg_lora/final,"{""README.md"": ""ad67fbd14e29a7dae114b54d70c840eab4d917c7d4bbce31d8e923429325d12b"", ""adapter_config.json"": ""9c868e731d9e1e45f0f114c79b1eeca3c96b1d0d3a8f5f93d9ff5a73d690a9df"", ""adapter_model.safetensors"": ""aaad7a39d905ddffc323d02d3beb78717388f29dc19488b91eb5218f4814b697"", ""chat_template.jinja"": ""a0bc6f6fc7a29a80017a433e8f03a1cc1236e838a944a2d034295a60c4f2fddb"", ""processor_config.json"": ""edb8dd5001f02dd3a488fd63d664fcdc5514c4a93962bf1be534a0acf6e2c714"", ""tokenizer.json"": ""ff8cce547abc110590d19c6b5b6e0c6a7b4c8d1012d78b9c42131bae7f494a02"", ""tokenizer_config.json"": ""5afec58078ec072cdc9ad190a63c8657f9c47ec71068ff9c77423f1ea0422364""}",,7f29cebb9d06eca06ad0d6c690e4d5a083b71a9c42008f88e92474e3ff0eb98a,eb4075c77285da02c52794154760fa969fb21ab3dcceb0820cb7d2ba27d27471,http://images.cocodataset.org/train2017/000000555951.jpg,http://images.cocodataset.org/train2017/000000555951.jpg,,http://images.cocodataset.org/train2017/000000555951.jpg,hflip,tier_c_v0.1,"{""algorithm"": ""PIL.Image.FLIP_LEFT_RIGHT applied AFTER uniform 392px long-side preprocessing"", ""axis"": ""visual"", ""condition"": ""hflip_flip"", ""law"": ""flip_expected"", ""relation_rule"": ""mirrored-axis left/right relations flip; vertical/depth relations invariant; no global label flip"", ""transform"": ""hflip""}",,"{""do_sample"": false, ""max_new_tokens"": 5}",tier_c_tierc_full,38ad6fbc3e13cd785730b656c19512866d0845fd,v0.1
vsr_test:0075,vsr_test:0075,test,hflip_flip,visual,The person is at the left side of the truck.,The person is at the left side of the truck.,at the left side of,horizontal,person,truck,True,False,flip_expected,False,True, False.,Qwen/Qwen2-VL-7B-Instruct,,7B_hardneg_lora,/home/ubuntu/vlm-spatial-reasoning/checkpoints/qwen2vl_7b_hardneg_lora/final,"{""README.md"": ""ad67fbd14e29a7dae114b54d70c840eab4d917c7d4bbce31d8e923429325d12b"", ""adapter_config.json"": ""9c868e731d9e1e45f0f114c79b1eeca3c96b1d0d3a8f5f93d9ff5a73d690a9df"", ""adapter_model.safetensors"": ""aaad7a39d905ddffc323d02d3beb78717388f29dc19488b91eb5218f4814b697"", ""chat_template.jinja"": ""a0bc6f6fc7a29a80017a433e8f03a1cc1236e838a944a2d034295a60c4f2fddb"", ""processor_config.json"": ""edb8dd5001f02dd3a488fd63d664fcdc5514c4a93962bf1be534a0acf6e2c714"", ""tokenizer.json"": ""ff8cce547abc110590d19c6b5b6e0c6a7b4c8d1012d78b9c42131bae7f494a02"", ""tokenizer_config.json"": ""5afec58078ec072cdc9ad190a63c8657f9c47ec71068ff9c77423f1ea0422364""}",,7f29cebb9d06eca06ad0d6c690e4d5a083b71a9c42008f88e92474e3ff0eb98a,eb4075c77285da02c52794154760fa969fb21ab3dcceb0820cb7d2ba27d27471,http://images.cocodataset.org/train2017/000000570956.jpg,http://images.cocodataset.org/train2017/000000570956.jpg,,http://images.cocodataset.org/train2017/000000570956.jpg,hflip,tier_c_v0.1,"{""algorithm"": ""PIL.Image.FLIP_LEFT_RIGHT applied AFTER uniform 392px long-side preprocessing"", ""axis"": ""visual"", ""condition"": ""hflip_flip"", ""law"": ""flip_expected"", ""relation_rule"": ""mirrored-axis left/right relations flip; vertical/depth relations invariant; no global label flip"", ""transform"": ""hflip""}",,"{""do_sample"": false, ""max_new_tokens"": 5}",tier_c_tierc_full,38ad6fbc3e13cd785730b656c19512866d0845fd,v0.1
vsr_test:0084,vsr_test:0084,test,hflip_flip,visual,The clock is at the left side of the bird.,The clock is at the left side of the bird.,at the left side of,horizontal,clock,bird,False,True,flip_expected,True,True, True.,Qwen/Qwen2-VL-7B-Instruct,,7B_hardneg_lora,/home/ubuntu/vlm-spatial-reasoning/checkpoints/qwen2vl_7b_hardneg_lora/final,"{""README.md"": ""ad67fbd14e29a7dae114b54d70c840eab4d917c7d4bbce31d8e923429325d12b"", ""adapter_config.json"": ""9c868e731d9e1e45f0f114c79b1eeca3c96b1d0d3a8f5f93d9ff5a73d690a9df"", ""adapter_model.safetensors"": ""aaad7a39d905ddffc323d02d3beb78717388f29dc19488b91eb5218f4814b697"", ""chat_template.jinja"": ""a0bc6f6fc7a29a80017a433e8f03a1cc1236e838a944a2d034295a60c4f2fddb"", ""processor_config.json"": ""edb8dd5001f02dd3a488fd63d664fcdc5514c4a93962bf1be534a0acf6e2c714"", ""tokenizer.json"": ""ff8cce547abc110590d19c6b5b6e0c6a7b4c8d1012d78b9c42131bae7f494a02"", ""tokenizer_config.json"": ""5afec58078ec072cdc9ad190a63c8657f9c47ec71068ff9c77423f1ea0422364""}",,7f29cebb9d06eca06ad0d6c690e4d5a083b71a9c42008f88e92474e3ff0eb98a,eb4075c77285da02c52794154760fa969fb21ab3dcceb0820cb7d2ba27d27471,http://images.cocodataset.org/train2017/000000171067.jpg,http://images.cocodataset.org/train2017/000000171067.jpg,,http://images.cocodataset.org/train2017/000000171067.jpg,hflip,tier_c_v0.1,"{""algorithm"": ""PIL.Image.FLIP_LEFT_RIGHT applied AFTER uniform 392px long-side preprocessing"", ""axis"": ""visual"", ""condition"": ""hflip_flip"", ""law"": ""flip_expected"", ""relation_rule"": ""mirrored-axis left/right relations flip; vertical/depth relations invariant; no global label flip"", ""transform"": ""hflip""}",,"{""do_sample"": false, ""max_new_tokens"": 5}",tier_c_tierc_full,38ad6fbc3e13cd785730b656c19512866d0845fd,v0.1
vsr_test:0085,vsr_test:0085,test,hflip_flip,visual,The pizza is at the left side of the dog.,The pizza is at the left side of the dog.,at the left side of,horizontal,pizza,dog,True,False,flip_expected,False,True, False.,Qwen/Qwen2-VL-7B-Instruct,,7B_hardneg_lora,/home/ubuntu/vlm-spatial-reasoning/checkpoints/qwen2vl_7b_hardneg_lora/final,"{""README.md"": ""ad67fbd14e29a7dae114b54d70c840eab4d917c7d4bbce31d8e923429325d12b"", ""adapter_config.json"": ""9c868e731d9e1e45f0f114c79b1eeca3c96b1d0d3a8f5f93d9ff5a73d690a9df"", ""adapter_model.safetensors"": ""aaad7a39d905ddffc323d02d3beb78717388f29dc19488b91eb5218f4814b697"", ""chat_template.jinja"": ""a0bc6f6fc7a29a80017a433e8f03a1cc1236e838a944a2d034295a60c4f2fddb"", ""processor_config.json"": ""edb8dd5001f02dd3a488fd63d664fcdc5514c4a93962bf1be534a0acf6e2c714"", ""tokenizer.json"": ""ff8cce547abc110590d19c6b5b6e0c6a7b4c8d1012d78b9c42131bae7f494a02"", ""tokenizer_config.json"": ""5afec58078ec072cdc9ad190a63c8657f9c47ec71068ff9c77423f1ea0422364""}",,7f29cebb9d06eca06ad0d6c690e4d5a083b71a9c42008f88e92474e3ff0eb98a,eb4075c77285da02c52794154760fa969fb21ab3dcceb0820cb7d2ba27d27471,http://images.cocodataset.org/train2017/000000508555.jpg,http://images.cocodataset.org/train2017/000000508555.jpg,,http://images.cocodataset.org/train2017/000000508555.jpg,hflip,tier_c_v0.1,"{""algorithm"": ""PIL.Image.FLIP_LEFT_RIGHT applied AFTER uniform 392px long-side preprocessing"", ""axis"": ""visual"", ""condition"": ""hflip_flip"", ""law"": ""flip_expected"", ""relation_rule"": ""mirrored-axis left/right relations flip; vertical/depth relations invariant; no global label flip"", ""transform"": ""hflip""}",,"{""do_sample"": false, ""max_new_tokens"": 5}",tier_c_tierc_full,38ad6fbc3e13cd785730b656c19512866d0845fd,v0.1
vsr_test:0095,vsr_test:0095,test,hflip_flip,visual,The teddy bear is at the right side of the dog.,The teddy bear is at the right side of the dog.,at the right side of,horizontal,teddy bear,dog,False,True,flip_expected,True,True, True,Qwen/Qwen2-VL-7B-Instruct,,7B_hardneg_lora,/home/ubuntu/vlm-spatial-reasoning/checkpoints/qwen2vl_7b_hardneg_lora/final,"{""README.md"": ""ad67fbd14e29a7dae114b54d70c840eab4d917c7d4bbce31d8e923429325d12b"", ""adapter_config.json"": ""9c868e731d9e1e45f0f114c79b1eeca3c96b1d0d3a8f5f93d9ff5a73d690a9df"", ""adapter_model.safetensors"": ""aaad7a39d905ddffc323d02d3beb78717388f29dc19488b91eb5218f4814b697"", ""chat_template.jinja"": ""a0bc6f6fc7a29a80017a433e8f03a1cc1236e838a944a2d034295a60c4f2fddb"", ""processor_config.json"": ""edb8dd5001f02dd3a488fd63d664fcdc5514c4a93962bf1be534a0acf6e2c714"", ""tokenizer.json"": ""ff8cce547abc110590d19c6b5b6e0c6a7b4c8d1012d78b9c42131bae7f494a02"", ""tokenizer_config.json"": ""5afec58078ec072cdc9ad190a63c8657f9c47ec71068ff9c77423f1ea0422364""}",,7f29cebb9d06eca06ad0d6c690e4d5a083b71a9c42008f88e92474e3ff0eb98a,eb4075c77285da02c52794154760fa969fb21ab3dcceb0820cb7d2ba27d27471,http://images.cocodataset.org/train2017/000000157616.jpg,http://images.cocodataset.org/train2017/000000157616.jpg,,http://images.cocodataset.org/train2017/000000157616.jpg,hflip,tier_c_v0.1,"{""algorithm"": ""PIL.Image.FLIP_LEFT_RIGHT applied AFTER uniform 392px long-side preprocessing"", ""axis"": ""visual"", ""condition"": ""hflip_flip"", ""law"": ""flip_expected"", ""relation_rule"": ""mirrored-axis left/right relations flip; vertical/depth relations invariant; no global label flip"", ""transform"": ""hflip""}",,"{""do_sample"": false, ""max_new_tokens"": 5}",tier_c_tierc_full,38ad6fbc3e13cd785730b656c19512866d0845fd,v0.1
vsr_test:0107,vsr_test:0107,test,hflip_flip,visual,The dining table is at the right side of the refrigerator.,The dining table is at the right side of the refrigerator.,at the right side of,horizontal,dining table,refrigerator,True,False,flip_expected,False,True, False.,Qwen/Qwen2-VL-7B-Instruct,,7B_hardneg_lora,/home/ubuntu/vlm-spatial-reasoning/checkpoints/qwen2vl_7b_hardneg_lora/final,"{""README.md"": ""ad67fbd14e29a7dae114b54d70c840eab4d917c7d4bbce31d8e923429325d12b"", ""adapter_config.json"": ""9c868e731d9e1e45f0f114c79b1eeca3c96b1d0d3a8f5f93d9ff5a73d690a9df"", ""adapter_model.safetensors"": ""aaad7a39d905ddffc323d02d3beb78717388f29dc19488b91eb5218f4814b697"", ""chat_template.jinja"": ""a0bc6f6fc7a29a80017a433e8f03a1cc1236e838a944a2d034295a60c4f2fddb"", ""processor_config.json"": ""edb8dd5001f02dd3a488fd63d664fcdc5514c4a93962bf1be534a0acf6e2c714"", ""tokenizer.json"": ""ff8cce547abc110590d19c6b5b6e0c6a7b4c8d1012d78b9c42131bae7f494a02"", ""tokenizer_config.json"": ""5afec58078ec072cdc9ad190a63c8657f9c47ec71068ff9c77423f1ea0422364""}",,7f29cebb9d06eca06ad0d6c690e4d5a083b71a9c42008f88e92474e3ff0eb98a,eb4075c77285da02c52794154760fa969fb21ab3dcceb0820cb7d2ba27d27471,http://images.cocodataset.org/train2017/000000240709.jpg,http://images.cocodataset.org/train2017/000000240709.jpg,,http://images.cocodataset.org/train2017/000000240709.jpg,hflip,tier_c_v0.1,"{""algorithm"": ""PIL.Image.FLIP_LEFT_RIGHT applied AFTER uniform 392px long-side preprocessing"", ""axis"": ""visual"", ""condition"": ""hflip_flip"", ""law"": ""flip_expected"", ""relation_rule"": ""mirrored-axis left/right relations flip; vertical/depth relations invariant; no global label flip"", ""transform"": ""hflip""}",,"{""do_sample"": false, ""max_new_tokens"": 5}",tier_c_tierc_full,38ad6fbc3e13cd785730b656c19512866d0845fd,v0.1
vsr_test:0110,vsr_test:0110,test,hflip_flip,visual,The keyboard is at the right side of the apple.,The keyboard is at the right side of the apple.,at the right side of,horizontal,keyboard,apple,True,False,flip_expected,False,True, False.,Qwen/Qwen2-VL-7B-Instruct,,7B_hardneg_lora,/home/ubuntu/vlm-spatial-reasoning/checkpoints/qwen2vl_7b_hardneg_lora/final,"{""README.md"": ""ad67fbd14e29a7dae114b54d70c840eab4d917c7d4bbce31d8e923429325d12b"", ""adapter_config.json"": ""9c868e731d9e1e45f0f114c79b1eeca3c96b1d0d3a8f5f93d9ff5a73d690a9df"", ""adapter_model.safetensors"": ""aaad7a39d905ddffc323d02d3beb78717388f29dc19488b91eb5218f4814b697"", ""chat_template.jinja"": ""a0bc6f6fc7a29a80017a433e8f03a1cc1236e838a944a2d034295a60c4f2fddb"", ""processor_config.json"": ""edb8dd5001f02dd3a488fd63d664fcdc5514c4a93962bf1be534a0acf6e2c714"", ""tokenizer.json"": ""ff8cce547abc110590d19c6b5b6e0c6a7b4c8d1012d78b9c42131bae7f494a02"", ""tokenizer_config.json"": ""5afec58078ec072cdc9ad190a63c8657f9c47ec71068ff9c77423f1ea0422364""}",,7f29cebb9d06eca06ad0d6c690e4d5a083b71a9c42008f88e92474e3ff0eb98a,eb4075c77285da02c52794154760fa969fb21ab3dcceb0820cb7d2ba27d27471,http://images.cocodataset.org/train2017/000000511644.jpg,http://images.cocodataset.org/train2017/000000511644.jpg,,http://images.cocodataset.org/train2017/000000511644.jpg,hflip,tier_c_v0.1,"{""algorithm"": ""PIL.Image.FLIP_LEFT_RIGHT applied AFTER uniform 392px long-side preprocessing"", ""axis"": ""visual"", ""condition"": ""hflip_flip"", ""law"": ""flip_expected"", ""relation_rule"": ""mirrored-axis left/right relations flip; vertical/depth relations invariant; no global label flip"", ""transform"": ""hflip""}",,"{""do_sample"": false, ""max_new_tokens"": 5}",tier_c_tierc_full,38ad6fbc3e13cd785730b656c19512866d0845fd,v0.1
vsr_test:0118,vsr_test:0118,test,hflip_flip,visual,The cell phone is at the right side of the person.,The cell phone is at the right side of the person.,at the right side of,horizontal,cell phone,person,False,True,flip_expected,False,False, False.,Qwen/Qwen2-VL-7B-Instruct,,7B_hardneg_lora,/home/ubuntu/vlm-spatial-reasoning/checkpoints/qwen2vl_7b_hardneg_lora/final,"{""README.md"": ""ad67fbd14e29a7dae114b54d70c840eab4d917c7d4bbce31d8e923429325d12b"", ""adapter_config.json"": ""9c868e731d9e1e45f0f114c79b1eeca3c96b1d0d3a8f5f93d9ff5a73d690a9df"", ""adapter_model.safetensors"": ""aaad7a39d905ddffc323d02d3beb78717388f29dc19488b91eb5218f4814b697"", ""chat_template.jinja"": ""a0bc6f6fc7a29a80017a433e8f03a1cc1236e838a944a2d034295a60c4f2fddb"", ""processor_config.json"": ""edb8dd5001f02dd3a488fd63d664fcdc5514c4a93962bf1be534a0acf6e2c714"", ""tokenizer.json"": ""ff8cce547abc110590d19c6b5b6e0c6a7b4c8d1012d78b9c42131bae7f494a02"", ""tokenizer_config.json"": ""5afec58078ec072cdc9ad190a63c8657f9c47ec71068ff9c77423f1ea0422364""}",,7f29cebb9d06eca06ad0d6c690e4d5a083b71a9c42008f88e92474e3ff0eb98a,eb4075c77285da02c52794154760fa969fb21ab3dcceb0820cb7d2ba27d27471,http://images.cocodataset.org/train2017/000000109488.jpg,http://images.cocodataset.org/train2017/000000109488.jpg,,http://images.cocodataset.org/train2017/000000109488.jpg,hflip,tier_c_v0.1,"{""algorithm"": ""PIL.Image.FLIP_LEFT_RIGHT applied AFTER uniform 392px long-side preprocessing"", ""axis"": ""visual"", ""condition"": ""hflip_flip"", ""law"": ""flip_expected"", ""relation_rule"": ""mirrored-axis left/right relations flip; vertical/depth relations invariant; no global label flip"", ""transform"": ""hflip""}",,"{""do_sample"": false, ""max_new_tokens"": 5}",tier_c_tierc_full,38ad6fbc3e13cd785730b656c19512866d0845fd,v0.1
vsr_test:0125,vsr_test:0125,test,hflip_flip,visual,The horse is right of the person.,The horse is right of the person.,right of,horizontal,horse,,False,True,flip_expected,True,True, True.,Qwen/Qwen2-VL-7B-Instruct,,7B_hardneg_lora,/home/ubuntu/vlm-spatial-reasoning/checkpoints/qwen2vl_7b_hardneg_lora/final,"{""README.md"": ""ad67fbd14e29a7dae114b54d70c840eab4d917c7d4bbce31d8e923429325d12b"", ""adapter_config.json"": ""9c868e731d9e1e45f0f114c79b1eeca3c96b1d0d3a8f5f93d9ff5a73d690a9df"", ""adapter_model.safetensors"": ""aaad7a39d905ddffc323d02d3beb78717388f29dc19488b91eb5218f4814b697"", ""chat_template.jinja"": ""a0bc6f6fc7a29a80017a433e8f03a1cc1236e838a944a2d034295a60c4f2fddb"", ""processor_config.json"": ""edb8dd5001f02dd3a488fd63d664fcdc5514c4a93962bf1be534a0acf6e2c714"", ""tokenizer.json"": ""ff8cce547abc110590d19c6b5b6e0c6a7b4c8d1012d78b9c42131bae7f494a02"", ""tokenizer_config.json"": ""5afec58078ec072cdc9ad190a63c8657f9c47ec71068ff9c77423f1ea0422364""}",,7f29cebb9d06eca06ad0d6c690e4d5a083b71a9c42008f88e92474e3ff0eb98a,eb4075c77285da02c52794154760fa969fb21ab3dcceb0820cb7d2ba27d27471,http://images.cocodataset.org/train2017/000000532748.jpg,http://images.cocodataset.org/train2017/000000532748.jpg,,http://images.cocodataset.org/train2017/000000532748.jpg,hflip,tier_c_v0.1,"{""algorithm"": ""PIL.Image.FLIP_LEFT_RIGHT applied AFTER uniform 392px long-side preprocessing"", ""axis"": ""visual"", ""condition"": ""hflip_flip"", ""law"": ""flip_expected"", ""relation_rule"": ""mirrored-axis left/right relations flip; vertical/depth relations invariant; no global label flip"", ""transform"": ""hflip""}",,"{""do_sample"": false, ""max_new_tokens"": 5}",tier_c_tierc_full,38ad6fbc3e13cd785730b656c19512866d0845fd,v0.1
vsr_test:0157,vsr_test:0157,test,hflip_flip,visual,The chair is left of the teddy bear.,The chair is left of the teddy bear.,left of,horizontal,chair,,True,False,flip_expected,False,True, False.,Qwen/Qwen2-VL-7B-Instruct,,7B_hardneg_lora,/home/ubuntu/vlm-spatial-reasoning/checkpoints/qwen2vl_7b_hardneg_lora/final,"{""README.md"": ""ad67fbd14e29a7dae114b54d70c840eab4d917c7d4bbce31d8e923429325d12b"", ""adapter_config.json"": ""9c868e731d9e1e45f0f114c79b1eeca3c96b1d0d3a8f5f93d9ff5a73d690a9df"", ""adapter_model.safetensors"": ""aaad7a39d905ddffc323d02d3beb78717388f29dc19488b91eb5218f4814b697"", ""chat_template.jinja"": ""a0bc6f6fc7a29a80017a433e8f03a1cc1236e838a944a2d034295a60c4f2fddb"", ""processor_config.json"": ""edb8dd5001f02dd3a488fd63d664fcdc5514c4a93962bf1be534a0acf6e2c714"", ""tokenizer.json"": ""ff8cce547abc110590d19c6b5b6e0c6a7b4c8d1012d78b9c42131bae7f494a02"", ""tokenizer_config.json"": ""5afec58078ec072cdc9ad190a63c8657f9c47ec71068ff9c77423f1ea0422364""}",,7f29cebb9d06eca06ad0d6c690e4d5a083b71a9c42008f88e92474e3ff0eb98a,eb4075c77285da02c52794154760fa969fb21ab3dcceb0820cb7d2ba27d27471,http://images.cocodataset.org/train2017/000000531568.jpg,http://images.cocodataset.org/train2017/000000531568.jpg,,http://images.cocodataset.org/train2017/000000531568.jpg,hflip,tier_c_v0.1,"{""algorithm"": ""PIL.Image.FLIP_LEFT_RIGHT applied AFTER uniform 392px long-side preprocessing"", ""axis"": ""visual"", ""condition"": ""hflip_flip"", ""law"": ""flip_expected"", ""relation_rule"": ""mirrored-axis left/right relations flip; vertical/depth relations invariant; no global label flip"", ""transform"": ""hflip""}",,"{""do_sample"": false, ""max_new_tokens"": 5}",tier_c_tierc_full,38ad6fbc3e13cd785730b656c19512866d0845fd,v0.1
vsr_test:0181,vsr_test:0181,test,hflip_flip,visual,The cup is at the right side of the cat.,The cup is at the right side of the cat.,at the right side of,horizontal,cup,cat,True,False,flip_expected,False,True, False,Qwen/Qwen2-VL-7B-Instruct,,7B_hardneg_lora,/home/ubuntu/vlm-spatial-reasoning/checkpoints/qwen2vl_7b_hardneg_lora/final,"{""README.md"": ""ad67fbd14e29a7dae114b54d70c840eab4d917c7d4bbce31d8e923429325d12b"", ""adapter_config.json"": ""9c868e731d9e1e45f0f114c79b1eeca3c96b1d0d3a8f5f93d9ff5a73d690a9df"", ""adapter_model.safetensors"": ""aaad7a39d905ddffc323d02d3beb78717388f29dc19488b91eb5218f4814b697"", ""chat_template.jinja"": ""a0bc6f6fc7a29a80017a433e8f03a1cc1236e838a944a2d034295a60c4f2fddb"", ""processor_config.json"": ""edb8dd5001f02dd3a488fd63d664fcdc5514c4a93962bf1be534a0acf6e2c714"", ""tokenizer.json"": ""ff8cce547abc110590d19c6b5b6e0c6a7b4c8d1012d78b9c42131bae7f494a02"", ""tokenizer_config.json"": ""5afec58078ec072cdc9ad190a63c8657f9c47ec71068ff9c77423f1ea0422364""}",,7f29cebb9d06eca06ad0d6c690e4d5a083b71a9c42008f88e92474e3ff0eb98a,eb4075c77285da02c52794154760fa969fb21ab3dcceb0820cb7d2ba27d27471,http://images.cocodataset.org/train2017/000000248461.jpg,http://images.cocodataset.org/train2017/000000248461.jpg,,http://images.cocodataset.org/train2017/000000248461.jpg,hflip,tier_c_v0.1,"{""algorithm"": ""PIL.Image.FLIP_LEFT_RIGHT applied AFTER uniform 392px long-side preprocessing"", ""axis"": ""visual"", ""condition"": ""hflip_flip"", ""law"": ""flip_expected"", ""relation_rule"": ""mirrored-axis left/right relations flip; vertical/depth relations invariant; no global label flip"", ""transform"": ""hflip""}",,"{""do_sample"": false, ""max_new_tokens"": 5}",tier_c_tierc_full,38ad6fbc3e13cd785730b656c19512866d0845fd,v0.1
vsr_test:0190,vsr_test:0190,test,hflip_flip,visual,The banana is at the left side of the cat.,The banana is at the left side of the cat.,at the left side of,horizontal,banana,cat,True,False,flip_expected,False,True, False.,Qwen/Qwen2-VL-7B-Instruct,,7B_hardneg_lora,/home/ubuntu/vlm-spatial-reasoning/checkpoints/qwen2vl_7b_hardneg_lora/final,"{""README.md"": ""ad67fbd14e29a7dae114b54d70c840eab4d917c7d4bbce31d8e923429325d12b"", ""adapter_config.json"": ""9c868e731d9e1e45f0f114c79b1eeca3c96b1d0d3a8f5f93d9ff5a73d690a9df"", ""adapter_model.safetensors"": ""aaad7a39d905ddffc323d02d3beb78717388f29dc19488b91eb5218f4814b697"", ""chat_template.jinja"": ""a0bc6f6fc7a29a80017a433e8f03a1cc1236e838a944a2d034295a60c4f2fddb"", ""processor_config.json"": ""edb8dd5001f02dd3a488fd63d664fcdc5514c4a93962bf1be534a0acf6e2c714"", ""tokenizer.json"": ""ff8cce547abc110590d19c6b5b6e0c6a7b4c8d1012d78b9c42131bae7f494a02"", ""tokenizer_config.json"": ""5afec58078ec072cdc9ad190a63c8657f9c47ec71068ff9c77423f1ea0422364""}",,7f29cebb9d06eca06ad0d6c690e4d5a083b71a9c42008f88e92474e3ff0eb98a,eb4075c77285da02c52794154760fa969fb21ab3dcceb0820cb7d2ba27d27471,http://images.cocodataset.org/train2017/000000259475.jpg,http://images.cocodataset.org/train2017/000000259475.jpg,,http://images.cocodataset.org/train2017/000000259475.jpg,hflip,tier_c_v0.1,"{""algorithm"": ""PIL.Image.FLIP_LEFT_RIGHT applied AFTER uniform 392px long-side preprocessing"", ""axis"": ""visual"", ""condition"": ""hflip_flip"", ""law"": ""flip_expected"", ""relation_rule"": ""mirrored-axis left/right relations flip; vertical/depth relations invariant; no global label flip"", ""transform"": ""hflip""}",,"{""do_sample"": false, ""max_new_tokens"": 5}",tier_c_tierc_full,38ad6fbc3e13cd785730b656c19512866d0845fd,v0.1
vsr_test:0194,vsr_test:0194,test,hflip_flip,visual,The couch is at the right side of the umbrella.,The couch is at the right side of the umbrella.,at the right side of,horizontal,couch,umbrella,False,True,flip_expected,True,True, True.,Qwen/Qwen2-VL-7B-Instruct,,7B_hardneg_lora,/home/ubuntu/vlm-spatial-reasoning/checkpoints/qwen2vl_7b_hardneg_lora/final,"{""README.md"": ""ad67fbd14e29a7dae114b54d70c840eab4d917c7d4bbce31d8e923429325d12b"", ""adapter_config.json"": ""9c868e731d9e1e45f0f114c79b1eeca3c96b1d0d3a8f5f93d9ff5a73d690a9df"", ""adapter_model.safetensors"": ""aaad7a39d905ddffc323d02d3beb78717388f29dc19488b91eb5218f4814b697"", ""chat_template.jinja"": ""a0bc6f6fc7a29a80017a433e8f03a1cc1236e838a944a2d034295a60c4f2fddb"", ""processor_config.json"": ""edb8dd5001f02dd3a488fd63d664fcdc5514c4a93962bf1be534a0acf6e2c714"", ""tokenizer.json"": ""ff8cce547abc110590d19c6b5b6e0c6a7b4c8d1012d78b9c42131bae7f494a02"", ""tokenizer_config.json"": ""5afec58078ec072cdc9ad190a63c8657f9c47ec71068ff9c77423f1ea0422364""}",,7f29cebb9d06eca06ad0d6c690e4d5a083b71a9c42008f88e92474e3ff0eb98a,eb4075c77285da02c52794154760fa969fb21ab3dcceb0820cb7d2ba27d27471,http://images.cocodataset.org/train2017/000000428329.jpg,http://images.cocodataset.org/train2017/000000428329.jpg,,http://images.cocodataset.org/train2017/000000428329.jpg,hflip,tier_c_v0.1,"{""algorithm"": ""PIL.Image.FLIP_LEFT_RIGHT applied AFTER uniform 392px long-side preprocessing"", ""axis"": ""visual"", ""condition"": ""hflip_flip"", ""law"": ""flip_expected"", ""relation_rule"": ""mirrored-axis left/right relations flip; vertical/depth relations invariant; no global label flip"", ""transform"": ""hflip""}",,"{""do_sample"": false, ""max_new_tokens"": 5}",tier_c_tierc_full,38ad6fbc3e13cd785730b656c19512866d0845fd,v0.1
vsr_test:0195,vsr_test:0195,test,hflip_flip,visual,The toilet is left of the cat.,The toilet is left of the cat.,left of,horizontal,toilet,,True,False,flip_expected,False,True, False.,Qwen/Qwen2-VL-7B-Instruct,,7B_hardneg_lora,/home/ubuntu/vlm-spatial-reasoning/checkpoints/qwen2vl_7b_hardneg_lora/final,"{""README.md"": ""ad67fbd14e29a7dae114b54d70c840eab4d917c7d4bbce31d8e923429325d12b"", ""adapter_config.json"": ""9c868e731d9e1e45f0f114c79b1eeca3c96b1d0d3a8f5f93d9ff5a73d690a9df"", ""adapter_model.safetensors"": ""aaad7a39d905ddffc323d02d3beb78717388f29dc19488b91eb5218f4814b697"", ""chat_template.jinja"": ""a0bc6f6fc7a29a80017a433e8f03a1cc1236e838a944a2d034295a60c4f2fddb"", ""processor_config.json"": ""edb8dd5001f02dd3a488fd63d664fcdc5514c4a93962bf1be534a0acf6e2c714"", ""tokenizer.json"": ""ff8cce547abc110590d19c6b5b6e0c6a7b4c8d1012d78b9c42131bae7f494a02"", ""tokenizer_config.json"": ""5afec58078ec072cdc9ad190a63c8657f9c47ec71068ff9c77423f1ea0422364""}",,7f29cebb9d06eca06ad0d6c690e4d5a083b71a9c42008f88e92474e3ff0eb98a,eb4075c77285da02c52794154760fa969fb21ab3dcceb0820cb7d2ba27d27471,http://images.cocodataset.org/train2017/000000063950.jpg,http://images.cocodataset.org/train2017/000000063950.jpg,,http://images.cocodataset.org/train2017/000000063950.jpg,hflip,tier_c_v0.1,"{""algorithm"": ""PIL.Image.FLIP_LEFT_RIGHT applied AFTER uniform 392px long-side preprocessing"", ""axis"": ""visual"", ""condition"": ""hflip_flip"", ""law"": ""flip_expected"", ""relation_rule"": ""mirrored-axis left/right relations flip; vertical/depth relations invariant; no global label flip"", ""transform"": ""hflip""}",,"{""do_sample"": false, ""max_new_tokens"": 5}",tier_c_tierc_full,38ad6fbc3e13cd785730b656c19512866d0845fd,v0.1
vsr_test:0198,vsr_test:0198,test,hflip_flip,visual,The dining table is at the right side of the person.,The dining table is at the right side of the person.,at the right side of,horizontal,dining table,person,False,True,flip_expected,False,False, False.,Qwen/Qwen2-VL-7B-Instruct,,7B_hardneg_lora,/home/ubuntu/vlm-spatial-reasoning/checkpoints/qwen2vl_7b_hardneg_lora/final,"{""README.md"": ""ad67fbd14e29a7dae114b54d70c840eab4d917c7d4bbce31d8e923429325d12b"", ""adapter_config.json"": ""9c868e731d9e1e45f0f114c79b1eeca3c96b1d0d3a8f5f93d9ff5a73d690a9df"", ""adapter_model.safetensors"": ""aaad7a39d905ddffc323d02d3beb78717388f29dc19488b91eb5218f4814b697"", ""chat_template.jinja"": ""a0bc6f6fc7a29a80017a433e8f03a1cc1236e838a944a2d034295a60c4f2fddb"", ""processor_config.json"": ""edb8dd5001f02dd3a488fd63d664fcdc5514c4a93962bf1be534a0acf6e2c714"", ""tokenizer.json"": ""ff8cce547abc110590d19c6b5b6e0c6a7b4c8d1012d78b9c42131bae7f494a02"", ""tokenizer_config.json"": ""5afec58078ec072cdc9ad190a63c8657f9c47ec71068ff9c77423f1ea0422364""}",,7f29cebb9d06eca06ad0d6c690e4d5a083b71a9c42008f88e92474e3ff0eb98a,eb4075c77285da02c52794154760fa969fb21ab3dcceb0820cb7d2ba27d27471,http://images.cocodataset.org/train2017/000000362966.jpg,http://images.cocodataset.org/train2017/000000362966.jpg,,http://images.cocodataset.org/train2017/000000362966.jpg,hflip,tier_c_v0.1,"{""algorithm"": ""PIL.Image.FLIP_LEFT_RIGHT applied AFTER uniform 392px long-side preprocessing"", ""axis"": ""visual"", ""condition"": ""hflip_flip"", ""law"": ""flip_expected"", ""relation_rule"": ""mirrored-axis left/right relations flip; vertical/depth relations invariant; no global label flip"", ""transform"": ""hflip""}",,"{""do_sample"": false, ""max_new_tokens"": 5}",tier_c_tierc_full,38ad6fbc3e13cd785730b656c19512866d0845fd,v0.1
vsr_test:0207,vsr_test:0207,test,hflip_flip,visual,The cat is at the right side of the bed.,The cat is at the right side of the bed.,at the right side of,horizontal,cat,bed,True,False,flip_expected,False,True, False.,Qwen/Qwen2-VL-7B-Instruct,,7B_hardneg_lora,/home/ubuntu/vlm-spatial-reasoning/checkpoints/qwen2vl_7b_hardneg_lora/final,"{""README.md"": ""ad67fbd14e29a7dae114b54d70c840eab4d917c7d4bbce31d8e923429325d12b"", ""adapter_config.json"": ""9c868e731d9e1e45f0f114c79b1eeca3c96b1d0d3a8f5f93d9ff5a73d690a9df"", ""adapter_model.safetensors"": ""aaad7a39d905ddffc323d02d3beb78717388f29dc19488b91eb5218f4814b697"", ""chat_template.jinja"": ""a0bc6f6fc7a29a80017a433e8f03a1cc1236e838a944a2d034295a60c4f2fddb"", ""processor_config.json"": ""edb8dd5001f02dd3a488fd63d664fcdc5514c4a93962bf1be534a0acf6e2c714"", ""tokenizer.json"": ""ff8cce547abc110590d19c6b5b6e0c6a7b4c8d1012d78b9c42131bae7f494a02"", ""tokenizer_config.json"": ""5afec58078ec072cdc9ad190a63c8657f9c47ec71068ff9c77423f1ea0422364""}",,7f29cebb9d06eca06ad0d6c690e4d5a083b71a9c42008f88e92474e3ff0eb98a,eb4075c77285da02c52794154760fa969fb21ab3dcceb0820cb7d2ba27d27471,http://images.cocodataset.org/val2017/000000134882.jpg,http://images.cocodataset.org/val2017/000000134882.jpg,,http://images.cocodataset.org/val2017/000000134882.jpg,hflip,tier_c_v0.1,"{""algorithm"": ""PIL.Image.FLIP_LEFT_RIGHT applied AFTER uniform 392px long-side preprocessing"", ""axis"": ""visual"", ""condition"": ""hflip_flip"", ""law"": ""flip_expected"", ""relation_rule"": ""mirrored-axis left/right relations flip; vertical/depth relations invariant; no global label flip"", ""transform"": ""hflip""}",,"{""do_sample"": false, ""max_new_tokens"": 5}",tier_c_tierc_full,38ad6fbc3e13cd785730b656c19512866d0845fd,v0.1
vsr_test:0210,vsr_test:0210,test,hflip_flip,visual,The pizza is right of the bottle.,The pizza is right of the bottle.,right of,horizontal,pizza,,True,False,flip_expected,False,True, False.,Qwen/Qwen2-VL-7B-Instruct,,7B_hardneg_lora,/home/ubuntu/vlm-spatial-reasoning/checkpoints/qwen2vl_7b_hardneg_lora/final,"{""README.md"": ""ad67fbd14e29a7dae114b54d70c840eab4d917c7d4bbce31d8e923429325d12b"", ""adapter_config.json"": ""9c868e731d9e1e45f0f114c79b1eeca3c96b1d0d3a8f5f93d9ff5a73d690a9df"", ""adapter_model.safetensors"": ""aaad7a39d905ddffc323d02d3beb78717388f29dc19488b91eb5218f4814b697"", ""chat_template.jinja"": ""a0bc6f6fc7a29a80017a433e8f03a1cc1236e838a944a2d034295a60c4f2fddb"", ""processor_config.json"": ""edb8dd5001f02dd3a488fd63d664fcdc5514c4a93962bf1be534a0acf6e2c714"", ""tokenizer.json"": ""ff8cce547abc110590d19c6b5b6e0c6a7b4c8d1012d78b9c42131bae7f494a02"", ""tokenizer_config.json"": ""5afec58078ec072cdc9ad190a63c8657f9c47ec71068ff9c77423f1ea0422364""}",,7f29cebb9d06eca06ad0d6c690e4d5a083b71a9c42008f88e92474e3ff0eb98a,eb4075c77285da02c52794154760fa969fb21ab3dcceb0820cb7d2ba27d27471,http://images.cocodataset.org/train2017/000000342259.jpg,http://images.cocodataset.org/train2017/000000342259.jpg,,http://images.cocodataset.org/train2017/000000342259.jpg,hflip,tier_c_v0.1,"{""algorithm"": ""PIL.Image.FLIP_LEFT_RIGHT applied AFTER uniform 392px long-side preprocessing"", ""axis"": ""visual"", ""condition"": ""hflip_flip"", ""law"": ""flip_expected"", ""relation_rule"": ""mirrored-axis left/right relations flip; vertical/depth relations invariant; no global label flip"", ""transform"": ""hflip""}",,"{""do_sample"": false, ""max_new_tokens"": 5}",tier_c_tierc_full,38ad6fbc3e13cd785730b656c19512866d0845fd,v0.1
vsr_test:0215,vsr_test:0215,test,hflip_flip,visual,The person is at the right side of the cake.,The person is at the right side of the cake.,at the right side of,horizontal,person,cake,False,True,flip_expected,False,False, False.,Qwen/Qwen2-VL-7B-Instruct,,7B_hardneg_lora,/home/ubuntu/vlm-spatial-reasoning/checkpoints/qwen2vl_7b_hardneg_lora/final,"{""README.md"": ""ad67fbd14e29a7dae114b54d70c840eab4d917c7d4bbce31d8e923429325d12b"", ""adapter_config.json"": ""9c868e731d9e1e45f0f114c79b1eeca3c96b1d0d3a8f5f93d9ff5a73d690a9df"", ""adapter_model.safetensors"": ""aaad7a39d905ddffc323d02d3beb78717388f29dc19488b91eb5218f4814b697"", ""chat_template.jinja"": ""a0bc6f6fc7a29a80017a433e8f03a1cc1236e838a944a2d034295a60c4f2fddb"", ""processor_config.json"": ""edb8dd5001f02dd3a488fd63d664fcdc5514c4a93962bf1be534a0acf6e2c714"", ""tokenizer.json"": ""ff8cce547abc110590d19c6b5b6e0c6a7b4c8d1012d78b9c42131bae7f494a02"", ""tokenizer_config.json"": ""5afec58078ec072cdc9ad190a63c8657f9c47ec71068ff9c77423f1ea0422364""}",,7f29cebb9d06eca06ad0d6c690e4d5a083b71a9c42008f88e92474e3ff0eb98a,eb4075c77285da02c52794154760fa969fb21ab3dcceb0820cb7d2ba27d27471,http://images.cocodataset.org/train2017/000000046441.jpg,http://images.cocodataset.org/train2017/000000046441.jpg,,http://images.cocodataset.org/train2017/000000046441.jpg,hflip,tier_c_v0.1,"{""algorithm"": ""PIL.Image.FLIP_LEFT_RIGHT applied AFTER uniform 392px long-side preprocessing"", ""axis"": ""visual"", ""condition"": ""hflip_flip"", ""law"": ""flip_expected"", ""relation_rule"": ""mirrored-axis left/right relations flip; vertical/depth relations invariant; no global label flip"", ""transform"": ""hflip""}",,"{""do_sample"": false, ""max_new_tokens"": 5}",tier_c_tierc_full,38ad6fbc3e13cd785730b656c19512866d0845fd,v0.1
vsr_test:0244,vsr_test:0244,test,hflip_flip,visual,The cake is at the right side of the laptop.,The cake is at the right side of the laptop.,at the right side of,horizontal,cake,laptop,True,False,flip_expected,False,True, False.,Qwen/Qwen2-VL-7B-Instruct,,7B_hardneg_lora,/home/ubuntu/vlm-spatial-reasoning/checkpoints/qwen2vl_7b_hardneg_lora/final,"{""README.md"": ""ad67fbd14e29a7dae114b54d70c840eab4d917c7d4bbce31d8e923429325d12b"", ""adapter_config.json"": ""9c868e731d9e1e45f0f114c79b1eeca3c96b1d0d3a8f5f93d9ff5a73d690a9df"", ""adapter_model.safetensors"": ""aaad7a39d905ddffc323d02d3beb78717388f29dc19488b91eb5218f4814b697"", ""chat_template.jinja"": ""a0bc6f6fc7a29a80017a433e8f03a1cc1236e838a944a2d034295a60c4f2fddb"", ""processor_config.json"": ""edb8dd5001f02dd3a488fd63d664fcdc5514c4a93962bf1be534a0acf6e2c714"", ""tokenizer.json"": ""ff8cce547abc110590d19c6b5b6e0c6a7b4c8d1012d78b9c42131bae7f494a02"", ""tokenizer_config.json"": ""5afec58078ec072cdc9ad190a63c8657f9c47ec71068ff9c77423f1ea0422364""}",,7f29cebb9d06eca06ad0d6c690e4d5a083b71a9c42008f88e92474e3ff0eb98a,eb4075c77285da02c52794154760fa969fb21ab3dcceb0820cb7d2ba27d27471,http://images.cocodataset.org/train2017/000000393375.jpg,http://images.cocodataset.org/train2017/000000393375.jpg,,http://images.cocodataset.org/train2017/000000393375.jpg,hflip,tier_c_v0.1,"{""algorithm"": ""PIL.Image.FLIP_LEFT_RIGHT applied AFTER uniform 392px long-side preprocessing"", ""axis"": ""visual"", ""condition"": ""hflip_flip"", ""law"": ""flip_expected"", ""relation_rule"": ""mirrored-axis left/right relations flip; vertical/depth relations invariant; no global label flip"", ""transform"": ""hflip""}",,"{""do_sample"": false, ""max_new_tokens"": 5}",tier_c_tierc_full,38ad6fbc3e13cd785730b656c19512866d0845fd,v0.1
vsr_test:0247,vsr_test:0247,test,hflip_flip,visual,The teddy bear is at the left side of the cat.,The teddy bear is at the left side of the cat.,at the left side of,horizontal,teddy bear,cat,True,False,flip_expected,True,False, True,Qwen/Qwen2-VL-7B-Instruct,,7B_hardneg_lora,/home/ubuntu/vlm-spatial-reasoning/checkpoints/qwen2vl_7b_hardneg_lora/final,"{""README.md"": ""ad67fbd14e29a7dae114b54d70c840eab4d917c7d4bbce31d8e923429325d12b"", ""adapter_config.json"": ""9c868e731d9e1e45f0f114c79b1eeca3c96b1d0d3a8f5f93d9ff5a73d690a9df"", ""adapter_model.safetensors"": ""aaad7a39d905ddffc323d02d3beb78717388f29dc19488b91eb5218f4814b697"", ""chat_template.jinja"": ""a0bc6f6fc7a29a80017a433e8f03a1cc1236e838a944a2d034295a60c4f2fddb"", ""processor_config.json"": ""edb8dd5001f02dd3a488fd63d664fcdc5514c4a93962bf1be534a0acf6e2c714"", ""tokenizer.json"": ""ff8cce547abc110590d19c6b5b6e0c6a7b4c8d1012d78b9c42131bae7f494a02"", ""tokenizer_config.json"": ""5afec58078ec072cdc9ad190a63c8657f9c47ec71068ff9c77423f1ea0422364""}",,7f29cebb9d06eca06ad0d6c690e4d5a083b71a9c42008f88e92474e3ff0eb98a,eb4075c77285da02c52794154760fa969fb21ab3dcceb0820cb7d2ba27d27471,http://images.cocodataset.org/train2017/000000484174.jpg,http://images.cocodataset.org/train2017/000000484174.jpg,,http://images.cocodataset.org/train2017/000000484174.jpg,hflip,tier_c_v0.1,"{""algorithm"": ""PIL.Image.FLIP_LEFT_RIGHT applied AFTER uniform 392px long-side preprocessing"", ""axis"": ""visual"", ""condition"": ""hflip_flip"", ""law"": ""flip_expected"", ""relation_rule"": ""mirrored-axis left/right relations flip; vertical/depth relations invariant; no global label flip"", ""transform"": ""hflip""}",,"{""do_sample"": false, ""max_new_tokens"": 5}",tier_c_tierc_full,38ad6fbc3e13cd785730b656c19512866d0845fd,v0.1
vsr_test:0251,vsr_test:0251,test,hflip_flip,visual,The person is right of the refrigerator.,The person is right of the refrigerator.,right of,horizontal,person,,False,True,flip_expected,False,False, False.,Qwen/Qwen2-VL-7B-Instruct,,7B_hardneg_lora,/home/ubuntu/vlm-spatial-reasoning/checkpoints/qwen2vl_7b_hardneg_lora/final,"{""README.md"": ""ad67fbd14e29a7dae114b54d70c840eab4d917c7d4bbce31d8e923429325d12b"", ""adapter_config.json"": ""9c868e731d9e1e45f0f114c79b1eeca3c96b1d0d3a8f5f93d9ff5a73d690a9df"", ""adapter_model.safetensors"": ""aaad7a39d905ddffc323d02d3beb78717388f29dc19488b91eb5218f4814b697"", ""chat_template.jinja"": ""a0bc6f6fc7a29a80017a433e8f03a1cc1236e838a944a2d034295a60c4f2fddb"", ""processor_config.json"": ""edb8dd5001f02dd3a488fd63d664fcdc5514c4a93962bf1be534a0acf6e2c714"", ""tokenizer.json"": ""ff8cce547abc110590d19c6b5b6e0c6a7b4c8d1012d78b9c42131bae7f494a02"", ""tokenizer_config.json"": ""5afec58078ec072cdc9ad190a63c8657f9c47ec71068ff9c77423f1ea0422364""}",,7f29cebb9d06eca06ad0d6c690e4d5a083b71a9c42008f88e92474e3ff0eb98a,eb4075c77285da02c52794154760fa969fb21ab3dcceb0820cb7d2ba27d27471,http://images.cocodataset.org/train2017/000000462151.jpg,http://images.cocodataset.org/train2017/000000462151.jpg,,http://images.cocodataset.org/train2017/000000462151.jpg,hflip,tier_c_v0.1,"{""algorithm"": ""PIL.Image.FLIP_LEFT_RIGHT applied AFTER uniform 392px long-side preprocessing"", ""axis"": ""visual"", ""condition"": ""hflip_flip"", ""law"": ""flip_expected"", ""relation_rule"": ""mirrored-axis left/right relations flip; vertical/depth relations invariant; no global label flip"", ""transform"": ""hflip""}",,"{""do_sample"": false, ""max_new_tokens"": 5}",tier_c_tierc_full,38ad6fbc3e13cd785730b656c19512866d0845fd,v0.1
vsr_test:0259,vsr_test:0259,test,hflip_flip,visual,The laptop is at the left side of the donut.,The laptop is at the left side of the donut.,at the left side of,horizontal,laptop,donut,False,True,flip_expected,False,False, False.,Qwen/Qwen2-VL-7B-Instruct,,7B_hardneg_lora,/home/ubuntu/vlm-spatial-reasoning/checkpoints/qwen2vl_7b_hardneg_lora/final,"{""README.md"": ""ad67fbd14e29a7dae114b54d70c840eab4d917c7d4bbce31d8e923429325d12b"", ""adapter_config.json"": ""9c868e731d9e1e45f0f114c79b1eeca3c96b1d0d3a8f5f93d9ff5a73d690a9df"", ""adapter_model.safetensors"": ""aaad7a39d905ddffc323d02d3beb78717388f29dc19488b91eb5218f4814b697"", ""chat_template.jinja"": ""a0bc6f6fc7a29a80017a433e8f03a1cc1236e838a944a2d034295a60c4f2fddb"", ""processor_config.json"": ""edb8dd5001f02dd3a488fd63d664fcdc5514c4a93962bf1be534a0acf6e2c714"", ""tokenizer.json"": ""ff8cce547abc110590d19c6b5b6e0c6a7b4c8d1012d78b9c42131bae7f494a02"", ""tokenizer_config.json"": ""5afec58078ec072cdc9ad190a63c8657f9c47ec71068ff9c77423f1ea0422364""}",,7f29cebb9d06eca06ad0d6c690e4d5a083b71a9c42008f88e92474e3ff0eb98a,eb4075c77285da02c52794154760fa969fb21ab3dcceb0820cb7d2ba27d27471,http://images.cocodataset.org/train2017/000000002570.jpg,http://images.cocodataset.org/train2017/000000002570.jpg,,http://images.cocodataset.org/train2017/000000002570.jpg,hflip,tier_c_v0.1,"{""algorithm"": ""PIL.Image.FLIP_LEFT_RIGHT applied AFTER uniform 392px long-side preprocessing"", ""axis"": ""visual"", ""condition"": ""hflip_flip"", ""law"": ""flip_expected"", ""relation_rule"": ""mirrored-axis left/right relations flip; vertical/depth relations invariant; no global label flip"", ""transform"": ""hflip""}",,"{""do_sample"": false, ""max_new_tokens"": 5}",tier_c_tierc_full,38ad6fbc3e13cd785730b656c19512866d0845fd,v0.1
vsr_test:0273,vsr_test:0273,test,hflip_flip,visual,The cake is at the right side of the apple.,The cake is at the right side of the apple.,at the right side of,horizontal,cake,apple,False,True,flip_expected,True,True, True.,Qwen/Qwen2-VL-7B-Instruct,,7B_hardneg_lora,/home/ubuntu/vlm-spatial-reasoning/checkpoints/qwen2vl_7b_hardneg_lora/final,"{""README.md"": ""ad67fbd14e29a7dae114b54d70c840eab4d917c7d4bbce31d8e923429325d12b"", ""adapter_config.json"": ""9c868e731d9e1e45f0f114c79b1eeca3c96b1d0d3a8f5f93d9ff5a73d690a9df"", ""adapter_model.safetensors"": ""aaad7a39d905ddffc323d02d3beb78717388f29dc19488b91eb5218f4814b697"", ""chat_template.jinja"": ""a0bc6f6fc7a29a80017a433e8f03a1cc1236e838a944a2d034295a60c4f2fddb"", ""processor_config.json"": ""edb8dd5001f02dd3a488fd63d664fcdc5514c4a93962bf1be534a0acf6e2c714"", ""tokenizer.json"": ""ff8cce547abc110590d19c6b5b6e0c6a7b4c8d1012d78b9c42131bae7f494a02"", ""tokenizer_config.json"": ""5afec58078ec072cdc9ad190a63c8657f9c47ec71068ff9c77423f1ea0422364""}",,7f29cebb9d06eca06ad0d6c690e4d5a083b71a9c42008f88e92474e3ff0eb98a,eb4075c77285da02c52794154760fa969fb21ab3dcceb0820cb7d2ba27d27471,http://images.cocodataset.org/train2017/000000071664.jpg,http://images.cocodataset.org/train2017/000000071664.jpg,,http://images.cocodataset.org/train2017/000000071664.jpg,hflip,tier_c_v0.1,"{""algorithm"": ""PIL.Image.FLIP_LEFT_RIGHT applied AFTER uniform 392px long-side preprocessing"", ""axis"": ""visual"", ""condition"": ""hflip_flip"", ""law"": ""flip_expected"", ""relation_rule"": ""mirrored-axis left/right relations flip; vertical/depth relations invariant; no global label flip"", ""transform"": ""hflip""}",,"{""do_sample"": false, ""max_new_tokens"": 5}",tier_c_tierc_full,38ad6fbc3e13cd785730b656c19512866d0845fd,v0.1
vsr_test:0284,vsr_test:0284,test,hflip_flip,visual,The laptop is at the right side of the apple.,The laptop is at the right side of the apple.,at the right side of,horizontal,laptop,apple,False,True,flip_expected,False,False, False.,Qwen/Qwen2-VL-7B-Instruct,,7B_hardneg_lora,/home/ubuntu/vlm-spatial-reasoning/checkpoints/qwen2vl_7b_hardneg_lora/final,"{""README.md"": ""ad67fbd14e29a7dae114b54d70c840eab4d917c7d4bbce31d8e923429325d12b"", ""adapter_config.json"": ""9c868e731d9e1e45f0f114c79b1eeca3c96b1d0d3a8f5f93d9ff5a73d690a9df"", ""adapter_model.safetensors"": ""aaad7a39d905ddffc323d02d3beb78717388f29dc19488b91eb5218f4814b697"", ""chat_template.jinja"": ""a0bc6f6fc7a29a80017a433e8f03a1cc1236e838a944a2d034295a60c4f2fddb"", ""processor_config.json"": ""edb8dd5001f02dd3a488fd63d664fcdc5514c4a93962bf1be534a0acf6e2c714"", ""tokenizer.json"": ""ff8cce547abc110590d19c6b5b6e0c6a7b4c8d1012d78b9c42131bae7f494a02"", ""tokenizer_config.json"": ""5afec58078ec072cdc9ad190a63c8657f9c47ec71068ff9c77423f1ea0422364""}",,7f29cebb9d06eca06ad0d6c690e4d5a083b71a9c42008f88e92474e3ff0eb98a,eb4075c77285da02c52794154760fa969fb21ab3dcceb0820cb7d2ba27d27471,http://images.cocodataset.org/train2017/000000579201.jpg,http://images.cocodataset.org/train2017/000000579201.jpg,,http://images.cocodataset.org/train2017/000000579201.jpg,hflip,tier_c_v0.1,"{""algorithm"": ""PIL.Image.FLIP_LEFT_RIGHT applied AFTER uniform 392px long-side preprocessing"", ""axis"": ""visual"", ""condition"": ""hflip_flip"", ""law"": ""flip_expected"", ""relation_rule"": ""mirrored-axis left/right relations flip; vertical/depth relations invariant; no global label flip"", ""transform"": ""hflip""}",,"{""do_sample"": false, ""max_new_tokens"": 5}",tier_c_tierc_full,38ad6fbc3e13cd785730b656c19512866d0845fd,v0.1
vsr_test:0288,vsr_test:0288,test,hflip_flip,visual,The bench is right of the bed.,The bench is right of the bed.,right of,horizontal,bench,,True,False,flip_expected,False,True, False.,Qwen/Qwen2-VL-7B-Instruct,,7B_hardneg_lora,/home/ubuntu/vlm-spatial-reasoning/checkpoints/qwen2vl_7b_hardneg_lora/final,"{""README.md"": ""ad67fbd14e29a7dae114b54d70c840eab4d917c7d4bbce31d8e923429325d12b"", ""adapter_config.json"": ""9c868e731d9e1e45f0f114c79b1eeca3c96b1d0d3a8f5f93d9ff5a73d690a9df"", ""adapter_model.safetensors"": ""aaad7a39d905ddffc323d02d3beb78717388f29dc19488b91eb5218f4814b697"", ""chat_template.jinja"": ""a0bc6f6fc7a29a80017a433e8f03a1cc1236e838a944a2d034295a60c4f2fddb"", ""processor_config.json"": ""edb8dd5001f02dd3a488fd63d664fcdc5514c4a93962bf1be534a0acf6e2c714"", ""tokenizer.json"": ""ff8cce547abc110590d19c6b5b6e0c6a7b4c8d1012d78b9c42131bae7f494a02"", ""tokenizer_config.json"": ""5afec58078ec072cdc9ad190a63c8657f9c47ec71068ff9c77423f1ea0422364""}",,7f29cebb9d06eca06ad0d6c690e4d5a083b71a9c42008f88e92474e3ff0eb98a,eb4075c77285da02c52794154760fa969fb21ab3dcceb0820cb7d2ba27d27471,http://images.cocodataset.org/train2017/000000262118.jpg,http://images.cocodataset.org/train2017/000000262118.jpg,,http://images.cocodataset.org/train2017/000000262118.jpg,hflip,tier_c_v0.1,"{""algorithm"": ""PIL.Image.FLIP_LEFT_RIGHT applied AFTER uniform 392px long-side preprocessing"", ""axis"": ""visual"", ""condition"": ""hflip_flip"", ""law"": ""flip_expected"", ""relation_rule"": ""mirrored-axis left/right relations flip; vertical/depth relations invariant; no global label flip"", ""transform"": ""hflip""}",,"{""do_sample"": false, ""max_new_tokens"": 5}",tier_c_tierc_full,38ad6fbc3e13cd785730b656c19512866d0845fd,v0.1
vsr_test:0302,vsr_test:0302,test,hflip_flip,visual,The broccoli is at the right side of the pizza.,The broccoli is at the right side of the pizza.,at the right side of,horizontal,broccoli,pizza,False,True,flip_expected,True,True, True.,Qwen/Qwen2-VL-7B-Instruct,,7B_hardneg_lora,/home/ubuntu/vlm-spatial-reasoning/checkpoints/qwen2vl_7b_hardneg_lora/final,"{""README.md"": ""ad67fbd14e29a7dae114b54d70c840eab4d917c7d4bbce31d8e923429325d12b"", ""adapter_config.json"": ""9c868e731d9e1e45f0f114c79b1eeca3c96b1d0d3a8f5f93d9ff5a73d690a9df"", ""adapter_model.safetensors"": ""aaad7a39d905ddffc323d02d3beb78717388f29dc19488b91eb5218f4814b697"", ""chat_template.jinja"": ""a0bc6f6fc7a29a80017a433e8f03a1cc1236e838a944a2d034295a60c4f2fddb"", ""processor_config.json"": ""edb8dd5001f02dd3a488fd63d664fcdc5514c4a93962bf1be534a0acf6e2c714"", ""tokenizer.json"": ""ff8cce547abc110590d19c6b5b6e0c6a7b4c8d1012d78b9c42131bae7f494a02"", ""tokenizer_config.json"": ""5afec58078ec072cdc9ad190a63c8657f9c47ec71068ff9c77423f1ea0422364""}",,7f29cebb9d06eca06ad0d6c690e4d5a083b71a9c42008f88e92474e3ff0eb98a,eb4075c77285da02c52794154760fa969fb21ab3dcceb0820cb7d2ba27d27471,http://images.cocodataset.org/train2017/000000055707.jpg,http://images.cocodataset.org/train2017/000000055707.jpg,,http://images.cocodataset.org/train2017/000000055707.jpg,hflip,tier_c_v0.1,"{""algorithm"": ""PIL.Image.FLIP_LEFT_RIGHT applied AFTER uniform 392px long-side preprocessing"", ""axis"": ""visual"", ""condition"": ""hflip_flip"", ""law"": ""flip_expected"", ""relation_rule"": ""mirrored-axis left/right relations flip; vertical/depth relations invariant; no global label flip"", ""transform"": ""hflip""}",,"{""do_sample"": false, ""max_new_tokens"": 5}",tier_c_tierc_full,38ad6fbc3e13cd785730b656c19512866d0845fd,v0.1
vsr_test:0342,vsr_test:0342,test,hflip_flip,visual,The umbrella is at the right side of the cat.,The umbrella is at the right side of the cat.,at the right side of,horizontal,umbrella,cat,False,True,flip_expected,False,False, False.,Qwen/Qwen2-VL-7B-Instruct,,7B_hardneg_lora,/home/ubuntu/vlm-spatial-reasoning/checkpoints/qwen2vl_7b_hardneg_lora/final,"{""README.md"": ""ad67fbd14e29a7dae114b54d70c840eab4d917c7d4bbce31d8e923429325d12b"", ""adapter_config.json"": ""9c868e731d9e1e45f0f114c79b1eeca3c96b1d0d3a8f5f93d9ff5a73d690a9df"", ""adapter_model.safetensors"": ""aaad7a39d905ddffc323d02d3beb78717388f29dc19488b91eb5218f4814b697"", ""chat_template.jinja"": ""a0bc6f6fc7a29a80017a433e8f03a1cc1236e838a944a2d034295a60c4f2fddb"", ""processor_config.json"": ""edb8dd5001f02dd3a488fd63d664fcdc5514c4a93962bf1be534a0acf6e2c714"", ""tokenizer.json"": ""ff8cce547abc110590d19c6b5b6e0c6a7b4c8d1012d78b9c42131bae7f494a02"", ""tokenizer_config.json"": ""5afec58078ec072cdc9ad190a63c8657f9c47ec71068ff9c77423f1ea0422364""}",,7f29cebb9d06eca06ad0d6c690e4d5a083b71a9c42008f88e92474e3ff0eb98a,eb4075c77285da02c52794154760fa969fb21ab3dcceb0820cb7d2ba27d27471,http://images.cocodataset.org/train2017/000000158354.jpg,http://images.cocodataset.org/train2017/000000158354.jpg,,http://images.cocodataset.org/train2017/000000158354.jpg,hflip,tier_c_v0.1,"{""algorithm"": ""PIL.Image.FLIP_LEFT_RIGHT applied AFTER uniform 392px long-side preprocessing"", ""axis"": ""visual"", ""condition"": ""hflip_flip"", ""law"": ""flip_expected"", ""relation_rule"": ""mirrored-axis left/right relations flip; vertical/depth relations invariant; no global label flip"", ""transform"": ""hflip""}",,"{""do_sample"": false, ""max_new_tokens"": 5}",tier_c_tierc_full,38ad6fbc3e13cd785730b656c19512866d0845fd,v0.1
vsr_test:0363,vsr_test:0363,test,hflip_flip,visual,The sandwich is at the right side of the bowl.,The sandwich is at the right side of the bowl.,at the right side of,horizontal,sandwich,bowl,False,True,flip_expected,False,False, False.,Qwen/Qwen2-VL-7B-Instruct,,7B_hardneg_lora,/home/ubuntu/vlm-spatial-reasoning/checkpoints/qwen2vl_7b_hardneg_lora/final,"{""README.md"": ""ad67fbd14e29a7dae114b54d70c840eab4d917c7d4bbce31d8e923429325d12b"", ""adapter_config.json"": ""9c868e731d9e1e45f0f114c79b1eeca3c96b1d0d3a8f5f93d9ff5a73d690a9df"", ""adapter_model.safetensors"": ""aaad7a39d905ddffc323d02d3beb78717388f29dc19488b91eb5218f4814b697"", ""chat_template.jinja"": ""a0bc6f6fc7a29a80017a433e8f03a1cc1236e838a944a2d034295a60c4f2fddb"", ""processor_config.json"": ""edb8dd5001f02dd3a488fd63d664fcdc5514c4a93962bf1be534a0acf6e2c714"", ""tokenizer.json"": ""ff8cce547abc110590d19c6b5b6e0c6a7b4c8d1012d78b9c42131bae7f494a02"", ""tokenizer_config.json"": ""5afec58078ec072cdc9ad190a63c8657f9c47ec71068ff9c77423f1ea0422364""}",,7f29cebb9d06eca06ad0d6c690e4d5a083b71a9c42008f88e92474e3ff0eb98a,eb4075c77285da02c52794154760fa969fb21ab3dcceb0820cb7d2ba27d27471,http://images.cocodataset.org/train2017/000000116182.jpg,http://images.cocodataset.org/train2017/000000116182.jpg,,http://images.cocodataset.org/train2017/000000116182.jpg,hflip,tier_c_v0.1,"{""algorithm"": ""PIL.Image.FLIP_LEFT_RIGHT applied AFTER uniform 392px long-side preprocessing"", ""axis"": ""visual"", ""condition"": ""hflip_flip"", ""law"": ""flip_expected"", ""relation_rule"": ""mirrored-axis left/right relations flip; vertical/depth relations invariant; no global label flip"", ""transform"": ""hflip""}",,"{""do_sample"": false, ""max_new_tokens"": 5}",tier_c_tierc_full,38ad6fbc3e13cd785730b656c19512866d0845fd,v0.1
vsr_test:0369,vsr_test:0369,test,hflip_flip,visual,The person is at the left side of the broccoli.,The person is at the left side of the broccoli.,at the left side of,horizontal,person,broccoli,False,True,flip_expected,False,False, False.,Qwen/Qwen2-VL-7B-Instruct,,7B_hardneg_lora,/home/ubuntu/vlm-spatial-reasoning/checkpoints/qwen2vl_7b_hardneg_lora/final,"{""README.md"": ""ad67fbd14e29a7dae114b54d70c840eab4d917c7d4bbce31d8e923429325d12b"", ""adapter_config.json"": ""9c868e731d9e1e45f0f114c79b1eeca3c96b1d0d3a8f5f93d9ff5a73d690a9df"", ""adapter_model.safetensors"": ""aaad7a39d905ddffc323d02d3beb78717388f29dc19488b91eb5218f4814b697"", ""chat_template.jinja"": ""a0bc6f6fc7a29a80017a433e8f03a1cc1236e838a944a2d034295a60c4f2fddb"", ""processor_config.json"": ""edb8dd5001f02dd3a488fd63d664fcdc5514c4a93962bf1be534a0acf6e2c714"", ""tokenizer.json"": ""ff8cce547abc110590d19c6b5b6e0c6a7b4c8d1012d78b9c42131bae7f494a02"", ""tokenizer_config.json"": ""5afec58078ec072cdc9ad190a63c8657f9c47ec71068ff9c77423f1ea0422364""}",,7f29cebb9d06eca06ad0d6c690e4d5a083b71a9c42008f88e92474e3ff0eb98a,eb4075c77285da02c52794154760fa969fb21ab3dcceb0820cb7d2ba27d27471,http://images.cocodataset.org/train2017/000000379552.jpg,http://images.cocodataset.org/train2017/000000379552.jpg,,http://images.cocodataset.org/train2017/000000379552.jpg,hflip,tier_c_v0.1,"{""algorithm"": ""PIL.Image.FLIP_LEFT_RIGHT applied AFTER uniform 392px long-side preprocessing"", ""axis"": ""visual"", ""condition"": ""hflip_flip"", ""law"": ""flip_expected"", ""relation_rule"": ""mirrored-axis left/right relations flip; vertical/depth relations invariant; no global label flip"", ""transform"": ""hflip""}",,"{""do_sample"": false, ""max_new_tokens"": 5}",tier_c_tierc_full,38ad6fbc3e13cd785730b656c19512866d0845fd,v0.1
vsr_test:0380,vsr_test:0380,test,hflip_flip,visual,The tv is at the left side of the cat.,The tv is at the left side of the cat.,at the left side of,horizontal,tv,cat,True,False,flip_expected,False,True, False.,Qwen/Qwen2-VL-7B-Instruct,,7B_hardneg_lora,/home/ubuntu/vlm-spatial-reasoning/checkpoints/qwen2vl_7b_hardneg_lora/final,"{""README.md"": ""ad67fbd14e29a7dae114b54d70c840eab4d917c7d4bbce31d8e923429325d12b"", ""adapter_config.json"": ""9c868e731d9e1e45f0f114c79b1eeca3c96b1d0d3a8f5f93d9ff5a73d690a9df"", ""adapter_model.safetensors"": ""aaad7a39d905ddffc323d02d3beb78717388f29dc19488b91eb5218f4814b697"", ""chat_template.jinja"": ""a0bc6f6fc7a29a80017a433e8f03a1cc1236e838a944a2d034295a60c4f2fddb"", ""processor_config.json"": ""edb8dd5001f02dd3a488fd63d664fcdc5514c4a93962bf1be534a0acf6e2c714"", ""tokenizer.json"": ""ff8cce547abc110590d19c6b5b6e0c6a7b4c8d1012d78b9c42131bae7f494a02"", ""tokenizer_config.json"": ""5afec58078ec072cdc9ad190a63c8657f9c47ec71068ff9c77423f1ea0422364""}",,7f29cebb9d06eca06ad0d6c690e4d5a083b71a9c42008f88e92474e3ff0eb98a,eb4075c77285da02c52794154760fa969fb21ab3dcceb0820cb7d2ba27d27471,http://images.cocodataset.org/train2017/000000037907.jpg,http://images.cocodataset.org/train2017/000000037907.jpg,,http://images.cocodataset.org/train2017/000000037907.jpg,hflip,tier_c_v0.1,"{""algorithm"": ""PIL.Image.FLIP_LEFT_RIGHT applied AFTER uniform 392px long-side preprocessing"", ""axis"": ""visual"", ""condition"": ""hflip_flip"", ""law"": ""flip_expected"", ""relation_rule"": ""mirrored-axis left/right relations flip; vertical/depth relations invariant; no global label flip"", ""transform"": ""hflip""}",,"{""do_sample"": false, ""max_new_tokens"": 5}",tier_c_tierc_full,38ad6fbc3e13cd785730b656c19512866d0845fd,v0.1
vsr_test:0389,vsr_test:0389,test,hflip_flip,visual,The cat is left of the potted plant.,The cat is left of the potted plant.,left of,horizontal,cat,,True,False,flip_expected,False,True, False.,Qwen/Qwen2-VL-7B-Instruct,,7B_hardneg_lora,/home/ubuntu/vlm-spatial-reasoning/checkpoints/qwen2vl_7b_hardneg_lora/final,"{""README.md"": ""ad67fbd14e29a7dae114b54d70c840eab4d917c7d4bbce31d8e923429325d12b"", ""adapter_config.json"": ""9c868e731d9e1e45f0f114c79b1eeca3c96b1d0d3a8f5f93d9ff5a73d690a9df"", ""adapter_model.safetensors"": ""aaad7a39d905ddffc323d02d3beb78717388f29dc19488b91eb5218f4814b697"", ""chat_template.jinja"": ""a0bc6f6fc7a29a80017a433e8f03a1cc1236e838a944a2d034295a60c4f2fddb"", ""processor_config.json"": ""edb8dd5001f02dd3a488fd63d664fcdc5514c4a93962bf1be534a0acf6e2c714"", ""tokenizer.json"": ""ff8cce547abc110590d19c6b5b6e0c6a7b4c8d1012d78b9c42131bae7f494a02"", ""tokenizer_config.json"": ""5afec58078ec072cdc9ad190a63c8657f9c47ec71068ff9c77423f1ea0422364""}",,7f29cebb9d06eca06ad0d6c690e4d5a083b71a9c42008f88e92474e3ff0eb98a,eb4075c77285da02c52794154760fa969fb21ab3dcceb0820cb7d2ba27d27471,http://images.cocodataset.org/train2017/000000372870.jpg,http://images.cocodataset.org/train2017/000000372870.jpg,,http://images.cocodataset.org/train2017/000000372870.jpg,hflip,tier_c_v0.1,"{""algorithm"": ""PIL.Image.FLIP_LEFT_RIGHT applied AFTER uniform 392px long-side preprocessing"", ""axis"": ""visual"", ""condition"": ""hflip_flip"", ""law"": ""flip_expected"", ""relation_rule"": ""mirrored-axis left/right relations flip; vertical/depth relations invariant; no global label flip"", ""transform"": ""hflip""}",,"{""do_sample"": false, ""max_new_tokens"": 5}",tier_c_tierc_full,38ad6fbc3e13cd785730b656c19512866d0845fd,v0.1
vsr_test:0390,vsr_test:0390,test,hflip_flip,visual,The dog is at the right side of the horse.,The dog is at the right side of the horse.,at the right side of,horizontal,dog,horse,False,True,flip_expected,True,True, True.,Qwen/Qwen2-VL-7B-Instruct,,7B_hardneg_lora,/home/ubuntu/vlm-spatial-reasoning/checkpoints/qwen2vl_7b_hardneg_lora/final,"{""README.md"": ""ad67fbd14e29a7dae114b54d70c840eab4d917c7d4bbce31d8e923429325d12b"", ""adapter_config.json"": ""9c868e731d9e1e45f0f114c79b1eeca3c96b1d0d3a8f5f93d9ff5a73d690a9df"", ""adapter_model.safetensors"": ""aaad7a39d905ddffc323d02d3beb78717388f29dc19488b91eb5218f4814b697"", ""chat_template.jinja"": ""a0bc6f6fc7a29a80017a433e8f03a1cc1236e838a944a2d034295a60c4f2fddb"", ""processor_config.json"": ""edb8dd5001f02dd3a488fd63d664fcdc5514c4a93962bf1be534a0acf6e2c714"", ""tokenizer.json"": ""ff8cce547abc110590d19c6b5b6e0c6a7b4c8d1012d78b9c42131bae7f494a02"", ""tokenizer_config.json"": ""5afec58078ec072cdc9ad190a63c8657f9c47ec71068ff9c77423f1ea0422364""}",,7f29cebb9d06eca06ad0d6c690e4d5a083b71a9c42008f88e92474e3ff0eb98a,eb4075c77285da02c52794154760fa969fb21ab3dcceb0820cb7d2ba27d27471,http://images.cocodataset.org/train2017/000000471929.jpg,http://images.cocodataset.org/train2017/000000471929.jpg,,http://images.cocodataset.org/train2017/000000471929.jpg,hflip,tier_c_v0.1,"{""algorithm"": ""PIL.Image.FLIP_LEFT_RIGHT applied AFTER uniform 392px long-side preprocessing"", ""axis"": ""visual"", ""condition"": ""hflip_flip"", ""law"": ""flip_expected"", ""relation_rule"": ""mirrored-axis left/right relations flip; vertical/depth relations invariant; no global label flip"", ""transform"": ""hflip""}",,"{""do_sample"": false, ""max_new_tokens"": 5}",tier_c_tierc_full,38ad6fbc3e13cd785730b656c19512866d0845fd,v0.1
vsr_test:0404,vsr_test:0404,test,hflip_flip,visual,The umbrella is at the right side of the cat.,The umbrella is at the right side of the cat.,at the right side of,horizontal,umbrella,cat,False,True,flip_expected,True,True, True,Qwen/Qwen2-VL-7B-Instruct,,7B_hardneg_lora,/home/ubuntu/vlm-spatial-reasoning/checkpoints/qwen2vl_7b_hardneg_lora/final,"{""README.md"": ""ad67fbd14e29a7dae114b54d70c840eab4d917c7d4bbce31d8e923429325d12b"", ""adapter_config.json"": ""9c868e731d9e1e45f0f114c79b1eeca3c96b1d0d3a8f5f93d9ff5a73d690a9df"", ""adapter_model.safetensors"": ""aaad7a39d905ddffc323d02d3beb78717388f29dc19488b91eb5218f4814b697"", ""chat_template.jinja"": ""a0bc6f6fc7a29a80017a433e8f03a1cc1236e838a944a2d034295a60c4f2fddb"", ""processor_config.json"": ""edb8dd5001f02dd3a488fd63d664fcdc5514c4a93962bf1be534a0acf6e2c714"", ""tokenizer.json"": ""ff8cce547abc110590d19c6b5b6e0c6a7b4c8d1012d78b9c42131bae7f494a02"", ""tokenizer_config.json"": ""5afec58078ec072cdc9ad190a63c8657f9c47ec71068ff9c77423f1ea0422364""}",,7f29cebb9d06eca06ad0d6c690e4d5a083b71a9c42008f88e92474e3ff0eb98a,eb4075c77285da02c52794154760fa969fb21ab3dcceb0820cb7d2ba27d27471,http://images.cocodataset.org/train2017/000000466789.jpg,http://images.cocodataset.org/train2017/000000466789.jpg,,http://images.cocodataset.org/train2017/000000466789.jpg,hflip,tier_c_v0.1,"{""algorithm"": ""PIL.Image.FLIP_LEFT_RIGHT applied AFTER uniform 392px long-side preprocessing"", ""axis"": ""visual"", ""condition"": ""hflip_flip"", ""law"": ""flip_expected"", ""relation_rule"": ""mirrored-axis left/right relations flip; vertical/depth relations invariant; no global label flip"", ""transform"": ""hflip""}",,"{""do_sample"": false, ""max_new_tokens"": 5}",tier_c_tierc_full,38ad6fbc3e13cd785730b656c19512866d0845fd,v0.1
vsr_test:0470,vsr_test:0470,test,hflip_flip,visual,The person is at the right side of the chair.,The person is at the right side of the chair.,at the right side of,horizontal,person,chair,False,True,flip_expected,False,False, False.,Qwen/Qwen2-VL-7B-Instruct,,7B_hardneg_lora,/home/ubuntu/vlm-spatial-reasoning/checkpoints/qwen2vl_7b_hardneg_lora/final,"{""README.md"": ""ad67fbd14e29a7dae114b54d70c840eab4d917c7d4bbce31d8e923429325d12b"", ""adapter_config.json"": ""9c868e731d9e1e45f0f114c79b1eeca3c96b1d0d3a8f5f93d9ff5a73d690a9df"", ""adapter_model.safetensors"": ""aaad7a39d905ddffc323d02d3beb78717388f29dc19488b91eb5218f4814b697"", ""chat_template.jinja"": ""a0bc6f6fc7a29a80017a433e8f03a1cc1236e838a944a2d034295a60c4f2fddb"", ""processor_config.json"": ""edb8dd5001f02dd3a488fd63d664fcdc5514c4a93962bf1be534a0acf6e2c714"", ""tokenizer.json"": ""ff8cce547abc110590d19c6b5b6e0c6a7b4c8d1012d78b9c42131bae7f494a02"", ""tokenizer_config.json"": ""5afec58078ec072cdc9ad190a63c8657f9c47ec71068ff9c77423f1ea0422364""}",,7f29cebb9d06eca06ad0d6c690e4d5a083b71a9c42008f88e92474e3ff0eb98a,eb4075c77285da02c52794154760fa969fb21ab3dcceb0820cb7d2ba27d27471,http://images.cocodataset.org/train2017/000000356764.jpg,http://images.cocodataset.org/train2017/000000356764.jpg,,http://images.cocodataset.org/train2017/000000356764.jpg,hflip,tier_c_v0.1,"{""algorithm"": ""PIL.Image.FLIP_LEFT_RIGHT applied AFTER uniform 392px long-side preprocessing"", ""axis"": ""visual"", ""condition"": ""hflip_flip"", ""law"": ""flip_expected"", ""relation_rule"": ""mirrored-axis left/right relations flip; vertical/depth relations invariant; no global label flip"", ""transform"": ""hflip""}",,"{""do_sample"": false, ""max_new_tokens"": 5}",tier_c_tierc_full,38ad6fbc3e13cd785730b656c19512866d0845fd,v0.1
vsr_test:0474,vsr_test:0474,test,hflip_flip,visual,The orange is at the left side of the bowl.,The orange is at the left side of the bowl.,at the left side of,horizontal,orange,bowl,True,False,flip_expected,False,True, False.,Qwen/Qwen2-VL-7B-Instruct,,7B_hardneg_lora,/home/ubuntu/vlm-spatial-reasoning/checkpoints/qwen2vl_7b_hardneg_lora/final,"{""README.md"": ""ad67fbd14e29a7dae114b54d70c840eab4d917c7d4bbce31d8e923429325d12b"", ""adapter_config.json"": ""9c868e731d9e1e45f0f114c79b1eeca3c96b1d0d3a8f5f93d9ff5a73d690a9df"", ""adapter_model.safetensors"": ""aaad7a39d905ddffc323d02d3beb78717388f29dc19488b91eb5218f4814b697"", ""chat_template.jinja"": ""a0bc6f6fc7a29a80017a433e8f03a1cc1236e838a944a2d034295a60c4f2fddb"", ""processor_config.json"": ""edb8dd5001f02dd3a488fd63d664fcdc5514c4a93962bf1be534a0acf6e2c714"", ""tokenizer.json"": ""ff8cce547abc110590d19c6b5b6e0c6a7b4c8d1012d78b9c42131bae7f494a02"", ""tokenizer_config.json"": ""5afec58078ec072cdc9ad190a63c8657f9c47ec71068ff9c77423f1ea0422364""}",,7f29cebb9d06eca06ad0d6c690e4d5a083b71a9c42008f88e92474e3ff0eb98a,eb4075c77285da02c52794154760fa969fb21ab3dcceb0820cb7d2ba27d27471,http://images.cocodataset.org/train2017/000000553586.jpg,http://images.cocodataset.org/train2017/000000553586.jpg,,http://images.cocodataset.org/train2017/000000553586.jpg,hflip,tier_c_v0.1,"{""algorithm"": ""PIL.Image.FLIP_LEFT_RIGHT applied AFTER uniform 392px long-side preprocessing"", ""axis"": ""visual"", ""condition"": ""hflip_flip"", ""law"": ""flip_expected"", ""relation_rule"": ""mirrored-axis left/right relations flip; vertical/depth relations invariant; no global label flip"", ""transform"": ""hflip""}",,"{""do_sample"": false, ""max_new_tokens"": 5}",tier_c_tierc_full,38ad6fbc3e13cd785730b656c19512866d0845fd,v0.1
vsr_test:0483,vsr_test:0483,test,hflip_flip,visual,The handbag is right of the bed.,The handbag is right of the bed.,right of,horizontal,handbag,,True,False,flip_expected,False,True, False.,Qwen/Qwen2-VL-7B-Instruct,,7B_hardneg_lora,/home/ubuntu/vlm-spatial-reasoning/checkpoints/qwen2vl_7b_hardneg_lora/final,"{""README.md"": ""ad67fbd14e29a7dae114b54d70c840eab4d917c7d4bbce31d8e923429325d12b"", ""adapter_config.json"": ""9c868e731d9e1e45f0f114c79b1eeca3c96b1d0d3a8f5f93d9ff5a73d690a9df"", ""adapter_model.safetensors"": ""aaad7a39d905ddffc323d02d3beb78717388f29dc19488b91eb5218f4814b697"", ""chat_template.jinja"": ""a0bc6f6fc7a29a80017a433e8f03a1cc1236e838a944a2d034295a60c4f2fddb"", ""processor_config.json"": ""edb8dd5001f02dd3a488fd63d664fcdc5514c4a93962bf1be534a0acf6e2c714"", ""tokenizer.json"": ""ff8cce547abc110590d19c6b5b6e0c6a7b4c8d1012d78b9c42131bae7f494a02"", ""tokenizer_config.json"": ""5afec58078ec072cdc9ad190a63c8657f9c47ec71068ff9c77423f1ea0422364""}",,7f29cebb9d06eca06ad0d6c690e4d5a083b71a9c42008f88e92474e3ff0eb98a,eb4075c77285da02c52794154760fa969fb21ab3dcceb0820cb7d2ba27d27471,http://images.cocodataset.org/train2017/000000069214.jpg,http://images.cocodataset.org/train2017/000000069214.jpg,,http://images.cocodataset.org/train2017/000000069214.jpg,hflip,tier_c_v0.1,"{""algorithm"": ""PIL.Image.FLIP_LEFT_RIGHT applied AFTER uniform 392px long-side preprocessing"", ""axis"": ""visual"", ""condition"": ""hflip_flip"", ""law"": ""flip_expected"", ""relation_rule"": ""mirrored-axis left/right relations flip; vertical/depth relations invariant; no global label flip"", ""transform"": ""hflip""}",,"{""do_sample"": false, ""max_new_tokens"": 5}",tier_c_tierc_full,38ad6fbc3e13cd785730b656c19512866d0845fd,v0.1
vsr_test:0485,vsr_test:0485,test,hflip_flip,visual,The book is at the right side of the teddy bear.,The book is at the right side of the teddy bear.,at the right side of,horizontal,book,teddy bear,True,False,flip_expected,False,True, False.,Qwen/Qwen2-VL-7B-Instruct,,7B_hardneg_lora,/home/ubuntu/vlm-spatial-reasoning/checkpoints/qwen2vl_7b_hardneg_lora/final,"{""README.md"": ""ad67fbd14e29a7dae114b54d70c840eab4d917c7d4bbce31d8e923429325d12b"", ""adapter_config.json"": ""9c868e731d9e1e45f0f114c79b1eeca3c96b1d0d3a8f5f93d9ff5a73d690a9df"", ""adapter_model.safetensors"": ""aaad7a39d905ddffc323d02d3beb78717388f29dc19488b91eb5218f4814b697"", ""chat_template.jinja"": ""a0bc6f6fc7a29a80017a433e8f03a1cc1236e838a944a2d034295a60c4f2fddb"", ""processor_config.json"": ""edb8dd5001f02dd3a488fd63d664fcdc5514c4a93962bf1be534a0acf6e2c714"", ""tokenizer.json"": ""ff8cce547abc110590d19c6b5b6e0c6a7b4c8d1012d78b9c42131bae7f494a02"", ""tokenizer_config.json"": ""5afec58078ec072cdc9ad190a63c8657f9c47ec71068ff9c77423f1ea0422364""}",,7f29cebb9d06eca06ad0d6c690e4d5a083b71a9c42008f88e92474e3ff0eb98a,eb4075c77285da02c52794154760fa969fb21ab3dcceb0820cb7d2ba27d27471,http://images.cocodataset.org/train2017/000000503996.jpg,http://images.cocodataset.org/train2017/000000503996.jpg,,http://images.cocodataset.org/train2017/000000503996.jpg,hflip,tier_c_v0.1,"{""algorithm"": ""PIL.Image.FLIP_LEFT_RIGHT applied AFTER uniform 392px long-side preprocessing"", ""axis"": ""visual"", ""condition"": ""hflip_flip"", ""law"": ""flip_expected"", ""relation_rule"": ""mirrored-axis left/right relations flip; vertical/depth relations invariant; no global label flip"", ""transform"": ""hflip""}",,"{""do_sample"": false, ""max_new_tokens"": 5}",tier_c_tierc_full,38ad6fbc3e13cd785730b656c19512866d0845fd,v0.1
vsr_test:0491,vsr_test:0491,test,hflip_flip,visual,The laptop is at the left side of the teddy bear.,The laptop is at the left side of the teddy bear.,at the left side of,horizontal,laptop,teddy bear,True,False,flip_expected,False,True, False.,Qwen/Qwen2-VL-7B-Instruct,,7B_hardneg_lora,/home/ubuntu/vlm-spatial-reasoning/checkpoints/qwen2vl_7b_hardneg_lora/final,"{""README.md"": ""ad67fbd14e29a7dae114b54d70c840eab4d917c7d4bbce31d8e923429325d12b"", ""adapter_config.json"": ""9c868e731d9e1e45f0f114c79b1eeca3c96b1d0d3a8f5f93d9ff5a73d690a9df"", ""adapter_model.safetensors"": ""aaad7a39d905ddffc323d02d3beb78717388f29dc19488b91eb5218f4814b697"", ""chat_template.jinja"": ""a0bc6f6fc7a29a80017a433e8f03a1cc1236e838a944a2d034295a60c4f2fddb"", ""processor_config.json"": ""edb8dd5001f02dd3a488fd63d664fcdc5514c4a93962bf1be534a0acf6e2c714"", ""tokenizer.json"": ""ff8cce547abc110590d19c6b5b6e0c6a7b4c8d1012d78b9c42131bae7f494a02"", ""tokenizer_config.json"": ""5afec58078ec072cdc9ad190a63c8657f9c47ec71068ff9c77423f1ea0422364""}",,7f29cebb9d06eca06ad0d6c690e4d5a083b71a9c42008f88e92474e3ff0eb98a,eb4075c77285da02c52794154760fa969fb21ab3dcceb0820cb7d2ba27d27471,http://images.cocodataset.org/train2017/000000488977.jpg,http://images.cocodataset.org/train2017/000000488977.jpg,,http://images.cocodataset.org/train2017/000000488977.jpg,hflip,tier_c_v0.1,"{""algorithm"": ""PIL.Image.FLIP_LEFT_RIGHT applied AFTER uniform 392px long-side preprocessing"", ""axis"": ""visual"", ""condition"": ""hflip_flip"", ""law"": ""flip_expected"", ""relation_rule"": ""mirrored-axis left/right relations flip; vertical/depth relations invariant; no global label flip"", ""transform"": ""hflip""}",,"{""do_sample"": false, ""max_new_tokens"": 5}",tier_c_tierc_full,38ad6fbc3e13cd785730b656c19512866d0845fd,v0.1
vsr_test:0494,vsr_test:0494,test,hflip_flip,visual,The truck is at the left side of the bed.,The truck is at the left side of the bed.,at the left side of,horizontal,truck,bed,True,False,flip_expected,False,True, False.,Qwen/Qwen2-VL-7B-Instruct,,7B_hardneg_lora,/home/ubuntu/vlm-spatial-reasoning/checkpoints/qwen2vl_7b_hardneg_lora/final,"{""README.md"": ""ad67fbd14e29a7dae114b54d70c840eab4d917c7d4bbce31d8e923429325d12b"", ""adapter_config.json"": ""9c868e731d9e1e45f0f114c79b1eeca3c96b1d0d3a8f5f93d9ff5a73d690a9df"", ""adapter_model.safetensors"": ""aaad7a39d905ddffc323d02d3beb78717388f29dc19488b91eb5218f4814b697"", ""chat_template.jinja"": ""a0bc6f6fc7a29a80017a433e8f03a1cc1236e838a944a2d034295a60c4f2fddb"", ""processor_config.json"": ""edb8dd5001f02dd3a488fd63d664fcdc5514c4a93962bf1be534a0acf6e2c714"", ""tokenizer.json"": ""ff8cce547abc110590d19c6b5b6e0c6a7b4c8d1012d78b9c42131bae7f494a02"", ""tokenizer_config.json"": ""5afec58078ec072cdc9ad190a63c8657f9c47ec71068ff9c77423f1ea0422364""}",,7f29cebb9d06eca06ad0d6c690e4d5a083b71a9c42008f88e92474e3ff0eb98a,eb4075c77285da02c52794154760fa969fb21ab3dcceb0820cb7d2ba27d27471,http://images.cocodataset.org/train2017/000000172006.jpg,http://images.cocodataset.org/train2017/000000172006.jpg,,http://images.cocodataset.org/train2017/000000172006.jpg,hflip,tier_c_v0.1,"{""algorithm"": ""PIL.Image.FLIP_LEFT_RIGHT applied AFTER uniform 392px long-side preprocessing"", ""axis"": ""visual"", ""condition"": ""hflip_flip"", ""law"": ""flip_expected"", ""relation_rule"": ""mirrored-axis left/right relations flip; vertical/depth relations invariant; no global label flip"", ""transform"": ""hflip""}",,"{""do_sample"": false, ""max_new_tokens"": 5}",tier_c_tierc_full,38ad6fbc3e13cd785730b656c19512866d0845fd,v0.1
vsr_test:0520,vsr_test:0520,test,hflip_flip,visual,The orange is at the right side of the bird.,The orange is at the right side of the bird.,at the right side of,horizontal,orange,bird,False,True,flip_expected,False,False, False.,Qwen/Qwen2-VL-7B-Instruct,,7B_hardneg_lora,/home/ubuntu/vlm-spatial-reasoning/checkpoints/qwen2vl_7b_hardneg_lora/final,"{""README.md"": ""ad67fbd14e29a7dae114b54d70c840eab4d917c7d4bbce31d8e923429325d12b"", ""adapter_config.json"": ""9c868e731d9e1e45f0f114c79b1eeca3c96b1d0d3a8f5f93d9ff5a73d690a9df"", ""adapter_model.safetensors"": ""aaad7a39d905ddffc323d02d3beb78717388f29dc19488b91eb5218f4814b697"", ""chat_template.jinja"": ""a0bc6f6fc7a29a80017a433e8f03a1cc1236e838a944a2d034295a60c4f2fddb"", ""processor_config.json"": ""edb8dd5001f02dd3a488fd63d664fcdc5514c4a93962bf1be534a0acf6e2c714"", ""tokenizer.json"": ""ff8cce547abc110590d19c6b5b6e0c6a7b4c8d1012d78b9c42131bae7f494a02"", ""tokenizer_config.json"": ""5afec58078ec072cdc9ad190a63c8657f9c47ec71068ff9c77423f1ea0422364""}",,7f29cebb9d06eca06ad0d6c690e4d5a083b71a9c42008f88e92474e3ff0eb98a,eb4075c77285da02c52794154760fa969fb21ab3dcceb0820cb7d2ba27d27471,http://images.cocodataset.org/train2017/000000514600.jpg,http://images.cocodataset.org/train2017/000000514600.jpg,,http://images.cocodataset.org/train2017/000000514600.jpg,hflip,tier_c_v0.1,"{""algorithm"": ""PIL.Image.FLIP_LEFT_RIGHT applied AFTER uniform 392px long-side preprocessing"", ""axis"": ""visual"", ""condition"": ""hflip_flip"", ""law"": ""flip_expected"", ""relation_rule"": ""mirrored-axis left/right relations flip; vertical/depth relations invariant; no global label flip"", ""transform"": ""hflip""}",,"{""do_sample"": false, ""max_new_tokens"": 5}",tier_c_tierc_full,38ad6fbc3e13cd785730b656c19512866d0845fd,v0.1
vsr_test:0538,vsr_test:0538,test,hflip_flip,visual,The laptop is left of the tv.,The laptop is left of the tv.,left of,horizontal,laptop,,True,False,flip_expected,False,True, False.,Qwen/Qwen2-VL-7B-Instruct,,7B_hardneg_lora,/home/ubuntu/vlm-spatial-reasoning/checkpoints/qwen2vl_7b_hardneg_lora/final,"{""README.md"": ""ad67fbd14e29a7dae114b54d70c840eab4d917c7d4bbce31d8e923429325d12b"", ""adapter_config.json"": ""9c868e731d9e1e45f0f114c79b1eeca3c96b1d0d3a8f5f93d9ff5a73d690a9df"", ""adapter_model.safetensors"": ""aaad7a39d905ddffc323d02d3beb78717388f29dc19488b91eb5218f4814b697"", ""chat_template.jinja"": ""a0bc6f6fc7a29a80017a433e8f03a1cc1236e838a944a2d034295a60c4f2fddb"", ""processor_config.json"": ""edb8dd5001f02dd3a488fd63d664fcdc5514c4a93962bf1be534a0acf6e2c714"", ""tokenizer.json"": ""ff8cce547abc110590d19c6b5b6e0c6a7b4c8d1012d78b9c42131bae7f494a02"", ""tokenizer_config.json"": ""5afec58078ec072cdc9ad190a63c8657f9c47ec71068ff9c77423f1ea0422364""}",,7f29cebb9d06eca06ad0d6c690e4d5a083b71a9c42008f88e92474e3ff0eb98a,eb4075c77285da02c52794154760fa969fb21ab3dcceb0820cb7d2ba27d27471,http://images.cocodataset.org/train2017/000000407386.jpg,http://images.cocodataset.org/train2017/000000407386.jpg,,http://images.cocodataset.org/train2017/000000407386.jpg,hflip,tier_c_v0.1,"{""algorithm"": ""PIL.Image.FLIP_LEFT_RIGHT applied AFTER uniform 392px long-side preprocessing"", ""axis"": ""visual"", ""condition"": ""hflip_flip"", ""law"": ""flip_expected"", ""relation_rule"": ""mirrored-axis left/right relations flip; vertical/depth relations invariant; no global label flip"", ""transform"": ""hflip""}",,"{""do_sample"": false, ""max_new_tokens"": 5}",tier_c_tierc_full,38ad6fbc3e13cd785730b656c19512866d0845fd,v0.1
vsr_test:0545,vsr_test:0545,test,hflip_flip,visual,The potted plant is right of the bench.,The potted plant is right of the bench.,right of,horizontal,potted plant,,True,False,flip_expected,False,True, False.,Qwen/Qwen2-VL-7B-Instruct,,7B_hardneg_lora,/home/ubuntu/vlm-spatial-reasoning/checkpoints/qwen2vl_7b_hardneg_lora/final,"{""README.md"": ""ad67fbd14e29a7dae114b54d70c840eab4d917c7d4bbce31d8e923429325d12b"", ""adapter_config.json"": ""9c868e731d9e1e45f0f114c79b1eeca3c96b1d0d3a8f5f93d9ff5a73d690a9df"", ""adapter_model.safetensors"": ""aaad7a39d905ddffc323d02d3beb78717388f29dc19488b91eb5218f4814b697"", ""chat_template.jinja"": ""a0bc6f6fc7a29a80017a433e8f03a1cc1236e838a944a2d034295a60c4f2fddb"", ""processor_config.json"": ""edb8dd5001f02dd3a488fd63d664fcdc5514c4a93962bf1be534a0acf6e2c714"", ""tokenizer.json"": ""ff8cce547abc110590d19c6b5b6e0c6a7b4c8d1012d78b9c42131bae7f494a02"", ""tokenizer_config.json"": ""5afec58078ec072cdc9ad190a63c8657f9c47ec71068ff9c77423f1ea0422364""}",,7f29cebb9d06eca06ad0d6c690e4d5a083b71a9c42008f88e92474e3ff0eb98a,eb4075c77285da02c52794154760fa969fb21ab3dcceb0820cb7d2ba27d27471,http://images.cocodataset.org/val2017/000000437514.jpg,http://images.cocodataset.org/val2017/000000437514.jpg,,http://images.cocodataset.org/val2017/000000437514.jpg,hflip,tier_c_v0.1,"{""algorithm"": ""PIL.Image.FLIP_LEFT_RIGHT applied AFTER uniform 392px long-side preprocessing"", ""axis"": ""visual"", ""condition"": ""hflip_flip"", ""law"": ""flip_expected"", ""relation_rule"": ""mirrored-axis left/right relations flip; vertical/depth relations invariant; no global label flip"", ""transform"": ""hflip""}",,"{""do_sample"": false, ""max_new_tokens"": 5}",tier_c_tierc_full,38ad6fbc3e13cd785730b656c19512866d0845fd,v0.1
vsr_test:0548,vsr_test:0548,test,hflip_flip,visual,The laptop is left of the sandwich.,The laptop is left of the sandwich.,left of,horizontal,laptop,,True,False,flip_expected,False,True, False.,Qwen/Qwen2-VL-7B-Instruct,,7B_hardneg_lora,/home/ubuntu/vlm-spatial-reasoning/checkpoints/qwen2vl_7b_hardneg_lora/final,"{""README.md"": ""ad67fbd14e29a7dae114b54d70c840eab4d917c7d4bbce31d8e923429325d12b"", ""adapter_config.json"": ""9c868e731d9e1e45f0f114c79b1eeca3c96b1d0d3a8f5f93d9ff5a73d690a9df"", ""adapter_model.safetensors"": ""aaad7a39d905ddffc323d02d3beb78717388f29dc19488b91eb5218f4814b697"", ""chat_template.jinja"": ""a0bc6f6fc7a29a80017a433e8f03a1cc1236e838a944a2d034295a60c4f2fddb"", ""processor_config.json"": ""edb8dd5001f02dd3a488fd63d664fcdc5514c4a93962bf1be534a0acf6e2c714"", ""tokenizer.json"": ""ff8cce547abc110590d19c6b5b6e0c6a7b4c8d1012d78b9c42131bae7f494a02"", ""tokenizer_config.json"": ""5afec58078ec072cdc9ad190a63c8657f9c47ec71068ff9c77423f1ea0422364""}",,7f29cebb9d06eca06ad0d6c690e4d5a083b71a9c42008f88e92474e3ff0eb98a,eb4075c77285da02c52794154760fa969fb21ab3dcceb0820cb7d2ba27d27471,http://images.cocodataset.org/train2017/000000349230.jpg,http://images.cocodataset.org/train2017/000000349230.jpg,,http://images.cocodataset.org/train2017/000000349230.jpg,hflip,tier_c_v0.1,"{""algorithm"": ""PIL.Image.FLIP_LEFT_RIGHT applied AFTER uniform 392px long-side preprocessing"", ""axis"": ""visual"", ""condition"": ""hflip_flip"", ""law"": ""flip_expected"", ""relation_rule"": ""mirrored-axis left/right relations flip; vertical/depth relations invariant; no global label flip"", ""transform"": ""hflip""}",,"{""do_sample"": false, ""max_new_tokens"": 5}",tier_c_tierc_full,38ad6fbc3e13cd785730b656c19512866d0845fd,v0.1
vsr_test:0553,vsr_test:0553,test,hflip_flip,visual,The potted plant is right of the train.,The potted plant is right of the train.,right of,horizontal,potted plant,,True,False,flip_expected,False,True, False,Qwen/Qwen2-VL-7B-Instruct,,7B_hardneg_lora,/home/ubuntu/vlm-spatial-reasoning/checkpoints/qwen2vl_7b_hardneg_lora/final,"{""README.md"": ""ad67fbd14e29a7dae114b54d70c840eab4d917c7d4bbce31d8e923429325d12b"", ""adapter_config.json"": ""9c868e731d9e1e45f0f114c79b1eeca3c96b1d0d3a8f5f93d9ff5a73d690a9df"", ""adapter_model.safetensors"": ""aaad7a39d905ddffc323d02d3beb78717388f29dc19488b91eb5218f4814b697"", ""chat_template.jinja"": ""a0bc6f6fc7a29a80017a433e8f03a1cc1236e838a944a2d034295a60c4f2fddb"", ""processor_config.json"": ""edb8dd5001f02dd3a488fd63d664fcdc5514c4a93962bf1be534a0acf6e2c714"", ""tokenizer.json"": ""ff8cce547abc110590d19c6b5b6e0c6a7b4c8d1012d78b9c42131bae7f494a02"", ""tokenizer_config.json"": ""5afec58078ec072cdc9ad190a63c8657f9c47ec71068ff9c77423f1ea0422364""}",,7f29cebb9d06eca06ad0d6c690e4d5a083b71a9c42008f88e92474e3ff0eb98a,eb4075c77285da02c52794154760fa969fb21ab3dcceb0820cb7d2ba27d27471,http://images.cocodataset.org/train2017/000000518546.jpg,http://images.cocodataset.org/train2017/000000518546.jpg,,http://images.cocodataset.org/train2017/000000518546.jpg,hflip,tier_c_v0.1,"{""algorithm"": ""PIL.Image.FLIP_LEFT_RIGHT applied AFTER uniform 392px long-side preprocessing"", ""axis"": ""visual"", ""condition"": ""hflip_flip"", ""law"": ""flip_expected"", ""relation_rule"": ""mirrored-axis left/right relations flip; vertical/depth relations invariant; no global label flip"", ""transform"": ""hflip""}",,"{""do_sample"": false, ""max_new_tokens"": 5}",tier_c_tierc_full,38ad6fbc3e13cd785730b656c19512866d0845fd,v0.1
vsr_test:0570,vsr_test:0570,test,hflip_flip,visual,The donut is at the right side of the bowl.,The donut is at the right side of the bowl.,at the right side of,horizontal,donut,bowl,False,True,flip_expected,False,False, False.,Qwen/Qwen2-VL-7B-Instruct,,7B_hardneg_lora,/home/ubuntu/vlm-spatial-reasoning/checkpoints/qwen2vl_7b_hardneg_lora/final,"{""README.md"": ""ad67fbd14e29a7dae114b54d70c840eab4d917c7d4bbce31d8e923429325d12b"", ""adapter_config.json"": ""9c868e731d9e1e45f0f114c79b1eeca3c96b1d0d3a8f5f93d9ff5a73d690a9df"", ""adapter_model.safetensors"": ""aaad7a39d905ddffc323d02d3beb78717388f29dc19488b91eb5218f4814b697"", ""chat_template.jinja"": ""a0bc6f6fc7a29a80017a433e8f03a1cc1236e838a944a2d034295a60c4f2fddb"", ""processor_config.json"": ""edb8dd5001f02dd3a488fd63d664fcdc5514c4a93962bf1be534a0acf6e2c714"", ""tokenizer.json"": ""ff8cce547abc110590d19c6b5b6e0c6a7b4c8d1012d78b9c42131bae7f494a02"", ""tokenizer_config.json"": ""5afec58078ec072cdc9ad190a63c8657f9c47ec71068ff9c77423f1ea0422364""}",,7f29cebb9d06eca06ad0d6c690e4d5a083b71a9c42008f88e92474e3ff0eb98a,eb4075c77285da02c52794154760fa969fb21ab3dcceb0820cb7d2ba27d27471,http://images.cocodataset.org/train2017/000000435620.jpg,http://images.cocodataset.org/train2017/000000435620.jpg,,http://images.cocodataset.org/train2017/000000435620.jpg,hflip,tier_c_v0.1,"{""algorithm"": ""PIL.Image.FLIP_LEFT_RIGHT applied AFTER uniform 392px long-side preprocessing"", ""axis"": ""visual"", ""condition"": ""hflip_flip"", ""law"": ""flip_expected"", ""relation_rule"": ""mirrored-axis left/right relations flip; vertical/depth relations invariant; no global label flip"", ""transform"": ""hflip""}",,"{""do_sample"": false, ""max_new_tokens"": 5}",tier_c_tierc_full,38ad6fbc3e13cd785730b656c19512866d0845fd,v0.1
vsr_test:0574,vsr_test:0574,test,hflip_flip,visual,The book is at the left side of the pizza.,The book is at the left side of the pizza.,at the left side of,horizontal,book,pizza,True,False,flip_expected,False,True, False.,Qwen/Qwen2-VL-7B-Instruct,,7B_hardneg_lora,/home/ubuntu/vlm-spatial-reasoning/checkpoints/qwen2vl_7b_hardneg_lora/final,"{""README.md"": ""ad67fbd14e29a7dae114b54d70c840eab4d917c7d4bbce31d8e923429325d12b"", ""adapter_config.json"": ""9c868e731d9e1e45f0f114c79b1eeca3c96b1d0d3a8f5f93d9ff5a73d690a9df"", ""adapter_model.safetensors"": ""aaad7a39d905ddffc323d02d3beb78717388f29dc19488b91eb5218f4814b697"", ""chat_template.jinja"": ""a0bc6f6fc7a29a80017a433e8f03a1cc1236e838a944a2d034295a60c4f2fddb"", ""processor_config.json"": ""edb8dd5001f02dd3a488fd63d664fcdc5514c4a93962bf1be534a0acf6e2c714"", ""tokenizer.json"": ""ff8cce547abc110590d19c6b5b6e0c6a7b4c8d1012d78b9c42131bae7f494a02"", ""tokenizer_config.json"": ""5afec58078ec072cdc9ad190a63c8657f9c47ec71068ff9c77423f1ea0422364""}",,7f29cebb9d06eca06ad0d6c690e4d5a083b71a9c42008f88e92474e3ff0eb98a,eb4075c77285da02c52794154760fa969fb21ab3dcceb0820cb7d2ba27d27471,http://images.cocodataset.org/train2017/000000469936.jpg,http://images.cocodataset.org/train2017/000000469936.jpg,,http://images.cocodataset.org/train2017/000000469936.jpg,hflip,tier_c_v0.1,"{""algorithm"": ""PIL.Image.FLIP_LEFT_RIGHT applied AFTER uniform 392px long-side preprocessing"", ""axis"": ""visual"", ""condition"": ""hflip_flip"", ""law"": ""flip_expected"", ""relation_rule"": ""mirrored-axis left/right relations flip; vertical/depth relations invariant; no global label flip"", ""transform"": ""hflip""}",,"{""do_sample"": false, ""max_new_tokens"": 5}",tier_c_tierc_full,38ad6fbc3e13cd785730b656c19512866d0845fd,v0.1
vsr_test:0585,vsr_test:0585,test,hflip_flip,visual,The bed is left of the bench.,The bed is left of the bench.,left of,horizontal,bed,,False,True,flip_expected,True,True, True.,Qwen/Qwen2-VL-7B-Instruct,,7B_hardneg_lora,/home/ubuntu/vlm-spatial-reasoning/checkpoints/qwen2vl_7b_hardneg_lora/final,"{""README.md"": ""ad67fbd14e29a7dae114b54d70c840eab4d917c7d4bbce31d8e923429325d12b"", ""adapter_config.json"": ""9c868e731d9e1e45f0f114c79b1eeca3c96b1d0d3a8f5f93d9ff5a73d690a9df"", ""adapter_model.safetensors"": ""aaad7a39d905ddffc323d02d3beb78717388f29dc19488b91eb5218f4814b697"", ""chat_template.jinja"": ""a0bc6f6fc7a29a80017a433e8f03a1cc1236e838a944a2d034295a60c4f2fddb"", ""processor_config.json"": ""edb8dd5001f02dd3a488fd63d664fcdc5514c4a93962bf1be534a0acf6e2c714"", ""tokenizer.json"": ""ff8cce547abc110590d19c6b5b6e0c6a7b4c8d1012d78b9c42131bae7f494a02"", ""tokenizer_config.json"": ""5afec58078ec072cdc9ad190a63c8657f9c47ec71068ff9c77423f1ea0422364""}",,7f29cebb9d06eca06ad0d6c690e4d5a083b71a9c42008f88e92474e3ff0eb98a,eb4075c77285da02c52794154760fa969fb21ab3dcceb0820cb7d2ba27d27471,http://images.cocodataset.org/train2017/000000075458.jpg,http://images.cocodataset.org/train2017/000000075458.jpg,,http://images.cocodataset.org/train2017/000000075458.jpg,hflip,tier_c_v0.1,"{""algorithm"": ""PIL.Image.FLIP_LEFT_RIGHT applied AFTER uniform 392px long-side preprocessing"", ""axis"": ""visual"", ""condition"": ""hflip_flip"", ""law"": ""flip_expected"", ""relation_rule"": ""mirrored-axis left/right relations flip; vertical/depth relations invariant; no global label flip"", ""transform"": ""hflip""}",,"{""do_sample"": false, ""max_new_tokens"": 5}",tier_c_tierc_full,38ad6fbc3e13cd785730b656c19512866d0845fd,v0.1
vsr_test:0612,vsr_test:0612,test,hflip_flip,visual,The banana is left of the sandwich.,The banana is left of the sandwich.,left of,horizontal,banana,,False,True,flip_expected,True,True, True.,Qwen/Qwen2-VL-7B-Instruct,,7B_hardneg_lora,/home/ubuntu/vlm-spatial-reasoning/checkpoints/qwen2vl_7b_hardneg_lora/final,"{""README.md"": ""ad67fbd14e29a7dae114b54d70c840eab4d917c7d4bbce31d8e923429325d12b"", ""adapter_config.json"": ""9c868e731d9e1e45f0f114c79b1eeca3c96b1d0d3a8f5f93d9ff5a73d690a9df"", ""adapter_model.safetensors"": ""aaad7a39d905ddffc323d02d3beb78717388f29dc19488b91eb5218f4814b697"", ""chat_template.jinja"": ""a0bc6f6fc7a29a80017a433e8f03a1cc1236e838a944a2d034295a60c4f2fddb"", ""processor_config.json"": ""edb8dd5001f02dd3a488fd63d664fcdc5514c4a93962bf1be534a0acf6e2c714"", ""tokenizer.json"": ""ff8cce547abc110590d19c6b5b6e0c6a7b4c8d1012d78b9c42131bae7f494a02"", ""tokenizer_config.json"": ""5afec58078ec072cdc9ad190a63c8657f9c47ec71068ff9c77423f1ea0422364""}",,7f29cebb9d06eca06ad0d6c690e4d5a083b71a9c42008f88e92474e3ff0eb98a,eb4075c77285da02c52794154760fa969fb21ab3dcceb0820cb7d2ba27d27471,http://images.cocodataset.org/train2017/000000557005.jpg,http://images.cocodataset.org/train2017/000000557005.jpg,,http://images.cocodataset.org/train2017/000000557005.jpg,hflip,tier_c_v0.1,"{""algorithm"": ""PIL.Image.FLIP_LEFT_RIGHT applied AFTER uniform 392px long-side preprocessing"", ""axis"": ""visual"", ""condition"": ""hflip_flip"", ""law"": ""flip_expected"", ""relation_rule"": ""mirrored-axis left/right relations flip; vertical/depth relations invariant; no global label flip"", ""transform"": ""hflip""}",,"{""do_sample"": false, ""max_new_tokens"": 5}",tier_c_tierc_full,38ad6fbc3e13cd785730b656c19512866d0845fd,v0.1
vsr_test:0616,vsr_test:0616,test,hflip_flip,visual,The microwave is at the left side of the person.,The microwave is at the left side of the person.,at the left side of,horizontal,microwave,person,False,True,flip_expected,True,True, True.,Qwen/Qwen2-VL-7B-Instruct,,7B_hardneg_lora,/home/ubuntu/vlm-spatial-reasoning/checkpoints/qwen2vl_7b_hardneg_lora/final,"{""README.md"": ""ad67fbd14e29a7dae114b54d70c840eab4d917c7d4bbce31d8e923429325d12b"", ""adapter_config.json"": ""9c868e731d9e1e45f0f114c79b1eeca3c96b1d0d3a8f5f93d9ff5a73d690a9df"", ""adapter_model.safetensors"": ""aaad7a39d905ddffc323d02d3beb78717388f29dc19488b91eb5218f4814b697"", ""chat_template.jinja"": ""a0bc6f6fc7a29a80017a433e8f03a1cc1236e838a944a2d034295a60c4f2fddb"", ""processor_config.json"": ""edb8dd5001f02dd3a488fd63d664fcdc5514c4a93962bf1be534a0acf6e2c714"", ""tokenizer.json"": ""ff8cce547abc110590d19c6b5b6e0c6a7b4c8d1012d78b9c42131bae7f494a02"", ""tokenizer_config.json"": ""5afec58078ec072cdc9ad190a63c8657f9c47ec71068ff9c77423f1ea0422364""}",,7f29cebb9d06eca06ad0d6c690e4d5a083b71a9c42008f88e92474e3ff0eb98a,eb4075c77285da02c52794154760fa969fb21ab3dcceb0820cb7d2ba27d27471,http://images.cocodataset.org/train2017/000000364937.jpg,http://images.cocodataset.org/train2017/000000364937.jpg,,http://images.cocodataset.org/train2017/000000364937.jpg,hflip,tier_c_v0.1,"{""algorithm"": ""PIL.Image.FLIP_LEFT_RIGHT applied AFTER uniform 392px long-side preprocessing"", ""axis"": ""visual"", ""condition"": ""hflip_flip"", ""law"": ""flip_expected"", ""relation_rule"": ""mirrored-axis left/right relations flip; vertical/depth relations invariant; no global label flip"", ""transform"": ""hflip""}",,"{""do_sample"": false, ""max_new_tokens"": 5}",tier_c_tierc_full,38ad6fbc3e13cd785730b656c19512866d0845fd,v0.1
vsr_test:0618,vsr_test:0618,test,hflip_flip,visual,The dining table is at the left side of the oven.,The dining table is at the left side of the oven.,at the left side of,horizontal,dining table,oven,True,False,flip_expected,False,True, False.,Qwen/Qwen2-VL-7B-Instruct,,7B_hardneg_lora,/home/ubuntu/vlm-spatial-reasoning/checkpoints/qwen2vl_7b_hardneg_lora/final,"{""README.md"": ""ad67fbd14e29a7dae114b54d70c840eab4d917c7d4bbce31d8e923429325d12b"", ""adapter_config.json"": ""9c868e731d9e1e45f0f114c79b1eeca3c96b1d0d3a8f5f93d9ff5a73d690a9df"", ""adapter_model.safetensors"": ""aaad7a39d905ddffc323d02d3beb78717388f29dc19488b91eb5218f4814b697"", ""chat_template.jinja"": ""a0bc6f6fc7a29a80017a433e8f03a1cc1236e838a944a2d034295a60c4f2fddb"", ""processor_config.json"": ""edb8dd5001f02dd3a488fd63d664fcdc5514c4a93962bf1be534a0acf6e2c714"", ""tokenizer.json"": ""ff8cce547abc110590d19c6b5b6e0c6a7b4c8d1012d78b9c42131bae7f494a02"", ""tokenizer_config.json"": ""5afec58078ec072cdc9ad190a63c8657f9c47ec71068ff9c77423f1ea0422364""}",,7f29cebb9d06eca06ad0d6c690e4d5a083b71a9c42008f88e92474e3ff0eb98a,eb4075c77285da02c52794154760fa969fb21ab3dcceb0820cb7d2ba27d27471,http://images.cocodataset.org/train2017/000000097427.jpg,http://images.cocodataset.org/train2017/000000097427.jpg,,http://images.cocodataset.org/train2017/000000097427.jpg,hflip,tier_c_v0.1,"{""algorithm"": ""PIL.Image.FLIP_LEFT_RIGHT applied AFTER uniform 392px long-side preprocessing"", ""axis"": ""visual"", ""condition"": ""hflip_flip"", ""law"": ""flip_expected"", ""relation_rule"": ""mirrored-axis left/right relations flip; vertical/depth relations invariant; no global label flip"", ""transform"": ""hflip""}",,"{""do_sample"": false, ""max_new_tokens"": 5}",tier_c_tierc_full,38ad6fbc3e13cd785730b656c19512866d0845fd,v0.1
vsr_test:0621,vsr_test:0621,test,hflip_flip,visual,The sandwich is at the left side of the bowl.,The sandwich is at the left side of the bowl.,at the left side of,horizontal,sandwich,bowl,False,True,flip_expected,False,False, False.,Qwen/Qwen2-VL-7B-Instruct,,7B_hardneg_lora,/home/ubuntu/vlm-spatial-reasoning/checkpoints/qwen2vl_7b_hardneg_lora/final,"{""README.md"": ""ad67fbd14e29a7dae114b54d70c840eab4d917c7d4bbce31d8e923429325d12b"", ""adapter_config.json"": ""9c868e731d9e1e45f0f114c79b1eeca3c96b1d0d3a8f5f93d9ff5a73d690a9df"", ""adapter_model.safetensors"": ""aaad7a39d905ddffc323d02d3beb78717388f29dc19488b91eb5218f4814b697"", ""chat_template.jinja"": ""a0bc6f6fc7a29a80017a433e8f03a1cc1236e838a944a2d034295a60c4f2fddb"", ""processor_config.json"": ""edb8dd5001f02dd3a488fd63d664fcdc5514c4a93962bf1be534a0acf6e2c714"", ""tokenizer.json"": ""ff8cce547abc110590d19c6b5b6e0c6a7b4c8d1012d78b9c42131bae7f494a02"", ""tokenizer_config.json"": ""5afec58078ec072cdc9ad190a63c8657f9c47ec71068ff9c77423f1ea0422364""}",,7f29cebb9d06eca06ad0d6c690e4d5a083b71a9c42008f88e92474e3ff0eb98a,eb4075c77285da02c52794154760fa969fb21ab3dcceb0820cb7d2ba27d27471,http://images.cocodataset.org/train2017/000000375086.jpg,http://images.cocodataset.org/train2017/000000375086.jpg,,http://images.cocodataset.org/train2017/000000375086.jpg,hflip,tier_c_v0.1,"{""algorithm"": ""PIL.Image.FLIP_LEFT_RIGHT applied AFTER uniform 392px long-side preprocessing"", ""axis"": ""visual"", ""condition"": ""hflip_flip"", ""law"": ""flip_expected"", ""relation_rule"": ""mirrored-axis left/right relations flip; vertical/depth relations invariant; no global label flip"", ""transform"": ""hflip""}",,"{""do_sample"": false, ""max_new_tokens"": 5}",tier_c_tierc_full,38ad6fbc3e13cd785730b656c19512866d0845fd,v0.1
vsr_test:0630,vsr_test:0630,test,hflip_flip,visual,The sandwich is at the left side of the laptop.,The sandwich is at the left side of the laptop.,at the left side of,horizontal,sandwich,laptop,False,True,flip_expected,False,False, False.,Qwen/Qwen2-VL-7B-Instruct,,7B_hardneg_lora,/home/ubuntu/vlm-spatial-reasoning/checkpoints/qwen2vl_7b_hardneg_lora/final,"{""README.md"": ""ad67fbd14e29a7dae114b54d70c840eab4d917c7d4bbce31d8e923429325d12b"", ""adapter_config.json"": ""9c868e731d9e1e45f0f114c79b1eeca3c96b1d0d3a8f5f93d9ff5a73d690a9df"", ""adapter_model.safetensors"": ""aaad7a39d905ddffc323d02d3beb78717388f29dc19488b91eb5218f4814b697"", ""chat_template.jinja"": ""a0bc6f6fc7a29a80017a433e8f03a1cc1236e838a944a2d034295a60c4f2fddb"", ""processor_config.json"": ""edb8dd5001f02dd3a488fd63d664fcdc5514c4a93962bf1be534a0acf6e2c714"", ""tokenizer.json"": ""ff8cce547abc110590d19c6b5b6e0c6a7b4c8d1012d78b9c42131bae7f494a02"", ""tokenizer_config.json"": ""5afec58078ec072cdc9ad190a63c8657f9c47ec71068ff9c77423f1ea0422364""}",,7f29cebb9d06eca06ad0d6c690e4d5a083b71a9c42008f88e92474e3ff0eb98a,eb4075c77285da02c52794154760fa969fb21ab3dcceb0820cb7d2ba27d27471,http://images.cocodataset.org/train2017/000000511523.jpg,http://images.cocodataset.org/train2017/000000511523.jpg,,http://images.cocodataset.org/train2017/000000511523.jpg,hflip,tier_c_v0.1,"{""algorithm"": ""PIL.Image.FLIP_LEFT_RIGHT applied AFTER uniform 392px long-side preprocessing"", ""axis"": ""visual"", ""condition"": ""hflip_flip"", ""law"": ""flip_expected"", ""relation_rule"": ""mirrored-axis left/right relations flip; vertical/depth relations invariant; no global label flip"", ""transform"": ""hflip""}",,"{""do_sample"": false, ""max_new_tokens"": 5}",tier_c_tierc_full,38ad6fbc3e13cd785730b656c19512866d0845fd,v0.1
vsr_test:0642,vsr_test:0642,test,hflip_flip,visual,The cat is left of the couch.,The cat is left of the couch.,left of,horizontal,cat,,False,True,flip_expected,False,False, False.,Qwen/Qwen2-VL-7B-Instruct,,7B_hardneg_lora,/home/ubuntu/vlm-spatial-reasoning/checkpoints/qwen2vl_7b_hardneg_lora/final,"{""README.md"": ""ad67fbd14e29a7dae114b54d70c840eab4d917c7d4bbce31d8e923429325d12b"", ""adapter_config.json"": ""9c868e731d9e1e45f0f114c79b1eeca3c96b1d0d3a8f5f93d9ff5a73d690a9df"", ""adapter_model.safetensors"": ""aaad7a39d905ddffc323d02d3beb78717388f29dc19488b91eb5218f4814b697"", ""chat_template.jinja"": ""a0bc6f6fc7a29a80017a433e8f03a1cc1236e838a944a2d034295a60c4f2fddb"", ""processor_config.json"": ""edb8dd5001f02dd3a488fd63d664fcdc5514c4a93962bf1be534a0acf6e2c714"", ""tokenizer.json"": ""ff8cce547abc110590d19c6b5b6e0c6a7b4c8d1012d78b9c42131bae7f494a02"", ""tokenizer_config.json"": ""5afec58078ec072cdc9ad190a63c8657f9c47ec71068ff9c77423f1ea0422364""}",,7f29cebb9d06eca06ad0d6c690e4d5a083b71a9c42008f88e92474e3ff0eb98a,eb4075c77285da02c52794154760fa969fb21ab3dcceb0820cb7d2ba27d27471,http://images.cocodataset.org/train2017/000000040419.jpg,http://images.cocodataset.org/train2017/000000040419.jpg,,http://images.cocodataset.org/train2017/000000040419.jpg,hflip,tier_c_v0.1,"{""algorithm"": ""PIL.Image.FLIP_LEFT_RIGHT applied AFTER uniform 392px long-side preprocessing"", ""axis"": ""visual"", ""condition"": ""hflip_flip"", ""law"": ""flip_expected"", ""relation_rule"": ""mirrored-axis left/right relations flip; vertical/depth relations invariant; no global label flip"", ""transform"": ""hflip""}",,"{""do_sample"": false, ""max_new_tokens"": 5}",tier_c_tierc_full,38ad6fbc3e13cd785730b656c19512866d0845fd,v0.1
vsr_test:0645,vsr_test:0645,test,hflip_flip,visual,The dog is at the right side of the laptop.,The dog is at the right side of the laptop.,at the right side of,horizontal,dog,laptop,True,False,flip_expected,False,True, False.,Qwen/Qwen2-VL-7B-Instruct,,7B_hardneg_lora,/home/ubuntu/vlm-spatial-reasoning/checkpoints/qwen2vl_7b_hardneg_lora/final,"{""README.md"": ""ad67fbd14e29a7dae114b54d70c840eab4d917c7d4bbce31d8e923429325d12b"", ""adapter_config.json"": ""9c868e731d9e1e45f0f114c79b1eeca3c96b1d0d3a8f5f93d9ff5a73d690a9df"", ""adapter_model.safetensors"": ""aaad7a39d905ddffc323d02d3beb78717388f29dc19488b91eb5218f4814b697"", ""chat_template.jinja"": ""a0bc6f6fc7a29a80017a433e8f03a1cc1236e838a944a2d034295a60c4f2fddb"", ""processor_config.json"": ""edb8dd5001f02dd3a488fd63d664fcdc5514c4a93962bf1be534a0acf6e2c714"", ""tokenizer.json"": ""ff8cce547abc110590d19c6b5b6e0c6a7b4c8d1012d78b9c42131bae7f494a02"", ""tokenizer_config.json"": ""5afec58078ec072cdc9ad190a63c8657f9c47ec71068ff9c77423f1ea0422364""}",,7f29cebb9d06eca06ad0d6c690e4d5a083b71a9c42008f88e92474e3ff0eb98a,eb4075c77285da02c52794154760fa969fb21ab3dcceb0820cb7d2ba27d27471,http://images.cocodataset.org/train2017/000000351914.jpg,http://images.cocodataset.org/train2017/000000351914.jpg,,http://images.cocodataset.org/train2017/000000351914.jpg,hflip,tier_c_v0.1,"{""algorithm"": ""PIL.Image.FLIP_LEFT_RIGHT applied AFTER uniform 392px long-side preprocessing"", ""axis"": ""visual"", ""condition"": ""hflip_flip"", ""law"": ""flip_expected"", ""relation_rule"": ""mirrored-axis left/right relations flip; vertical/depth relations invariant; no global label flip"", ""transform"": ""hflip""}",,"{""do_sample"": false, ""max_new_tokens"": 5}",tier_c_tierc_full,38ad6fbc3e13cd785730b656c19512866d0845fd,v0.1
vsr_test:0672,vsr_test:0672,test,hflip_flip,visual,The teddy bear is at the left side of the book.,The teddy bear is at the left side of the book.,at the left side of,horizontal,teddy bear,book,False,True,flip_expected,False,False, False.,Qwen/Qwen2-VL-7B-Instruct,,7B_hardneg_lora,/home/ubuntu/vlm-spatial-reasoning/checkpoints/qwen2vl_7b_hardneg_lora/final,"{""README.md"": ""ad67fbd14e29a7dae114b54d70c840eab4d917c7d4bbce31d8e923429325d12b"", ""adapter_config.json"": ""9c868e731d9e1e45f0f114c79b1eeca3c96b1d0d3a8f5f93d9ff5a73d690a9df"", ""adapter_model.safetensors"": ""aaad7a39d905ddffc323d02d3beb78717388f29dc19488b91eb5218f4814b697"", ""chat_template.jinja"": ""a0bc6f6fc7a29a80017a433e8f03a1cc1236e838a944a2d034295a60c4f2fddb"", ""processor_config.json"": ""edb8dd5001f02dd3a488fd63d664fcdc5514c4a93962bf1be534a0acf6e2c714"", ""tokenizer.json"": ""ff8cce547abc110590d19c6b5b6e0c6a7b4c8d1012d78b9c42131bae7f494a02"", ""tokenizer_config.json"": ""5afec58078ec072cdc9ad190a63c8657f9c47ec71068ff9c77423f1ea0422364""}",,7f29cebb9d06eca06ad0d6c690e4d5a083b71a9c42008f88e92474e3ff0eb98a,eb4075c77285da02c52794154760fa969fb21ab3dcceb0820cb7d2ba27d27471,http://images.cocodataset.org/train2017/000000127654.jpg,http://images.cocodataset.org/train2017/000000127654.jpg,,http://images.cocodataset.org/train2017/000000127654.jpg,hflip,tier_c_v0.1,"{""algorithm"": ""PIL.Image.FLIP_LEFT_RIGHT applied AFTER uniform 392px long-side preprocessing"", ""axis"": ""visual"", ""condition"": ""hflip_flip"", ""law"": ""flip_expected"", ""relation_rule"": ""mirrored-axis left/right relations flip; vertical/depth relations invariant; no global label flip"", ""transform"": ""hflip""}",,"{""do_sample"": false, ""max_new_tokens"": 5}",tier_c_tierc_full,38ad6fbc3e13cd785730b656c19512866d0845fd,v0.1
vsr_test:0679,vsr_test:0679,test,hflip_flip,visual,The motorcycle is at the right side of the truck.,The motorcycle is at the right side of the truck.,at the right side of,horizontal,motorcycle,truck,False,True,flip_expected,False,False, False.,Qwen/Qwen2-VL-7B-Instruct,,7B_hardneg_lora,/home/ubuntu/vlm-spatial-reasoning/checkpoints/qwen2vl_7b_hardneg_lora/final,"{""README.md"": ""ad67fbd14e29a7dae114b54d70c840eab4d917c7d4bbce31d8e923429325d12b"", ""adapter_config.json"": ""9c868e731d9e1e45f0f114c79b1eeca3c96b1d0d3a8f5f93d9ff5a73d690a9df"", ""adapter_model.safetensors"": ""aaad7a39d905ddffc323d02d3beb78717388f29dc19488b91eb5218f4814b697"", ""chat_template.jinja"": ""a0bc6f6fc7a29a80017a433e8f03a1cc1236e838a944a2d034295a60c4f2fddb"", ""processor_config.json"": ""edb8dd5001f02dd3a488fd63d664fcdc5514c4a93962bf1be534a0acf6e2c714"", ""tokenizer.json"": ""ff8cce547abc110590d19c6b5b6e0c6a7b4c8d1012d78b9c42131bae7f494a02"", ""tokenizer_config.json"": ""5afec58078ec072cdc9ad190a63c8657f9c47ec71068ff9c77423f1ea0422364""}",,7f29cebb9d06eca06ad0d6c690e4d5a083b71a9c42008f88e92474e3ff0eb98a,eb4075c77285da02c52794154760fa969fb21ab3dcceb0820cb7d2ba27d27471,http://images.cocodataset.org/train2017/000000106810.jpg,http://images.cocodataset.org/train2017/000000106810.jpg,,http://images.cocodataset.org/train2017/000000106810.jpg,hflip,tier_c_v0.1,"{""algorithm"": ""PIL.Image.FLIP_LEFT_RIGHT applied AFTER uniform 392px long-side preprocessing"", ""axis"": ""visual"", ""condition"": ""hflip_flip"", ""law"": ""flip_expected"", ""relation_rule"": ""mirrored-axis left/right relations flip; vertical/depth relations invariant; no global label flip"", ""transform"": ""hflip""}",,"{""do_sample"": false, ""max_new_tokens"": 5}",tier_c_tierc_full,38ad6fbc3e13cd785730b656c19512866d0845fd,v0.1
vsr_test:0682,vsr_test:0682,test,hflip_flip,visual,The cat is at the left side of the teddy bear.,The cat is at the left side of the teddy bear.,at the left side of,horizontal,cat,teddy bear,True,False,flip_expected,True,False, True,Qwen/Qwen2-VL-7B-Instruct,,7B_hardneg_lora,/home/ubuntu/vlm-spatial-reasoning/checkpoints/qwen2vl_7b_hardneg_lora/final,"{""README.md"": ""ad67fbd14e29a7dae114b54d70c840eab4d917c7d4bbce31d8e923429325d12b"", ""adapter_config.json"": ""9c868e731d9e1e45f0f114c79b1eeca3c96b1d0d3a8f5f93d9ff5a73d690a9df"", ""adapter_model.safetensors"": ""aaad7a39d905ddffc323d02d3beb78717388f29dc19488b91eb5218f4814b697"", ""chat_template.jinja"": ""a0bc6f6fc7a29a80017a433e8f03a1cc1236e838a944a2d034295a60c4f2fddb"", ""processor_config.json"": ""edb8dd5001f02dd3a488fd63d664fcdc5514c4a93962bf1be534a0acf6e2c714"", ""tokenizer.json"": ""ff8cce547abc110590d19c6b5b6e0c6a7b4c8d1012d78b9c42131bae7f494a02"", ""tokenizer_config.json"": ""5afec58078ec072cdc9ad190a63c8657f9c47ec71068ff9c77423f1ea0422364""}",,7f29cebb9d06eca06ad0d6c690e4d5a083b71a9c42008f88e92474e3ff0eb98a,eb4075c77285da02c52794154760fa969fb21ab3dcceb0820cb7d2ba27d27471,http://images.cocodataset.org/train2017/000000219418.jpg,http://images.cocodataset.org/train2017/000000219418.jpg,,http://images.cocodataset.org/train2017/000000219418.jpg,hflip,tier_c_v0.1,"{""algorithm"": ""PIL.Image.FLIP_LEFT_RIGHT applied AFTER uniform 392px long-side preprocessing"", ""axis"": ""visual"", ""condition"": ""hflip_flip"", ""law"": ""flip_expected"", ""relation_rule"": ""mirrored-axis left/right relations flip; vertical/depth relations invariant; no global label flip"", ""transform"": ""hflip""}",,"{""do_sample"": false, ""max_new_tokens"": 5}",tier_c_tierc_full,38ad6fbc3e13cd785730b656c19512866d0845fd,v0.1
vsr_test:0689,vsr_test:0689,test,hflip_flip,visual,The chair is at the right side of the laptop.,The chair is at the right side of the laptop.,at the right side of,horizontal,chair,laptop,False,True,flip_expected,False,False, False.,Qwen/Qwen2-VL-7B-Instruct,,7B_hardneg_lora,/home/ubuntu/vlm-spatial-reasoning/checkpoints/qwen2vl_7b_hardneg_lora/final,"{""README.md"": ""ad67fbd14e29a7dae114b54d70c840eab4d917c7d4bbce31d8e923429325d12b"", ""adapter_config.json"": ""9c868e731d9e1e45f0f114c79b1eeca3c96b1d0d3a8f5f93d9ff5a73d690a9df"", ""adapter_model.safetensors"": ""aaad7a39d905ddffc323d02d3beb78717388f29dc19488b91eb5218f4814b697"", ""chat_template.jinja"": ""a0bc6f6fc7a29a80017a433e8f03a1cc1236e838a944a2d034295a60c4f2fddb"", ""processor_config.json"": ""edb8dd5001f02dd3a488fd63d664fcdc5514c4a93962bf1be534a0acf6e2c714"", ""tokenizer.json"": ""ff8cce547abc110590d19c6b5b6e0c6a7b4c8d1012d78b9c42131bae7f494a02"", ""tokenizer_config.json"": ""5afec58078ec072cdc9ad190a63c8657f9c47ec71068ff9c77423f1ea0422364""}",,7f29cebb9d06eca06ad0d6c690e4d5a083b71a9c42008f88e92474e3ff0eb98a,eb4075c77285da02c52794154760fa969fb21ab3dcceb0820cb7d2ba27d27471,http://images.cocodataset.org/train2017/000000427726.jpg,http://images.cocodataset.org/train2017/000000427726.jpg,,http://images.cocodataset.org/train2017/000000427726.jpg,hflip,tier_c_v0.1,"{""algorithm"": ""PIL.Image.FLIP_LEFT_RIGHT applied AFTER uniform 392px long-side preprocessing"", ""axis"": ""visual"", ""condition"": ""hflip_flip"", ""law"": ""flip_expected"", ""relation_rule"": ""mirrored-axis left/right relations flip; vertical/depth relations invariant; no global label flip"", ""transform"": ""hflip""}",,"{""do_sample"": false, ""max_new_tokens"": 5}",tier_c_tierc_full,38ad6fbc3e13cd785730b656c19512866d0845fd,v0.1
vsr_test:0697,vsr_test:0697,test,hflip_flip,visual,The person is left of the refrigerator.,The person is left of the refrigerator.,left of,horizontal,person,,True,False,flip_expected,True,False, True.,Qwen/Qwen2-VL-7B-Instruct,,7B_hardneg_lora,/home/ubuntu/vlm-spatial-reasoning/checkpoints/qwen2vl_7b_hardneg_lora/final,"{""README.md"": ""ad67fbd14e29a7dae114b54d70c840eab4d917c7d4bbce31d8e923429325d12b"", ""adapter_config.json"": ""9c868e731d9e1e45f0f114c79b1eeca3c96b1d0d3a8f5f93d9ff5a73d690a9df"", ""adapter_model.safetensors"": ""aaad7a39d905ddffc323d02d3beb78717388f29dc19488b91eb5218f4814b697"", ""chat_template.jinja"": ""a0bc6f6fc7a29a80017a433e8f03a1cc1236e838a944a2d034295a60c4f2fddb"", ""processor_config.json"": ""edb8dd5001f02dd3a488fd63d664fcdc5514c4a93962bf1be534a0acf6e2c714"", ""tokenizer.json"": ""ff8cce547abc110590d19c6b5b6e0c6a7b4c8d1012d78b9c42131bae7f494a02"", ""tokenizer_config.json"": ""5afec58078ec072cdc9ad190a63c8657f9c47ec71068ff9c77423f1ea0422364""}",,7f29cebb9d06eca06ad0d6c690e4d5a083b71a9c42008f88e92474e3ff0eb98a,eb4075c77285da02c52794154760fa969fb21ab3dcceb0820cb7d2ba27d27471,http://images.cocodataset.org/train2017/000000410805.jpg,http://images.cocodataset.org/train2017/000000410805.jpg,,http://images.cocodataset.org/train2017/000000410805.jpg,hflip,tier_c_v0.1,"{""algorithm"": ""PIL.Image.FLIP_LEFT_RIGHT applied AFTER uniform 392px long-side preprocessing"", ""axis"": ""visual"", ""condition"": ""hflip_flip"", ""law"": ""flip_expected"", ""relation_rule"": ""mirrored-axis left/right relations flip; vertical/depth relations invariant; no global label flip"", ""transform"": ""hflip""}",,"{""do_sample"": false, ""max_new_tokens"": 5}",tier_c_tierc_full,38ad6fbc3e13cd785730b656c19512866d0845fd,v0.1
vsr_test:0698,vsr_test:0698,test,hflip_flip,visual,The person is at the left side of the dining table.,The person is at the left side of the dining table.,at the left side of,horizontal,person,dining table,True,False,flip_expected,False,True, False.,Qwen/Qwen2-VL-7B-Instruct,,7B_hardneg_lora,/home/ubuntu/vlm-spatial-reasoning/checkpoints/qwen2vl_7b_hardneg_lora/final,"{""README.md"": ""ad67fbd14e29a7dae114b54d70c840eab4d917c7d4bbce31d8e923429325d12b"", ""adapter_config.json"": ""9c868e731d9e1e45f0f114c79b1eeca3c96b1d0d3a8f5f93d9ff5a73d690a9df"", ""adapter_model.safetensors"": ""aaad7a39d905ddffc323d02d3beb78717388f29dc19488b91eb5218f4814b697"", ""chat_template.jinja"": ""a0bc6f6fc7a29a80017a433e8f03a1cc1236e838a944a2d034295a60c4f2fddb"", ""processor_config.json"": ""edb8dd5001f02dd3a488fd63d664fcdc5514c4a93962bf1be534a0acf6e2c714"", ""tokenizer.json"": ""ff8cce547abc110590d19c6b5b6e0c6a7b4c8d1012d78b9c42131bae7f494a02"", ""tokenizer_config.json"": ""5afec58078ec072cdc9ad190a63c8657f9c47ec71068ff9c77423f1ea0422364""}",,7f29cebb9d06eca06ad0d6c690e4d5a083b71a9c42008f88e92474e3ff0eb98a,eb4075c77285da02c52794154760fa969fb21ab3dcceb0820cb7d2ba27d27471,http://images.cocodataset.org/train2017/000000224045.jpg,http://images.cocodataset.org/train2017/000000224045.jpg,,http://images.cocodataset.org/train2017/000000224045.jpg,hflip,tier_c_v0.1,"{""algorithm"": ""PIL.Image.FLIP_LEFT_RIGHT applied AFTER uniform 392px long-side preprocessing"", ""axis"": ""visual"", ""condition"": ""hflip_flip"", ""law"": ""flip_expected"", ""relation_rule"": ""mirrored-axis left/right relations flip; vertical/depth relations invariant; no global label flip"", ""transform"": ""hflip""}",,"{""do_sample"": false, ""max_new_tokens"": 5}",tier_c_tierc_full,38ad6fbc3e13cd785730b656c19512866d0845fd,v0.1
vsr_test:0704,vsr_test:0704,test,hflip_flip,visual,The person is at the left side of the couch.,The person is at the left side of the couch.,at the left side of,horizontal,person,couch,True,False,flip_expected,False,True, False.,Qwen/Qwen2-VL-7B-Instruct,,7B_hardneg_lora,/home/ubuntu/vlm-spatial-reasoning/checkpoints/qwen2vl_7b_hardneg_lora/final,"{""README.md"": ""ad67fbd14e29a7dae114b54d70c840eab4d917c7d4bbce31d8e923429325d12b"", ""adapter_config.json"": ""9c868e731d9e1e45f0f114c79b1eeca3c96b1d0d3a8f5f93d9ff5a73d690a9df"", ""adapter_model.safetensors"": ""aaad7a39d905ddffc323d02d3beb78717388f29dc19488b91eb5218f4814b697"", ""chat_template.jinja"": ""a0bc6f6fc7a29a80017a433e8f03a1cc1236e838a944a2d034295a60c4f2fddb"", ""processor_config.json"": ""edb8dd5001f02dd3a488fd63d664fcdc5514c4a93962bf1be534a0acf6e2c714"", ""tokenizer.json"": ""ff8cce547abc110590d19c6b5b6e0c6a7b4c8d1012d78b9c42131bae7f494a02"", ""tokenizer_config.json"": ""5afec58078ec072cdc9ad190a63c8657f9c47ec71068ff9c77423f1ea0422364""}",,7f29cebb9d06eca06ad0d6c690e4d5a083b71a9c42008f88e92474e3ff0eb98a,eb4075c77285da02c52794154760fa969fb21ab3dcceb0820cb7d2ba27d27471,http://images.cocodataset.org/train2017/000000277533.jpg,http://images.cocodataset.org/train2017/000000277533.jpg,,http://images.cocodataset.org/train2017/000000277533.jpg,hflip,tier_c_v0.1,"{""algorithm"": ""PIL.Image.FLIP_LEFT_RIGHT applied AFTER uniform 392px long-side preprocessing"", ""axis"": ""visual"", ""condition"": ""hflip_flip"", ""law"": ""flip_expected"", ""relation_rule"": ""mirrored-axis left/right relations flip; vertical/depth relations invariant; no global label flip"", ""transform"": ""hflip""}",,"{""do_sample"": false, ""max_new_tokens"": 5}",tier_c_tierc_full,38ad6fbc3e13cd785730b656c19512866d0845fd,v0.1
vsr_test:0705,vsr_test:0705,test,hflip_flip,visual,The cat is at the left side of the pizza.,The cat is at the left side of the pizza.,at the left side of,horizontal,cat,pizza,True,False,flip_expected,False,True, False,Qwen/Qwen2-VL-7B-Instruct,,7B_hardneg_lora,/home/ubuntu/vlm-spatial-reasoning/checkpoints/qwen2vl_7b_hardneg_lora/final,"{""README.md"": ""ad67fbd14e29a7dae114b54d70c840eab4d917c7d4bbce31d8e923429325d12b"", ""adapter_config.json"": ""9c868e731d9e1e45f0f114c79b1eeca3c96b1d0d3a8f5f93d9ff5a73d690a9df"", ""adapter_model.safetensors"": ""aaad7a39d905ddffc323d02d3beb78717388f29dc19488b91eb5218f4814b697"", ""chat_template.jinja"": ""a0bc6f6fc7a29a80017a433e8f03a1cc1236e838a944a2d034295a60c4f2fddb"", ""processor_config.json"": ""edb8dd5001f02dd3a488fd63d664fcdc5514c4a93962bf1be534a0acf6e2c714"", ""tokenizer.json"": ""ff8cce547abc110590d19c6b5b6e0c6a7b4c8d1012d78b9c42131bae7f494a02"", ""tokenizer_config.json"": ""5afec58078ec072cdc9ad190a63c8657f9c47ec71068ff9c77423f1ea0422364""}",,7f29cebb9d06eca06ad0d6c690e4d5a083b71a9c42008f88e92474e3ff0eb98a,eb4075c77285da02c52794154760fa969fb21ab3dcceb0820cb7d2ba27d27471,http://images.cocodataset.org/train2017/000000363325.jpg,http://images.cocodataset.org/train2017/000000363325.jpg,,http://images.cocodataset.org/train2017/000000363325.jpg,hflip,tier_c_v0.1,"{""algorithm"": ""PIL.Image.FLIP_LEFT_RIGHT applied AFTER uniform 392px long-side preprocessing"", ""axis"": ""visual"", ""condition"": ""hflip_flip"", ""law"": ""flip_expected"", ""relation_rule"": ""mirrored-axis left/right relations flip; vertical/depth relations invariant; no global label flip"", ""transform"": ""hflip""}",,"{""do_sample"": false, ""max_new_tokens"": 5}",tier_c_tierc_full,38ad6fbc3e13cd785730b656c19512866d0845fd,v0.1
vsr_test:0711,vsr_test:0711,test,hflip_flip,visual,The chair is at the left side of the pizza.,The chair is at the left side of the pizza.,at the left side of,horizontal,chair,pizza,False,True,flip_expected,False,False, False.,Qwen/Qwen2-VL-7B-Instruct,,7B_hardneg_lora,/home/ubuntu/vlm-spatial-reasoning/checkpoints/qwen2vl_7b_hardneg_lora/final,"{""README.md"": ""ad67fbd14e29a7dae114b54d70c840eab4d917c7d4bbce31d8e923429325d12b"", ""adapter_config.json"": ""9c868e731d9e1e45f0f114c79b1eeca3c96b1d0d3a8f5f93d9ff5a73d690a9df"", ""adapter_model.safetensors"": ""aaad7a39d905ddffc323d02d3beb78717388f29dc19488b91eb5218f4814b697"", ""chat_template.jinja"": ""a0bc6f6fc7a29a80017a433e8f03a1cc1236e838a944a2d034295a60c4f2fddb"", ""processor_config.json"": ""edb8dd5001f02dd3a488fd63d664fcdc5514c4a93962bf1be534a0acf6e2c714"", ""tokenizer.json"": ""ff8cce547abc110590d19c6b5b6e0c6a7b4c8d1012d78b9c42131bae7f494a02"", ""tokenizer_config.json"": ""5afec58078ec072cdc9ad190a63c8657f9c47ec71068ff9c77423f1ea0422364""}",,7f29cebb9d06eca06ad0d6c690e4d5a083b71a9c42008f88e92474e3ff0eb98a,eb4075c77285da02c52794154760fa969fb21ab3dcceb0820cb7d2ba27d27471,http://images.cocodataset.org/train2017/000000285484.jpg,http://images.cocodataset.org/train2017/000000285484.jpg,,http://images.cocodataset.org/train2017/000000285484.jpg,hflip,tier_c_v0.1,"{""algorithm"": ""PIL.Image.FLIP_LEFT_RIGHT applied AFTER uniform 392px long-side preprocessing"", ""axis"": ""visual"", ""condition"": ""hflip_flip"", ""law"": ""flip_expected"", ""relation_rule"": ""mirrored-axis left/right relations flip; vertical/depth relations invariant; no global label flip"", ""transform"": ""hflip""}",,"{""do_sample"": false, ""max_new_tokens"": 5}",tier_c_tierc_full,38ad6fbc3e13cd785730b656c19512866d0845fd,v0.1
vsr_test:0712,vsr_test:0712,test,hflip_flip,visual,The cow is at the left side of the car.,The cow is at the left side of the car.,at the left side of,horizontal,cow,car,False,True,flip_expected,True,True, True,Qwen/Qwen2-VL-7B-Instruct,,7B_hardneg_lora,/home/ubuntu/vlm-spatial-reasoning/checkpoints/qwen2vl_7b_hardneg_lora/final,"{""README.md"": ""ad67fbd14e29a7dae114b54d70c840eab4d917c7d4bbce31d8e923429325d12b"", ""adapter_config.json"": ""9c868e731d9e1e45f0f114c79b1eeca3c96b1d0d3a8f5f93d9ff5a73d690a9df"", ""adapter_model.safetensors"": ""aaad7a39d905ddffc323d02d3beb78717388f29dc19488b91eb5218f4814b697"", ""chat_template.jinja"": ""a0bc6f6fc7a29a80017a433e8f03a1cc1236e838a944a2d034295a60c4f2fddb"", ""processor_config.json"": ""edb8dd5001f02dd3a488fd63d664fcdc5514c4a93962bf1be534a0acf6e2c714"", ""tokenizer.json"": ""ff8cce547abc110590d19c6b5b6e0c6a7b4c8d1012d78b9c42131bae7f494a02"", ""tokenizer_config.json"": ""5afec58078ec072cdc9ad190a63c8657f9c47ec71068ff9c77423f1ea0422364""}",,7f29cebb9d06eca06ad0d6c690e4d5a083b71a9c42008f88e92474e3ff0eb98a,eb4075c77285da02c52794154760fa969fb21ab3dcceb0820cb7d2ba27d27471,http://images.cocodataset.org/train2017/000000343504.jpg,http://images.cocodataset.org/train2017/000000343504.jpg,,http://images.cocodataset.org/train2017/000000343504.jpg,hflip,tier_c_v0.1,"{""algorithm"": ""PIL.Image.FLIP_LEFT_RIGHT applied AFTER uniform 392px long-side preprocessing"", ""axis"": ""visual"", ""condition"": ""hflip_flip"", ""law"": ""flip_expected"", ""relation_rule"": ""mirrored-axis left/right relations flip; vertical/depth relations invariant; no global label flip"", ""transform"": ""hflip""}",,"{""do_sample"": false, ""max_new_tokens"": 5}",tier_c_tierc_full,38ad6fbc3e13cd785730b656c19512866d0845fd,v0.1
vsr_test:0714,vsr_test:0714,test,hflip_flip,visual,The person is right of the teddy bear.,The person is right of the teddy bear.,right of,horizontal,person,,False,True,flip_expected,False,False, False.,Qwen/Qwen2-VL-7B-Instruct,,7B_hardneg_lora,/home/ubuntu/vlm-spatial-reasoning/checkpoints/qwen2vl_7b_hardneg_lora/final,"{""README.md"": ""ad67fbd14e29a7dae114b54d70c840eab4d917c7d4bbce31d8e923429325d12b"", ""adapter_config.json"": ""9c868e731d9e1e45f0f114c79b1eeca3c96b1d0d3a8f5f93d9ff5a73d690a9df"", ""adapter_model.safetensors"": ""aaad7a39d905ddffc323d02d3beb78717388f29dc19488b91eb5218f4814b697"", ""chat_template.jinja"": ""a0bc6f6fc7a29a80017a433e8f03a1cc1236e838a944a2d034295a60c4f2fddb"", ""processor_config.json"": ""edb8dd5001f02dd3a488fd63d664fcdc5514c4a93962bf1be534a0acf6e2c714"", ""tokenizer.json"": ""ff8cce547abc110590d19c6b5b6e0c6a7b4c8d1012d78b9c42131bae7f494a02"", ""tokenizer_config.json"": ""5afec58078ec072cdc9ad190a63c8657f9c47ec71068ff9c77423f1ea0422364""}",,7f29cebb9d06eca06ad0d6c690e4d5a083b71a9c42008f88e92474e3ff0eb98a,eb4075c77285da02c52794154760fa969fb21ab3dcceb0820cb7d2ba27d27471,http://images.cocodataset.org/train2017/000000230004.jpg,http://images.cocodataset.org/train2017/000000230004.jpg,,http://images.cocodataset.org/train2017/000000230004.jpg,hflip,tier_c_v0.1,"{""algorithm"": ""PIL.Image.FLIP_LEFT_RIGHT applied AFTER uniform 392px long-side preprocessing"", ""axis"": ""visual"", ""condition"": ""hflip_flip"", ""law"": ""flip_expected"", ""relation_rule"": ""mirrored-axis left/right relations flip; vertical/depth relations invariant; no global label flip"", ""transform"": ""hflip""}",,"{""do_sample"": false, ""max_new_tokens"": 5}",tier_c_tierc_full,38ad6fbc3e13cd785730b656c19512866d0845fd,v0.1
vsr_test:0717,vsr_test:0717,test,hflip_flip,visual,The teddy bear is left of the cup.,The teddy bear is left of the cup.,left of,horizontal,teddy bear,,False,True,flip_expected,True,True, True.,Qwen/Qwen2-VL-7B-Instruct,,7B_hardneg_lora,/home/ubuntu/vlm-spatial-reasoning/checkpoints/qwen2vl_7b_hardneg_lora/final,"{""README.md"": ""ad67fbd14e29a7dae114b54d70c840eab4d917c7d4bbce31d8e923429325d12b"", ""adapter_config.json"": ""9c868e731d9e1e45f0f114c79b1eeca3c96b1d0d3a8f5f93d9ff5a73d690a9df"", ""adapter_model.safetensors"": ""aaad7a39d905ddffc323d02d3beb78717388f29dc19488b91eb5218f4814b697"", ""chat_template.jinja"": ""a0bc6f6fc7a29a80017a433e8f03a1cc1236e838a944a2d034295a60c4f2fddb"", ""processor_config.json"": ""edb8dd5001f02dd3a488fd63d664fcdc5514c4a93962bf1be534a0acf6e2c714"", ""tokenizer.json"": ""ff8cce547abc110590d19c6b5b6e0c6a7b4c8d1012d78b9c42131bae7f494a02"", ""tokenizer_config.json"": ""5afec58078ec072cdc9ad190a63c8657f9c47ec71068ff9c77423f1ea0422364""}",,7f29cebb9d06eca06ad0d6c690e4d5a083b71a9c42008f88e92474e3ff0eb98a,eb4075c77285da02c52794154760fa969fb21ab3dcceb0820cb7d2ba27d27471,http://images.cocodataset.org/train2017/000000185326.jpg,http://images.cocodataset.org/train2017/000000185326.jpg,,http://images.cocodataset.org/train2017/000000185326.jpg,hflip,tier_c_v0.1,"{""algorithm"": ""PIL.Image.FLIP_LEFT_RIGHT applied AFTER uniform 392px long-side preprocessing"", ""axis"": ""visual"", ""condition"": ""hflip_flip"", ""law"": ""flip_expected"", ""relation_rule"": ""mirrored-axis left/right relations flip; vertical/depth relations invariant; no global label flip"", ""transform"": ""hflip""}",,"{""do_sample"": false, ""max_new_tokens"": 5}",tier_c_tierc_full,38ad6fbc3e13cd785730b656c19512866d0845fd,v0.1
vsr_test:0721,vsr_test:0721,test,hflip_flip,visual,The person is at the left side of the bed.,The person is at the left side of the bed.,at the left side of,horizontal,person,bed,False,True,flip_expected,False,False, False.,Qwen/Qwen2-VL-7B-Instruct,,7B_hardneg_lora,/home/ubuntu/vlm-spatial-reasoning/checkpoints/qwen2vl_7b_hardneg_lora/final,"{""README.md"": ""ad67fbd14e29a7dae114b54d70c840eab4d917c7d4bbce31d8e923429325d12b"", ""adapter_config.json"": ""9c868e731d9e1e45f0f114c79b1eeca3c96b1d0d3a8f5f93d9ff5a73d690a9df"", ""adapter_model.safetensors"": ""aaad7a39d905ddffc323d02d3beb78717388f29dc19488b91eb5218f4814b697"", ""chat_template.jinja"": ""a0bc6f6fc7a29a80017a433e8f03a1cc1236e838a944a2d034295a60c4f2fddb"", ""processor_config.json"": ""edb8dd5001f02dd3a488fd63d664fcdc5514c4a93962bf1be534a0acf6e2c714"", ""tokenizer.json"": ""ff8cce547abc110590d19c6b5b6e0c6a7b4c8d1012d78b9c42131bae7f494a02"", ""tokenizer_config.json"": ""5afec58078ec072cdc9ad190a63c8657f9c47ec71068ff9c77423f1ea0422364""}",,7f29cebb9d06eca06ad0d6c690e4d5a083b71a9c42008f88e92474e3ff0eb98a,eb4075c77285da02c52794154760fa969fb21ab3dcceb0820cb7d2ba27d27471,http://images.cocodataset.org/train2017/000000303047.jpg,http://images.cocodataset.org/train2017/000000303047.jpg,,http://images.cocodataset.org/train2017/000000303047.jpg,hflip,tier_c_v0.1,"{""algorithm"": ""PIL.Image.FLIP_LEFT_RIGHT applied AFTER uniform 392px long-side preprocessing"", ""axis"": ""visual"", ""condition"": ""hflip_flip"", ""law"": ""flip_expected"", ""relation_rule"": ""mirrored-axis left/right relations flip; vertical/depth relations invariant; no global label flip"", ""transform"": ""hflip""}",,"{""do_sample"": false, ""max_new_tokens"": 5}",tier_c_tierc_full,38ad6fbc3e13cd785730b656c19512866d0845fd,v0.1
vsr_test:0726,vsr_test:0726,test,hflip_flip,visual,The train is right of the bus.,The train is right of the bus.,right of,horizontal,train,,True,False,flip_expected,False,True, False.,Qwen/Qwen2-VL-7B-Instruct,,7B_hardneg_lora,/home/ubuntu/vlm-spatial-reasoning/checkpoints/qwen2vl_7b_hardneg_lora/final,"{""README.md"": ""ad67fbd14e29a7dae114b54d70c840eab4d917c7d4bbce31d8e923429325d12b"", ""adapter_config.json"": ""9c868e731d9e1e45f0f114c79b1eeca3c96b1d0d3a8f5f93d9ff5a73d690a9df"", ""adapter_model.safetensors"": ""aaad7a39d905ddffc323d02d3beb78717388f29dc19488b91eb5218f4814b697"", ""chat_template.jinja"": ""a0bc6f6fc7a29a80017a433e8f03a1cc1236e838a944a2d034295a60c4f2fddb"", ""processor_config.json"": ""edb8dd5001f02dd3a488fd63d664fcdc5514c4a93962bf1be534a0acf6e2c714"", ""tokenizer.json"": ""ff8cce547abc110590d19c6b5b6e0c6a7b4c8d1012d78b9c42131bae7f494a02"", ""tokenizer_config.json"": ""5afec58078ec072cdc9ad190a63c8657f9c47ec71068ff9c77423f1ea0422364""}",,7f29cebb9d06eca06ad0d6c690e4d5a083b71a9c42008f88e92474e3ff0eb98a,eb4075c77285da02c52794154760fa969fb21ab3dcceb0820cb7d2ba27d27471,http://images.cocodataset.org/train2017/000000419439.jpg,http://images.cocodataset.org/train2017/000000419439.jpg,,http://images.cocodataset.org/train2017/000000419439.jpg,hflip,tier_c_v0.1,"{""algorithm"": ""PIL.Image.FLIP_LEFT_RIGHT applied AFTER uniform 392px long-side preprocessing"", ""axis"": ""visual"", ""condition"": ""hflip_flip"", ""law"": ""flip_expected"", ""relation_rule"": ""mirrored-axis left/right relations flip; vertical/depth relations invariant; no global label flip"", ""transform"": ""hflip""}",,"{""do_sample"": false, ""max_new_tokens"": 5}",tier_c_tierc_full,38ad6fbc3e13cd785730b656c19512866d0845fd,v0.1
vsr_test:0732,vsr_test:0732,test,hflip_flip,visual,The cow is right of the clock.,The cow is right of the clock.,right of,horizontal,cow,,True,False,flip_expected,False,True, False.,Qwen/Qwen2-VL-7B-Instruct,,7B_hardneg_lora,/home/ubuntu/vlm-spatial-reasoning/checkpoints/qwen2vl_7b_hardneg_lora/final,"{""README.md"": ""ad67fbd14e29a7dae114b54d70c840eab4d917c7d4bbce31d8e923429325d12b"", ""adapter_config.json"": ""9c868e731d9e1e45f0f114c79b1eeca3c96b1d0d3a8f5f93d9ff5a73d690a9df"", ""adapter_model.safetensors"": ""aaad7a39d905ddffc323d02d3beb78717388f29dc19488b91eb5218f4814b697"", ""chat_template.jinja"": ""a0bc6f6fc7a29a80017a433e8f03a1cc1236e838a944a2d034295a60c4f2fddb"", ""processor_config.json"": ""edb8dd5001f02dd3a488fd63d664fcdc5514c4a93962bf1be534a0acf6e2c714"", ""tokenizer.json"": ""ff8cce547abc110590d19c6b5b6e0c6a7b4c8d1012d78b9c42131bae7f494a02"", ""tokenizer_config.json"": ""5afec58078ec072cdc9ad190a63c8657f9c47ec71068ff9c77423f1ea0422364""}",,7f29cebb9d06eca06ad0d6c690e4d5a083b71a9c42008f88e92474e3ff0eb98a,eb4075c77285da02c52794154760fa969fb21ab3dcceb0820cb7d2ba27d27471,http://images.cocodataset.org/train2017/000000449845.jpg,http://images.cocodataset.org/train2017/000000449845.jpg,,http://images.cocodataset.org/train2017/000000449845.jpg,hflip,tier_c_v0.1,"{""algorithm"": ""PIL.Image.FLIP_LEFT_RIGHT applied AFTER uniform 392px long-side preprocessing"", ""axis"": ""visual"", ""condition"": ""hflip_flip"", ""law"": ""flip_expected"", ""relation_rule"": ""mirrored-axis left/right relations flip; vertical/depth relations invariant; no global label flip"", ""transform"": ""hflip""}",,"{""do_sample"": false, ""max_new_tokens"": 5}",tier_c_tierc_full,38ad6fbc3e13cd785730b656c19512866d0845fd,v0.1
vsr_test:0737,vsr_test:0737,test,hflip_flip,visual,The couch is left of the bed.,The couch is left of the bed.,left of,horizontal,couch,,True,False,flip_expected,False,True, False.,Qwen/Qwen2-VL-7B-Instruct,,7B_hardneg_lora,/home/ubuntu/vlm-spatial-reasoning/checkpoints/qwen2vl_7b_hardneg_lora/final,"{""README.md"": ""ad67fbd14e29a7dae114b54d70c840eab4d917c7d4bbce31d8e923429325d12b"", ""adapter_config.json"": ""9c868e731d9e1e45f0f114c79b1eeca3c96b1d0d3a8f5f93d9ff5a73d690a9df"", ""adapter_model.safetensors"": ""aaad7a39d905ddffc323d02d3beb78717388f29dc19488b91eb5218f4814b697"", ""chat_template.jinja"": ""a0bc6f6fc7a29a80017a433e8f03a1cc1236e838a944a2d034295a60c4f2fddb"", ""processor_config.json"": ""edb8dd5001f02dd3a488fd63d664fcdc5514c4a93962bf1be534a0acf6e2c714"", ""tokenizer.json"": ""ff8cce547abc110590d19c6b5b6e0c6a7b4c8d1012d78b9c42131bae7f494a02"", ""tokenizer_config.json"": ""5afec58078ec072cdc9ad190a63c8657f9c47ec71068ff9c77423f1ea0422364""}",,7f29cebb9d06eca06ad0d6c690e4d5a083b71a9c42008f88e92474e3ff0eb98a,eb4075c77285da02c52794154760fa969fb21ab3dcceb0820cb7d2ba27d27471,http://images.cocodataset.org/train2017/000000334215.jpg,http://images.cocodataset.org/train2017/000000334215.jpg,,http://images.cocodataset.org/train2017/000000334215.jpg,hflip,tier_c_v0.1,"{""algorithm"": ""PIL.Image.FLIP_LEFT_RIGHT applied AFTER uniform 392px long-side preprocessing"", ""axis"": ""visual"", ""condition"": ""hflip_flip"", ""law"": ""flip_expected"", ""relation_rule"": ""mirrored-axis left/right relations flip; vertical/depth relations invariant; no global label flip"", ""transform"": ""hflip""}",,"{""do_sample"": false, ""max_new_tokens"": 5}",tier_c_tierc_full,38ad6fbc3e13cd785730b656c19512866d0845fd,v0.1
vsr_test:0741,vsr_test:0741,test,hflip_flip,visual,The teddy bear is at the left side of the dog.,The teddy bear is at the left side of the dog.,at the left side of,horizontal,teddy bear,dog,True,False,flip_expected,True,False, True,Qwen/Qwen2-VL-7B-Instruct,,7B_hardneg_lora,/home/ubuntu/vlm-spatial-reasoning/checkpoints/qwen2vl_7b_hardneg_lora/final,"{""README.md"": ""ad67fbd14e29a7dae114b54d70c840eab4d917c7d4bbce31d8e923429325d12b"", ""adapter_config.json"": ""9c868e731d9e1e45f0f114c79b1eeca3c96b1d0d3a8f5f93d9ff5a73d690a9df"", ""adapter_model.safetensors"": ""aaad7a39d905ddffc323d02d3beb78717388f29dc19488b91eb5218f4814b697"", ""chat_template.jinja"": ""a0bc6f6fc7a29a80017a433e8f03a1cc1236e838a944a2d034295a60c4f2fddb"", ""processor_config.json"": ""edb8dd5001f02dd3a488fd63d664fcdc5514c4a93962bf1be534a0acf6e2c714"", ""tokenizer.json"": ""ff8cce547abc110590d19c6b5b6e0c6a7b4c8d1012d78b9c42131bae7f494a02"", ""tokenizer_config.json"": ""5afec58078ec072cdc9ad190a63c8657f9c47ec71068ff9c77423f1ea0422364""}",,7f29cebb9d06eca06ad0d6c690e4d5a083b71a9c42008f88e92474e3ff0eb98a,eb4075c77285da02c52794154760fa969fb21ab3dcceb0820cb7d2ba27d27471,http://images.cocodataset.org/train2017/000000139355.jpg,http://images.cocodataset.org/train2017/000000139355.jpg,,http://images.cocodataset.org/train2017/000000139355.jpg,hflip,tier_c_v0.1,"{""algorithm"": ""PIL.Image.FLIP_LEFT_RIGHT applied AFTER uniform 392px long-side preprocessing"", ""axis"": ""visual"", ""condition"": ""hflip_flip"", ""law"": ""flip_expected"", ""relation_rule"": ""mirrored-axis left/right relations flip; vertical/depth relations invariant; no global label flip"", ""transform"": ""hflip""}",,"{""do_sample"": false, ""max_new_tokens"": 5}",tier_c_tierc_full,38ad6fbc3e13cd785730b656c19512866d0845fd,v0.1
vsr_test:0762,vsr_test:0762,test,hflip_flip,visual,The person is at the right side of the dining table.,The person is at the right side of the dining table.,at the right side of,horizontal,person,dining table,False,True,flip_expected,True,True, True,Qwen/Qwen2-VL-7B-Instruct,,7B_hardneg_lora,/home/ubuntu/vlm-spatial-reasoning/checkpoints/qwen2vl_7b_hardneg_lora/final,"{""README.md"": ""ad67fbd14e29a7dae114b54d70c840eab4d917c7d4bbce31d8e923429325d12b"", ""adapter_config.json"": ""9c868e731d9e1e45f0f114c79b1eeca3c96b1d0d3a8f5f93d9ff5a73d690a9df"", ""adapter_model.safetensors"": ""aaad7a39d905ddffc323d02d3beb78717388f29dc19488b91eb5218f4814b697"", ""chat_template.jinja"": ""a0bc6f6fc7a29a80017a433e8f03a1cc1236e838a944a2d034295a60c4f2fddb"", ""processor_config.json"": ""edb8dd5001f02dd3a488fd63d664fcdc5514c4a93962bf1be534a0acf6e2c714"", ""tokenizer.json"": ""ff8cce547abc110590d19c6b5b6e0c6a7b4c8d1012d78b9c42131bae7f494a02"", ""tokenizer_config.json"": ""5afec58078ec072cdc9ad190a63c8657f9c47ec71068ff9c77423f1ea0422364""}",,7f29cebb9d06eca06ad0d6c690e4d5a083b71a9c42008f88e92474e3ff0eb98a,eb4075c77285da02c52794154760fa969fb21ab3dcceb0820cb7d2ba27d27471,http://images.cocodataset.org/train2017/000000057639.jpg,http://images.cocodataset.org/train2017/000000057639.jpg,,http://images.cocodataset.org/train2017/000000057639.jpg,hflip,tier_c_v0.1,"{""algorithm"": ""PIL.Image.FLIP_LEFT_RIGHT applied AFTER uniform 392px long-side preprocessing"", ""axis"": ""visual"", ""condition"": ""hflip_flip"", ""law"": ""flip_expected"", ""relation_rule"": ""mirrored-axis left/right relations flip; vertical/depth relations invariant; no global label flip"", ""transform"": ""hflip""}",,"{""do_sample"": false, ""max_new_tokens"": 5}",tier_c_tierc_full,38ad6fbc3e13cd785730b656c19512866d0845fd,v0.1
vsr_test:0798,vsr_test:0798,test,hflip_flip,visual,The teddy bear is at the left side of the couch.,The teddy bear is at the left side of the couch.,at the left side of,horizontal,teddy bear,couch,False,True,flip_expected,False,False, False.,Qwen/Qwen2-VL-7B-Instruct,,7B_hardneg_lora,/home/ubuntu/vlm-spatial-reasoning/checkpoints/qwen2vl_7b_hardneg_lora/final,"{""README.md"": ""ad67fbd14e29a7dae114b54d70c840eab4d917c7d4bbce31d8e923429325d12b"", ""adapter_config.json"": ""9c868e731d9e1e45f0f114c79b1eeca3c96b1d0d3a8f5f93d9ff5a73d690a9df"", ""adapter_model.safetensors"": ""aaad7a39d905ddffc323d02d3beb78717388f29dc19488b91eb5218f4814b697"", ""chat_template.jinja"": ""a0bc6f6fc7a29a80017a433e8f03a1cc1236e838a944a2d034295a60c4f2fddb"", ""processor_config.json"": ""edb8dd5001f02dd3a488fd63d664fcdc5514c4a93962bf1be534a0acf6e2c714"", ""tokenizer.json"": ""ff8cce547abc110590d19c6b5b6e0c6a7b4c8d1012d78b9c42131bae7f494a02"", ""tokenizer_config.json"": ""5afec58078ec072cdc9ad190a63c8657f9c47ec71068ff9c77423f1ea0422364""}",,7f29cebb9d06eca06ad0d6c690e4d5a083b71a9c42008f88e92474e3ff0eb98a,eb4075c77285da02c52794154760fa969fb21ab3dcceb0820cb7d2ba27d27471,http://images.cocodataset.org/train2017/000000178818.jpg,http://images.cocodataset.org/train2017/000000178818.jpg,,http://images.cocodataset.org/train2017/000000178818.jpg,hflip,tier_c_v0.1,"{""algorithm"": ""PIL.Image.FLIP_LEFT_RIGHT applied AFTER uniform 392px long-side preprocessing"", ""axis"": ""visual"", ""condition"": ""hflip_flip"", ""law"": ""flip_expected"", ""relation_rule"": ""mirrored-axis left/right relations flip; vertical/depth relations invariant; no global label flip"", ""transform"": ""hflip""}",,"{""do_sample"": false, ""max_new_tokens"": 5}",tier_c_tierc_full,38ad6fbc3e13cd785730b656c19512866d0845fd,v0.1
vsr_test:0802,vsr_test:0802,test,hflip_flip,visual,The laptop is at the left side of the dog.,The laptop is at the left side of the dog.,at the left side of,horizontal,laptop,dog,False,True,flip_expected,True,True, True.,Qwen/Qwen2-VL-7B-Instruct,,7B_hardneg_lora,/home/ubuntu/vlm-spatial-reasoning/checkpoints/qwen2vl_7b_hardneg_lora/final,"{""README.md"": ""ad67fbd14e29a7dae114b54d70c840eab4d917c7d4bbce31d8e923429325d12b"", ""adapter_config.json"": ""9c868e731d9e1e45f0f114c79b1eeca3c96b1d0d3a8f5f93d9ff5a73d690a9df"", ""adapter_model.safetensors"": ""aaad7a39d905ddffc323d02d3beb78717388f29dc19488b91eb5218f4814b697"", ""chat_template.jinja"": ""a0bc6f6fc7a29a80017a433e8f03a1cc1236e838a944a2d034295a60c4f2fddb"", ""processor_config.json"": ""edb8dd5001f02dd3a488fd63d664fcdc5514c4a93962bf1be534a0acf6e2c714"", ""tokenizer.json"": ""ff8cce547abc110590d19c6b5b6e0c6a7b4c8d1012d78b9c42131bae7f494a02"", ""tokenizer_config.json"": ""5afec58078ec072cdc9ad190a63c8657f9c47ec71068ff9c77423f1ea0422364""}",,7f29cebb9d06eca06ad0d6c690e4d5a083b71a9c42008f88e92474e3ff0eb98a,eb4075c77285da02c52794154760fa969fb21ab3dcceb0820cb7d2ba27d27471,http://images.cocodataset.org/train2017/000000025994.jpg,http://images.cocodataset.org/train2017/000000025994.jpg,,http://images.cocodataset.org/train2017/000000025994.jpg,hflip,tier_c_v0.1,"{""algorithm"": ""PIL.Image.FLIP_LEFT_RIGHT applied AFTER uniform 392px long-side preprocessing"", ""axis"": ""visual"", ""condition"": ""hflip_flip"", ""law"": ""flip_expected"", ""relation_rule"": ""mirrored-axis left/right relations flip; vertical/depth relations invariant; no global label flip"", ""transform"": ""hflip""}",,"{""do_sample"": false, ""max_new_tokens"": 5}",tier_c_tierc_full,38ad6fbc3e13cd785730b656c19512866d0845fd,v0.1
vsr_test:0814,vsr_test:0814,test,hflip_flip,visual,The bed is left of the tv.,The bed is left of the tv.,left of,horizontal,bed,,False,True,flip_expected,False,False, False.,Qwen/Qwen2-VL-7B-Instruct,,7B_hardneg_lora,/home/ubuntu/vlm-spatial-reasoning/checkpoints/qwen2vl_7b_hardneg_lora/final,"{""README.md"": ""ad67fbd14e29a7dae114b54d70c840eab4d917c7d4bbce31d8e923429325d12b"", ""adapter_config.json"": ""9c868e731d9e1e45f0f114c79b1eeca3c96b1d0d3a8f5f93d9ff5a73d690a9df"", ""adapter_model.safetensors"": ""aaad7a39d905ddffc323d02d3beb78717388f29dc19488b91eb5218f4814b697"", ""chat_template.jinja"": ""a0bc6f6fc7a29a80017a433e8f03a1cc1236e838a944a2d034295a60c4f2fddb"", ""processor_config.json"": ""edb8dd5001f02dd3a488fd63d664fcdc5514c4a93962bf1be534a0acf6e2c714"", ""tokenizer.json"": ""ff8cce547abc110590d19c6b5b6e0c6a7b4c8d1012d78b9c42131bae7f494a02"", ""tokenizer_config.json"": ""5afec58078ec072cdc9ad190a63c8657f9c47ec71068ff9c77423f1ea0422364""}",,7f29cebb9d06eca06ad0d6c690e4d5a083b71a9c42008f88e92474e3ff0eb98a,eb4075c77285da02c52794154760fa969fb21ab3dcceb0820cb7d2ba27d27471,http://images.cocodataset.org/train2017/000000109106.jpg,http://images.cocodataset.org/train2017/000000109106.jpg,,http://images.cocodataset.org/train2017/000000109106.jpg,hflip,tier_c_v0.1,"{""algorithm"": ""PIL.Image.FLIP_LEFT_RIGHT applied AFTER uniform 392px long-side preprocessing"", ""axis"": ""visual"", ""condition"": ""hflip_flip"", ""law"": ""flip_expected"", ""relation_rule"": ""mirrored-axis left/right relations flip; vertical/depth relations invariant; no global label flip"", ""transform"": ""hflip""}",,"{""do_sample"": false, ""max_new_tokens"": 5}",tier_c_tierc_full,38ad6fbc3e13cd785730b656c19512866d0845fd,v0.1
vsr_test:0816,vsr_test:0816,test,hflip_flip,visual,The umbrella is left of the train.,The umbrella is left of the train.,left of,horizontal,umbrella,,False,True,flip_expected,False,False, False.,Qwen/Qwen2-VL-7B-Instruct,,7B_hardneg_lora,/home/ubuntu/vlm-spatial-reasoning/checkpoints/qwen2vl_7b_hardneg_lora/final,"{""README.md"": ""ad67fbd14e29a7dae114b54d70c840eab4d917c7d4bbce31d8e923429325d12b"", ""adapter_config.json"": ""9c868e731d9e1e45f0f114c79b1eeca3c96b1d0d3a8f5f93d9ff5a73d690a9df"", ""adapter_model.safetensors"": ""aaad7a39d905ddffc323d02d3beb78717388f29dc19488b91eb5218f4814b697"", ""chat_template.jinja"": ""a0bc6f6fc7a29a80017a433e8f03a1cc1236e838a944a2d034295a60c4f2fddb"", ""processor_config.json"": ""edb8dd5001f02dd3a488fd63d664fcdc5514c4a93962bf1be534a0acf6e2c714"", ""tokenizer.json"": ""ff8cce547abc110590d19c6b5b6e0c6a7b4c8d1012d78b9c42131bae7f494a02"", ""tokenizer_config.json"": ""5afec58078ec072cdc9ad190a63c8657f9c47ec71068ff9c77423f1ea0422364""}",,7f29cebb9d06eca06ad0d6c690e4d5a083b71a9c42008f88e92474e3ff0eb98a,eb4075c77285da02c52794154760fa969fb21ab3dcceb0820cb7d2ba27d27471,http://images.cocodataset.org/train2017/000000296797.jpg,http://images.cocodataset.org/train2017/000000296797.jpg,,http://images.cocodataset.org/train2017/000000296797.jpg,hflip,tier_c_v0.1,"{""algorithm"": ""PIL.Image.FLIP_LEFT_RIGHT applied AFTER uniform 392px long-side preprocessing"", ""axis"": ""visual"", ""condition"": ""hflip_flip"", ""law"": ""flip_expected"", ""relation_rule"": ""mirrored-axis left/right relations flip; vertical/depth relations invariant; no global label flip"", ""transform"": ""hflip""}",,"{""do_sample"": false, ""max_new_tokens"": 5}",tier_c_tierc_full,38ad6fbc3e13cd785730b656c19512866d0845fd,v0.1
vsr_test:0819,vsr_test:0819,test,hflip_flip,visual,The apple is left of the banana.,The apple is left of the banana.,left of,horizontal,apple,,True,False,flip_expected,False,True, False.,Qwen/Qwen2-VL-7B-Instruct,,7B_hardneg_lora,/home/ubuntu/vlm-spatial-reasoning/checkpoints/qwen2vl_7b_hardneg_lora/final,"{""README.md"": ""ad67fbd14e29a7dae114b54d70c840eab4d917c7d4bbce31d8e923429325d12b"", ""adapter_config.json"": ""9c868e731d9e1e45f0f114c79b1eeca3c96b1d0d3a8f5f93d9ff5a73d690a9df"", ""adapter_model.safetensors"": ""aaad7a39d905ddffc323d02d3beb78717388f29dc19488b91eb5218f4814b697"", ""chat_template.jinja"": ""a0bc6f6fc7a29a80017a433e8f03a1cc1236e838a944a2d034295a60c4f2fddb"", ""processor_config.json"": ""edb8dd5001f02dd3a488fd63d664fcdc5514c4a93962bf1be534a0acf6e2c714"", ""tokenizer.json"": ""ff8cce547abc110590d19c6b5b6e0c6a7b4c8d1012d78b9c42131bae7f494a02"", ""tokenizer_config.json"": ""5afec58078ec072cdc9ad190a63c8657f9c47ec71068ff9c77423f1ea0422364""}",,7f29cebb9d06eca06ad0d6c690e4d5a083b71a9c42008f88e92474e3ff0eb98a,eb4075c77285da02c52794154760fa969fb21ab3dcceb0820cb7d2ba27d27471,http://images.cocodataset.org/train2017/000000125499.jpg,http://images.cocodataset.org/train2017/000000125499.jpg,,http://images.cocodataset.org/train2017/000000125499.jpg,hflip,tier_c_v0.1,"{""algorithm"": ""PIL.Image.FLIP_LEFT_RIGHT applied AFTER uniform 392px long-side preprocessing"", ""axis"": ""visual"", ""condition"": ""hflip_flip"", ""law"": ""flip_expected"", ""relation_rule"": ""mirrored-axis left/right relations flip; vertical/depth relations invariant; no global label flip"", ""transform"": ""hflip""}",,"{""do_sample"": false, ""max_new_tokens"": 5}",tier_c_tierc_full,38ad6fbc3e13cd785730b656c19512866d0845fd,v0.1
vsr_test:0821,vsr_test:0821,test,hflip_flip,visual,The donut is left of the cup.,The donut is left of the cup.,left of,horizontal,donut,,True,False,flip_expected,False,True, False.,Qwen/Qwen2-VL-7B-Instruct,,7B_hardneg_lora,/home/ubuntu/vlm-spatial-reasoning/checkpoints/qwen2vl_7b_hardneg_lora/final,"{""README.md"": ""ad67fbd14e29a7dae114b54d70c840eab4d917c7d4bbce31d8e923429325d12b"", ""adapter_config.json"": ""9c868e731d9e1e45f0f114c79b1eeca3c96b1d0d3a8f5f93d9ff5a73d690a9df"", ""adapter_model.safetensors"": ""aaad7a39d905ddffc323d02d3beb78717388f29dc19488b91eb5218f4814b697"", ""chat_template.jinja"": ""a0bc6f6fc7a29a80017a433e8f03a1cc1236e838a944a2d034295a60c4f2fddb"", ""processor_config.json"": ""edb8dd5001f02dd3a488fd63d664fcdc5514c4a93962bf1be534a0acf6e2c714"", ""tokenizer.json"": ""ff8cce547abc110590d19c6b5b6e0c6a7b4c8d1012d78b9c42131bae7f494a02"", ""tokenizer_config.json"": ""5afec58078ec072cdc9ad190a63c8657f9c47ec71068ff9c77423f1ea0422364""}",,7f29cebb9d06eca06ad0d6c690e4d5a083b71a9c42008f88e92474e3ff0eb98a,eb4075c77285da02c52794154760fa969fb21ab3dcceb0820cb7d2ba27d27471,http://images.cocodataset.org/train2017/000000316482.jpg,http://images.cocodataset.org/train2017/000000316482.jpg,,http://images.cocodataset.org/train2017/000000316482.jpg,hflip,tier_c_v0.1,"{""algorithm"": ""PIL.Image.FLIP_LEFT_RIGHT applied AFTER uniform 392px long-side preprocessing"", ""axis"": ""visual"", ""condition"": ""hflip_flip"", ""law"": ""flip_expected"", ""relation_rule"": ""mirrored-axis left/right relations flip; vertical/depth relations invariant; no global label flip"", ""transform"": ""hflip""}",,"{""do_sample"": false, ""max_new_tokens"": 5}",tier_c_tierc_full,38ad6fbc3e13cd785730b656c19512866d0845fd,v0.1
vsr_test:0833,vsr_test:0833,test,hflip_flip,visual,The person is at the left side of the couch.,The person is at the left side of the couch.,at the left side of,horizontal,person,couch,True,False,flip_expected,False,True, False.,Qwen/Qwen2-VL-7B-Instruct,,7B_hardneg_lora,/home/ubuntu/vlm-spatial-reasoning/checkpoints/qwen2vl_7b_hardneg_lora/final,"{""README.md"": ""ad67fbd14e29a7dae114b54d70c840eab4d917c7d4bbce31d8e923429325d12b"", ""adapter_config.json"": ""9c868e731d9e1e45f0f114c79b1eeca3c96b1d0d3a8f5f93d9ff5a73d690a9df"", ""adapter_model.safetensors"": ""aaad7a39d905ddffc323d02d3beb78717388f29dc19488b91eb5218f4814b697"", ""chat_template.jinja"": ""a0bc6f6fc7a29a80017a433e8f03a1cc1236e838a944a2d034295a60c4f2fddb"", ""processor_config.json"": ""edb8dd5001f02dd3a488fd63d664fcdc5514c4a93962bf1be534a0acf6e2c714"", ""tokenizer.json"": ""ff8cce547abc110590d19c6b5b6e0c6a7b4c8d1012d78b9c42131bae7f494a02"", ""tokenizer_config.json"": ""5afec58078ec072cdc9ad190a63c8657f9c47ec71068ff9c77423f1ea0422364""}",,7f29cebb9d06eca06ad0d6c690e4d5a083b71a9c42008f88e92474e3ff0eb98a,eb4075c77285da02c52794154760fa969fb21ab3dcceb0820cb7d2ba27d27471,http://images.cocodataset.org/train2017/000000527691.jpg,http://images.cocodataset.org/train2017/000000527691.jpg,,http://images.cocodataset.org/train2017/000000527691.jpg,hflip,tier_c_v0.1,"{""algorithm"": ""PIL.Image.FLIP_LEFT_RIGHT applied AFTER uniform 392px long-side preprocessing"", ""axis"": ""visual"", ""condition"": ""hflip_flip"", ""law"": ""flip_expected"", ""relation_rule"": ""mirrored-axis left/right relations flip; vertical/depth relations invariant; no global label flip"", ""transform"": ""hflip""}",,"{""do_sample"": false, ""max_new_tokens"": 5}",tier_c_tierc_full,38ad6fbc3e13cd785730b656c19512866d0845fd,v0.1
vsr_test:0836,vsr_test:0836,test,hflip_flip,visual,The apple is at the right side of the bird.,The apple is at the right side of the bird.,at the right side of,horizontal,apple,bird,False,True,flip_expected,True,True, True,Qwen/Qwen2-VL-7B-Instruct,,7B_hardneg_lora,/home/ubuntu/vlm-spatial-reasoning/checkpoints/qwen2vl_7b_hardneg_lora/final,"{""README.md"": ""ad67fbd14e29a7dae114b54d70c840eab4d917c7d4bbce31d8e923429325d12b"", ""adapter_config.json"": ""9c868e731d9e1e45f0f114c79b1eeca3c96b1d0d3a8f5f93d9ff5a73d690a9df"", ""adapter_model.safetensors"": ""aaad7a39d905ddffc323d02d3beb78717388f29dc19488b91eb5218f4814b697"", ""chat_template.jinja"": ""a0bc6f6fc7a29a80017a433e8f03a1cc1236e838a944a2d034295a60c4f2fddb"", ""processor_config.json"": ""edb8dd5001f02dd3a488fd63d664fcdc5514c4a93962bf1be534a0acf6e2c714"", ""tokenizer.json"": ""ff8cce547abc110590d19c6b5b6e0c6a7b4c8d1012d78b9c42131bae7f494a02"", ""tokenizer_config.json"": ""5afec58078ec072cdc9ad190a63c8657f9c47ec71068ff9c77423f1ea0422364""}",,7f29cebb9d06eca06ad0d6c690e4d5a083b71a9c42008f88e92474e3ff0eb98a,eb4075c77285da02c52794154760fa969fb21ab3dcceb0820cb7d2ba27d27471,http://images.cocodataset.org/train2017/000000444080.jpg,http://images.cocodataset.org/train2017/000000444080.jpg,,http://images.cocodataset.org/train2017/000000444080.jpg,hflip,tier_c_v0.1,"{""algorithm"": ""PIL.Image.FLIP_LEFT_RIGHT applied AFTER uniform 392px long-side preprocessing"", ""axis"": ""visual"", ""condition"": ""hflip_flip"", ""law"": ""flip_expected"", ""relation_rule"": ""mirrored-axis left/right relations flip; vertical/depth relations invariant; no global label flip"", ""transform"": ""hflip""}",,"{""do_sample"": false, ""max_new_tokens"": 5}",tier_c_tierc_full,38ad6fbc3e13cd785730b656c19512866d0845fd,v0.1
vsr_test:0865,vsr_test:0865,test,hflip_flip,visual,The teddy bear is at the left side of the dog.,The teddy bear is at the left side of the dog.,at the left side of,horizontal,teddy bear,dog,True,False,flip_expected,False,True, False.,Qwen/Qwen2-VL-7B-Instruct,,7B_hardneg_lora,/home/ubuntu/vlm-spatial-reasoning/checkpoints/qwen2vl_7b_hardneg_lora/final,"{""README.md"": ""ad67fbd14e29a7dae114b54d70c840eab4d917c7d4bbce31d8e923429325d12b"", ""adapter_config.json"": ""9c868e731d9e1e45f0f114c79b1eeca3c96b1d0d3a8f5f93d9ff5a73d690a9df"", ""adapter_model.safetensors"": ""aaad7a39d905ddffc323d02d3beb78717388f29dc19488b91eb5218f4814b697"", ""chat_template.jinja"": ""a0bc6f6fc7a29a80017a433e8f03a1cc1236e838a944a2d034295a60c4f2fddb"", ""processor_config.json"": ""edb8dd5001f02dd3a488fd63d664fcdc5514c4a93962bf1be534a0acf6e2c714"", ""tokenizer.json"": ""ff8cce547abc110590d19c6b5b6e0c6a7b4c8d1012d78b9c42131bae7f494a02"", ""tokenizer_config.json"": ""5afec58078ec072cdc9ad190a63c8657f9c47ec71068ff9c77423f1ea0422364""}",,7f29cebb9d06eca06ad0d6c690e4d5a083b71a9c42008f88e92474e3ff0eb98a,eb4075c77285da02c52794154760fa969fb21ab3dcceb0820cb7d2ba27d27471,http://images.cocodataset.org/train2017/000000529411.jpg,http://images.cocodataset.org/train2017/000000529411.jpg,,http://images.cocodataset.org/train2017/000000529411.jpg,hflip,tier_c_v0.1,"{""algorithm"": ""PIL.Image.FLIP_LEFT_RIGHT applied AFTER uniform 392px long-side preprocessing"", ""axis"": ""visual"", ""condition"": ""hflip_flip"", ""law"": ""flip_expected"", ""relation_rule"": ""mirrored-axis left/right relations flip; vertical/depth relations invariant; no global label flip"", ""transform"": ""hflip""}",,"{""do_sample"": false, ""max_new_tokens"": 5}",tier_c_tierc_full,38ad6fbc3e13cd785730b656c19512866d0845fd,v0.1
vsr_test:0866,vsr_test:0866,test,hflip_flip,visual,The person is left of the teddy bear.,The person is left of the teddy bear.,left of,horizontal,person,,True,False,flip_expected,False,True, False.,Qwen/Qwen2-VL-7B-Instruct,,7B_hardneg_lora,/home/ubuntu/vlm-spatial-reasoning/checkpoints/qwen2vl_7b_hardneg_lora/final,"{""README.md"": ""ad67fbd14e29a7dae114b54d70c840eab4d917c7d4bbce31d8e923429325d12b"", ""adapter_config.json"": ""9c868e731d9e1e45f0f114c79b1eeca3c96b1d0d3a8f5f93d9ff5a73d690a9df"", ""adapter_model.safetensors"": ""aaad7a39d905ddffc323d02d3beb78717388f29dc19488b91eb5218f4814b697"", ""chat_template.jinja"": ""a0bc6f6fc7a29a80017a433e8f03a1cc1236e838a944a2d034295a60c4f2fddb"", ""processor_config.json"": ""edb8dd5001f02dd3a488fd63d664fcdc5514c4a93962bf1be534a0acf6e2c714"", ""tokenizer.json"": ""ff8cce547abc110590d19c6b5b6e0c6a7b4c8d1012d78b9c42131bae7f494a02"", ""tokenizer_config.json"": ""5afec58078ec072cdc9ad190a63c8657f9c47ec71068ff9c77423f1ea0422364""}",,7f29cebb9d06eca06ad0d6c690e4d5a083b71a9c42008f88e92474e3ff0eb98a,eb4075c77285da02c52794154760fa969fb21ab3dcceb0820cb7d2ba27d27471,http://images.cocodataset.org/train2017/000000215396.jpg,http://images.cocodataset.org/train2017/000000215396.jpg,,http://images.cocodataset.org/train2017/000000215396.jpg,hflip,tier_c_v0.1,"{""algorithm"": ""PIL.Image.FLIP_LEFT_RIGHT applied AFTER uniform 392px long-side preprocessing"", ""axis"": ""visual"", ""condition"": ""hflip_flip"", ""law"": ""flip_expected"", ""relation_rule"": ""mirrored-axis left/right relations flip; vertical/depth relations invariant; no global label flip"", ""transform"": ""hflip""}",,"{""do_sample"": false, ""max_new_tokens"": 5}",tier_c_tierc_full,38ad6fbc3e13cd785730b656c19512866d0845fd,v0.1
vsr_test:0872,vsr_test:0872,test,hflip_flip,visual,The motorcycle is at the left side of the car.,The motorcycle is at the left side of the car.,at the left side of,horizontal,motorcycle,car,False,True,flip_expected,True,True, True.,Qwen/Qwen2-VL-7B-Instruct,,7B_hardneg_lora,/home/ubuntu/vlm-spatial-reasoning/checkpoints/qwen2vl_7b_hardneg_lora/final,"{""README.md"": ""ad67fbd14e29a7dae114b54d70c840eab4d917c7d4bbce31d8e923429325d12b"", ""adapter_config.json"": ""9c868e731d9e1e45f0f114c79b1eeca3c96b1d0d3a8f5f93d9ff5a73d690a9df"", ""adapter_model.safetensors"": ""aaad7a39d905ddffc323d02d3beb78717388f29dc19488b91eb5218f4814b697"", ""chat_template.jinja"": ""a0bc6f6fc7a29a80017a433e8f03a1cc1236e838a944a2d034295a60c4f2fddb"", ""processor_config.json"": ""edb8dd5001f02dd3a488fd63d664fcdc5514c4a93962bf1be534a0acf6e2c714"", ""tokenizer.json"": ""ff8cce547abc110590d19c6b5b6e0c6a7b4c8d1012d78b9c42131bae7f494a02"", ""tokenizer_config.json"": ""5afec58078ec072cdc9ad190a63c8657f9c47ec71068ff9c77423f1ea0422364""}",,7f29cebb9d06eca06ad0d6c690e4d5a083b71a9c42008f88e92474e3ff0eb98a,eb4075c77285da02c52794154760fa969fb21ab3dcceb0820cb7d2ba27d27471,http://images.cocodataset.org/train2017/000000443589.jpg,http://images.cocodataset.org/train2017/000000443589.jpg,,http://images.cocodataset.org/train2017/000000443589.jpg,hflip,tier_c_v0.1,"{""algorithm"": ""PIL.Image.FLIP_LEFT_RIGHT applied AFTER uniform 392px long-side preprocessing"", ""axis"": ""visual"", ""condition"": ""hflip_flip"", ""law"": ""flip_expected"", ""relation_rule"": ""mirrored-axis left/right relations flip; vertical/depth relations invariant; no global label flip"", ""transform"": ""hflip""}",,"{""do_sample"": false, ""max_new_tokens"": 5}",tier_c_tierc_full,38ad6fbc3e13cd785730b656c19512866d0845fd,v0.1
vsr_test:0875,vsr_test:0875,test,hflip_flip,visual,The umbrella is at the left side of the cat.,The umbrella is at the left side of the cat.,at the left side of,horizontal,umbrella,cat,False,True,flip_expected,False,False, False.,Qwen/Qwen2-VL-7B-Instruct,,7B_hardneg_lora,/home/ubuntu/vlm-spatial-reasoning/checkpoints/qwen2vl_7b_hardneg_lora/final,"{""README.md"": ""ad67fbd14e29a7dae114b54d70c840eab4d917c7d4bbce31d8e923429325d12b"", ""adapter_config.json"": ""9c868e731d9e1e45f0f114c79b1eeca3c96b1d0d3a8f5f93d9ff5a73d690a9df"", ""adapter_model.safetensors"": ""aaad7a39d905ddffc323d02d3beb78717388f29dc19488b91eb5218f4814b697"", ""chat_template.jinja"": ""a0bc6f6fc7a29a80017a433e8f03a1cc1236e838a944a2d034295a60c4f2fddb"", ""processor_config.json"": ""edb8dd5001f02dd3a488fd63d664fcdc5514c4a93962bf1be534a0acf6e2c714"", ""tokenizer.json"": ""ff8cce547abc110590d19c6b5b6e0c6a7b4c8d1012d78b9c42131bae7f494a02"", ""tokenizer_config.json"": ""5afec58078ec072cdc9ad190a63c8657f9c47ec71068ff9c77423f1ea0422364""}",,7f29cebb9d06eca06ad0d6c690e4d5a083b71a9c42008f88e92474e3ff0eb98a,eb4075c77285da02c52794154760fa969fb21ab3dcceb0820cb7d2ba27d27471,http://images.cocodataset.org/train2017/000000029145.jpg,http://images.cocodataset.org/train2017/000000029145.jpg,,http://images.cocodataset.org/train2017/000000029145.jpg,hflip,tier_c_v0.1,"{""algorithm"": ""PIL.Image.FLIP_LEFT_RIGHT applied AFTER uniform 392px long-side preprocessing"", ""axis"": ""visual"", ""condition"": ""hflip_flip"", ""law"": ""flip_expected"", ""relation_rule"": ""mirrored-axis left/right relations flip; vertical/depth relations invariant; no global label flip"", ""transform"": ""hflip""}",,"{""do_sample"": false, ""max_new_tokens"": 5}",tier_c_tierc_full,38ad6fbc3e13cd785730b656c19512866d0845fd,v0.1
vsr_test:0878,vsr_test:0878,test,hflip_flip,visual,The bed is at the right side of the dining table.,The bed is at the right side of the dining table.,at the right side of,horizontal,bed,dining table,True,False,flip_expected,False,True, False.,Qwen/Qwen2-VL-7B-Instruct,,7B_hardneg_lora,/home/ubuntu/vlm-spatial-reasoning/checkpoints/qwen2vl_7b_hardneg_lora/final,"{""README.md"": ""ad67fbd14e29a7dae114b54d70c840eab4d917c7d4bbce31d8e923429325d12b"", ""adapter_config.json"": ""9c868e731d9e1e45f0f114c79b1eeca3c96b1d0d3a8f5f93d9ff5a73d690a9df"", ""adapter_model.safetensors"": ""aaad7a39d905ddffc323d02d3beb78717388f29dc19488b91eb5218f4814b697"", ""chat_template.jinja"": ""a0bc6f6fc7a29a80017a433e8f03a1cc1236e838a944a2d034295a60c4f2fddb"", ""processor_config.json"": ""edb8dd5001f02dd3a488fd63d664fcdc5514c4a93962bf1be534a0acf6e2c714"", ""tokenizer.json"": ""ff8cce547abc110590d19c6b5b6e0c6a7b4c8d1012d78b9c42131bae7f494a02"", ""tokenizer_config.json"": ""5afec58078ec072cdc9ad190a63c8657f9c47ec71068ff9c77423f1ea0422364""}",,7f29cebb9d06eca06ad0d6c690e4d5a083b71a9c42008f88e92474e3ff0eb98a,eb4075c77285da02c52794154760fa969fb21ab3dcceb0820cb7d2ba27d27471,http://images.cocodataset.org/train2017/000000457906.jpg,http://images.cocodataset.org/train2017/000000457906.jpg,,http://images.cocodataset.org/train2017/000000457906.jpg,hflip,tier_c_v0.1,"{""algorithm"": ""PIL.Image.FLIP_LEFT_RIGHT applied AFTER uniform 392px long-side preprocessing"", ""axis"": ""visual"", ""condition"": ""hflip_flip"", ""law"": ""flip_expected"", ""relation_rule"": ""mirrored-axis left/right relations flip; vertical/depth relations invariant; no global label flip"", ""transform"": ""hflip""}",,"{""do_sample"": false, ""max_new_tokens"": 5}",tier_c_tierc_full,38ad6fbc3e13cd785730b656c19512866d0845fd,v0.1
vsr_test:0888,vsr_test:0888,test,hflip_flip,visual,The hair drier is left of the person.,The hair drier is left of the person.,left of,horizontal,hair drier,,True,False,flip_expected,False,True, False.,Qwen/Qwen2-VL-7B-Instruct,,7B_hardneg_lora,/home/ubuntu/vlm-spatial-reasoning/checkpoints/qwen2vl_7b_hardneg_lora/final,"{""README.md"": ""ad67fbd14e29a7dae114b54d70c840eab4d917c7d4bbce31d8e923429325d12b"", ""adapter_config.json"": ""9c868e731d9e1e45f0f114c79b1eeca3c96b1d0d3a8f5f93d9ff5a73d690a9df"", ""adapter_model.safetensors"": ""aaad7a39d905ddffc323d02d3beb78717388f29dc19488b91eb5218f4814b697"", ""chat_template.jinja"": ""a0bc6f6fc7a29a80017a433e8f03a1cc1236e838a944a2d034295a60c4f2fddb"", ""processor_config.json"": ""edb8dd5001f02dd3a488fd63d664fcdc5514c4a93962bf1be534a0acf6e2c714"", ""tokenizer.json"": ""ff8cce547abc110590d19c6b5b6e0c6a7b4c8d1012d78b9c42131bae7f494a02"", ""tokenizer_config.json"": ""5afec58078ec072cdc9ad190a63c8657f9c47ec71068ff9c77423f1ea0422364""}",,7f29cebb9d06eca06ad0d6c690e4d5a083b71a9c42008f88e92474e3ff0eb98a,eb4075c77285da02c52794154760fa969fb21ab3dcceb0820cb7d2ba27d27471,http://images.cocodataset.org/train2017/000000375483.jpg,http://images.cocodataset.org/train2017/000000375483.jpg,,http://images.cocodataset.org/train2017/000000375483.jpg,hflip,tier_c_v0.1,"{""algorithm"": ""PIL.Image.FLIP_LEFT_RIGHT applied AFTER uniform 392px long-side preprocessing"", ""axis"": ""visual"", ""condition"": ""hflip_flip"", ""law"": ""flip_expected"", ""relation_rule"": ""mirrored-axis left/right relations flip; vertical/depth relations invariant; no global label flip"", ""transform"": ""hflip""}",,"{""do_sample"": false, ""max_new_tokens"": 5}",tier_c_tierc_full,38ad6fbc3e13cd785730b656c19512866d0845fd,v0.1
vsr_test:0898,vsr_test:0898,test,hflip_flip,visual,The bed is at the left side of the couch.,The bed is at the left side of the couch.,at the left side of,horizontal,bed,couch,False,True,flip_expected,False,False, False.,Qwen/Qwen2-VL-7B-Instruct,,7B_hardneg_lora,/home/ubuntu/vlm-spatial-reasoning/checkpoints/qwen2vl_7b_hardneg_lora/final,"{""README.md"": ""ad67fbd14e29a7dae114b54d70c840eab4d917c7d4bbce31d8e923429325d12b"", ""adapter_config.json"": ""9c868e731d9e1e45f0f114c79b1eeca3c96b1d0d3a8f5f93d9ff5a73d690a9df"", ""adapter_model.safetensors"": ""aaad7a39d905ddffc323d02d3beb78717388f29dc19488b91eb5218f4814b697"", ""chat_template.jinja"": ""a0bc6f6fc7a29a80017a433e8f03a1cc1236e838a944a2d034295a60c4f2fddb"", ""processor_config.json"": ""edb8dd5001f02dd3a488fd63d664fcdc5514c4a93962bf1be534a0acf6e2c714"", ""tokenizer.json"": ""ff8cce547abc110590d19c6b5b6e0c6a7b4c8d1012d78b9c42131bae7f494a02"", ""tokenizer_config.json"": ""5afec58078ec072cdc9ad190a63c8657f9c47ec71068ff9c77423f1ea0422364""}",,7f29cebb9d06eca06ad0d6c690e4d5a083b71a9c42008f88e92474e3ff0eb98a,eb4075c77285da02c52794154760fa969fb21ab3dcceb0820cb7d2ba27d27471,http://images.cocodataset.org/train2017/000000131352.jpg,http://images.cocodataset.org/train2017/000000131352.jpg,,http://images.cocodataset.org/train2017/000000131352.jpg,hflip,tier_c_v0.1,"{""algorithm"": ""PIL.Image.FLIP_LEFT_RIGHT applied AFTER uniform 392px long-side preprocessing"", ""axis"": ""visual"", ""condition"": ""hflip_flip"", ""law"": ""flip_expected"", ""relation_rule"": ""mirrored-axis left/right relations flip; vertical/depth relations invariant; no global label flip"", ""transform"": ""hflip""}",,"{""do_sample"": false, ""max_new_tokens"": 5}",tier_c_tierc_full,38ad6fbc3e13cd785730b656c19512866d0845fd,v0.1
vsr_test:0900,vsr_test:0900,test,hflip_flip,visual,The person is at the right side of the cake.,The person is at the right side of the cake.,at the right side of,horizontal,person,cake,True,False,flip_expected,False,True, False,Qwen/Qwen2-VL-7B-Instruct,,7B_hardneg_lora,/home/ubuntu/vlm-spatial-reasoning/checkpoints/qwen2vl_7b_hardneg_lora/final,"{""README.md"": ""ad67fbd14e29a7dae114b54d70c840eab4d917c7d4bbce31d8e923429325d12b"", ""adapter_config.json"": ""9c868e731d9e1e45f0f114c79b1eeca3c96b1d0d3a8f5f93d9ff5a73d690a9df"", ""adapter_model.safetensors"": ""aaad7a39d905ddffc323d02d3beb78717388f29dc19488b91eb5218f4814b697"", ""chat_template.jinja"": ""a0bc6f6fc7a29a80017a433e8f03a1cc1236e838a944a2d034295a60c4f2fddb"", ""processor_config.json"": ""edb8dd5001f02dd3a488fd63d664fcdc5514c4a93962bf1be534a0acf6e2c714"", ""tokenizer.json"": ""ff8cce547abc110590d19c6b5b6e0c6a7b4c8d1012d78b9c42131bae7f494a02"", ""tokenizer_config.json"": ""5afec58078ec072cdc9ad190a63c8657f9c47ec71068ff9c77423f1ea0422364""}",,7f29cebb9d06eca06ad0d6c690e4d5a083b71a9c42008f88e92474e3ff0eb98a,eb4075c77285da02c52794154760fa969fb21ab3dcceb0820cb7d2ba27d27471,http://images.cocodataset.org/train2017/000000271759.jpg,http://images.cocodataset.org/train2017/000000271759.jpg,,http://images.cocodataset.org/train2017/000000271759.jpg,hflip,tier_c_v0.1,"{""algorithm"": ""PIL.Image.FLIP_LEFT_RIGHT applied AFTER uniform 392px long-side preprocessing"", ""axis"": ""visual"", ""condition"": ""hflip_flip"", ""law"": ""flip_expected"", ""relation_rule"": ""mirrored-axis left/right relations flip; vertical/depth relations invariant; no global label flip"", ""transform"": ""hflip""}",,"{""do_sample"": false, ""max_new_tokens"": 5}",tier_c_tierc_full,38ad6fbc3e13cd785730b656c19512866d0845fd,v0.1
vsr_test:0910,vsr_test:0910,test,hflip_flip,visual,The person is at the right side of the oven.,The person is at the right side of the oven.,at the right side of,horizontal,person,oven,False,True,flip_expected,True,True, True,Qwen/Qwen2-VL-7B-Instruct,,7B_hardneg_lora,/home/ubuntu/vlm-spatial-reasoning/checkpoints/qwen2vl_7b_hardneg_lora/final,"{""README.md"": ""ad67fbd14e29a7dae114b54d70c840eab4d917c7d4bbce31d8e923429325d12b"", ""adapter_config.json"": ""9c868e731d9e1e45f0f114c79b1eeca3c96b1d0d3a8f5f93d9ff5a73d690a9df"", ""adapter_model.safetensors"": ""aaad7a39d905ddffc323d02d3beb78717388f29dc19488b91eb5218f4814b697"", ""chat_template.jinja"": ""a0bc6f6fc7a29a80017a433e8f03a1cc1236e838a944a2d034295a60c4f2fddb"", ""processor_config.json"": ""edb8dd5001f02dd3a488fd63d664fcdc5514c4a93962bf1be534a0acf6e2c714"", ""tokenizer.json"": ""ff8cce547abc110590d19c6b5b6e0c6a7b4c8d1012d78b9c42131bae7f494a02"", ""tokenizer_config.json"": ""5afec58078ec072cdc9ad190a63c8657f9c47ec71068ff9c77423f1ea0422364""}",,7f29cebb9d06eca06ad0d6c690e4d5a083b71a9c42008f88e92474e3ff0eb98a,eb4075c77285da02c52794154760fa969fb21ab3dcceb0820cb7d2ba27d27471,http://images.cocodataset.org/train2017/000000121046.jpg,http://images.cocodataset.org/train2017/000000121046.jpg,,http://images.cocodataset.org/train2017/000000121046.jpg,hflip,tier_c_v0.1,"{""algorithm"": ""PIL.Image.FLIP_LEFT_RIGHT applied AFTER uniform 392px long-side preprocessing"", ""axis"": ""visual"", ""condition"": ""hflip_flip"", ""law"": ""flip_expected"", ""relation_rule"": ""mirrored-axis left/right relations flip; vertical/depth relations invariant; no global label flip"", ""transform"": ""hflip""}",,"{""do_sample"": false, ""max_new_tokens"": 5}",tier_c_tierc_full,38ad6fbc3e13cd785730b656c19512866d0845fd,v0.1
vsr_test:0912,vsr_test:0912,test,hflip_flip,visual,The hot dog is right of the cup.,The hot dog is right of the cup.,right of,horizontal,hot dog,,True,False,flip_expected,False,True, False.,Qwen/Qwen2-VL-7B-Instruct,,7B_hardneg_lora,/home/ubuntu/vlm-spatial-reasoning/checkpoints/qwen2vl_7b_hardneg_lora/final,"{""README.md"": ""ad67fbd14e29a7dae114b54d70c840eab4d917c7d4bbce31d8e923429325d12b"", ""adapter_config.json"": ""9c868e731d9e1e45f0f114c79b1eeca3c96b1d0d3a8f5f93d9ff5a73d690a9df"", ""adapter_model.safetensors"": ""aaad7a39d905ddffc323d02d3beb78717388f29dc19488b91eb5218f4814b697"", ""chat_template.jinja"": ""a0bc6f6fc7a29a80017a433e8f03a1cc1236e838a944a2d034295a60c4f2fddb"", ""processor_config.json"": ""edb8dd5001f02dd3a488fd63d664fcdc5514c4a93962bf1be534a0acf6e2c714"", ""tokenizer.json"": ""ff8cce547abc110590d19c6b5b6e0c6a7b4c8d1012d78b9c42131bae7f494a02"", ""tokenizer_config.json"": ""5afec58078ec072cdc9ad190a63c8657f9c47ec71068ff9c77423f1ea0422364""}",,7f29cebb9d06eca06ad0d6c690e4d5a083b71a9c42008f88e92474e3ff0eb98a,eb4075c77285da02c52794154760fa969fb21ab3dcceb0820cb7d2ba27d27471,http://images.cocodataset.org/train2017/000000289199.jpg,http://images.cocodataset.org/train2017/000000289199.jpg,,http://images.cocodataset.org/train2017/000000289199.jpg,hflip,tier_c_v0.1,"{""algorithm"": ""PIL.Image.FLIP_LEFT_RIGHT applied AFTER uniform 392px long-side preprocessing"", ""axis"": ""visual"", ""condition"": ""hflip_flip"", ""law"": ""flip_expected"", ""relation_rule"": ""mirrored-axis left/right relations flip; vertical/depth relations invariant; no global label flip"", ""transform"": ""hflip""}",,"{""do_sample"": false, ""max_new_tokens"": 5}",tier_c_tierc_full,38ad6fbc3e13cd785730b656c19512866d0845fd,v0.1
vsr_test:0917,vsr_test:0917,test,hflip_flip,visual,The person is at the left side of the keyboard.,The person is at the left side of the keyboard.,at the left side of,horizontal,person,keyboard,True,False,flip_expected,False,True, False,Qwen/Qwen2-VL-7B-Instruct,,7B_hardneg_lora,/home/ubuntu/vlm-spatial-reasoning/checkpoints/qwen2vl_7b_hardneg_lora/final,"{""README.md"": ""ad67fbd14e29a7dae114b54d70c840eab4d917c7d4bbce31d8e923429325d12b"", ""adapter_config.json"": ""9c868e731d9e1e45f0f114c79b1eeca3c96b1d0d3a8f5f93d9ff5a73d690a9df"", ""adapter_model.safetensors"": ""aaad7a39d905ddffc323d02d3beb78717388f29dc19488b91eb5218f4814b697"", ""chat_template.jinja"": ""a0bc6f6fc7a29a80017a433e8f03a1cc1236e838a944a2d034295a60c4f2fddb"", ""processor_config.json"": ""edb8dd5001f02dd3a488fd63d664fcdc5514c4a93962bf1be534a0acf6e2c714"", ""tokenizer.json"": ""ff8cce547abc110590d19c6b5b6e0c6a7b4c8d1012d78b9c42131bae7f494a02"", ""tokenizer_config.json"": ""5afec58078ec072cdc9ad190a63c8657f9c47ec71068ff9c77423f1ea0422364""}",,7f29cebb9d06eca06ad0d6c690e4d5a083b71a9c42008f88e92474e3ff0eb98a,eb4075c77285da02c52794154760fa969fb21ab3dcceb0820cb7d2ba27d27471,http://images.cocodataset.org/train2017/000000544046.jpg,http://images.cocodataset.org/train2017/000000544046.jpg,,http://images.cocodataset.org/train2017/000000544046.jpg,hflip,tier_c_v0.1,"{""algorithm"": ""PIL.Image.FLIP_LEFT_RIGHT applied AFTER uniform 392px long-side preprocessing"", ""axis"": ""visual"", ""condition"": ""hflip_flip"", ""law"": ""flip_expected"", ""relation_rule"": ""mirrored-axis left/right relations flip; vertical/depth relations invariant; no global label flip"", ""transform"": ""hflip""}",,"{""do_sample"": false, ""max_new_tokens"": 5}",tier_c_tierc_full,38ad6fbc3e13cd785730b656c19512866d0845fd,v0.1
vsr_test:0920,vsr_test:0920,test,hflip_flip,visual,The car is left of the surfboard.,The car is left of the surfboard.,left of,horizontal,car,,False,True,flip_expected,False,False, False.,Qwen/Qwen2-VL-7B-Instruct,,7B_hardneg_lora,/home/ubuntu/vlm-spatial-reasoning/checkpoints/qwen2vl_7b_hardneg_lora/final,"{""README.md"": ""ad67fbd14e29a7dae114b54d70c840eab4d917c7d4bbce31d8e923429325d12b"", ""adapter_config.json"": ""9c868e731d9e1e45f0f114c79b1eeca3c96b1d0d3a8f5f93d9ff5a73d690a9df"", ""adapter_model.safetensors"": ""aaad7a39d905ddffc323d02d3beb78717388f29dc19488b91eb5218f4814b697"", ""chat_template.jinja"": ""a0bc6f6fc7a29a80017a433e8f03a1cc1236e838a944a2d034295a60c4f2fddb"", ""processor_config.json"": ""edb8dd5001f02dd3a488fd63d664fcdc5514c4a93962bf1be534a0acf6e2c714"", ""tokenizer.json"": ""ff8cce547abc110590d19c6b5b6e0c6a7b4c8d1012d78b9c42131bae7f494a02"", ""tokenizer_config.json"": ""5afec58078ec072cdc9ad190a63c8657f9c47ec71068ff9c77423f1ea0422364""}",,7f29cebb9d06eca06ad0d6c690e4d5a083b71a9c42008f88e92474e3ff0eb98a,eb4075c77285da02c52794154760fa969fb21ab3dcceb0820cb7d2ba27d27471,http://images.cocodataset.org/train2017/000000525695.jpg,http://images.cocodataset.org/train2017/000000525695.jpg,,http://images.cocodataset.org/train2017/000000525695.jpg,hflip,tier_c_v0.1,"{""algorithm"": ""PIL.Image.FLIP_LEFT_RIGHT applied AFTER uniform 392px long-side preprocessing"", ""axis"": ""visual"", ""condition"": ""hflip_flip"", ""law"": ""flip_expected"", ""relation_rule"": ""mirrored-axis left/right relations flip; vertical/depth relations invariant; no global label flip"", ""transform"": ""hflip""}",,"{""do_sample"": false, ""max_new_tokens"": 5}",tier_c_tierc_full,38ad6fbc3e13cd785730b656c19512866d0845fd,v0.1
vsr_test:0924,vsr_test:0924,test,hflip_flip,visual,The chair is at the left side of the tv.,The chair is at the left side of the tv.,at the left side of,horizontal,chair,tv,True,False,flip_expected,False,True, False.,Qwen/Qwen2-VL-7B-Instruct,,7B_hardneg_lora,/home/ubuntu/vlm-spatial-reasoning/checkpoints/qwen2vl_7b_hardneg_lora/final,"{""README.md"": ""ad67fbd14e29a7dae114b54d70c840eab4d917c7d4bbce31d8e923429325d12b"", ""adapter_config.json"": ""9c868e731d9e1e45f0f114c79b1eeca3c96b1d0d3a8f5f93d9ff5a73d690a9df"", ""adapter_model.safetensors"": ""aaad7a39d905ddffc323d02d3beb78717388f29dc19488b91eb5218f4814b697"", ""chat_template.jinja"": ""a0bc6f6fc7a29a80017a433e8f03a1cc1236e838a944a2d034295a60c4f2fddb"", ""processor_config.json"": ""edb8dd5001f02dd3a488fd63d664fcdc5514c4a93962bf1be534a0acf6e2c714"", ""tokenizer.json"": ""ff8cce547abc110590d19c6b5b6e0c6a7b4c8d1012d78b9c42131bae7f494a02"", ""tokenizer_config.json"": ""5afec58078ec072cdc9ad190a63c8657f9c47ec71068ff9c77423f1ea0422364""}",,7f29cebb9d06eca06ad0d6c690e4d5a083b71a9c42008f88e92474e3ff0eb98a,eb4075c77285da02c52794154760fa969fb21ab3dcceb0820cb7d2ba27d27471,http://images.cocodataset.org/train2017/000000036962.jpg,http://images.cocodataset.org/train2017/000000036962.jpg,,http://images.cocodataset.org/train2017/000000036962.jpg,hflip,tier_c_v0.1,"{""algorithm"": ""PIL.Image.FLIP_LEFT_RIGHT applied AFTER uniform 392px long-side preprocessing"", ""axis"": ""visual"", ""condition"": ""hflip_flip"", ""law"": ""flip_expected"", ""relation_rule"": ""mirrored-axis left/right relations flip; vertical/depth relations invariant; no global label flip"", ""transform"": ""hflip""}",,"{""do_sample"": false, ""max_new_tokens"": 5}",tier_c_tierc_full,38ad6fbc3e13cd785730b656c19512866d0845fd,v0.1
vsr_test:0943,vsr_test:0943,test,hflip_flip,visual,The umbrella is at the right side of the cat.,The umbrella is at the right side of the cat.,at the right side of,horizontal,umbrella,cat,True,False,flip_expected,False,True, False.,Qwen/Qwen2-VL-7B-Instruct,,7B_hardneg_lora,/home/ubuntu/vlm-spatial-reasoning/checkpoints/qwen2vl_7b_hardneg_lora/final,"{""README.md"": ""ad67fbd14e29a7dae114b54d70c840eab4d917c7d4bbce31d8e923429325d12b"", ""adapter_config.json"": ""9c868e731d9e1e45f0f114c79b1eeca3c96b1d0d3a8f5f93d9ff5a73d690a9df"", ""adapter_model.safetensors"": ""aaad7a39d905ddffc323d02d3beb78717388f29dc19488b91eb5218f4814b697"", ""chat_template.jinja"": ""a0bc6f6fc7a29a80017a433e8f03a1cc1236e838a944a2d034295a60c4f2fddb"", ""processor_config.json"": ""edb8dd5001f02dd3a488fd63d664fcdc5514c4a93962bf1be534a0acf6e2c714"", ""tokenizer.json"": ""ff8cce547abc110590d19c6b5b6e0c6a7b4c8d1012d78b9c42131bae7f494a02"", ""tokenizer_config.json"": ""5afec58078ec072cdc9ad190a63c8657f9c47ec71068ff9c77423f1ea0422364""}",,7f29cebb9d06eca06ad0d6c690e4d5a083b71a9c42008f88e92474e3ff0eb98a,eb4075c77285da02c52794154760fa969fb21ab3dcceb0820cb7d2ba27d27471,http://images.cocodataset.org/train2017/000000565110.jpg,http://images.cocodataset.org/train2017/000000565110.jpg,,http://images.cocodataset.org/train2017/000000565110.jpg,hflip,tier_c_v0.1,"{""algorithm"": ""PIL.Image.FLIP_LEFT_RIGHT applied AFTER uniform 392px long-side preprocessing"", ""axis"": ""visual"", ""condition"": ""hflip_flip"", ""law"": ""flip_expected"", ""relation_rule"": ""mirrored-axis left/right relations flip; vertical/depth relations invariant; no global label flip"", ""transform"": ""hflip""}",,"{""do_sample"": false, ""max_new_tokens"": 5}",tier_c_tierc_full,38ad6fbc3e13cd785730b656c19512866d0845fd,v0.1
vsr_test:0947,vsr_test:0947,test,hflip_flip,visual,The person is at the left side of the refrigerator.,The person is at the left side of the refrigerator.,at the left side of,horizontal,person,refrigerator,False,True,flip_expected,False,False, False.,Qwen/Qwen2-VL-7B-Instruct,,7B_hardneg_lora,/home/ubuntu/vlm-spatial-reasoning/checkpoints/qwen2vl_7b_hardneg_lora/final,"{""README.md"": ""ad67fbd14e29a7dae114b54d70c840eab4d917c7d4bbce31d8e923429325d12b"", ""adapter_config.json"": ""9c868e731d9e1e45f0f114c79b1eeca3c96b1d0d3a8f5f93d9ff5a73d690a9df"", ""adapter_model.safetensors"": ""aaad7a39d905ddffc323d02d3beb78717388f29dc19488b91eb5218f4814b697"", ""chat_template.jinja"": ""a0bc6f6fc7a29a80017a433e8f03a1cc1236e838a944a2d034295a60c4f2fddb"", ""processor_config.json"": ""edb8dd5001f02dd3a488fd63d664fcdc5514c4a93962bf1be534a0acf6e2c714"", ""tokenizer.json"": ""ff8cce547abc110590d19c6b5b6e0c6a7b4c8d1012d78b9c42131bae7f494a02"", ""tokenizer_config.json"": ""5afec58078ec072cdc9ad190a63c8657f9c47ec71068ff9c77423f1ea0422364""}",,7f29cebb9d06eca06ad0d6c690e4d5a083b71a9c42008f88e92474e3ff0eb98a,eb4075c77285da02c52794154760fa969fb21ab3dcceb0820cb7d2ba27d27471,http://images.cocodataset.org/train2017/000000242203.jpg,http://images.cocodataset.org/train2017/000000242203.jpg,,http://images.cocodataset.org/train2017/000000242203.jpg,hflip,tier_c_v0.1,"{""algorithm"": ""PIL.Image.FLIP_LEFT_RIGHT applied AFTER uniform 392px long-side preprocessing"", ""axis"": ""visual"", ""condition"": ""hflip_flip"", ""law"": ""flip_expected"", ""relation_rule"": ""mirrored-axis left/right relations flip; vertical/depth relations invariant; no global label flip"", ""transform"": ""hflip""}",,"{""do_sample"": false, ""max_new_tokens"": 5}",tier_c_tierc_full,38ad6fbc3e13cd785730b656c19512866d0845fd,v0.1
vsr_test:0954,vsr_test:0954,test,hflip_flip,visual,The person is at the right side of the cake.,The person is at the right side of the cake.,at the right side of,horizontal,person,cake,True,False,flip_expected,False,True, False.,Qwen/Qwen2-VL-7B-Instruct,,7B_hardneg_lora,/home/ubuntu/vlm-spatial-reasoning/checkpoints/qwen2vl_7b_hardneg_lora/final,"{""README.md"": ""ad67fbd14e29a7dae114b54d70c840eab4d917c7d4bbce31d8e923429325d12b"", ""adapter_config.json"": ""9c868e731d9e1e45f0f114c79b1eeca3c96b1d0d3a8f5f93d9ff5a73d690a9df"", ""adapter_model.safetensors"": ""aaad7a39d905ddffc323d02d3beb78717388f29dc19488b91eb5218f4814b697"", ""chat_template.jinja"": ""a0bc6f6fc7a29a80017a433e8f03a1cc1236e838a944a2d034295a60c4f2fddb"", ""processor_config.json"": ""edb8dd5001f02dd3a488fd63d664fcdc5514c4a93962bf1be534a0acf6e2c714"", ""tokenizer.json"": ""ff8cce547abc110590d19c6b5b6e0c6a7b4c8d1012d78b9c42131bae7f494a02"", ""tokenizer_config.json"": ""5afec58078ec072cdc9ad190a63c8657f9c47ec71068ff9c77423f1ea0422364""}",,7f29cebb9d06eca06ad0d6c690e4d5a083b71a9c42008f88e92474e3ff0eb98a,eb4075c77285da02c52794154760fa969fb21ab3dcceb0820cb7d2ba27d27471,http://images.cocodataset.org/train2017/000000324156.jpg,http://images.cocodataset.org/train2017/000000324156.jpg,,http://images.cocodataset.org/train2017/000000324156.jpg,hflip,tier_c_v0.1,"{""algorithm"": ""PIL.Image.FLIP_LEFT_RIGHT applied AFTER uniform 392px long-side preprocessing"", ""axis"": ""visual"", ""condition"": ""hflip_flip"", ""law"": ""flip_expected"", ""relation_rule"": ""mirrored-axis left/right relations flip; vertical/depth relations invariant; no global label flip"", ""transform"": ""hflip""}",,"{""do_sample"": false, ""max_new_tokens"": 5}",tier_c_tierc_full,38ad6fbc3e13cd785730b656c19512866d0845fd,v0.1
vsr_test:0956,vsr_test:0956,test,hflip_flip,visual,The cat is left of the sink.,The cat is left of the sink.,left of,horizontal,cat,,False,True,flip_expected,False,False, False.,Qwen/Qwen2-VL-7B-Instruct,,7B_hardneg_lora,/home/ubuntu/vlm-spatial-reasoning/checkpoints/qwen2vl_7b_hardneg_lora/final,"{""README.md"": ""ad67fbd14e29a7dae114b54d70c840eab4d917c7d4bbce31d8e923429325d12b"", ""adapter_config.json"": ""9c868e731d9e1e45f0f114c79b1eeca3c96b1d0d3a8f5f93d9ff5a73d690a9df"", ""adapter_model.safetensors"": ""aaad7a39d905ddffc323d02d3beb78717388f29dc19488b91eb5218f4814b697"", ""chat_template.jinja"": ""a0bc6f6fc7a29a80017a433e8f03a1cc1236e838a944a2d034295a60c4f2fddb"", ""processor_config.json"": ""edb8dd5001f02dd3a488fd63d664fcdc5514c4a93962bf1be534a0acf6e2c714"", ""tokenizer.json"": ""ff8cce547abc110590d19c6b5b6e0c6a7b4c8d1012d78b9c42131bae7f494a02"", ""tokenizer_config.json"": ""5afec58078ec072cdc9ad190a63c8657f9c47ec71068ff9c77423f1ea0422364""}",,7f29cebb9d06eca06ad0d6c690e4d5a083b71a9c42008f88e92474e3ff0eb98a,eb4075c77285da02c52794154760fa969fb21ab3dcceb0820cb7d2ba27d27471,http://images.cocodataset.org/val2017/000000094336.jpg,http://images.cocodataset.org/val2017/000000094336.jpg,,http://images.cocodataset.org/val2017/000000094336.jpg,hflip,tier_c_v0.1,"{""algorithm"": ""PIL.Image.FLIP_LEFT_RIGHT applied AFTER uniform 392px long-side preprocessing"", ""axis"": ""visual"", ""condition"": ""hflip_flip"", ""law"": ""flip_expected"", ""relation_rule"": ""mirrored-axis left/right relations flip; vertical/depth relations invariant; no global label flip"", ""transform"": ""hflip""}",,"{""do_sample"": false, ""max_new_tokens"": 5}",tier_c_tierc_full,38ad6fbc3e13cd785730b656c19512866d0845fd,v0.1
vsr_test:0958,vsr_test:0958,test,hflip_flip,visual,The keyboard is at the right side of the person.,The keyboard is at the right side of the person.,at the right side of,horizontal,keyboard,person,False,True,flip_expected,False,False, False.,Qwen/Qwen2-VL-7B-Instruct,,7B_hardneg_lora,/home/ubuntu/vlm-spatial-reasoning/checkpoints/qwen2vl_7b_hardneg_lora/final,"{""README.md"": ""ad67fbd14e29a7dae114b54d70c840eab4d917c7d4bbce31d8e923429325d12b"", ""adapter_config.json"": ""9c868e731d9e1e45f0f114c79b1eeca3c96b1d0d3a8f5f93d9ff5a73d690a9df"", ""adapter_model.safetensors"": ""aaad7a39d905ddffc323d02d3beb78717388f29dc19488b91eb5218f4814b697"", ""chat_template.jinja"": ""a0bc6f6fc7a29a80017a433e8f03a1cc1236e838a944a2d034295a60c4f2fddb"", ""processor_config.json"": ""edb8dd5001f02dd3a488fd63d664fcdc5514c4a93962bf1be534a0acf6e2c714"", ""tokenizer.json"": ""ff8cce547abc110590d19c6b5b6e0c6a7b4c8d1012d78b9c42131bae7f494a02"", ""tokenizer_config.json"": ""5afec58078ec072cdc9ad190a63c8657f9c47ec71068ff9c77423f1ea0422364""}",,7f29cebb9d06eca06ad0d6c690e4d5a083b71a9c42008f88e92474e3ff0eb98a,eb4075c77285da02c52794154760fa969fb21ab3dcceb0820cb7d2ba27d27471,http://images.cocodataset.org/train2017/000000481124.jpg,http://images.cocodataset.org/train2017/000000481124.jpg,,http://images.cocodataset.org/train2017/000000481124.jpg,hflip,tier_c_v0.1,"{""algorithm"": ""PIL.Image.FLIP_LEFT_RIGHT applied AFTER uniform 392px long-side preprocessing"", ""axis"": ""visual"", ""condition"": ""hflip_flip"", ""law"": ""flip_expected"", ""relation_rule"": ""mirrored-axis left/right relations flip; vertical/depth relations invariant; no global label flip"", ""transform"": ""hflip""}",,"{""do_sample"": false, ""max_new_tokens"": 5}",tier_c_tierc_full,38ad6fbc3e13cd785730b656c19512866d0845fd,v0.1
vsr_test:0962,vsr_test:0962,test,hflip_flip,visual,The person is at the left side of the suitcase.,The person is at the left side of the suitcase.,at the left side of,horizontal,person,suitcase,False,True,flip_expected,False,False, False.,Qwen/Qwen2-VL-7B-Instruct,,7B_hardneg_lora,/home/ubuntu/vlm-spatial-reasoning/checkpoints/qwen2vl_7b_hardneg_lora/final,"{""README.md"": ""ad67fbd14e29a7dae114b54d70c840eab4d917c7d4bbce31d8e923429325d12b"", ""adapter_config.json"": ""9c868e731d9e1e45f0f114c79b1eeca3c96b1d0d3a8f5f93d9ff5a73d690a9df"", ""adapter_model.safetensors"": ""aaad7a39d905ddffc323d02d3beb78717388f29dc19488b91eb5218f4814b697"", ""chat_template.jinja"": ""a0bc6f6fc7a29a80017a433e8f03a1cc1236e838a944a2d034295a60c4f2fddb"", ""processor_config.json"": ""edb8dd5001f02dd3a488fd63d664fcdc5514c4a93962bf1be534a0acf6e2c714"", ""tokenizer.json"": ""ff8cce547abc110590d19c6b5b6e0c6a7b4c8d1012d78b9c42131bae7f494a02"", ""tokenizer_config.json"": ""5afec58078ec072cdc9ad190a63c8657f9c47ec71068ff9c77423f1ea0422364""}",,7f29cebb9d06eca06ad0d6c690e4d5a083b71a9c42008f88e92474e3ff0eb98a,eb4075c77285da02c52794154760fa969fb21ab3dcceb0820cb7d2ba27d27471,http://images.cocodataset.org/train2017/000000246863.jpg,http://images.cocodataset.org/train2017/000000246863.jpg,,http://images.cocodataset.org/train2017/000000246863.jpg,hflip,tier_c_v0.1,"{""algorithm"": ""PIL.Image.FLIP_LEFT_RIGHT applied AFTER uniform 392px long-side preprocessing"", ""axis"": ""visual"", ""condition"": ""hflip_flip"", ""law"": ""flip_expected"", ""relation_rule"": ""mirrored-axis left/right relations flip; vertical/depth relations invariant; no global label flip"", ""transform"": ""hflip""}",,"{""do_sample"": false, ""max_new_tokens"": 5}",tier_c_tierc_full,38ad6fbc3e13cd785730b656c19512866d0845fd,v0.1
vsr_test:0965,vsr_test:0965,test,hflip_flip,visual,The couch is at the right side of the bench.,The couch is at the right side of the bench.,at the right side of,horizontal,couch,bench,True,False,flip_expected,False,True, False.,Qwen/Qwen2-VL-7B-Instruct,,7B_hardneg_lora,/home/ubuntu/vlm-spatial-reasoning/checkpoints/qwen2vl_7b_hardneg_lora/final,"{""README.md"": ""ad67fbd14e29a7dae114b54d70c840eab4d917c7d4bbce31d8e923429325d12b"", ""adapter_config.json"": ""9c868e731d9e1e45f0f114c79b1eeca3c96b1d0d3a8f5f93d9ff5a73d690a9df"", ""adapter_model.safetensors"": ""aaad7a39d905ddffc323d02d3beb78717388f29dc19488b91eb5218f4814b697"", ""chat_template.jinja"": ""a0bc6f6fc7a29a80017a433e8f03a1cc1236e838a944a2d034295a60c4f2fddb"", ""processor_config.json"": ""edb8dd5001f02dd3a488fd63d664fcdc5514c4a93962bf1be534a0acf6e2c714"", ""tokenizer.json"": ""ff8cce547abc110590d19c6b5b6e0c6a7b4c8d1012d78b9c42131bae7f494a02"", ""tokenizer_config.json"": ""5afec58078ec072cdc9ad190a63c8657f9c47ec71068ff9c77423f1ea0422364""}",,7f29cebb9d06eca06ad0d6c690e4d5a083b71a9c42008f88e92474e3ff0eb98a,eb4075c77285da02c52794154760fa969fb21ab3dcceb0820cb7d2ba27d27471,http://images.cocodataset.org/train2017/000000541721.jpg,http://images.cocodataset.org/train2017/000000541721.jpg,,http://images.cocodataset.org/train2017/000000541721.jpg,hflip,tier_c_v0.1,"{""algorithm"": ""PIL.Image.FLIP_LEFT_RIGHT applied AFTER uniform 392px long-side preprocessing"", ""axis"": ""visual"", ""condition"": ""hflip_flip"", ""law"": ""flip_expected"", ""relation_rule"": ""mirrored-axis left/right relations flip; vertical/depth relations invariant; no global label flip"", ""transform"": ""hflip""}",,"{""do_sample"": false, ""max_new_tokens"": 5}",tier_c_tierc_full,38ad6fbc3e13cd785730b656c19512866d0845fd,v0.1
vsr_test:0966,vsr_test:0966,test,hflip_flip,visual,The wine glass is at the left side of the pizza.,The wine glass is at the left side of the pizza.,at the left side of,horizontal,wine glass,pizza,False,True,flip_expected,True,True, True,Qwen/Qwen2-VL-7B-Instruct,,7B_hardneg_lora,/home/ubuntu/vlm-spatial-reasoning/checkpoints/qwen2vl_7b_hardneg_lora/final,"{""README.md"": ""ad67fbd14e29a7dae114b54d70c840eab4d917c7d4bbce31d8e923429325d12b"", ""adapter_config.json"": ""9c868e731d9e1e45f0f114c79b1eeca3c96b1d0d3a8f5f93d9ff5a73d690a9df"", ""adapter_model.safetensors"": ""aaad7a39d905ddffc323d02d3beb78717388f29dc19488b91eb5218f4814b697"", ""chat_template.jinja"": ""a0bc6f6fc7a29a80017a433e8f03a1cc1236e838a944a2d034295a60c4f2fddb"", ""processor_config.json"": ""edb8dd5001f02dd3a488fd63d664fcdc5514c4a93962bf1be534a0acf6e2c714"", ""tokenizer.json"": ""ff8cce547abc110590d19c6b5b6e0c6a7b4c8d1012d78b9c42131bae7f494a02"", ""tokenizer_config.json"": ""5afec58078ec072cdc9ad190a63c8657f9c47ec71068ff9c77423f1ea0422364""}",,7f29cebb9d06eca06ad0d6c690e4d5a083b71a9c42008f88e92474e3ff0eb98a,eb4075c77285da02c52794154760fa969fb21ab3dcceb0820cb7d2ba27d27471,http://images.cocodataset.org/train2017/000000481886.jpg,http://images.cocodataset.org/train2017/000000481886.jpg,,http://images.cocodataset.org/train2017/000000481886.jpg,hflip,tier_c_v0.1,"{""algorithm"": ""PIL.Image.FLIP_LEFT_RIGHT applied AFTER uniform 392px long-side preprocessing"", ""axis"": ""visual"", ""condition"": ""hflip_flip"", ""law"": ""flip_expected"", ""relation_rule"": ""mirrored-axis left/right relations flip; vertical/depth relations invariant; no global label flip"", ""transform"": ""hflip""}",,"{""do_sample"": false, ""max_new_tokens"": 5}",tier_c_tierc_full,38ad6fbc3e13cd785730b656c19512866d0845fd,v0.1
vsr_test:0970,vsr_test:0970,test,hflip_flip,visual,The bed is left of the refrigerator.,The bed is left of the refrigerator.,left of,horizontal,bed,,False,True,flip_expected,True,True, True,Qwen/Qwen2-VL-7B-Instruct,,7B_hardneg_lora,/home/ubuntu/vlm-spatial-reasoning/checkpoints/qwen2vl_7b_hardneg_lora/final,"{""README.md"": ""ad67fbd14e29a7dae114b54d70c840eab4d917c7d4bbce31d8e923429325d12b"", ""adapter_config.json"": ""9c868e731d9e1e45f0f114c79b1eeca3c96b1d0d3a8f5f93d9ff5a73d690a9df"", ""adapter_model.safetensors"": ""aaad7a39d905ddffc323d02d3beb78717388f29dc19488b91eb5218f4814b697"", ""chat_template.jinja"": ""a0bc6f6fc7a29a80017a433e8f03a1cc1236e838a944a2d034295a60c4f2fddb"", ""processor_config.json"": ""edb8dd5001f02dd3a488fd63d664fcdc5514c4a93962bf1be534a0acf6e2c714"", ""tokenizer.json"": ""ff8cce547abc110590d19c6b5b6e0c6a7b4c8d1012d78b9c42131bae7f494a02"", ""tokenizer_config.json"": ""5afec58078ec072cdc9ad190a63c8657f9c47ec71068ff9c77423f1ea0422364""}",,7f29cebb9d06eca06ad0d6c690e4d5a083b71a9c42008f88e92474e3ff0eb98a,eb4075c77285da02c52794154760fa969fb21ab3dcceb0820cb7d2ba27d27471,http://images.cocodataset.org/train2017/000000169891.jpg,http://images.cocodataset.org/train2017/000000169891.jpg,,http://images.cocodataset.org/train2017/000000169891.jpg,hflip,tier_c_v0.1,"{""algorithm"": ""PIL.Image.FLIP_LEFT_RIGHT applied AFTER uniform 392px long-side preprocessing"", ""axis"": ""visual"", ""condition"": ""hflip_flip"", ""law"": ""flip_expected"", ""relation_rule"": ""mirrored-axis left/right relations flip; vertical/depth relations invariant; no global label flip"", ""transform"": ""hflip""}",,"{""do_sample"": false, ""max_new_tokens"": 5}",tier_c_tierc_full,38ad6fbc3e13cd785730b656c19512866d0845fd,v0.1
vsr_test:0989,vsr_test:0989,test,hflip_flip,visual,The parking meter is at the left side of the car.,The parking meter is at the left side of the car.,at the left side of,horizontal,parking meter,car,True,False,flip_expected,True,False, True.,Qwen/Qwen2-VL-7B-Instruct,,7B_hardneg_lora,/home/ubuntu/vlm-spatial-reasoning/checkpoints/qwen2vl_7b_hardneg_lora/final,"{""README.md"": ""ad67fbd14e29a7dae114b54d70c840eab4d917c7d4bbce31d8e923429325d12b"", ""adapter_config.json"": ""9c868e731d9e1e45f0f114c79b1eeca3c96b1d0d3a8f5f93d9ff5a73d690a9df"", ""adapter_model.safetensors"": ""aaad7a39d905ddffc323d02d3beb78717388f29dc19488b91eb5218f4814b697"", ""chat_template.jinja"": ""a0bc6f6fc7a29a80017a433e8f03a1cc1236e838a944a2d034295a60c4f2fddb"", ""processor_config.json"": ""edb8dd5001f02dd3a488fd63d664fcdc5514c4a93962bf1be534a0acf6e2c714"", ""tokenizer.json"": ""ff8cce547abc110590d19c6b5b6e0c6a7b4c8d1012d78b9c42131bae7f494a02"", ""tokenizer_config.json"": ""5afec58078ec072cdc9ad190a63c8657f9c47ec71068ff9c77423f1ea0422364""}",,7f29cebb9d06eca06ad0d6c690e4d5a083b71a9c42008f88e92474e3ff0eb98a,eb4075c77285da02c52794154760fa969fb21ab3dcceb0820cb7d2ba27d27471,http://images.cocodataset.org/train2017/000000422469.jpg,http://images.cocodataset.org/train2017/000000422469.jpg,,http://images.cocodataset.org/train2017/000000422469.jpg,hflip,tier_c_v0.1,"{""algorithm"": ""PIL.Image.FLIP_LEFT_RIGHT applied AFTER uniform 392px long-side preprocessing"", ""axis"": ""visual"", ""condition"": ""hflip_flip"", ""law"": ""flip_expected"", ""relation_rule"": ""mirrored-axis left/right relations flip; vertical/depth relations invariant; no global label flip"", ""transform"": ""hflip""}",,"{""do_sample"": false, ""max_new_tokens"": 5}",tier_c_tierc_full,38ad6fbc3e13cd785730b656c19512866d0845fd,v0.1
vsr_test:1014,vsr_test:1014,test,hflip_flip,visual,The cell phone is at the right side of the person.,The cell phone is at the right side of the person.,at the right side of,horizontal,cell phone,person,True,False,flip_expected,True,False, True.,Qwen/Qwen2-VL-7B-Instruct,,7B_hardneg_lora,/home/ubuntu/vlm-spatial-reasoning/checkpoints/qwen2vl_7b_hardneg_lora/final,"{""README.md"": ""ad67fbd14e29a7dae114b54d70c840eab4d917c7d4bbce31d8e923429325d12b"", ""adapter_config.json"": ""9c868e731d9e1e45f0f114c79b1eeca3c96b1d0d3a8f5f93d9ff5a73d690a9df"", ""adapter_model.safetensors"": ""aaad7a39d905ddffc323d02d3beb78717388f29dc19488b91eb5218f4814b697"", ""chat_template.jinja"": ""a0bc6f6fc7a29a80017a433e8f03a1cc1236e838a944a2d034295a60c4f2fddb"", ""processor_config.json"": ""edb8dd5001f02dd3a488fd63d664fcdc5514c4a93962bf1be534a0acf6e2c714"", ""tokenizer.json"": ""ff8cce547abc110590d19c6b5b6e0c6a7b4c8d1012d78b9c42131bae7f494a02"", ""tokenizer_config.json"": ""5afec58078ec072cdc9ad190a63c8657f9c47ec71068ff9c77423f1ea0422364""}",,7f29cebb9d06eca06ad0d6c690e4d5a083b71a9c42008f88e92474e3ff0eb98a,eb4075c77285da02c52794154760fa969fb21ab3dcceb0820cb7d2ba27d27471,http://images.cocodataset.org/train2017/000000476363.jpg,http://images.cocodataset.org/train2017/000000476363.jpg,,http://images.cocodataset.org/train2017/000000476363.jpg,hflip,tier_c_v0.1,"{""algorithm"": ""PIL.Image.FLIP_LEFT_RIGHT applied AFTER uniform 392px long-side preprocessing"", ""axis"": ""visual"", ""condition"": ""hflip_flip"", ""law"": ""flip_expected"", ""relation_rule"": ""mirrored-axis left/right relations flip; vertical/depth relations invariant; no global label flip"", ""transform"": ""hflip""}",,"{""do_sample"": false, ""max_new_tokens"": 5}",tier_c_tierc_full,38ad6fbc3e13cd785730b656c19512866d0845fd,v0.1
vsr_test:1024,vsr_test:1024,test,hflip_flip,visual,The person is at the left side of the remote.,The person is at the left side of the remote.,at the left side of,horizontal,person,remote,False,True,flip_expected,False,False, False,Qwen/Qwen2-VL-7B-Instruct,,7B_hardneg_lora,/home/ubuntu/vlm-spatial-reasoning/checkpoints/qwen2vl_7b_hardneg_lora/final,"{""README.md"": ""ad67fbd14e29a7dae114b54d70c840eab4d917c7d4bbce31d8e923429325d12b"", ""adapter_config.json"": ""9c868e731d9e1e45f0f114c79b1eeca3c96b1d0d3a8f5f93d9ff5a73d690a9df"", ""adapter_model.safetensors"": ""aaad7a39d905ddffc323d02d3beb78717388f29dc19488b91eb5218f4814b697"", ""chat_template.jinja"": ""a0bc6f6fc7a29a80017a433e8f03a1cc1236e838a944a2d034295a60c4f2fddb"", ""processor_config.json"": ""edb8dd5001f02dd3a488fd63d664fcdc5514c4a93962bf1be534a0acf6e2c714"", ""tokenizer.json"": ""ff8cce547abc110590d19c6b5b6e0c6a7b4c8d1012d78b9c42131bae7f494a02"", ""tokenizer_config.json"": ""5afec58078ec072cdc9ad190a63c8657f9c47ec71068ff9c77423f1ea0422364""}",,7f29cebb9d06eca06ad0d6c690e4d5a083b71a9c42008f88e92474e3ff0eb98a,eb4075c77285da02c52794154760fa969fb21ab3dcceb0820cb7d2ba27d27471,http://images.cocodataset.org/train2017/000000089930.jpg,http://images.cocodataset.org/train2017/000000089930.jpg,,http://images.cocodataset.org/train2017/000000089930.jpg,hflip,tier_c_v0.1,"{""algorithm"": ""PIL.Image.FLIP_LEFT_RIGHT applied AFTER uniform 392px long-side preprocessing"", ""axis"": ""visual"", ""condition"": ""hflip_flip"", ""law"": ""flip_expected"", ""relation_rule"": ""mirrored-axis left/right relations flip; vertical/depth relations invariant; no global label flip"", ""transform"": ""hflip""}",,"{""do_sample"": false, ""max_new_tokens"": 5}",tier_c_tierc_full,38ad6fbc3e13cd785730b656c19512866d0845fd,v0.1
vsr_test:1025,vsr_test:1025,test,hflip_flip,visual,The laptop is at the left side of the person.,The laptop is at the left side of the person.,at the left side of,horizontal,laptop,person,False,True,flip_expected,True,True, True,Qwen/Qwen2-VL-7B-Instruct,,7B_hardneg_lora,/home/ubuntu/vlm-spatial-reasoning/checkpoints/qwen2vl_7b_hardneg_lora/final,"{""README.md"": ""ad67fbd14e29a7dae114b54d70c840eab4d917c7d4bbce31d8e923429325d12b"", ""adapter_config.json"": ""9c868e731d9e1e45f0f114c79b1eeca3c96b1d0d3a8f5f93d9ff5a73d690a9df"", ""adapter_model.safetensors"": ""aaad7a39d905ddffc323d02d3beb78717388f29dc19488b91eb5218f4814b697"", ""chat_template.jinja"": ""a0bc6f6fc7a29a80017a433e8f03a1cc1236e838a944a2d034295a60c4f2fddb"", ""processor_config.json"": ""edb8dd5001f02dd3a488fd63d664fcdc5514c4a93962bf1be534a0acf6e2c714"", ""tokenizer.json"": ""ff8cce547abc110590d19c6b5b6e0c6a7b4c8d1012d78b9c42131bae7f494a02"", ""tokenizer_config.json"": ""5afec58078ec072cdc9ad190a63c8657f9c47ec71068ff9c77423f1ea0422364""}",,7f29cebb9d06eca06ad0d6c690e4d5a083b71a9c42008f88e92474e3ff0eb98a,eb4075c77285da02c52794154760fa969fb21ab3dcceb0820cb7d2ba27d27471,http://images.cocodataset.org/train2017/000000508749.jpg,http://images.cocodataset.org/train2017/000000508749.jpg,,http://images.cocodataset.org/train2017/000000508749.jpg,hflip,tier_c_v0.1,"{""algorithm"": ""PIL.Image.FLIP_LEFT_RIGHT applied AFTER uniform 392px long-side preprocessing"", ""axis"": ""visual"", ""condition"": ""hflip_flip"", ""law"": ""flip_expected"", ""relation_rule"": ""mirrored-axis left/right relations flip; vertical/depth relations invariant; no global label flip"", ""transform"": ""hflip""}",,"{""do_sample"": false, ""max_new_tokens"": 5}",tier_c_tierc_full,38ad6fbc3e13cd785730b656c19512866d0845fd,v0.1
vsr_test:1026,vsr_test:1026,test,hflip_flip,visual,The wine glass is at the right side of the teddy bear.,The wine glass is at the right side of the teddy bear.,at the right side of,horizontal,wine glass,teddy bear,True,False,flip_expected,False,True, False.,Qwen/Qwen2-VL-7B-Instruct,,7B_hardneg_lora,/home/ubuntu/vlm-spatial-reasoning/checkpoints/qwen2vl_7b_hardneg_lora/final,"{""README.md"": ""ad67fbd14e29a7dae114b54d70c840eab4d917c7d4bbce31d8e923429325d12b"", ""adapter_config.json"": ""9c868e731d9e1e45f0f114c79b1eeca3c96b1d0d3a8f5f93d9ff5a73d690a9df"", ""adapter_model.safetensors"": ""aaad7a39d905ddffc323d02d3beb78717388f29dc19488b91eb5218f4814b697"", ""chat_template.jinja"": ""a0bc6f6fc7a29a80017a433e8f03a1cc1236e838a944a2d034295a60c4f2fddb"", ""processor_config.json"": ""edb8dd5001f02dd3a488fd63d664fcdc5514c4a93962bf1be534a0acf6e2c714"", ""tokenizer.json"": ""ff8cce547abc110590d19c6b5b6e0c6a7b4c8d1012d78b9c42131bae7f494a02"", ""tokenizer_config.json"": ""5afec58078ec072cdc9ad190a63c8657f9c47ec71068ff9c77423f1ea0422364""}",,7f29cebb9d06eca06ad0d6c690e4d5a083b71a9c42008f88e92474e3ff0eb98a,eb4075c77285da02c52794154760fa969fb21ab3dcceb0820cb7d2ba27d27471,http://images.cocodataset.org/train2017/000000444343.jpg,http://images.cocodataset.org/train2017/000000444343.jpg,,http://images.cocodataset.org/train2017/000000444343.jpg,hflip,tier_c_v0.1,"{""algorithm"": ""PIL.Image.FLIP_LEFT_RIGHT applied AFTER uniform 392px long-side preprocessing"", ""axis"": ""visual"", ""condition"": ""hflip_flip"", ""law"": ""flip_expected"", ""relation_rule"": ""mirrored-axis left/right relations flip; vertical/depth relations invariant; no global label flip"", ""transform"": ""hflip""}",,"{""do_sample"": false, ""max_new_tokens"": 5}",tier_c_tierc_full,38ad6fbc3e13cd785730b656c19512866d0845fd,v0.1
vsr_test:1039,vsr_test:1039,test,hflip_flip,visual,The oven is at the left side of the person.,The oven is at the left side of the person.,at the left side of,horizontal,oven,person,True,False,flip_expected,False,True, False.,Qwen/Qwen2-VL-7B-Instruct,,7B_hardneg_lora,/home/ubuntu/vlm-spatial-reasoning/checkpoints/qwen2vl_7b_hardneg_lora/final,"{""README.md"": ""ad67fbd14e29a7dae114b54d70c840eab4d917c7d4bbce31d8e923429325d12b"", ""adapter_config.json"": ""9c868e731d9e1e45f0f114c79b1eeca3c96b1d0d3a8f5f93d9ff5a73d690a9df"", ""adapter_model.safetensors"": ""aaad7a39d905ddffc323d02d3beb78717388f29dc19488b91eb5218f4814b697"", ""chat_template.jinja"": ""a0bc6f6fc7a29a80017a433e8f03a1cc1236e838a944a2d034295a60c4f2fddb"", ""processor_config.json"": ""edb8dd5001f02dd3a488fd63d664fcdc5514c4a93962bf1be534a0acf6e2c714"", ""tokenizer.json"": ""ff8cce547abc110590d19c6b5b6e0c6a7b4c8d1012d78b9c42131bae7f494a02"", ""tokenizer_config.json"": ""5afec58078ec072cdc9ad190a63c8657f9c47ec71068ff9c77423f1ea0422364""}",,7f29cebb9d06eca06ad0d6c690e4d5a083b71a9c42008f88e92474e3ff0eb98a,eb4075c77285da02c52794154760fa969fb21ab3dcceb0820cb7d2ba27d27471,http://images.cocodataset.org/train2017/000000265810.jpg,http://images.cocodataset.org/train2017/000000265810.jpg,,http://images.cocodataset.org/train2017/000000265810.jpg,hflip,tier_c_v0.1,"{""algorithm"": ""PIL.Image.FLIP_LEFT_RIGHT applied AFTER uniform 392px long-side preprocessing"", ""axis"": ""visual"", ""condition"": ""hflip_flip"", ""law"": ""flip_expected"", ""relation_rule"": ""mirrored-axis left/right relations flip; vertical/depth relations invariant; no global label flip"", ""transform"": ""hflip""}",,"{""do_sample"": false, ""max_new_tokens"": 5}",tier_c_tierc_full,38ad6fbc3e13cd785730b656c19512866d0845fd,v0.1
vsr_test:1046,vsr_test:1046,test,hflip_flip,visual,The bowl is at the right side of the sandwich.,The bowl is at the right side of the sandwich.,at the right side of,horizontal,bowl,sandwich,True,False,flip_expected,False,True, False.,Qwen/Qwen2-VL-7B-Instruct,,7B_hardneg_lora,/home/ubuntu/vlm-spatial-reasoning/checkpoints/qwen2vl_7b_hardneg_lora/final,"{""README.md"": ""ad67fbd14e29a7dae114b54d70c840eab4d917c7d4bbce31d8e923429325d12b"", ""adapter_config.json"": ""9c868e731d9e1e45f0f114c79b1eeca3c96b1d0d3a8f5f93d9ff5a73d690a9df"", ""adapter_model.safetensors"": ""aaad7a39d905ddffc323d02d3beb78717388f29dc19488b91eb5218f4814b697"", ""chat_template.jinja"": ""a0bc6f6fc7a29a80017a433e8f03a1cc1236e838a944a2d034295a60c4f2fddb"", ""processor_config.json"": ""edb8dd5001f02dd3a488fd63d664fcdc5514c4a93962bf1be534a0acf6e2c714"", ""tokenizer.json"": ""ff8cce547abc110590d19c6b5b6e0c6a7b4c8d1012d78b9c42131bae7f494a02"", ""tokenizer_config.json"": ""5afec58078ec072cdc9ad190a63c8657f9c47ec71068ff9c77423f1ea0422364""}",,7f29cebb9d06eca06ad0d6c690e4d5a083b71a9c42008f88e92474e3ff0eb98a,eb4075c77285da02c52794154760fa969fb21ab3dcceb0820cb7d2ba27d27471,http://images.cocodataset.org/train2017/000000274203.jpg,http://images.cocodataset.org/train2017/000000274203.jpg,,http://images.cocodataset.org/train2017/000000274203.jpg,hflip,tier_c_v0.1,"{""algorithm"": ""PIL.Image.FLIP_LEFT_RIGHT applied AFTER uniform 392px long-side preprocessing"", ""axis"": ""visual"", ""condition"": ""hflip_flip"", ""law"": ""flip_expected"", ""relation_rule"": ""mirrored-axis left/right relations flip; vertical/depth relations invariant; no global label flip"", ""transform"": ""hflip""}",,"{""do_sample"": false, ""max_new_tokens"": 5}",tier_c_tierc_full,38ad6fbc3e13cd785730b656c19512866d0845fd,v0.1
vsr_test:1052,vsr_test:1052,test,hflip_flip,visual,The person is at the left side of the cell phone.,The person is at the left side of the cell phone.,at the left side of,horizontal,person,cell phone,False,True,flip_expected,False,False, False.,Qwen/Qwen2-VL-7B-Instruct,,7B_hardneg_lora,/home/ubuntu/vlm-spatial-reasoning/checkpoints/qwen2vl_7b_hardneg_lora/final,"{""README.md"": ""ad67fbd14e29a7dae114b54d70c840eab4d917c7d4bbce31d8e923429325d12b"", ""adapter_config.json"": ""9c868e731d9e1e45f0f114c79b1eeca3c96b1d0d3a8f5f93d9ff5a73d690a9df"", ""adapter_model.safetensors"": ""aaad7a39d905ddffc323d02d3beb78717388f29dc19488b91eb5218f4814b697"", ""chat_template.jinja"": ""a0bc6f6fc7a29a80017a433e8f03a1cc1236e838a944a2d034295a60c4f2fddb"", ""processor_config.json"": ""edb8dd5001f02dd3a488fd63d664fcdc5514c4a93962bf1be534a0acf6e2c714"", ""tokenizer.json"": ""ff8cce547abc110590d19c6b5b6e0c6a7b4c8d1012d78b9c42131bae7f494a02"", ""tokenizer_config.json"": ""5afec58078ec072cdc9ad190a63c8657f9c47ec71068ff9c77423f1ea0422364""}",,7f29cebb9d06eca06ad0d6c690e4d5a083b71a9c42008f88e92474e3ff0eb98a,eb4075c77285da02c52794154760fa969fb21ab3dcceb0820cb7d2ba27d27471,http://images.cocodataset.org/val2017/000000450686.jpg,http://images.cocodataset.org/val2017/000000450686.jpg,,http://images.cocodataset.org/val2017/000000450686.jpg,hflip,tier_c_v0.1,"{""algorithm"": ""PIL.Image.FLIP_LEFT_RIGHT applied AFTER uniform 392px long-side preprocessing"", ""axis"": ""visual"", ""condition"": ""hflip_flip"", ""law"": ""flip_expected"", ""relation_rule"": ""mirrored-axis left/right relations flip; vertical/depth relations invariant; no global label flip"", ""transform"": ""hflip""}",,"{""do_sample"": false, ""max_new_tokens"": 5}",tier_c_tierc_full,38ad6fbc3e13cd785730b656c19512866d0845fd,v0.1
vsr_test:1057,vsr_test:1057,test,hflip_flip,visual,The zebra is at the right side of the car.,The zebra is at the right side of the car.,at the right side of,horizontal,zebra,car,False,True,flip_expected,False,False, False.,Qwen/Qwen2-VL-7B-Instruct,,7B_hardneg_lora,/home/ubuntu/vlm-spatial-reasoning/checkpoints/qwen2vl_7b_hardneg_lora/final,"{""README.md"": ""ad67fbd14e29a7dae114b54d70c840eab4d917c7d4bbce31d8e923429325d12b"", ""adapter_config.json"": ""9c868e731d9e1e45f0f114c79b1eeca3c96b1d0d3a8f5f93d9ff5a73d690a9df"", ""adapter_model.safetensors"": ""aaad7a39d905ddffc323d02d3beb78717388f29dc19488b91eb5218f4814b697"", ""chat_template.jinja"": ""a0bc6f6fc7a29a80017a433e8f03a1cc1236e838a944a2d034295a60c4f2fddb"", ""processor_config.json"": ""edb8dd5001f02dd3a488fd63d664fcdc5514c4a93962bf1be534a0acf6e2c714"", ""tokenizer.json"": ""ff8cce547abc110590d19c6b5b6e0c6a7b4c8d1012d78b9c42131bae7f494a02"", ""tokenizer_config.json"": ""5afec58078ec072cdc9ad190a63c8657f9c47ec71068ff9c77423f1ea0422364""}",,7f29cebb9d06eca06ad0d6c690e4d5a083b71a9c42008f88e92474e3ff0eb98a,eb4075c77285da02c52794154760fa969fb21ab3dcceb0820cb7d2ba27d27471,http://images.cocodataset.org/train2017/000000473587.jpg,http://images.cocodataset.org/train2017/000000473587.jpg,,http://images.cocodataset.org/train2017/000000473587.jpg,hflip,tier_c_v0.1,"{""algorithm"": ""PIL.Image.FLIP_LEFT_RIGHT applied AFTER uniform 392px long-side preprocessing"", ""axis"": ""visual"", ""condition"": ""hflip_flip"", ""law"": ""flip_expected"", ""relation_rule"": ""mirrored-axis left/right relations flip; vertical/depth relations invariant; no global label flip"", ""transform"": ""hflip""}",,"{""do_sample"": false, ""max_new_tokens"": 5}",tier_c_tierc_full,38ad6fbc3e13cd785730b656c19512866d0845fd,v0.1
vsr_test:1067,vsr_test:1067,test,hflip_flip,visual,The bottle is at the right side of the wine glass.,The bottle is at the right side of the wine glass.,at the right side of,horizontal,bottle,wine glass,True,False,flip_expected,False,True, False.,Qwen/Qwen2-VL-7B-Instruct,,7B_hardneg_lora,/home/ubuntu/vlm-spatial-reasoning/checkpoints/qwen2vl_7b_hardneg_lora/final,"{""README.md"": ""ad67fbd14e29a7dae114b54d70c840eab4d917c7d4bbce31d8e923429325d12b"", ""adapter_config.json"": ""9c868e731d9e1e45f0f114c79b1eeca3c96b1d0d3a8f5f93d9ff5a73d690a9df"", ""adapter_model.safetensors"": ""aaad7a39d905ddffc323d02d3beb78717388f29dc19488b91eb5218f4814b697"", ""chat_template.jinja"": ""a0bc6f6fc7a29a80017a433e8f03a1cc1236e838a944a2d034295a60c4f2fddb"", ""processor_config.json"": ""edb8dd5001f02dd3a488fd63d664fcdc5514c4a93962bf1be534a0acf6e2c714"", ""tokenizer.json"": ""ff8cce547abc110590d19c6b5b6e0c6a7b4c8d1012d78b9c42131bae7f494a02"", ""tokenizer_config.json"": ""5afec58078ec072cdc9ad190a63c8657f9c47ec71068ff9c77423f1ea0422364""}",,7f29cebb9d06eca06ad0d6c690e4d5a083b71a9c42008f88e92474e3ff0eb98a,eb4075c77285da02c52794154760fa969fb21ab3dcceb0820cb7d2ba27d27471,http://images.cocodataset.org/train2017/000000571786.jpg,http://images.cocodataset.org/train2017/000000571786.jpg,,http://images.cocodataset.org/train2017/000000571786.jpg,hflip,tier_c_v0.1,"{""algorithm"": ""PIL.Image.FLIP_LEFT_RIGHT applied AFTER uniform 392px long-side preprocessing"", ""axis"": ""visual"", ""condition"": ""hflip_flip"", ""law"": ""flip_expected"", ""relation_rule"": ""mirrored-axis left/right relations flip; vertical/depth relations invariant; no global label flip"", ""transform"": ""hflip""}",,"{""do_sample"": false, ""max_new_tokens"": 5}",tier_c_tierc_full,38ad6fbc3e13cd785730b656c19512866d0845fd,v0.1
vsr_test:1081,vsr_test:1081,test,hflip_flip,visual,The couch is at the right side of the person.,The couch is at the right side of the person.,at the right side of,horizontal,couch,person,False,True,flip_expected,False,False, False.,Qwen/Qwen2-VL-7B-Instruct,,7B_hardneg_lora,/home/ubuntu/vlm-spatial-reasoning/checkpoints/qwen2vl_7b_hardneg_lora/final,"{""README.md"": ""ad67fbd14e29a7dae114b54d70c840eab4d917c7d4bbce31d8e923429325d12b"", ""adapter_config.json"": ""9c868e731d9e1e45f0f114c79b1eeca3c96b1d0d3a8f5f93d9ff5a73d690a9df"", ""adapter_model.safetensors"": ""aaad7a39d905ddffc323d02d3beb78717388f29dc19488b91eb5218f4814b697"", ""chat_template.jinja"": ""a0bc6f6fc7a29a80017a433e8f03a1cc1236e838a944a2d034295a60c4f2fddb"", ""processor_config.json"": ""edb8dd5001f02dd3a488fd63d664fcdc5514c4a93962bf1be534a0acf6e2c714"", ""tokenizer.json"": ""ff8cce547abc110590d19c6b5b6e0c6a7b4c8d1012d78b9c42131bae7f494a02"", ""tokenizer_config.json"": ""5afec58078ec072cdc9ad190a63c8657f9c47ec71068ff9c77423f1ea0422364""}",,7f29cebb9d06eca06ad0d6c690e4d5a083b71a9c42008f88e92474e3ff0eb98a,eb4075c77285da02c52794154760fa969fb21ab3dcceb0820cb7d2ba27d27471,http://images.cocodataset.org/train2017/000000367471.jpg,http://images.cocodataset.org/train2017/000000367471.jpg,,http://images.cocodataset.org/train2017/000000367471.jpg,hflip,tier_c_v0.1,"{""algorithm"": ""PIL.Image.FLIP_LEFT_RIGHT applied AFTER uniform 392px long-side preprocessing"", ""axis"": ""visual"", ""condition"": ""hflip_flip"", ""law"": ""flip_expected"", ""relation_rule"": ""mirrored-axis left/right relations flip; vertical/depth relations invariant; no global label flip"", ""transform"": ""hflip""}",,"{""do_sample"": false, ""max_new_tokens"": 5}",tier_c_tierc_full,38ad6fbc3e13cd785730b656c19512866d0845fd,v0.1
vsr_test:1090,vsr_test:1090,test,hflip_flip,visual,The person is at the right side of the microwave.,The person is at the right side of the microwave.,at the right side of,horizontal,person,microwave,False,True,flip_expected,True,True, True.,Qwen/Qwen2-VL-7B-Instruct,,7B_hardneg_lora,/home/ubuntu/vlm-spatial-reasoning/checkpoints/qwen2vl_7b_hardneg_lora/final,"{""README.md"": ""ad67fbd14e29a7dae114b54d70c840eab4d917c7d4bbce31d8e923429325d12b"", ""adapter_config.json"": ""9c868e731d9e1e45f0f114c79b1eeca3c96b1d0d3a8f5f93d9ff5a73d690a9df"", ""adapter_model.safetensors"": ""aaad7a39d905ddffc323d02d3beb78717388f29dc19488b91eb5218f4814b697"", ""chat_template.jinja"": ""a0bc6f6fc7a29a80017a433e8f03a1cc1236e838a944a2d034295a60c4f2fddb"", ""processor_config.json"": ""edb8dd5001f02dd3a488fd63d664fcdc5514c4a93962bf1be534a0acf6e2c714"", ""tokenizer.json"": ""ff8cce547abc110590d19c6b5b6e0c6a7b4c8d1012d78b9c42131bae7f494a02"", ""tokenizer_config.json"": ""5afec58078ec072cdc9ad190a63c8657f9c47ec71068ff9c77423f1ea0422364""}",,7f29cebb9d06eca06ad0d6c690e4d5a083b71a9c42008f88e92474e3ff0eb98a,eb4075c77285da02c52794154760fa969fb21ab3dcceb0820cb7d2ba27d27471,http://images.cocodataset.org/train2017/000000536999.jpg,http://images.cocodataset.org/train2017/000000536999.jpg,,http://images.cocodataset.org/train2017/000000536999.jpg,hflip,tier_c_v0.1,"{""algorithm"": ""PIL.Image.FLIP_LEFT_RIGHT applied AFTER uniform 392px long-side preprocessing"", ""axis"": ""visual"", ""condition"": ""hflip_flip"", ""law"": ""flip_expected"", ""relation_rule"": ""mirrored-axis left/right relations flip; vertical/depth relations invariant; no global label flip"", ""transform"": ""hflip""}",,"{""do_sample"": false, ""max_new_tokens"": 5}",tier_c_tierc_full,38ad6fbc3e13cd785730b656c19512866d0845fd,v0.1
vsr_test:1094,vsr_test:1094,test,hflip_flip,visual,The cat is right of the umbrella.,The cat is right of the umbrella.,right of,horizontal,cat,,True,False,flip_expected,False,True, False.,Qwen/Qwen2-VL-7B-Instruct,,7B_hardneg_lora,/home/ubuntu/vlm-spatial-reasoning/checkpoints/qwen2vl_7b_hardneg_lora/final,"{""README.md"": ""ad67fbd14e29a7dae114b54d70c840eab4d917c7d4bbce31d8e923429325d12b"", ""adapter_config.json"": ""9c868e731d9e1e45f0f114c79b1eeca3c96b1d0d3a8f5f93d9ff5a73d690a9df"", ""adapter_model.safetensors"": ""aaad7a39d905ddffc323d02d3beb78717388f29dc19488b91eb5218f4814b697"", ""chat_template.jinja"": ""a0bc6f6fc7a29a80017a433e8f03a1cc1236e838a944a2d034295a60c4f2fddb"", ""processor_config.json"": ""edb8dd5001f02dd3a488fd63d664fcdc5514c4a93962bf1be534a0acf6e2c714"", ""tokenizer.json"": ""ff8cce547abc110590d19c6b5b6e0c6a7b4c8d1012d78b9c42131bae7f494a02"", ""tokenizer_config.json"": ""5afec58078ec072cdc9ad190a63c8657f9c47ec71068ff9c77423f1ea0422364""}",,7f29cebb9d06eca06ad0d6c690e4d5a083b71a9c42008f88e92474e3ff0eb98a,eb4075c77285da02c52794154760fa969fb21ab3dcceb0820cb7d2ba27d27471,http://images.cocodataset.org/train2017/000000038837.jpg,http://images.cocodataset.org/train2017/000000038837.jpg,,http://images.cocodataset.org/train2017/000000038837.jpg,hflip,tier_c_v0.1,"{""algorithm"": ""PIL.Image.FLIP_LEFT_RIGHT applied AFTER uniform 392px long-side preprocessing"", ""axis"": ""visual"", ""condition"": ""hflip_flip"", ""law"": ""flip_expected"", ""relation_rule"": ""mirrored-axis left/right relations flip; vertical/depth relations invariant; no global label flip"", ""transform"": ""hflip""}",,"{""do_sample"": false, ""max_new_tokens"": 5}",tier_c_tierc_full,38ad6fbc3e13cd785730b656c19512866d0845fd,v0.1
vsr_test:1100,vsr_test:1100,test,hflip_flip,visual,The laptop is at the right side of the sandwich.,The laptop is at the right side of the sandwich.,at the right side of,horizontal,laptop,sandwich,True,False,flip_expected,False,True, False,Qwen/Qwen2-VL-7B-Instruct,,7B_hardneg_lora,/home/ubuntu/vlm-spatial-reasoning/checkpoints/qwen2vl_7b_hardneg_lora/final,"{""README.md"": ""ad67fbd14e29a7dae114b54d70c840eab4d917c7d4bbce31d8e923429325d12b"", ""adapter_config.json"": ""9c868e731d9e1e45f0f114c79b1eeca3c96b1d0d3a8f5f93d9ff5a73d690a9df"", ""adapter_model.safetensors"": ""aaad7a39d905ddffc323d02d3beb78717388f29dc19488b91eb5218f4814b697"", ""chat_template.jinja"": ""a0bc6f6fc7a29a80017a433e8f03a1cc1236e838a944a2d034295a60c4f2fddb"", ""processor_config.json"": ""edb8dd5001f02dd3a488fd63d664fcdc5514c4a93962bf1be534a0acf6e2c714"", ""tokenizer.json"": ""ff8cce547abc110590d19c6b5b6e0c6a7b4c8d1012d78b9c42131bae7f494a02"", ""tokenizer_config.json"": ""5afec58078ec072cdc9ad190a63c8657f9c47ec71068ff9c77423f1ea0422364""}",,7f29cebb9d06eca06ad0d6c690e4d5a083b71a9c42008f88e92474e3ff0eb98a,eb4075c77285da02c52794154760fa969fb21ab3dcceb0820cb7d2ba27d27471,http://images.cocodataset.org/train2017/000000336762.jpg,http://images.cocodataset.org/train2017/000000336762.jpg,,http://images.cocodataset.org/train2017/000000336762.jpg,hflip,tier_c_v0.1,"{""algorithm"": ""PIL.Image.FLIP_LEFT_RIGHT applied AFTER uniform 392px long-side preprocessing"", ""axis"": ""visual"", ""condition"": ""hflip_flip"", ""law"": ""flip_expected"", ""relation_rule"": ""mirrored-axis left/right relations flip; vertical/depth relations invariant; no global label flip"", ""transform"": ""hflip""}",,"{""do_sample"": false, ""max_new_tokens"": 5}",tier_c_tierc_full,38ad6fbc3e13cd785730b656c19512866d0845fd,v0.1
vsr_test:1103,vsr_test:1103,test,hflip_flip,visual,The dining table is at the left side of the person.,The dining table is at the left side of the person.,at the left side of,horizontal,dining table,person,True,False,flip_expected,False,True, False.,Qwen/Qwen2-VL-7B-Instruct,,7B_hardneg_lora,/home/ubuntu/vlm-spatial-reasoning/checkpoints/qwen2vl_7b_hardneg_lora/final,"{""README.md"": ""ad67fbd14e29a7dae114b54d70c840eab4d917c7d4bbce31d8e923429325d12b"", ""adapter_config.json"": ""9c868e731d9e1e45f0f114c79b1eeca3c96b1d0d3a8f5f93d9ff5a73d690a9df"", ""adapter_model.safetensors"": ""aaad7a39d905ddffc323d02d3beb78717388f29dc19488b91eb5218f4814b697"", ""chat_template.jinja"": ""a0bc6f6fc7a29a80017a433e8f03a1cc1236e838a944a2d034295a60c4f2fddb"", ""processor_config.json"": ""edb8dd5001f02dd3a488fd63d664fcdc5514c4a93962bf1be534a0acf6e2c714"", ""tokenizer.json"": ""ff8cce547abc110590d19c6b5b6e0c6a7b4c8d1012d78b9c42131bae7f494a02"", ""tokenizer_config.json"": ""5afec58078ec072cdc9ad190a63c8657f9c47ec71068ff9c77423f1ea0422364""}",,7f29cebb9d06eca06ad0d6c690e4d5a083b71a9c42008f88e92474e3ff0eb98a,eb4075c77285da02c52794154760fa969fb21ab3dcceb0820cb7d2ba27d27471,http://images.cocodataset.org/train2017/000000061315.jpg,http://images.cocodataset.org/train2017/000000061315.jpg,,http://images.cocodataset.org/train2017/000000061315.jpg,hflip,tier_c_v0.1,"{""algorithm"": ""PIL.Image.FLIP_LEFT_RIGHT applied AFTER uniform 392px long-side preprocessing"", ""axis"": ""visual"", ""condition"": ""hflip_flip"", ""law"": ""flip_expected"", ""relation_rule"": ""mirrored-axis left/right relations flip; vertical/depth relations invariant; no global label flip"", ""transform"": ""hflip""}",,"{""do_sample"": false, ""max_new_tokens"": 5}",tier_c_tierc_full,38ad6fbc3e13cd785730b656c19512866d0845fd,v0.1
vsr_test:1104,vsr_test:1104,test,hflip_flip,visual,The boat is left of the potted plant.,The boat is left of the potted plant.,left of,horizontal,boat,,True,False,flip_expected,False,True, False.,Qwen/Qwen2-VL-7B-Instruct,,7B_hardneg_lora,/home/ubuntu/vlm-spatial-reasoning/checkpoints/qwen2vl_7b_hardneg_lora/final,"{""README.md"": ""ad67fbd14e29a7dae114b54d70c840eab4d917c7d4bbce31d8e923429325d12b"", ""adapter_config.json"": ""9c868e731d9e1e45f0f114c79b1eeca3c96b1d0d3a8f5f93d9ff5a73d690a9df"", ""adapter_model.safetensors"": ""aaad7a39d905ddffc323d02d3beb78717388f29dc19488b91eb5218f4814b697"", ""chat_template.jinja"": ""a0bc6f6fc7a29a80017a433e8f03a1cc1236e838a944a2d034295a60c4f2fddb"", ""processor_config.json"": ""edb8dd5001f02dd3a488fd63d664fcdc5514c4a93962bf1be534a0acf6e2c714"", ""tokenizer.json"": ""ff8cce547abc110590d19c6b5b6e0c6a7b4c8d1012d78b9c42131bae7f494a02"", ""tokenizer_config.json"": ""5afec58078ec072cdc9ad190a63c8657f9c47ec71068ff9c77423f1ea0422364""}",,7f29cebb9d06eca06ad0d6c690e4d5a083b71a9c42008f88e92474e3ff0eb98a,eb4075c77285da02c52794154760fa969fb21ab3dcceb0820cb7d2ba27d27471,http://images.cocodataset.org/train2017/000000112363.jpg,http://images.cocodataset.org/train2017/000000112363.jpg,,http://images.cocodataset.org/train2017/000000112363.jpg,hflip,tier_c_v0.1,"{""algorithm"": ""PIL.Image.FLIP_LEFT_RIGHT applied AFTER uniform 392px long-side preprocessing"", ""axis"": ""visual"", ""condition"": ""hflip_flip"", ""law"": ""flip_expected"", ""relation_rule"": ""mirrored-axis left/right relations flip; vertical/depth relations invariant; no global label flip"", ""transform"": ""hflip""}",,"{""do_sample"": false, ""max_new_tokens"": 5}",tier_c_tierc_full,38ad6fbc3e13cd785730b656c19512866d0845fd,v0.1
vsr_test:1114,vsr_test:1114,test,hflip_flip,visual,The cake is at the right side of the laptop.,The cake is at the right side of the laptop.,at the right side of,horizontal,cake,laptop,True,False,flip_expected,False,True, False.,Qwen/Qwen2-VL-7B-Instruct,,7B_hardneg_lora,/home/ubuntu/vlm-spatial-reasoning/checkpoints/qwen2vl_7b_hardneg_lora/final,"{""README.md"": ""ad67fbd14e29a7dae114b54d70c840eab4d917c7d4bbce31d8e923429325d12b"", ""adapter_config.json"": ""9c868e731d9e1e45f0f114c79b1eeca3c96b1d0d3a8f5f93d9ff5a73d690a9df"", ""adapter_model.safetensors"": ""aaad7a39d905ddffc323d02d3beb78717388f29dc19488b91eb5218f4814b697"", ""chat_template.jinja"": ""a0bc6f6fc7a29a80017a433e8f03a1cc1236e838a944a2d034295a60c4f2fddb"", ""processor_config.json"": ""edb8dd5001f02dd3a488fd63d664fcdc5514c4a93962bf1be534a0acf6e2c714"", ""tokenizer.json"": ""ff8cce547abc110590d19c6b5b6e0c6a7b4c8d1012d78b9c42131bae7f494a02"", ""tokenizer_config.json"": ""5afec58078ec072cdc9ad190a63c8657f9c47ec71068ff9c77423f1ea0422364""}",,7f29cebb9d06eca06ad0d6c690e4d5a083b71a9c42008f88e92474e3ff0eb98a,eb4075c77285da02c52794154760fa969fb21ab3dcceb0820cb7d2ba27d27471,http://images.cocodataset.org/train2017/000000349230.jpg,http://images.cocodataset.org/train2017/000000349230.jpg,,http://images.cocodataset.org/train2017/000000349230.jpg,hflip,tier_c_v0.1,"{""algorithm"": ""PIL.Image.FLIP_LEFT_RIGHT applied AFTER uniform 392px long-side preprocessing"", ""axis"": ""visual"", ""condition"": ""hflip_flip"", ""law"": ""flip_expected"", ""relation_rule"": ""mirrored-axis left/right relations flip; vertical/depth relations invariant; no global label flip"", ""transform"": ""hflip""}",,"{""do_sample"": false, ""max_new_tokens"": 5}",tier_c_tierc_full,38ad6fbc3e13cd785730b656c19512866d0845fd,v0.1
vsr_test:1121,vsr_test:1121,test,hflip_flip,visual,The cat is at the left side of the teddy bear.,The cat is at the left side of the teddy bear.,at the left side of,horizontal,cat,teddy bear,True,False,flip_expected,False,True, False.,Qwen/Qwen2-VL-7B-Instruct,,7B_hardneg_lora,/home/ubuntu/vlm-spatial-reasoning/checkpoints/qwen2vl_7b_hardneg_lora/final,"{""README.md"": ""ad67fbd14e29a7dae114b54d70c840eab4d917c7d4bbce31d8e923429325d12b"", ""adapter_config.json"": ""9c868e731d9e1e45f0f114c79b1eeca3c96b1d0d3a8f5f93d9ff5a73d690a9df"", ""adapter_model.safetensors"": ""aaad7a39d905ddffc323d02d3beb78717388f29dc19488b91eb5218f4814b697"", ""chat_template.jinja"": ""a0bc6f6fc7a29a80017a433e8f03a1cc1236e838a944a2d034295a60c4f2fddb"", ""processor_config.json"": ""edb8dd5001f02dd3a488fd63d664fcdc5514c4a93962bf1be534a0acf6e2c714"", ""tokenizer.json"": ""ff8cce547abc110590d19c6b5b6e0c6a7b4c8d1012d78b9c42131bae7f494a02"", ""tokenizer_config.json"": ""5afec58078ec072cdc9ad190a63c8657f9c47ec71068ff9c77423f1ea0422364""}",,7f29cebb9d06eca06ad0d6c690e4d5a083b71a9c42008f88e92474e3ff0eb98a,eb4075c77285da02c52794154760fa969fb21ab3dcceb0820cb7d2ba27d27471,http://images.cocodataset.org/train2017/000000318089.jpg,http://images.cocodataset.org/train2017/000000318089.jpg,,http://images.cocodataset.org/train2017/000000318089.jpg,hflip,tier_c_v0.1,"{""algorithm"": ""PIL.Image.FLIP_LEFT_RIGHT applied AFTER uniform 392px long-side preprocessing"", ""axis"": ""visual"", ""condition"": ""hflip_flip"", ""law"": ""flip_expected"", ""relation_rule"": ""mirrored-axis left/right relations flip; vertical/depth relations invariant; no global label flip"", ""transform"": ""hflip""}",,"{""do_sample"": false, ""max_new_tokens"": 5}",tier_c_tierc_full,38ad6fbc3e13cd785730b656c19512866d0845fd,v0.1
vsr_test:1151,vsr_test:1151,test,hflip_flip,visual,The cup is at the left side of the bowl.,The cup is at the left side of the bowl.,at the left side of,horizontal,cup,bowl,True,False,flip_expected,False,True, False.,Qwen/Qwen2-VL-7B-Instruct,,7B_hardneg_lora,/home/ubuntu/vlm-spatial-reasoning/checkpoints/qwen2vl_7b_hardneg_lora/final,"{""README.md"": ""ad67fbd14e29a7dae114b54d70c840eab4d917c7d4bbce31d8e923429325d12b"", ""adapter_config.json"": ""9c868e731d9e1e45f0f114c79b1eeca3c96b1d0d3a8f5f93d9ff5a73d690a9df"", ""adapter_model.safetensors"": ""aaad7a39d905ddffc323d02d3beb78717388f29dc19488b91eb5218f4814b697"", ""chat_template.jinja"": ""a0bc6f6fc7a29a80017a433e8f03a1cc1236e838a944a2d034295a60c4f2fddb"", ""processor_config.json"": ""edb8dd5001f02dd3a488fd63d664fcdc5514c4a93962bf1be534a0acf6e2c714"", ""tokenizer.json"": ""ff8cce547abc110590d19c6b5b6e0c6a7b4c8d1012d78b9c42131bae7f494a02"", ""tokenizer_config.json"": ""5afec58078ec072cdc9ad190a63c8657f9c47ec71068ff9c77423f1ea0422364""}",,7f29cebb9d06eca06ad0d6c690e4d5a083b71a9c42008f88e92474e3ff0eb98a,eb4075c77285da02c52794154760fa969fb21ab3dcceb0820cb7d2ba27d27471,http://images.cocodataset.org/train2017/000000278646.jpg,http://images.cocodataset.org/train2017/000000278646.jpg,,http://images.cocodataset.org/train2017/000000278646.jpg,hflip,tier_c_v0.1,"{""algorithm"": ""PIL.Image.FLIP_LEFT_RIGHT applied AFTER uniform 392px long-side preprocessing"", ""axis"": ""visual"", ""condition"": ""hflip_flip"", ""law"": ""flip_expected"", ""relation_rule"": ""mirrored-axis left/right relations flip; vertical/depth relations invariant; no global label flip"", ""transform"": ""hflip""}",,"{""do_sample"": false, ""max_new_tokens"": 5}",tier_c_tierc_full,38ad6fbc3e13cd785730b656c19512866d0845fd,v0.1
vsr_test:1155,vsr_test:1155,test,hflip_flip,visual,The horse is at the right side of the person.,The horse is at the right side of the person.,at the right side of,horizontal,horse,person,False,True,flip_expected,True,True, True,Qwen/Qwen2-VL-7B-Instruct,,7B_hardneg_lora,/home/ubuntu/vlm-spatial-reasoning/checkpoints/qwen2vl_7b_hardneg_lora/final,"{""README.md"": ""ad67fbd14e29a7dae114b54d70c840eab4d917c7d4bbce31d8e923429325d12b"", ""adapter_config.json"": ""9c868e731d9e1e45f0f114c79b1eeca3c96b1d0d3a8f5f93d9ff5a73d690a9df"", ""adapter_model.safetensors"": ""aaad7a39d905ddffc323d02d3beb78717388f29dc19488b91eb5218f4814b697"", ""chat_template.jinja"": ""a0bc6f6fc7a29a80017a433e8f03a1cc1236e838a944a2d034295a60c4f2fddb"", ""processor_config.json"": ""edb8dd5001f02dd3a488fd63d664fcdc5514c4a93962bf1be534a0acf6e2c714"", ""tokenizer.json"": ""ff8cce547abc110590d19c6b5b6e0c6a7b4c8d1012d78b9c42131bae7f494a02"", ""tokenizer_config.json"": ""5afec58078ec072cdc9ad190a63c8657f9c47ec71068ff9c77423f1ea0422364""}",,7f29cebb9d06eca06ad0d6c690e4d5a083b71a9c42008f88e92474e3ff0eb98a,eb4075c77285da02c52794154760fa969fb21ab3dcceb0820cb7d2ba27d27471,http://images.cocodataset.org/train2017/000000495665.jpg,http://images.cocodataset.org/train2017/000000495665.jpg,,http://images.cocodataset.org/train2017/000000495665.jpg,hflip,tier_c_v0.1,"{""algorithm"": ""PIL.Image.FLIP_LEFT_RIGHT applied AFTER uniform 392px long-side preprocessing"", ""axis"": ""visual"", ""condition"": ""hflip_flip"", ""law"": ""flip_expected"", ""relation_rule"": ""mirrored-axis left/right relations flip; vertical/depth relations invariant; no global label flip"", ""transform"": ""hflip""}",,"{""do_sample"": false, ""max_new_tokens"": 5}",tier_c_tierc_full,38ad6fbc3e13cd785730b656c19512866d0845fd,v0.1
vsr_test:1157,vsr_test:1157,test,hflip_flip,visual,The horse is at the right side of the person.,The horse is at the right side of the person.,at the right side of,horizontal,horse,person,False,True,flip_expected,True,True, True.,Qwen/Qwen2-VL-7B-Instruct,,7B_hardneg_lora,/home/ubuntu/vlm-spatial-reasoning/checkpoints/qwen2vl_7b_hardneg_lora/final,"{""README.md"": ""ad67fbd14e29a7dae114b54d70c840eab4d917c7d4bbce31d8e923429325d12b"", ""adapter_config.json"": ""9c868e731d9e1e45f0f114c79b1eeca3c96b1d0d3a8f5f93d9ff5a73d690a9df"", ""adapter_model.safetensors"": ""aaad7a39d905ddffc323d02d3beb78717388f29dc19488b91eb5218f4814b697"", ""chat_template.jinja"": ""a0bc6f6fc7a29a80017a433e8f03a1cc1236e838a944a2d034295a60c4f2fddb"", ""processor_config.json"": ""edb8dd5001f02dd3a488fd63d664fcdc5514c4a93962bf1be534a0acf6e2c714"", ""tokenizer.json"": ""ff8cce547abc110590d19c6b5b6e0c6a7b4c8d1012d78b9c42131bae7f494a02"", ""tokenizer_config.json"": ""5afec58078ec072cdc9ad190a63c8657f9c47ec71068ff9c77423f1ea0422364""}",,7f29cebb9d06eca06ad0d6c690e4d5a083b71a9c42008f88e92474e3ff0eb98a,eb4075c77285da02c52794154760fa969fb21ab3dcceb0820cb7d2ba27d27471,http://images.cocodataset.org/train2017/000000532748.jpg,http://images.cocodataset.org/train2017/000000532748.jpg,,http://images.cocodataset.org/train2017/000000532748.jpg,hflip,tier_c_v0.1,"{""algorithm"": ""PIL.Image.FLIP_LEFT_RIGHT applied AFTER uniform 392px long-side preprocessing"", ""axis"": ""visual"", ""condition"": ""hflip_flip"", ""law"": ""flip_expected"", ""relation_rule"": ""mirrored-axis left/right relations flip; vertical/depth relations invariant; no global label flip"", ""transform"": ""hflip""}",,"{""do_sample"": false, ""max_new_tokens"": 5}",tier_c_tierc_full,38ad6fbc3e13cd785730b656c19512866d0845fd,v0.1
vsr_test:1168,vsr_test:1168,test,hflip_flip,visual,The backpack is at the right side of the cat.,The backpack is at the right side of the cat.,at the right side of,horizontal,backpack,cat,True,False,flip_expected,False,True, False.,Qwen/Qwen2-VL-7B-Instruct,,7B_hardneg_lora,/home/ubuntu/vlm-spatial-reasoning/checkpoints/qwen2vl_7b_hardneg_lora/final,"{""README.md"": ""ad67fbd14e29a7dae114b54d70c840eab4d917c7d4bbce31d8e923429325d12b"", ""adapter_config.json"": ""9c868e731d9e1e45f0f114c79b1eeca3c96b1d0d3a8f5f93d9ff5a73d690a9df"", ""adapter_model.safetensors"": ""aaad7a39d905ddffc323d02d3beb78717388f29dc19488b91eb5218f4814b697"", ""chat_template.jinja"": ""a0bc6f6fc7a29a80017a433e8f03a1cc1236e838a944a2d034295a60c4f2fddb"", ""processor_config.json"": ""edb8dd5001f02dd3a488fd63d664fcdc5514c4a93962bf1be534a0acf6e2c714"", ""tokenizer.json"": ""ff8cce547abc110590d19c6b5b6e0c6a7b4c8d1012d78b9c42131bae7f494a02"", ""tokenizer_config.json"": ""5afec58078ec072cdc9ad190a63c8657f9c47ec71068ff9c77423f1ea0422364""}",,7f29cebb9d06eca06ad0d6c690e4d5a083b71a9c42008f88e92474e3ff0eb98a,eb4075c77285da02c52794154760fa969fb21ab3dcceb0820cb7d2ba27d27471,http://images.cocodataset.org/train2017/000000151497.jpg,http://images.cocodataset.org/train2017/000000151497.jpg,,http://images.cocodataset.org/train2017/000000151497.jpg,hflip,tier_c_v0.1,"{""algorithm"": ""PIL.Image.FLIP_LEFT_RIGHT applied AFTER uniform 392px long-side preprocessing"", ""axis"": ""visual"", ""condition"": ""hflip_flip"", ""law"": ""flip_expected"", ""relation_rule"": ""mirrored-axis left/right relations flip; vertical/depth relations invariant; no global label flip"", ""transform"": ""hflip""}",,"{""do_sample"": false, ""max_new_tokens"": 5}",tier_c_tierc_full,38ad6fbc3e13cd785730b656c19512866d0845fd,v0.1
vsr_test:1179,vsr_test:1179,test,hflip_flip,visual,The cake is at the right side of the laptop.,The cake is at the right side of the laptop.,at the right side of,horizontal,cake,laptop,True,False,flip_expected,False,True, False.,Qwen/Qwen2-VL-7B-Instruct,,7B_hardneg_lora,/home/ubuntu/vlm-spatial-reasoning/checkpoints/qwen2vl_7b_hardneg_lora/final,"{""README.md"": ""ad67fbd14e29a7dae114b54d70c840eab4d917c7d4bbce31d8e923429325d12b"", ""adapter_config.json"": ""9c868e731d9e1e45f0f114c79b1eeca3c96b1d0d3a8f5f93d9ff5a73d690a9df"", ""adapter_model.safetensors"": ""aaad7a39d905ddffc323d02d3beb78717388f29dc19488b91eb5218f4814b697"", ""chat_template.jinja"": ""a0bc6f6fc7a29a80017a433e8f03a1cc1236e838a944a2d034295a60c4f2fddb"", ""processor_config.json"": ""edb8dd5001f02dd3a488fd63d664fcdc5514c4a93962bf1be534a0acf6e2c714"", ""tokenizer.json"": ""ff8cce547abc110590d19c6b5b6e0c6a7b4c8d1012d78b9c42131bae7f494a02"", ""tokenizer_config.json"": ""5afec58078ec072cdc9ad190a63c8657f9c47ec71068ff9c77423f1ea0422364""}",,7f29cebb9d06eca06ad0d6c690e4d5a083b71a9c42008f88e92474e3ff0eb98a,eb4075c77285da02c52794154760fa969fb21ab3dcceb0820cb7d2ba27d27471,http://images.cocodataset.org/train2017/000000531049.jpg,http://images.cocodataset.org/train2017/000000531049.jpg,,http://images.cocodataset.org/train2017/000000531049.jpg,hflip,tier_c_v0.1,"{""algorithm"": ""PIL.Image.FLIP_LEFT_RIGHT applied AFTER uniform 392px long-side preprocessing"", ""axis"": ""visual"", ""condition"": ""hflip_flip"", ""law"": ""flip_expected"", ""relation_rule"": ""mirrored-axis left/right relations flip; vertical/depth relations invariant; no global label flip"", ""transform"": ""hflip""}",,"{""do_sample"": false, ""max_new_tokens"": 5}",tier_c_tierc_full,38ad6fbc3e13cd785730b656c19512866d0845fd,v0.1
vsr_test:1180,vsr_test:1180,test,hflip_flip,visual,The bench is at the left side of the person.,The bench is at the left side of the person.,at the left side of,horizontal,bench,person,False,True,flip_expected,False,False, False.,Qwen/Qwen2-VL-7B-Instruct,,7B_hardneg_lora,/home/ubuntu/vlm-spatial-reasoning/checkpoints/qwen2vl_7b_hardneg_lora/final,"{""README.md"": ""ad67fbd14e29a7dae114b54d70c840eab4d917c7d4bbce31d8e923429325d12b"", ""adapter_config.json"": ""9c868e731d9e1e45f0f114c79b1eeca3c96b1d0d3a8f5f93d9ff5a73d690a9df"", ""adapter_model.safetensors"": ""aaad7a39d905ddffc323d02d3beb78717388f29dc19488b91eb5218f4814b697"", ""chat_template.jinja"": ""a0bc6f6fc7a29a80017a433e8f03a1cc1236e838a944a2d034295a60c4f2fddb"", ""processor_config.json"": ""edb8dd5001f02dd3a488fd63d664fcdc5514c4a93962bf1be534a0acf6e2c714"", ""tokenizer.json"": ""ff8cce547abc110590d19c6b5b6e0c6a7b4c8d1012d78b9c42131bae7f494a02"", ""tokenizer_config.json"": ""5afec58078ec072cdc9ad190a63c8657f9c47ec71068ff9c77423f1ea0422364""}",,7f29cebb9d06eca06ad0d6c690e4d5a083b71a9c42008f88e92474e3ff0eb98a,eb4075c77285da02c52794154760fa969fb21ab3dcceb0820cb7d2ba27d27471,http://images.cocodataset.org/train2017/000000058836.jpg,http://images.cocodataset.org/train2017/000000058836.jpg,,http://images.cocodataset.org/train2017/000000058836.jpg,hflip,tier_c_v0.1,"{""algorithm"": ""PIL.Image.FLIP_LEFT_RIGHT applied AFTER uniform 392px long-side preprocessing"", ""axis"": ""visual"", ""condition"": ""hflip_flip"", ""law"": ""flip_expected"", ""relation_rule"": ""mirrored-axis left/right relations flip; vertical/depth relations invariant; no global label flip"", ""transform"": ""hflip""}",,"{""do_sample"": false, ""max_new_tokens"": 5}",tier_c_tierc_full,38ad6fbc3e13cd785730b656c19512866d0845fd,v0.1
vsr_test:1183,vsr_test:1183,test,hflip_flip,visual,The banana is left of the person.,The banana is left of the person.,left of,horizontal,banana,,True,False,flip_expected,True,False, True.,Qwen/Qwen2-VL-7B-Instruct,,7B_hardneg_lora,/home/ubuntu/vlm-spatial-reasoning/checkpoints/qwen2vl_7b_hardneg_lora/final,"{""README.md"": ""ad67fbd14e29a7dae114b54d70c840eab4d917c7d4bbce31d8e923429325d12b"", ""adapter_config.json"": ""9c868e731d9e1e45f0f114c79b1eeca3c96b1d0d3a8f5f93d9ff5a73d690a9df"", ""adapter_model.safetensors"": ""aaad7a39d905ddffc323d02d3beb78717388f29dc19488b91eb5218f4814b697"", ""chat_template.jinja"": ""a0bc6f6fc7a29a80017a433e8f03a1cc1236e838a944a2d034295a60c4f2fddb"", ""processor_config.json"": ""edb8dd5001f02dd3a488fd63d664fcdc5514c4a93962bf1be534a0acf6e2c714"", ""tokenizer.json"": ""ff8cce547abc110590d19c6b5b6e0c6a7b4c8d1012d78b9c42131bae7f494a02"", ""tokenizer_config.json"": ""5afec58078ec072cdc9ad190a63c8657f9c47ec71068ff9c77423f1ea0422364""}",,7f29cebb9d06eca06ad0d6c690e4d5a083b71a9c42008f88e92474e3ff0eb98a,eb4075c77285da02c52794154760fa969fb21ab3dcceb0820cb7d2ba27d27471,http://images.cocodataset.org/train2017/000000084959.jpg,http://images.cocodataset.org/train2017/000000084959.jpg,,http://images.cocodataset.org/train2017/000000084959.jpg,hflip,tier_c_v0.1,"{""algorithm"": ""PIL.Image.FLIP_LEFT_RIGHT applied AFTER uniform 392px long-side preprocessing"", ""axis"": ""visual"", ""condition"": ""hflip_flip"", ""law"": ""flip_expected"", ""relation_rule"": ""mirrored-axis left/right relations flip; vertical/depth relations invariant; no global label flip"", ""transform"": ""hflip""}",,"{""do_sample"": false, ""max_new_tokens"": 5}",tier_c_tierc_full,38ad6fbc3e13cd785730b656c19512866d0845fd,v0.1
vsr_test:1195,vsr_test:1195,test,hflip_flip,visual,The toaster is left of the bowl.,The toaster is left of the bowl.,left of,horizontal,toaster,,False,True,flip_expected,False,False, False.,Qwen/Qwen2-VL-7B-Instruct,,7B_hardneg_lora,/home/ubuntu/vlm-spatial-reasoning/checkpoints/qwen2vl_7b_hardneg_lora/final,"{""README.md"": ""ad67fbd14e29a7dae114b54d70c840eab4d917c7d4bbce31d8e923429325d12b"", ""adapter_config.json"": ""9c868e731d9e1e45f0f114c79b1eeca3c96b1d0d3a8f5f93d9ff5a73d690a9df"", ""adapter_model.safetensors"": ""aaad7a39d905ddffc323d02d3beb78717388f29dc19488b91eb5218f4814b697"", ""chat_template.jinja"": ""a0bc6f6fc7a29a80017a433e8f03a1cc1236e838a944a2d034295a60c4f2fddb"", ""processor_config.json"": ""edb8dd5001f02dd3a488fd63d664fcdc5514c4a93962bf1be534a0acf6e2c714"", ""tokenizer.json"": ""ff8cce547abc110590d19c6b5b6e0c6a7b4c8d1012d78b9c42131bae7f494a02"", ""tokenizer_config.json"": ""5afec58078ec072cdc9ad190a63c8657f9c47ec71068ff9c77423f1ea0422364""}",,7f29cebb9d06eca06ad0d6c690e4d5a083b71a9c42008f88e92474e3ff0eb98a,eb4075c77285da02c52794154760fa969fb21ab3dcceb0820cb7d2ba27d27471,http://images.cocodataset.org/train2017/000000515202.jpg,http://images.cocodataset.org/train2017/000000515202.jpg,,http://images.cocodataset.org/train2017/000000515202.jpg,hflip,tier_c_v0.1,"{""algorithm"": ""PIL.Image.FLIP_LEFT_RIGHT applied AFTER uniform 392px long-side preprocessing"", ""axis"": ""visual"", ""condition"": ""hflip_flip"", ""law"": ""flip_expected"", ""relation_rule"": ""mirrored-axis left/right relations flip; vertical/depth relations invariant; no global label flip"", ""transform"": ""hflip""}",,"{""do_sample"": false, ""max_new_tokens"": 5}",tier_c_tierc_full,38ad6fbc3e13cd785730b656c19512866d0845fd,v0.1
vsr_test:1204,vsr_test:1204,test,hflip_flip,visual,The person is at the left side of the oven.,The person is at the left side of the oven.,at the left side of,horizontal,person,oven,False,True,flip_expected,True,True, True,Qwen/Qwen2-VL-7B-Instruct,,7B_hardneg_lora,/home/ubuntu/vlm-spatial-reasoning/checkpoints/qwen2vl_7b_hardneg_lora/final,"{""README.md"": ""ad67fbd14e29a7dae114b54d70c840eab4d917c7d4bbce31d8e923429325d12b"", ""adapter_config.json"": ""9c868e731d9e1e45f0f114c79b1eeca3c96b1d0d3a8f5f93d9ff5a73d690a9df"", ""adapter_model.safetensors"": ""aaad7a39d905ddffc323d02d3beb78717388f29dc19488b91eb5218f4814b697"", ""chat_template.jinja"": ""a0bc6f6fc7a29a80017a433e8f03a1cc1236e838a944a2d034295a60c4f2fddb"", ""processor_config.json"": ""edb8dd5001f02dd3a488fd63d664fcdc5514c4a93962bf1be534a0acf6e2c714"", ""tokenizer.json"": ""ff8cce547abc110590d19c6b5b6e0c6a7b4c8d1012d78b9c42131bae7f494a02"", ""tokenizer_config.json"": ""5afec58078ec072cdc9ad190a63c8657f9c47ec71068ff9c77423f1ea0422364""}",,7f29cebb9d06eca06ad0d6c690e4d5a083b71a9c42008f88e92474e3ff0eb98a,eb4075c77285da02c52794154760fa969fb21ab3dcceb0820cb7d2ba27d27471,http://images.cocodataset.org/val2017/000000280930.jpg,http://images.cocodataset.org/val2017/000000280930.jpg,,http://images.cocodataset.org/val2017/000000280930.jpg,hflip,tier_c_v0.1,"{""algorithm"": ""PIL.Image.FLIP_LEFT_RIGHT applied AFTER uniform 392px long-side preprocessing"", ""axis"": ""visual"", ""condition"": ""hflip_flip"", ""law"": ""flip_expected"", ""relation_rule"": ""mirrored-axis left/right relations flip; vertical/depth relations invariant; no global label flip"", ""transform"": ""hflip""}",,"{""do_sample"": false, ""max_new_tokens"": 5}",tier_c_tierc_full,38ad6fbc3e13cd785730b656c19512866d0845fd,v0.1
vsr_test:1210,vsr_test:1210,test,hflip_flip,visual,The sandwich is at the left side of the laptop.,The sandwich is at the left side of the laptop.,at the left side of,horizontal,sandwich,laptop,False,True,flip_expected,True,True, True.,Qwen/Qwen2-VL-7B-Instruct,,7B_hardneg_lora,/home/ubuntu/vlm-spatial-reasoning/checkpoints/qwen2vl_7b_hardneg_lora/final,"{""README.md"": ""ad67fbd14e29a7dae114b54d70c840eab4d917c7d4bbce31d8e923429325d12b"", ""adapter_config.json"": ""9c868e731d9e1e45f0f114c79b1eeca3c96b1d0d3a8f5f93d9ff5a73d690a9df"", ""adapter_model.safetensors"": ""aaad7a39d905ddffc323d02d3beb78717388f29dc19488b91eb5218f4814b697"", ""chat_template.jinja"": ""a0bc6f6fc7a29a80017a433e8f03a1cc1236e838a944a2d034295a60c4f2fddb"", ""processor_config.json"": ""edb8dd5001f02dd3a488fd63d664fcdc5514c4a93962bf1be534a0acf6e2c714"", ""tokenizer.json"": ""ff8cce547abc110590d19c6b5b6e0c6a7b4c8d1012d78b9c42131bae7f494a02"", ""tokenizer_config.json"": ""5afec58078ec072cdc9ad190a63c8657f9c47ec71068ff9c77423f1ea0422364""}",,7f29cebb9d06eca06ad0d6c690e4d5a083b71a9c42008f88e92474e3ff0eb98a,eb4075c77285da02c52794154760fa969fb21ab3dcceb0820cb7d2ba27d27471,http://images.cocodataset.org/train2017/000000349230.jpg,http://images.cocodataset.org/train2017/000000349230.jpg,,http://images.cocodataset.org/train2017/000000349230.jpg,hflip,tier_c_v0.1,"{""algorithm"": ""PIL.Image.FLIP_LEFT_RIGHT applied AFTER uniform 392px long-side preprocessing"", ""axis"": ""visual"", ""condition"": ""hflip_flip"", ""law"": ""flip_expected"", ""relation_rule"": ""mirrored-axis left/right relations flip; vertical/depth relations invariant; no global label flip"", ""transform"": ""hflip""}",,"{""do_sample"": false, ""max_new_tokens"": 5}",tier_c_tierc_full,38ad6fbc3e13cd785730b656c19512866d0845fd,v0.1
vsr_test:1222,vsr_test:1222,test,hflip_flip,visual,The oven is right of the cat.,The oven is right of the cat.,right of,horizontal,oven,,True,False,flip_expected,False,True, False,Qwen/Qwen2-VL-7B-Instruct,,7B_hardneg_lora,/home/ubuntu/vlm-spatial-reasoning/checkpoints/qwen2vl_7b_hardneg_lora/final,"{""README.md"": ""ad67fbd14e29a7dae114b54d70c840eab4d917c7d4bbce31d8e923429325d12b"", ""adapter_config.json"": ""9c868e731d9e1e45f0f114c79b1eeca3c96b1d0d3a8f5f93d9ff5a73d690a9df"", ""adapter_model.safetensors"": ""aaad7a39d905ddffc323d02d3beb78717388f29dc19488b91eb5218f4814b697"", ""chat_template.jinja"": ""a0bc6f6fc7a29a80017a433e8f03a1cc1236e838a944a2d034295a60c4f2fddb"", ""processor_config.json"": ""edb8dd5001f02dd3a488fd63d664fcdc5514c4a93962bf1be534a0acf6e2c714"", ""tokenizer.json"": ""ff8cce547abc110590d19c6b5b6e0c6a7b4c8d1012d78b9c42131bae7f494a02"", ""tokenizer_config.json"": ""5afec58078ec072cdc9ad190a63c8657f9c47ec71068ff9c77423f1ea0422364""}",,7f29cebb9d06eca06ad0d6c690e4d5a083b71a9c42008f88e92474e3ff0eb98a,eb4075c77285da02c52794154760fa969fb21ab3dcceb0820cb7d2ba27d27471,http://images.cocodataset.org/train2017/000000020087.jpg,http://images.cocodataset.org/train2017/000000020087.jpg,,http://images.cocodataset.org/train2017/000000020087.jpg,hflip,tier_c_v0.1,"{""algorithm"": ""PIL.Image.FLIP_LEFT_RIGHT applied AFTER uniform 392px long-side preprocessing"", ""axis"": ""visual"", ""condition"": ""hflip_flip"", ""law"": ""flip_expected"", ""relation_rule"": ""mirrored-axis left/right relations flip; vertical/depth relations invariant; no global label flip"", ""transform"": ""hflip""}",,"{""do_sample"": false, ""max_new_tokens"": 5}",tier_c_tierc_full,38ad6fbc3e13cd785730b656c19512866d0845fd,v0.1
vsr_test:1226,vsr_test:1226,test,hflip_flip,visual,The person is at the right side of the refrigerator.,The person is at the right side of the refrigerator.,at the right side of,horizontal,person,refrigerator,True,False,flip_expected,True,False, True.,Qwen/Qwen2-VL-7B-Instruct,,7B_hardneg_lora,/home/ubuntu/vlm-spatial-reasoning/checkpoints/qwen2vl_7b_hardneg_lora/final,"{""README.md"": ""ad67fbd14e29a7dae114b54d70c840eab4d917c7d4bbce31d8e923429325d12b"", ""adapter_config.json"": ""9c868e731d9e1e45f0f114c79b1eeca3c96b1d0d3a8f5f93d9ff5a73d690a9df"", ""adapter_model.safetensors"": ""aaad7a39d905ddffc323d02d3beb78717388f29dc19488b91eb5218f4814b697"", ""chat_template.jinja"": ""a0bc6f6fc7a29a80017a433e8f03a1cc1236e838a944a2d034295a60c4f2fddb"", ""processor_config.json"": ""edb8dd5001f02dd3a488fd63d664fcdc5514c4a93962bf1be534a0acf6e2c714"", ""tokenizer.json"": ""ff8cce547abc110590d19c6b5b6e0c6a7b4c8d1012d78b9c42131bae7f494a02"", ""tokenizer_config.json"": ""5afec58078ec072cdc9ad190a63c8657f9c47ec71068ff9c77423f1ea0422364""}",,7f29cebb9d06eca06ad0d6c690e4d5a083b71a9c42008f88e92474e3ff0eb98a,eb4075c77285da02c52794154760fa969fb21ab3dcceb0820cb7d2ba27d27471,http://images.cocodataset.org/train2017/000000066273.jpg,http://images.cocodataset.org/train2017/000000066273.jpg,,http://images.cocodataset.org/train2017/000000066273.jpg,hflip,tier_c_v0.1,"{""algorithm"": ""PIL.Image.FLIP_LEFT_RIGHT applied AFTER uniform 392px long-side preprocessing"", ""axis"": ""visual"", ""condition"": ""hflip_flip"", ""law"": ""flip_expected"", ""relation_rule"": ""mirrored-axis left/right relations flip; vertical/depth relations invariant; no global label flip"", ""transform"": ""hflip""}",,"{""do_sample"": false, ""max_new_tokens"": 5}",tier_c_tierc_full,38ad6fbc3e13cd785730b656c19512866d0845fd,v0.1
vsr_test:1230,vsr_test:1230,test,hflip_flip,visual,The microwave is at the right side of the person.,The microwave is at the right side of the person.,at the right side of,horizontal,microwave,person,False,True,flip_expected,False,False, False.,Qwen/Qwen2-VL-7B-Instruct,,7B_hardneg_lora,/home/ubuntu/vlm-spatial-reasoning/checkpoints/qwen2vl_7b_hardneg_lora/final,"{""README.md"": ""ad67fbd14e29a7dae114b54d70c840eab4d917c7d4bbce31d8e923429325d12b"", ""adapter_config.json"": ""9c868e731d9e1e45f0f114c79b1eeca3c96b1d0d3a8f5f93d9ff5a73d690a9df"", ""adapter_model.safetensors"": ""aaad7a39d905ddffc323d02d3beb78717388f29dc19488b91eb5218f4814b697"", ""chat_template.jinja"": ""a0bc6f6fc7a29a80017a433e8f03a1cc1236e838a944a2d034295a60c4f2fddb"", ""processor_config.json"": ""edb8dd5001f02dd3a488fd63d664fcdc5514c4a93962bf1be534a0acf6e2c714"", ""tokenizer.json"": ""ff8cce547abc110590d19c6b5b6e0c6a7b4c8d1012d78b9c42131bae7f494a02"", ""tokenizer_config.json"": ""5afec58078ec072cdc9ad190a63c8657f9c47ec71068ff9c77423f1ea0422364""}",,7f29cebb9d06eca06ad0d6c690e4d5a083b71a9c42008f88e92474e3ff0eb98a,eb4075c77285da02c52794154760fa969fb21ab3dcceb0820cb7d2ba27d27471,http://images.cocodataset.org/train2017/000000469793.jpg,http://images.cocodataset.org/train2017/000000469793.jpg,,http://images.cocodataset.org/train2017/000000469793.jpg,hflip,tier_c_v0.1,"{""algorithm"": ""PIL.Image.FLIP_LEFT_RIGHT applied AFTER uniform 392px long-side preprocessing"", ""axis"": ""visual"", ""condition"": ""hflip_flip"", ""law"": ""flip_expected"", ""relation_rule"": ""mirrored-axis left/right relations flip; vertical/depth relations invariant; no global label flip"", ""transform"": ""hflip""}",,"{""do_sample"": false, ""max_new_tokens"": 5}",tier_c_tierc_full,38ad6fbc3e13cd785730b656c19512866d0845fd,v0.1
vsr_test:1231,vsr_test:1231,test,hflip_flip,visual,The teddy bear is at the left side of the dog.,The teddy bear is at the left side of the dog.,at the left side of,horizontal,teddy bear,dog,True,False,flip_expected,False,True, False,Qwen/Qwen2-VL-7B-Instruct,,7B_hardneg_lora,/home/ubuntu/vlm-spatial-reasoning/checkpoints/qwen2vl_7b_hardneg_lora/final,"{""README.md"": ""ad67fbd14e29a7dae114b54d70c840eab4d917c7d4bbce31d8e923429325d12b"", ""adapter_config.json"": ""9c868e731d9e1e45f0f114c79b1eeca3c96b1d0d3a8f5f93d9ff5a73d690a9df"", ""adapter_model.safetensors"": ""aaad7a39d905ddffc323d02d3beb78717388f29dc19488b91eb5218f4814b697"", ""chat_template.jinja"": ""a0bc6f6fc7a29a80017a433e8f03a1cc1236e838a944a2d034295a60c4f2fddb"", ""processor_config.json"": ""edb8dd5001f02dd3a488fd63d664fcdc5514c4a93962bf1be534a0acf6e2c714"", ""tokenizer.json"": ""ff8cce547abc110590d19c6b5b6e0c6a7b4c8d1012d78b9c42131bae7f494a02"", ""tokenizer_config.json"": ""5afec58078ec072cdc9ad190a63c8657f9c47ec71068ff9c77423f1ea0422364""}",,7f29cebb9d06eca06ad0d6c690e4d5a083b71a9c42008f88e92474e3ff0eb98a,eb4075c77285da02c52794154760fa969fb21ab3dcceb0820cb7d2ba27d27471,http://images.cocodataset.org/train2017/000000537636.jpg,http://images.cocodataset.org/train2017/000000537636.jpg,,http://images.cocodataset.org/train2017/000000537636.jpg,hflip,tier_c_v0.1,"{""algorithm"": ""PIL.Image.FLIP_LEFT_RIGHT applied AFTER uniform 392px long-side preprocessing"", ""axis"": ""visual"", ""condition"": ""hflip_flip"", ""law"": ""flip_expected"", ""relation_rule"": ""mirrored-axis left/right relations flip; vertical/depth relations invariant; no global label flip"", ""transform"": ""hflip""}",,"{""do_sample"": false, ""max_new_tokens"": 5}",tier_c_tierc_full,38ad6fbc3e13cd785730b656c19512866d0845fd,v0.1
vsr_test:1233,vsr_test:1233,test,hflip_flip,visual,The car is left of the parking meter.,The car is left of the parking meter.,left of,horizontal,car,,True,False,flip_expected,False,True, False,Qwen/Qwen2-VL-7B-Instruct,,7B_hardneg_lora,/home/ubuntu/vlm-spatial-reasoning/checkpoints/qwen2vl_7b_hardneg_lora/final,"{""README.md"": ""ad67fbd14e29a7dae114b54d70c840eab4d917c7d4bbce31d8e923429325d12b"", ""adapter_config.json"": ""9c868e731d9e1e45f0f114c79b1eeca3c96b1d0d3a8f5f93d9ff5a73d690a9df"", ""adapter_model.safetensors"": ""aaad7a39d905ddffc323d02d3beb78717388f29dc19488b91eb5218f4814b697"", ""chat_template.jinja"": ""a0bc6f6fc7a29a80017a433e8f03a1cc1236e838a944a2d034295a60c4f2fddb"", ""processor_config.json"": ""edb8dd5001f02dd3a488fd63d664fcdc5514c4a93962bf1be534a0acf6e2c714"", ""tokenizer.json"": ""ff8cce547abc110590d19c6b5b6e0c6a7b4c8d1012d78b9c42131bae7f494a02"", ""tokenizer_config.json"": ""5afec58078ec072cdc9ad190a63c8657f9c47ec71068ff9c77423f1ea0422364""}",,7f29cebb9d06eca06ad0d6c690e4d5a083b71a9c42008f88e92474e3ff0eb98a,eb4075c77285da02c52794154760fa969fb21ab3dcceb0820cb7d2ba27d27471,http://images.cocodataset.org/train2017/000000385172.jpg,http://images.cocodataset.org/train2017/000000385172.jpg,,http://images.cocodataset.org/train2017/000000385172.jpg,hflip,tier_c_v0.1,"{""algorithm"": ""PIL.Image.FLIP_LEFT_RIGHT applied AFTER uniform 392px long-side preprocessing"", ""axis"": ""visual"", ""condition"": ""hflip_flip"", ""law"": ""flip_expected"", ""relation_rule"": ""mirrored-axis left/right relations flip; vertical/depth relations invariant; no global label flip"", ""transform"": ""hflip""}",,"{""do_sample"": false, ""max_new_tokens"": 5}",tier_c_tierc_full,38ad6fbc3e13cd785730b656c19512866d0845fd,v0.1
vsr_test:1246,vsr_test:1246,test,hflip_flip,visual,The sandwich is at the left side of the cup.,The sandwich is at the left side of the cup.,at the left side of,horizontal,sandwich,cup,False,True,flip_expected,False,False, False.,Qwen/Qwen2-VL-7B-Instruct,,7B_hardneg_lora,/home/ubuntu/vlm-spatial-reasoning/checkpoints/qwen2vl_7b_hardneg_lora/final,"{""README.md"": ""ad67fbd14e29a7dae114b54d70c840eab4d917c7d4bbce31d8e923429325d12b"", ""adapter_config.json"": ""9c868e731d9e1e45f0f114c79b1eeca3c96b1d0d3a8f5f93d9ff5a73d690a9df"", ""adapter_model.safetensors"": ""aaad7a39d905ddffc323d02d3beb78717388f29dc19488b91eb5218f4814b697"", ""chat_template.jinja"": ""a0bc6f6fc7a29a80017a433e8f03a1cc1236e838a944a2d034295a60c4f2fddb"", ""processor_config.json"": ""edb8dd5001f02dd3a488fd63d664fcdc5514c4a93962bf1be534a0acf6e2c714"", ""tokenizer.json"": ""ff8cce547abc110590d19c6b5b6e0c6a7b4c8d1012d78b9c42131bae7f494a02"", ""tokenizer_config.json"": ""5afec58078ec072cdc9ad190a63c8657f9c47ec71068ff9c77423f1ea0422364""}",,7f29cebb9d06eca06ad0d6c690e4d5a083b71a9c42008f88e92474e3ff0eb98a,eb4075c77285da02c52794154760fa969fb21ab3dcceb0820cb7d2ba27d27471,http://images.cocodataset.org/train2017/000000319122.jpg,http://images.cocodataset.org/train2017/000000319122.jpg,,http://images.cocodataset.org/train2017/000000319122.jpg,hflip,tier_c_v0.1,"{""algorithm"": ""PIL.Image.FLIP_LEFT_RIGHT applied AFTER uniform 392px long-side preprocessing"", ""axis"": ""visual"", ""condition"": ""hflip_flip"", ""law"": ""flip_expected"", ""relation_rule"": ""mirrored-axis left/right relations flip; vertical/depth relations invariant; no global label flip"", ""transform"": ""hflip""}",,"{""do_sample"": false, ""max_new_tokens"": 5}",tier_c_tierc_full,38ad6fbc3e13cd785730b656c19512866d0845fd,v0.1
vsr_test:1256,vsr_test:1256,test,hflip_flip,visual,The person is at the right side of the cell phone.,The person is at the right side of the cell phone.,at the right side of,horizontal,person,cell phone,True,False,flip_expected,False,True, False.,Qwen/Qwen2-VL-7B-Instruct,,7B_hardneg_lora,/home/ubuntu/vlm-spatial-reasoning/checkpoints/qwen2vl_7b_hardneg_lora/final,"{""README.md"": ""ad67fbd14e29a7dae114b54d70c840eab4d917c7d4bbce31d8e923429325d12b"", ""adapter_config.json"": ""9c868e731d9e1e45f0f114c79b1eeca3c96b1d0d3a8f5f93d9ff5a73d690a9df"", ""adapter_model.safetensors"": ""aaad7a39d905ddffc323d02d3beb78717388f29dc19488b91eb5218f4814b697"", ""chat_template.jinja"": ""a0bc6f6fc7a29a80017a433e8f03a1cc1236e838a944a2d034295a60c4f2fddb"", ""processor_config.json"": ""edb8dd5001f02dd3a488fd63d664fcdc5514c4a93962bf1be534a0acf6e2c714"", ""tokenizer.json"": ""ff8cce547abc110590d19c6b5b6e0c6a7b4c8d1012d78b9c42131bae7f494a02"", ""tokenizer_config.json"": ""5afec58078ec072cdc9ad190a63c8657f9c47ec71068ff9c77423f1ea0422364""}",,7f29cebb9d06eca06ad0d6c690e4d5a083b71a9c42008f88e92474e3ff0eb98a,eb4075c77285da02c52794154760fa969fb21ab3dcceb0820cb7d2ba27d27471,http://images.cocodataset.org/train2017/000000248170.jpg,http://images.cocodataset.org/train2017/000000248170.jpg,,http://images.cocodataset.org/train2017/000000248170.jpg,hflip,tier_c_v0.1,"{""algorithm"": ""PIL.Image.FLIP_LEFT_RIGHT applied AFTER uniform 392px long-side preprocessing"", ""axis"": ""visual"", ""condition"": ""hflip_flip"", ""law"": ""flip_expected"", ""relation_rule"": ""mirrored-axis left/right relations flip; vertical/depth relations invariant; no global label flip"", ""transform"": ""hflip""}",,"{""do_sample"": false, ""max_new_tokens"": 5}",tier_c_tierc_full,38ad6fbc3e13cd785730b656c19512866d0845fd,v0.1
vsr_test:1260,vsr_test:1260,test,hflip_flip,visual,The person is at the right side of the dining table.,The person is at the right side of the dining table.,at the right side of,horizontal,person,dining table,True,False,flip_expected,False,True, False.,Qwen/Qwen2-VL-7B-Instruct,,7B_hardneg_lora,/home/ubuntu/vlm-spatial-reasoning/checkpoints/qwen2vl_7b_hardneg_lora/final,"{""README.md"": ""ad67fbd14e29a7dae114b54d70c840eab4d917c7d4bbce31d8e923429325d12b"", ""adapter_config.json"": ""9c868e731d9e1e45f0f114c79b1eeca3c96b1d0d3a8f5f93d9ff5a73d690a9df"", ""adapter_model.safetensors"": ""aaad7a39d905ddffc323d02d3beb78717388f29dc19488b91eb5218f4814b697"", ""chat_template.jinja"": ""a0bc6f6fc7a29a80017a433e8f03a1cc1236e838a944a2d034295a60c4f2fddb"", ""processor_config.json"": ""edb8dd5001f02dd3a488fd63d664fcdc5514c4a93962bf1be534a0acf6e2c714"", ""tokenizer.json"": ""ff8cce547abc110590d19c6b5b6e0c6a7b4c8d1012d78b9c42131bae7f494a02"", ""tokenizer_config.json"": ""5afec58078ec072cdc9ad190a63c8657f9c47ec71068ff9c77423f1ea0422364""}",,7f29cebb9d06eca06ad0d6c690e4d5a083b71a9c42008f88e92474e3ff0eb98a,eb4075c77285da02c52794154760fa969fb21ab3dcceb0820cb7d2ba27d27471,http://images.cocodataset.org/train2017/000000529234.jpg,http://images.cocodataset.org/train2017/000000529234.jpg,,http://images.cocodataset.org/train2017/000000529234.jpg,hflip,tier_c_v0.1,"{""algorithm"": ""PIL.Image.FLIP_LEFT_RIGHT applied AFTER uniform 392px long-side preprocessing"", ""axis"": ""visual"", ""condition"": ""hflip_flip"", ""law"": ""flip_expected"", ""relation_rule"": ""mirrored-axis left/right relations flip; vertical/depth relations invariant; no global label flip"", ""transform"": ""hflip""}",,"{""do_sample"": false, ""max_new_tokens"": 5}",tier_c_tierc_full,38ad6fbc3e13cd785730b656c19512866d0845fd,v0.1
vsr_test:1264,vsr_test:1264,test,hflip_flip,visual,The orange is at the left side of the book.,The orange is at the left side of the book.,at the left side of,horizontal,orange,book,True,False,flip_expected,False,True, False.,Qwen/Qwen2-VL-7B-Instruct,,7B_hardneg_lora,/home/ubuntu/vlm-spatial-reasoning/checkpoints/qwen2vl_7b_hardneg_lora/final,"{""README.md"": ""ad67fbd14e29a7dae114b54d70c840eab4d917c7d4bbce31d8e923429325d12b"", ""adapter_config.json"": ""9c868e731d9e1e45f0f114c79b1eeca3c96b1d0d3a8f5f93d9ff5a73d690a9df"", ""adapter_model.safetensors"": ""aaad7a39d905ddffc323d02d3beb78717388f29dc19488b91eb5218f4814b697"", ""chat_template.jinja"": ""a0bc6f6fc7a29a80017a433e8f03a1cc1236e838a944a2d034295a60c4f2fddb"", ""processor_config.json"": ""edb8dd5001f02dd3a488fd63d664fcdc5514c4a93962bf1be534a0acf6e2c714"", ""tokenizer.json"": ""ff8cce547abc110590d19c6b5b6e0c6a7b4c8d1012d78b9c42131bae7f494a02"", ""tokenizer_config.json"": ""5afec58078ec072cdc9ad190a63c8657f9c47ec71068ff9c77423f1ea0422364""}",,7f29cebb9d06eca06ad0d6c690e4d5a083b71a9c42008f88e92474e3ff0eb98a,eb4075c77285da02c52794154760fa969fb21ab3dcceb0820cb7d2ba27d27471,http://images.cocodataset.org/train2017/000000377611.jpg,http://images.cocodataset.org/train2017/000000377611.jpg,,http://images.cocodataset.org/train2017/000000377611.jpg,hflip,tier_c_v0.1,"{""algorithm"": ""PIL.Image.FLIP_LEFT_RIGHT applied AFTER uniform 392px long-side preprocessing"", ""axis"": ""visual"", ""condition"": ""hflip_flip"", ""law"": ""flip_expected"", ""relation_rule"": ""mirrored-axis left/right relations flip; vertical/depth relations invariant; no global label flip"", ""transform"": ""hflip""}",,"{""do_sample"": false, ""max_new_tokens"": 5}",tier_c_tierc_full,38ad6fbc3e13cd785730b656c19512866d0845fd,v0.1
vsr_test:1272,vsr_test:1272,test,hflip_flip,visual,The teddy bear is at the left side of the car.,The teddy bear is at the left side of the car.,at the left side of,horizontal,teddy bear,car,True,False,flip_expected,False,True, False.,Qwen/Qwen2-VL-7B-Instruct,,7B_hardneg_lora,/home/ubuntu/vlm-spatial-reasoning/checkpoints/qwen2vl_7b_hardneg_lora/final,"{""README.md"": ""ad67fbd14e29a7dae114b54d70c840eab4d917c7d4bbce31d8e923429325d12b"", ""adapter_config.json"": ""9c868e731d9e1e45f0f114c79b1eeca3c96b1d0d3a8f5f93d9ff5a73d690a9df"", ""adapter_model.safetensors"": ""aaad7a39d905ddffc323d02d3beb78717388f29dc19488b91eb5218f4814b697"", ""chat_template.jinja"": ""a0bc6f6fc7a29a80017a433e8f03a1cc1236e838a944a2d034295a60c4f2fddb"", ""processor_config.json"": ""edb8dd5001f02dd3a488fd63d664fcdc5514c4a93962bf1be534a0acf6e2c714"", ""tokenizer.json"": ""ff8cce547abc110590d19c6b5b6e0c6a7b4c8d1012d78b9c42131bae7f494a02"", ""tokenizer_config.json"": ""5afec58078ec072cdc9ad190a63c8657f9c47ec71068ff9c77423f1ea0422364""}",,7f29cebb9d06eca06ad0d6c690e4d5a083b71a9c42008f88e92474e3ff0eb98a,eb4075c77285da02c52794154760fa969fb21ab3dcceb0820cb7d2ba27d27471,http://images.cocodataset.org/train2017/000000407422.jpg,http://images.cocodataset.org/train2017/000000407422.jpg,,http://images.cocodataset.org/train2017/000000407422.jpg,hflip,tier_c_v0.1,"{""algorithm"": ""PIL.Image.FLIP_LEFT_RIGHT applied AFTER uniform 392px long-side preprocessing"", ""axis"": ""visual"", ""condition"": ""hflip_flip"", ""law"": ""flip_expected"", ""relation_rule"": ""mirrored-axis left/right relations flip; vertical/depth relations invariant; no global label flip"", ""transform"": ""hflip""}",,"{""do_sample"": false, ""max_new_tokens"": 5}",tier_c_tierc_full,38ad6fbc3e13cd785730b656c19512866d0845fd,v0.1
vsr_test:1274,vsr_test:1274,test,hflip_flip,visual,The cup is at the left side of the orange.,The cup is at the left side of the orange.,at the left side of,horizontal,cup,orange,False,True,flip_expected,False,False, False.,Qwen/Qwen2-VL-7B-Instruct,,7B_hardneg_lora,/home/ubuntu/vlm-spatial-reasoning/checkpoints/qwen2vl_7b_hardneg_lora/final,"{""README.md"": ""ad67fbd14e29a7dae114b54d70c840eab4d917c7d4bbce31d8e923429325d12b"", ""adapter_config.json"": ""9c868e731d9e1e45f0f114c79b1eeca3c96b1d0d3a8f5f93d9ff5a73d690a9df"", ""adapter_model.safetensors"": ""aaad7a39d905ddffc323d02d3beb78717388f29dc19488b91eb5218f4814b697"", ""chat_template.jinja"": ""a0bc6f6fc7a29a80017a433e8f03a1cc1236e838a944a2d034295a60c4f2fddb"", ""processor_config.json"": ""edb8dd5001f02dd3a488fd63d664fcdc5514c4a93962bf1be534a0acf6e2c714"", ""tokenizer.json"": ""ff8cce547abc110590d19c6b5b6e0c6a7b4c8d1012d78b9c42131bae7f494a02"", ""tokenizer_config.json"": ""5afec58078ec072cdc9ad190a63c8657f9c47ec71068ff9c77423f1ea0422364""}",,7f29cebb9d06eca06ad0d6c690e4d5a083b71a9c42008f88e92474e3ff0eb98a,eb4075c77285da02c52794154760fa969fb21ab3dcceb0820cb7d2ba27d27471,http://images.cocodataset.org/val2017/000000351609.jpg,http://images.cocodataset.org/val2017/000000351609.jpg,,http://images.cocodataset.org/val2017/000000351609.jpg,hflip,tier_c_v0.1,"{""algorithm"": ""PIL.Image.FLIP_LEFT_RIGHT applied AFTER uniform 392px long-side preprocessing"", ""axis"": ""visual"", ""condition"": ""hflip_flip"", ""law"": ""flip_expected"", ""relation_rule"": ""mirrored-axis left/right relations flip; vertical/depth relations invariant; no global label flip"", ""transform"": ""hflip""}",,"{""do_sample"": false, ""max_new_tokens"": 5}",tier_c_tierc_full,38ad6fbc3e13cd785730b656c19512866d0845fd,v0.1
vsr_test:1281,vsr_test:1281,test,hflip_flip,visual,The laptop is at the left side of the cat.,The laptop is at the left side of the cat.,at the left side of,horizontal,laptop,cat,False,True,flip_expected,True,True, True.,Qwen/Qwen2-VL-7B-Instruct,,7B_hardneg_lora,/home/ubuntu/vlm-spatial-reasoning/checkpoints/qwen2vl_7b_hardneg_lora/final,"{""README.md"": ""ad67fbd14e29a7dae114b54d70c840eab4d917c7d4bbce31d8e923429325d12b"", ""adapter_config.json"": ""9c868e731d9e1e45f0f114c79b1eeca3c96b1d0d3a8f5f93d9ff5a73d690a9df"", ""adapter_model.safetensors"": ""aaad7a39d905ddffc323d02d3beb78717388f29dc19488b91eb5218f4814b697"", ""chat_template.jinja"": ""a0bc6f6fc7a29a80017a433e8f03a1cc1236e838a944a2d034295a60c4f2fddb"", ""processor_config.json"": ""edb8dd5001f02dd3a488fd63d664fcdc5514c4a93962bf1be534a0acf6e2c714"", ""tokenizer.json"": ""ff8cce547abc110590d19c6b5b6e0c6a7b4c8d1012d78b9c42131bae7f494a02"", ""tokenizer_config.json"": ""5afec58078ec072cdc9ad190a63c8657f9c47ec71068ff9c77423f1ea0422364""}",,7f29cebb9d06eca06ad0d6c690e4d5a083b71a9c42008f88e92474e3ff0eb98a,eb4075c77285da02c52794154760fa969fb21ab3dcceb0820cb7d2ba27d27471,http://images.cocodataset.org/train2017/000000068136.jpg,http://images.cocodataset.org/train2017/000000068136.jpg,,http://images.cocodataset.org/train2017/000000068136.jpg,hflip,tier_c_v0.1,"{""algorithm"": ""PIL.Image.FLIP_LEFT_RIGHT applied AFTER uniform 392px long-side preprocessing"", ""axis"": ""visual"", ""condition"": ""hflip_flip"", ""law"": ""flip_expected"", ""relation_rule"": ""mirrored-axis left/right relations flip; vertical/depth relations invariant; no global label flip"", ""transform"": ""hflip""}",,"{""do_sample"": false, ""max_new_tokens"": 5}",tier_c_tierc_full,38ad6fbc3e13cd785730b656c19512866d0845fd,v0.1
vsr_test:1285,vsr_test:1285,test,hflip_flip,visual,The motorcycle is at the left side of the train.,The motorcycle is at the left side of the train.,at the left side of,horizontal,motorcycle,train,False,True,flip_expected,True,True, True.,Qwen/Qwen2-VL-7B-Instruct,,7B_hardneg_lora,/home/ubuntu/vlm-spatial-reasoning/checkpoints/qwen2vl_7b_hardneg_lora/final,"{""README.md"": ""ad67fbd14e29a7dae114b54d70c840eab4d917c7d4bbce31d8e923429325d12b"", ""adapter_config.json"": ""9c868e731d9e1e45f0f114c79b1eeca3c96b1d0d3a8f5f93d9ff5a73d690a9df"", ""adapter_model.safetensors"": ""aaad7a39d905ddffc323d02d3beb78717388f29dc19488b91eb5218f4814b697"", ""chat_template.jinja"": ""a0bc6f6fc7a29a80017a433e8f03a1cc1236e838a944a2d034295a60c4f2fddb"", ""processor_config.json"": ""edb8dd5001f02dd3a488fd63d664fcdc5514c4a93962bf1be534a0acf6e2c714"", ""tokenizer.json"": ""ff8cce547abc110590d19c6b5b6e0c6a7b4c8d1012d78b9c42131bae7f494a02"", ""tokenizer_config.json"": ""5afec58078ec072cdc9ad190a63c8657f9c47ec71068ff9c77423f1ea0422364""}",,7f29cebb9d06eca06ad0d6c690e4d5a083b71a9c42008f88e92474e3ff0eb98a,eb4075c77285da02c52794154760fa969fb21ab3dcceb0820cb7d2ba27d27471,http://images.cocodataset.org/train2017/000000338407.jpg,http://images.cocodataset.org/train2017/000000338407.jpg,,http://images.cocodataset.org/train2017/000000338407.jpg,hflip,tier_c_v0.1,"{""algorithm"": ""PIL.Image.FLIP_LEFT_RIGHT applied AFTER uniform 392px long-side preprocessing"", ""axis"": ""visual"", ""condition"": ""hflip_flip"", ""law"": ""flip_expected"", ""relation_rule"": ""mirrored-axis left/right relations flip; vertical/depth relations invariant; no global label flip"", ""transform"": ""hflip""}",,"{""do_sample"": false, ""max_new_tokens"": 5}",tier_c_tierc_full,38ad6fbc3e13cd785730b656c19512866d0845fd,v0.1
vsr_test:1295,vsr_test:1295,test,hflip_flip,visual,The person is at the left side of the couch.,The person is at the left side of the couch.,at the left side of,horizontal,person,couch,True,False,flip_expected,False,True, False,Qwen/Qwen2-VL-7B-Instruct,,7B_hardneg_lora,/home/ubuntu/vlm-spatial-reasoning/checkpoints/qwen2vl_7b_hardneg_lora/final,"{""README.md"": ""ad67fbd14e29a7dae114b54d70c840eab4d917c7d4bbce31d8e923429325d12b"", ""adapter_config.json"": ""9c868e731d9e1e45f0f114c79b1eeca3c96b1d0d3a8f5f93d9ff5a73d690a9df"", ""adapter_model.safetensors"": ""aaad7a39d905ddffc323d02d3beb78717388f29dc19488b91eb5218f4814b697"", ""chat_template.jinja"": ""a0bc6f6fc7a29a80017a433e8f03a1cc1236e838a944a2d034295a60c4f2fddb"", ""processor_config.json"": ""edb8dd5001f02dd3a488fd63d664fcdc5514c4a93962bf1be534a0acf6e2c714"", ""tokenizer.json"": ""ff8cce547abc110590d19c6b5b6e0c6a7b4c8d1012d78b9c42131bae7f494a02"", ""tokenizer_config.json"": ""5afec58078ec072cdc9ad190a63c8657f9c47ec71068ff9c77423f1ea0422364""}",,7f29cebb9d06eca06ad0d6c690e4d5a083b71a9c42008f88e92474e3ff0eb98a,eb4075c77285da02c52794154760fa969fb21ab3dcceb0820cb7d2ba27d27471,http://images.cocodataset.org/train2017/000000300280.jpg,http://images.cocodataset.org/train2017/000000300280.jpg,,http://images.cocodataset.org/train2017/000000300280.jpg,hflip,tier_c_v0.1,"{""algorithm"": ""PIL.Image.FLIP_LEFT_RIGHT applied AFTER uniform 392px long-side preprocessing"", ""axis"": ""visual"", ""condition"": ""hflip_flip"", ""law"": ""flip_expected"", ""relation_rule"": ""mirrored-axis left/right relations flip; vertical/depth relations invariant; no global label flip"", ""transform"": ""hflip""}",,"{""do_sample"": false, ""max_new_tokens"": 5}",tier_c_tierc_full,38ad6fbc3e13cd785730b656c19512866d0845fd,v0.1
vsr_test:1299,vsr_test:1299,test,hflip_flip,visual,The vase is left of the dog.,The vase is left of the dog.,left of,horizontal,vase,,True,False,flip_expected,False,True, False.,Qwen/Qwen2-VL-7B-Instruct,,7B_hardneg_lora,/home/ubuntu/vlm-spatial-reasoning/checkpoints/qwen2vl_7b_hardneg_lora/final,"{""README.md"": ""ad67fbd14e29a7dae114b54d70c840eab4d917c7d4bbce31d8e923429325d12b"", ""adapter_config.json"": ""9c868e731d9e1e45f0f114c79b1eeca3c96b1d0d3a8f5f93d9ff5a73d690a9df"", ""adapter_model.safetensors"": ""aaad7a39d905ddffc323d02d3beb78717388f29dc19488b91eb5218f4814b697"", ""chat_template.jinja"": ""a0bc6f6fc7a29a80017a433e8f03a1cc1236e838a944a2d034295a60c4f2fddb"", ""processor_config.json"": ""edb8dd5001f02dd3a488fd63d664fcdc5514c4a93962bf1be534a0acf6e2c714"", ""tokenizer.json"": ""ff8cce547abc110590d19c6b5b6e0c6a7b4c8d1012d78b9c42131bae7f494a02"", ""tokenizer_config.json"": ""5afec58078ec072cdc9ad190a63c8657f9c47ec71068ff9c77423f1ea0422364""}",,7f29cebb9d06eca06ad0d6c690e4d5a083b71a9c42008f88e92474e3ff0eb98a,eb4075c77285da02c52794154760fa969fb21ab3dcceb0820cb7d2ba27d27471,http://images.cocodataset.org/train2017/000000117108.jpg,http://images.cocodataset.org/train2017/000000117108.jpg,,http://images.cocodataset.org/train2017/000000117108.jpg,hflip,tier_c_v0.1,"{""algorithm"": ""PIL.Image.FLIP_LEFT_RIGHT applied AFTER uniform 392px long-side preprocessing"", ""axis"": ""visual"", ""condition"": ""hflip_flip"", ""law"": ""flip_expected"", ""relation_rule"": ""mirrored-axis left/right relations flip; vertical/depth relations invariant; no global label flip"", ""transform"": ""hflip""}",,"{""do_sample"": false, ""max_new_tokens"": 5}",tier_c_tierc_full,38ad6fbc3e13cd785730b656c19512866d0845fd,v0.1
vsr_test:1305,vsr_test:1305,test,hflip_flip,visual,The potted plant is at the left side of the bench.,The potted plant is at the left side of the bench.,at the left side of,horizontal,potted plant,bench,True,False,flip_expected,False,True, False.,Qwen/Qwen2-VL-7B-Instruct,,7B_hardneg_lora,/home/ubuntu/vlm-spatial-reasoning/checkpoints/qwen2vl_7b_hardneg_lora/final,"{""README.md"": ""ad67fbd14e29a7dae114b54d70c840eab4d917c7d4bbce31d8e923429325d12b"", ""adapter_config.json"": ""9c868e731d9e1e45f0f114c79b1eeca3c96b1d0d3a8f5f93d9ff5a73d690a9df"", ""adapter_model.safetensors"": ""aaad7a39d905ddffc323d02d3beb78717388f29dc19488b91eb5218f4814b697"", ""chat_template.jinja"": ""a0bc6f6fc7a29a80017a433e8f03a1cc1236e838a944a2d034295a60c4f2fddb"", ""processor_config.json"": ""edb8dd5001f02dd3a488fd63d664fcdc5514c4a93962bf1be534a0acf6e2c714"", ""tokenizer.json"": ""ff8cce547abc110590d19c6b5b6e0c6a7b4c8d1012d78b9c42131bae7f494a02"", ""tokenizer_config.json"": ""5afec58078ec072cdc9ad190a63c8657f9c47ec71068ff9c77423f1ea0422364""}",,7f29cebb9d06eca06ad0d6c690e4d5a083b71a9c42008f88e92474e3ff0eb98a,eb4075c77285da02c52794154760fa969fb21ab3dcceb0820cb7d2ba27d27471,http://images.cocodataset.org/train2017/000000333538.jpg,http://images.cocodataset.org/train2017/000000333538.jpg,,http://images.cocodataset.org/train2017/000000333538.jpg,hflip,tier_c_v0.1,"{""algorithm"": ""PIL.Image.FLIP_LEFT_RIGHT applied AFTER uniform 392px long-side preprocessing"", ""axis"": ""visual"", ""condition"": ""hflip_flip"", ""law"": ""flip_expected"", ""relation_rule"": ""mirrored-axis left/right relations flip; vertical/depth relations invariant; no global label flip"", ""transform"": ""hflip""}",,"{""do_sample"": false, ""max_new_tokens"": 5}",tier_c_tierc_full,38ad6fbc3e13cd785730b656c19512866d0845fd,v0.1
vsr_test:1307,vsr_test:1307,test,hflip_flip,visual,The cup is left of the donut.,The cup is left of the donut.,left of,horizontal,cup,,True,False,flip_expected,False,True, False.,Qwen/Qwen2-VL-7B-Instruct,,7B_hardneg_lora,/home/ubuntu/vlm-spatial-reasoning/checkpoints/qwen2vl_7b_hardneg_lora/final,"{""README.md"": ""ad67fbd14e29a7dae114b54d70c840eab4d917c7d4bbce31d8e923429325d12b"", ""adapter_config.json"": ""9c868e731d9e1e45f0f114c79b1eeca3c96b1d0d3a8f5f93d9ff5a73d690a9df"", ""adapter_model.safetensors"": ""aaad7a39d905ddffc323d02d3beb78717388f29dc19488b91eb5218f4814b697"", ""chat_template.jinja"": ""a0bc6f6fc7a29a80017a433e8f03a1cc1236e838a944a2d034295a60c4f2fddb"", ""processor_config.json"": ""edb8dd5001f02dd3a488fd63d664fcdc5514c4a93962bf1be534a0acf6e2c714"", ""tokenizer.json"": ""ff8cce547abc110590d19c6b5b6e0c6a7b4c8d1012d78b9c42131bae7f494a02"", ""tokenizer_config.json"": ""5afec58078ec072cdc9ad190a63c8657f9c47ec71068ff9c77423f1ea0422364""}",,7f29cebb9d06eca06ad0d6c690e4d5a083b71a9c42008f88e92474e3ff0eb98a,eb4075c77285da02c52794154760fa969fb21ab3dcceb0820cb7d2ba27d27471,http://images.cocodataset.org/train2017/000000224306.jpg,http://images.cocodataset.org/train2017/000000224306.jpg,,http://images.cocodataset.org/train2017/000000224306.jpg,hflip,tier_c_v0.1,"{""algorithm"": ""PIL.Image.FLIP_LEFT_RIGHT applied AFTER uniform 392px long-side preprocessing"", ""axis"": ""visual"", ""condition"": ""hflip_flip"", ""law"": ""flip_expected"", ""relation_rule"": ""mirrored-axis left/right relations flip; vertical/depth relations invariant; no global label flip"", ""transform"": ""hflip""}",,"{""do_sample"": false, ""max_new_tokens"": 5}",tier_c_tierc_full,38ad6fbc3e13cd785730b656c19512866d0845fd,v0.1
vsr_test:1317,vsr_test:1317,test,hflip_flip,visual,The bus is at the left side of the stop sign.,The bus is at the left side of the stop sign.,at the left side of,horizontal,bus,stop sign,False,True,flip_expected,False,False, False.,Qwen/Qwen2-VL-7B-Instruct,,7B_hardneg_lora,/home/ubuntu/vlm-spatial-reasoning/checkpoints/qwen2vl_7b_hardneg_lora/final,"{""README.md"": ""ad67fbd14e29a7dae114b54d70c840eab4d917c7d4bbce31d8e923429325d12b"", ""adapter_config.json"": ""9c868e731d9e1e45f0f114c79b1eeca3c96b1d0d3a8f5f93d9ff5a73d690a9df"", ""adapter_model.safetensors"": ""aaad7a39d905ddffc323d02d3beb78717388f29dc19488b91eb5218f4814b697"", ""chat_template.jinja"": ""a0bc6f6fc7a29a80017a433e8f03a1cc1236e838a944a2d034295a60c4f2fddb"", ""processor_config.json"": ""edb8dd5001f02dd3a488fd63d664fcdc5514c4a93962bf1be534a0acf6e2c714"", ""tokenizer.json"": ""ff8cce547abc110590d19c6b5b6e0c6a7b4c8d1012d78b9c42131bae7f494a02"", ""tokenizer_config.json"": ""5afec58078ec072cdc9ad190a63c8657f9c47ec71068ff9c77423f1ea0422364""}",,7f29cebb9d06eca06ad0d6c690e4d5a083b71a9c42008f88e92474e3ff0eb98a,eb4075c77285da02c52794154760fa969fb21ab3dcceb0820cb7d2ba27d27471,http://images.cocodataset.org/train2017/000000425381.jpg,http://images.cocodataset.org/train2017/000000425381.jpg,,http://images.cocodataset.org/train2017/000000425381.jpg,hflip,tier_c_v0.1,"{""algorithm"": ""PIL.Image.FLIP_LEFT_RIGHT applied AFTER uniform 392px long-side preprocessing"", ""axis"": ""visual"", ""condition"": ""hflip_flip"", ""law"": ""flip_expected"", ""relation_rule"": ""mirrored-axis left/right relations flip; vertical/depth relations invariant; no global label flip"", ""transform"": ""hflip""}",,"{""do_sample"": false, ""max_new_tokens"": 5}",tier_c_tierc_full,38ad6fbc3e13cd785730b656c19512866d0845fd,v0.1
vsr_test:1322,vsr_test:1322,test,hflip_flip,visual,The laptop is at the left side of the cat.,The laptop is at the left side of the cat.,at the left side of,horizontal,laptop,cat,False,True,flip_expected,True,True, True,Qwen/Qwen2-VL-7B-Instruct,,7B_hardneg_lora,/home/ubuntu/vlm-spatial-reasoning/checkpoints/qwen2vl_7b_hardneg_lora/final,"{""README.md"": ""ad67fbd14e29a7dae114b54d70c840eab4d917c7d4bbce31d8e923429325d12b"", ""adapter_config.json"": ""9c868e731d9e1e45f0f114c79b1eeca3c96b1d0d3a8f5f93d9ff5a73d690a9df"", ""adapter_model.safetensors"": ""aaad7a39d905ddffc323d02d3beb78717388f29dc19488b91eb5218f4814b697"", ""chat_template.jinja"": ""a0bc6f6fc7a29a80017a433e8f03a1cc1236e838a944a2d034295a60c4f2fddb"", ""processor_config.json"": ""edb8dd5001f02dd3a488fd63d664fcdc5514c4a93962bf1be534a0acf6e2c714"", ""tokenizer.json"": ""ff8cce547abc110590d19c6b5b6e0c6a7b4c8d1012d78b9c42131bae7f494a02"", ""tokenizer_config.json"": ""5afec58078ec072cdc9ad190a63c8657f9c47ec71068ff9c77423f1ea0422364""}",,7f29cebb9d06eca06ad0d6c690e4d5a083b71a9c42008f88e92474e3ff0eb98a,eb4075c77285da02c52794154760fa969fb21ab3dcceb0820cb7d2ba27d27471,http://images.cocodataset.org/val2017/000000403817.jpg,http://images.cocodataset.org/val2017/000000403817.jpg,,http://images.cocodataset.org/val2017/000000403817.jpg,hflip,tier_c_v0.1,"{""algorithm"": ""PIL.Image.FLIP_LEFT_RIGHT applied AFTER uniform 392px long-side preprocessing"", ""axis"": ""visual"", ""condition"": ""hflip_flip"", ""law"": ""flip_expected"", ""relation_rule"": ""mirrored-axis left/right relations flip; vertical/depth relations invariant; no global label flip"", ""transform"": ""hflip""}",,"{""do_sample"": false, ""max_new_tokens"": 5}",tier_c_tierc_full,38ad6fbc3e13cd785730b656c19512866d0845fd,v0.1
vsr_test:1328,vsr_test:1328,test,hflip_flip,visual,The boat is at the left side of the dining table.,The boat is at the left side of the dining table.,at the left side of,horizontal,boat,dining table,False,True,flip_expected,False,False, False.,Qwen/Qwen2-VL-7B-Instruct,,7B_hardneg_lora,/home/ubuntu/vlm-spatial-reasoning/checkpoints/qwen2vl_7b_hardneg_lora/final,"{""README.md"": ""ad67fbd14e29a7dae114b54d70c840eab4d917c7d4bbce31d8e923429325d12b"", ""adapter_config.json"": ""9c868e731d9e1e45f0f114c79b1eeca3c96b1d0d3a8f5f93d9ff5a73d690a9df"", ""adapter_model.safetensors"": ""aaad7a39d905ddffc323d02d3beb78717388f29dc19488b91eb5218f4814b697"", ""chat_template.jinja"": ""a0bc6f6fc7a29a80017a433e8f03a1cc1236e838a944a2d034295a60c4f2fddb"", ""processor_config.json"": ""edb8dd5001f02dd3a488fd63d664fcdc5514c4a93962bf1be534a0acf6e2c714"", ""tokenizer.json"": ""ff8cce547abc110590d19c6b5b6e0c6a7b4c8d1012d78b9c42131bae7f494a02"", ""tokenizer_config.json"": ""5afec58078ec072cdc9ad190a63c8657f9c47ec71068ff9c77423f1ea0422364""}",,7f29cebb9d06eca06ad0d6c690e4d5a083b71a9c42008f88e92474e3ff0eb98a,eb4075c77285da02c52794154760fa969fb21ab3dcceb0820cb7d2ba27d27471,http://images.cocodataset.org/train2017/000000133650.jpg,http://images.cocodataset.org/train2017/000000133650.jpg,,http://images.cocodataset.org/train2017/000000133650.jpg,hflip,tier_c_v0.1,"{""algorithm"": ""PIL.Image.FLIP_LEFT_RIGHT applied AFTER uniform 392px long-side preprocessing"", ""axis"": ""visual"", ""condition"": ""hflip_flip"", ""law"": ""flip_expected"", ""relation_rule"": ""mirrored-axis left/right relations flip; vertical/depth relations invariant; no global label flip"", ""transform"": ""hflip""}",,"{""do_sample"": false, ""max_new_tokens"": 5}",tier_c_tierc_full,38ad6fbc3e13cd785730b656c19512866d0845fd,v0.1
vsr_test:1334,vsr_test:1334,test,hflip_flip,visual,The cat is at the right side of the laptop.,The cat is at the right side of the laptop.,at the right side of,horizontal,cat,laptop,False,True,flip_expected,True,True, True,Qwen/Qwen2-VL-7B-Instruct,,7B_hardneg_lora,/home/ubuntu/vlm-spatial-reasoning/checkpoints/qwen2vl_7b_hardneg_lora/final,"{""README.md"": ""ad67fbd14e29a7dae114b54d70c840eab4d917c7d4bbce31d8e923429325d12b"", ""adapter_config.json"": ""9c868e731d9e1e45f0f114c79b1eeca3c96b1d0d3a8f5f93d9ff5a73d690a9df"", ""adapter_model.safetensors"": ""aaad7a39d905ddffc323d02d3beb78717388f29dc19488b91eb5218f4814b697"", ""chat_template.jinja"": ""a0bc6f6fc7a29a80017a433e8f03a1cc1236e838a944a2d034295a60c4f2fddb"", ""processor_config.json"": ""edb8dd5001f02dd3a488fd63d664fcdc5514c4a93962bf1be534a0acf6e2c714"", ""tokenizer.json"": ""ff8cce547abc110590d19c6b5b6e0c6a7b4c8d1012d78b9c42131bae7f494a02"", ""tokenizer_config.json"": ""5afec58078ec072cdc9ad190a63c8657f9c47ec71068ff9c77423f1ea0422364""}",,7f29cebb9d06eca06ad0d6c690e4d5a083b71a9c42008f88e92474e3ff0eb98a,eb4075c77285da02c52794154760fa969fb21ab3dcceb0820cb7d2ba27d27471,http://images.cocodataset.org/train2017/000000390129.jpg,http://images.cocodataset.org/train2017/000000390129.jpg,,http://images.cocodataset.org/train2017/000000390129.jpg,hflip,tier_c_v0.1,"{""algorithm"": ""PIL.Image.FLIP_LEFT_RIGHT applied AFTER uniform 392px long-side preprocessing"", ""axis"": ""visual"", ""condition"": ""hflip_flip"", ""law"": ""flip_expected"", ""relation_rule"": ""mirrored-axis left/right relations flip; vertical/depth relations invariant; no global label flip"", ""transform"": ""hflip""}",,"{""do_sample"": false, ""max_new_tokens"": 5}",tier_c_tierc_full,38ad6fbc3e13cd785730b656c19512866d0845fd,v0.1
vsr_test:1345,vsr_test:1345,test,hflip_flip,visual,The dog is at the left side of the car.,The dog is at the left side of the car.,at the left side of,horizontal,dog,car,True,False,flip_expected,False,True, False,Qwen/Qwen2-VL-7B-Instruct,,7B_hardneg_lora,/home/ubuntu/vlm-spatial-reasoning/checkpoints/qwen2vl_7b_hardneg_lora/final,"{""README.md"": ""ad67fbd14e29a7dae114b54d70c840eab4d917c7d4bbce31d8e923429325d12b"", ""adapter_config.json"": ""9c868e731d9e1e45f0f114c79b1eeca3c96b1d0d3a8f5f93d9ff5a73d690a9df"", ""adapter_model.safetensors"": ""aaad7a39d905ddffc323d02d3beb78717388f29dc19488b91eb5218f4814b697"", ""chat_template.jinja"": ""a0bc6f6fc7a29a80017a433e8f03a1cc1236e838a944a2d034295a60c4f2fddb"", ""processor_config.json"": ""edb8dd5001f02dd3a488fd63d664fcdc5514c4a93962bf1be534a0acf6e2c714"", ""tokenizer.json"": ""ff8cce547abc110590d19c6b5b6e0c6a7b4c8d1012d78b9c42131bae7f494a02"", ""tokenizer_config.json"": ""5afec58078ec072cdc9ad190a63c8657f9c47ec71068ff9c77423f1ea0422364""}",,7f29cebb9d06eca06ad0d6c690e4d5a083b71a9c42008f88e92474e3ff0eb98a,eb4075c77285da02c52794154760fa969fb21ab3dcceb0820cb7d2ba27d27471,http://images.cocodataset.org/train2017/000000467187.jpg,http://images.cocodataset.org/train2017/000000467187.jpg,,http://images.cocodataset.org/train2017/000000467187.jpg,hflip,tier_c_v0.1,"{""algorithm"": ""PIL.Image.FLIP_LEFT_RIGHT applied AFTER uniform 392px long-side preprocessing"", ""axis"": ""visual"", ""condition"": ""hflip_flip"", ""law"": ""flip_expected"", ""relation_rule"": ""mirrored-axis left/right relations flip; vertical/depth relations invariant; no global label flip"", ""transform"": ""hflip""}",,"{""do_sample"": false, ""max_new_tokens"": 5}",tier_c_tierc_full,38ad6fbc3e13cd785730b656c19512866d0845fd,v0.1
vsr_test:1350,vsr_test:1350,test,hflip_flip,visual,The keyboard is left of the pizza.,The keyboard is left of the pizza.,left of,horizontal,keyboard,,False,True,flip_expected,False,False, False.,Qwen/Qwen2-VL-7B-Instruct,,7B_hardneg_lora,/home/ubuntu/vlm-spatial-reasoning/checkpoints/qwen2vl_7b_hardneg_lora/final,"{""README.md"": ""ad67fbd14e29a7dae114b54d70c840eab4d917c7d4bbce31d8e923429325d12b"", ""adapter_config.json"": ""9c868e731d9e1e45f0f114c79b1eeca3c96b1d0d3a8f5f93d9ff5a73d690a9df"", ""adapter_model.safetensors"": ""aaad7a39d905ddffc323d02d3beb78717388f29dc19488b91eb5218f4814b697"", ""chat_template.jinja"": ""a0bc6f6fc7a29a80017a433e8f03a1cc1236e838a944a2d034295a60c4f2fddb"", ""processor_config.json"": ""edb8dd5001f02dd3a488fd63d664fcdc5514c4a93962bf1be534a0acf6e2c714"", ""tokenizer.json"": ""ff8cce547abc110590d19c6b5b6e0c6a7b4c8d1012d78b9c42131bae7f494a02"", ""tokenizer_config.json"": ""5afec58078ec072cdc9ad190a63c8657f9c47ec71068ff9c77423f1ea0422364""}",,7f29cebb9d06eca06ad0d6c690e4d5a083b71a9c42008f88e92474e3ff0eb98a,eb4075c77285da02c52794154760fa969fb21ab3dcceb0820cb7d2ba27d27471,http://images.cocodataset.org/train2017/000000320471.jpg,http://images.cocodataset.org/train2017/000000320471.jpg,,http://images.cocodataset.org/train2017/000000320471.jpg,hflip,tier_c_v0.1,"{""algorithm"": ""PIL.Image.FLIP_LEFT_RIGHT applied AFTER uniform 392px long-side preprocessing"", ""axis"": ""visual"", ""condition"": ""hflip_flip"", ""law"": ""flip_expected"", ""relation_rule"": ""mirrored-axis left/right relations flip; vertical/depth relations invariant; no global label flip"", ""transform"": ""hflip""}",,"{""do_sample"": false, ""max_new_tokens"": 5}",tier_c_tierc_full,38ad6fbc3e13cd785730b656c19512866d0845fd,v0.1
vsr_test:1353,vsr_test:1353,test,hflip_flip,visual,The laptop is at the left side of the couch.,The laptop is at the left side of the couch.,at the left side of,horizontal,laptop,couch,False,True,flip_expected,False,False, False.,Qwen/Qwen2-VL-7B-Instruct,,7B_hardneg_lora,/home/ubuntu/vlm-spatial-reasoning/checkpoints/qwen2vl_7b_hardneg_lora/final,"{""README.md"": ""ad67fbd14e29a7dae114b54d70c840eab4d917c7d4bbce31d8e923429325d12b"", ""adapter_config.json"": ""9c868e731d9e1e45f0f114c79b1eeca3c96b1d0d3a8f5f93d9ff5a73d690a9df"", ""adapter_model.safetensors"": ""aaad7a39d905ddffc323d02d3beb78717388f29dc19488b91eb5218f4814b697"", ""chat_template.jinja"": ""a0bc6f6fc7a29a80017a433e8f03a1cc1236e838a944a2d034295a60c4f2fddb"", ""processor_config.json"": ""edb8dd5001f02dd3a488fd63d664fcdc5514c4a93962bf1be534a0acf6e2c714"", ""tokenizer.json"": ""ff8cce547abc110590d19c6b5b6e0c6a7b4c8d1012d78b9c42131bae7f494a02"", ""tokenizer_config.json"": ""5afec58078ec072cdc9ad190a63c8657f9c47ec71068ff9c77423f1ea0422364""}",,7f29cebb9d06eca06ad0d6c690e4d5a083b71a9c42008f88e92474e3ff0eb98a,eb4075c77285da02c52794154760fa969fb21ab3dcceb0820cb7d2ba27d27471,http://images.cocodataset.org/train2017/000000096728.jpg,http://images.cocodataset.org/train2017/000000096728.jpg,,http://images.cocodataset.org/train2017/000000096728.jpg,hflip,tier_c_v0.1,"{""algorithm"": ""PIL.Image.FLIP_LEFT_RIGHT applied AFTER uniform 392px long-side preprocessing"", ""axis"": ""visual"", ""condition"": ""hflip_flip"", ""law"": ""flip_expected"", ""relation_rule"": ""mirrored-axis left/right relations flip; vertical/depth relations invariant; no global label flip"", ""transform"": ""hflip""}",,"{""do_sample"": false, ""max_new_tokens"": 5}",tier_c_tierc_full,38ad6fbc3e13cd785730b656c19512866d0845fd,v0.1
vsr_test:1356,vsr_test:1356,test,hflip_flip,visual,The oven is at the left side of the person.,The oven is at the left side of the person.,at the left side of,horizontal,oven,person,False,True,flip_expected,True,True, True.,Qwen/Qwen2-VL-7B-Instruct,,7B_hardneg_lora,/home/ubuntu/vlm-spatial-reasoning/checkpoints/qwen2vl_7b_hardneg_lora/final,"{""README.md"": ""ad67fbd14e29a7dae114b54d70c840eab4d917c7d4bbce31d8e923429325d12b"", ""adapter_config.json"": ""9c868e731d9e1e45f0f114c79b1eeca3c96b1d0d3a8f5f93d9ff5a73d690a9df"", ""adapter_model.safetensors"": ""aaad7a39d905ddffc323d02d3beb78717388f29dc19488b91eb5218f4814b697"", ""chat_template.jinja"": ""a0bc6f6fc7a29a80017a433e8f03a1cc1236e838a944a2d034295a60c4f2fddb"", ""processor_config.json"": ""edb8dd5001f02dd3a488fd63d664fcdc5514c4a93962bf1be534a0acf6e2c714"", ""tokenizer.json"": ""ff8cce547abc110590d19c6b5b6e0c6a7b4c8d1012d78b9c42131bae7f494a02"", ""tokenizer_config.json"": ""5afec58078ec072cdc9ad190a63c8657f9c47ec71068ff9c77423f1ea0422364""}",,7f29cebb9d06eca06ad0d6c690e4d5a083b71a9c42008f88e92474e3ff0eb98a,eb4075c77285da02c52794154760fa969fb21ab3dcceb0820cb7d2ba27d27471,http://images.cocodataset.org/train2017/000000562247.jpg,http://images.cocodataset.org/train2017/000000562247.jpg,,http://images.cocodataset.org/train2017/000000562247.jpg,hflip,tier_c_v0.1,"{""algorithm"": ""PIL.Image.FLIP_LEFT_RIGHT applied AFTER uniform 392px long-side preprocessing"", ""axis"": ""visual"", ""condition"": ""hflip_flip"", ""law"": ""flip_expected"", ""relation_rule"": ""mirrored-axis left/right relations flip; vertical/depth relations invariant; no global label flip"", ""transform"": ""hflip""}",,"{""do_sample"": false, ""max_new_tokens"": 5}",tier_c_tierc_full,38ad6fbc3e13cd785730b656c19512866d0845fd,v0.1
vsr_test:1358,vsr_test:1358,test,hflip_flip,visual,The skateboard is at the left side of the dog.,The skateboard is at the left side of the dog.,at the left side of,horizontal,skateboard,dog,True,False,flip_expected,False,True, False,Qwen/Qwen2-VL-7B-Instruct,,7B_hardneg_lora,/home/ubuntu/vlm-spatial-reasoning/checkpoints/qwen2vl_7b_hardneg_lora/final,"{""README.md"": ""ad67fbd14e29a7dae114b54d70c840eab4d917c7d4bbce31d8e923429325d12b"", ""adapter_config.json"": ""9c868e731d9e1e45f0f114c79b1eeca3c96b1d0d3a8f5f93d9ff5a73d690a9df"", ""adapter_model.safetensors"": ""aaad7a39d905ddffc323d02d3beb78717388f29dc19488b91eb5218f4814b697"", ""chat_template.jinja"": ""a0bc6f6fc7a29a80017a433e8f03a1cc1236e838a944a2d034295a60c4f2fddb"", ""processor_config.json"": ""edb8dd5001f02dd3a488fd63d664fcdc5514c4a93962bf1be534a0acf6e2c714"", ""tokenizer.json"": ""ff8cce547abc110590d19c6b5b6e0c6a7b4c8d1012d78b9c42131bae7f494a02"", ""tokenizer_config.json"": ""5afec58078ec072cdc9ad190a63c8657f9c47ec71068ff9c77423f1ea0422364""}",,7f29cebb9d06eca06ad0d6c690e4d5a083b71a9c42008f88e92474e3ff0eb98a,eb4075c77285da02c52794154760fa969fb21ab3dcceb0820cb7d2ba27d27471,http://images.cocodataset.org/train2017/000000251368.jpg,http://images.cocodataset.org/train2017/000000251368.jpg,,http://images.cocodataset.org/train2017/000000251368.jpg,hflip,tier_c_v0.1,"{""algorithm"": ""PIL.Image.FLIP_LEFT_RIGHT applied AFTER uniform 392px long-side preprocessing"", ""axis"": ""visual"", ""condition"": ""hflip_flip"", ""law"": ""flip_expected"", ""relation_rule"": ""mirrored-axis left/right relations flip; vertical/depth relations invariant; no global label flip"", ""transform"": ""hflip""}",,"{""do_sample"": false, ""max_new_tokens"": 5}",tier_c_tierc_full,38ad6fbc3e13cd785730b656c19512866d0845fd,v0.1
vsr_test:1364,vsr_test:1364,test,hflip_flip,visual,The teddy bear is left of the cup.,The teddy bear is left of the cup.,left of,horizontal,teddy bear,,True,False,flip_expected,False,True, False.,Qwen/Qwen2-VL-7B-Instruct,,7B_hardneg_lora,/home/ubuntu/vlm-spatial-reasoning/checkpoints/qwen2vl_7b_hardneg_lora/final,"{""README.md"": ""ad67fbd14e29a7dae114b54d70c840eab4d917c7d4bbce31d8e923429325d12b"", ""adapter_config.json"": ""9c868e731d9e1e45f0f114c79b1eeca3c96b1d0d3a8f5f93d9ff5a73d690a9df"", ""adapter_model.safetensors"": ""aaad7a39d905ddffc323d02d3beb78717388f29dc19488b91eb5218f4814b697"", ""chat_template.jinja"": ""a0bc6f6fc7a29a80017a433e8f03a1cc1236e838a944a2d034295a60c4f2fddb"", ""processor_config.json"": ""edb8dd5001f02dd3a488fd63d664fcdc5514c4a93962bf1be534a0acf6e2c714"", ""tokenizer.json"": ""ff8cce547abc110590d19c6b5b6e0c6a7b4c8d1012d78b9c42131bae7f494a02"", ""tokenizer_config.json"": ""5afec58078ec072cdc9ad190a63c8657f9c47ec71068ff9c77423f1ea0422364""}",,7f29cebb9d06eca06ad0d6c690e4d5a083b71a9c42008f88e92474e3ff0eb98a,eb4075c77285da02c52794154760fa969fb21ab3dcceb0820cb7d2ba27d27471,http://images.cocodataset.org/train2017/000000188053.jpg,http://images.cocodataset.org/train2017/000000188053.jpg,,http://images.cocodataset.org/train2017/000000188053.jpg,hflip,tier_c_v0.1,"{""algorithm"": ""PIL.Image.FLIP_LEFT_RIGHT applied AFTER uniform 392px long-side preprocessing"", ""axis"": ""visual"", ""condition"": ""hflip_flip"", ""law"": ""flip_expected"", ""relation_rule"": ""mirrored-axis left/right relations flip; vertical/depth relations invariant; no global label flip"", ""transform"": ""hflip""}",,"{""do_sample"": false, ""max_new_tokens"": 5}",tier_c_tierc_full,38ad6fbc3e13cd785730b656c19512866d0845fd,v0.1
vsr_test:1367,vsr_test:1367,test,hflip_flip,visual,The horse is at the right side of the truck.,The horse is at the right side of the truck.,at the right side of,horizontal,horse,truck,True,False,flip_expected,False,True, False.,Qwen/Qwen2-VL-7B-Instruct,,7B_hardneg_lora,/home/ubuntu/vlm-spatial-reasoning/checkpoints/qwen2vl_7b_hardneg_lora/final,"{""README.md"": ""ad67fbd14e29a7dae114b54d70c840eab4d917c7d4bbce31d8e923429325d12b"", ""adapter_config.json"": ""9c868e731d9e1e45f0f114c79b1eeca3c96b1d0d3a8f5f93d9ff5a73d690a9df"", ""adapter_model.safetensors"": ""aaad7a39d905ddffc323d02d3beb78717388f29dc19488b91eb5218f4814b697"", ""chat_template.jinja"": ""a0bc6f6fc7a29a80017a433e8f03a1cc1236e838a944a2d034295a60c4f2fddb"", ""processor_config.json"": ""edb8dd5001f02dd3a488fd63d664fcdc5514c4a93962bf1be534a0acf6e2c714"", ""tokenizer.json"": ""ff8cce547abc110590d19c6b5b6e0c6a7b4c8d1012d78b9c42131bae7f494a02"", ""tokenizer_config.json"": ""5afec58078ec072cdc9ad190a63c8657f9c47ec71068ff9c77423f1ea0422364""}",,7f29cebb9d06eca06ad0d6c690e4d5a083b71a9c42008f88e92474e3ff0eb98a,eb4075c77285da02c52794154760fa969fb21ab3dcceb0820cb7d2ba27d27471,http://images.cocodataset.org/train2017/000000017311.jpg,http://images.cocodataset.org/train2017/000000017311.jpg,,http://images.cocodataset.org/train2017/000000017311.jpg,hflip,tier_c_v0.1,"{""algorithm"": ""PIL.Image.FLIP_LEFT_RIGHT applied AFTER uniform 392px long-side preprocessing"", ""axis"": ""visual"", ""condition"": ""hflip_flip"", ""law"": ""flip_expected"", ""relation_rule"": ""mirrored-axis left/right relations flip; vertical/depth relations invariant; no global label flip"", ""transform"": ""hflip""}",,"{""do_sample"": false, ""max_new_tokens"": 5}",tier_c_tierc_full,38ad6fbc3e13cd785730b656c19512866d0845fd,v0.1
vsr_test:1370,vsr_test:1370,test,hflip_flip,visual,The bowl is right of the hot dog.,The bowl is right of the hot dog.,right of,horizontal,bowl,,False,True,flip_expected,True,True, True.,Qwen/Qwen2-VL-7B-Instruct,,7B_hardneg_lora,/home/ubuntu/vlm-spatial-reasoning/checkpoints/qwen2vl_7b_hardneg_lora/final,"{""README.md"": ""ad67fbd14e29a7dae114b54d70c840eab4d917c7d4bbce31d8e923429325d12b"", ""adapter_config.json"": ""9c868e731d9e1e45f0f114c79b1eeca3c96b1d0d3a8f5f93d9ff5a73d690a9df"", ""adapter_model.safetensors"": ""aaad7a39d905ddffc323d02d3beb78717388f29dc19488b91eb5218f4814b697"", ""chat_template.jinja"": ""a0bc6f6fc7a29a80017a433e8f03a1cc1236e838a944a2d034295a60c4f2fddb"", ""processor_config.json"": ""edb8dd5001f02dd3a488fd63d664fcdc5514c4a93962bf1be534a0acf6e2c714"", ""tokenizer.json"": ""ff8cce547abc110590d19c6b5b6e0c6a7b4c8d1012d78b9c42131bae7f494a02"", ""tokenizer_config.json"": ""5afec58078ec072cdc9ad190a63c8657f9c47ec71068ff9c77423f1ea0422364""}",,7f29cebb9d06eca06ad0d6c690e4d5a083b71a9c42008f88e92474e3ff0eb98a,eb4075c77285da02c52794154760fa969fb21ab3dcceb0820cb7d2ba27d27471,http://images.cocodataset.org/train2017/000000557186.jpg,http://images.cocodataset.org/train2017/000000557186.jpg,,http://images.cocodataset.org/train2017/000000557186.jpg,hflip,tier_c_v0.1,"{""algorithm"": ""PIL.Image.FLIP_LEFT_RIGHT applied AFTER uniform 392px long-side preprocessing"", ""axis"": ""visual"", ""condition"": ""hflip_flip"", ""law"": ""flip_expected"", ""relation_rule"": ""mirrored-axis left/right relations flip; vertical/depth relations invariant; no global label flip"", ""transform"": ""hflip""}",,"{""do_sample"": false, ""max_new_tokens"": 5}",tier_c_tierc_full,38ad6fbc3e13cd785730b656c19512866d0845fd,v0.1
vsr_test:1383,vsr_test:1383,test,hflip_flip,visual,The cow is left of the car.,The cow is left of the car.,left of,horizontal,cow,,True,False,flip_expected,False,True, False.,Qwen/Qwen2-VL-7B-Instruct,,7B_hardneg_lora,/home/ubuntu/vlm-spatial-reasoning/checkpoints/qwen2vl_7b_hardneg_lora/final,"{""README.md"": ""ad67fbd14e29a7dae114b54d70c840eab4d917c7d4bbce31d8e923429325d12b"", ""adapter_config.json"": ""9c868e731d9e1e45f0f114c79b1eeca3c96b1d0d3a8f5f93d9ff5a73d690a9df"", ""adapter_model.safetensors"": ""aaad7a39d905ddffc323d02d3beb78717388f29dc19488b91eb5218f4814b697"", ""chat_template.jinja"": ""a0bc6f6fc7a29a80017a433e8f03a1cc1236e838a944a2d034295a60c4f2fddb"", ""processor_config.json"": ""edb8dd5001f02dd3a488fd63d664fcdc5514c4a93962bf1be534a0acf6e2c714"", ""tokenizer.json"": ""ff8cce547abc110590d19c6b5b6e0c6a7b4c8d1012d78b9c42131bae7f494a02"", ""tokenizer_config.json"": ""5afec58078ec072cdc9ad190a63c8657f9c47ec71068ff9c77423f1ea0422364""}",,7f29cebb9d06eca06ad0d6c690e4d5a083b71a9c42008f88e92474e3ff0eb98a,eb4075c77285da02c52794154760fa969fb21ab3dcceb0820cb7d2ba27d27471,http://images.cocodataset.org/train2017/000000185360.jpg,http://images.cocodataset.org/train2017/000000185360.jpg,,http://images.cocodataset.org/train2017/000000185360.jpg,hflip,tier_c_v0.1,"{""algorithm"": ""PIL.Image.FLIP_LEFT_RIGHT applied AFTER uniform 392px long-side preprocessing"", ""axis"": ""visual"", ""condition"": ""hflip_flip"", ""law"": ""flip_expected"", ""relation_rule"": ""mirrored-axis left/right relations flip; vertical/depth relations invariant; no global label flip"", ""transform"": ""hflip""}",,"{""do_sample"": false, ""max_new_tokens"": 5}",tier_c_tierc_full,38ad6fbc3e13cd785730b656c19512866d0845fd,v0.1
vsr_test:1386,vsr_test:1386,test,hflip_flip,visual,The banana is at the left side of the orange.,The banana is at the left side of the orange.,at the left side of,horizontal,banana,orange,True,False,flip_expected,False,True, False,Qwen/Qwen2-VL-7B-Instruct,,7B_hardneg_lora,/home/ubuntu/vlm-spatial-reasoning/checkpoints/qwen2vl_7b_hardneg_lora/final,"{""README.md"": ""ad67fbd14e29a7dae114b54d70c840eab4d917c7d4bbce31d8e923429325d12b"", ""adapter_config.json"": ""9c868e731d9e1e45f0f114c79b1eeca3c96b1d0d3a8f5f93d9ff5a73d690a9df"", ""adapter_model.safetensors"": ""aaad7a39d905ddffc323d02d3beb78717388f29dc19488b91eb5218f4814b697"", ""chat_template.jinja"": ""a0bc6f6fc7a29a80017a433e8f03a1cc1236e838a944a2d034295a60c4f2fddb"", ""processor_config.json"": ""edb8dd5001f02dd3a488fd63d664fcdc5514c4a93962bf1be534a0acf6e2c714"", ""tokenizer.json"": ""ff8cce547abc110590d19c6b5b6e0c6a7b4c8d1012d78b9c42131bae7f494a02"", ""tokenizer_config.json"": ""5afec58078ec072cdc9ad190a63c8657f9c47ec71068ff9c77423f1ea0422364""}",,7f29cebb9d06eca06ad0d6c690e4d5a083b71a9c42008f88e92474e3ff0eb98a,eb4075c77285da02c52794154760fa969fb21ab3dcceb0820cb7d2ba27d27471,http://images.cocodataset.org/train2017/000000500228.jpg,http://images.cocodataset.org/train2017/000000500228.jpg,,http://images.cocodataset.org/train2017/000000500228.jpg,hflip,tier_c_v0.1,"{""algorithm"": ""PIL.Image.FLIP_LEFT_RIGHT applied AFTER uniform 392px long-side preprocessing"", ""axis"": ""visual"", ""condition"": ""hflip_flip"", ""law"": ""flip_expected"", ""relation_rule"": ""mirrored-axis left/right relations flip; vertical/depth relations invariant; no global label flip"", ""transform"": ""hflip""}",,"{""do_sample"": false, ""max_new_tokens"": 5}",tier_c_tierc_full,38ad6fbc3e13cd785730b656c19512866d0845fd,v0.1
vsr_test:1391,vsr_test:1391,test,hflip_flip,visual,The umbrella is at the left side of the couch.,The umbrella is at the left side of the couch.,at the left side of,horizontal,umbrella,couch,True,False,flip_expected,True,False, True.,Qwen/Qwen2-VL-7B-Instruct,,7B_hardneg_lora,/home/ubuntu/vlm-spatial-reasoning/checkpoints/qwen2vl_7b_hardneg_lora/final,"{""README.md"": ""ad67fbd14e29a7dae114b54d70c840eab4d917c7d4bbce31d8e923429325d12b"", ""adapter_config.json"": ""9c868e731d9e1e45f0f114c79b1eeca3c96b1d0d3a8f5f93d9ff5a73d690a9df"", ""adapter_model.safetensors"": ""aaad7a39d905ddffc323d02d3beb78717388f29dc19488b91eb5218f4814b697"", ""chat_template.jinja"": ""a0bc6f6fc7a29a80017a433e8f03a1cc1236e838a944a2d034295a60c4f2fddb"", ""processor_config.json"": ""edb8dd5001f02dd3a488fd63d664fcdc5514c4a93962bf1be534a0acf6e2c714"", ""tokenizer.json"": ""ff8cce547abc110590d19c6b5b6e0c6a7b4c8d1012d78b9c42131bae7f494a02"", ""tokenizer_config.json"": ""5afec58078ec072cdc9ad190a63c8657f9c47ec71068ff9c77423f1ea0422364""}",,7f29cebb9d06eca06ad0d6c690e4d5a083b71a9c42008f88e92474e3ff0eb98a,eb4075c77285da02c52794154760fa969fb21ab3dcceb0820cb7d2ba27d27471,http://images.cocodataset.org/train2017/000000123916.jpg,http://images.cocodataset.org/train2017/000000123916.jpg,,http://images.cocodataset.org/train2017/000000123916.jpg,hflip,tier_c_v0.1,"{""algorithm"": ""PIL.Image.FLIP_LEFT_RIGHT applied AFTER uniform 392px long-side preprocessing"", ""axis"": ""visual"", ""condition"": ""hflip_flip"", ""law"": ""flip_expected"", ""relation_rule"": ""mirrored-axis left/right relations flip; vertical/depth relations invariant; no global label flip"", ""transform"": ""hflip""}",,"{""do_sample"": false, ""max_new_tokens"": 5}",tier_c_tierc_full,38ad6fbc3e13cd785730b656c19512866d0845fd,v0.1
vsr_test:1392,vsr_test:1392,test,hflip_flip,visual,The surfboard is left of the bed.,The surfboard is left of the bed.,left of,horizontal,surfboard,,True,False,flip_expected,False,True, False,Qwen/Qwen2-VL-7B-Instruct,,7B_hardneg_lora,/home/ubuntu/vlm-spatial-reasoning/checkpoints/qwen2vl_7b_hardneg_lora/final,"{""README.md"": ""ad67fbd14e29a7dae114b54d70c840eab4d917c7d4bbce31d8e923429325d12b"", ""adapter_config.json"": ""9c868e731d9e1e45f0f114c79b1eeca3c96b1d0d3a8f5f93d9ff5a73d690a9df"", ""adapter_model.safetensors"": ""aaad7a39d905ddffc323d02d3beb78717388f29dc19488b91eb5218f4814b697"", ""chat_template.jinja"": ""a0bc6f6fc7a29a80017a433e8f03a1cc1236e838a944a2d034295a60c4f2fddb"", ""processor_config.json"": ""edb8dd5001f02dd3a488fd63d664fcdc5514c4a93962bf1be534a0acf6e2c714"", ""tokenizer.json"": ""ff8cce547abc110590d19c6b5b6e0c6a7b4c8d1012d78b9c42131bae7f494a02"", ""tokenizer_config.json"": ""5afec58078ec072cdc9ad190a63c8657f9c47ec71068ff9c77423f1ea0422364""}",,7f29cebb9d06eca06ad0d6c690e4d5a083b71a9c42008f88e92474e3ff0eb98a,eb4075c77285da02c52794154760fa969fb21ab3dcceb0820cb7d2ba27d27471,http://images.cocodataset.org/train2017/000000016458.jpg,http://images.cocodataset.org/train2017/000000016458.jpg,,http://images.cocodataset.org/train2017/000000016458.jpg,hflip,tier_c_v0.1,"{""algorithm"": ""PIL.Image.FLIP_LEFT_RIGHT applied AFTER uniform 392px long-side preprocessing"", ""axis"": ""visual"", ""condition"": ""hflip_flip"", ""law"": ""flip_expected"", ""relation_rule"": ""mirrored-axis left/right relations flip; vertical/depth relations invariant; no global label flip"", ""transform"": ""hflip""}",,"{""do_sample"": false, ""max_new_tokens"": 5}",tier_c_tierc_full,38ad6fbc3e13cd785730b656c19512866d0845fd,v0.1
vsr_test:1414,vsr_test:1414,test,hflip_flip,visual,The car is at the left side of the cat.,The car is at the left side of the cat.,at the left side of,horizontal,car,cat,False,True,flip_expected,False,False, False.,Qwen/Qwen2-VL-7B-Instruct,,7B_hardneg_lora,/home/ubuntu/vlm-spatial-reasoning/checkpoints/qwen2vl_7b_hardneg_lora/final,"{""README.md"": ""ad67fbd14e29a7dae114b54d70c840eab4d917c7d4bbce31d8e923429325d12b"", ""adapter_config.json"": ""9c868e731d9e1e45f0f114c79b1eeca3c96b1d0d3a8f5f93d9ff5a73d690a9df"", ""adapter_model.safetensors"": ""aaad7a39d905ddffc323d02d3beb78717388f29dc19488b91eb5218f4814b697"", ""chat_template.jinja"": ""a0bc6f6fc7a29a80017a433e8f03a1cc1236e838a944a2d034295a60c4f2fddb"", ""processor_config.json"": ""edb8dd5001f02dd3a488fd63d664fcdc5514c4a93962bf1be534a0acf6e2c714"", ""tokenizer.json"": ""ff8cce547abc110590d19c6b5b6e0c6a7b4c8d1012d78b9c42131bae7f494a02"", ""tokenizer_config.json"": ""5afec58078ec072cdc9ad190a63c8657f9c47ec71068ff9c77423f1ea0422364""}",,7f29cebb9d06eca06ad0d6c690e4d5a083b71a9c42008f88e92474e3ff0eb98a,eb4075c77285da02c52794154760fa969fb21ab3dcceb0820cb7d2ba27d27471,http://images.cocodataset.org/train2017/000000365353.jpg,http://images.cocodataset.org/train2017/000000365353.jpg,,http://images.cocodataset.org/train2017/000000365353.jpg,hflip,tier_c_v0.1,"{""algorithm"": ""PIL.Image.FLIP_LEFT_RIGHT applied AFTER uniform 392px long-side preprocessing"", ""axis"": ""visual"", ""condition"": ""hflip_flip"", ""law"": ""flip_expected"", ""relation_rule"": ""mirrored-axis left/right relations flip; vertical/depth relations invariant; no global label flip"", ""transform"": ""hflip""}",,"{""do_sample"": false, ""max_new_tokens"": 5}",tier_c_tierc_full,38ad6fbc3e13cd785730b656c19512866d0845fd,v0.1
vsr_test:1437,vsr_test:1437,test,hflip_flip,visual,The orange is at the left side of the laptop.,The orange is at the left side of the laptop.,at the left side of,horizontal,orange,laptop,True,False,flip_expected,False,True, False.,Qwen/Qwen2-VL-7B-Instruct,,7B_hardneg_lora,/home/ubuntu/vlm-spatial-reasoning/checkpoints/qwen2vl_7b_hardneg_lora/final,"{""README.md"": ""ad67fbd14e29a7dae114b54d70c840eab4d917c7d4bbce31d8e923429325d12b"", ""adapter_config.json"": ""9c868e731d9e1e45f0f114c79b1eeca3c96b1d0d3a8f5f93d9ff5a73d690a9df"", ""adapter_model.safetensors"": ""aaad7a39d905ddffc323d02d3beb78717388f29dc19488b91eb5218f4814b697"", ""chat_template.jinja"": ""a0bc6f6fc7a29a80017a433e8f03a1cc1236e838a944a2d034295a60c4f2fddb"", ""processor_config.json"": ""edb8dd5001f02dd3a488fd63d664fcdc5514c4a93962bf1be534a0acf6e2c714"", ""tokenizer.json"": ""ff8cce547abc110590d19c6b5b6e0c6a7b4c8d1012d78b9c42131bae7f494a02"", ""tokenizer_config.json"": ""5afec58078ec072cdc9ad190a63c8657f9c47ec71068ff9c77423f1ea0422364""}",,7f29cebb9d06eca06ad0d6c690e4d5a083b71a9c42008f88e92474e3ff0eb98a,eb4075c77285da02c52794154760fa969fb21ab3dcceb0820cb7d2ba27d27471,http://images.cocodataset.org/train2017/000000144430.jpg,http://images.cocodataset.org/train2017/000000144430.jpg,,http://images.cocodataset.org/train2017/000000144430.jpg,hflip,tier_c_v0.1,"{""algorithm"": ""PIL.Image.FLIP_LEFT_RIGHT applied AFTER uniform 392px long-side preprocessing"", ""axis"": ""visual"", ""condition"": ""hflip_flip"", ""law"": ""flip_expected"", ""relation_rule"": ""mirrored-axis left/right relations flip; vertical/depth relations invariant; no global label flip"", ""transform"": ""hflip""}",,"{""do_sample"": false, ""max_new_tokens"": 5}",tier_c_tierc_full,38ad6fbc3e13cd785730b656c19512866d0845fd,v0.1
vsr_test:1440,vsr_test:1440,test,hflip_flip,visual,The dining table is right of the bed.,The dining table is right of the bed.,right of,horizontal,dining table,,False,True,flip_expected,False,False, False.,Qwen/Qwen2-VL-7B-Instruct,,7B_hardneg_lora,/home/ubuntu/vlm-spatial-reasoning/checkpoints/qwen2vl_7b_hardneg_lora/final,"{""README.md"": ""ad67fbd14e29a7dae114b54d70c840eab4d917c7d4bbce31d8e923429325d12b"", ""adapter_config.json"": ""9c868e731d9e1e45f0f114c79b1eeca3c96b1d0d3a8f5f93d9ff5a73d690a9df"", ""adapter_model.safetensors"": ""aaad7a39d905ddffc323d02d3beb78717388f29dc19488b91eb5218f4814b697"", ""chat_template.jinja"": ""a0bc6f6fc7a29a80017a433e8f03a1cc1236e838a944a2d034295a60c4f2fddb"", ""processor_config.json"": ""edb8dd5001f02dd3a488fd63d664fcdc5514c4a93962bf1be534a0acf6e2c714"", ""tokenizer.json"": ""ff8cce547abc110590d19c6b5b6e0c6a7b4c8d1012d78b9c42131bae7f494a02"", ""tokenizer_config.json"": ""5afec58078ec072cdc9ad190a63c8657f9c47ec71068ff9c77423f1ea0422364""}",,7f29cebb9d06eca06ad0d6c690e4d5a083b71a9c42008f88e92474e3ff0eb98a,eb4075c77285da02c52794154760fa969fb21ab3dcceb0820cb7d2ba27d27471,http://images.cocodataset.org/train2017/000000447151.jpg,http://images.cocodataset.org/train2017/000000447151.jpg,,http://images.cocodataset.org/train2017/000000447151.jpg,hflip,tier_c_v0.1,"{""algorithm"": ""PIL.Image.FLIP_LEFT_RIGHT applied AFTER uniform 392px long-side preprocessing"", ""axis"": ""visual"", ""condition"": ""hflip_flip"", ""law"": ""flip_expected"", ""relation_rule"": ""mirrored-axis left/right relations flip; vertical/depth relations invariant; no global label flip"", ""transform"": ""hflip""}",,"{""do_sample"": false, ""max_new_tokens"": 5}",tier_c_tierc_full,38ad6fbc3e13cd785730b656c19512866d0845fd,v0.1
vsr_test:1454,vsr_test:1454,test,hflip_flip,visual,The chair is at the left side of the pizza.,The chair is at the left side of the pizza.,at the left side of,horizontal,chair,pizza,True,False,flip_expected,False,True, False.,Qwen/Qwen2-VL-7B-Instruct,,7B_hardneg_lora,/home/ubuntu/vlm-spatial-reasoning/checkpoints/qwen2vl_7b_hardneg_lora/final,"{""README.md"": ""ad67fbd14e29a7dae114b54d70c840eab4d917c7d4bbce31d8e923429325d12b"", ""adapter_config.json"": ""9c868e731d9e1e45f0f114c79b1eeca3c96b1d0d3a8f5f93d9ff5a73d690a9df"", ""adapter_model.safetensors"": ""aaad7a39d905ddffc323d02d3beb78717388f29dc19488b91eb5218f4814b697"", ""chat_template.jinja"": ""a0bc6f6fc7a29a80017a433e8f03a1cc1236e838a944a2d034295a60c4f2fddb"", ""processor_config.json"": ""edb8dd5001f02dd3a488fd63d664fcdc5514c4a93962bf1be534a0acf6e2c714"", ""tokenizer.json"": ""ff8cce547abc110590d19c6b5b6e0c6a7b4c8d1012d78b9c42131bae7f494a02"", ""tokenizer_config.json"": ""5afec58078ec072cdc9ad190a63c8657f9c47ec71068ff9c77423f1ea0422364""}",,7f29cebb9d06eca06ad0d6c690e4d5a083b71a9c42008f88e92474e3ff0eb98a,eb4075c77285da02c52794154760fa969fb21ab3dcceb0820cb7d2ba27d27471,http://images.cocodataset.org/train2017/000000134769.jpg,http://images.cocodataset.org/train2017/000000134769.jpg,,http://images.cocodataset.org/train2017/000000134769.jpg,hflip,tier_c_v0.1,"{""algorithm"": ""PIL.Image.FLIP_LEFT_RIGHT applied AFTER uniform 392px long-side preprocessing"", ""axis"": ""visual"", ""condition"": ""hflip_flip"", ""law"": ""flip_expected"", ""relation_rule"": ""mirrored-axis left/right relations flip; vertical/depth relations invariant; no global label flip"", ""transform"": ""hflip""}",,"{""do_sample"": false, ""max_new_tokens"": 5}",tier_c_tierc_full,38ad6fbc3e13cd785730b656c19512866d0845fd,v0.1
vsr_test:1486,vsr_test:1486,test,hflip_flip,visual,The person is at the left side of the umbrella.,The person is at the left side of the umbrella.,at the left side of,horizontal,person,umbrella,True,False,flip_expected,False,True, False.,Qwen/Qwen2-VL-7B-Instruct,,7B_hardneg_lora,/home/ubuntu/vlm-spatial-reasoning/checkpoints/qwen2vl_7b_hardneg_lora/final,"{""README.md"": ""ad67fbd14e29a7dae114b54d70c840eab4d917c7d4bbce31d8e923429325d12b"", ""adapter_config.json"": ""9c868e731d9e1e45f0f114c79b1eeca3c96b1d0d3a8f5f93d9ff5a73d690a9df"", ""adapter_model.safetensors"": ""aaad7a39d905ddffc323d02d3beb78717388f29dc19488b91eb5218f4814b697"", ""chat_template.jinja"": ""a0bc6f6fc7a29a80017a433e8f03a1cc1236e838a944a2d034295a60c4f2fddb"", ""processor_config.json"": ""edb8dd5001f02dd3a488fd63d664fcdc5514c4a93962bf1be534a0acf6e2c714"", ""tokenizer.json"": ""ff8cce547abc110590d19c6b5b6e0c6a7b4c8d1012d78b9c42131bae7f494a02"", ""tokenizer_config.json"": ""5afec58078ec072cdc9ad190a63c8657f9c47ec71068ff9c77423f1ea0422364""}",,7f29cebb9d06eca06ad0d6c690e4d5a083b71a9c42008f88e92474e3ff0eb98a,eb4075c77285da02c52794154760fa969fb21ab3dcceb0820cb7d2ba27d27471,http://images.cocodataset.org/train2017/000000080200.jpg,http://images.cocodataset.org/train2017/000000080200.jpg,,http://images.cocodataset.org/train2017/000000080200.jpg,hflip,tier_c_v0.1,"{""algorithm"": ""PIL.Image.FLIP_LEFT_RIGHT applied AFTER uniform 392px long-side preprocessing"", ""axis"": ""visual"", ""condition"": ""hflip_flip"", ""law"": ""flip_expected"", ""relation_rule"": ""mirrored-axis left/right relations flip; vertical/depth relations invariant; no global label flip"", ""transform"": ""hflip""}",,"{""do_sample"": false, ""max_new_tokens"": 5}",tier_c_tierc_full,38ad6fbc3e13cd785730b656c19512866d0845fd,v0.1
vsr_test:1494,vsr_test:1494,test,hflip_flip,visual,The cat is at the right side of the backpack.,The cat is at the right side of the backpack.,at the right side of,horizontal,cat,backpack,False,True,flip_expected,True,True, True.,Qwen/Qwen2-VL-7B-Instruct,,7B_hardneg_lora,/home/ubuntu/vlm-spatial-reasoning/checkpoints/qwen2vl_7b_hardneg_lora/final,"{""README.md"": ""ad67fbd14e29a7dae114b54d70c840eab4d917c7d4bbce31d8e923429325d12b"", ""adapter_config.json"": ""9c868e731d9e1e45f0f114c79b1eeca3c96b1d0d3a8f5f93d9ff5a73d690a9df"", ""adapter_model.safetensors"": ""aaad7a39d905ddffc323d02d3beb78717388f29dc19488b91eb5218f4814b697"", ""chat_template.jinja"": ""a0bc6f6fc7a29a80017a433e8f03a1cc1236e838a944a2d034295a60c4f2fddb"", ""processor_config.json"": ""edb8dd5001f02dd3a488fd63d664fcdc5514c4a93962bf1be534a0acf6e2c714"", ""tokenizer.json"": ""ff8cce547abc110590d19c6b5b6e0c6a7b4c8d1012d78b9c42131bae7f494a02"", ""tokenizer_config.json"": ""5afec58078ec072cdc9ad190a63c8657f9c47ec71068ff9c77423f1ea0422364""}",,7f29cebb9d06eca06ad0d6c690e4d5a083b71a9c42008f88e92474e3ff0eb98a,eb4075c77285da02c52794154760fa969fb21ab3dcceb0820cb7d2ba27d27471,http://images.cocodataset.org/train2017/000000127799.jpg,http://images.cocodataset.org/train2017/000000127799.jpg,,http://images.cocodataset.org/train2017/000000127799.jpg,hflip,tier_c_v0.1,"{""algorithm"": ""PIL.Image.FLIP_LEFT_RIGHT applied AFTER uniform 392px long-side preprocessing"", ""axis"": ""visual"", ""condition"": ""hflip_flip"", ""law"": ""flip_expected"", ""relation_rule"": ""mirrored-axis left/right relations flip; vertical/depth relations invariant; no global label flip"", ""transform"": ""hflip""}",,"{""do_sample"": false, ""max_new_tokens"": 5}",tier_c_tierc_full,38ad6fbc3e13cd785730b656c19512866d0845fd,v0.1
vsr_test:1499,vsr_test:1499,test,hflip_flip,visual,The toilet is at the left side of the dog.,The toilet is at the left side of the dog.,at the left side of,horizontal,toilet,dog,False,True,flip_expected,False,False, False.,Qwen/Qwen2-VL-7B-Instruct,,7B_hardneg_lora,/home/ubuntu/vlm-spatial-reasoning/checkpoints/qwen2vl_7b_hardneg_lora/final,"{""README.md"": ""ad67fbd14e29a7dae114b54d70c840eab4d917c7d4bbce31d8e923429325d12b"", ""adapter_config.json"": ""9c868e731d9e1e45f0f114c79b1eeca3c96b1d0d3a8f5f93d9ff5a73d690a9df"", ""adapter_model.safetensors"": ""aaad7a39d905ddffc323d02d3beb78717388f29dc19488b91eb5218f4814b697"", ""chat_template.jinja"": ""a0bc6f6fc7a29a80017a433e8f03a1cc1236e838a944a2d034295a60c4f2fddb"", ""processor_config.json"": ""edb8dd5001f02dd3a488fd63d664fcdc5514c4a93962bf1be534a0acf6e2c714"", ""tokenizer.json"": ""ff8cce547abc110590d19c6b5b6e0c6a7b4c8d1012d78b9c42131bae7f494a02"", ""tokenizer_config.json"": ""5afec58078ec072cdc9ad190a63c8657f9c47ec71068ff9c77423f1ea0422364""}",,7f29cebb9d06eca06ad0d6c690e4d5a083b71a9c42008f88e92474e3ff0eb98a,eb4075c77285da02c52794154760fa969fb21ab3dcceb0820cb7d2ba27d27471,http://images.cocodataset.org/train2017/000000145544.jpg,http://images.cocodataset.org/train2017/000000145544.jpg,,http://images.cocodataset.org/train2017/000000145544.jpg,hflip,tier_c_v0.1,"{""algorithm"": ""PIL.Image.FLIP_LEFT_RIGHT applied AFTER uniform 392px long-side preprocessing"", ""axis"": ""visual"", ""condition"": ""hflip_flip"", ""law"": ""flip_expected"", ""relation_rule"": ""mirrored-axis left/right relations flip; vertical/depth relations invariant; no global label flip"", ""transform"": ""hflip""}",,"{""do_sample"": false, ""max_new_tokens"": 5}",tier_c_tierc_full,38ad6fbc3e13cd785730b656c19512866d0845fd,v0.1
vsr_test:1501,vsr_test:1501,test,hflip_flip,visual,The donut is at the right side of the person.,The donut is at the right side of the person.,at the right side of,horizontal,donut,person,True,False,flip_expected,False,True, False.,Qwen/Qwen2-VL-7B-Instruct,,7B_hardneg_lora,/home/ubuntu/vlm-spatial-reasoning/checkpoints/qwen2vl_7b_hardneg_lora/final,"{""README.md"": ""ad67fbd14e29a7dae114b54d70c840eab4d917c7d4bbce31d8e923429325d12b"", ""adapter_config.json"": ""9c868e731d9e1e45f0f114c79b1eeca3c96b1d0d3a8f5f93d9ff5a73d690a9df"", ""adapter_model.safetensors"": ""aaad7a39d905ddffc323d02d3beb78717388f29dc19488b91eb5218f4814b697"", ""chat_template.jinja"": ""a0bc6f6fc7a29a80017a433e8f03a1cc1236e838a944a2d034295a60c4f2fddb"", ""processor_config.json"": ""edb8dd5001f02dd3a488fd63d664fcdc5514c4a93962bf1be534a0acf6e2c714"", ""tokenizer.json"": ""ff8cce547abc110590d19c6b5b6e0c6a7b4c8d1012d78b9c42131bae7f494a02"", ""tokenizer_config.json"": ""5afec58078ec072cdc9ad190a63c8657f9c47ec71068ff9c77423f1ea0422364""}",,7f29cebb9d06eca06ad0d6c690e4d5a083b71a9c42008f88e92474e3ff0eb98a,eb4075c77285da02c52794154760fa969fb21ab3dcceb0820cb7d2ba27d27471,http://images.cocodataset.org/train2017/000000121068.jpg,http://images.cocodataset.org/train2017/000000121068.jpg,,http://images.cocodataset.org/train2017/000000121068.jpg,hflip,tier_c_v0.1,"{""algorithm"": ""PIL.Image.FLIP_LEFT_RIGHT applied AFTER uniform 392px long-side preprocessing"", ""axis"": ""visual"", ""condition"": ""hflip_flip"", ""law"": ""flip_expected"", ""relation_rule"": ""mirrored-axis left/right relations flip; vertical/depth relations invariant; no global label flip"", ""transform"": ""hflip""}",,"{""do_sample"": false, ""max_new_tokens"": 5}",tier_c_tierc_full,38ad6fbc3e13cd785730b656c19512866d0845fd,v0.1
vsr_test:1506,vsr_test:1506,test,hflip_flip,visual,The laptop is right of the couch.,The laptop is right of the couch.,right of,horizontal,laptop,,True,False,flip_expected,False,True, False.,Qwen/Qwen2-VL-7B-Instruct,,7B_hardneg_lora,/home/ubuntu/vlm-spatial-reasoning/checkpoints/qwen2vl_7b_hardneg_lora/final,"{""README.md"": ""ad67fbd14e29a7dae114b54d70c840eab4d917c7d4bbce31d8e923429325d12b"", ""adapter_config.json"": ""9c868e731d9e1e45f0f114c79b1eeca3c96b1d0d3a8f5f93d9ff5a73d690a9df"", ""adapter_model.safetensors"": ""aaad7a39d905ddffc323d02d3beb78717388f29dc19488b91eb5218f4814b697"", ""chat_template.jinja"": ""a0bc6f6fc7a29a80017a433e8f03a1cc1236e838a944a2d034295a60c4f2fddb"", ""processor_config.json"": ""edb8dd5001f02dd3a488fd63d664fcdc5514c4a93962bf1be534a0acf6e2c714"", ""tokenizer.json"": ""ff8cce547abc110590d19c6b5b6e0c6a7b4c8d1012d78b9c42131bae7f494a02"", ""tokenizer_config.json"": ""5afec58078ec072cdc9ad190a63c8657f9c47ec71068ff9c77423f1ea0422364""}",,7f29cebb9d06eca06ad0d6c690e4d5a083b71a9c42008f88e92474e3ff0eb98a,eb4075c77285da02c52794154760fa969fb21ab3dcceb0820cb7d2ba27d27471,http://images.cocodataset.org/train2017/000000275855.jpg,http://images.cocodataset.org/train2017/000000275855.jpg,,http://images.cocodataset.org/train2017/000000275855.jpg,hflip,tier_c_v0.1,"{""algorithm"": ""PIL.Image.FLIP_LEFT_RIGHT applied AFTER uniform 392px long-side preprocessing"", ""axis"": ""visual"", ""condition"": ""hflip_flip"", ""law"": ""flip_expected"", ""relation_rule"": ""mirrored-axis left/right relations flip; vertical/depth relations invariant; no global label flip"", ""transform"": ""hflip""}",,"{""do_sample"": false, ""max_new_tokens"": 5}",tier_c_tierc_full,38ad6fbc3e13cd785730b656c19512866d0845fd,v0.1
vsr_test:1507,vsr_test:1507,test,hflip_flip,visual,The person is at the right side of the bench.,The person is at the right side of the bench.,at the right side of,horizontal,person,bench,True,False,flip_expected,False,True, False.,Qwen/Qwen2-VL-7B-Instruct,,7B_hardneg_lora,/home/ubuntu/vlm-spatial-reasoning/checkpoints/qwen2vl_7b_hardneg_lora/final,"{""README.md"": ""ad67fbd14e29a7dae114b54d70c840eab4d917c7d4bbce31d8e923429325d12b"", ""adapter_config.json"": ""9c868e731d9e1e45f0f114c79b1eeca3c96b1d0d3a8f5f93d9ff5a73d690a9df"", ""adapter_model.safetensors"": ""aaad7a39d905ddffc323d02d3beb78717388f29dc19488b91eb5218f4814b697"", ""chat_template.jinja"": ""a0bc6f6fc7a29a80017a433e8f03a1cc1236e838a944a2d034295a60c4f2fddb"", ""processor_config.json"": ""edb8dd5001f02dd3a488fd63d664fcdc5514c4a93962bf1be534a0acf6e2c714"", ""tokenizer.json"": ""ff8cce547abc110590d19c6b5b6e0c6a7b4c8d1012d78b9c42131bae7f494a02"", ""tokenizer_config.json"": ""5afec58078ec072cdc9ad190a63c8657f9c47ec71068ff9c77423f1ea0422364""}",,7f29cebb9d06eca06ad0d6c690e4d5a083b71a9c42008f88e92474e3ff0eb98a,eb4075c77285da02c52794154760fa969fb21ab3dcceb0820cb7d2ba27d27471,http://images.cocodataset.org/train2017/000000569332.jpg,http://images.cocodataset.org/train2017/000000569332.jpg,,http://images.cocodataset.org/train2017/000000569332.jpg,hflip,tier_c_v0.1,"{""algorithm"": ""PIL.Image.FLIP_LEFT_RIGHT applied AFTER uniform 392px long-side preprocessing"", ""axis"": ""visual"", ""condition"": ""hflip_flip"", ""law"": ""flip_expected"", ""relation_rule"": ""mirrored-axis left/right relations flip; vertical/depth relations invariant; no global label flip"", ""transform"": ""hflip""}",,"{""do_sample"": false, ""max_new_tokens"": 5}",tier_c_tierc_full,38ad6fbc3e13cd785730b656c19512866d0845fd,v0.1
vsr_test:1510,vsr_test:1510,test,hflip_flip,visual,The cat is at the left side of the person.,The cat is at the left side of the person.,at the left side of,horizontal,cat,person,False,True,flip_expected,False,False, False.,Qwen/Qwen2-VL-7B-Instruct,,7B_hardneg_lora,/home/ubuntu/vlm-spatial-reasoning/checkpoints/qwen2vl_7b_hardneg_lora/final,"{""README.md"": ""ad67fbd14e29a7dae114b54d70c840eab4d917c7d4bbce31d8e923429325d12b"", ""adapter_config.json"": ""9c868e731d9e1e45f0f114c79b1eeca3c96b1d0d3a8f5f93d9ff5a73d690a9df"", ""adapter_model.safetensors"": ""aaad7a39d905ddffc323d02d3beb78717388f29dc19488b91eb5218f4814b697"", ""chat_template.jinja"": ""a0bc6f6fc7a29a80017a433e8f03a1cc1236e838a944a2d034295a60c4f2fddb"", ""processor_config.json"": ""edb8dd5001f02dd3a488fd63d664fcdc5514c4a93962bf1be534a0acf6e2c714"", ""tokenizer.json"": ""ff8cce547abc110590d19c6b5b6e0c6a7b4c8d1012d78b9c42131bae7f494a02"", ""tokenizer_config.json"": ""5afec58078ec072cdc9ad190a63c8657f9c47ec71068ff9c77423f1ea0422364""}",,7f29cebb9d06eca06ad0d6c690e4d5a083b71a9c42008f88e92474e3ff0eb98a,eb4075c77285da02c52794154760fa969fb21ab3dcceb0820cb7d2ba27d27471,http://images.cocodataset.org/train2017/000000233005.jpg,http://images.cocodataset.org/train2017/000000233005.jpg,,http://images.cocodataset.org/train2017/000000233005.jpg,hflip,tier_c_v0.1,"{""algorithm"": ""PIL.Image.FLIP_LEFT_RIGHT applied AFTER uniform 392px long-side preprocessing"", ""axis"": ""visual"", ""condition"": ""hflip_flip"", ""law"": ""flip_expected"", ""relation_rule"": ""mirrored-axis left/right relations flip; vertical/depth relations invariant; no global label flip"", ""transform"": ""hflip""}",,"{""do_sample"": false, ""max_new_tokens"": 5}",tier_c_tierc_full,38ad6fbc3e13cd785730b656c19512866d0845fd,v0.1
vsr_test:1511,vsr_test:1511,test,hflip_flip,visual,The sheep is right of the person.,The sheep is right of the person.,right of,horizontal,sheep,,True,False,flip_expected,True,False, True.,Qwen/Qwen2-VL-7B-Instruct,,7B_hardneg_lora,/home/ubuntu/vlm-spatial-reasoning/checkpoints/qwen2vl_7b_hardneg_lora/final,"{""README.md"": ""ad67fbd14e29a7dae114b54d70c840eab4d917c7d4bbce31d8e923429325d12b"", ""adapter_config.json"": ""9c868e731d9e1e45f0f114c79b1eeca3c96b1d0d3a8f5f93d9ff5a73d690a9df"", ""adapter_model.safetensors"": ""aaad7a39d905ddffc323d02d3beb78717388f29dc19488b91eb5218f4814b697"", ""chat_template.jinja"": ""a0bc6f6fc7a29a80017a433e8f03a1cc1236e838a944a2d034295a60c4f2fddb"", ""processor_config.json"": ""edb8dd5001f02dd3a488fd63d664fcdc5514c4a93962bf1be534a0acf6e2c714"", ""tokenizer.json"": ""ff8cce547abc110590d19c6b5b6e0c6a7b4c8d1012d78b9c42131bae7f494a02"", ""tokenizer_config.json"": ""5afec58078ec072cdc9ad190a63c8657f9c47ec71068ff9c77423f1ea0422364""}",,7f29cebb9d06eca06ad0d6c690e4d5a083b71a9c42008f88e92474e3ff0eb98a,eb4075c77285da02c52794154760fa969fb21ab3dcceb0820cb7d2ba27d27471,http://images.cocodataset.org/train2017/000000496636.jpg,http://images.cocodataset.org/train2017/000000496636.jpg,,http://images.cocodataset.org/train2017/000000496636.jpg,hflip,tier_c_v0.1,"{""algorithm"": ""PIL.Image.FLIP_LEFT_RIGHT applied AFTER uniform 392px long-side preprocessing"", ""axis"": ""visual"", ""condition"": ""hflip_flip"", ""law"": ""flip_expected"", ""relation_rule"": ""mirrored-axis left/right relations flip; vertical/depth relations invariant; no global label flip"", ""transform"": ""hflip""}",,"{""do_sample"": false, ""max_new_tokens"": 5}",tier_c_tierc_full,38ad6fbc3e13cd785730b656c19512866d0845fd,v0.1
vsr_test:1512,vsr_test:1512,test,hflip_flip,visual,The vase is at the right side of the cat.,The vase is at the right side of the cat.,at the right side of,horizontal,vase,cat,False,True,flip_expected,False,False, False.,Qwen/Qwen2-VL-7B-Instruct,,7B_hardneg_lora,/home/ubuntu/vlm-spatial-reasoning/checkpoints/qwen2vl_7b_hardneg_lora/final,"{""README.md"": ""ad67fbd14e29a7dae114b54d70c840eab4d917c7d4bbce31d8e923429325d12b"", ""adapter_config.json"": ""9c868e731d9e1e45f0f114c79b1eeca3c96b1d0d3a8f5f93d9ff5a73d690a9df"", ""adapter_model.safetensors"": ""aaad7a39d905ddffc323d02d3beb78717388f29dc19488b91eb5218f4814b697"", ""chat_template.jinja"": ""a0bc6f6fc7a29a80017a433e8f03a1cc1236e838a944a2d034295a60c4f2fddb"", ""processor_config.json"": ""edb8dd5001f02dd3a488fd63d664fcdc5514c4a93962bf1be534a0acf6e2c714"", ""tokenizer.json"": ""ff8cce547abc110590d19c6b5b6e0c6a7b4c8d1012d78b9c42131bae7f494a02"", ""tokenizer_config.json"": ""5afec58078ec072cdc9ad190a63c8657f9c47ec71068ff9c77423f1ea0422364""}",,7f29cebb9d06eca06ad0d6c690e4d5a083b71a9c42008f88e92474e3ff0eb98a,eb4075c77285da02c52794154760fa969fb21ab3dcceb0820cb7d2ba27d27471,http://images.cocodataset.org/train2017/000000152724.jpg,http://images.cocodataset.org/train2017/000000152724.jpg,,http://images.cocodataset.org/train2017/000000152724.jpg,hflip,tier_c_v0.1,"{""algorithm"": ""PIL.Image.FLIP_LEFT_RIGHT applied AFTER uniform 392px long-side preprocessing"", ""axis"": ""visual"", ""condition"": ""hflip_flip"", ""law"": ""flip_expected"", ""relation_rule"": ""mirrored-axis left/right relations flip; vertical/depth relations invariant; no global label flip"", ""transform"": ""hflip""}",,"{""do_sample"": false, ""max_new_tokens"": 5}",tier_c_tierc_full,38ad6fbc3e13cd785730b656c19512866d0845fd,v0.1
vsr_test:1528,vsr_test:1528,test,hflip_flip,visual,The person is at the right side of the giraffe.,The person is at the right side of the giraffe.,at the right side of,horizontal,person,giraffe,True,False,flip_expected,False,True, False.,Qwen/Qwen2-VL-7B-Instruct,,7B_hardneg_lora,/home/ubuntu/vlm-spatial-reasoning/checkpoints/qwen2vl_7b_hardneg_lora/final,"{""README.md"": ""ad67fbd14e29a7dae114b54d70c840eab4d917c7d4bbce31d8e923429325d12b"", ""adapter_config.json"": ""9c868e731d9e1e45f0f114c79b1eeca3c96b1d0d3a8f5f93d9ff5a73d690a9df"", ""adapter_model.safetensors"": ""aaad7a39d905ddffc323d02d3beb78717388f29dc19488b91eb5218f4814b697"", ""chat_template.jinja"": ""a0bc6f6fc7a29a80017a433e8f03a1cc1236e838a944a2d034295a60c4f2fddb"", ""processor_config.json"": ""edb8dd5001f02dd3a488fd63d664fcdc5514c4a93962bf1be534a0acf6e2c714"", ""tokenizer.json"": ""ff8cce547abc110590d19c6b5b6e0c6a7b4c8d1012d78b9c42131bae7f494a02"", ""tokenizer_config.json"": ""5afec58078ec072cdc9ad190a63c8657f9c47ec71068ff9c77423f1ea0422364""}",,7f29cebb9d06eca06ad0d6c690e4d5a083b71a9c42008f88e92474e3ff0eb98a,eb4075c77285da02c52794154760fa969fb21ab3dcceb0820cb7d2ba27d27471,http://images.cocodataset.org/train2017/000000511654.jpg,http://images.cocodataset.org/train2017/000000511654.jpg,,http://images.cocodataset.org/train2017/000000511654.jpg,hflip,tier_c_v0.1,"{""algorithm"": ""PIL.Image.FLIP_LEFT_RIGHT applied AFTER uniform 392px long-side preprocessing"", ""axis"": ""visual"", ""condition"": ""hflip_flip"", ""law"": ""flip_expected"", ""relation_rule"": ""mirrored-axis left/right relations flip; vertical/depth relations invariant; no global label flip"", ""transform"": ""hflip""}",,"{""do_sample"": false, ""max_new_tokens"": 5}",tier_c_tierc_full,38ad6fbc3e13cd785730b656c19512866d0845fd,v0.1
vsr_test:1545,vsr_test:1545,test,hflip_flip,visual,The pizza is left of the person.,The pizza is left of the person.,left of,horizontal,pizza,,False,True,flip_expected,False,False, False.,Qwen/Qwen2-VL-7B-Instruct,,7B_hardneg_lora,/home/ubuntu/vlm-spatial-reasoning/checkpoints/qwen2vl_7b_hardneg_lora/final,"{""README.md"": ""ad67fbd14e29a7dae114b54d70c840eab4d917c7d4bbce31d8e923429325d12b"", ""adapter_config.json"": ""9c868e731d9e1e45f0f114c79b1eeca3c96b1d0d3a8f5f93d9ff5a73d690a9df"", ""adapter_model.safetensors"": ""aaad7a39d905ddffc323d02d3beb78717388f29dc19488b91eb5218f4814b697"", ""chat_template.jinja"": ""a0bc6f6fc7a29a80017a433e8f03a1cc1236e838a944a2d034295a60c4f2fddb"", ""processor_config.json"": ""edb8dd5001f02dd3a488fd63d664fcdc5514c4a93962bf1be534a0acf6e2c714"", ""tokenizer.json"": ""ff8cce547abc110590d19c6b5b6e0c6a7b4c8d1012d78b9c42131bae7f494a02"", ""tokenizer_config.json"": ""5afec58078ec072cdc9ad190a63c8657f9c47ec71068ff9c77423f1ea0422364""}",,7f29cebb9d06eca06ad0d6c690e4d5a083b71a9c42008f88e92474e3ff0eb98a,eb4075c77285da02c52794154760fa969fb21ab3dcceb0820cb7d2ba27d27471,http://images.cocodataset.org/train2017/000000293014.jpg,http://images.cocodataset.org/train2017/000000293014.jpg,,http://images.cocodataset.org/train2017/000000293014.jpg,hflip,tier_c_v0.1,"{""algorithm"": ""PIL.Image.FLIP_LEFT_RIGHT applied AFTER uniform 392px long-side preprocessing"", ""axis"": ""visual"", ""condition"": ""hflip_flip"", ""law"": ""flip_expected"", ""relation_rule"": ""mirrored-axis left/right relations flip; vertical/depth relations invariant; no global label flip"", ""transform"": ""hflip""}",,"{""do_sample"": false, ""max_new_tokens"": 5}",tier_c_tierc_full,38ad6fbc3e13cd785730b656c19512866d0845fd,v0.1
vsr_test:1557,vsr_test:1557,test,hflip_flip,visual,The person is at the left side of the pizza.,The person is at the left side of the pizza.,at the left side of,horizontal,person,pizza,False,True,flip_expected,False,False, False.,Qwen/Qwen2-VL-7B-Instruct,,7B_hardneg_lora,/home/ubuntu/vlm-spatial-reasoning/checkpoints/qwen2vl_7b_hardneg_lora/final,"{""README.md"": ""ad67fbd14e29a7dae114b54d70c840eab4d917c7d4bbce31d8e923429325d12b"", ""adapter_config.json"": ""9c868e731d9e1e45f0f114c79b1eeca3c96b1d0d3a8f5f93d9ff5a73d690a9df"", ""adapter_model.safetensors"": ""aaad7a39d905ddffc323d02d3beb78717388f29dc19488b91eb5218f4814b697"", ""chat_template.jinja"": ""a0bc6f6fc7a29a80017a433e8f03a1cc1236e838a944a2d034295a60c4f2fddb"", ""processor_config.json"": ""edb8dd5001f02dd3a488fd63d664fcdc5514c4a93962bf1be534a0acf6e2c714"", ""tokenizer.json"": ""ff8cce547abc110590d19c6b5b6e0c6a7b4c8d1012d78b9c42131bae7f494a02"", ""tokenizer_config.json"": ""5afec58078ec072cdc9ad190a63c8657f9c47ec71068ff9c77423f1ea0422364""}",,7f29cebb9d06eca06ad0d6c690e4d5a083b71a9c42008f88e92474e3ff0eb98a,eb4075c77285da02c52794154760fa969fb21ab3dcceb0820cb7d2ba27d27471,http://images.cocodataset.org/val2017/000000027696.jpg,http://images.cocodataset.org/val2017/000000027696.jpg,,http://images.cocodataset.org/val2017/000000027696.jpg,hflip,tier_c_v0.1,"{""algorithm"": ""PIL.Image.FLIP_LEFT_RIGHT applied AFTER uniform 392px long-side preprocessing"", ""axis"": ""visual"", ""condition"": ""hflip_flip"", ""law"": ""flip_expected"", ""relation_rule"": ""mirrored-axis left/right relations flip; vertical/depth relations invariant; no global label flip"", ""transform"": ""hflip""}",,"{""do_sample"": false, ""max_new_tokens"": 5}",tier_c_tierc_full,38ad6fbc3e13cd785730b656c19512866d0845fd,v0.1
vsr_test:1565,vsr_test:1565,test,hflip_flip,visual,The dog is at the right side of the horse.,The dog is at the right side of the horse.,at the right side of,horizontal,dog,horse,True,False,flip_expected,False,True, False.,Qwen/Qwen2-VL-7B-Instruct,,7B_hardneg_lora,/home/ubuntu/vlm-spatial-reasoning/checkpoints/qwen2vl_7b_hardneg_lora/final,"{""README.md"": ""ad67fbd14e29a7dae114b54d70c840eab4d917c7d4bbce31d8e923429325d12b"", ""adapter_config.json"": ""9c868e731d9e1e45f0f114c79b1eeca3c96b1d0d3a8f5f93d9ff5a73d690a9df"", ""adapter_model.safetensors"": ""aaad7a39d905ddffc323d02d3beb78717388f29dc19488b91eb5218f4814b697"", ""chat_template.jinja"": ""a0bc6f6fc7a29a80017a433e8f03a1cc1236e838a944a2d034295a60c4f2fddb"", ""processor_config.json"": ""edb8dd5001f02dd3a488fd63d664fcdc5514c4a93962bf1be534a0acf6e2c714"", ""tokenizer.json"": ""ff8cce547abc110590d19c6b5b6e0c6a7b4c8d1012d78b9c42131bae7f494a02"", ""tokenizer_config.json"": ""5afec58078ec072cdc9ad190a63c8657f9c47ec71068ff9c77423f1ea0422364""}",,7f29cebb9d06eca06ad0d6c690e4d5a083b71a9c42008f88e92474e3ff0eb98a,eb4075c77285da02c52794154760fa969fb21ab3dcceb0820cb7d2ba27d27471,http://images.cocodataset.org/train2017/000000422185.jpg,http://images.cocodataset.org/train2017/000000422185.jpg,,http://images.cocodataset.org/train2017/000000422185.jpg,hflip,tier_c_v0.1,"{""algorithm"": ""PIL.Image.FLIP_LEFT_RIGHT applied AFTER uniform 392px long-side preprocessing"", ""axis"": ""visual"", ""condition"": ""hflip_flip"", ""law"": ""flip_expected"", ""relation_rule"": ""mirrored-axis left/right relations flip; vertical/depth relations invariant; no global label flip"", ""transform"": ""hflip""}",,"{""do_sample"": false, ""max_new_tokens"": 5}",tier_c_tierc_full,38ad6fbc3e13cd785730b656c19512866d0845fd,v0.1
vsr_test:1578,vsr_test:1578,test,hflip_flip,visual,The cat is at the right side of the toilet.,The cat is at the right side of the toilet.,at the right side of,horizontal,cat,toilet,True,False,flip_expected,False,True, False.,Qwen/Qwen2-VL-7B-Instruct,,7B_hardneg_lora,/home/ubuntu/vlm-spatial-reasoning/checkpoints/qwen2vl_7b_hardneg_lora/final,"{""README.md"": ""ad67fbd14e29a7dae114b54d70c840eab4d917c7d4bbce31d8e923429325d12b"", ""adapter_config.json"": ""9c868e731d9e1e45f0f114c79b1eeca3c96b1d0d3a8f5f93d9ff5a73d690a9df"", ""adapter_model.safetensors"": ""aaad7a39d905ddffc323d02d3beb78717388f29dc19488b91eb5218f4814b697"", ""chat_template.jinja"": ""a0bc6f6fc7a29a80017a433e8f03a1cc1236e838a944a2d034295a60c4f2fddb"", ""processor_config.json"": ""edb8dd5001f02dd3a488fd63d664fcdc5514c4a93962bf1be534a0acf6e2c714"", ""tokenizer.json"": ""ff8cce547abc110590d19c6b5b6e0c6a7b4c8d1012d78b9c42131bae7f494a02"", ""tokenizer_config.json"": ""5afec58078ec072cdc9ad190a63c8657f9c47ec71068ff9c77423f1ea0422364""}",,7f29cebb9d06eca06ad0d6c690e4d5a083b71a9c42008f88e92474e3ff0eb98a,eb4075c77285da02c52794154760fa969fb21ab3dcceb0820cb7d2ba27d27471,http://images.cocodataset.org/train2017/000000194313.jpg,http://images.cocodataset.org/train2017/000000194313.jpg,,http://images.cocodataset.org/train2017/000000194313.jpg,hflip,tier_c_v0.1,"{""algorithm"": ""PIL.Image.FLIP_LEFT_RIGHT applied AFTER uniform 392px long-side preprocessing"", ""axis"": ""visual"", ""condition"": ""hflip_flip"", ""law"": ""flip_expected"", ""relation_rule"": ""mirrored-axis left/right relations flip; vertical/depth relations invariant; no global label flip"", ""transform"": ""hflip""}",,"{""do_sample"": false, ""max_new_tokens"": 5}",tier_c_tierc_full,38ad6fbc3e13cd785730b656c19512866d0845fd,v0.1
vsr_test:1625,vsr_test:1625,test,hflip_flip,visual,The cat is at the right side of the potted plant.,The cat is at the right side of the potted plant.,at the right side of,horizontal,cat,potted plant,False,True,flip_expected,False,False, False.,Qwen/Qwen2-VL-7B-Instruct,,7B_hardneg_lora,/home/ubuntu/vlm-spatial-reasoning/checkpoints/qwen2vl_7b_hardneg_lora/final,"{""README.md"": ""ad67fbd14e29a7dae114b54d70c840eab4d917c7d4bbce31d8e923429325d12b"", ""adapter_config.json"": ""9c868e731d9e1e45f0f114c79b1eeca3c96b1d0d3a8f5f93d9ff5a73d690a9df"", ""adapter_model.safetensors"": ""aaad7a39d905ddffc323d02d3beb78717388f29dc19488b91eb5218f4814b697"", ""chat_template.jinja"": ""a0bc6f6fc7a29a80017a433e8f03a1cc1236e838a944a2d034295a60c4f2fddb"", ""processor_config.json"": ""edb8dd5001f02dd3a488fd63d664fcdc5514c4a93962bf1be534a0acf6e2c714"", ""tokenizer.json"": ""ff8cce547abc110590d19c6b5b6e0c6a7b4c8d1012d78b9c42131bae7f494a02"", ""tokenizer_config.json"": ""5afec58078ec072cdc9ad190a63c8657f9c47ec71068ff9c77423f1ea0422364""}",,7f29cebb9d06eca06ad0d6c690e4d5a083b71a9c42008f88e92474e3ff0eb98a,eb4075c77285da02c52794154760fa969fb21ab3dcceb0820cb7d2ba27d27471,http://images.cocodataset.org/train2017/000000127809.jpg,http://images.cocodataset.org/train2017/000000127809.jpg,,http://images.cocodataset.org/train2017/000000127809.jpg,hflip,tier_c_v0.1,"{""algorithm"": ""PIL.Image.FLIP_LEFT_RIGHT applied AFTER uniform 392px long-side preprocessing"", ""axis"": ""visual"", ""condition"": ""hflip_flip"", ""law"": ""flip_expected"", ""relation_rule"": ""mirrored-axis left/right relations flip; vertical/depth relations invariant; no global label flip"", ""transform"": ""hflip""}",,"{""do_sample"": false, ""max_new_tokens"": 5}",tier_c_tierc_full,38ad6fbc3e13cd785730b656c19512866d0845fd,v0.1
vsr_test:1633,vsr_test:1633,test,hflip_flip,visual,The teddy bear is right of the suitcase.,The teddy bear is right of the suitcase.,right of,horizontal,teddy bear,,True,False,flip_expected,True,False, True.,Qwen/Qwen2-VL-7B-Instruct,,7B_hardneg_lora,/home/ubuntu/vlm-spatial-reasoning/checkpoints/qwen2vl_7b_hardneg_lora/final,"{""README.md"": ""ad67fbd14e29a7dae114b54d70c840eab4d917c7d4bbce31d8e923429325d12b"", ""adapter_config.json"": ""9c868e731d9e1e45f0f114c79b1eeca3c96b1d0d3a8f5f93d9ff5a73d690a9df"", ""adapter_model.safetensors"": ""aaad7a39d905ddffc323d02d3beb78717388f29dc19488b91eb5218f4814b697"", ""chat_template.jinja"": ""a0bc6f6fc7a29a80017a433e8f03a1cc1236e838a944a2d034295a60c4f2fddb"", ""processor_config.json"": ""edb8dd5001f02dd3a488fd63d664fcdc5514c4a93962bf1be534a0acf6e2c714"", ""tokenizer.json"": ""ff8cce547abc110590d19c6b5b6e0c6a7b4c8d1012d78b9c42131bae7f494a02"", ""tokenizer_config.json"": ""5afec58078ec072cdc9ad190a63c8657f9c47ec71068ff9c77423f1ea0422364""}",,7f29cebb9d06eca06ad0d6c690e4d5a083b71a9c42008f88e92474e3ff0eb98a,eb4075c77285da02c52794154760fa969fb21ab3dcceb0820cb7d2ba27d27471,http://images.cocodataset.org/train2017/000000248168.jpg,http://images.cocodataset.org/train2017/000000248168.jpg,,http://images.cocodataset.org/train2017/000000248168.jpg,hflip,tier_c_v0.1,"{""algorithm"": ""PIL.Image.FLIP_LEFT_RIGHT applied AFTER uniform 392px long-side preprocessing"", ""axis"": ""visual"", ""condition"": ""hflip_flip"", ""law"": ""flip_expected"", ""relation_rule"": ""mirrored-axis left/right relations flip; vertical/depth relations invariant; no global label flip"", ""transform"": ""hflip""}",,"{""do_sample"": false, ""max_new_tokens"": 5}",tier_c_tierc_full,38ad6fbc3e13cd785730b656c19512866d0845fd,v0.1
vsr_test:1638,vsr_test:1638,test,hflip_flip,visual,The person is at the left side of the oven.,The person is at the left side of the oven.,at the left side of,horizontal,person,oven,False,True,flip_expected,True,True, True.,Qwen/Qwen2-VL-7B-Instruct,,7B_hardneg_lora,/home/ubuntu/vlm-spatial-reasoning/checkpoints/qwen2vl_7b_hardneg_lora/final,"{""README.md"": ""ad67fbd14e29a7dae114b54d70c840eab4d917c7d4bbce31d8e923429325d12b"", ""adapter_config.json"": ""9c868e731d9e1e45f0f114c79b1eeca3c96b1d0d3a8f5f93d9ff5a73d690a9df"", ""adapter_model.safetensors"": ""aaad7a39d905ddffc323d02d3beb78717388f29dc19488b91eb5218f4814b697"", ""chat_template.jinja"": ""a0bc6f6fc7a29a80017a433e8f03a1cc1236e838a944a2d034295a60c4f2fddb"", ""processor_config.json"": ""edb8dd5001f02dd3a488fd63d664fcdc5514c4a93962bf1be534a0acf6e2c714"", ""tokenizer.json"": ""ff8cce547abc110590d19c6b5b6e0c6a7b4c8d1012d78b9c42131bae7f494a02"", ""tokenizer_config.json"": ""5afec58078ec072cdc9ad190a63c8657f9c47ec71068ff9c77423f1ea0422364""}",,7f29cebb9d06eca06ad0d6c690e4d5a083b71a9c42008f88e92474e3ff0eb98a,eb4075c77285da02c52794154760fa969fb21ab3dcceb0820cb7d2ba27d27471,http://images.cocodataset.org/train2017/000000564915.jpg,http://images.cocodataset.org/train2017/000000564915.jpg,,http://images.cocodataset.org/train2017/000000564915.jpg,hflip,tier_c_v0.1,"{""algorithm"": ""PIL.Image.FLIP_LEFT_RIGHT applied AFTER uniform 392px long-side preprocessing"", ""axis"": ""visual"", ""condition"": ""hflip_flip"", ""law"": ""flip_expected"", ""relation_rule"": ""mirrored-axis left/right relations flip; vertical/depth relations invariant; no global label flip"", ""transform"": ""hflip""}",,"{""do_sample"": false, ""max_new_tokens"": 5}",tier_c_tierc_full,38ad6fbc3e13cd785730b656c19512866d0845fd,v0.1
vsr_test:1644,vsr_test:1644,test,hflip_flip,visual,The parking meter is at the left side of the car.,The parking meter is at the left side of the car.,at the left side of,horizontal,parking meter,car,False,True,flip_expected,True,True, True.,Qwen/Qwen2-VL-7B-Instruct,,7B_hardneg_lora,/home/ubuntu/vlm-spatial-reasoning/checkpoints/qwen2vl_7b_hardneg_lora/final,"{""README.md"": ""ad67fbd14e29a7dae114b54d70c840eab4d917c7d4bbce31d8e923429325d12b"", ""adapter_config.json"": ""9c868e731d9e1e45f0f114c79b1eeca3c96b1d0d3a8f5f93d9ff5a73d690a9df"", ""adapter_model.safetensors"": ""aaad7a39d905ddffc323d02d3beb78717388f29dc19488b91eb5218f4814b697"", ""chat_template.jinja"": ""a0bc6f6fc7a29a80017a433e8f03a1cc1236e838a944a2d034295a60c4f2fddb"", ""processor_config.json"": ""edb8dd5001f02dd3a488fd63d664fcdc5514c4a93962bf1be534a0acf6e2c714"", ""tokenizer.json"": ""ff8cce547abc110590d19c6b5b6e0c6a7b4c8d1012d78b9c42131bae7f494a02"", ""tokenizer_config.json"": ""5afec58078ec072cdc9ad190a63c8657f9c47ec71068ff9c77423f1ea0422364""}",,7f29cebb9d06eca06ad0d6c690e4d5a083b71a9c42008f88e92474e3ff0eb98a,eb4075c77285da02c52794154760fa969fb21ab3dcceb0820cb7d2ba27d27471,http://images.cocodataset.org/train2017/000000428769.jpg,http://images.cocodataset.org/train2017/000000428769.jpg,,http://images.cocodataset.org/train2017/000000428769.jpg,hflip,tier_c_v0.1,"{""algorithm"": ""PIL.Image.FLIP_LEFT_RIGHT applied AFTER uniform 392px long-side preprocessing"", ""axis"": ""visual"", ""condition"": ""hflip_flip"", ""law"": ""flip_expected"", ""relation_rule"": ""mirrored-axis left/right relations flip; vertical/depth relations invariant; no global label flip"", ""transform"": ""hflip""}",,"{""do_sample"": false, ""max_new_tokens"": 5}",tier_c_tierc_full,38ad6fbc3e13cd785730b656c19512866d0845fd,v0.1
vsr_test:1646,vsr_test:1646,test,hflip_flip,visual,The dog is at the right side of the horse.,The dog is at the right side of the horse.,at the right side of,horizontal,dog,horse,True,False,flip_expected,False,True, False.,Qwen/Qwen2-VL-7B-Instruct,,7B_hardneg_lora,/home/ubuntu/vlm-spatial-reasoning/checkpoints/qwen2vl_7b_hardneg_lora/final,"{""README.md"": ""ad67fbd14e29a7dae114b54d70c840eab4d917c7d4bbce31d8e923429325d12b"", ""adapter_config.json"": ""9c868e731d9e1e45f0f114c79b1eeca3c96b1d0d3a8f5f93d9ff5a73d690a9df"", ""adapter_model.safetensors"": ""aaad7a39d905ddffc323d02d3beb78717388f29dc19488b91eb5218f4814b697"", ""chat_template.jinja"": ""a0bc6f6fc7a29a80017a433e8f03a1cc1236e838a944a2d034295a60c4f2fddb"", ""processor_config.json"": ""edb8dd5001f02dd3a488fd63d664fcdc5514c4a93962bf1be534a0acf6e2c714"", ""tokenizer.json"": ""ff8cce547abc110590d19c6b5b6e0c6a7b4c8d1012d78b9c42131bae7f494a02"", ""tokenizer_config.json"": ""5afec58078ec072cdc9ad190a63c8657f9c47ec71068ff9c77423f1ea0422364""}",,7f29cebb9d06eca06ad0d6c690e4d5a083b71a9c42008f88e92474e3ff0eb98a,eb4075c77285da02c52794154760fa969fb21ab3dcceb0820cb7d2ba27d27471,http://images.cocodataset.org/train2017/000000300322.jpg,http://images.cocodataset.org/train2017/000000300322.jpg,,http://images.cocodataset.org/train2017/000000300322.jpg,hflip,tier_c_v0.1,"{""algorithm"": ""PIL.Image.FLIP_LEFT_RIGHT applied AFTER uniform 392px long-side preprocessing"", ""axis"": ""visual"", ""condition"": ""hflip_flip"", ""law"": ""flip_expected"", ""relation_rule"": ""mirrored-axis left/right relations flip; vertical/depth relations invariant; no global label flip"", ""transform"": ""hflip""}",,"{""do_sample"": false, ""max_new_tokens"": 5}",tier_c_tierc_full,38ad6fbc3e13cd785730b656c19512866d0845fd,v0.1
vsr_test:1655,vsr_test:1655,test,hflip_flip,visual,The cat is right of the dining table.,The cat is right of the dining table.,right of,horizontal,cat,,True,False,flip_expected,False,True, False.,Qwen/Qwen2-VL-7B-Instruct,,7B_hardneg_lora,/home/ubuntu/vlm-spatial-reasoning/checkpoints/qwen2vl_7b_hardneg_lora/final,"{""README.md"": ""ad67fbd14e29a7dae114b54d70c840eab4d917c7d4bbce31d8e923429325d12b"", ""adapter_config.json"": ""9c868e731d9e1e45f0f114c79b1eeca3c96b1d0d3a8f5f93d9ff5a73d690a9df"", ""adapter_model.safetensors"": ""aaad7a39d905ddffc323d02d3beb78717388f29dc19488b91eb5218f4814b697"", ""chat_template.jinja"": ""a0bc6f6fc7a29a80017a433e8f03a1cc1236e838a944a2d034295a60c4f2fddb"", ""processor_config.json"": ""edb8dd5001f02dd3a488fd63d664fcdc5514c4a93962bf1be534a0acf6e2c714"", ""tokenizer.json"": ""ff8cce547abc110590d19c6b5b6e0c6a7b4c8d1012d78b9c42131bae7f494a02"", ""tokenizer_config.json"": ""5afec58078ec072cdc9ad190a63c8657f9c47ec71068ff9c77423f1ea0422364""}",,7f29cebb9d06eca06ad0d6c690e4d5a083b71a9c42008f88e92474e3ff0eb98a,eb4075c77285da02c52794154760fa969fb21ab3dcceb0820cb7d2ba27d27471,http://images.cocodataset.org/train2017/000000184116.jpg,http://images.cocodataset.org/train2017/000000184116.jpg,,http://images.cocodataset.org/train2017/000000184116.jpg,hflip,tier_c_v0.1,"{""algorithm"": ""PIL.Image.FLIP_LEFT_RIGHT applied AFTER uniform 392px long-side preprocessing"", ""axis"": ""visual"", ""condition"": ""hflip_flip"", ""law"": ""flip_expected"", ""relation_rule"": ""mirrored-axis left/right relations flip; vertical/depth relations invariant; no global label flip"", ""transform"": ""hflip""}",,"{""do_sample"": false, ""max_new_tokens"": 5}",tier_c_tierc_full,38ad6fbc3e13cd785730b656c19512866d0845fd,v0.1
vsr_test:1666,vsr_test:1666,test,hflip_flip,visual,The cat is at the left side of the teddy bear.,The cat is at the left side of the teddy bear.,at the left side of,horizontal,cat,teddy bear,False,True,flip_expected,False,False, False.,Qwen/Qwen2-VL-7B-Instruct,,7B_hardneg_lora,/home/ubuntu/vlm-spatial-reasoning/checkpoints/qwen2vl_7b_hardneg_lora/final,"{""README.md"": ""ad67fbd14e29a7dae114b54d70c840eab4d917c7d4bbce31d8e923429325d12b"", ""adapter_config.json"": ""9c868e731d9e1e45f0f114c79b1eeca3c96b1d0d3a8f5f93d9ff5a73d690a9df"", ""adapter_model.safetensors"": ""aaad7a39d905ddffc323d02d3beb78717388f29dc19488b91eb5218f4814b697"", ""chat_template.jinja"": ""a0bc6f6fc7a29a80017a433e8f03a1cc1236e838a944a2d034295a60c4f2fddb"", ""processor_config.json"": ""edb8dd5001f02dd3a488fd63d664fcdc5514c4a93962bf1be534a0acf6e2c714"", ""tokenizer.json"": ""ff8cce547abc110590d19c6b5b6e0c6a7b4c8d1012d78b9c42131bae7f494a02"", ""tokenizer_config.json"": ""5afec58078ec072cdc9ad190a63c8657f9c47ec71068ff9c77423f1ea0422364""}",,7f29cebb9d06eca06ad0d6c690e4d5a083b71a9c42008f88e92474e3ff0eb98a,eb4075c77285da02c52794154760fa969fb21ab3dcceb0820cb7d2ba27d27471,http://images.cocodataset.org/train2017/000000383494.jpg,http://images.cocodataset.org/train2017/000000383494.jpg,,http://images.cocodataset.org/train2017/000000383494.jpg,hflip,tier_c_v0.1,"{""algorithm"": ""PIL.Image.FLIP_LEFT_RIGHT applied AFTER uniform 392px long-side preprocessing"", ""axis"": ""visual"", ""condition"": ""hflip_flip"", ""law"": ""flip_expected"", ""relation_rule"": ""mirrored-axis left/right relations flip; vertical/depth relations invariant; no global label flip"", ""transform"": ""hflip""}",,"{""do_sample"": false, ""max_new_tokens"": 5}",tier_c_tierc_full,38ad6fbc3e13cd785730b656c19512866d0845fd,v0.1
vsr_test:1673,vsr_test:1673,test,hflip_flip,visual,The bicycle is left of the person.,The bicycle is left of the person.,left of,horizontal,bicycle,,False,True,flip_expected,False,False, False.,Qwen/Qwen2-VL-7B-Instruct,,7B_hardneg_lora,/home/ubuntu/vlm-spatial-reasoning/checkpoints/qwen2vl_7b_hardneg_lora/final,"{""README.md"": ""ad67fbd14e29a7dae114b54d70c840eab4d917c7d4bbce31d8e923429325d12b"", ""adapter_config.json"": ""9c868e731d9e1e45f0f114c79b1eeca3c96b1d0d3a8f5f93d9ff5a73d690a9df"", ""adapter_model.safetensors"": ""aaad7a39d905ddffc323d02d3beb78717388f29dc19488b91eb5218f4814b697"", ""chat_template.jinja"": ""a0bc6f6fc7a29a80017a433e8f03a1cc1236e838a944a2d034295a60c4f2fddb"", ""processor_config.json"": ""edb8dd5001f02dd3a488fd63d664fcdc5514c4a93962bf1be534a0acf6e2c714"", ""tokenizer.json"": ""ff8cce547abc110590d19c6b5b6e0c6a7b4c8d1012d78b9c42131bae7f494a02"", ""tokenizer_config.json"": ""5afec58078ec072cdc9ad190a63c8657f9c47ec71068ff9c77423f1ea0422364""}",,7f29cebb9d06eca06ad0d6c690e4d5a083b71a9c42008f88e92474e3ff0eb98a,eb4075c77285da02c52794154760fa969fb21ab3dcceb0820cb7d2ba27d27471,http://images.cocodataset.org/train2017/000000008794.jpg,http://images.cocodataset.org/train2017/000000008794.jpg,,http://images.cocodataset.org/train2017/000000008794.jpg,hflip,tier_c_v0.1,"{""algorithm"": ""PIL.Image.FLIP_LEFT_RIGHT applied AFTER uniform 392px long-side preprocessing"", ""axis"": ""visual"", ""condition"": ""hflip_flip"", ""law"": ""flip_expected"", ""relation_rule"": ""mirrored-axis left/right relations flip; vertical/depth relations invariant; no global label flip"", ""transform"": ""hflip""}",,"{""do_sample"": false, ""max_new_tokens"": 5}",tier_c_tierc_full,38ad6fbc3e13cd785730b656c19512866d0845fd,v0.1
vsr_test:1693,vsr_test:1693,test,hflip_flip,visual,The person is at the right side of the laptop.,The person is at the right side of the laptop.,at the right side of,horizontal,person,laptop,False,True,flip_expected,False,False, False.,Qwen/Qwen2-VL-7B-Instruct,,7B_hardneg_lora,/home/ubuntu/vlm-spatial-reasoning/checkpoints/qwen2vl_7b_hardneg_lora/final,"{""README.md"": ""ad67fbd14e29a7dae114b54d70c840eab4d917c7d4bbce31d8e923429325d12b"", ""adapter_config.json"": ""9c868e731d9e1e45f0f114c79b1eeca3c96b1d0d3a8f5f93d9ff5a73d690a9df"", ""adapter_model.safetensors"": ""aaad7a39d905ddffc323d02d3beb78717388f29dc19488b91eb5218f4814b697"", ""chat_template.jinja"": ""a0bc6f6fc7a29a80017a433e8f03a1cc1236e838a944a2d034295a60c4f2fddb"", ""processor_config.json"": ""edb8dd5001f02dd3a488fd63d664fcdc5514c4a93962bf1be534a0acf6e2c714"", ""tokenizer.json"": ""ff8cce547abc110590d19c6b5b6e0c6a7b4c8d1012d78b9c42131bae7f494a02"", ""tokenizer_config.json"": ""5afec58078ec072cdc9ad190a63c8657f9c47ec71068ff9c77423f1ea0422364""}",,7f29cebb9d06eca06ad0d6c690e4d5a083b71a9c42008f88e92474e3ff0eb98a,eb4075c77285da02c52794154760fa969fb21ab3dcceb0820cb7d2ba27d27471,http://images.cocodataset.org/train2017/000000504027.jpg,http://images.cocodataset.org/train2017/000000504027.jpg,,http://images.cocodataset.org/train2017/000000504027.jpg,hflip,tier_c_v0.1,"{""algorithm"": ""PIL.Image.FLIP_LEFT_RIGHT applied AFTER uniform 392px long-side preprocessing"", ""axis"": ""visual"", ""condition"": ""hflip_flip"", ""law"": ""flip_expected"", ""relation_rule"": ""mirrored-axis left/right relations flip; vertical/depth relations invariant; no global label flip"", ""transform"": ""hflip""}",,"{""do_sample"": false, ""max_new_tokens"": 5}",tier_c_tierc_full,38ad6fbc3e13cd785730b656c19512866d0845fd,v0.1
vsr_test:1698,vsr_test:1698,test,hflip_flip,visual,The dog is at the right side of the toilet.,The dog is at the right side of the toilet.,at the right side of,horizontal,dog,toilet,True,False,flip_expected,False,True, False.,Qwen/Qwen2-VL-7B-Instruct,,7B_hardneg_lora,/home/ubuntu/vlm-spatial-reasoning/checkpoints/qwen2vl_7b_hardneg_lora/final,"{""README.md"": ""ad67fbd14e29a7dae114b54d70c840eab4d917c7d4bbce31d8e923429325d12b"", ""adapter_config.json"": ""9c868e731d9e1e45f0f114c79b1eeca3c96b1d0d3a8f5f93d9ff5a73d690a9df"", ""adapter_model.safetensors"": ""aaad7a39d905ddffc323d02d3beb78717388f29dc19488b91eb5218f4814b697"", ""chat_template.jinja"": ""a0bc6f6fc7a29a80017a433e8f03a1cc1236e838a944a2d034295a60c4f2fddb"", ""processor_config.json"": ""edb8dd5001f02dd3a488fd63d664fcdc5514c4a93962bf1be534a0acf6e2c714"", ""tokenizer.json"": ""ff8cce547abc110590d19c6b5b6e0c6a7b4c8d1012d78b9c42131bae7f494a02"", ""tokenizer_config.json"": ""5afec58078ec072cdc9ad190a63c8657f9c47ec71068ff9c77423f1ea0422364""}",,7f29cebb9d06eca06ad0d6c690e4d5a083b71a9c42008f88e92474e3ff0eb98a,eb4075c77285da02c52794154760fa969fb21ab3dcceb0820cb7d2ba27d27471,http://images.cocodataset.org/train2017/000000039913.jpg,http://images.cocodataset.org/train2017/000000039913.jpg,,http://images.cocodataset.org/train2017/000000039913.jpg,hflip,tier_c_v0.1,"{""algorithm"": ""PIL.Image.FLIP_LEFT_RIGHT applied AFTER uniform 392px long-side preprocessing"", ""axis"": ""visual"", ""condition"": ""hflip_flip"", ""law"": ""flip_expected"", ""relation_rule"": ""mirrored-axis left/right relations flip; vertical/depth relations invariant; no global label flip"", ""transform"": ""hflip""}",,"{""do_sample"": false, ""max_new_tokens"": 5}",tier_c_tierc_full,38ad6fbc3e13cd785730b656c19512866d0845fd,v0.1
vsr_test:1703,vsr_test:1703,test,hflip_flip,visual,The person is at the left side of the oven.,The person is at the left side of the oven.,at the left side of,horizontal,person,oven,False,True,flip_expected,True,True, True,Qwen/Qwen2-VL-7B-Instruct,,7B_hardneg_lora,/home/ubuntu/vlm-spatial-reasoning/checkpoints/qwen2vl_7b_hardneg_lora/final,"{""README.md"": ""ad67fbd14e29a7dae114b54d70c840eab4d917c7d4bbce31d8e923429325d12b"", ""adapter_config.json"": ""9c868e731d9e1e45f0f114c79b1eeca3c96b1d0d3a8f5f93d9ff5a73d690a9df"", ""adapter_model.safetensors"": ""aaad7a39d905ddffc323d02d3beb78717388f29dc19488b91eb5218f4814b697"", ""chat_template.jinja"": ""a0bc6f6fc7a29a80017a433e8f03a1cc1236e838a944a2d034295a60c4f2fddb"", ""processor_config.json"": ""edb8dd5001f02dd3a488fd63d664fcdc5514c4a93962bf1be534a0acf6e2c714"", ""tokenizer.json"": ""ff8cce547abc110590d19c6b5b6e0c6a7b4c8d1012d78b9c42131bae7f494a02"", ""tokenizer_config.json"": ""5afec58078ec072cdc9ad190a63c8657f9c47ec71068ff9c77423f1ea0422364""}",,7f29cebb9d06eca06ad0d6c690e4d5a083b71a9c42008f88e92474e3ff0eb98a,eb4075c77285da02c52794154760fa969fb21ab3dcceb0820cb7d2ba27d27471,http://images.cocodataset.org/train2017/000000451274.jpg,http://images.cocodataset.org/train2017/000000451274.jpg,,http://images.cocodataset.org/train2017/000000451274.jpg,hflip,tier_c_v0.1,"{""algorithm"": ""PIL.Image.FLIP_LEFT_RIGHT applied AFTER uniform 392px long-side preprocessing"", ""axis"": ""visual"", ""condition"": ""hflip_flip"", ""law"": ""flip_expected"", ""relation_rule"": ""mirrored-axis left/right relations flip; vertical/depth relations invariant; no global label flip"", ""transform"": ""hflip""}",,"{""do_sample"": false, ""max_new_tokens"": 5}",tier_c_tierc_full,38ad6fbc3e13cd785730b656c19512866d0845fd,v0.1
vsr_test:1704,vsr_test:1704,test,hflip_flip,visual,The teddy bear is right of the dog.,The teddy bear is right of the dog.,right of,horizontal,teddy bear,,False,True,flip_expected,True,True, True.,Qwen/Qwen2-VL-7B-Instruct,,7B_hardneg_lora,/home/ubuntu/vlm-spatial-reasoning/checkpoints/qwen2vl_7b_hardneg_lora/final,"{""README.md"": ""ad67fbd14e29a7dae114b54d70c840eab4d917c7d4bbce31d8e923429325d12b"", ""adapter_config.json"": ""9c868e731d9e1e45f0f114c79b1eeca3c96b1d0d3a8f5f93d9ff5a73d690a9df"", ""adapter_model.safetensors"": ""aaad7a39d905ddffc323d02d3beb78717388f29dc19488b91eb5218f4814b697"", ""chat_template.jinja"": ""a0bc6f6fc7a29a80017a433e8f03a1cc1236e838a944a2d034295a60c4f2fddb"", ""processor_config.json"": ""edb8dd5001f02dd3a488fd63d664fcdc5514c4a93962bf1be534a0acf6e2c714"", ""tokenizer.json"": ""ff8cce547abc110590d19c6b5b6e0c6a7b4c8d1012d78b9c42131bae7f494a02"", ""tokenizer_config.json"": ""5afec58078ec072cdc9ad190a63c8657f9c47ec71068ff9c77423f1ea0422364""}",,7f29cebb9d06eca06ad0d6c690e4d5a083b71a9c42008f88e92474e3ff0eb98a,eb4075c77285da02c52794154760fa969fb21ab3dcceb0820cb7d2ba27d27471,http://images.cocodataset.org/train2017/000000529411.jpg,http://images.cocodataset.org/train2017/000000529411.jpg,,http://images.cocodataset.org/train2017/000000529411.jpg,hflip,tier_c_v0.1,"{""algorithm"": ""PIL.Image.FLIP_LEFT_RIGHT applied AFTER uniform 392px long-side preprocessing"", ""axis"": ""visual"", ""condition"": ""hflip_flip"", ""law"": ""flip_expected"", ""relation_rule"": ""mirrored-axis left/right relations flip; vertical/depth relations invariant; no global label flip"", ""transform"": ""hflip""}",,"{""do_sample"": false, ""max_new_tokens"": 5}",tier_c_tierc_full,38ad6fbc3e13cd785730b656c19512866d0845fd,v0.1
vsr_test:1712,vsr_test:1712,test,hflip_flip,visual,The dining table is left of the person.,The dining table is left of the person.,left of,horizontal,dining table,,True,False,flip_expected,False,True, False,Qwen/Qwen2-VL-7B-Instruct,,7B_hardneg_lora,/home/ubuntu/vlm-spatial-reasoning/checkpoints/qwen2vl_7b_hardneg_lora/final,"{""README.md"": ""ad67fbd14e29a7dae114b54d70c840eab4d917c7d4bbce31d8e923429325d12b"", ""adapter_config.json"": ""9c868e731d9e1e45f0f114c79b1eeca3c96b1d0d3a8f5f93d9ff5a73d690a9df"", ""adapter_model.safetensors"": ""aaad7a39d905ddffc323d02d3beb78717388f29dc19488b91eb5218f4814b697"", ""chat_template.jinja"": ""a0bc6f6fc7a29a80017a433e8f03a1cc1236e838a944a2d034295a60c4f2fddb"", ""processor_config.json"": ""edb8dd5001f02dd3a488fd63d664fcdc5514c4a93962bf1be534a0acf6e2c714"", ""tokenizer.json"": ""ff8cce547abc110590d19c6b5b6e0c6a7b4c8d1012d78b9c42131bae7f494a02"", ""tokenizer_config.json"": ""5afec58078ec072cdc9ad190a63c8657f9c47ec71068ff9c77423f1ea0422364""}",,7f29cebb9d06eca06ad0d6c690e4d5a083b71a9c42008f88e92474e3ff0eb98a,eb4075c77285da02c52794154760fa969fb21ab3dcceb0820cb7d2ba27d27471,http://images.cocodataset.org/train2017/000000570968.jpg,http://images.cocodataset.org/train2017/000000570968.jpg,,http://images.cocodataset.org/train2017/000000570968.jpg,hflip,tier_c_v0.1,"{""algorithm"": ""PIL.Image.FLIP_LEFT_RIGHT applied AFTER uniform 392px long-side preprocessing"", ""axis"": ""visual"", ""condition"": ""hflip_flip"", ""law"": ""flip_expected"", ""relation_rule"": ""mirrored-axis left/right relations flip; vertical/depth relations invariant; no global label flip"", ""transform"": ""hflip""}",,"{""do_sample"": false, ""max_new_tokens"": 5}",tier_c_tierc_full,38ad6fbc3e13cd785730b656c19512866d0845fd,v0.1
vsr_test:1741,vsr_test:1741,test,hflip_flip,visual,The chair is at the left side of the tv.,The chair is at the left side of the tv.,at the left side of,horizontal,chair,tv,False,True,flip_expected,True,True, True,Qwen/Qwen2-VL-7B-Instruct,,7B_hardneg_lora,/home/ubuntu/vlm-spatial-reasoning/checkpoints/qwen2vl_7b_hardneg_lora/final,"{""README.md"": ""ad67fbd14e29a7dae114b54d70c840eab4d917c7d4bbce31d8e923429325d12b"", ""adapter_config.json"": ""9c868e731d9e1e45f0f114c79b1eeca3c96b1d0d3a8f5f93d9ff5a73d690a9df"", ""adapter_model.safetensors"": ""aaad7a39d905ddffc323d02d3beb78717388f29dc19488b91eb5218f4814b697"", ""chat_template.jinja"": ""a0bc6f6fc7a29a80017a433e8f03a1cc1236e838a944a2d034295a60c4f2fddb"", ""processor_config.json"": ""edb8dd5001f02dd3a488fd63d664fcdc5514c4a93962bf1be534a0acf6e2c714"", ""tokenizer.json"": ""ff8cce547abc110590d19c6b5b6e0c6a7b4c8d1012d78b9c42131bae7f494a02"", ""tokenizer_config.json"": ""5afec58078ec072cdc9ad190a63c8657f9c47ec71068ff9c77423f1ea0422364""}",,7f29cebb9d06eca06ad0d6c690e4d5a083b71a9c42008f88e92474e3ff0eb98a,eb4075c77285da02c52794154760fa969fb21ab3dcceb0820cb7d2ba27d27471,http://images.cocodataset.org/train2017/000000058254.jpg,http://images.cocodataset.org/train2017/000000058254.jpg,,http://images.cocodataset.org/train2017/000000058254.jpg,hflip,tier_c_v0.1,"{""algorithm"": ""PIL.Image.FLIP_LEFT_RIGHT applied AFTER uniform 392px long-side preprocessing"", ""axis"": ""visual"", ""condition"": ""hflip_flip"", ""law"": ""flip_expected"", ""relation_rule"": ""mirrored-axis left/right relations flip; vertical/depth relations invariant; no global label flip"", ""transform"": ""hflip""}",,"{""do_sample"": false, ""max_new_tokens"": 5}",tier_c_tierc_full,38ad6fbc3e13cd785730b656c19512866d0845fd,v0.1
vsr_test:1747,vsr_test:1747,test,hflip_flip,visual,The dining table is at the left side of the person.,The dining table is at the left side of the person.,at the left side of,horizontal,dining table,person,True,False,flip_expected,False,True, False.,Qwen/Qwen2-VL-7B-Instruct,,7B_hardneg_lora,/home/ubuntu/vlm-spatial-reasoning/checkpoints/qwen2vl_7b_hardneg_lora/final,"{""README.md"": ""ad67fbd14e29a7dae114b54d70c840eab4d917c7d4bbce31d8e923429325d12b"", ""adapter_config.json"": ""9c868e731d9e1e45f0f114c79b1eeca3c96b1d0d3a8f5f93d9ff5a73d690a9df"", ""adapter_model.safetensors"": ""aaad7a39d905ddffc323d02d3beb78717388f29dc19488b91eb5218f4814b697"", ""chat_template.jinja"": ""a0bc6f6fc7a29a80017a433e8f03a1cc1236e838a944a2d034295a60c4f2fddb"", ""processor_config.json"": ""edb8dd5001f02dd3a488fd63d664fcdc5514c4a93962bf1be534a0acf6e2c714"", ""tokenizer.json"": ""ff8cce547abc110590d19c6b5b6e0c6a7b4c8d1012d78b9c42131bae7f494a02"", ""tokenizer_config.json"": ""5afec58078ec072cdc9ad190a63c8657f9c47ec71068ff9c77423f1ea0422364""}",,7f29cebb9d06eca06ad0d6c690e4d5a083b71a9c42008f88e92474e3ff0eb98a,eb4075c77285da02c52794154760fa969fb21ab3dcceb0820cb7d2ba27d27471,http://images.cocodataset.org/train2017/000000451240.jpg,http://images.cocodataset.org/train2017/000000451240.jpg,,http://images.cocodataset.org/train2017/000000451240.jpg,hflip,tier_c_v0.1,"{""algorithm"": ""PIL.Image.FLIP_LEFT_RIGHT applied AFTER uniform 392px long-side preprocessing"", ""axis"": ""visual"", ""condition"": ""hflip_flip"", ""law"": ""flip_expected"", ""relation_rule"": ""mirrored-axis left/right relations flip; vertical/depth relations invariant; no global label flip"", ""transform"": ""hflip""}",,"{""do_sample"": false, ""max_new_tokens"": 5}",tier_c_tierc_full,38ad6fbc3e13cd785730b656c19512866d0845fd,v0.1
vsr_test:1767,vsr_test:1767,test,hflip_flip,visual,The keyboard is left of the cat.,The keyboard is left of the cat.,left of,horizontal,keyboard,,True,False,flip_expected,False,True, False.,Qwen/Qwen2-VL-7B-Instruct,,7B_hardneg_lora,/home/ubuntu/vlm-spatial-reasoning/checkpoints/qwen2vl_7b_hardneg_lora/final,"{""README.md"": ""ad67fbd14e29a7dae114b54d70c840eab4d917c7d4bbce31d8e923429325d12b"", ""adapter_config.json"": ""9c868e731d9e1e45f0f114c79b1eeca3c96b1d0d3a8f5f93d9ff5a73d690a9df"", ""adapter_model.safetensors"": ""aaad7a39d905ddffc323d02d3beb78717388f29dc19488b91eb5218f4814b697"", ""chat_template.jinja"": ""a0bc6f6fc7a29a80017a433e8f03a1cc1236e838a944a2d034295a60c4f2fddb"", ""processor_config.json"": ""edb8dd5001f02dd3a488fd63d664fcdc5514c4a93962bf1be534a0acf6e2c714"", ""tokenizer.json"": ""ff8cce547abc110590d19c6b5b6e0c6a7b4c8d1012d78b9c42131bae7f494a02"", ""tokenizer_config.json"": ""5afec58078ec072cdc9ad190a63c8657f9c47ec71068ff9c77423f1ea0422364""}",,7f29cebb9d06eca06ad0d6c690e4d5a083b71a9c42008f88e92474e3ff0eb98a,eb4075c77285da02c52794154760fa969fb21ab3dcceb0820cb7d2ba27d27471,http://images.cocodataset.org/train2017/000000501278.jpg,http://images.cocodataset.org/train2017/000000501278.jpg,,http://images.cocodataset.org/train2017/000000501278.jpg,hflip,tier_c_v0.1,"{""algorithm"": ""PIL.Image.FLIP_LEFT_RIGHT applied AFTER uniform 392px long-side preprocessing"", ""axis"": ""visual"", ""condition"": ""hflip_flip"", ""law"": ""flip_expected"", ""relation_rule"": ""mirrored-axis left/right relations flip; vertical/depth relations invariant; no global label flip"", ""transform"": ""hflip""}",,"{""do_sample"": false, ""max_new_tokens"": 5}",tier_c_tierc_full,38ad6fbc3e13cd785730b656c19512866d0845fd,v0.1
vsr_test:1791,vsr_test:1791,test,hflip_flip,visual,The teddy bear is at the left side of the dog.,The teddy bear is at the left side of the dog.,at the left side of,horizontal,teddy bear,dog,False,True,flip_expected,False,False, False.,Qwen/Qwen2-VL-7B-Instruct,,7B_hardneg_lora,/home/ubuntu/vlm-spatial-reasoning/checkpoints/qwen2vl_7b_hardneg_lora/final,"{""README.md"": ""ad67fbd14e29a7dae114b54d70c840eab4d917c7d4bbce31d8e923429325d12b"", ""adapter_config.json"": ""9c868e731d9e1e45f0f114c79b1eeca3c96b1d0d3a8f5f93d9ff5a73d690a9df"", ""adapter_model.safetensors"": ""aaad7a39d905ddffc323d02d3beb78717388f29dc19488b91eb5218f4814b697"", ""chat_template.jinja"": ""a0bc6f6fc7a29a80017a433e8f03a1cc1236e838a944a2d034295a60c4f2fddb"", ""processor_config.json"": ""edb8dd5001f02dd3a488fd63d664fcdc5514c4a93962bf1be534a0acf6e2c714"", ""tokenizer.json"": ""ff8cce547abc110590d19c6b5b6e0c6a7b4c8d1012d78b9c42131bae7f494a02"", ""tokenizer_config.json"": ""5afec58078ec072cdc9ad190a63c8657f9c47ec71068ff9c77423f1ea0422364""}",,7f29cebb9d06eca06ad0d6c690e4d5a083b71a9c42008f88e92474e3ff0eb98a,eb4075c77285da02c52794154760fa969fb21ab3dcceb0820cb7d2ba27d27471,http://images.cocodataset.org/train2017/000000463670.jpg,http://images.cocodataset.org/train2017/000000463670.jpg,,http://images.cocodataset.org/train2017/000000463670.jpg,hflip,tier_c_v0.1,"{""algorithm"": ""PIL.Image.FLIP_LEFT_RIGHT applied AFTER uniform 392px long-side preprocessing"", ""axis"": ""visual"", ""condition"": ""hflip_flip"", ""law"": ""flip_expected"", ""relation_rule"": ""mirrored-axis left/right relations flip; vertical/depth relations invariant; no global label flip"", ""transform"": ""hflip""}",,"{""do_sample"": false, ""max_new_tokens"": 5}",tier_c_tierc_full,38ad6fbc3e13cd785730b656c19512866d0845fd,v0.1
vsr_test:1795,vsr_test:1795,test,hflip_flip,visual,The bench is at the left side of the cat.,The bench is at the left side of the cat.,at the left side of,horizontal,bench,cat,False,True,flip_expected,False,False, False.,Qwen/Qwen2-VL-7B-Instruct,,7B_hardneg_lora,/home/ubuntu/vlm-spatial-reasoning/checkpoints/qwen2vl_7b_hardneg_lora/final,"{""README.md"": ""ad67fbd14e29a7dae114b54d70c840eab4d917c7d4bbce31d8e923429325d12b"", ""adapter_config.json"": ""9c868e731d9e1e45f0f114c79b1eeca3c96b1d0d3a8f5f93d9ff5a73d690a9df"", ""adapter_model.safetensors"": ""aaad7a39d905ddffc323d02d3beb78717388f29dc19488b91eb5218f4814b697"", ""chat_template.jinja"": ""a0bc6f6fc7a29a80017a433e8f03a1cc1236e838a944a2d034295a60c4f2fddb"", ""processor_config.json"": ""edb8dd5001f02dd3a488fd63d664fcdc5514c4a93962bf1be534a0acf6e2c714"", ""tokenizer.json"": ""ff8cce547abc110590d19c6b5b6e0c6a7b4c8d1012d78b9c42131bae7f494a02"", ""tokenizer_config.json"": ""5afec58078ec072cdc9ad190a63c8657f9c47ec71068ff9c77423f1ea0422364""}",,7f29cebb9d06eca06ad0d6c690e4d5a083b71a9c42008f88e92474e3ff0eb98a,eb4075c77285da02c52794154760fa969fb21ab3dcceb0820cb7d2ba27d27471,http://images.cocodataset.org/train2017/000000411668.jpg,http://images.cocodataset.org/train2017/000000411668.jpg,,http://images.cocodataset.org/train2017/000000411668.jpg,hflip,tier_c_v0.1,"{""algorithm"": ""PIL.Image.FLIP_LEFT_RIGHT applied AFTER uniform 392px long-side preprocessing"", ""axis"": ""visual"", ""condition"": ""hflip_flip"", ""law"": ""flip_expected"", ""relation_rule"": ""mirrored-axis left/right relations flip; vertical/depth relations invariant; no global label flip"", ""transform"": ""hflip""}",,"{""do_sample"": false, ""max_new_tokens"": 5}",tier_c_tierc_full,38ad6fbc3e13cd785730b656c19512866d0845fd,v0.1
vsr_test:1818,vsr_test:1818,test,hflip_flip,visual,The zebra is at the left side of the person.,The zebra is at the left side of the person.,at the left side of,horizontal,zebra,person,True,False,flip_expected,False,True, False.,Qwen/Qwen2-VL-7B-Instruct,,7B_hardneg_lora,/home/ubuntu/vlm-spatial-reasoning/checkpoints/qwen2vl_7b_hardneg_lora/final,"{""README.md"": ""ad67fbd14e29a7dae114b54d70c840eab4d917c7d4bbce31d8e923429325d12b"", ""adapter_config.json"": ""9c868e731d9e1e45f0f114c79b1eeca3c96b1d0d3a8f5f93d9ff5a73d690a9df"", ""adapter_model.safetensors"": ""aaad7a39d905ddffc323d02d3beb78717388f29dc19488b91eb5218f4814b697"", ""chat_template.jinja"": ""a0bc6f6fc7a29a80017a433e8f03a1cc1236e838a944a2d034295a60c4f2fddb"", ""processor_config.json"": ""edb8dd5001f02dd3a488fd63d664fcdc5514c4a93962bf1be534a0acf6e2c714"", ""tokenizer.json"": ""ff8cce547abc110590d19c6b5b6e0c6a7b4c8d1012d78b9c42131bae7f494a02"", ""tokenizer_config.json"": ""5afec58078ec072cdc9ad190a63c8657f9c47ec71068ff9c77423f1ea0422364""}",,7f29cebb9d06eca06ad0d6c690e4d5a083b71a9c42008f88e92474e3ff0eb98a,eb4075c77285da02c52794154760fa969fb21ab3dcceb0820cb7d2ba27d27471,http://images.cocodataset.org/train2017/000000171805.jpg,http://images.cocodataset.org/train2017/000000171805.jpg,,http://images.cocodataset.org/train2017/000000171805.jpg,hflip,tier_c_v0.1,"{""algorithm"": ""PIL.Image.FLIP_LEFT_RIGHT applied AFTER uniform 392px long-side preprocessing"", ""axis"": ""visual"", ""condition"": ""hflip_flip"", ""law"": ""flip_expected"", ""relation_rule"": ""mirrored-axis left/right relations flip; vertical/depth relations invariant; no global label flip"", ""transform"": ""hflip""}",,"{""do_sample"": false, ""max_new_tokens"": 5}",tier_c_tierc_full,38ad6fbc3e13cd785730b656c19512866d0845fd,v0.1
vsr_test:1826,vsr_test:1826,test,hflip_flip,visual,The banana is at the left side of the donut.,The banana is at the left side of the donut.,at the left side of,horizontal,banana,donut,True,False,flip_expected,False,True, False,Qwen/Qwen2-VL-7B-Instruct,,7B_hardneg_lora,/home/ubuntu/vlm-spatial-reasoning/checkpoints/qwen2vl_7b_hardneg_lora/final,"{""README.md"": ""ad67fbd14e29a7dae114b54d70c840eab4d917c7d4bbce31d8e923429325d12b"", ""adapter_config.json"": ""9c868e731d9e1e45f0f114c79b1eeca3c96b1d0d3a8f5f93d9ff5a73d690a9df"", ""adapter_model.safetensors"": ""aaad7a39d905ddffc323d02d3beb78717388f29dc19488b91eb5218f4814b697"", ""chat_template.jinja"": ""a0bc6f6fc7a29a80017a433e8f03a1cc1236e838a944a2d034295a60c4f2fddb"", ""processor_config.json"": ""edb8dd5001f02dd3a488fd63d664fcdc5514c4a93962bf1be534a0acf6e2c714"", ""tokenizer.json"": ""ff8cce547abc110590d19c6b5b6e0c6a7b4c8d1012d78b9c42131bae7f494a02"", ""tokenizer_config.json"": ""5afec58078ec072cdc9ad190a63c8657f9c47ec71068ff9c77423f1ea0422364""}",,7f29cebb9d06eca06ad0d6c690e4d5a083b71a9c42008f88e92474e3ff0eb98a,eb4075c77285da02c52794154760fa969fb21ab3dcceb0820cb7d2ba27d27471,http://images.cocodataset.org/train2017/000000535013.jpg,http://images.cocodataset.org/train2017/000000535013.jpg,,http://images.cocodataset.org/train2017/000000535013.jpg,hflip,tier_c_v0.1,"{""algorithm"": ""PIL.Image.FLIP_LEFT_RIGHT applied AFTER uniform 392px long-side preprocessing"", ""axis"": ""visual"", ""condition"": ""hflip_flip"", ""law"": ""flip_expected"", ""relation_rule"": ""mirrored-axis left/right relations flip; vertical/depth relations invariant; no global label flip"", ""transform"": ""hflip""}",,"{""do_sample"": false, ""max_new_tokens"": 5}",tier_c_tierc_full,38ad6fbc3e13cd785730b656c19512866d0845fd,v0.1
vsr_test:1829,vsr_test:1829,test,hflip_flip,visual,The giraffe is at the right side of the person.,The giraffe is at the right side of the person.,at the right side of,horizontal,giraffe,person,True,False,flip_expected,False,True, False.,Qwen/Qwen2-VL-7B-Instruct,,7B_hardneg_lora,/home/ubuntu/vlm-spatial-reasoning/checkpoints/qwen2vl_7b_hardneg_lora/final,"{""README.md"": ""ad67fbd14e29a7dae114b54d70c840eab4d917c7d4bbce31d8e923429325d12b"", ""adapter_config.json"": ""9c868e731d9e1e45f0f114c79b1eeca3c96b1d0d3a8f5f93d9ff5a73d690a9df"", ""adapter_model.safetensors"": ""aaad7a39d905ddffc323d02d3beb78717388f29dc19488b91eb5218f4814b697"", ""chat_template.jinja"": ""a0bc6f6fc7a29a80017a433e8f03a1cc1236e838a944a2d034295a60c4f2fddb"", ""processor_config.json"": ""edb8dd5001f02dd3a488fd63d664fcdc5514c4a93962bf1be534a0acf6e2c714"", ""tokenizer.json"": ""ff8cce547abc110590d19c6b5b6e0c6a7b4c8d1012d78b9c42131bae7f494a02"", ""tokenizer_config.json"": ""5afec58078ec072cdc9ad190a63c8657f9c47ec71068ff9c77423f1ea0422364""}",,7f29cebb9d06eca06ad0d6c690e4d5a083b71a9c42008f88e92474e3ff0eb98a,eb4075c77285da02c52794154760fa969fb21ab3dcceb0820cb7d2ba27d27471,http://images.cocodataset.org/train2017/000000517318.jpg,http://images.cocodataset.org/train2017/000000517318.jpg,,http://images.cocodataset.org/train2017/000000517318.jpg,hflip,tier_c_v0.1,"{""algorithm"": ""PIL.Image.FLIP_LEFT_RIGHT applied AFTER uniform 392px long-side preprocessing"", ""axis"": ""visual"", ""condition"": ""hflip_flip"", ""law"": ""flip_expected"", ""relation_rule"": ""mirrored-axis left/right relations flip; vertical/depth relations invariant; no global label flip"", ""transform"": ""hflip""}",,"{""do_sample"": false, ""max_new_tokens"": 5}",tier_c_tierc_full,38ad6fbc3e13cd785730b656c19512866d0845fd,v0.1
vsr_test:1833,vsr_test:1833,test,hflip_flip,visual,The person is at the right side of the bench.,The person is at the right side of the bench.,at the right side of,horizontal,person,bench,False,True,flip_expected,True,True, True,Qwen/Qwen2-VL-7B-Instruct,,7B_hardneg_lora,/home/ubuntu/vlm-spatial-reasoning/checkpoints/qwen2vl_7b_hardneg_lora/final,"{""README.md"": ""ad67fbd14e29a7dae114b54d70c840eab4d917c7d4bbce31d8e923429325d12b"", ""adapter_config.json"": ""9c868e731d9e1e45f0f114c79b1eeca3c96b1d0d3a8f5f93d9ff5a73d690a9df"", ""adapter_model.safetensors"": ""aaad7a39d905ddffc323d02d3beb78717388f29dc19488b91eb5218f4814b697"", ""chat_template.jinja"": ""a0bc6f6fc7a29a80017a433e8f03a1cc1236e838a944a2d034295a60c4f2fddb"", ""processor_config.json"": ""edb8dd5001f02dd3a488fd63d664fcdc5514c4a93962bf1be534a0acf6e2c714"", ""tokenizer.json"": ""ff8cce547abc110590d19c6b5b6e0c6a7b4c8d1012d78b9c42131bae7f494a02"", ""tokenizer_config.json"": ""5afec58078ec072cdc9ad190a63c8657f9c47ec71068ff9c77423f1ea0422364""}",,7f29cebb9d06eca06ad0d6c690e4d5a083b71a9c42008f88e92474e3ff0eb98a,eb4075c77285da02c52794154760fa969fb21ab3dcceb0820cb7d2ba27d27471,http://images.cocodataset.org/train2017/000000574804.jpg,http://images.cocodataset.org/train2017/000000574804.jpg,,http://images.cocodataset.org/train2017/000000574804.jpg,hflip,tier_c_v0.1,"{""algorithm"": ""PIL.Image.FLIP_LEFT_RIGHT applied AFTER uniform 392px long-side preprocessing"", ""axis"": ""visual"", ""condition"": ""hflip_flip"", ""law"": ""flip_expected"", ""relation_rule"": ""mirrored-axis left/right relations flip; vertical/depth relations invariant; no global label flip"", ""transform"": ""hflip""}",,"{""do_sample"": false, ""max_new_tokens"": 5}",tier_c_tierc_full,38ad6fbc3e13cd785730b656c19512866d0845fd,v0.1
vsr_test:1860,vsr_test:1860,test,hflip_flip,visual,The apple is at the left side of the person.,The apple is at the left side of the person.,at the left side of,horizontal,apple,person,True,False,flip_expected,True,False, True,Qwen/Qwen2-VL-7B-Instruct,,7B_hardneg_lora,/home/ubuntu/vlm-spatial-reasoning/checkpoints/qwen2vl_7b_hardneg_lora/final,"{""README.md"": ""ad67fbd14e29a7dae114b54d70c840eab4d917c7d4bbce31d8e923429325d12b"", ""adapter_config.json"": ""9c868e731d9e1e45f0f114c79b1eeca3c96b1d0d3a8f5f93d9ff5a73d690a9df"", ""adapter_model.safetensors"": ""aaad7a39d905ddffc323d02d3beb78717388f29dc19488b91eb5218f4814b697"", ""chat_template.jinja"": ""a0bc6f6fc7a29a80017a433e8f03a1cc1236e838a944a2d034295a60c4f2fddb"", ""processor_config.json"": ""edb8dd5001f02dd3a488fd63d664fcdc5514c4a93962bf1be534a0acf6e2c714"", ""tokenizer.json"": ""ff8cce547abc110590d19c6b5b6e0c6a7b4c8d1012d78b9c42131bae7f494a02"", ""tokenizer_config.json"": ""5afec58078ec072cdc9ad190a63c8657f9c47ec71068ff9c77423f1ea0422364""}",,7f29cebb9d06eca06ad0d6c690e4d5a083b71a9c42008f88e92474e3ff0eb98a,eb4075c77285da02c52794154760fa969fb21ab3dcceb0820cb7d2ba27d27471,http://images.cocodataset.org/val2017/000000473406.jpg,http://images.cocodataset.org/val2017/000000473406.jpg,,http://images.cocodataset.org/val2017/000000473406.jpg,hflip,tier_c_v0.1,"{""algorithm"": ""PIL.Image.FLIP_LEFT_RIGHT applied AFTER uniform 392px long-side preprocessing"", ""axis"": ""visual"", ""condition"": ""hflip_flip"", ""law"": ""flip_expected"", ""relation_rule"": ""mirrored-axis left/right relations flip; vertical/depth relations invariant; no global label flip"", ""transform"": ""hflip""}",,"{""do_sample"": false, ""max_new_tokens"": 5}",tier_c_tierc_full,38ad6fbc3e13cd785730b656c19512866d0845fd,v0.1
vsr_test:1865,vsr_test:1865,test,hflip_flip,visual,The person is at the right side of the pizza.,The person is at the right side of the pizza.,at the right side of,horizontal,person,pizza,True,False,flip_expected,False,True, False,Qwen/Qwen2-VL-7B-Instruct,,7B_hardneg_lora,/home/ubuntu/vlm-spatial-reasoning/checkpoints/qwen2vl_7b_hardneg_lora/final,"{""README.md"": ""ad67fbd14e29a7dae114b54d70c840eab4d917c7d4bbce31d8e923429325d12b"", ""adapter_config.json"": ""9c868e731d9e1e45f0f114c79b1eeca3c96b1d0d3a8f5f93d9ff5a73d690a9df"", ""adapter_model.safetensors"": ""aaad7a39d905ddffc323d02d3beb78717388f29dc19488b91eb5218f4814b697"", ""chat_template.jinja"": ""a0bc6f6fc7a29a80017a433e8f03a1cc1236e838a944a2d034295a60c4f2fddb"", ""processor_config.json"": ""edb8dd5001f02dd3a488fd63d664fcdc5514c4a93962bf1be534a0acf6e2c714"", ""tokenizer.json"": ""ff8cce547abc110590d19c6b5b6e0c6a7b4c8d1012d78b9c42131bae7f494a02"", ""tokenizer_config.json"": ""5afec58078ec072cdc9ad190a63c8657f9c47ec71068ff9c77423f1ea0422364""}",,7f29cebb9d06eca06ad0d6c690e4d5a083b71a9c42008f88e92474e3ff0eb98a,eb4075c77285da02c52794154760fa969fb21ab3dcceb0820cb7d2ba27d27471,http://images.cocodataset.org/train2017/000000072536.jpg,http://images.cocodataset.org/train2017/000000072536.jpg,,http://images.cocodataset.org/train2017/000000072536.jpg,hflip,tier_c_v0.1,"{""algorithm"": ""PIL.Image.FLIP_LEFT_RIGHT applied AFTER uniform 392px long-side preprocessing"", ""axis"": ""visual"", ""condition"": ""hflip_flip"", ""law"": ""flip_expected"", ""relation_rule"": ""mirrored-axis left/right relations flip; vertical/depth relations invariant; no global label flip"", ""transform"": ""hflip""}",,"{""do_sample"": false, ""max_new_tokens"": 5}",tier_c_tierc_full,38ad6fbc3e13cd785730b656c19512866d0845fd,v0.1
vsr_test:1876,vsr_test:1876,test,hflip_flip,visual,The person is right of the keyboard.,The person is right of the keyboard.,right of,horizontal,person,,False,True,flip_expected,False,False, False.,Qwen/Qwen2-VL-7B-Instruct,,7B_hardneg_lora,/home/ubuntu/vlm-spatial-reasoning/checkpoints/qwen2vl_7b_hardneg_lora/final,"{""README.md"": ""ad67fbd14e29a7dae114b54d70c840eab4d917c7d4bbce31d8e923429325d12b"", ""adapter_config.json"": ""9c868e731d9e1e45f0f114c79b1eeca3c96b1d0d3a8f5f93d9ff5a73d690a9df"", ""adapter_model.safetensors"": ""aaad7a39d905ddffc323d02d3beb78717388f29dc19488b91eb5218f4814b697"", ""chat_template.jinja"": ""a0bc6f6fc7a29a80017a433e8f03a1cc1236e838a944a2d034295a60c4f2fddb"", ""processor_config.json"": ""edb8dd5001f02dd3a488fd63d664fcdc5514c4a93962bf1be534a0acf6e2c714"", ""tokenizer.json"": ""ff8cce547abc110590d19c6b5b6e0c6a7b4c8d1012d78b9c42131bae7f494a02"", ""tokenizer_config.json"": ""5afec58078ec072cdc9ad190a63c8657f9c47ec71068ff9c77423f1ea0422364""}",,7f29cebb9d06eca06ad0d6c690e4d5a083b71a9c42008f88e92474e3ff0eb98a,eb4075c77285da02c52794154760fa969fb21ab3dcceb0820cb7d2ba27d27471,http://images.cocodataset.org/train2017/000000499024.jpg,http://images.cocodataset.org/train2017/000000499024.jpg,,http://images.cocodataset.org/train2017/000000499024.jpg,hflip,tier_c_v0.1,"{""algorithm"": ""PIL.Image.FLIP_LEFT_RIGHT applied AFTER uniform 392px long-side preprocessing"", ""axis"": ""visual"", ""condition"": ""hflip_flip"", ""law"": ""flip_expected"", ""relation_rule"": ""mirrored-axis left/right relations flip; vertical/depth relations invariant; no global label flip"", ""transform"": ""hflip""}",,"{""do_sample"": false, ""max_new_tokens"": 5}",tier_c_tierc_full,38ad6fbc3e13cd785730b656c19512866d0845fd,v0.1
vsr_test:1897,vsr_test:1897,test,hflip_flip,visual,The bed is at the right side of the surfboard.,The bed is at the right side of the surfboard.,at the right side of,horizontal,bed,surfboard,True,False,flip_expected,False,True, False,Qwen/Qwen2-VL-7B-Instruct,,7B_hardneg_lora,/home/ubuntu/vlm-spatial-reasoning/checkpoints/qwen2vl_7b_hardneg_lora/final,"{""README.md"": ""ad67fbd14e29a7dae114b54d70c840eab4d917c7d4bbce31d8e923429325d12b"", ""adapter_config.json"": ""9c868e731d9e1e45f0f114c79b1eeca3c96b1d0d3a8f5f93d9ff5a73d690a9df"", ""adapter_model.safetensors"": ""aaad7a39d905ddffc323d02d3beb78717388f29dc19488b91eb5218f4814b697"", ""chat_template.jinja"": ""a0bc6f6fc7a29a80017a433e8f03a1cc1236e838a944a2d034295a60c4f2fddb"", ""processor_config.json"": ""edb8dd5001f02dd3a488fd63d664fcdc5514c4a93962bf1be534a0acf6e2c714"", ""tokenizer.json"": ""ff8cce547abc110590d19c6b5b6e0c6a7b4c8d1012d78b9c42131bae7f494a02"", ""tokenizer_config.json"": ""5afec58078ec072cdc9ad190a63c8657f9c47ec71068ff9c77423f1ea0422364""}",,7f29cebb9d06eca06ad0d6c690e4d5a083b71a9c42008f88e92474e3ff0eb98a,eb4075c77285da02c52794154760fa969fb21ab3dcceb0820cb7d2ba27d27471,http://images.cocodataset.org/train2017/000000016458.jpg,http://images.cocodataset.org/train2017/000000016458.jpg,,http://images.cocodataset.org/train2017/000000016458.jpg,hflip,tier_c_v0.1,"{""algorithm"": ""PIL.Image.FLIP_LEFT_RIGHT applied AFTER uniform 392px long-side preprocessing"", ""axis"": ""visual"", ""condition"": ""hflip_flip"", ""law"": ""flip_expected"", ""relation_rule"": ""mirrored-axis left/right relations flip; vertical/depth relations invariant; no global label flip"", ""transform"": ""hflip""}",,"{""do_sample"": false, ""max_new_tokens"": 5}",tier_c_tierc_full,38ad6fbc3e13cd785730b656c19512866d0845fd,v0.1
vsr_test:1937,vsr_test:1937,test,hflip_flip,visual,The orange is at the right side of the umbrella.,The orange is at the right side of the umbrella.,at the right side of,horizontal,orange,umbrella,False,True,flip_expected,False,False, False.,Qwen/Qwen2-VL-7B-Instruct,,7B_hardneg_lora,/home/ubuntu/vlm-spatial-reasoning/checkpoints/qwen2vl_7b_hardneg_lora/final,"{""README.md"": ""ad67fbd14e29a7dae114b54d70c840eab4d917c7d4bbce31d8e923429325d12b"", ""adapter_config.json"": ""9c868e731d9e1e45f0f114c79b1eeca3c96b1d0d3a8f5f93d9ff5a73d690a9df"", ""adapter_model.safetensors"": ""aaad7a39d905ddffc323d02d3beb78717388f29dc19488b91eb5218f4814b697"", ""chat_template.jinja"": ""a0bc6f6fc7a29a80017a433e8f03a1cc1236e838a944a2d034295a60c4f2fddb"", ""processor_config.json"": ""edb8dd5001f02dd3a488fd63d664fcdc5514c4a93962bf1be534a0acf6e2c714"", ""tokenizer.json"": ""ff8cce547abc110590d19c6b5b6e0c6a7b4c8d1012d78b9c42131bae7f494a02"", ""tokenizer_config.json"": ""5afec58078ec072cdc9ad190a63c8657f9c47ec71068ff9c77423f1ea0422364""}",,7f29cebb9d06eca06ad0d6c690e4d5a083b71a9c42008f88e92474e3ff0eb98a,eb4075c77285da02c52794154760fa969fb21ab3dcceb0820cb7d2ba27d27471,http://images.cocodataset.org/train2017/000000423065.jpg,http://images.cocodataset.org/train2017/000000423065.jpg,,http://images.cocodataset.org/train2017/000000423065.jpg,hflip,tier_c_v0.1,"{""algorithm"": ""PIL.Image.FLIP_LEFT_RIGHT applied AFTER uniform 392px long-side preprocessing"", ""axis"": ""visual"", ""condition"": ""hflip_flip"", ""law"": ""flip_expected"", ""relation_rule"": ""mirrored-axis left/right relations flip; vertical/depth relations invariant; no global label flip"", ""transform"": ""hflip""}",,"{""do_sample"": false, ""max_new_tokens"": 5}",tier_c_tierc_full,38ad6fbc3e13cd785730b656c19512866d0845fd,v0.1
vsr_test:1951,vsr_test:1951,test,hflip_flip,visual,The person is at the left side of the couch.,The person is at the left side of the couch.,at the left side of,horizontal,person,couch,False,True,flip_expected,True,True, True.,Qwen/Qwen2-VL-7B-Instruct,,7B_hardneg_lora,/home/ubuntu/vlm-spatial-reasoning/checkpoints/qwen2vl_7b_hardneg_lora/final,"{""README.md"": ""ad67fbd14e29a7dae114b54d70c840eab4d917c7d4bbce31d8e923429325d12b"", ""adapter_config.json"": ""9c868e731d9e1e45f0f114c79b1eeca3c96b1d0d3a8f5f93d9ff5a73d690a9df"", ""adapter_model.safetensors"": ""aaad7a39d905ddffc323d02d3beb78717388f29dc19488b91eb5218f4814b697"", ""chat_template.jinja"": ""a0bc6f6fc7a29a80017a433e8f03a1cc1236e838a944a2d034295a60c4f2fddb"", ""processor_config.json"": ""edb8dd5001f02dd3a488fd63d664fcdc5514c4a93962bf1be534a0acf6e2c714"", ""tokenizer.json"": ""ff8cce547abc110590d19c6b5b6e0c6a7b4c8d1012d78b9c42131bae7f494a02"", ""tokenizer_config.json"": ""5afec58078ec072cdc9ad190a63c8657f9c47ec71068ff9c77423f1ea0422364""}",,7f29cebb9d06eca06ad0d6c690e4d5a083b71a9c42008f88e92474e3ff0eb98a,eb4075c77285da02c52794154760fa969fb21ab3dcceb0820cb7d2ba27d27471,http://images.cocodataset.org/train2017/000000209493.jpg,http://images.cocodataset.org/train2017/000000209493.jpg,,http://images.cocodataset.org/train2017/000000209493.jpg,hflip,tier_c_v0.1,"{""algorithm"": ""PIL.Image.FLIP_LEFT_RIGHT applied AFTER uniform 392px long-side preprocessing"", ""axis"": ""visual"", ""condition"": ""hflip_flip"", ""law"": ""flip_expected"", ""relation_rule"": ""mirrored-axis left/right relations flip; vertical/depth relations invariant; no global label flip"", ""transform"": ""hflip""}",,"{""do_sample"": false, ""max_new_tokens"": 5}",tier_c_tierc_full,38ad6fbc3e13cd785730b656c19512866d0845fd,v0.1
vsr_test:1954,vsr_test:1954,test,hflip_flip,visual,The carrot is at the left side of the cat.,The carrot is at the left side of the cat.,at the left side of,horizontal,carrot,cat,False,True,flip_expected,False,False, False.,Qwen/Qwen2-VL-7B-Instruct,,7B_hardneg_lora,/home/ubuntu/vlm-spatial-reasoning/checkpoints/qwen2vl_7b_hardneg_lora/final,"{""README.md"": ""ad67fbd14e29a7dae114b54d70c840eab4d917c7d4bbce31d8e923429325d12b"", ""adapter_config.json"": ""9c868e731d9e1e45f0f114c79b1eeca3c96b1d0d3a8f5f93d9ff5a73d690a9df"", ""adapter_model.safetensors"": ""aaad7a39d905ddffc323d02d3beb78717388f29dc19488b91eb5218f4814b697"", ""chat_template.jinja"": ""a0bc6f6fc7a29a80017a433e8f03a1cc1236e838a944a2d034295a60c4f2fddb"", ""processor_config.json"": ""edb8dd5001f02dd3a488fd63d664fcdc5514c4a93962bf1be534a0acf6e2c714"", ""tokenizer.json"": ""ff8cce547abc110590d19c6b5b6e0c6a7b4c8d1012d78b9c42131bae7f494a02"", ""tokenizer_config.json"": ""5afec58078ec072cdc9ad190a63c8657f9c47ec71068ff9c77423f1ea0422364""}",,7f29cebb9d06eca06ad0d6c690e4d5a083b71a9c42008f88e92474e3ff0eb98a,eb4075c77285da02c52794154760fa969fb21ab3dcceb0820cb7d2ba27d27471,http://images.cocodataset.org/train2017/000000249644.jpg,http://images.cocodataset.org/train2017/000000249644.jpg,,http://images.cocodataset.org/train2017/000000249644.jpg,hflip,tier_c_v0.1,"{""algorithm"": ""PIL.Image.FLIP_LEFT_RIGHT applied AFTER uniform 392px long-side preprocessing"", ""axis"": ""visual"", ""condition"": ""hflip_flip"", ""law"": ""flip_expected"", ""relation_rule"": ""mirrored-axis left/right relations flip; vertical/depth relations invariant; no global label flip"", ""transform"": ""hflip""}",,"{""do_sample"": false, ""max_new_tokens"": 5}",tier_c_tierc_full,38ad6fbc3e13cd785730b656c19512866d0845fd,v0.1
vsr_test:1956,vsr_test:1956,test,hflip_flip,visual,The laptop is at the right side of the person.,The laptop is at the right side of the person.,at the right side of,horizontal,laptop,person,False,True,flip_expected,True,True, True,Qwen/Qwen2-VL-7B-Instruct,,7B_hardneg_lora,/home/ubuntu/vlm-spatial-reasoning/checkpoints/qwen2vl_7b_hardneg_lora/final,"{""README.md"": ""ad67fbd14e29a7dae114b54d70c840eab4d917c7d4bbce31d8e923429325d12b"", ""adapter_config.json"": ""9c868e731d9e1e45f0f114c79b1eeca3c96b1d0d3a8f5f93d9ff5a73d690a9df"", ""adapter_model.safetensors"": ""aaad7a39d905ddffc323d02d3beb78717388f29dc19488b91eb5218f4814b697"", ""chat_template.jinja"": ""a0bc6f6fc7a29a80017a433e8f03a1cc1236e838a944a2d034295a60c4f2fddb"", ""processor_config.json"": ""edb8dd5001f02dd3a488fd63d664fcdc5514c4a93962bf1be534a0acf6e2c714"", ""tokenizer.json"": ""ff8cce547abc110590d19c6b5b6e0c6a7b4c8d1012d78b9c42131bae7f494a02"", ""tokenizer_config.json"": ""5afec58078ec072cdc9ad190a63c8657f9c47ec71068ff9c77423f1ea0422364""}",,7f29cebb9d06eca06ad0d6c690e4d5a083b71a9c42008f88e92474e3ff0eb98a,eb4075c77285da02c52794154760fa969fb21ab3dcceb0820cb7d2ba27d27471,http://images.cocodataset.org/train2017/000000165040.jpg,http://images.cocodataset.org/train2017/000000165040.jpg,,http://images.cocodataset.org/train2017/000000165040.jpg,hflip,tier_c_v0.1,"{""algorithm"": ""PIL.Image.FLIP_LEFT_RIGHT applied AFTER uniform 392px long-side preprocessing"", ""axis"": ""visual"", ""condition"": ""hflip_flip"", ""law"": ""flip_expected"", ""relation_rule"": ""mirrored-axis left/right relations flip; vertical/depth relations invariant; no global label flip"", ""transform"": ""hflip""}",,"{""do_sample"": false, ""max_new_tokens"": 5}",tier_c_tierc_full,38ad6fbc3e13cd785730b656c19512866d0845fd,v0.1
vsr_test:1957,vsr_test:1957,test,hflip_flip,visual,The person is at the right side of the laptop.,The person is at the right side of the laptop.,at the right side of,horizontal,person,laptop,True,False,flip_expected,False,True, False.,Qwen/Qwen2-VL-7B-Instruct,,7B_hardneg_lora,/home/ubuntu/vlm-spatial-reasoning/checkpoints/qwen2vl_7b_hardneg_lora/final,"{""README.md"": ""ad67fbd14e29a7dae114b54d70c840eab4d917c7d4bbce31d8e923429325d12b"", ""adapter_config.json"": ""9c868e731d9e1e45f0f114c79b1eeca3c96b1d0d3a8f5f93d9ff5a73d690a9df"", ""adapter_model.safetensors"": ""aaad7a39d905ddffc323d02d3beb78717388f29dc19488b91eb5218f4814b697"", ""chat_template.jinja"": ""a0bc6f6fc7a29a80017a433e8f03a1cc1236e838a944a2d034295a60c4f2fddb"", ""processor_config.json"": ""edb8dd5001f02dd3a488fd63d664fcdc5514c4a93962bf1be534a0acf6e2c714"", ""tokenizer.json"": ""ff8cce547abc110590d19c6b5b6e0c6a7b4c8d1012d78b9c42131bae7f494a02"", ""tokenizer_config.json"": ""5afec58078ec072cdc9ad190a63c8657f9c47ec71068ff9c77423f1ea0422364""}",,7f29cebb9d06eca06ad0d6c690e4d5a083b71a9c42008f88e92474e3ff0eb98a,eb4075c77285da02c52794154760fa969fb21ab3dcceb0820cb7d2ba27d27471,http://images.cocodataset.org/val2017/000000345252.jpg,http://images.cocodataset.org/val2017/000000345252.jpg,,http://images.cocodataset.org/val2017/000000345252.jpg,hflip,tier_c_v0.1,"{""algorithm"": ""PIL.Image.FLIP_LEFT_RIGHT applied AFTER uniform 392px long-side preprocessing"", ""axis"": ""visual"", ""condition"": ""hflip_flip"", ""law"": ""flip_expected"", ""relation_rule"": ""mirrored-axis left/right relations flip; vertical/depth relations invariant; no global label flip"", ""transform"": ""hflip""}",,"{""do_sample"": false, ""max_new_tokens"": 5}",tier_c_tierc_full,38ad6fbc3e13cd785730b656c19512866d0845fd,v0.1
vsr_test:1962,vsr_test:1962,test,hflip_flip,visual,The potted plant is right of the train.,The potted plant is right of the train.,right of,horizontal,potted plant,,False,True,flip_expected,True,True, True,Qwen/Qwen2-VL-7B-Instruct,,7B_hardneg_lora,/home/ubuntu/vlm-spatial-reasoning/checkpoints/qwen2vl_7b_hardneg_lora/final,"{""README.md"": ""ad67fbd14e29a7dae114b54d70c840eab4d917c7d4bbce31d8e923429325d12b"", ""adapter_config.json"": ""9c868e731d9e1e45f0f114c79b1eeca3c96b1d0d3a8f5f93d9ff5a73d690a9df"", ""adapter_model.safetensors"": ""aaad7a39d905ddffc323d02d3beb78717388f29dc19488b91eb5218f4814b697"", ""chat_template.jinja"": ""a0bc6f6fc7a29a80017a433e8f03a1cc1236e838a944a2d034295a60c4f2fddb"", ""processor_config.json"": ""edb8dd5001f02dd3a488fd63d664fcdc5514c4a93962bf1be534a0acf6e2c714"", ""tokenizer.json"": ""ff8cce547abc110590d19c6b5b6e0c6a7b4c8d1012d78b9c42131bae7f494a02"", ""tokenizer_config.json"": ""5afec58078ec072cdc9ad190a63c8657f9c47ec71068ff9c77423f1ea0422364""}",,7f29cebb9d06eca06ad0d6c690e4d5a083b71a9c42008f88e92474e3ff0eb98a,eb4075c77285da02c52794154760fa969fb21ab3dcceb0820cb7d2ba27d27471,http://images.cocodataset.org/train2017/000000153832.jpg,http://images.cocodataset.org/train2017/000000153832.jpg,,http://images.cocodataset.org/train2017/000000153832.jpg,hflip,tier_c_v0.1,"{""algorithm"": ""PIL.Image.FLIP_LEFT_RIGHT applied AFTER uniform 392px long-side preprocessing"", ""axis"": ""visual"", ""condition"": ""hflip_flip"", ""law"": ""flip_expected"", ""relation_rule"": ""mirrored-axis left/right relations flip; vertical/depth relations invariant; no global label flip"", ""transform"": ""hflip""}",,"{""do_sample"": false, ""max_new_tokens"": 5}",tier_c_tierc_full,38ad6fbc3e13cd785730b656c19512866d0845fd,v0.1
vsr_test:1963,vsr_test:1963,test,hflip_flip,visual,The cat is left of the sink.,The cat is left of the sink.,left of,horizontal,cat,,True,False,flip_expected,False,True, False.,Qwen/Qwen2-VL-7B-Instruct,,7B_hardneg_lora,/home/ubuntu/vlm-spatial-reasoning/checkpoints/qwen2vl_7b_hardneg_lora/final,"{""README.md"": ""ad67fbd14e29a7dae114b54d70c840eab4d917c7d4bbce31d8e923429325d12b"", ""adapter_config.json"": ""9c868e731d9e1e45f0f114c79b1eeca3c96b1d0d3a8f5f93d9ff5a73d690a9df"", ""adapter_model.safetensors"": ""aaad7a39d905ddffc323d02d3beb78717388f29dc19488b91eb5218f4814b697"", ""chat_template.jinja"": ""a0bc6f6fc7a29a80017a433e8f03a1cc1236e838a944a2d034295a60c4f2fddb"", ""processor_config.json"": ""edb8dd5001f02dd3a488fd63d664fcdc5514c4a93962bf1be534a0acf6e2c714"", ""tokenizer.json"": ""ff8cce547abc110590d19c6b5b6e0c6a7b4c8d1012d78b9c42131bae7f494a02"", ""tokenizer_config.json"": ""5afec58078ec072cdc9ad190a63c8657f9c47ec71068ff9c77423f1ea0422364""}",,7f29cebb9d06eca06ad0d6c690e4d5a083b71a9c42008f88e92474e3ff0eb98a,eb4075c77285da02c52794154760fa969fb21ab3dcceb0820cb7d2ba27d27471,http://images.cocodataset.org/train2017/000000196307.jpg,http://images.cocodataset.org/train2017/000000196307.jpg,,http://images.cocodataset.org/train2017/000000196307.jpg,hflip,tier_c_v0.1,"{""algorithm"": ""PIL.Image.FLIP_LEFT_RIGHT applied AFTER uniform 392px long-side preprocessing"", ""axis"": ""visual"", ""condition"": ""hflip_flip"", ""law"": ""flip_expected"", ""relation_rule"": ""mirrored-axis left/right relations flip; vertical/depth relations invariant; no global label flip"", ""transform"": ""hflip""}",,"{""do_sample"": false, ""max_new_tokens"": 5}",tier_c_tierc_full,38ad6fbc3e13cd785730b656c19512866d0845fd,v0.1
vsr_test:1971,vsr_test:1971,test,hflip_flip,visual,The person is at the right side of the pizza.,The person is at the right side of the pizza.,at the right side of,horizontal,person,pizza,True,False,flip_expected,False,True, False.,Qwen/Qwen2-VL-7B-Instruct,,7B_hardneg_lora,/home/ubuntu/vlm-spatial-reasoning/checkpoints/qwen2vl_7b_hardneg_lora/final,"{""README.md"": ""ad67fbd14e29a7dae114b54d70c840eab4d917c7d4bbce31d8e923429325d12b"", ""adapter_config.json"": ""9c868e731d9e1e45f0f114c79b1eeca3c96b1d0d3a8f5f93d9ff5a73d690a9df"", ""adapter_model.safetensors"": ""aaad7a39d905ddffc323d02d3beb78717388f29dc19488b91eb5218f4814b697"", ""chat_template.jinja"": ""a0bc6f6fc7a29a80017a433e8f03a1cc1236e838a944a2d034295a60c4f2fddb"", ""processor_config.json"": ""edb8dd5001f02dd3a488fd63d664fcdc5514c4a93962bf1be534a0acf6e2c714"", ""tokenizer.json"": ""ff8cce547abc110590d19c6b5b6e0c6a7b4c8d1012d78b9c42131bae7f494a02"", ""tokenizer_config.json"": ""5afec58078ec072cdc9ad190a63c8657f9c47ec71068ff9c77423f1ea0422364""}",,7f29cebb9d06eca06ad0d6c690e4d5a083b71a9c42008f88e92474e3ff0eb98a,eb4075c77285da02c52794154760fa969fb21ab3dcceb0820cb7d2ba27d27471,http://images.cocodataset.org/train2017/000000225517.jpg,http://images.cocodataset.org/train2017/000000225517.jpg,,http://images.cocodataset.org/train2017/000000225517.jpg,hflip,tier_c_v0.1,"{""algorithm"": ""PIL.Image.FLIP_LEFT_RIGHT applied AFTER uniform 392px long-side preprocessing"", ""axis"": ""visual"", ""condition"": ""hflip_flip"", ""law"": ""flip_expected"", ""relation_rule"": ""mirrored-axis left/right relations flip; vertical/depth relations invariant; no global label flip"", ""transform"": ""hflip""}",,"{""do_sample"": false, ""max_new_tokens"": 5}",tier_c_tierc_full,38ad6fbc3e13cd785730b656c19512866d0845fd,v0.1
vsr_test:1978,vsr_test:1978,test,hflip_flip,visual,The cake is at the left side of the person.,The cake is at the left side of the person.,at the left side of,horizontal,cake,person,True,False,flip_expected,False,True, False.,Qwen/Qwen2-VL-7B-Instruct,,7B_hardneg_lora,/home/ubuntu/vlm-spatial-reasoning/checkpoints/qwen2vl_7b_hardneg_lora/final,"{""README.md"": ""ad67fbd14e29a7dae114b54d70c840eab4d917c7d4bbce31d8e923429325d12b"", ""adapter_config.json"": ""9c868e731d9e1e45f0f114c79b1eeca3c96b1d0d3a8f5f93d9ff5a73d690a9df"", ""adapter_model.safetensors"": ""aaad7a39d905ddffc323d02d3beb78717388f29dc19488b91eb5218f4814b697"", ""chat_template.jinja"": ""a0bc6f6fc7a29a80017a433e8f03a1cc1236e838a944a2d034295a60c4f2fddb"", ""processor_config.json"": ""edb8dd5001f02dd3a488fd63d664fcdc5514c4a93962bf1be534a0acf6e2c714"", ""tokenizer.json"": ""ff8cce547abc110590d19c6b5b6e0c6a7b4c8d1012d78b9c42131bae7f494a02"", ""tokenizer_config.json"": ""5afec58078ec072cdc9ad190a63c8657f9c47ec71068ff9c77423f1ea0422364""}",,7f29cebb9d06eca06ad0d6c690e4d5a083b71a9c42008f88e92474e3ff0eb98a,eb4075c77285da02c52794154760fa969fb21ab3dcceb0820cb7d2ba27d27471,http://images.cocodataset.org/train2017/000000074959.jpg,http://images.cocodataset.org/train2017/000000074959.jpg,,http://images.cocodataset.org/train2017/000000074959.jpg,hflip,tier_c_v0.1,"{""algorithm"": ""PIL.Image.FLIP_LEFT_RIGHT applied AFTER uniform 392px long-side preprocessing"", ""axis"": ""visual"", ""condition"": ""hflip_flip"", ""law"": ""flip_expected"", ""relation_rule"": ""mirrored-axis left/right relations flip; vertical/depth relations invariant; no global label flip"", ""transform"": ""hflip""}",,"{""do_sample"": false, ""max_new_tokens"": 5}",tier_c_tierc_full,38ad6fbc3e13cd785730b656c19512866d0845fd,v0.1
vsr_test:2006,vsr_test:2006,test,hflip_flip,visual,The banana is left of the sandwich.,The banana is left of the sandwich.,left of,horizontal,banana,,True,False,flip_expected,False,True, False.,Qwen/Qwen2-VL-7B-Instruct,,7B_hardneg_lora,/home/ubuntu/vlm-spatial-reasoning/checkpoints/qwen2vl_7b_hardneg_lora/final,"{""README.md"": ""ad67fbd14e29a7dae114b54d70c840eab4d917c7d4bbce31d8e923429325d12b"", ""adapter_config.json"": ""9c868e731d9e1e45f0f114c79b1eeca3c96b1d0d3a8f5f93d9ff5a73d690a9df"", ""adapter_model.safetensors"": ""aaad7a39d905ddffc323d02d3beb78717388f29dc19488b91eb5218f4814b697"", ""chat_template.jinja"": ""a0bc6f6fc7a29a80017a433e8f03a1cc1236e838a944a2d034295a60c4f2fddb"", ""processor_config.json"": ""edb8dd5001f02dd3a488fd63d664fcdc5514c4a93962bf1be534a0acf6e2c714"", ""tokenizer.json"": ""ff8cce547abc110590d19c6b5b6e0c6a7b4c8d1012d78b9c42131bae7f494a02"", ""tokenizer_config.json"": ""5afec58078ec072cdc9ad190a63c8657f9c47ec71068ff9c77423f1ea0422364""}",,7f29cebb9d06eca06ad0d6c690e4d5a083b71a9c42008f88e92474e3ff0eb98a,eb4075c77285da02c52794154760fa969fb21ab3dcceb0820cb7d2ba27d27471,http://images.cocodataset.org/train2017/000000029994.jpg,http://images.cocodataset.org/train2017/000000029994.jpg,,http://images.cocodataset.org/train2017/000000029994.jpg,hflip,tier_c_v0.1,"{""algorithm"": ""PIL.Image.FLIP_LEFT_RIGHT applied AFTER uniform 392px long-side preprocessing"", ""axis"": ""visual"", ""condition"": ""hflip_flip"", ""law"": ""flip_expected"", ""relation_rule"": ""mirrored-axis left/right relations flip; vertical/depth relations invariant; no global label flip"", ""transform"": ""hflip""}",,"{""do_sample"": false, ""max_new_tokens"": 5}",tier_c_tierc_full,38ad6fbc3e13cd785730b656c19512866d0845fd,v0.1
vsr_test:2012,vsr_test:2012,test,hflip_flip,visual,The person is at the left side of the couch.,The person is at the left side of the couch.,at the left side of,horizontal,person,couch,False,True,flip_expected,True,True, True,Qwen/Qwen2-VL-7B-Instruct,,7B_hardneg_lora,/home/ubuntu/vlm-spatial-reasoning/checkpoints/qwen2vl_7b_hardneg_lora/final,"{""README.md"": ""ad67fbd14e29a7dae114b54d70c840eab4d917c7d4bbce31d8e923429325d12b"", ""adapter_config.json"": ""9c868e731d9e1e45f0f114c79b1eeca3c96b1d0d3a8f5f93d9ff5a73d690a9df"", ""adapter_model.safetensors"": ""aaad7a39d905ddffc323d02d3beb78717388f29dc19488b91eb5218f4814b697"", ""chat_template.jinja"": ""a0bc6f6fc7a29a80017a433e8f03a1cc1236e838a944a2d034295a60c4f2fddb"", ""processor_config.json"": ""edb8dd5001f02dd3a488fd63d664fcdc5514c4a93962bf1be534a0acf6e2c714"", ""tokenizer.json"": ""ff8cce547abc110590d19c6b5b6e0c6a7b4c8d1012d78b9c42131bae7f494a02"", ""tokenizer_config.json"": ""5afec58078ec072cdc9ad190a63c8657f9c47ec71068ff9c77423f1ea0422364""}",,7f29cebb9d06eca06ad0d6c690e4d5a083b71a9c42008f88e92474e3ff0eb98a,eb4075c77285da02c52794154760fa969fb21ab3dcceb0820cb7d2ba27d27471,http://images.cocodataset.org/train2017/000000022462.jpg,http://images.cocodataset.org/train2017/000000022462.jpg,,http://images.cocodataset.org/train2017/000000022462.jpg,hflip,tier_c_v0.1,"{""algorithm"": ""PIL.Image.FLIP_LEFT_RIGHT applied AFTER uniform 392px long-side preprocessing"", ""axis"": ""visual"", ""condition"": ""hflip_flip"", ""law"": ""flip_expected"", ""relation_rule"": ""mirrored-axis left/right relations flip; vertical/depth relations invariant; no global label flip"", ""transform"": ""hflip""}",,"{""do_sample"": false, ""max_new_tokens"": 5}",tier_c_tierc_full,38ad6fbc3e13cd785730b656c19512866d0845fd,v0.1
vsr_test:2024,vsr_test:2024,test,hflip_flip,visual,The sink is at the left side of the cat.,The sink is at the left side of the cat.,at the left side of,horizontal,sink,cat,False,True,flip_expected,False,False, False.,Qwen/Qwen2-VL-7B-Instruct,,7B_hardneg_lora,/home/ubuntu/vlm-spatial-reasoning/checkpoints/qwen2vl_7b_hardneg_lora/final,"{""README.md"": ""ad67fbd14e29a7dae114b54d70c840eab4d917c7d4bbce31d8e923429325d12b"", ""adapter_config.json"": ""9c868e731d9e1e45f0f114c79b1eeca3c96b1d0d3a8f5f93d9ff5a73d690a9df"", ""adapter_model.safetensors"": ""aaad7a39d905ddffc323d02d3beb78717388f29dc19488b91eb5218f4814b697"", ""chat_template.jinja"": ""a0bc6f6fc7a29a80017a433e8f03a1cc1236e838a944a2d034295a60c4f2fddb"", ""processor_config.json"": ""edb8dd5001f02dd3a488fd63d664fcdc5514c4a93962bf1be534a0acf6e2c714"", ""tokenizer.json"": ""ff8cce547abc110590d19c6b5b6e0c6a7b4c8d1012d78b9c42131bae7f494a02"", ""tokenizer_config.json"": ""5afec58078ec072cdc9ad190a63c8657f9c47ec71068ff9c77423f1ea0422364""}",,7f29cebb9d06eca06ad0d6c690e4d5a083b71a9c42008f88e92474e3ff0eb98a,eb4075c77285da02c52794154760fa969fb21ab3dcceb0820cb7d2ba27d27471,http://images.cocodataset.org/train2017/000000178299.jpg,http://images.cocodataset.org/train2017/000000178299.jpg,,http://images.cocodataset.org/train2017/000000178299.jpg,hflip,tier_c_v0.1,"{""algorithm"": ""PIL.Image.FLIP_LEFT_RIGHT applied AFTER uniform 392px long-side preprocessing"", ""axis"": ""visual"", ""condition"": ""hflip_flip"", ""law"": ""flip_expected"", ""relation_rule"": ""mirrored-axis left/right relations flip; vertical/depth relations invariant; no global label flip"", ""transform"": ""hflip""}",,"{""do_sample"": false, ""max_new_tokens"": 5}",tier_c_tierc_full,38ad6fbc3e13cd785730b656c19512866d0845fd,v0.1
vsr_test:2027,vsr_test:2027,test,hflip_flip,visual,The person is left of the toilet.,The person is left of the toilet.,left of,horizontal,person,,True,False,flip_expected,False,True, False.,Qwen/Qwen2-VL-7B-Instruct,,7B_hardneg_lora,/home/ubuntu/vlm-spatial-reasoning/checkpoints/qwen2vl_7b_hardneg_lora/final,"{""README.md"": ""ad67fbd14e29a7dae114b54d70c840eab4d917c7d4bbce31d8e923429325d12b"", ""adapter_config.json"": ""9c868e731d9e1e45f0f114c79b1eeca3c96b1d0d3a8f5f93d9ff5a73d690a9df"", ""adapter_model.safetensors"": ""aaad7a39d905ddffc323d02d3beb78717388f29dc19488b91eb5218f4814b697"", ""chat_template.jinja"": ""a0bc6f6fc7a29a80017a433e8f03a1cc1236e838a944a2d034295a60c4f2fddb"", ""processor_config.json"": ""edb8dd5001f02dd3a488fd63d664fcdc5514c4a93962bf1be534a0acf6e2c714"", ""tokenizer.json"": ""ff8cce547abc110590d19c6b5b6e0c6a7b4c8d1012d78b9c42131bae7f494a02"", ""tokenizer_config.json"": ""5afec58078ec072cdc9ad190a63c8657f9c47ec71068ff9c77423f1ea0422364""}",,7f29cebb9d06eca06ad0d6c690e4d5a083b71a9c42008f88e92474e3ff0eb98a,eb4075c77285da02c52794154760fa969fb21ab3dcceb0820cb7d2ba27d27471,http://images.cocodataset.org/train2017/000000174071.jpg,http://images.cocodataset.org/train2017/000000174071.jpg,,http://images.cocodataset.org/train2017/000000174071.jpg,hflip,tier_c_v0.1,"{""algorithm"": ""PIL.Image.FLIP_LEFT_RIGHT applied AFTER uniform 392px long-side preprocessing"", ""axis"": ""visual"", ""condition"": ""hflip_flip"", ""law"": ""flip_expected"", ""relation_rule"": ""mirrored-axis left/right relations flip; vertical/depth relations invariant; no global label flip"", ""transform"": ""hflip""}",,"{""do_sample"": false, ""max_new_tokens"": 5}",tier_c_tierc_full,38ad6fbc3e13cd785730b656c19512866d0845fd,v0.1
vsr_test:2036,vsr_test:2036,test,hflip_flip,visual,The person is at the right side of the donut.,The person is at the right side of the donut.,at the right side of,horizontal,person,donut,True,False,flip_expected,False,True, False.,Qwen/Qwen2-VL-7B-Instruct,,7B_hardneg_lora,/home/ubuntu/vlm-spatial-reasoning/checkpoints/qwen2vl_7b_hardneg_lora/final,"{""README.md"": ""ad67fbd14e29a7dae114b54d70c840eab4d917c7d4bbce31d8e923429325d12b"", ""adapter_config.json"": ""9c868e731d9e1e45f0f114c79b1eeca3c96b1d0d3a8f5f93d9ff5a73d690a9df"", ""adapter_model.safetensors"": ""aaad7a39d905ddffc323d02d3beb78717388f29dc19488b91eb5218f4814b697"", ""chat_template.jinja"": ""a0bc6f6fc7a29a80017a433e8f03a1cc1236e838a944a2d034295a60c4f2fddb"", ""processor_config.json"": ""edb8dd5001f02dd3a488fd63d664fcdc5514c4a93962bf1be534a0acf6e2c714"", ""tokenizer.json"": ""ff8cce547abc110590d19c6b5b6e0c6a7b4c8d1012d78b9c42131bae7f494a02"", ""tokenizer_config.json"": ""5afec58078ec072cdc9ad190a63c8657f9c47ec71068ff9c77423f1ea0422364""}",,7f29cebb9d06eca06ad0d6c690e4d5a083b71a9c42008f88e92474e3ff0eb98a,eb4075c77285da02c52794154760fa969fb21ab3dcceb0820cb7d2ba27d27471,http://images.cocodataset.org/train2017/000000413791.jpg,http://images.cocodataset.org/train2017/000000413791.jpg,,http://images.cocodataset.org/train2017/000000413791.jpg,hflip,tier_c_v0.1,"{""algorithm"": ""PIL.Image.FLIP_LEFT_RIGHT applied AFTER uniform 392px long-side preprocessing"", ""axis"": ""visual"", ""condition"": ""hflip_flip"", ""law"": ""flip_expected"", ""relation_rule"": ""mirrored-axis left/right relations flip; vertical/depth relations invariant; no global label flip"", ""transform"": ""hflip""}",,"{""do_sample"": false, ""max_new_tokens"": 5}",tier_c_tierc_full,38ad6fbc3e13cd785730b656c19512866d0845fd,v0.1
vsr_test:2040,vsr_test:2040,test,hflip_flip,visual,The hot dog is at the right side of the cup.,The hot dog is at the right side of the cup.,at the right side of,horizontal,hot dog,cup,False,True,flip_expected,False,False, False.,Qwen/Qwen2-VL-7B-Instruct,,7B_hardneg_lora,/home/ubuntu/vlm-spatial-reasoning/checkpoints/qwen2vl_7b_hardneg_lora/final,"{""README.md"": ""ad67fbd14e29a7dae114b54d70c840eab4d917c7d4bbce31d8e923429325d12b"", ""adapter_config.json"": ""9c868e731d9e1e45f0f114c79b1eeca3c96b1d0d3a8f5f93d9ff5a73d690a9df"", ""adapter_model.safetensors"": ""aaad7a39d905ddffc323d02d3beb78717388f29dc19488b91eb5218f4814b697"", ""chat_template.jinja"": ""a0bc6f6fc7a29a80017a433e8f03a1cc1236e838a944a2d034295a60c4f2fddb"", ""processor_config.json"": ""edb8dd5001f02dd3a488fd63d664fcdc5514c4a93962bf1be534a0acf6e2c714"", ""tokenizer.json"": ""ff8cce547abc110590d19c6b5b6e0c6a7b4c8d1012d78b9c42131bae7f494a02"", ""tokenizer_config.json"": ""5afec58078ec072cdc9ad190a63c8657f9c47ec71068ff9c77423f1ea0422364""}",,7f29cebb9d06eca06ad0d6c690e4d5a083b71a9c42008f88e92474e3ff0eb98a,eb4075c77285da02c52794154760fa969fb21ab3dcceb0820cb7d2ba27d27471,http://images.cocodataset.org/train2017/000000384463.jpg,http://images.cocodataset.org/train2017/000000384463.jpg,,http://images.cocodataset.org/train2017/000000384463.jpg,hflip,tier_c_v0.1,"{""algorithm"": ""PIL.Image.FLIP_LEFT_RIGHT applied AFTER uniform 392px long-side preprocessing"", ""axis"": ""visual"", ""condition"": ""hflip_flip"", ""law"": ""flip_expected"", ""relation_rule"": ""mirrored-axis left/right relations flip; vertical/depth relations invariant; no global label flip"", ""transform"": ""hflip""}",,"{""do_sample"": false, ""max_new_tokens"": 5}",tier_c_tierc_full,38ad6fbc3e13cd785730b656c19512866d0845fd,v0.1
vsr_test:2048,vsr_test:2048,test,hflip_flip,visual,The person is right of the refrigerator.,The person is right of the refrigerator.,right of,horizontal,person,,True,False,flip_expected,False,True, False.,Qwen/Qwen2-VL-7B-Instruct,,7B_hardneg_lora,/home/ubuntu/vlm-spatial-reasoning/checkpoints/qwen2vl_7b_hardneg_lora/final,"{""README.md"": ""ad67fbd14e29a7dae114b54d70c840eab4d917c7d4bbce31d8e923429325d12b"", ""adapter_config.json"": ""9c868e731d9e1e45f0f114c79b1eeca3c96b1d0d3a8f5f93d9ff5a73d690a9df"", ""adapter_model.safetensors"": ""aaad7a39d905ddffc323d02d3beb78717388f29dc19488b91eb5218f4814b697"", ""chat_template.jinja"": ""a0bc6f6fc7a29a80017a433e8f03a1cc1236e838a944a2d034295a60c4f2fddb"", ""processor_config.json"": ""edb8dd5001f02dd3a488fd63d664fcdc5514c4a93962bf1be534a0acf6e2c714"", ""tokenizer.json"": ""ff8cce547abc110590d19c6b5b6e0c6a7b4c8d1012d78b9c42131bae7f494a02"", ""tokenizer_config.json"": ""5afec58078ec072cdc9ad190a63c8657f9c47ec71068ff9c77423f1ea0422364""}",,7f29cebb9d06eca06ad0d6c690e4d5a083b71a9c42008f88e92474e3ff0eb98a,eb4075c77285da02c52794154760fa969fb21ab3dcceb0820cb7d2ba27d27471,http://images.cocodataset.org/train2017/000000204987.jpg,http://images.cocodataset.org/train2017/000000204987.jpg,,http://images.cocodataset.org/train2017/000000204987.jpg,hflip,tier_c_v0.1,"{""algorithm"": ""PIL.Image.FLIP_LEFT_RIGHT applied AFTER uniform 392px long-side preprocessing"", ""axis"": ""visual"", ""condition"": ""hflip_flip"", ""law"": ""flip_expected"", ""relation_rule"": ""mirrored-axis left/right relations flip; vertical/depth relations invariant; no global label flip"", ""transform"": ""hflip""}",,"{""do_sample"": false, ""max_new_tokens"": 5}",tier_c_tierc_full,38ad6fbc3e13cd785730b656c19512866d0845fd,v0.1
vsr_test:2053,vsr_test:2053,test,hflip_flip,visual,The cow is right of the clock.,The cow is right of the clock.,right of,horizontal,cow,,False,True,flip_expected,False,False, False.,Qwen/Qwen2-VL-7B-Instruct,,7B_hardneg_lora,/home/ubuntu/vlm-spatial-reasoning/checkpoints/qwen2vl_7b_hardneg_lora/final,"{""README.md"": ""ad67fbd14e29a7dae114b54d70c840eab4d917c7d4bbce31d8e923429325d12b"", ""adapter_config.json"": ""9c868e731d9e1e45f0f114c79b1eeca3c96b1d0d3a8f5f93d9ff5a73d690a9df"", ""adapter_model.safetensors"": ""aaad7a39d905ddffc323d02d3beb78717388f29dc19488b91eb5218f4814b697"", ""chat_template.jinja"": ""a0bc6f6fc7a29a80017a433e8f03a1cc1236e838a944a2d034295a60c4f2fddb"", ""processor_config.json"": ""edb8dd5001f02dd3a488fd63d664fcdc5514c4a93962bf1be534a0acf6e2c714"", ""tokenizer.json"": ""ff8cce547abc110590d19c6b5b6e0c6a7b4c8d1012d78b9c42131bae7f494a02"", ""tokenizer_config.json"": ""5afec58078ec072cdc9ad190a63c8657f9c47ec71068ff9c77423f1ea0422364""}",,7f29cebb9d06eca06ad0d6c690e4d5a083b71a9c42008f88e92474e3ff0eb98a,eb4075c77285da02c52794154760fa969fb21ab3dcceb0820cb7d2ba27d27471,http://images.cocodataset.org/train2017/000000087264.jpg,http://images.cocodataset.org/train2017/000000087264.jpg,,http://images.cocodataset.org/train2017/000000087264.jpg,hflip,tier_c_v0.1,"{""algorithm"": ""PIL.Image.FLIP_LEFT_RIGHT applied AFTER uniform 392px long-side preprocessing"", ""axis"": ""visual"", ""condition"": ""hflip_flip"", ""law"": ""flip_expected"", ""relation_rule"": ""mirrored-axis left/right relations flip; vertical/depth relations invariant; no global label flip"", ""transform"": ""hflip""}",,"{""do_sample"": false, ""max_new_tokens"": 5}",tier_c_tierc_full,38ad6fbc3e13cd785730b656c19512866d0845fd,v0.1
vsr_test:2068,vsr_test:2068,test,hflip_flip,visual,The bowl is left of the pizza.,The bowl is left of the pizza.,left of,horizontal,bowl,,True,False,flip_expected,False,True, False.,Qwen/Qwen2-VL-7B-Instruct,,7B_hardneg_lora,/home/ubuntu/vlm-spatial-reasoning/checkpoints/qwen2vl_7b_hardneg_lora/final,"{""README.md"": ""ad67fbd14e29a7dae114b54d70c840eab4d917c7d4bbce31d8e923429325d12b"", ""adapter_config.json"": ""9c868e731d9e1e45f0f114c79b1eeca3c96b1d0d3a8f5f93d9ff5a73d690a9df"", ""adapter_model.safetensors"": ""aaad7a39d905ddffc323d02d3beb78717388f29dc19488b91eb5218f4814b697"", ""chat_template.jinja"": ""a0bc6f6fc7a29a80017a433e8f03a1cc1236e838a944a2d034295a60c4f2fddb"", ""processor_config.json"": ""edb8dd5001f02dd3a488fd63d664fcdc5514c4a93962bf1be534a0acf6e2c714"", ""tokenizer.json"": ""ff8cce547abc110590d19c6b5b6e0c6a7b4c8d1012d78b9c42131bae7f494a02"", ""tokenizer_config.json"": ""5afec58078ec072cdc9ad190a63c8657f9c47ec71068ff9c77423f1ea0422364""}",,7f29cebb9d06eca06ad0d6c690e4d5a083b71a9c42008f88e92474e3ff0eb98a,eb4075c77285da02c52794154760fa969fb21ab3dcceb0820cb7d2ba27d27471,http://images.cocodataset.org/train2017/000000526536.jpg,http://images.cocodataset.org/train2017/000000526536.jpg,,http://images.cocodataset.org/train2017/000000526536.jpg,hflip,tier_c_v0.1,"{""algorithm"": ""PIL.Image.FLIP_LEFT_RIGHT applied AFTER uniform 392px long-side preprocessing"", ""axis"": ""visual"", ""condition"": ""hflip_flip"", ""law"": ""flip_expected"", ""relation_rule"": ""mirrored-axis left/right relations flip; vertical/depth relations invariant; no global label flip"", ""transform"": ""hflip""}",,"{""do_sample"": false, ""max_new_tokens"": 5}",tier_c_tierc_full,38ad6fbc3e13cd785730b656c19512866d0845fd,v0.1
vsr_test:2085,vsr_test:2085,test,hflip_flip,visual,The person is at the left side of the dining table.,The person is at the left side of the dining table.,at the left side of,horizontal,person,dining table,False,True,flip_expected,False,False, False.,Qwen/Qwen2-VL-7B-Instruct,,7B_hardneg_lora,/home/ubuntu/vlm-spatial-reasoning/checkpoints/qwen2vl_7b_hardneg_lora/final,"{""README.md"": ""ad67fbd14e29a7dae114b54d70c840eab4d917c7d4bbce31d8e923429325d12b"", ""adapter_config.json"": ""9c868e731d9e1e45f0f114c79b1eeca3c96b1d0d3a8f5f93d9ff5a73d690a9df"", ""adapter_model.safetensors"": ""aaad7a39d905ddffc323d02d3beb78717388f29dc19488b91eb5218f4814b697"", ""chat_template.jinja"": ""a0bc6f6fc7a29a80017a433e8f03a1cc1236e838a944a2d034295a60c4f2fddb"", ""processor_config.json"": ""edb8dd5001f02dd3a488fd63d664fcdc5514c4a93962bf1be534a0acf6e2c714"", ""tokenizer.json"": ""ff8cce547abc110590d19c6b5b6e0c6a7b4c8d1012d78b9c42131bae7f494a02"", ""tokenizer_config.json"": ""5afec58078ec072cdc9ad190a63c8657f9c47ec71068ff9c77423f1ea0422364""}",,7f29cebb9d06eca06ad0d6c690e4d5a083b71a9c42008f88e92474e3ff0eb98a,eb4075c77285da02c52794154760fa969fb21ab3dcceb0820cb7d2ba27d27471,http://images.cocodataset.org/train2017/000000172987.jpg,http://images.cocodataset.org/train2017/000000172987.jpg,,http://images.cocodataset.org/train2017/000000172987.jpg,hflip,tier_c_v0.1,"{""algorithm"": ""PIL.Image.FLIP_LEFT_RIGHT applied AFTER uniform 392px long-side preprocessing"", ""axis"": ""visual"", ""condition"": ""hflip_flip"", ""law"": ""flip_expected"", ""relation_rule"": ""mirrored-axis left/right relations flip; vertical/depth relations invariant; no global label flip"", ""transform"": ""hflip""}",,"{""do_sample"": false, ""max_new_tokens"": 5}",tier_c_tierc_full,38ad6fbc3e13cd785730b656c19512866d0845fd,v0.1
vsr_test:2092,vsr_test:2092,test,hflip_flip,visual,The bed is at the right side of the surfboard.,The bed is at the right side of the surfboard.,at the right side of,horizontal,bed,surfboard,False,True,flip_expected,True,True, True.,Qwen/Qwen2-VL-7B-Instruct,,7B_hardneg_lora,/home/ubuntu/vlm-spatial-reasoning/checkpoints/qwen2vl_7b_hardneg_lora/final,"{""README.md"": ""ad67fbd14e29a7dae114b54d70c840eab4d917c7d4bbce31d8e923429325d12b"", ""adapter_config.json"": ""9c868e731d9e1e45f0f114c79b1eeca3c96b1d0d3a8f5f93d9ff5a73d690a9df"", ""adapter_model.safetensors"": ""aaad7a39d905ddffc323d02d3beb78717388f29dc19488b91eb5218f4814b697"", ""chat_template.jinja"": ""a0bc6f6fc7a29a80017a433e8f03a1cc1236e838a944a2d034295a60c4f2fddb"", ""processor_config.json"": ""edb8dd5001f02dd3a488fd63d664fcdc5514c4a93962bf1be534a0acf6e2c714"", ""tokenizer.json"": ""ff8cce547abc110590d19c6b5b6e0c6a7b4c8d1012d78b9c42131bae7f494a02"", ""tokenizer_config.json"": ""5afec58078ec072cdc9ad190a63c8657f9c47ec71068ff9c77423f1ea0422364""}",,7f29cebb9d06eca06ad0d6c690e4d5a083b71a9c42008f88e92474e3ff0eb98a,eb4075c77285da02c52794154760fa969fb21ab3dcceb0820cb7d2ba27d27471,http://images.cocodataset.org/val2017/000000073946.jpg,http://images.cocodataset.org/val2017/000000073946.jpg,,http://images.cocodataset.org/val2017/000000073946.jpg,hflip,tier_c_v0.1,"{""algorithm"": ""PIL.Image.FLIP_LEFT_RIGHT applied AFTER uniform 392px long-side preprocessing"", ""axis"": ""visual"", ""condition"": ""hflip_flip"", ""law"": ""flip_expected"", ""relation_rule"": ""mirrored-axis left/right relations flip; vertical/depth relations invariant; no global label flip"", ""transform"": ""hflip""}",,"{""do_sample"": false, ""max_new_tokens"": 5}",tier_c_tierc_full,38ad6fbc3e13cd785730b656c19512866d0845fd,v0.1
vsr_test:2094,vsr_test:2094,test,hflip_flip,visual,The cow is right of the bench.,The cow is right of the bench.,right of,horizontal,cow,,False,True,flip_expected,True,True, True.,Qwen/Qwen2-VL-7B-Instruct,,7B_hardneg_lora,/home/ubuntu/vlm-spatial-reasoning/checkpoints/qwen2vl_7b_hardneg_lora/final,"{""README.md"": ""ad67fbd14e29a7dae114b54d70c840eab4d917c7d4bbce31d8e923429325d12b"", ""adapter_config.json"": ""9c868e731d9e1e45f0f114c79b1eeca3c96b1d0d3a8f5f93d9ff5a73d690a9df"", ""adapter_model.safetensors"": ""aaad7a39d905ddffc323d02d3beb78717388f29dc19488b91eb5218f4814b697"", ""chat_template.jinja"": ""a0bc6f6fc7a29a80017a433e8f03a1cc1236e838a944a2d034295a60c4f2fddb"", ""processor_config.json"": ""edb8dd5001f02dd3a488fd63d664fcdc5514c4a93962bf1be534a0acf6e2c714"", ""tokenizer.json"": ""ff8cce547abc110590d19c6b5b6e0c6a7b4c8d1012d78b9c42131bae7f494a02"", ""tokenizer_config.json"": ""5afec58078ec072cdc9ad190a63c8657f9c47ec71068ff9c77423f1ea0422364""}",,7f29cebb9d06eca06ad0d6c690e4d5a083b71a9c42008f88e92474e3ff0eb98a,eb4075c77285da02c52794154760fa969fb21ab3dcceb0820cb7d2ba27d27471,http://images.cocodataset.org/train2017/000000423455.jpg,http://images.cocodataset.org/train2017/000000423455.jpg,,http://images.cocodataset.org/train2017/000000423455.jpg,hflip,tier_c_v0.1,"{""algorithm"": ""PIL.Image.FLIP_LEFT_RIGHT applied AFTER uniform 392px long-side preprocessing"", ""axis"": ""visual"", ""condition"": ""hflip_flip"", ""law"": ""flip_expected"", ""relation_rule"": ""mirrored-axis left/right relations flip; vertical/depth relations invariant; no global label flip"", ""transform"": ""hflip""}",,"{""do_sample"": false, ""max_new_tokens"": 5}",tier_c_tierc_full,38ad6fbc3e13cd785730b656c19512866d0845fd,v0.1
vsr_test:2099,vsr_test:2099,test,hflip_flip,visual,The donut is at the right side of the dog.,The donut is at the right side of the dog.,at the right side of,horizontal,donut,dog,True,False,flip_expected,False,True, False.,Qwen/Qwen2-VL-7B-Instruct,,7B_hardneg_lora,/home/ubuntu/vlm-spatial-reasoning/checkpoints/qwen2vl_7b_hardneg_lora/final,"{""README.md"": ""ad67fbd14e29a7dae114b54d70c840eab4d917c7d4bbce31d8e923429325d12b"", ""adapter_config.json"": ""9c868e731d9e1e45f0f114c79b1eeca3c96b1d0d3a8f5f93d9ff5a73d690a9df"", ""adapter_model.safetensors"": ""aaad7a39d905ddffc323d02d3beb78717388f29dc19488b91eb5218f4814b697"", ""chat_template.jinja"": ""a0bc6f6fc7a29a80017a433e8f03a1cc1236e838a944a2d034295a60c4f2fddb"", ""processor_config.json"": ""edb8dd5001f02dd3a488fd63d664fcdc5514c4a93962bf1be534a0acf6e2c714"", ""tokenizer.json"": ""ff8cce547abc110590d19c6b5b6e0c6a7b4c8d1012d78b9c42131bae7f494a02"", ""tokenizer_config.json"": ""5afec58078ec072cdc9ad190a63c8657f9c47ec71068ff9c77423f1ea0422364""}",,7f29cebb9d06eca06ad0d6c690e4d5a083b71a9c42008f88e92474e3ff0eb98a,eb4075c77285da02c52794154760fa969fb21ab3dcceb0820cb7d2ba27d27471,http://images.cocodataset.org/train2017/000000108113.jpg,http://images.cocodataset.org/train2017/000000108113.jpg,,http://images.cocodataset.org/train2017/000000108113.jpg,hflip,tier_c_v0.1,"{""algorithm"": ""PIL.Image.FLIP_LEFT_RIGHT applied AFTER uniform 392px long-side preprocessing"", ""axis"": ""visual"", ""condition"": ""hflip_flip"", ""law"": ""flip_expected"", ""relation_rule"": ""mirrored-axis left/right relations flip; vertical/depth relations invariant; no global label flip"", ""transform"": ""hflip""}",,"{""do_sample"": false, ""max_new_tokens"": 5}",tier_c_tierc_full,38ad6fbc3e13cd785730b656c19512866d0845fd,v0.1
vsr_test:2117,vsr_test:2117,test,hflip_flip,visual,The bowl is right of the hot dog.,The bowl is right of the hot dog.,right of,horizontal,bowl,,True,False,flip_expected,False,True, False.,Qwen/Qwen2-VL-7B-Instruct,,7B_hardneg_lora,/home/ubuntu/vlm-spatial-reasoning/checkpoints/qwen2vl_7b_hardneg_lora/final,"{""README.md"": ""ad67fbd14e29a7dae114b54d70c840eab4d917c7d4bbce31d8e923429325d12b"", ""adapter_config.json"": ""9c868e731d9e1e45f0f114c79b1eeca3c96b1d0d3a8f5f93d9ff5a73d690a9df"", ""adapter_model.safetensors"": ""aaad7a39d905ddffc323d02d3beb78717388f29dc19488b91eb5218f4814b697"", ""chat_template.jinja"": ""a0bc6f6fc7a29a80017a433e8f03a1cc1236e838a944a2d034295a60c4f2fddb"", ""processor_config.json"": ""edb8dd5001f02dd3a488fd63d664fcdc5514c4a93962bf1be534a0acf6e2c714"", ""tokenizer.json"": ""ff8cce547abc110590d19c6b5b6e0c6a7b4c8d1012d78b9c42131bae7f494a02"", ""tokenizer_config.json"": ""5afec58078ec072cdc9ad190a63c8657f9c47ec71068ff9c77423f1ea0422364""}",,7f29cebb9d06eca06ad0d6c690e4d5a083b71a9c42008f88e92474e3ff0eb98a,eb4075c77285da02c52794154760fa969fb21ab3dcceb0820cb7d2ba27d27471,http://images.cocodataset.org/train2017/000000453907.jpg,http://images.cocodataset.org/train2017/000000453907.jpg,,http://images.cocodataset.org/train2017/000000453907.jpg,hflip,tier_c_v0.1,"{""algorithm"": ""PIL.Image.FLIP_LEFT_RIGHT applied AFTER uniform 392px long-side preprocessing"", ""axis"": ""visual"", ""condition"": ""hflip_flip"", ""law"": ""flip_expected"", ""relation_rule"": ""mirrored-axis left/right relations flip; vertical/depth relations invariant; no global label flip"", ""transform"": ""hflip""}",,"{""do_sample"": false, ""max_new_tokens"": 5}",tier_c_tierc_full,38ad6fbc3e13cd785730b656c19512866d0845fd,v0.1
vsr_test:2122,vsr_test:2122,test,hflip_flip,visual,The wine glass is at the right side of the sandwich.,The wine glass is at the right side of the sandwich.,at the right side of,horizontal,wine glass,sandwich,True,False,flip_expected,False,True, False.,Qwen/Qwen2-VL-7B-Instruct,,7B_hardneg_lora,/home/ubuntu/vlm-spatial-reasoning/checkpoints/qwen2vl_7b_hardneg_lora/final,"{""README.md"": ""ad67fbd14e29a7dae114b54d70c840eab4d917c7d4bbce31d8e923429325d12b"", ""adapter_config.json"": ""9c868e731d9e1e45f0f114c79b1eeca3c96b1d0d3a8f5f93d9ff5a73d690a9df"", ""adapter_model.safetensors"": ""aaad7a39d905ddffc323d02d3beb78717388f29dc19488b91eb5218f4814b697"", ""chat_template.jinja"": ""a0bc6f6fc7a29a80017a433e8f03a1cc1236e838a944a2d034295a60c4f2fddb"", ""processor_config.json"": ""edb8dd5001f02dd3a488fd63d664fcdc5514c4a93962bf1be534a0acf6e2c714"", ""tokenizer.json"": ""ff8cce547abc110590d19c6b5b6e0c6a7b4c8d1012d78b9c42131bae7f494a02"", ""tokenizer_config.json"": ""5afec58078ec072cdc9ad190a63c8657f9c47ec71068ff9c77423f1ea0422364""}",,7f29cebb9d06eca06ad0d6c690e4d5a083b71a9c42008f88e92474e3ff0eb98a,eb4075c77285da02c52794154760fa969fb21ab3dcceb0820cb7d2ba27d27471,http://images.cocodataset.org/train2017/000000268787.jpg,http://images.cocodataset.org/train2017/000000268787.jpg,,http://images.cocodataset.org/train2017/000000268787.jpg,hflip,tier_c_v0.1,"{""algorithm"": ""PIL.Image.FLIP_LEFT_RIGHT applied AFTER uniform 392px long-side preprocessing"", ""axis"": ""visual"", ""condition"": ""hflip_flip"", ""law"": ""flip_expected"", ""relation_rule"": ""mirrored-axis left/right relations flip; vertical/depth relations invariant; no global label flip"", ""transform"": ""hflip""}",,"{""do_sample"": false, ""max_new_tokens"": 5}",tier_c_tierc_full,38ad6fbc3e13cd785730b656c19512866d0845fd,v0.1
vsr_test:2128,vsr_test:2128,test,hflip_flip,visual,The donut is at the right side of the person.,The donut is at the right side of the person.,at the right side of,horizontal,donut,person,False,True,flip_expected,False,False, False.,Qwen/Qwen2-VL-7B-Instruct,,7B_hardneg_lora,/home/ubuntu/vlm-spatial-reasoning/checkpoints/qwen2vl_7b_hardneg_lora/final,"{""README.md"": ""ad67fbd14e29a7dae114b54d70c840eab4d917c7d4bbce31d8e923429325d12b"", ""adapter_config.json"": ""9c868e731d9e1e45f0f114c79b1eeca3c96b1d0d3a8f5f93d9ff5a73d690a9df"", ""adapter_model.safetensors"": ""aaad7a39d905ddffc323d02d3beb78717388f29dc19488b91eb5218f4814b697"", ""chat_template.jinja"": ""a0bc6f6fc7a29a80017a433e8f03a1cc1236e838a944a2d034295a60c4f2fddb"", ""processor_config.json"": ""edb8dd5001f02dd3a488fd63d664fcdc5514c4a93962bf1be534a0acf6e2c714"", ""tokenizer.json"": ""ff8cce547abc110590d19c6b5b6e0c6a7b4c8d1012d78b9c42131bae7f494a02"", ""tokenizer_config.json"": ""5afec58078ec072cdc9ad190a63c8657f9c47ec71068ff9c77423f1ea0422364""}",,7f29cebb9d06eca06ad0d6c690e4d5a083b71a9c42008f88e92474e3ff0eb98a,eb4075c77285da02c52794154760fa969fb21ab3dcceb0820cb7d2ba27d27471,http://images.cocodataset.org/train2017/000000248276.jpg,http://images.cocodataset.org/train2017/000000248276.jpg,,http://images.cocodataset.org/train2017/000000248276.jpg,hflip,tier_c_v0.1,"{""algorithm"": ""PIL.Image.FLIP_LEFT_RIGHT applied AFTER uniform 392px long-side preprocessing"", ""axis"": ""visual"", ""condition"": ""hflip_flip"", ""law"": ""flip_expected"", ""relation_rule"": ""mirrored-axis left/right relations flip; vertical/depth relations invariant; no global label flip"", ""transform"": ""hflip""}",,"{""do_sample"": false, ""max_new_tokens"": 5}",tier_c_tierc_full,38ad6fbc3e13cd785730b656c19512866d0845fd,v0.1
vsr_test:2140,vsr_test:2140,test,hflip_flip,visual,The banana is at the right side of the cake.,The banana is at the right side of the cake.,at the right side of,horizontal,banana,cake,True,False,flip_expected,False,True, False.,Qwen/Qwen2-VL-7B-Instruct,,7B_hardneg_lora,/home/ubuntu/vlm-spatial-reasoning/checkpoints/qwen2vl_7b_hardneg_lora/final,"{""README.md"": ""ad67fbd14e29a7dae114b54d70c840eab4d917c7d4bbce31d8e923429325d12b"", ""adapter_config.json"": ""9c868e731d9e1e45f0f114c79b1eeca3c96b1d0d3a8f5f93d9ff5a73d690a9df"", ""adapter_model.safetensors"": ""aaad7a39d905ddffc323d02d3beb78717388f29dc19488b91eb5218f4814b697"", ""chat_template.jinja"": ""a0bc6f6fc7a29a80017a433e8f03a1cc1236e838a944a2d034295a60c4f2fddb"", ""processor_config.json"": ""edb8dd5001f02dd3a488fd63d664fcdc5514c4a93962bf1be534a0acf6e2c714"", ""tokenizer.json"": ""ff8cce547abc110590d19c6b5b6e0c6a7b4c8d1012d78b9c42131bae7f494a02"", ""tokenizer_config.json"": ""5afec58078ec072cdc9ad190a63c8657f9c47ec71068ff9c77423f1ea0422364""}",,7f29cebb9d06eca06ad0d6c690e4d5a083b71a9c42008f88e92474e3ff0eb98a,eb4075c77285da02c52794154760fa969fb21ab3dcceb0820cb7d2ba27d27471,http://images.cocodataset.org/train2017/000000285512.jpg,http://images.cocodataset.org/train2017/000000285512.jpg,,http://images.cocodataset.org/train2017/000000285512.jpg,hflip,tier_c_v0.1,"{""algorithm"": ""PIL.Image.FLIP_LEFT_RIGHT applied AFTER uniform 392px long-side preprocessing"", ""axis"": ""visual"", ""condition"": ""hflip_flip"", ""law"": ""flip_expected"", ""relation_rule"": ""mirrored-axis left/right relations flip; vertical/depth relations invariant; no global label flip"", ""transform"": ""hflip""}",,"{""do_sample"": false, ""max_new_tokens"": 5}",tier_c_tierc_full,38ad6fbc3e13cd785730b656c19512866d0845fd,v0.1
vsr_test:2146,vsr_test:2146,test,hflip_flip,visual,The laptop is left of the sandwich.,The laptop is left of the sandwich.,left of,horizontal,laptop,,False,True,flip_expected,True,True, True.,Qwen/Qwen2-VL-7B-Instruct,,7B_hardneg_lora,/home/ubuntu/vlm-spatial-reasoning/checkpoints/qwen2vl_7b_hardneg_lora/final,"{""README.md"": ""ad67fbd14e29a7dae114b54d70c840eab4d917c7d4bbce31d8e923429325d12b"", ""adapter_config.json"": ""9c868e731d9e1e45f0f114c79b1eeca3c96b1d0d3a8f5f93d9ff5a73d690a9df"", ""adapter_model.safetensors"": ""aaad7a39d905ddffc323d02d3beb78717388f29dc19488b91eb5218f4814b697"", ""chat_template.jinja"": ""a0bc6f6fc7a29a80017a433e8f03a1cc1236e838a944a2d034295a60c4f2fddb"", ""processor_config.json"": ""edb8dd5001f02dd3a488fd63d664fcdc5514c4a93962bf1be534a0acf6e2c714"", ""tokenizer.json"": ""ff8cce547abc110590d19c6b5b6e0c6a7b4c8d1012d78b9c42131bae7f494a02"", ""tokenizer_config.json"": ""5afec58078ec072cdc9ad190a63c8657f9c47ec71068ff9c77423f1ea0422364""}",,7f29cebb9d06eca06ad0d6c690e4d5a083b71a9c42008f88e92474e3ff0eb98a,eb4075c77285da02c52794154760fa969fb21ab3dcceb0820cb7d2ba27d27471,http://images.cocodataset.org/train2017/000000028320.jpg,http://images.cocodataset.org/train2017/000000028320.jpg,,http://images.cocodataset.org/train2017/000000028320.jpg,hflip,tier_c_v0.1,"{""algorithm"": ""PIL.Image.FLIP_LEFT_RIGHT applied AFTER uniform 392px long-side preprocessing"", ""axis"": ""visual"", ""condition"": ""hflip_flip"", ""law"": ""flip_expected"", ""relation_rule"": ""mirrored-axis left/right relations flip; vertical/depth relations invariant; no global label flip"", ""transform"": ""hflip""}",,"{""do_sample"": false, ""max_new_tokens"": 5}",tier_c_tierc_full,38ad6fbc3e13cd785730b656c19512866d0845fd,v0.1
vsr_test:2149,vsr_test:2149,test,hflip_flip,visual,The oven is right of the cake.,The oven is right of the cake.,right of,horizontal,oven,,True,False,flip_expected,False,True, False.,Qwen/Qwen2-VL-7B-Instruct,,7B_hardneg_lora,/home/ubuntu/vlm-spatial-reasoning/checkpoints/qwen2vl_7b_hardneg_lora/final,"{""README.md"": ""ad67fbd14e29a7dae114b54d70c840eab4d917c7d4bbce31d8e923429325d12b"", ""adapter_config.json"": ""9c868e731d9e1e45f0f114c79b1eeca3c96b1d0d3a8f5f93d9ff5a73d690a9df"", ""adapter_model.safetensors"": ""aaad7a39d905ddffc323d02d3beb78717388f29dc19488b91eb5218f4814b697"", ""chat_template.jinja"": ""a0bc6f6fc7a29a80017a433e8f03a1cc1236e838a944a2d034295a60c4f2fddb"", ""processor_config.json"": ""edb8dd5001f02dd3a488fd63d664fcdc5514c4a93962bf1be534a0acf6e2c714"", ""tokenizer.json"": ""ff8cce547abc110590d19c6b5b6e0c6a7b4c8d1012d78b9c42131bae7f494a02"", ""tokenizer_config.json"": ""5afec58078ec072cdc9ad190a63c8657f9c47ec71068ff9c77423f1ea0422364""}",,7f29cebb9d06eca06ad0d6c690e4d5a083b71a9c42008f88e92474e3ff0eb98a,eb4075c77285da02c52794154760fa969fb21ab3dcceb0820cb7d2ba27d27471,http://images.cocodataset.org/train2017/000000524196.jpg,http://images.cocodataset.org/train2017/000000524196.jpg,,http://images.cocodataset.org/train2017/000000524196.jpg,hflip,tier_c_v0.1,"{""algorithm"": ""PIL.Image.FLIP_LEFT_RIGHT applied AFTER uniform 392px long-side preprocessing"", ""axis"": ""visual"", ""condition"": ""hflip_flip"", ""law"": ""flip_expected"", ""relation_rule"": ""mirrored-axis left/right relations flip; vertical/depth relations invariant; no global label flip"", ""transform"": ""hflip""}",,"{""do_sample"": false, ""max_new_tokens"": 5}",tier_c_tierc_full,38ad6fbc3e13cd785730b656c19512866d0845fd,v0.1
vsr_test:2162,vsr_test:2162,test,hflip_flip,visual,The dog is at the left side of the car.,The dog is at the left side of the car.,at the left side of,horizontal,dog,car,False,True,flip_expected,False,False, False.,Qwen/Qwen2-VL-7B-Instruct,,7B_hardneg_lora,/home/ubuntu/vlm-spatial-reasoning/checkpoints/qwen2vl_7b_hardneg_lora/final,"{""README.md"": ""ad67fbd14e29a7dae114b54d70c840eab4d917c7d4bbce31d8e923429325d12b"", ""adapter_config.json"": ""9c868e731d9e1e45f0f114c79b1eeca3c96b1d0d3a8f5f93d9ff5a73d690a9df"", ""adapter_model.safetensors"": ""aaad7a39d905ddffc323d02d3beb78717388f29dc19488b91eb5218f4814b697"", ""chat_template.jinja"": ""a0bc6f6fc7a29a80017a433e8f03a1cc1236e838a944a2d034295a60c4f2fddb"", ""processor_config.json"": ""edb8dd5001f02dd3a488fd63d664fcdc5514c4a93962bf1be534a0acf6e2c714"", ""tokenizer.json"": ""ff8cce547abc110590d19c6b5b6e0c6a7b4c8d1012d78b9c42131bae7f494a02"", ""tokenizer_config.json"": ""5afec58078ec072cdc9ad190a63c8657f9c47ec71068ff9c77423f1ea0422364""}",,7f29cebb9d06eca06ad0d6c690e4d5a083b71a9c42008f88e92474e3ff0eb98a,eb4075c77285da02c52794154760fa969fb21ab3dcceb0820cb7d2ba27d27471,http://images.cocodataset.org/train2017/000000160211.jpg,http://images.cocodataset.org/train2017/000000160211.jpg,,http://images.cocodataset.org/train2017/000000160211.jpg,hflip,tier_c_v0.1,"{""algorithm"": ""PIL.Image.FLIP_LEFT_RIGHT applied AFTER uniform 392px long-side preprocessing"", ""axis"": ""visual"", ""condition"": ""hflip_flip"", ""law"": ""flip_expected"", ""relation_rule"": ""mirrored-axis left/right relations flip; vertical/depth relations invariant; no global label flip"", ""transform"": ""hflip""}",,"{""do_sample"": false, ""max_new_tokens"": 5}",tier_c_tierc_full,38ad6fbc3e13cd785730b656c19512866d0845fd,v0.1
vsr_test:2163,vsr_test:2163,test,hflip_flip,visual,The person is left of the dining table.,The person is left of the dining table.,left of,horizontal,person,,False,True,flip_expected,True,True, True.,Qwen/Qwen2-VL-7B-Instruct,,7B_hardneg_lora,/home/ubuntu/vlm-spatial-reasoning/checkpoints/qwen2vl_7b_hardneg_lora/final,"{""README.md"": ""ad67fbd14e29a7dae114b54d70c840eab4d917c7d4bbce31d8e923429325d12b"", ""adapter_config.json"": ""9c868e731d9e1e45f0f114c79b1eeca3c96b1d0d3a8f5f93d9ff5a73d690a9df"", ""adapter_model.safetensors"": ""aaad7a39d905ddffc323d02d3beb78717388f29dc19488b91eb5218f4814b697"", ""chat_template.jinja"": ""a0bc6f6fc7a29a80017a433e8f03a1cc1236e838a944a2d034295a60c4f2fddb"", ""processor_config.json"": ""edb8dd5001f02dd3a488fd63d664fcdc5514c4a93962bf1be534a0acf6e2c714"", ""tokenizer.json"": ""ff8cce547abc110590d19c6b5b6e0c6a7b4c8d1012d78b9c42131bae7f494a02"", ""tokenizer_config.json"": ""5afec58078ec072cdc9ad190a63c8657f9c47ec71068ff9c77423f1ea0422364""}",,7f29cebb9d06eca06ad0d6c690e4d5a083b71a9c42008f88e92474e3ff0eb98a,eb4075c77285da02c52794154760fa969fb21ab3dcceb0820cb7d2ba27d27471,http://images.cocodataset.org/train2017/000000448113.jpg,http://images.cocodataset.org/train2017/000000448113.jpg,,http://images.cocodataset.org/train2017/000000448113.jpg,hflip,tier_c_v0.1,"{""algorithm"": ""PIL.Image.FLIP_LEFT_RIGHT applied AFTER uniform 392px long-side preprocessing"", ""axis"": ""visual"", ""condition"": ""hflip_flip"", ""law"": ""flip_expected"", ""relation_rule"": ""mirrored-axis left/right relations flip; vertical/depth relations invariant; no global label flip"", ""transform"": ""hflip""}",,"{""do_sample"": false, ""max_new_tokens"": 5}",tier_c_tierc_full,38ad6fbc3e13cd785730b656c19512866d0845fd,v0.1
vsr_test:2167,vsr_test:2167,test,hflip_flip,visual,The couch is right of the person.,The couch is right of the person.,right of,horizontal,couch,,False,True,flip_expected,False,False, False.,Qwen/Qwen2-VL-7B-Instruct,,7B_hardneg_lora,/home/ubuntu/vlm-spatial-reasoning/checkpoints/qwen2vl_7b_hardneg_lora/final,"{""README.md"": ""ad67fbd14e29a7dae114b54d70c840eab4d917c7d4bbce31d8e923429325d12b"", ""adapter_config.json"": ""9c868e731d9e1e45f0f114c79b1eeca3c96b1d0d3a8f5f93d9ff5a73d690a9df"", ""adapter_model.safetensors"": ""aaad7a39d905ddffc323d02d3beb78717388f29dc19488b91eb5218f4814b697"", ""chat_template.jinja"": ""a0bc6f6fc7a29a80017a433e8f03a1cc1236e838a944a2d034295a60c4f2fddb"", ""processor_config.json"": ""edb8dd5001f02dd3a488fd63d664fcdc5514c4a93962bf1be534a0acf6e2c714"", ""tokenizer.json"": ""ff8cce547abc110590d19c6b5b6e0c6a7b4c8d1012d78b9c42131bae7f494a02"", ""tokenizer_config.json"": ""5afec58078ec072cdc9ad190a63c8657f9c47ec71068ff9c77423f1ea0422364""}",,7f29cebb9d06eca06ad0d6c690e4d5a083b71a9c42008f88e92474e3ff0eb98a,eb4075c77285da02c52794154760fa969fb21ab3dcceb0820cb7d2ba27d27471,http://images.cocodataset.org/train2017/000000041552.jpg,http://images.cocodataset.org/train2017/000000041552.jpg,,http://images.cocodataset.org/train2017/000000041552.jpg,hflip,tier_c_v0.1,"{""algorithm"": ""PIL.Image.FLIP_LEFT_RIGHT applied AFTER uniform 392px long-side preprocessing"", ""axis"": ""visual"", ""condition"": ""hflip_flip"", ""law"": ""flip_expected"", ""relation_rule"": ""mirrored-axis left/right relations flip; vertical/depth relations invariant; no global label flip"", ""transform"": ""hflip""}",,"{""do_sample"": false, ""max_new_tokens"": 5}",tier_c_tierc_full,38ad6fbc3e13cd785730b656c19512866d0845fd,v0.1
vsr_test:2169,vsr_test:2169,test,hflip_flip,visual,The cat is right of the dining table.,The cat is right of the dining table.,right of,horizontal,cat,,False,True,flip_expected,False,False, False.,Qwen/Qwen2-VL-7B-Instruct,,7B_hardneg_lora,/home/ubuntu/vlm-spatial-reasoning/checkpoints/qwen2vl_7b_hardneg_lora/final,"{""README.md"": ""ad67fbd14e29a7dae114b54d70c840eab4d917c7d4bbce31d8e923429325d12b"", ""adapter_config.json"": ""9c868e731d9e1e45f0f114c79b1eeca3c96b1d0d3a8f5f93d9ff5a73d690a9df"", ""adapter_model.safetensors"": ""aaad7a39d905ddffc323d02d3beb78717388f29dc19488b91eb5218f4814b697"", ""chat_template.jinja"": ""a0bc6f6fc7a29a80017a433e8f03a1cc1236e838a944a2d034295a60c4f2fddb"", ""processor_config.json"": ""edb8dd5001f02dd3a488fd63d664fcdc5514c4a93962bf1be534a0acf6e2c714"", ""tokenizer.json"": ""ff8cce547abc110590d19c6b5b6e0c6a7b4c8d1012d78b9c42131bae7f494a02"", ""tokenizer_config.json"": ""5afec58078ec072cdc9ad190a63c8657f9c47ec71068ff9c77423f1ea0422364""}",,7f29cebb9d06eca06ad0d6c690e4d5a083b71a9c42008f88e92474e3ff0eb98a,eb4075c77285da02c52794154760fa969fb21ab3dcceb0820cb7d2ba27d27471,http://images.cocodataset.org/train2017/000000320089.jpg,http://images.cocodataset.org/train2017/000000320089.jpg,,http://images.cocodataset.org/train2017/000000320089.jpg,hflip,tier_c_v0.1,"{""algorithm"": ""PIL.Image.FLIP_LEFT_RIGHT applied AFTER uniform 392px long-side preprocessing"", ""axis"": ""visual"", ""condition"": ""hflip_flip"", ""law"": ""flip_expected"", ""relation_rule"": ""mirrored-axis left/right relations flip; vertical/depth relations invariant; no global label flip"", ""transform"": ""hflip""}",,"{""do_sample"": false, ""max_new_tokens"": 5}",tier_c_tierc_full,38ad6fbc3e13cd785730b656c19512866d0845fd,v0.1
vsr_test:2171,vsr_test:2171,test,hflip_flip,visual,The dining table is at the right side of the teddy bear.,The dining table is at the right side of the teddy bear.,at the right side of,horizontal,dining table,teddy bear,True,False,flip_expected,False,True, False.,Qwen/Qwen2-VL-7B-Instruct,,7B_hardneg_lora,/home/ubuntu/vlm-spatial-reasoning/checkpoints/qwen2vl_7b_hardneg_lora/final,"{""README.md"": ""ad67fbd14e29a7dae114b54d70c840eab4d917c7d4bbce31d8e923429325d12b"", ""adapter_config.json"": ""9c868e731d9e1e45f0f114c79b1eeca3c96b1d0d3a8f5f93d9ff5a73d690a9df"", ""adapter_model.safetensors"": ""aaad7a39d905ddffc323d02d3beb78717388f29dc19488b91eb5218f4814b697"", ""chat_template.jinja"": ""a0bc6f6fc7a29a80017a433e8f03a1cc1236e838a944a2d034295a60c4f2fddb"", ""processor_config.json"": ""edb8dd5001f02dd3a488fd63d664fcdc5514c4a93962bf1be534a0acf6e2c714"", ""tokenizer.json"": ""ff8cce547abc110590d19c6b5b6e0c6a7b4c8d1012d78b9c42131bae7f494a02"", ""tokenizer_config.json"": ""5afec58078ec072cdc9ad190a63c8657f9c47ec71068ff9c77423f1ea0422364""}",,7f29cebb9d06eca06ad0d6c690e4d5a083b71a9c42008f88e92474e3ff0eb98a,eb4075c77285da02c52794154760fa969fb21ab3dcceb0820cb7d2ba27d27471,http://images.cocodataset.org/train2017/000000108484.jpg,http://images.cocodataset.org/train2017/000000108484.jpg,,http://images.cocodataset.org/train2017/000000108484.jpg,hflip,tier_c_v0.1,"{""algorithm"": ""PIL.Image.FLIP_LEFT_RIGHT applied AFTER uniform 392px long-side preprocessing"", ""axis"": ""visual"", ""condition"": ""hflip_flip"", ""law"": ""flip_expected"", ""relation_rule"": ""mirrored-axis left/right relations flip; vertical/depth relations invariant; no global label flip"", ""transform"": ""hflip""}",,"{""do_sample"": false, ""max_new_tokens"": 5}",tier_c_tierc_full,38ad6fbc3e13cd785730b656c19512866d0845fd,v0.1
