id,statement,relation,ground_truth,prediction,correct,raw_output,image_url,thinking_likely,retries
7,The motorcycle is in front of the truck.,in front of,True,True,True,True,http://images.cocodataset.org/train2017/000000057381.jpg,0,0
2,The bird is above the cat.,above,False,False,True,False,http://images.cocodataset.org/train2017/000000072556.jpg,0,0
3,The laptop is facing the sandwich.,facing,False,False,True,"The statement ""The laptop is facing the sandwich"" is **False**.

**Reasoning:**
1.  **Identify the objects:** The laptop is the silver computer in the foreground. The sandwich is the food item held by the woman in the black jacket in the background.
2.  **Determine orientation",http://images.cocodataset.org/train2017/000000519404.jpg,1,0
1,The cake consists of the dog.,consists of,True,False,False,False,http://images.cocodataset.org/train2017/000000287427.jpg,0,0
6,The bench is touching the dining table.,touching,True,False,False,False,http://images.cocodataset.org/train2017/000000550405.jpg,0,0
5,The cat is at the edge of the dining table.,at the edge of,False,False,True,False,http://images.cocodataset.org/train2017/000000572993.jpg,0,0
0,The person is inside the refrigerator.,inside,True,False,False,False,http://images.cocodataset.org/train2017/000000451431.jpg,0,0
11,The bed is at the left side of the bench.,at the left side of,True,True,True,True,http://images.cocodataset.org/train2017/000000262118.jpg,0,0
8,The bench is beside the bed.,beside,True,True,True,True,http://images.cocodataset.org/train2017/000000268227.jpg,0,0
4,The elephant is inside the truck.,inside,False,False,True,False,http://images.cocodataset.org/train2017/000000294749.jpg,0,0
9,The bench is behind the teddy bear.,behind,False,False,True,False,http://images.cocodataset.org/train2017/000000395531.jpg,0,0
10,The motorcycle is in front of the truck.,in front of,False,,,"The user wants me to determine the truth value of the statement ""The motorcycle is in front of the truck"" based on the image.

1.  **Identify the objects**:
    *   **Motorcycle**: There is a red and white scooter (motorcycle) in the foreground, ridden by a woman.
",http://images.cocodataset.org/train2017/000000120207.jpg,1,3
12,The potted plant is behind the fire hydrant.,behind,True,False,False,False,http://images.cocodataset.org/train2017/000000408351.jpg,0,0
21,The toilet is in the train.,in,False,False,True,False,http://images.cocodataset.org/train2017/000000391774.jpg,0,0
23,The cat is on top of the umbrella.,on top of,True,True,True,True,http://images.cocodataset.org/train2017/000000001139.jpg,0,0
22,The teddy bear is perpendicular to the cake.,perpendicular to,True,False,False,"The statement ""The teddy bear is perpendicular to the cake"" is **False**.

**Reasoning:**
In geometry, ""perpendicular"" describes a relationship between two lines or planes that intersect at a 90-degree angle. While the teddy bear is sitting *on* the cake (meaning its base",http://images.cocodataset.org/train2017/000000033372.jpg,1,0
14,The airplane is perpendicular to the truck.,perpendicular to,True,False,False,"The user wants me to determine if the statement ""The airplane is perpendicular to the truck"" is true or false based on the image.

1.  **Analyze the orientation of the airplane**: The airplane is positioned horizontally across the image. Its fuselage runs from the left side of the frame towards the right side.",http://images.cocodataset.org/train2017/000000538194.jpg,1,0
18,The bowl contains the banana.,contains,False,False,True,False,http://images.cocodataset.org/train2017/000000266622.jpg,0,0
17,The potted plant is touching the teddy bear.,touching,True,True,True,True,http://images.cocodataset.org/train2017/000000380299.jpg,0,0
19,The truck is parallel to the motorcycle.,parallel to,False,False,True,"The user wants me to determine if the statement ""The truck is parallel to the motorcycle"" is true or false based on the image.

1.  **Identify the objects:**
    *   **Motorcycle:** There is a large orange motorcycle in the foreground, angled towards the left.
    *   **Tr",http://images.cocodataset.org/train2017/000000302514.jpg,1,0
13,The cat is inside the vase.,inside,True,False,False,False,http://images.cocodataset.org/train2017/000000261225.jpg,0,0
16,The cat is at the edge of the sink.,at the edge of,False,True,False,True,http://images.cocodataset.org/train2017/000000419051.jpg,0,0
31,The sheep is at the edge of the cake.,at the edge of,True,False,False,False,http://images.cocodataset.org/train2017/000000409808.jpg,0,0
30,The pizza is touching the person.,touching,True,False,False,False,http://images.cocodataset.org/train2017/000000114169.jpg,0,0
29,The bicycle is in front of the cat.,in front of,True,True,True,True,http://images.cocodataset.org/train2017/000000193488.jpg,0,0
33,The cat is facing away from the sink.,facing away from,True,False,False,False,http://images.cocodataset.org/train2017/000000508846.jpg,0,0
25,The laptop is at the left side of the cake.,at the left side of,False,False,True,False,http://images.cocodataset.org/train2017/000000512569.jpg,0,0
28,The truck is below the elephant.,below,True,True,True,True,http://images.cocodataset.org/train2017/000000461902.jpg,0,0
26,The umbrella is attached to the banana.,attached to,False,False,True,False,http://images.cocodataset.org/train2017/000000159296.jpg,0,0
27,The apple is above the orange.,above,False,True,False,"The user wants me to determine if the statement ""The apple is above the orange"" is true based on the image.

1.  **Analyze the image content**: The image shows a white plate with fruit. In the foreground (bottom), there are segments of a peeled orange. In the background (top), there",http://images.cocodataset.org/train2017/000000508412.jpg,1,0
36,The truck is under the couch.,under,True,False,False,False,http://images.cocodataset.org/train2017/000000358630.jpg,0,0
34,The cat is facing away from the toilet.,facing away from,True,False,False,False,http://images.cocodataset.org/train2017/000000455365.jpg,0,0
35,The cat is on top of the umbrella.,on top of,False,False,True,False,http://images.cocodataset.org/train2017/000000466789.jpg,0,0
43,The truck is below the elephant.,below,True,True,True,True,http://images.cocodataset.org/train2017/000000027989.jpg,0,0
40,The boat is in the tv.,in,False,False,True,False,http://images.cocodataset.org/train2017/000000024215.jpg,0,0
42,The bench is part of the train.,part of,True,True,True,True,http://images.cocodataset.org/train2017/000000245450.jpg,0,0
37,The orange is at the right side of the sandwich.,at the right side of,True,True,True,True,http://images.cocodataset.org/train2017/000000260248.jpg,0,0
41,The teddy bear is beneath the dog.,beneath,True,True,True,True,http://images.cocodataset.org/train2017/000000054643.jpg,0,0
46,The fire hydrant is near the car.,near,False,False,True,False,http://images.cocodataset.org/train2017/000000035814.jpg,0,0
49,The chair is behind the cat.,behind,True,True,True,True,http://images.cocodataset.org/train2017/000000421689.jpg,0,0
39,The oven is in front of the cake.,in front of,True,False,False,"The statement ""The oven is in front of the cake"" is **False**.

**Reasoning:**
In the image, the woman is holding the cake (in a skillet) and is positioned between the oven and the cake. She is facing the oven, which means the oven is in front of her. Since",http://images.cocodataset.org/train2017/000000185777.jpg,1,0
48,The apple is on the dining table.,on,False,False,True,False,http://images.cocodataset.org/train2017/000000333796.jpg,0,0
45,The person is alongside the oven.,alongside,True,True,True,True,http://images.cocodataset.org/train2017/000000281111.jpg,0,0
38,The train contains the bicycle.,contains,True,True,True,True,http://images.cocodataset.org/train2017/000000344271.jpg,0,0
44,The chair is touching the teddy bear.,touching,False,True,False,"The user wants to know if the statement ""The chair is touching the teddy bear"" is true based on the image.

1.  **Identify the objects**:
    *   **Teddy bear**: A beige, fluffy stuffed animal sitting on the table.
    *   **Chair**: A wooden chair with",http://images.cocodataset.org/train2017/000000364722.jpg,1,0
32,The teddy bear is at the side of the person.,at the side of,False,False,True,False,http://images.cocodataset.org/train2017/000000451680.jpg,0,0
52,The cat is in the toilet.,in,False,False,True,False,http://images.cocodataset.org/train2017/000000225322.jpg,0,0
47,The car has as a part the bed.,has as a part,True,True,True,True,http://images.cocodataset.org/train2017/000000477061.jpg,0,0
54,The bed is beside the person.,beside,True,True,True,True,http://images.cocodataset.org/train2017/000000160890.jpg,0,0
56,The laptop is at the left side of the banana.,at the left side of,True,True,True,True,http://images.cocodataset.org/train2017/000000093469.jpg,0,0
53,The zebra is at the back of the truck.,at the back of,True,False,False,False,http://images.cocodataset.org/train2017/000000319902.jpg,0,0
50,The cow contains the tv.,contains,True,True,True,True,http://images.cocodataset.org/val2017/000000180383.jpg,0,0
58,The horse is at the back of the truck.,at the back of,True,False,False,False,http://images.cocodataset.org/train2017/000000295460.jpg,0,0
62,The teddy bear is in the car.,in,True,True,True,True,http://images.cocodataset.org/train2017/000000274657.jpg,0,0
60,The suitcase is far from the cat.,far from,False,False,True,False,http://images.cocodataset.org/train2017/000000067307.jpg,0,0
55,The car is far away from the stop sign.,far away from,True,False,False,False,http://images.cocodataset.org/val2017/000000283038.jpg,0,0
59,The cat is at the left side of the laptop.,at the left side of,False,False,True,False,http://images.cocodataset.org/train2017/000000232394.jpg,0,0
65,The car contains the dog.,contains,False,False,True,False,http://images.cocodataset.org/train2017/000000374922.jpg,0,0
63,The bench is touching the dining table.,touching,False,False,True,False,http://images.cocodataset.org/train2017/000000462023.jpg,0,0
67,The dining table is below the truck.,below,False,False,True,False,http://images.cocodataset.org/train2017/000000082894.jpg,0,0
57,The bus contains the dog.,contains,False,False,True,False,http://images.cocodataset.org/train2017/000000569177.jpg,0,0
64,The cat is at the left side of the teddy bear.,at the left side of,False,False,True,False,http://images.cocodataset.org/train2017/000000555951.jpg,0,0
61,The cake is in front of the dog.,in front of,False,False,True,"The statement ""The cake is in front of the dog"" is **False**.

**Reasoning:**
The dog is a figurine placed **on top** of the cake. In spatial terms, the dog is located on the upper surface of the cake, not in front of it. Additionally, the dog is",http://images.cocodataset.org/train2017/000000113326.jpg,1,0
72,The dog is touching the cat.,touching,True,True,True,True,http://images.cocodataset.org/train2017/000000456376.jpg,0,0
73,The suitcase is on top of the person.,on top of,False,False,True,False,http://images.cocodataset.org/train2017/000000435986.jpg,0,0
51,The bowl is beneath the spoon.,beneath,False,False,True,False,http://images.cocodataset.org/train2017/000000326594.jpg,0,1
75,The person is at the left side of the truck.,at the left side of,True,True,True,True,http://images.cocodataset.org/train2017/000000570956.jpg,0,0
69,The book is behind the cat.,behind,False,False,True,False,http://images.cocodataset.org/train2017/000000014766.jpg,0,0
76,The microwave is under the cat.,under,False,False,True,False,http://images.cocodataset.org/train2017/000000019131.jpg,0,0
68,The dining table is beneath the pizza.,beneath,True,True,True,True,http://images.cocodataset.org/train2017/000000334085.jpg,0,0
70,The person is touching the hot dog.,touching,True,True,True,True,http://images.cocodataset.org/train2017/000000325473.jpg,0,0
79,The pizza is in the dog.,in,True,False,False,False,http://images.cocodataset.org/train2017/000000091057.jpg,0,0
74,The handbag is attached to the person.,attached to,False,False,True,"The user wants me to determine if the statement ""The handbag is attached to the person"" is true or false based on the image.

1.  **Analyze the image content**:
    *   There is a woman sitting on the edge of a bottom bunk bed.
    *   She is wearing a grey",http://images.cocodataset.org/train2017/000000398305.jpg,1,0
77,The handbag is beside the sink.,beside,True,True,True,True,http://images.cocodataset.org/train2017/000000022656.jpg,0,0
78,The bench is far from the teddy bear.,far from,True,False,False,"The user wants me to determine if the statement ""The bench is far from the teddy bear"" is true or false based on the image.

1.  **Identify the objects:**
    *   **Teddy bear:** There is a large stone teddy bear statue in the foreground on the left.
   ",http://images.cocodataset.org/train2017/000000306749.jpg,1,0
86,The person is above the cell phone.,above,False,False,True,False,http://images.cocodataset.org/train2017/000000574776.jpg,0,0
15,The bowl contains the apple.,contains,False,False,True,False,http://images.cocodataset.org/val2017/000000407825.jpg,0,2
88,The laptop is inside the train.,inside,True,True,True,True,http://images.cocodataset.org/train2017/000000224670.jpg,0,0
82,The bed is beneath the suitcase.,beneath,True,True,True,True,http://images.cocodataset.org/train2017/000000103582.jpg,0,0
89,The cat is at the edge of the umbrella.,at the edge of,True,False,False,False,http://images.cocodataset.org/train2017/000000158798.jpg,0,0
85,The pizza is at the left side of the dog.,at the left side of,True,True,True,True,http://images.cocodataset.org/train2017/000000508555.jpg,0,0
71,The broccoli is beside the bowl.,beside,False,False,True,False,http://images.cocodataset.org/train2017/000000355881.jpg,0,0
91,The toilet is below the cat.,below,True,True,True,True,http://images.cocodataset.org/train2017/000000258523.jpg,0,0
81,The cat is facing away from the tv.,facing away from,False,False,True,"The user wants me to determine if the statement ""The cat is facing away from the tv"" is true or false based on the image.

1.  **Analyze the image content**: The image shows a television screen displaying a football match. In the foreground, silhouetted against the bright screen, is a",http://images.cocodataset.org/train2017/000000469661.jpg,1,0
83,The person is inside the boat.,inside,True,True,True,True,http://images.cocodataset.org/train2017/000000450711.jpg,0,0
90,The person is touching the dining table.,touching,False,True,False,"The user wants me to determine if the statement ""The person is touching the dining table"" is true based on the image.

1.  **Analyze the image content**:
    *   **Foreground**: A large silver platter filled with food (sausages, meat, green beans, carrots) sits on",http://images.cocodataset.org/train2017/000000243970.jpg,1,0
80,The person is in front of the refrigerator.,in front of,True,True,True,True,http://images.cocodataset.org/train2017/000000261305.jpg,0,0
98,The pizza is at the edge of the dining table.,at the edge of,False,True,False,True,http://images.cocodataset.org/train2017/000000021563.jpg,0,0
95,The teddy bear is at the right side of the dog.,at the right side of,False,False,True,False,http://images.cocodataset.org/train2017/000000157616.jpg,0,0
92,The dog is in the car.,in,True,True,True,True,http://images.cocodataset.org/val2017/000000151962.jpg,0,0
96,The backpack is away from the bed.,away from,False,False,True,False,http://images.cocodataset.org/train2017/000000296696.jpg,0,0
97,The surfboard is on the truck.,on,True,True,True,True,http://images.cocodataset.org/train2017/000000313957.jpg,0,0
100,The book is beside the cat.,beside,True,True,True,True,http://images.cocodataset.org/train2017/000000403231.jpg,0,0
101,The cat is in the sink.,in,False,False,True,False,http://images.cocodataset.org/train2017/000000018819.jpg,0,0
66,The person is touching the pizza.,touching,False,False,True,False,http://images.cocodataset.org/train2017/000000144641.jpg,0,0
106,The parking meter is facing away from the person.,facing away from,False,False,True,False,http://images.cocodataset.org/train2017/000000567205.jpg,0,0
104,The pizza is below the cell phone.,below,False,False,True,False,http://images.cocodataset.org/train2017/000000435920.jpg,0,0
105,The person is above the giraffe.,above,True,False,False,False,http://images.cocodataset.org/train2017/000000578671.jpg,0,0
107,The dining table is at the right side of the refrigerator.,at the right side of,True,True,True,True,http://images.cocodataset.org/train2017/000000240709.jpg,0,0
94,The laptop is above the cat.,above,False,False,True,False,http://images.cocodataset.org/train2017/000000047848.jpg,0,0
110,The keyboard is at the right side of the apple.,at the right side of,True,True,True,True,http://images.cocodataset.org/train2017/000000511644.jpg,0,0
112,The dog is in the middle of the bed.,in the middle of,True,True,True,True,http://images.cocodataset.org/train2017/000000016297.jpg,0,0
103,The couch is near the dog.,near,True,True,True,True,http://images.cocodataset.org/train2017/000000286480.jpg,0,0
99,The suitcase is beside the cat.,beside,True,False,False,False,http://images.cocodataset.org/train2017/000000468951.jpg,0,0
102,The refrigerator contains the dog.,contains,True,False,False,False,http://images.cocodataset.org/train2017/000000350851.jpg,0,0
109,The bicycle is in front of the umbrella.,in front of,True,False,False,False,http://images.cocodataset.org/train2017/000000205613.jpg,0,0
93,The bed is under the umbrella.,under,True,False,False,"The user wants me to identify if the statement ""The bed is under the umbrella"" is true or false based on the image.

1.  **Analyze the image content**:
    *   **Top**: There is a thatched roof structure, which is a beach umbrella or parasol.
    *   **",http://images.cocodataset.org/train2017/000000263968.jpg,1,1
111,The person is surrounding the banana.,surrounding,False,False,True,False,http://images.cocodataset.org/train2017/000000119729.jpg,0,0
115,The handbag is on the person.,on,False,True,False,"The user wants me to determine if the statement ""The handbag is on the person"" is true based on the image.

1.  **Analyze the image content**: The image shows a woman sitting at a table, eating a pastry. She is wearing a purple cardigan over a striped shirt.
2. ",http://images.cocodataset.org/train2017/000000570560.jpg,1,0
113,The person is touching the cat.,touching,True,True,True,True,http://images.cocodataset.org/train2017/000000101348.jpg,0,0
116,The person is touching the teddy bear.,touching,True,True,True,True,http://images.cocodataset.org/train2017/000000387358.jpg,0,0
119,The dog is on the surfboard.,on,True,True,True,True,http://images.cocodataset.org/train2017/000000372029.jpg,0,0
117,The teddy bear is beneath the person.,beneath,True,False,False,False,http://images.cocodataset.org/train2017/000000332833.jpg,0,0
114,The person is facing the book.,facing,False,False,True,"The user wants me to determine if the statement ""The person is facing the book"" is true or false based on the image.

1.  **Analyze the person's orientation**: The person is sitting on a window sill. Their torso is angled slightly towards the window (to the right of the frame), but their",http://images.cocodataset.org/train2017/000000040114.jpg,1,0
121,The bed is touching the cat.,touching,True,True,True,True,http://images.cocodataset.org/train2017/000000067995.jpg,0,0
120,The cake is alongside the laptop.,alongside,True,True,True,True,http://images.cocodataset.org/train2017/000000518592.jpg,0,0
123,The bed is inside the truck.,inside,True,True,True,True,http://images.cocodataset.org/val2017/000000235399.jpg,0,0
87,The bus is far away from the train.,far away from,False,False,True,False,http://images.cocodataset.org/train2017/000000434867.jpg,0,2
126,The couch is in front of the bed.,in front of,True,False,False,False,http://images.cocodataset.org/train2017/000000305660.jpg,0,0
125,The horse is right of the person.,right of,False,False,True,False,http://images.cocodataset.org/train2017/000000532748.jpg,0,0
124,The bus is in front of the car.,in front of,False,False,True,False,http://images.cocodataset.org/train2017/000000244421.jpg,0,0
131,The cat is on top of the suitcase.,on top of,False,False,True,False,http://images.cocodataset.org/train2017/000000137413.jpg,0,0
122,The tv is across from the boat.,across from,True,False,False,"The statement is **False**.

**Reasoning:**
The image shows a dock with a boat in the background and a collection of items in the foreground, including several toilets and a black CRT television. The television is sitting on the dock, facing towards the right side of the image. The boat is located behind the",http://images.cocodataset.org/train2017/000000024215.jpg,1,0
132,The person is against the couch.,against,True,True,True,True,http://images.cocodataset.org/train2017/000000465143.jpg,0,0
134,The bench is under the dog.,under,False,False,True,False,http://images.cocodataset.org/val2017/000000549220.jpg,0,0
133,The chair is touching the bird.,touching,False,False,True,False,http://images.cocodataset.org/train2017/000000430238.jpg,0,0
135,The teddy bear is on top of the cake.,on top of,True,True,True,True,http://images.cocodataset.org/train2017/000000479563.jpg,0,0
137,The person is touching the refrigerator.,touching,False,False,True,False,http://images.cocodataset.org/train2017/000000518321.jpg,0,0
138,The book is on the teddy bear.,on,False,False,True,False,http://images.cocodataset.org/train2017/000000434672.jpg,0,0
139,The pizza is behind the sandwich.,behind,False,False,True,False,http://images.cocodataset.org/train2017/000000501756.jpg,0,0
136,The hot dog is far away from the bench.,far away from,False,False,True,False,http://images.cocodataset.org/train2017/000000292661.jpg,0,0
140,The bench is on the boat.,on,True,False,False,False,http://images.cocodataset.org/train2017/000000082678.jpg,0,0
141,The cat is into the handbag.,into,True,True,True,True,http://images.cocodataset.org/train2017/000000527529.jpg,0,0
142,The horse is behind the cat.,behind,True,False,False,False,http://images.cocodataset.org/train2017/000000485148.jpg,0,0
143,The cow is below the person.,below,True,True,True,True,http://images.cocodataset.org/train2017/000000120007.jpg,0,0
144,The oven is below the pizza.,below,True,False,False,"The user wants me to identify if the statement ""The oven is below the pizza"" is true or false based on the image.

1.  **Analyze the image content**:
    *   The image shows a freshly baked pizza on a black baking sheet.
    *   The baking sheet is being held by a",http://images.cocodataset.org/train2017/000000001536.jpg,1,0
20,The bus is away from the cup.,away from,True,,,"The user wants me to determine the truth value of the statement ""The bus is away from the cup"" based on the image.

1.  **Identify the objects:**
    *   **Cup:** There is a large white coffee cup in the immediate foreground on the left side of the image.
    *",http://images.cocodataset.org/train2017/000000067373.jpg,1,3
146,The dog is under the chair.,under,False,False,True,False,http://images.cocodataset.org/train2017/000000146623.jpg,0,0
148,The handbag is under the cat.,under,False,False,True,False,http://images.cocodataset.org/train2017/000000470862.jpg,0,0
147,The person is touching the refrigerator.,touching,False,True,False,"The user wants to know if the statement ""The person is touching the refrigerator"" is true based on the image.

1.  **Analyze the image content**: The image shows a young child (a toddler) standing in front of an open refrigerator.
2.  **Identify the subject**: The ""person""",http://images.cocodataset.org/train2017/000000407617.jpg,1,0
151,The pizza is off the dining table.,off,False,False,True,False,http://images.cocodataset.org/train2017/000000432035.jpg,0,0
145,The bench is over the cat.,over,False,False,True,False,http://images.cocodataset.org/train2017/000000107188.jpg,0,0
150,The bed is under the teddy bear.,under,True,True,True,True,http://images.cocodataset.org/train2017/000000580274.jpg,0,0
152,The boat is on the truck.,on,False,False,True,False,http://images.cocodataset.org/train2017/000000246233.jpg,0,0
149,The sandwich is touching the person.,touching,True,True,True,True,http://images.cocodataset.org/train2017/000000492164.jpg,0,0
154,The bus is behind the bicycle.,behind,True,True,True,True,http://images.cocodataset.org/train2017/000000469728.jpg,0,0
156,The person is facing away from the horse.,facing away from,True,False,False,False,http://images.cocodataset.org/train2017/000000004972.jpg,0,0
153,The cat is in front of the refrigerator.,in front of,True,True,True,True,http://images.cocodataset.org/train2017/000000117774.jpg,0,0
130,The hot dog is in the bowl.,in,True,False,False,False,http://images.cocodataset.org/train2017/000000428299.jpg,0,0
127,The cat is close to the tv.,close to,False,False,True,False,http://images.cocodataset.org/train2017/000000004622.jpg,0,0
129,The person is beneath the remote.,beneath,False,False,True,False,http://images.cocodataset.org/train2017/000000572296.jpg,0,0
118,The cell phone is at the right side of the person.,at the right side of,False,False,True,False,http://images.cocodataset.org/train2017/000000109488.jpg,0,1
155,The person is on the horse.,on,True,True,True,True,http://images.cocodataset.org/train2017/000000460033.jpg,0,0
161,The cat is at the edge of the laptop.,at the edge of,True,False,False,"The user wants me to determine if the statement ""The cat is at the edge of the laptop"" is true or false based on the image.

1.  **Analyze the image content**:
    *   There is a tortoiseshell cat curled up on a person's lap (wearing blue jeans).
",http://images.cocodataset.org/train2017/000000569310.jpg,1,0
162,The laptop is at the edge of the dining table.,at the edge of,False,False,True,False,http://images.cocodataset.org/train2017/000000372381.jpg,0,0
160,The vase is behind the cat.,behind,False,False,True,False,http://images.cocodataset.org/train2017/000000261225.jpg,0,0
159,The teddy bear is next to the wine glass.,next to,False,False,True,False,http://images.cocodataset.org/train2017/000000439117.jpg,0,0
163,The hot dog is far away from the bench.,far away from,False,False,True,False,http://images.cocodataset.org/train2017/000000330955.jpg,0,0
165,The elephant is in front of the truck.,in front of,False,False,True,False,http://images.cocodataset.org/train2017/000000027989.jpg,0,0
164,The bed is under the suitcase.,under,False,False,True,False,http://images.cocodataset.org/train2017/000000348816.jpg,0,0
170,The person is facing away from the cow.,facing away from,False,False,True,False,http://images.cocodataset.org/train2017/000000221771.jpg,0,0
24,The cup is beside the sandwich.,beside,True,True,True,"The user wants to know if the statement ""The cup is beside the sandwich"" is true based on the image.

1.  **Identify the objects:**
    *   **Cup:** There is a white cylindrical container with a metal rim and a spoon inside, containing a reddish liquid (likely soup).",http://images.cocodataset.org/train2017/000000202998.jpg,1,3
84,The clock is at the left side of the bird.,at the left side of,False,False,True,False,http://images.cocodataset.org/train2017/000000171067.jpg,0,3
169,The potted plant is at the side of the bench.,at the side of,True,True,True,True,http://images.cocodataset.org/train2017/000000139967.jpg,0,0
167,The person is touching the suitcase.,touching,False,False,True,False,http://images.cocodataset.org/val2017/000000375278.jpg,0,0
166,The bed is beside the bench.,beside,True,True,True,True,http://images.cocodataset.org/train2017/000000268227.jpg,0,0
172,The cat is away from the apple.,away from,True,True,True,True,http://images.cocodataset.org/train2017/000000389011.jpg,0,0
158,The cow is far away from the truck.,far away from,True,False,False,"The user wants me to determine if the statement ""The cow is far away from the truck"" is true or false based on the image.

1.  **Identify the subjects:**
    *   **Cow:** There is a large Highland cow lying on the grass in the immediate foreground.
    *   **Tr",http://images.cocodataset.org/train2017/000000484341.jpg,1,0
175,The person is away from the cake.,away from,True,False,False,False,http://images.cocodataset.org/train2017/000000398153.jpg,0,0
174,The cat is on top of the laptop.,on top of,False,False,True,False,http://images.cocodataset.org/train2017/000000452072.jpg,0,0
178,The toilet is in front of the truck.,in front of,True,True,True,True,http://images.cocodataset.org/train2017/000000127871.jpg,0,0
171,The teddy bear is facing the cow.,facing,True,False,False,False,http://images.cocodataset.org/train2017/000000459644.jpg,0,0
173,The cat is touching the keyboard.,touching,False,False,True,False,http://images.cocodataset.org/train2017/000000407390.jpg,0,0
184,The boat is in the tv.,in,True,True,True,True,http://images.cocodataset.org/train2017/000000344507.jpg,0,0
180,The suitcase is beneath the cat.,beneath,True,True,True,True,http://images.cocodataset.org/train2017/000000391632.jpg,0,0
182,The suitcase is within the cat.,within,False,False,True,False,http://images.cocodataset.org/train2017/000000103582.jpg,0,0
179,The bicycle is touching the bed.,touching,True,True,True,True,http://images.cocodataset.org/val2017/000000274687.jpg,0,0
181,The cup is at the right side of the cat.,at the right side of,True,True,True,True,http://images.cocodataset.org/train2017/000000248461.jpg,0,0
176,The couch is touching the cat.,touching,True,True,True,True,http://images.cocodataset.org/train2017/000000404754.jpg,0,0
183,The cat is at the pizza.,at,True,True,True,True,http://images.cocodataset.org/train2017/000000437857.jpg,0,0
177,The bicycle is in front of the cat.,in front of,True,True,True,True,http://images.cocodataset.org/val2017/000000109055.jpg,0,1
189,The bus is parallel to the motorcycle.,parallel to,True,True,True,True,http://images.cocodataset.org/train2017/000000087705.jpg,0,0
185,The truck is beneath the couch.,beneath,True,False,False,False,http://images.cocodataset.org/train2017/000000357537.jpg,0,0
190,The banana is at the left side of the cat.,at the left side of,True,True,True,True,http://images.cocodataset.org/train2017/000000259475.jpg,0,0
191,The sheep is inside the bottle.,inside,True,True,True,True,http://images.cocodataset.org/train2017/000000192236.jpg,0,0
192,The bed is adjacent to the couch.,adjacent to,False,False,True,False,http://images.cocodataset.org/train2017/000000221515.jpg,0,0
187,The dog is in front of the sports ball.,in front of,True,True,True,True,http://images.cocodataset.org/train2017/000000284772.jpg,0,0
193,The dog is next to the book.,next to,True,False,False,False,http://images.cocodataset.org/train2017/000000183453.jpg,0,0
188,The person is touching the dining table.,touching,True,True,True,"The user wants to know if the statement ""The person is touching the dining table"" is true based on the image.

1.  **Analyze the image content**: The image shows a person sitting at a wooden table.
2.  **Identify the person's pose**: The person is wearing a silver hat and",http://images.cocodataset.org/train2017/000000207475.jpg,1,0
196,The banana is over the person.,over,False,True,False,True,http://images.cocodataset.org/train2017/000000182812.jpg,0,0
195,The toilet is left of the cat.,left of,True,True,True,True,http://images.cocodataset.org/train2017/000000063950.jpg,0,0
197,The person is touching the cow.,touching,False,False,True,False,http://images.cocodataset.org/train2017/000000515186.jpg,0,0
199,The keyboard is below the apple.,below,True,True,True,True,http://images.cocodataset.org/train2017/000000203673.jpg,0,0
186,The couch is on top of the truck.,on top of,True,True,True,True,http://images.cocodataset.org/train2017/000000408975.jpg,0,0
201,The microwave is above the laptop.,above,False,False,True,False,http://images.cocodataset.org/val2017/000000160556.jpg,0,0
203,The donut is through the dog.,through,False,False,True,False,http://images.cocodataset.org/train2017/000000475967.jpg,0,0
202,The bed is touching the laptop.,touching,False,True,False,"The user wants to know if the statement ""The bed is touching the laptop"" is true based on the image.

1.  **Analyze the image content**: The image shows a man lying down, presumably on a bed (indicated by the pillow and relaxed posture). He is holding a laptop computer on his chest",http://images.cocodataset.org/train2017/000000522360.jpg,1,0
128,The laptop is off the pizza.,off,False,,,"The user wants me to determine the truth value of the statement ""The laptop is off the pizza"" based on the image.

1.  **Analyze the image content**: I see a white laptop sitting on a table. On top of the closed lid of the laptop, there is a slice of pizza.
2.",http://images.cocodataset.org/train2017/000000022953.jpg,1,3
207,The cat is at the right side of the bed.,at the right side of,True,False,False,"The user wants me to determine if the statement ""The cat is at the right side of the bed"" is true or false based on the image.

1.  **Analyze the image content**:
    *   The image shows a bed with a plaid bedspread.
    *   On the left side of",http://images.cocodataset.org/val2017/000000134882.jpg,1,0
198,The dining table is at the right side of the person.,at the right side of,False,False,True,"The user wants to know if the statement ""The dining table is at the right side of the person"" is true or false based on the image.

1.  **Identify the person:** A hand is visible on the left side of the image, holding a fork. This indicates the person is positioned on the left",http://images.cocodataset.org/train2017/000000362966.jpg,1,1
209,The car is far away from the cake.,far away from,True,True,True,True,http://images.cocodataset.org/train2017/000000108303.jpg,0,0
210,The pizza is right of the bottle.,right of,True,True,True,True,http://images.cocodataset.org/train2017/000000342259.jpg,0,0
208,The cat is touching the dining table.,touching,False,False,True,"The user wants to know if the statement ""The cat is touching the dining table"" is true or false based on the image.

1.  **Analyze the scene**: The image shows a tortoiseshell cat sitting on a cluttered desk or table.
2.  **Identify the cat's position**:",http://images.cocodataset.org/train2017/000000009735.jpg,1,0
200,The car is above the cat.,above,True,True,True,True,http://images.cocodataset.org/train2017/000000230224.jpg,0,0
108,The cake is ahead of the apple.,ahead of,True,,,"The user wants me to determine the truth value of the statement ""The cake is ahead of the apple"" based on the provided image.

1.  **Identify the objects:**
    *   **Cake:** There is a large, round cake with a nut topping in the bottom-left foreground of the image.
   ",http://images.cocodataset.org/train2017/000000020908.jpg,1,3
205,The cat is on top of the dining table.,on top of,True,True,True,True,http://images.cocodataset.org/train2017/000000568171.jpg,0,0
206,The suitcase is in front of the person.,in front of,False,False,True,False,http://images.cocodataset.org/train2017/000000261779.jpg,0,0
214,The cat is in the backpack.,in,True,True,True,True,http://images.cocodataset.org/train2017/000000477673.jpg,0,0
211,The bus is facing away from the cow.,facing away from,True,False,False,"The statement is **False**.

**Reasoning:**
1.  **Identify the objects:** The image shows a cow on the left side of the road and a bus on the right side.
2.  **Determine the bus's orientation:** The bus is moving from left to right (indicated by",http://images.cocodataset.org/train2017/000000162355.jpg,1,0
213,The laptop is facing the sandwich.,facing,True,False,False,False,http://images.cocodataset.org/train2017/000000302643.jpg,0,0
216,The horse is on top of the chair.,on top of,True,True,True,True,http://images.cocodataset.org/train2017/000000407220.jpg,0,0
217,The dog is inside the bus.,inside,False,False,True,False,http://images.cocodataset.org/train2017/000000033444.jpg,0,0
220,The person is alongside the teddy bear.,alongside,True,True,True,True,http://images.cocodataset.org/train2017/000000153892.jpg,0,0
218,The person is far from the bear.,far from,True,True,True,True,http://images.cocodataset.org/train2017/000000283942.jpg,0,0
219,The bird is on top of the clock.,on top of,False,False,True,False,http://images.cocodataset.org/train2017/000000510781.jpg,0,0
224,The person is touching the pizza.,touching,True,True,True,True,http://images.cocodataset.org/train2017/000000102330.jpg,0,0
204,The cat is on top of the handbag.,on top of,True,False,False,False,http://images.cocodataset.org/train2017/000000470521.jpg,0,0
221,The person is on top of the couch.,on top of,True,False,False,False,http://images.cocodataset.org/train2017/000000344814.jpg,0,0
225,The person is away from the sandwich.,away from,False,False,True,False,http://images.cocodataset.org/train2017/000000324513.jpg,0,0
222,The pizza is above the oven.,above,True,True,True,True,http://images.cocodataset.org/train2017/000000419473.jpg,0,0
227,The cow is in the truck.,in,False,False,True,False,http://images.cocodataset.org/train2017/000000486506.jpg,0,0
226,The cat is with the teddy bear.,with,False,False,True,False,http://images.cocodataset.org/val2017/000000520531.jpg,0,0
229,The dog is under the chair.,under,True,True,True,True,http://images.cocodataset.org/train2017/000000579591.jpg,0,0
223,The dog is on the couch.,on,False,False,True,False,http://images.cocodataset.org/train2017/000000283940.jpg,0,0
233,The dog is on the couch.,on,False,False,True,False,http://images.cocodataset.org/train2017/000000282287.jpg,0,0
228,The cat is touching the banana.,touching,True,True,True,True,http://images.cocodataset.org/train2017/000000066413.jpg,0,0
230,The teddy bear is facing away from the book.,facing away from,False,False,True,False,http://images.cocodataset.org/train2017/000000089870.jpg,0,0
232,The person is behind the bear.,behind,True,True,True,True,http://images.cocodataset.org/train2017/000000497662.jpg,0,0
234,The book is on top of the teddy bear.,on top of,False,False,True,False,http://images.cocodataset.org/train2017/000000148977.jpg,0,0
235,The teddy bear is on top of the bed.,on top of,True,True,True,True,http://images.cocodataset.org/train2017/000000010395.jpg,0,0
240,The oven is beneath the sandwich.,beneath,True,False,False,False,http://images.cocodataset.org/val2017/000000046463.jpg,0,0
238,The person is in the middle of the bed.,in the middle of,False,False,True,False,http://images.cocodataset.org/train2017/000000281475.jpg,0,0
241,The laptop is beside the teddy bear.,beside,True,True,True,True,http://images.cocodataset.org/train2017/000000113132.jpg,0,0
242,The cat is away from the couch.,away from,False,False,True,False,http://images.cocodataset.org/train2017/000000477137.jpg,0,0
243,The banana is touching the motorcycle.,touching,False,False,True,False,http://images.cocodataset.org/train2017/000000414258.jpg,0,0
168,The surfboard is connected to the truck.,connected to,False,False,True,False,http://images.cocodataset.org/train2017/000000083580.jpg,0,0
245,The truck is next to the motorcycle.,next to,True,True,True,True,http://images.cocodataset.org/train2017/000000137681.jpg,0,0
244,The cake is at the right side of the laptop.,at the right side of,True,True,True,True,http://images.cocodataset.org/train2017/000000393375.jpg,0,0
237,The cat is in the sink.,in,False,False,True,False,http://images.cocodataset.org/train2017/000000467675.jpg,0,0
236,The tv is under the cat.,under,True,True,True,True,http://images.cocodataset.org/train2017/000000379612.jpg,0,0
246,The couch is touching the bear.,touching,True,True,True,True,http://images.cocodataset.org/train2017/000000107571.jpg,0,0
249,The person is against the couch.,against,False,True,False,True,http://images.cocodataset.org/train2017/000000250400.jpg,0,0
251,The person is right of the refrigerator.,right of,False,False,True,False,http://images.cocodataset.org/train2017/000000462151.jpg,0,0
250,The laptop is facing the chair.,facing,True,True,True,"The statement ""The laptop is facing the chair"" is **True**.

**Reasoning:**
1.  **Orientation:** The laptop screen is visible and facing towards the left side of the image, where the person is sitting. The person is sitting in a chair (indicated by the black backrest on the",http://images.cocodataset.org/train2017/000000066376.jpg,1,0
239,The cat is facing away from the toilet.,facing away from,True,False,False,False,http://images.cocodataset.org/train2017/000000518156.jpg,0,0
253,The book is at the edge of the bench.,at the edge of,True,True,True,True,http://images.cocodataset.org/train2017/000000273772.jpg,0,0
257,The cat is on top of the pizza.,on top of,True,False,False,False,http://images.cocodataset.org/train2017/000000196480.jpg,0,0
247,The teddy bear is at the left side of the cat.,at the left side of,True,False,False,False,http://images.cocodataset.org/train2017/000000484174.jpg,0,0
256,The sink is in front of the person.,in front of,True,True,True,True,http://images.cocodataset.org/train2017/000000571334.jpg,0,0
258,The person is touching the teddy bear.,touching,True,True,True,True,http://images.cocodataset.org/train2017/000000438258.jpg,0,0
252,The bear is on the cake.,on,True,False,False,False,http://images.cocodataset.org/train2017/000000536517.jpg,0,0
254,The apple is on top of the orange.,on top of,True,True,True,True,http://images.cocodataset.org/train2017/000000273288.jpg,0,0
255,The cat is surrounding the remote.,surrounding,False,False,True,False,http://images.cocodataset.org/train2017/000000373623.jpg,0,0
259,The laptop is at the left side of the donut.,at the left side of,False,False,True,False,http://images.cocodataset.org/train2017/000000002570.jpg,0,0
264,The cow is in front of the person.,in front of,True,True,True,True,http://images.cocodataset.org/train2017/000000316536.jpg,0,0
260,The hot dog is in front of the banana.,in front of,True,False,False,False,http://images.cocodataset.org/train2017/000000029794.jpg,0,0
248,The truck is in front of the giraffe.,in front of,True,False,False,False,http://images.cocodataset.org/train2017/000000053748.jpg,0,0
265,The bed is off the teddy bear.,off,True,False,False,False,http://images.cocodataset.org/train2017/000000422803.jpg,0,0
263,The motorcycle is below the umbrella.,below,False,False,True,"The statement ""The motorcycle is below the umbrella"" is **False**.

**Reasoning:**
1.  **Identify the objects:** The image shows a man carrying a child on his shoulders under a large black umbrella. In the background, there are vehicles, including what appears to be a motorcycle or scooter on",http://images.cocodataset.org/train2017/000000575931.jpg,1,0
261,The bench is under the teddy bear.,under,True,False,False,False,http://images.cocodataset.org/train2017/000000147333.jpg,0,0
266,The person is close to the cake.,close to,True,True,True,True,http://images.cocodataset.org/train2017/000000111911.jpg,0,0
262,The tv is beneath the cat.,beneath,False,False,True,False,http://images.cocodataset.org/train2017/000000469317.jpg,0,0
231,The cow is above the cup.,above,True,True,True,True,http://images.cocodataset.org/train2017/000000576084.jpg,0,2
269,The cat is into the handbag.,into,False,True,False,True,http://images.cocodataset.org/train2017/000000122109.jpg,0,0
275,The dining table is under the suitcase.,under,True,False,False,False,http://images.cocodataset.org/train2017/000000534124.jpg,0,0
268,The truck is on top of the car.,on top of,False,False,True,False,http://images.cocodataset.org/train2017/000000004212.jpg,0,0
274,The cat is under the dog.,under,False,False,True,False,http://images.cocodataset.org/train2017/000000394976.jpg,0,0
267,The bus is in front of the boat.,in front of,True,False,False,False,http://images.cocodataset.org/val2017/000000449432.jpg,0,0
271,The microwave is behind the person.,behind,False,False,True,False,http://images.cocodataset.org/train2017/000000264255.jpg,0,0
272,The suitcase contains the cat.,contains,False,False,True,False,http://images.cocodataset.org/val2017/000000432468.jpg,0,0
270,The teddy bear is enclosed by the chair.,enclosed by,True,False,False,False,http://images.cocodataset.org/train2017/000000011222.jpg,0,0
277,The laptop is touching the person.,touching,True,True,True,"The user wants to know if the statement ""The laptop is touching the person"" is true based on the image.

1.  **Analyze the image content**: The image shows a laptop on a wooden desk. A fluffy cat is lying on the laptop's keyboard. A person's hand is visible on the right side",http://images.cocodataset.org/train2017/000000463865.jpg,1,0
276,The cake has as a part the laptop.,has as a part,False,False,True,False,http://images.cocodataset.org/train2017/000000518592.jpg,0,0
280,The person is facing the teddy bear.,facing,True,True,True,True,http://images.cocodataset.org/train2017/000000041753.jpg,0,0
281,The cat is enclosed by the sink.,enclosed by,False,False,True,False,http://images.cocodataset.org/train2017/000000461300.jpg,0,0
283,The airplane is far away from the bicycle.,far away from,True,True,True,True,http://images.cocodataset.org/val2017/000000388258.jpg,0,0
278,The car is behind the teddy bear.,behind,False,False,True,False,http://images.cocodataset.org/train2017/000000151764.jpg,0,0
284,The laptop is at the right side of the apple.,at the right side of,False,False,True,False,http://images.cocodataset.org/train2017/000000579201.jpg,0,0
279,The dining table is in front of the person.,in front of,False,False,True,False,http://images.cocodataset.org/train2017/000000126625.jpg,0,0
282,The chair is behind the person.,behind,True,True,True,True,http://images.cocodataset.org/train2017/000000540765.jpg,0,0
287,The person is touching the giraffe.,touching,False,True,False,True,http://images.cocodataset.org/train2017/000000388074.jpg,0,0
289,The keyboard is on top of the cat.,on top of,False,False,True,False,http://images.cocodataset.org/train2017/000000386361.jpg,0,0
290,The bench is close to the laptop.,close to,True,True,True,True,http://images.cocodataset.org/train2017/000000054723.jpg,0,0
285,The cat is touching the keyboard.,touching,True,True,True,True,http://images.cocodataset.org/train2017/000000438628.jpg,0,0
292,The cat is on the dining table.,on,False,False,True,False,http://images.cocodataset.org/train2017/000000452072.jpg,0,0
273,The cake is at the right side of the apple.,at the right side of,False,False,True,False,http://images.cocodataset.org/train2017/000000071664.jpg,0,1
288,The bench is right of the bed.,right of,True,True,True,True,http://images.cocodataset.org/train2017/000000262118.jpg,0,0
293,The cup contains the cat.,contains,False,False,True,False,http://images.cocodataset.org/train2017/000000296188.jpg,0,0
286,The pizza is touching the dining table.,touching,True,True,True,True,http://images.cocodataset.org/train2017/000000348973.jpg,0,0
297,The dining table is behind the person.,behind,True,False,False,False,http://images.cocodataset.org/train2017/000000160459.jpg,0,0
294,The book is next to the bed.,next to,True,True,True,True,http://images.cocodataset.org/val2017/000000297353.jpg,0,0
296,The banana is inside the bowl.,inside,False,False,True,False,http://images.cocodataset.org/train2017/000000090662.jpg,0,0
299,The suitcase is under the cat.,under,True,True,True,True,http://images.cocodataset.org/train2017/000000533686.jpg,0,0
298,The book is behind the teddy bear.,behind,True,False,False,False,http://images.cocodataset.org/train2017/000000514292.jpg,0,0
300,The truck contains the elephant.,contains,True,True,True,True,http://images.cocodataset.org/train2017/000000472250.jpg,0,0
295,The umbrella is over the person.,over,False,False,True,False,http://images.cocodataset.org/train2017/000000338431.jpg,0,0
302,The broccoli is at the right side of the pizza.,at the right side of,False,False,True,False,http://images.cocodataset.org/train2017/000000055707.jpg,0,0
303,The person is down from the cow.,down from,False,False,True,False,http://images.cocodataset.org/train2017/000000194022.jpg,0,0
306,The donut is next to the bowl.,next to,False,False,True,False,http://images.cocodataset.org/train2017/000000400869.jpg,0,0
305,The dog is on the bus.,on,False,False,True,False,http://images.cocodataset.org/train2017/000000225848.jpg,0,0
157,The chair is left of the teddy bear.,left of,True,,,"The user wants me to verify the statement ""The chair is left of the teddy bear"" based on the image.

1.  **Identify the objects:**
    *   **Teddy Bear:** There is a large, light brown teddy bear in the center of the image.
    *   **Chair",http://images.cocodataset.org/train2017/000000531568.jpg,1,3
304,The teddy bear is surrounding the umbrella.,surrounding,False,False,True,False,http://images.cocodataset.org/train2017/000000318168.jpg,0,0
307,The dog is on the bed.,on,True,True,True,True,http://images.cocodataset.org/train2017/000000386778.jpg,0,0
309,The person is behind the cat.,behind,True,True,True,True,http://images.cocodataset.org/train2017/000000228915.jpg,0,0
312,The dining table is behind the cat.,behind,True,True,True,True,http://images.cocodataset.org/train2017/000000452072.jpg,0,0
310,The suitcase is under the cat.,under,False,False,True,False,http://images.cocodataset.org/train2017/000000468951.jpg,0,0
313,The elephant is in the middle of the truck.,in the middle of,True,False,False,False,http://images.cocodataset.org/train2017/000000326593.jpg,0,0
311,The cat is touching the bed.,touching,False,False,True,False,http://images.cocodataset.org/train2017/000000530730.jpg,0,0
308,The apple is above the banana.,above,False,False,True,False,http://images.cocodataset.org/train2017/000000204351.jpg,0,0
315,The boat is behind the bicycle.,behind,True,True,True,True,http://images.cocodataset.org/train2017/000000390298.jpg,0,0
317,The couch is under the dog.,under,True,True,True,True,http://images.cocodataset.org/train2017/000000387930.jpg,0,0
316,The bed is detached from the person.,detached from,True,True,True,True,http://images.cocodataset.org/train2017/000000507385.jpg,0,0
318,The cat is on top of the microwave.,on top of,False,False,True,False,http://images.cocodataset.org/train2017/000000358359.jpg,0,0
320,The cat is over the tv.,over,False,False,True,False,http://images.cocodataset.org/train2017/000000396039.jpg,0,0
301,The car is in front of the truck.,in front of,False,False,True,False,http://images.cocodataset.org/train2017/000000279073.jpg,0,1
291,The book is behind the bus.,behind,False,False,True,"The statement ""The book is behind the bus"" is **False**.

**Reasoning:**
1.  **Identify the book:** The woman on the far left of the group is holding a yellow book or pamphlet in her hands.
2.  **Determine the position:** The woman is standing in",http://images.cocodataset.org/train2017/000000160407.jpg,1,1
321,The laptop is on top of the couch.,on top of,True,True,True,True,http://images.cocodataset.org/train2017/000000304434.jpg,0,0
322,The bed is off the umbrella.,off,False,False,True,False,http://images.cocodataset.org/train2017/000000133030.jpg,0,0
325,The pizza is touching the dog.,touching,False,True,False,True,http://images.cocodataset.org/train2017/000000508555.jpg,0,0
328,The dining table is touching the pizza.,touching,False,False,True,False,http://images.cocodataset.org/train2017/000000503456.jpg,0,0
324,The toaster is near the sandwich.,near,False,True,False,"The user wants to know if the statement ""The toaster is near the sandwich"" is true based on the image.

1.  **Identify the toaster**: The most prominent object in the foreground is a black Electrolux toaster. It is clearly visible and in focus.
2.  **Identify the sandwich**:",http://images.cocodataset.org/train2017/000000214725.jpg,1,0
329,The book is under the teddy bear.,under,False,False,True,False,http://images.cocodataset.org/train2017/000000469152.jpg,0,0
327,The zebra is ahead of the person.,ahead of,True,False,False,"The user wants to know if the statement ""The zebra is ahead of the person"" is true or false based on the image.

1.  **Identify the subjects**: The image shows a zebra standing on a paved road and a silver car. A person's arm is visible extending from the driver's side",http://images.cocodataset.org/train2017/000000236925.jpg,1,0
330,The umbrella is under the bird.,under,False,False,True,False,http://images.cocodataset.org/train2017/000000542205.jpg,0,0
323,The cat is in front of the bicycle.,in front of,True,True,True,True,http://images.cocodataset.org/train2017/000000446409.jpg,0,0
326,The potted plant is at the edge of the dining table.,at the edge of,False,True,False,True,http://images.cocodataset.org/train2017/000000053236.jpg,0,0
331,The chair is across from the bed.,across from,False,True,False,True,http://images.cocodataset.org/train2017/000000054401.jpg,0,0
334,The umbrella is touching the cat.,touching,True,True,True,True,http://images.cocodataset.org/train2017/000000305338.jpg,0,0
314,The microwave is opposite to the person.,opposite to,True,False,False,"The statement is **False**.

**Reasoning:**
The image shows a reflection of a person in the microwave door. In a reflection, the image seen is always facing the viewer (the person). Therefore, the person is facing the microwave, and the microwave is facing the person. Since they are facing each other",http://images.cocodataset.org/train2017/000000481828.jpg,1,1
338,The bus contains the person.,contains,True,True,True,True,http://images.cocodataset.org/train2017/000000159627.jpg,0,0
333,The fire hydrant is behind the bird.,behind,False,False,True,False,http://images.cocodataset.org/train2017/000000572804.jpg,0,0
340,The cake is at the edge of the laptop.,at the edge of,False,False,True,False,http://images.cocodataset.org/train2017/000000512569.jpg,0,0
335,The tv is above the laptop.,above,False,False,True,False,http://images.cocodataset.org/train2017/000000535185.jpg,0,0
342,The umbrella is at the right side of the cat.,at the right side of,False,False,True,False,http://images.cocodataset.org/train2017/000000158354.jpg,0,0
343,The surfboard is beside the dining table.,beside,True,True,True,True,http://images.cocodataset.org/train2017/000000177809.jpg,0,0
345,The couch is under the dog.,under,True,True,True,True,http://images.cocodataset.org/train2017/000000157616.jpg,0,0
336,The pizza is near the sandwich.,near,False,False,True,False,http://images.cocodataset.org/train2017/000000040934.jpg,0,0
346,The person is touching the hot dog.,touching,True,True,True,True,http://images.cocodataset.org/train2017/000000335532.jpg,0,0
339,The bed is in front of the couch.,in front of,False,False,True,False,http://images.cocodataset.org/train2017/000000456302.jpg,0,0
341,The car is under the dog.,under,False,False,True,False,http://images.cocodataset.org/train2017/000000282076.jpg,0,0
347,The person is touching the donut.,touching,True,True,True,"The user wants me to determine if the statement ""The person is touching the donut"" is true based on the image.

1.  **Analyze the image**: The image shows a close-up of a person's face. The person is holding a glazed donut with sprinkles in their mouth. Their teeth are",http://images.cocodataset.org/train2017/000000309607.jpg,1,0
319,The carrot is with the person.,with,False,False,True,"The statement ""The carrot is with the person"" is **False**.

**Reasoning:**
1.  **Identify the objects:** The image shows a plate of food containing a breaded cutlet, broccoli, a fried potato croquette, and a small, orange, cylindrical vegetable.
2.  **",http://images.cocodataset.org/train2017/000000170401.jpg,1,1
350,The dining table is behind the suitcase.,behind,False,False,True,False,http://images.cocodataset.org/train2017/000000108751.jpg,0,0
348,The teddy bear is behind the potted plant.,behind,True,False,False,False,http://images.cocodataset.org/train2017/000000082512.jpg,0,0
353,The teddy bear is next to the mouse.,next to,False,False,True,False,http://images.cocodataset.org/train2017/000000569024.jpg,0,0
351,The elephant is far away from the truck.,far away from,False,False,True,False,http://images.cocodataset.org/train2017/000000027989.jpg,0,0
355,The pizza is below the broccoli.,below,True,True,True,True,http://images.cocodataset.org/train2017/000000478981.jpg,0,0
194,The couch is at the right side of the umbrella.,at the right side of,False,,,"The user wants me to determine the truth value of the statement ""The couch is at the right side of the umbrella"" based on the provided image.

1.  **Identify the objects:**
    *   **Umbrella:** There is a large beige patio umbrella. Its pole is positioned on the left side",http://images.cocodataset.org/train2017/000000428329.jpg,1,3
354,The motorcycle is touching the cat.,touching,False,True,False,True,http://images.cocodataset.org/train2017/000000156506.jpg,0,0
349,The cat is on the laptop.,on,True,True,True,True,http://images.cocodataset.org/train2017/000000309568.jpg,0,0
360,The car is over the cat.,over,True,True,True,True,http://images.cocodataset.org/train2017/000000075742.jpg,0,0
361,The laptop is behind the sandwich.,behind,True,True,True,True,http://images.cocodataset.org/train2017/000000028320.jpg,0,0
358,The parking meter is far away from the car.,far away from,False,False,True,False,http://images.cocodataset.org/train2017/000000431357.jpg,0,0
359,The zebra is facing the car.,facing,False,False,True,False,http://images.cocodataset.org/train2017/000000473587.jpg,0,0
356,The dog is facing the boat.,facing,True,False,False,"The statement ""The dog is facing the boat"" is **False**.

**Reasoning:**
1.  **Orientation:** The dog is positioned between the legs of two people, facing towards the top of the image where the people's feet are located.
2.  **Context:** The setting appears to be the",http://images.cocodataset.org/train2017/000000030667.jpg,1,0
363,The sandwich is at the right side of the bowl.,at the right side of,False,False,True,False,http://images.cocodataset.org/train2017/000000116182.jpg,0,0
364,The cat is facing the tv.,facing,False,False,True,False,http://images.cocodataset.org/val2017/000000476810.jpg,0,0
365,The teddy bear is touching the couch.,touching,True,True,True,True,http://images.cocodataset.org/train2017/000000355971.jpg,0,0
362,The cat is facing the keyboard.,facing,False,False,True,False,http://images.cocodataset.org/train2017/000000530730.jpg,0,0
367,The cat is under the car.,under,True,True,True,True,http://images.cocodataset.org/train2017/000000521749.jpg,0,0
370,The dog is on the motorcycle.,on,False,False,True,False,http://images.cocodataset.org/train2017/000000168317.jpg,0,0
369,The person is at the left side of the broccoli.,at the left side of,False,True,False,True,http://images.cocodataset.org/train2017/000000379552.jpg,0,1
357,The person is facing the bear.,facing,True,True,True,True,http://images.cocodataset.org/train2017/000000541911.jpg,0,0
215,The person is at the right side of the cake.,at the right side of,False,,,"The user wants me to determine the truth value of the statement ""The person is at the right side of the cake"" based on the image.

1.  **Identify the objects:**
    *   **The person:** There is a man sitting at a table, facing the camera. He is positioned in the",http://images.cocodataset.org/train2017/000000046441.jpg,1,3
212,The book is below the bird.,below,False,,,"The user wants me to determine the truth value of the statement ""The book is below the bird"" based on the image.

1.  **Identify the bird**: The main subject is a white cockatoo perched on a gloved hand in the foreground.
2.  **Identify the book**: I",http://images.cocodataset.org/train2017/000000028134.jpg,1,3
374,The car is over the cat.,over,True,True,True,True,http://images.cocodataset.org/train2017/000000492485.jpg,0,0
375,The zebra is facing the person.,facing,True,True,True,True,http://images.cocodataset.org/train2017/000000263512.jpg,0,0
376,The sandwich is at the edge of the bowl.,at the edge of,True,False,False,False,http://images.cocodataset.org/train2017/000000570518.jpg,0,0
377,The bowl is surrounding the cat.,surrounding,False,False,True,False,http://images.cocodataset.org/train2017/000000146767.jpg,0,0
372,The cat is by the car.,by,False,True,False,True,http://images.cocodataset.org/train2017/000000113412.jpg,0,0
380,The tv is at the left side of the cat.,at the left side of,True,True,True,True,http://images.cocodataset.org/train2017/000000037907.jpg,0,0
379,The dining table is touching the teddy bear.,touching,True,False,False,False,http://images.cocodataset.org/train2017/000000451400.jpg,0,0
378,The person is beside the apple.,beside,True,True,True,True,http://images.cocodataset.org/train2017/000000157991.jpg,0,0
383,The person is touching the pizza.,touching,False,False,True,False,http://images.cocodataset.org/train2017/000000339159.jpg,0,0
352,The motorcycle is ahead of the airplane.,ahead of,False,False,True,False,http://images.cocodataset.org/val2017/000000114770.jpg,0,2
385,The person is facing the teddy bear.,facing,False,False,True,"The user wants me to determine if the statement ""The person is facing the teddy bear"" is true or false based on the image.

1.  **Analyze the image content**:
    *   There is a large yellow teddy bear sculpture in the background.
    *   There is a woman standing in",http://images.cocodataset.org/train2017/000000317797.jpg,1,0
384,The handbag is touching the book.,touching,False,True,False,"The user wants to know if the statement ""The handbag is touching the book"" is true based on the image.

1.  **Identify the objects:**
    *   **Handbag:** The large plaid bag at the top of the image.
    *   **Book:** The white paperback book titled",http://images.cocodataset.org/train2017/000000258509.jpg,1,0
386,The cat is on the keyboard.,on,True,True,True,True,http://images.cocodataset.org/train2017/000000418799.jpg,0,0
382,The elephant is facing away from the bus.,facing away from,True,True,True,True,http://images.cocodataset.org/train2017/000000149551.jpg,0,0
389,The cat is left of the potted plant.,left of,True,True,True,True,http://images.cocodataset.org/train2017/000000372870.jpg,0,0
390,The dog is at the right side of the horse.,at the right side of,False,False,True,False,http://images.cocodataset.org/train2017/000000471929.jpg,0,0
387,The cat is on top of the car.,on top of,True,True,True,True,http://images.cocodataset.org/train2017/000000341659.jpg,0,0
391,The car is under the cat.,under,True,False,False,False,http://images.cocodataset.org/train2017/000000316563.jpg,0,0
388,The chair is far from the airplane.,far from,False,False,True,False,http://images.cocodataset.org/train2017/000000367434.jpg,0,0
393,The train is above the bus.,above,True,True,True,True,http://images.cocodataset.org/train2017/000000282940.jpg,0,0
392,The cat is away from the umbrella.,away from,False,False,True,False,http://images.cocodataset.org/train2017/000000112719.jpg,0,0
368,The car is across from the motorcycle.,across from,False,True,False,True,http://images.cocodataset.org/train2017/000000173155.jpg,0,2
394,The horse is parallel to the cow.,parallel to,False,False,True,False,http://images.cocodataset.org/train2017/000000441774.jpg,0,0
396,The keyboard is under the apple.,under,False,False,True,False,http://images.cocodataset.org/train2017/000000511644.jpg,0,0
395,The teddy bear is under the cat.,under,False,False,True,False,http://images.cocodataset.org/train2017/000000192575.jpg,0,0
397,The suitcase is in front of the refrigerator.,in front of,True,False,False,False,http://images.cocodataset.org/train2017/000000561393.jpg,0,0
398,The person is in the middle of the umbrella.,in the middle of,True,False,False,False,http://images.cocodataset.org/train2017/000000001592.jpg,0,0
400,The bench is above the banana.,above,True,True,True,True,http://images.cocodataset.org/train2017/000000091576.jpg,0,0
403,The hot dog is in front of the banana.,in front of,False,False,True,False,http://images.cocodataset.org/train2017/000000165639.jpg,0,0
402,The suitcase is on the bed.,on,False,False,True,False,http://images.cocodataset.org/train2017/000000560332.jpg,0,0
401,The bench is behind the teddy bear.,behind,True,True,True,True,http://images.cocodataset.org/train2017/000000002839.jpg,0,0
405,The toilet is part of the train.,part of,False,False,True,False,http://images.cocodataset.org/train2017/000000391774.jpg,0,0
406,The parking meter is at the back of the truck.,at the back of,True,False,False,False,http://images.cocodataset.org/train2017/000000019185.jpg,0,0
407,The couch is part of the bed.,part of,False,False,True,False,http://images.cocodataset.org/train2017/000000557254.jpg,0,0
408,The horse is in front of the person.,in front of,True,True,True,True,http://images.cocodataset.org/train2017/000000532748.jpg,0,0
410,The teddy bear is facing the person.,facing,False,False,True,False,http://images.cocodataset.org/val2017/000000439773.jpg,0,0
411,The bench is touching the teddy bear.,touching,True,True,True,True,http://images.cocodataset.org/train2017/000000344974.jpg,0,0
412,The microwave is above the sandwich.,above,True,True,True,True,http://images.cocodataset.org/train2017/000000368844.jpg,0,0
409,The laptop is touching the cat.,touching,True,True,True,True,http://images.cocodataset.org/train2017/000000100588.jpg,0,0
415,The donut is beside the dog.,beside,False,False,True,False,http://images.cocodataset.org/train2017/000000117884.jpg,0,0
414,The cat is in the sink.,in,True,True,True,True,http://images.cocodataset.org/train2017/000000508846.jpg,0,0
416,The person is touching the pizza.,touching,True,True,True,True,http://images.cocodataset.org/train2017/000000363146.jpg,0,0
417,The cat is on top of the laptop.,on top of,True,True,True,True,http://images.cocodataset.org/train2017/000000272250.jpg,0,0
337,The motorcycle is away from the bird.,away from,True,,,"The user wants me to determine the truth value of the statement ""The motorcycle is away from the bird"" based on the image.

1.  **Identify the subjects**:
    *   **The bird**: There is a large African Grey parrot in the foreground, perched on a stand and eating from a",http://images.cocodataset.org/train2017/000000155777.jpg,1,3
332,The bus is away from the horse.,away from,False,,,"The user wants me to determine the truth value of the statement ""The bus is away from the horse"" based on the image.

1.  **Identify the ""bus"":** The most prominent vehicle in the image is the large, colorful food truck (a converted Citroën H Van) in the foreground.",http://images.cocodataset.org/train2017/000000411603.jpg,1,3
421,The person is in front of the bear.,in front of,True,True,True,True,http://images.cocodataset.org/train2017/000000290967.jpg,0,0
420,The cake is in front of the truck.,in front of,True,True,True,True,http://images.cocodataset.org/train2017/000000214873.jpg,0,0
344,The teddy bear is next to the wine glass.,next to,True,True,True,True,http://images.cocodataset.org/train2017/000000444343.jpg,0,3
423,The sink is near the pizza.,near,True,True,True,True,http://images.cocodataset.org/train2017/000000365139.jpg,0,0
424,The bed is facing the tv.,facing,False,True,False,"The statement ""The bed is facing the tv"" is **True**.

**Reasoning:**
1.  **Orientation:** The bed is positioned with its headboard against the left wall, meaning the length of the bed extends horizontally across the room. The foot of the bed is directed towards the right side of the",http://images.cocodataset.org/train2017/000000146850.jpg,1,0
422,The bench is touching the teddy bear.,touching,False,False,True,False,http://images.cocodataset.org/train2017/000000241324.jpg,0,0
425,The bowl is alongside the broccoli.,alongside,True,False,False,False,http://images.cocodataset.org/train2017/000000364803.jpg,0,0
426,The car is perpendicular to the motorcycle.,perpendicular to,False,True,False,"The user wants me to determine if the statement ""The car is perpendicular to the motorcycle"" is true based on the image.

1.  **Identify the objects:**
    *   **Motorcycle:** There is a police motorcycle in the center of the image, ridden by an officer. It is moving towards the",http://images.cocodataset.org/train2017/000000253054.jpg,1,0
428,The motorcycle is far away from the banana.,far away from,True,True,True,True,http://images.cocodataset.org/train2017/000000414258.jpg,0,0
371,The chair is opposite to the toilet.,opposite to,False,True,False,"The user wants me to determine if the statement ""The chair is opposite to the toilet"" is true based on the image.

1.  **Identify the objects:**
    *   **Toilet:** There is a white toilet on the right side of the image.
    *   **Chair:** There is a",http://images.cocodataset.org/train2017/000000243211.jpg,1,3
429,The pizza is opposite to the person.,opposite to,False,True,False,"The statement ""The pizza is opposite to the person"" is **True**.

**Reasoning:**
1.  **Identify the Person:** The person is visible on the left side of the image, represented by their arm and torso.
2.  **Identify the Pizza:** The pizza (or flatbread",http://images.cocodataset.org/train2017/000000442001.jpg,1,0
418,The bird is over the umbrella.,over,True,True,True,"The user wants me to determine if the statement ""The bird is over the umbrella"" is true based on the image.

1.  **Analyze the image content**:
    *   There is a large orange umbrella on the left side of the image.
    *   There is a small dark bird flying in the",http://images.cocodataset.org/train2017/000000137265.jpg,1,2
432,The person is touching the teddy bear.,touching,False,False,True,False,http://images.cocodataset.org/train2017/000000388344.jpg,0,0
433,The orange is touching the person.,touching,False,False,True,False,http://images.cocodataset.org/train2017/000000098127.jpg,0,0
434,The skateboard is behind the bed.,behind,True,False,False,False,http://images.cocodataset.org/train2017/000000030895.jpg,0,0
435,The apple is touching the banana.,touching,False,False,True,False,http://images.cocodataset.org/train2017/000000490871.jpg,0,0
381,The person is behind the cup.,behind,False,,,"The user wants me to determine the truth value of the statement ""The person is behind the cup"" based on the provided image.

1.  **Identify the objects:**
    *   **The person:** There is a man standing in the center of the room, wearing a red shirt and grey pants. He",http://images.cocodataset.org/train2017/000000486576.jpg,1,3
427,The dog is in the truck.,in,True,True,True,True,http://images.cocodataset.org/train2017/000000540774.jpg,0,0
430,The dining table is touching the banana.,touching,True,False,False,"The user wants me to determine if the statement ""The dining table is touching the banana"" is true or false based on the image.

1.  **Analyze the image content**: The image shows a banana, a small bowl of sauce, sliced almonds, a container of yogurt, and a blender. These items are",http://images.cocodataset.org/train2017/000000443397.jpg,1,0
373,The cup is far away from the bus.,far away from,False,,,"The user wants me to evaluate the statement ""The cup is far away from the bus"" based on the image.

1.  **Identify the objects:**
    *   **Bus:** There is a large red double-decker bus dominating the center and right side of the image.
    *   **Cup",http://images.cocodataset.org/train2017/000000098943.jpg,1,3
431,The bicycle is beneath the bird.,beneath,True,True,True,True,http://images.cocodataset.org/train2017/000000158869.jpg,0,0
366,The car is away from the truck.,away from,True,,,"The user wants me to determine the truth value of the statement ""The car is away from the truck"" based on the provided image.

1.  **Identify the objects:**
    *   **Car:** There is a prominent yellow NYC taxi (an SUV) in the foreground on the right side of the image",http://images.cocodataset.org/train2017/000000051985.jpg,1,3
437,The cat is inside the suitcase.,inside,False,False,True,False,http://images.cocodataset.org/train2017/000000490689.jpg,0,0
439,The bench is facing away from the car.,facing away from,False,False,True,"The user wants me to determine if the statement ""The bench is facing away from the car"" is true or false based on the image.

1.  **Identify the objects:**
    *   **The Bench:** There is a large, wooden, sled-like structure in the center of the image. It has",http://images.cocodataset.org/train2017/000000506483.jpg,1,0
444,The cat is on the bench.,on,False,False,True,False,http://images.cocodataset.org/train2017/000000387295.jpg,0,0
445,The book contains the car.,contains,True,False,False,False,http://images.cocodataset.org/train2017/000000541725.jpg,0,0
443,The laptop is on the bench.,on,False,False,True,False,http://images.cocodataset.org/train2017/000000054723.jpg,0,0
413,The cake is under the cat.,under,False,False,True,False,http://images.cocodataset.org/train2017/000000402448.jpg,0,0
447,The toilet is under the train.,under,True,False,False,False,http://images.cocodataset.org/train2017/000000391774.jpg,0,0
448,The cat is touching the tv.,touching,True,True,True,True,http://images.cocodataset.org/train2017/000000025421.jpg,0,0
436,The truck is beneath the surfboard.,beneath,True,True,True,True,http://images.cocodataset.org/train2017/000000417210.jpg,0,0
449,The pizza is on top of the oven.,on top of,False,False,True,False,http://images.cocodataset.org/train2017/000000155604.jpg,0,0
451,The donut is touching the cup.,touching,False,False,True,False,http://images.cocodataset.org/train2017/000000398093.jpg,0,0
450,The potted plant is alongside the train.,alongside,False,True,False,True,http://images.cocodataset.org/train2017/000000435481.jpg,0,0
440,The dining table is above the hot dog.,above,False,False,True,False,http://images.cocodataset.org/train2017/000000538544.jpg,0,0
452,The person is on top of the zebra.,on top of,True,True,True,True,http://images.cocodataset.org/train2017/000000509225.jpg,0,0
441,The boat is attached to the train.,attached to,True,True,True,True,http://images.cocodataset.org/train2017/000000284873.jpg,0,0
442,The dog is on top of the bed.,on top of,False,False,True,False,http://images.cocodataset.org/train2017/000000424432.jpg,0,0
453,The bed is touching the bicycle.,touching,True,True,True,True,http://images.cocodataset.org/train2017/000000002139.jpg,0,0
454,The person is far away from the bear.,far away from,True,False,False,False,http://images.cocodataset.org/train2017/000000094926.jpg,0,0
455,The dining table is touching the teddy bear.,touching,False,False,True,False,http://images.cocodataset.org/train2017/000000479563.jpg,0,0
459,The dog is on the surfboard.,on,False,False,True,False,http://images.cocodataset.org/train2017/000000580248.jpg,0,0
458,The bench is touching the cat.,touching,True,True,True,True,http://images.cocodataset.org/train2017/000000109869.jpg,0,0
463,The teddy bear is on top of the dining table.,on top of,True,True,True,True,http://images.cocodataset.org/train2017/000000276413.jpg,0,0
461,The person is touching the donut.,touching,False,False,True,False,http://images.cocodataset.org/train2017/000000303718.jpg,0,0
464,The cup is behind the hot dog.,behind,False,False,True,False,http://images.cocodataset.org/train2017/000000289199.jpg,0,0
404,The umbrella is at the right side of the cat.,at the right side of,False,,,"The user wants me to determine the truth value of the statement ""The umbrella is at the right side of the cat"" based on the image.

1.  **Analyze the image content**:
    *   There is a tortoiseshell cat lying on a cobblestone surface.
    *   There is",http://images.cocodataset.org/train2017/000000466789.jpg,1,3
465,The bed is touching the backpack.,touching,True,False,False,False,http://images.cocodataset.org/train2017/000000303534.jpg,0,0
457,The dog is under the bench.,under,False,False,True,False,http://images.cocodataset.org/train2017/000000579760.jpg,0,0
467,The laptop is behind the cat.,behind,False,False,True,False,http://images.cocodataset.org/train2017/000000119360.jpg,0,0
466,The microwave is beneath the cat.,beneath,False,False,True,False,http://images.cocodataset.org/train2017/000000358359.jpg,0,0
468,The dining table is in front of the cat.,in front of,True,True,True,True,http://images.cocodataset.org/train2017/000000349511.jpg,0,0
399,The bus is in front of the traffic light.,in front of,False,,,"The user wants me to determine the truth value of the statement ""The bus is in front of the traffic light"" based on the image.

1.  **Analyze the image content**:
    *   **Foreground**: A large traffic light structure is prominent. It features a red light at the top, two """,http://images.cocodataset.org/train2017/000000303765.jpg,1,3
470,The person is at the right side of the chair.,at the right side of,False,False,True,False,http://images.cocodataset.org/train2017/000000356764.jpg,0,0
474,The orange is at the left side of the bowl.,at the left side of,True,True,True,True,http://images.cocodataset.org/train2017/000000553586.jpg,0,0
469,The wine glass is in front of the person.,in front of,False,False,True,"The user wants me to determine if the statement ""The wine glass is in front of the person"" is true or false based on the image.

1.  **Identify the objects:** I see a wine glass in the foreground on the left and a wine bottle on the right. In the background, there are the",http://images.cocodataset.org/train2017/000000072872.jpg,1,0
472,The suitcase is in front of the bench.,in front of,True,False,False,False,http://images.cocodataset.org/train2017/000000256533.jpg,0,0
475,The person is touching the broccoli.,touching,True,True,True,True,http://images.cocodataset.org/train2017/000000204467.jpg,0,0
473,The cat is next to the bed.,next to,True,True,True,True,http://images.cocodataset.org/train2017/000000268227.jpg,0,0
476,The laptop is in front of the teddy bear.,in front of,True,True,True,True,http://images.cocodataset.org/train2017/000000402858.jpg,0,0
446,The refrigerator is behind the person.,behind,True,True,True,True,http://images.cocodataset.org/train2017/000000272253.jpg,0,0
479,The dining table is touching the donut.,touching,True,True,True,True,http://images.cocodataset.org/train2017/000000392387.jpg,0,0
481,The dog is on top of the motorcycle.,on top of,True,True,True,True,http://images.cocodataset.org/train2017/000000089579.jpg,0,0
478,The dog is touching the pizza.,touching,False,False,True,False,http://images.cocodataset.org/train2017/000000473720.jpg,0,0
477,The person is touching the giraffe.,touching,True,True,True,True,http://images.cocodataset.org/train2017/000000527183.jpg,0,0
480,The zebra is at the back of the truck.,at the back of,False,False,True,False,http://images.cocodataset.org/train2017/000000341457.jpg,0,0
485,The book is at the right side of the teddy bear.,at the right side of,True,True,True,True,http://images.cocodataset.org/train2017/000000503996.jpg,0,0
482,The person is behind the donut.,behind,True,True,True,True,http://images.cocodataset.org/train2017/000000051522.jpg,0,0
483,The handbag is right of the bed.,right of,True,True,True,True,http://images.cocodataset.org/train2017/000000069214.jpg,0,0
438,The person is opposite to the tv.,opposite to,False,False,True,False,http://images.cocodataset.org/train2017/000000561630.jpg,0,2
488,The sandwich is touching the dining table.,touching,True,False,False,False,http://images.cocodataset.org/train2017/000000116572.jpg,0,0
487,The refrigerator is behind the person.,behind,True,True,True,True,http://images.cocodataset.org/train2017/000000041710.jpg,0,0
462,The giraffe is touching the person.,touching,False,False,True,False,http://images.cocodataset.org/train2017/000000558163.jpg,0,0
484,The cat is toward the teddy bear.,toward,True,True,True,True,http://images.cocodataset.org/train2017/000000192575.jpg,0,0
460,The wine glass is next to the potted plant.,next to,False,False,True,False,http://images.cocodataset.org/train2017/000000275449.jpg,0,0
486,The horse is on the bus.,on,True,True,True,"The user wants me to identify if the statement ""The horse is on the bus"" is true based on the image.

1.  **Analyze the image content**: The image shows a red double-decker bus, specifically a ""Madrid City Tour"" bus.
2.  **Locate the ""horse""",http://images.cocodataset.org/train2017/000000460143.jpg,1,0
494,The truck is at the left side of the bed.,at the left side of,True,True,True,True,http://images.cocodataset.org/train2017/000000172006.jpg,0,0
492,The couch is beneath the cat.,beneath,True,True,True,True,http://images.cocodataset.org/train2017/000000397894.jpg,0,0
419,The bowl is over the sandwich.,over,True,,,"The user wants me to determine the truth value of the statement ""The bowl is over the sandwich"" based on the provided image.

1.  **Identify the objects:**
    *   **Bowl:** There is a large blue bowl held by the woman in the foreground. It contains a mixture (likely stuffing",http://images.cocodataset.org/train2017/000000058425.jpg,1,3
493,The cat is on top of the chair.,on top of,True,True,True,True,http://images.cocodataset.org/train2017/000000523536.jpg,0,0
496,The bed is touching the book.,touching,True,True,True,True,http://images.cocodataset.org/train2017/000000044989.jpg,0,0
490,The suitcase consists of the cat.,consists of,False,False,True,False,http://images.cocodataset.org/train2017/000000273607.jpg,0,0
497,The person is touching the cake.,touching,True,True,True,True,http://images.cocodataset.org/train2017/000000148176.jpg,0,0
501,The car is down from the parking meter.,down from,True,False,False,False,http://images.cocodataset.org/train2017/000000208824.jpg,0,0
502,The teddy bear is on top of the book.,on top of,True,True,True,True,http://images.cocodataset.org/train2017/000000312298.jpg,0,0
489,The refrigerator is near the oven.,near,True,True,True,True,http://images.cocodataset.org/train2017/000000243280.jpg,0,0
499,The chair is beneath the horse.,beneath,True,False,False,"The statement ""The chair is beneath the horse"" is **False**.

**Reasoning:**
In the image, the horse is standing on top of the seat of the giant red chair. Spatially, this means the horse is **above** the chair, and the chair is **beneath** the horse",http://images.cocodataset.org/train2017/000000572358.jpg,1,0
504,The refrigerator is behind the dining table.,behind,False,False,True,False,http://images.cocodataset.org/train2017/000000243442.jpg,0,0
498,The pizza is in the oven.,in,True,True,True,True,http://images.cocodataset.org/train2017/000000171330.jpg,0,0
491,The laptop is at the left side of the teddy bear.,at the left side of,True,True,True,True,http://images.cocodataset.org/train2017/000000488977.jpg,0,0
506,The backpack is touching the cat.,touching,False,False,True,False,http://images.cocodataset.org/train2017/000000536321.jpg,0,0
505,The oven is close to the cake.,close to,False,False,True,False,http://images.cocodataset.org/train2017/000000558271.jpg,0,0
509,The person is touching the sheep.,touching,True,True,True,True,http://images.cocodataset.org/val2017/000000500477.jpg,0,0
510,The surfboard is in front of the bicycle.,in front of,False,False,True,False,http://images.cocodataset.org/train2017/000000515743.jpg,0,0
500,The cake consists of the car.,consists of,True,True,True,True,http://images.cocodataset.org/train2017/000000045188.jpg,0,0
508,The suitcase is parallel to the couch.,parallel to,True,False,False,"The user wants me to determine if the statement ""The suitcase is parallel to the couch"" is true or false based on the image.

1.  **Identify the couch**: The couch is the large, light-colored, tufted piece of furniture dominating the center of the image. It is oriented horizontally across the",http://images.cocodataset.org/train2017/000000479539.jpg,1,0
512,The person is in the microwave.,in,True,False,False,False,http://images.cocodataset.org/train2017/000000264255.jpg,0,0
516,The kite is above the person.,above,False,False,True,False,http://images.cocodataset.org/val2017/000000099024.jpg,0,0
518,The orange is in front of the banana.,in front of,False,False,True,False,http://images.cocodataset.org/train2017/000000238989.jpg,0,0
507,The cat is on top of the chair.,on top of,False,False,True,False,http://images.cocodataset.org/train2017/000000234599.jpg,0,0
513,The cat is facing the laptop.,facing,True,True,True,True,http://images.cocodataset.org/train2017/000000573877.jpg,0,0
515,The bed is touching the umbrella.,touching,True,True,True,"The user wants to know if the statement ""The bed is touching the umbrella"" is true based on the image.

1.  **Identify the objects:**
    *   **Bed:** The large white surface with pillows and a headboard in the background. The items are laid out on top of the bed.
",http://images.cocodataset.org/train2017/000000179476.jpg,1,0
520,The orange is at the right side of the bird.,at the right side of,False,False,True,False,http://images.cocodataset.org/train2017/000000514600.jpg,0,0
514,The truck contains the couch.,contains,True,True,True,True,http://images.cocodataset.org/train2017/000000028333.jpg,0,0
522,The bed is under the dog.,under,False,False,True,False,http://images.cocodataset.org/train2017/000000422301.jpg,0,0
511,The teddy bear is on the bicycle.,on,False,False,True,False,http://images.cocodataset.org/train2017/000000305923.jpg,0,0
521,The sink is beneath the teddy bear.,beneath,True,True,True,True,http://images.cocodataset.org/train2017/000000329551.jpg,0,0
517,The truck contains the elephant.,contains,False,False,True,False,http://images.cocodataset.org/train2017/000000116675.jpg,0,0
523,The teddy bear is facing the book.,facing,False,False,True,False,http://images.cocodataset.org/train2017/000000361778.jpg,0,0
519,The banana is on top of the book.,on top of,True,True,True,True,http://images.cocodataset.org/train2017/000000428375.jpg,0,0
524,The cup is in front of the pizza.,in front of,False,False,True,False,http://images.cocodataset.org/val2017/000000520871.jpg,0,0
530,The zebra is behind the person.,behind,True,True,True,True,http://images.cocodataset.org/train2017/000000171805.jpg,0,0
526,The cat is on top of the backpack.,on top of,True,True,True,True,http://images.cocodataset.org/train2017/000000262371.jpg,0,0
528,The apple is touching the dog.,touching,True,True,True,True,http://images.cocodataset.org/train2017/000000459084.jpg,0,0
525,The clock is over the cat.,over,False,False,True,False,http://images.cocodataset.org/train2017/000000275219.jpg,0,0
533,The sandwich is touching the person.,touching,True,True,True,True,http://images.cocodataset.org/train2017/000000328326.jpg,0,0
527,The cat is in the suitcase.,in,True,True,True,True,http://images.cocodataset.org/train2017/000000005142.jpg,0,0
532,The person is touching the pizza.,touching,False,False,True,False,http://images.cocodataset.org/train2017/000000083508.jpg,0,0
529,The cat is outside the toilet.,outside,False,False,True,False,http://images.cocodataset.org/train2017/000000439364.jpg,0,0
534,The dog is on the teddy bear.,on,True,True,True,True,http://images.cocodataset.org/train2017/000000139355.jpg,0,0
537,The laptop is touching the cat.,touching,True,True,True,True,http://images.cocodataset.org/train2017/000000212605.jpg,0,0
536,The cake is part of the sheep.,part of,True,False,False,False,http://images.cocodataset.org/train2017/000000363793.jpg,0,0
539,The cat is adjacent to the apple.,adjacent to,True,True,True,True,http://images.cocodataset.org/train2017/000000003067.jpg,0,0
542,The truck is inside the dog.,inside,False,False,True,False,http://images.cocodataset.org/train2017/000000168317.jpg,0,0
535,The pizza is touching the person.,touching,False,False,True,False,http://images.cocodataset.org/train2017/000000163186.jpg,0,0
531,The cake is on top of the keyboard.,on top of,False,False,True,False,http://images.cocodataset.org/train2017/000000345602.jpg,0,0
540,The teddy bear is in the middle of the bench.,in the middle of,False,False,True,False,http://images.cocodataset.org/train2017/000000506842.jpg,0,0
545,The potted plant is right of the bench.,right of,True,True,True,True,http://images.cocodataset.org/val2017/000000437514.jpg,0,0
546,The cat is inside the suitcase.,inside,False,False,True,False,http://images.cocodataset.org/train2017/000000482994.jpg,0,0
503,The cat is in the middle of the bench.,in the middle of,True,False,False,False,http://images.cocodataset.org/train2017/000000564371.jpg,0,0
495,The person is in front of the dog.,in front of,True,True,True,True,http://images.cocodataset.org/train2017/000000378466.jpg,0,0
549,The bus is far away from the skateboard.,far away from,False,False,True,False,http://images.cocodataset.org/train2017/000000530653.jpg,0,0
544,The skateboard is parallel to the couch.,parallel to,True,False,False,"The user wants me to determine if the statement ""The skateboard is parallel to the couch"" is true or false based on the image.

1.  **Analyze the orientation of the couch:** The couch is located in the background. Its front edge runs horizontally across the image, from left to right. This establishes the",http://images.cocodataset.org/train2017/000000170584.jpg,1,0
551,The cat is touching the keyboard.,touching,False,False,True,False,http://images.cocodataset.org/train2017/000000198561.jpg,0,0
553,The potted plant is right of the train.,right of,True,True,True,True,http://images.cocodataset.org/train2017/000000518546.jpg,0,0
541,The person is on top of the elephant.,on top of,False,False,True,False,http://images.cocodataset.org/train2017/000000494896.jpg,0,0
555,The dining table is over the cat.,over,True,False,False,False,http://images.cocodataset.org/train2017/000000104150.jpg,0,0
556,The truck is at the back of the surfboard.,at the back of,False,False,True,False,http://images.cocodataset.org/train2017/000000209791.jpg,0,0
543,The person is along the couch.,along,False,True,False,"The statement ""The person is along the couch"" is **True**.

**Reasoning:**
1.  **Visual Evidence:** The image shows a man sitting on a couch. He is positioned in the corner of the couch, leaning back against the armrest and the cushions. His body is angled diagonally,",http://images.cocodataset.org/train2017/000000192835.jpg,1,0
560,The person is far away from the potted plant.,far away from,False,False,True,False,http://images.cocodataset.org/train2017/000000322720.jpg,0,0
547,The elephant is inside the truck.,inside,False,False,True,False,http://images.cocodataset.org/train2017/000000028251.jpg,0,0
559,The dog is under the dining table.,under,False,False,True,False,http://images.cocodataset.org/train2017/000000250424.jpg,0,0
550,The bed is next to the person.,next to,False,True,False,True,http://images.cocodataset.org/train2017/000000514749.jpg,0,0
563,The bench is beneath the teddy bear.,beneath,True,True,True,True,http://images.cocodataset.org/train2017/000000506842.jpg,0,0
558,The bird is facing away from the cat.,facing away from,True,True,True,True,http://images.cocodataset.org/train2017/000000072556.jpg,0,0
565,The dog is perpendicular to the couch.,perpendicular to,False,False,True,"The statement ""The dog is perpendicular to the couch"" is **False**.

**Reasoning:**
1.  **Orientation of the Couch:** The couch is positioned horizontally across the frame, with its backrest running from left to right.
2.  **Orientation of the Dog:** The dog is lying down along",http://images.cocodataset.org/train2017/000000170898.jpg,1,0
566,The traffic light is far away from the person.,far away from,True,False,False,"The user wants me to determine if the statement ""The traffic light is far away from the person"" is true or false based on the image.

1.  **Analyze the image content**:
    *   **Foreground**: A large, weathered traffic light is the dominant subject. It is very close to the",http://images.cocodataset.org/train2017/000000011788.jpg,1,0
562,The cat is on top of the car.,on top of,True,True,True,True,http://images.cocodataset.org/train2017/000000061389.jpg,0,0
564,The sheep is facing away from the person.,facing away from,False,False,True,False,http://images.cocodataset.org/train2017/000000091656.jpg,0,0
569,The laptop is on the couch.,on,True,True,True,True,http://images.cocodataset.org/train2017/000000192835.jpg,0,0
548,The laptop is left of the sandwich.,left of,True,True,True,True,http://images.cocodataset.org/train2017/000000349230.jpg,0,1
567,The teddy bear is adjacent to the cup.,adjacent to,True,True,True,True,http://images.cocodataset.org/train2017/000000188053.jpg,0,0
561,The bed is surrounding the cat.,surrounding,False,False,True,False,http://images.cocodataset.org/train2017/000000085933.jpg,0,0
554,The bed is at the back of the couch.,at the back of,False,False,True,"The statement ""The bed is at the back of the couch"" is **False**.

**Reasoning:**
1.  **Identify the objects:** The image shows a hotel room. There is a **couch** (sofa) in the center-right of the room. There is a **bed**",http://images.cocodataset.org/train2017/000000208557.jpg,1,0
557,The sink is behind the person.,behind,True,True,True,True,http://images.cocodataset.org/train2017/000000107565.jpg,0,0
568,The horse is touching the person.,touching,True,True,True,True,http://images.cocodataset.org/train2017/000000326801.jpg,0,0
574,The book is at the left side of the pizza.,at the left side of,True,True,True,True,http://images.cocodataset.org/train2017/000000469936.jpg,0,0
570,The donut is at the right side of the bowl.,at the right side of,False,False,True,False,http://images.cocodataset.org/train2017/000000435620.jpg,0,0
538,The laptop is left of the tv.,left of,True,False,False,"The user wants me to identify if the statement ""The laptop is left of the tv"" is true or false based on the image.

1.  **Identify the objects:**
    *   **Laptop:** There is a laptop computer visible on the left side of the image. It has a screen displaying text",http://images.cocodataset.org/train2017/000000407386.jpg,1,2
572,The donut is touching the cup.,touching,False,False,True,False,http://images.cocodataset.org/train2017/000000302678.jpg,0,0
577,The carrot is at the side of the cat.,at the side of,True,False,False,False,http://images.cocodataset.org/train2017/000000579773.jpg,0,0
576,The train is below the clock.,below,True,True,True,"The user wants me to determine if the statement ""The train is below the clock"" is true based on the image.

1.  **Analyze the image content**:
    *   **Clock**: There is a large, prominent clock face in the center of the image. It is mounted on a post or pillar",http://images.cocodataset.org/train2017/000000334735.jpg,1,0
578,The dining table is touching the person.,touching,False,False,True,"The user wants me to determine if the statement ""The dining table is touching the person"" is true or false based on the image.

1.  **Analyze the image content**:
    *   **Foreground**: There is a round, light-colored table. On the table, there is a plate of food (",http://images.cocodataset.org/train2017/000000508470.jpg,1,0
579,The cat is on the suitcase.,on,False,False,True,"The user wants me to identify if the statement ""The cat is on the suitcase"" is true or false based on the image.

1.  **Analyze the image content**: The image shows a black cat curled up inside an open suitcase. The suitcase is lying flat on the floor, and the cat is nestled within",http://images.cocodataset.org/train2017/000000335092.jpg,1,0
581,The dining table is under the cat.,under,True,True,True,True,http://images.cocodataset.org/train2017/000000320089.jpg,0,0
571,The vase is toward the person.,toward,False,False,True,"The user wants me to determine if the statement ""The vase is toward the person"" is true or false based on the image.

1.  **Analyze the image content**:
    *   The image shows a large blue and white porcelain jar (often referred to as a vase) displayed in a glass case.
",http://images.cocodataset.org/train2017/000000230238.jpg,1,1
582,The banana is facing the cat.,facing,False,True,False,True,http://images.cocodataset.org/train2017/000000481313.jpg,0,0
583,The pizza is in front of the person.,in front of,False,True,False,True,http://images.cocodataset.org/train2017/000000328270.jpg,0,0
580,The bench is far away from the hot dog.,far away from,True,True,True,True,http://images.cocodataset.org/train2017/000000443165.jpg,0,0
573,The person is outside the car.,outside,False,False,True,False,http://images.cocodataset.org/train2017/000000354398.jpg,0,0
585,The bed is left of the bench.,left of,False,False,True,False,http://images.cocodataset.org/train2017/000000075458.jpg,0,0
575,The teddy bear is beneath the umbrella.,beneath,False,False,True,False,http://images.cocodataset.org/train2017/000000473779.jpg,0,1
584,The train contains the chair.,contains,False,False,True,False,http://images.cocodataset.org/train2017/000000012681.jpg,0,0
456,The parking meter is opposite to the car.,opposite to,False,False,True,"The statement ""The parking meter is opposite to the car"" is **False**.

**Reasoning:**
In the image, the parking meter is positioned in the foreground, and the car is located in the background to the left. The meter is facing the viewer (the camera), while the car is facing away from",http://images.cocodataset.org/train2017/000000385172.jpg,1,3
594,The book is facing the cat.,facing,True,True,True,True,http://images.cocodataset.org/train2017/000000499656.jpg,0,0
588,The cat is touching the banana.,touching,True,True,True,True,http://images.cocodataset.org/train2017/000000007781.jpg,0,0
595,The oven is in front of the person.,in front of,True,True,True,True,http://images.cocodataset.org/train2017/000000451274.jpg,0,0
596,The person is under the umbrella.,under,False,False,True,False,http://images.cocodataset.org/train2017/000000328409.jpg,0,0
597,The refrigerator contains the dog.,contains,False,False,True,False,http://images.cocodataset.org/train2017/000000335581.jpg,0,0
598,The dog is next to the couch.,next to,False,True,False,True,http://images.cocodataset.org/train2017/000000462330.jpg,0,0
599,The elephant is beneath the bird.,beneath,True,True,True,True,http://images.cocodataset.org/train2017/000000033717.jpg,0,0
593,The person is under the banana.,under,True,False,False,"The statement ""The person is under the banana"" is **False**.

**Reasoning:**
In the image, the bananas are placed on top of the person's head, acting as a hat or headpiece. Spatially, this means the bananas are **above** the person, not the other way around.",http://images.cocodataset.org/train2017/000000547607.jpg,1,1
602,The cat is below the bottle.,below,False,False,True,False,http://images.cocodataset.org/train2017/000000307995.jpg,0,0
600,The laptop is in front of the tv.,in front of,True,True,True,True,http://images.cocodataset.org/train2017/000000046002.jpg,0,0
471,The dog is in front of the suitcase.,in front of,True,,,"The user wants me to verify the statement ""The dog is in front of the suitcase"" based on the image.

1.  **Identify the dog**: There is a yellow Labrador Retriever sitting in the aisle of the bus.
2.  **Identify the suitcase**: To the right of the dog,",http://images.cocodataset.org/train2017/000000402297.jpg,1,3
591,The bird is touching the chair.,touching,False,False,True,False,http://images.cocodataset.org/train2017/000000142941.jpg,0,0
601,The car is on the bed.,on,False,False,True,False,http://images.cocodataset.org/train2017/000000477061.jpg,0,0
590,The train is near the bicycle.,near,True,True,True,True,http://images.cocodataset.org/val2017/000000492937.jpg,0,0
603,The person is touching the kite.,touching,True,True,True,True,http://images.cocodataset.org/val2017/000000099024.jpg,0,0
592,The suitcase is touching the bed.,touching,True,True,True,True,http://images.cocodataset.org/train2017/000000192212.jpg,0,0
608,The person is behind the couch.,behind,True,False,False,False,http://images.cocodataset.org/train2017/000000348288.jpg,0,0
604,The bed is by the bench.,by,True,True,True,True,http://images.cocodataset.org/train2017/000000268227.jpg,0,0
611,The airplane is touching the person.,touching,False,False,True,"The user wants me to determine if the statement ""The airplane is touching the person"" is true or false based on the image.

1.  **Analyze the image content**:
    *   The image shows an airport tarmac scene.
    *   In the foreground, there is a large, curved, white",http://images.cocodataset.org/train2017/000000218482.jpg,1,0
609,The motorcycle is alongside the bus.,alongside,True,True,True,True,http://images.cocodataset.org/train2017/000000460143.jpg,0,0
610,The dog is touching the person.,touching,True,True,True,True,http://images.cocodataset.org/train2017/000000548500.jpg,0,0
607,The orange is attached to the person.,attached to,True,True,True,True,http://images.cocodataset.org/train2017/000000337660.jpg,0,0
605,The cat is by the toilet.,by,True,True,True,True,http://images.cocodataset.org/train2017/000000098302.jpg,0,0
612,The banana is left of the sandwich.,left of,False,False,True,False,http://images.cocodataset.org/train2017/000000557005.jpg,0,0
606,The car is above the cat.,above,False,True,False,True,http://images.cocodataset.org/train2017/000000060952.jpg,0,0
613,The teddy bear is above the toilet.,above,True,True,True,True,http://images.cocodataset.org/train2017/000000318365.jpg,0,0
617,The bench is parallel to the person.,parallel to,False,False,True,False,http://images.cocodataset.org/train2017/000000012704.jpg,0,0
619,The cat is inside the suitcase.,inside,True,True,True,True,http://images.cocodataset.org/train2017/000000141441.jpg,0,0
618,The dining table is at the left side of the oven.,at the left side of,True,True,True,True,http://images.cocodataset.org/train2017/000000097427.jpg,0,0
621,The sandwich is at the left side of the bowl.,at the left side of,False,False,True,False,http://images.cocodataset.org/train2017/000000375086.jpg,0,0
586,The person is detached from the sheep.,detached from,False,False,True,False,http://images.cocodataset.org/train2017/000000270581.jpg,0,0
622,The sheep is touching the person.,touching,True,True,True,True,http://images.cocodataset.org/val2017/000000525155.jpg,0,0
589,The cake is across from the oven.,across from,True,False,False,"The statement ""The cake is across from the oven"" is **False**.

**Reasoning:**
1.  **Identify the objects:** The ""cake"" (or crumb cake) is in the large rectangular pan in the foreground. The ""oven"" (specifically a toaster oven) is visible on",http://images.cocodataset.org/train2017/000000271759.jpg,1,0
623,The dog is into the toilet.,into,True,True,True,True,http://images.cocodataset.org/train2017/000000145544.jpg,0,0
626,The dining table is touching the banana.,touching,False,False,True,False,http://images.cocodataset.org/train2017/000000568137.jpg,0,0
587,The sink contains the cat.,contains,True,True,True,True,http://images.cocodataset.org/train2017/000000346985.jpg,0,0
627,The oven is next to the refrigerator.,next to,True,True,True,True,http://images.cocodataset.org/train2017/000000250833.jpg,0,0
629,The laptop is under the cat.,under,False,False,True,False,http://images.cocodataset.org/train2017/000000279479.jpg,0,0
624,The bed is under the suitcase.,under,False,False,True,False,http://images.cocodataset.org/train2017/000000231019.jpg,0,0
625,The orange is touching the dining table.,touching,True,True,True,True,http://images.cocodataset.org/train2017/000000150324.jpg,0,0
620,The donut is away from the dining table.,away from,True,False,False,"The user wants me to determine if the statement ""The donut is away from the dining table"" is true or false based on the image.

1.  **Identify the objects:** I see a toddler wearing a bib, sitting at a table covered with an orange tablecloth. The toddler is holding a chocolate don",http://images.cocodataset.org/train2017/000000068743.jpg,1,1
631,The car is across from the dog.,across from,False,False,True,False,http://images.cocodataset.org/train2017/000000119805.jpg,0,0
614,The dining table is opposite to the bus.,opposite to,False,True,False,True,http://images.cocodataset.org/train2017/000000556203.jpg,0,0
615,The cow is on the tv.,on,True,True,True,True,http://images.cocodataset.org/train2017/000000123842.jpg,0,0
635,The chair is beyond the suitcase.,beyond,True,True,True,True,http://images.cocodataset.org/train2017/000000160471.jpg,0,0
633,The sandwich is adjacent to the bowl.,adjacent to,True,True,True,"The user wants to know if the statement ""The sandwich is adjacent to the bowl"" is true based on the image.

1.  **Identify the objects:**
    *   **Bowl:** There is a large white bowl in the foreground on the left, containing soup, macaroni, a sausage p",http://images.cocodataset.org/train2017/000000227675.jpg,1,0
638,The person is behind the oven.,behind,False,False,True,False,http://images.cocodataset.org/train2017/000000462151.jpg,0,0
636,The person is far from the boat.,far from,True,False,False,"The user wants me to determine if the statement ""The person is far from the boat"" is true or false based on the image.

1.  **Identify the subjects**: The image shows a man in the foreground and a boat (a barge) in the background on the river.
2.  **An",http://images.cocodataset.org/train2017/000000386880.jpg,1,0
628,The dining table is beneath the airplane.,beneath,False,True,False,True,http://images.cocodataset.org/train2017/000000275327.jpg,0,0
630,The sandwich is at the left side of the laptop.,at the left side of,False,False,True,False,http://images.cocodataset.org/train2017/000000511523.jpg,0,0
632,The cat is above the bench.,above,False,False,True,False,http://images.cocodataset.org/train2017/000000124850.jpg,0,0
639,The cat is over the book.,over,True,True,True,"The user wants me to determine if the statement ""The cat is over the book"" is true based on the image.

1.  **Analyze the image content**:
    *   There is a black and white cat.
    *   The cat is sitting on a wooden surface (likely a table).
    *",http://images.cocodataset.org/train2017/000000506955.jpg,1,0
641,The bed is touching the laptop.,touching,True,True,True,True,http://images.cocodataset.org/train2017/000000353316.jpg,0,0
637,The suitcase is on the bed.,on,True,True,True,True,http://images.cocodataset.org/train2017/000000248133.jpg,0,0
645,The dog is at the right side of the laptop.,at the right side of,True,True,True,True,http://images.cocodataset.org/train2017/000000351914.jpg,0,0
646,The toaster is near the pizza.,near,True,True,True,True,http://images.cocodataset.org/train2017/000000330513.jpg,0,0
648,The car is beneath the cat.,beneath,False,False,True,False,http://images.cocodataset.org/train2017/000000574706.jpg,0,0
643,The cake has as a part the cat.,has as a part,False,False,True,False,http://images.cocodataset.org/train2017/000000167802.jpg,0,0
634,The sandwich is into the person.,into,False,False,True,False,http://images.cocodataset.org/train2017/000000219817.jpg,0,0
644,The suitcase is on the book.,on,True,False,False,False,http://images.cocodataset.org/train2017/000000541725.jpg,0,0
649,The broccoli is on the pizza.,on,True,True,True,True,http://images.cocodataset.org/train2017/000000478981.jpg,0,0
642,The cat is left of the couch.,left of,False,False,True,False,http://images.cocodataset.org/train2017/000000040419.jpg,0,0
656,The truck is behind the oven.,behind,True,True,True,True,http://images.cocodataset.org/train2017/000000197266.jpg,0,0
655,The book is at the edge of the bench.,at the edge of,False,True,False,True,http://images.cocodataset.org/train2017/000000048795.jpg,0,0
652,The cat is part of the clock.,part of,False,False,True,False,http://images.cocodataset.org/train2017/000000128346.jpg,0,0
654,The cat is touching the wine glass.,touching,False,False,True,False,http://images.cocodataset.org/train2017/000000275449.jpg,0,0
647,The cat is by the carrot.,by,True,True,True,True,http://images.cocodataset.org/train2017/000000447095.jpg,0,0
653,The cake is in front of the person.,in front of,True,True,True,True,http://images.cocodataset.org/train2017/000000348941.jpg,0,0
650,The cat is in the middle of the bed.,in the middle of,False,False,True,False,http://images.cocodataset.org/train2017/000000108639.jpg,0,0
651,The bicycle is behind the train.,behind,True,False,False,False,http://images.cocodataset.org/train2017/000000116006.jpg,0,0
640,The suitcase is outside the bottle.,outside,True,False,False,False,http://images.cocodataset.org/train2017/000000037024.jpg,0,0
657,The teddy bear is facing the cow.,facing,False,True,False,"The user wants me to determine if the statement ""The teddy bear is facing the cow"" is true based on the image.

1.  **Identify the objects:**
    *   **Teddy bear:** Located in the bottom left corner of the image. It is a brown, fuzzy stuffed animal.
   ",http://images.cocodataset.org/train2017/000000285618.jpg,1,0
659,The handbag is in front of the teddy bear.,in front of,True,False,False,False,http://images.cocodataset.org/train2017/000000010547.jpg,0,0
660,The cat is on top of the dining table.,on top of,False,False,True,False,http://images.cocodataset.org/train2017/000000509555.jpg,0,0
664,The book is touching the bench.,touching,True,True,True,True,http://images.cocodataset.org/train2017/000000251835.jpg,0,0
658,The person is on top of the dining table.,on top of,False,False,True,False,http://images.cocodataset.org/train2017/000000094061.jpg,0,0
667,The horse is touching the zebra.,touching,False,False,True,False,http://images.cocodataset.org/train2017/000000024260.jpg,0,0
665,The train is on the dining table.,on,False,False,True,False,http://images.cocodataset.org/train2017/000000284873.jpg,0,0
666,The couch is in front of the person.,in front of,False,False,True,False,http://images.cocodataset.org/train2017/000000142481.jpg,0,0
663,The bowl is next to the banana.,next to,True,True,True,True,http://images.cocodataset.org/train2017/000000293955.jpg,0,0
662,The person is touching the sandwich.,touching,True,True,True,True,http://images.cocodataset.org/train2017/000000560969.jpg,0,0
668,The teddy bear is close to the laptop.,close to,True,True,True,True,http://images.cocodataset.org/train2017/000000434141.jpg,0,0
661,The cup contains the banana.,contains,False,False,True,"The user wants me to identify if the statement ""The cup contains the banana"" is true or false based on the image.

1.  **Analyze the image content**:
    *   There is a bunch of yellow **bananas**.
    *   There is a small spice jar labeled ""Simply Organic **",http://images.cocodataset.org/train2017/000000308849.jpg,1,0
670,The umbrella is far away from the motorcycle.,far away from,True,True,True,True,http://images.cocodataset.org/train2017/000000239483.jpg,0,0
674,The laptop is under the cat.,under,True,True,True,True,http://images.cocodataset.org/train2017/000000272250.jpg,0,0
669,The suitcase contains the cat.,contains,True,True,True,True,http://images.cocodataset.org/train2017/000000185432.jpg,0,0
677,The banana is touching the bed.,touching,False,False,True,False,http://images.cocodataset.org/train2017/000000512118.jpg,0,0
673,The bowl is next to the pizza.,next to,True,True,True,True,http://images.cocodataset.org/train2017/000000292574.jpg,0,0
676,The boat is parallel to the truck.,parallel to,True,False,False,"The statement is **False**.

**Reasoning:**
The truck is positioned in the foreground and is oriented facing towards the left side of the image (its side profile is visible). The boat in the background is oriented facing towards the right side of the image (its bow is pointing right). Since the two vehicles are",http://images.cocodataset.org/train2017/000000267363.jpg,1,0
679,The motorcycle is at the right side of the truck.,at the right side of,False,True,False,True,http://images.cocodataset.org/train2017/000000106810.jpg,0,0
672,The teddy bear is at the left side of the book.,at the left side of,False,True,False,True,http://images.cocodataset.org/train2017/000000127654.jpg,0,0
552,The couch is behind the suitcase.,behind,False,,,"The user wants me to determine the truth value of the statement ""The couch is behind the suitcase"" based on the image.

1.  **Identify the objects:**
    *   **Suitcase:** There is a large, black, rectangular object in the foreground. It has a luggage tag attached to it,",http://images.cocodataset.org/train2017/000000042667.jpg,1,3
682,The cat is at the left side of the teddy bear.,at the left side of,True,False,False,False,http://images.cocodataset.org/train2017/000000219418.jpg,0,0
680,The teddy bear is touching the cat.,touching,True,True,True,True,http://images.cocodataset.org/train2017/000000546896.jpg,0,0
675,The donut is on the dining table.,on,True,True,True,True,http://images.cocodataset.org/train2017/000000398093.jpg,0,0
681,The car is behind the suitcase.,behind,False,True,False,True,http://images.cocodataset.org/train2017/000000159850.jpg,0,0
683,The cake is beside the truck.,beside,False,False,True,False,http://images.cocodataset.org/train2017/000000501204.jpg,0,0
685,The truck is far away from the suitcase.,far away from,True,False,False,"The user wants me to determine if the statement ""The truck is far away from the suitcase"" is true or false based on the image.

1.  **Identify the objects:**
    *   **Suitcase:** There is a large, grey, soft-shell suitcase standing upright in the immediate foreground on the left",http://images.cocodataset.org/train2017/000000407927.jpg,1,0
684,The bed is next to the person.,next to,True,True,True,True,http://images.cocodataset.org/train2017/000000159856.jpg,0,0
687,The hot dog is in the person.,in,False,False,True,False,http://images.cocodataset.org/train2017/000000574955.jpg,0,0
686,The cat is on top of the vase.,on top of,True,True,True,True,http://images.cocodataset.org/train2017/000000261225.jpg,0,0
688,The airplane is far away from the backpack.,far away from,True,True,True,True,http://images.cocodataset.org/train2017/000000378448.jpg,0,0
693,The donut is above the keyboard.,above,True,True,True,True,http://images.cocodataset.org/train2017/000000034128.jpg,0,0
690,The dining table is in front of the truck.,in front of,False,False,True,"The statement ""The dining table is in front of the truck"" is **False**.

**Reasoning:**
1.  **Identify the objects:** The ""dining table"" is the surface inside the restaurant where the pizza is placed. The ""truck"" is the white pickup truck visible through the window in",http://images.cocodataset.org/train2017/000000219784.jpg,1,0
691,The person is away from the chair.,away from,True,False,False,"The user wants me to determine if the statement ""The person is away from the chair"" is true or false based on the image.

1.  **Identify the person:** There is a toddler standing in the background of the room, near a window and a toy chest.
2.  **Identify the chair",http://images.cocodataset.org/val2017/000000084362.jpg,1,0
692,The cat is in the sink.,in,False,True,False,"The user wants me to identify if the statement ""The cat is in the sink"" is true based on the image.

1.  **Analyze the image content**: The image shows a black cat in a bathroom setting.
2.  **Locate the cat**: The cat is positioned on the left side of the",http://images.cocodataset.org/train2017/000000550394.jpg,1,0
695,The keyboard is at the back of the dog.,at the back of,True,True,True,True,http://images.cocodataset.org/train2017/000000077769.jpg,0,0
694,The cat is touching the umbrella.,touching,True,True,True,True,http://images.cocodataset.org/train2017/000000440935.jpg,0,0
696,The truck is close to the parking meter.,close to,False,False,True,"The user wants me to determine if the statement ""The truck is close to the parking meter"" is true or false based on the image.

1.  **Identify the objects:**
    *   **Parking meter:** There is a prominent red and silver parking meter in the immediate foreground on the right side of the",http://images.cocodataset.org/train2017/000000411384.jpg,1,0
697,The person is left of the refrigerator.,left of,True,True,True,True,http://images.cocodataset.org/train2017/000000410805.jpg,0,0
700,The teddy bear is behind the potted plant.,behind,False,False,True,False,http://images.cocodataset.org/val2017/000000175443.jpg,0,0
704,The person is at the left side of the couch.,at the left side of,True,False,False,False,http://images.cocodataset.org/train2017/000000277533.jpg,0,0
701,The car is above the cat.,above,True,True,True,True,http://images.cocodataset.org/train2017/000000466597.jpg,0,0
699,The apple is under the cake.,under,True,False,False,False,http://images.cocodataset.org/train2017/000000577405.jpg,0,0
698,The person is at the left side of the dining table.,at the left side of,True,True,True,True,http://images.cocodataset.org/train2017/000000224045.jpg,0,0
702,The skateboard is in front of the dog.,in front of,False,False,True,False,http://images.cocodataset.org/train2017/000000518613.jpg,0,0
703,The person is on the bed.,on,False,False,True,"The statement ""The person is on the bed"" is **False**.

**Reasoning:**
1.  **Posture:** The woman is sitting upright with her torso vertical. This posture is characteristic of sitting on a chair, not lying on a bed.
2.  **Surroundings:** There is a",http://images.cocodataset.org/train2017/000000426152.jpg,1,0
705,The cat is at the left side of the pizza.,at the left side of,True,True,True,True,http://images.cocodataset.org/train2017/000000363325.jpg,0,0
706,The car contains the teddy bear.,contains,False,False,True,False,http://images.cocodataset.org/train2017/000000458132.jpg,0,0
707,The donut is next to the cup.,next to,True,True,True,True,http://images.cocodataset.org/train2017/000000397414.jpg,0,0
708,The person is touching the apple.,touching,True,True,True,True,http://images.cocodataset.org/val2017/000000188592.jpg,0,0
712,The cow is at the left side of the car.,at the left side of,False,False,True,False,http://images.cocodataset.org/train2017/000000343504.jpg,0,0
709,The teddy bear is connected to the suitcase.,connected to,True,True,True,True,http://images.cocodataset.org/train2017/000000580454.jpg,0,0
710,The keyboard is touching the person.,touching,True,True,True,True,http://images.cocodataset.org/train2017/000000255573.jpg,0,0
713,The bed is beneath the suitcase.,beneath,False,False,True,False,http://images.cocodataset.org/train2017/000000535688.jpg,0,0
718,The bicycle is on the train.,on,True,True,True,True,http://images.cocodataset.org/train2017/000000431484.jpg,0,0
715,The person is touching the handbag.,touching,False,False,True,False,http://images.cocodataset.org/train2017/000000096790.jpg,0,0
722,The chair contains the teddy bear.,contains,False,False,True,False,http://images.cocodataset.org/train2017/000000221247.jpg,0,0
721,The person is at the left side of the bed.,at the left side of,False,False,True,False,http://images.cocodataset.org/train2017/000000303047.jpg,0,0
723,The person is behind the oven.,behind,True,True,True,True,http://images.cocodataset.org/train2017/000000270922.jpg,0,0
719,The bird is far from the elephant.,far from,True,False,False,False,http://images.cocodataset.org/train2017/000000534070.jpg,0,0
725,The cat is toward the sink.,toward,True,True,True,True,http://images.cocodataset.org/train2017/000000007319.jpg,0,0
724,The bicycle is on the bus.,on,True,False,False,False,http://images.cocodataset.org/train2017/000000256981.jpg,0,0
726,The train is right of the bus.,right of,True,True,True,True,http://images.cocodataset.org/train2017/000000419439.jpg,0,0
716,The suitcase is on the bed.,on,False,False,True,False,http://images.cocodataset.org/train2017/000000456323.jpg,0,0
714,The person is right of the teddy bear.,right of,False,False,True,"The statement ""The person is right of the teddy bear"" is **False**.

**Reasoning:**
1.  **Subject Identification:** The ""teddy bear"" is the central figure in the image. The ""person"" is represented by the hand visible in the foreground.
2.  **Spatial Analysis",http://images.cocodataset.org/train2017/000000230004.jpg,1,0
720,The teddy bear is in front of the bus.,in front of,True,True,True,True,http://images.cocodataset.org/train2017/000000355857.jpg,0,0
731,The cat is toward the toilet.,toward,False,True,False,True,http://images.cocodataset.org/train2017/000000216664.jpg,0,0
727,The teddy bear is under the dog.,under,False,False,True,False,http://images.cocodataset.org/train2017/000000278184.jpg,0,0
728,The bed is perpendicular to the person.,perpendicular to,False,False,True,"The user wants me to determine if the statement ""The bed is perpendicular to the person"" is true or false based on the image.

1.  **Analyze the image content**:
    *   The image shows a person lying in a bed.
    *   The person's head is resting on a pillow,",http://images.cocodataset.org/train2017/000000207826.jpg,1,0
733,The potted plant is behind the cat.,behind,True,True,True,True,http://images.cocodataset.org/train2017/000000314504.jpg,0,0
734,The donut is inside the car.,inside,True,True,True,True,http://images.cocodataset.org/train2017/000000196002.jpg,0,0
735,The teddy bear is in front of the bus.,in front of,False,False,True,False,http://images.cocodataset.org/train2017/000000205283.jpg,0,0
729,The person is surrounding the cat.,surrounding,False,False,True,False,http://images.cocodataset.org/train2017/000000132099.jpg,0,0
739,The cat is facing the refrigerator.,facing,True,True,True,True,http://images.cocodataset.org/train2017/000000477647.jpg,0,0
737,The couch is left of the bed.,left of,True,True,True,True,http://images.cocodataset.org/train2017/000000334215.jpg,0,0
740,The suitcase contains the cat.,contains,False,True,False,True,http://images.cocodataset.org/train2017/000000282002.jpg,0,0
738,The laptop is facing the cat.,facing,False,True,False,True,http://images.cocodataset.org/train2017/000000501126.jpg,0,0
742,The chair is across the cat.,across,False,False,True,False,http://images.cocodataset.org/train2017/000000482994.jpg,0,0
743,The cake is part of the car.,part of,False,False,True,False,http://images.cocodataset.org/train2017/000000399675.jpg,0,0
741,The teddy bear is at the left side of the dog.,at the left side of,True,False,False,False,http://images.cocodataset.org/train2017/000000139355.jpg,0,0
744,The sandwich is touching the person.,touching,False,False,True,False,http://images.cocodataset.org/train2017/000000301614.jpg,0,0
730,The bus is next to the umbrella.,next to,True,True,True,"The user wants me to determine if the statement ""The bus is next to the umbrella"" is true based on the image.

1.  **Identify the objects:**
    *   **The bus:** There is a large, purple, triple-decker bus (the Knight Bus) dominating the image.
    *",http://images.cocodataset.org/train2017/000000083736.jpg,1,1
746,The bicycle is below the pizza.,below,False,False,True,False,http://images.cocodataset.org/train2017/000000521169.jpg,0,0
747,The cat is on top of the tv.,on top of,True,True,True,True,http://images.cocodataset.org/train2017/000000337095.jpg,0,0
745,The dog is touching the bowl.,touching,False,False,True,False,http://images.cocodataset.org/train2017/000000025994.jpg,0,0
750,The cat is on top of the suitcase.,on top of,False,False,True,False,http://images.cocodataset.org/train2017/000000141441.jpg,0,0
751,The laptop is in front of the cat.,in front of,True,True,True,True,http://images.cocodataset.org/train2017/000000357470.jpg,0,0
717,The teddy bear is left of the cup.,left of,False,False,True,False,http://images.cocodataset.org/train2017/000000185326.jpg,0,2
752,The couch is under the car.,under,False,False,True,"The user wants me to identify if the statement ""The couch is under the car"" is true or false based on the image.

1.  **Analyze the image content**:
    *   The central object is a large, black, race-car-shaped bed. A young boy is sitting inside it.
    *",http://images.cocodataset.org/train2017/000000133667.jpg,1,0
754,The dining table is in front of the cat.,in front of,False,False,True,False,http://images.cocodataset.org/train2017/000000193254.jpg,0,0
755,The bird is on the bowl.,on,True,False,False,False,http://images.cocodataset.org/train2017/000000524881.jpg,0,0
748,The giraffe is next to the zebra.,next to,True,True,True,True,http://images.cocodataset.org/val2017/000000433243.jpg,0,0
736,The bird is away from the refrigerator.,away from,True,True,True,"The user wants me to determine if the statement ""The bird is away from the refrigerator"" is true based on the image.

1.  **Analyze the image content**:
    *   **Foreground**: A large, black, artificial bird (likely a crow or raven prop) is held by a person.",http://images.cocodataset.org/train2017/000000576705.jpg,1,0
753,The elephant is in the truck.,in,False,False,True,False,http://images.cocodataset.org/train2017/000000166631.jpg,0,0
749,The dining table is below the hot dog.,below,True,True,True,"The statement ""The dining table is below the hot dog"" is **True**.

**Reasoning:**
1.  **Identify the objects:** The image shows a hot dog held in a paper wrapper in the foreground. In the background, there is a black countertop or table surface holding various condiments (",http://images.cocodataset.org/train2017/000000238498.jpg,1,1
758,The carrot is near the bowl.,near,False,False,True,"The user wants me to identify if the statement ""The carrot is near the bowl"" is true or false based on the image.

1.  **Analyze the image content**:
    *   There is a white bowl in the foreground.
    *   Inside the bowl, there are three distinct food items:
       ",http://images.cocodataset.org/train2017/000000378486.jpg,1,0
756,The person is facing the car.,facing,True,True,True,"The user wants me to determine if the statement ""The person is facing the car"" is true based on the image.

1.  **Analyze the image content**: The image shows a man standing in front of a car with its hood open. He is leaning forward, looking into the engine bay.
2. ",http://images.cocodataset.org/train2017/000000132841.jpg,1,0
757,The person is facing away from the laptop.,facing away from,False,False,True,False,http://images.cocodataset.org/train2017/000000021365.jpg,0,0
732,The cow is right of the clock.,right of,True,True,True,True,http://images.cocodataset.org/train2017/000000449845.jpg,0,2
761,The dog is under the chair.,under,False,False,True,False,http://images.cocodataset.org/train2017/000000033111.jpg,0,0
760,The person is touching the banana.,touching,True,True,True,True,http://images.cocodataset.org/train2017/000000347675.jpg,0,0
759,The boat is behind the bicycle.,behind,False,False,True,"The statement ""The boat is behind the bicycle"" is **False**.

**Reasoning:**
1.  **Identify the objects:** The image shows a homemade raft (the ""boat"") floating on water. On top of this raft, there is a bicycle being pedaled by a man in a green shirt",http://images.cocodataset.org/train2017/000000356622.jpg,1,0
763,The cat is at the edge of the bench.,at the edge of,True,True,True,True,http://images.cocodataset.org/train2017/000000067906.jpg,0,0
768,The person is touching the pizza.,touching,False,False,True,False,http://images.cocodataset.org/train2017/000000156687.jpg,0,0
765,The cat is next to the apple.,next to,False,False,True,False,http://images.cocodataset.org/train2017/000000389011.jpg,0,0
769,The dog is on top of the motorcycle.,on top of,True,False,False,False,http://images.cocodataset.org/train2017/000000102763.jpg,0,0
767,The backpack contains the cat.,contains,True,True,True,True,http://images.cocodataset.org/train2017/000000041132.jpg,0,0
766,The person is far away from the cow.,far away from,False,False,True,False,http://images.cocodataset.org/train2017/000000316536.jpg,0,0
770,The bed is beneath the dog.,beneath,False,False,True,False,http://images.cocodataset.org/train2017/000000435549.jpg,0,0
764,The cat is touching the tv.,touching,True,True,True,"The user wants me to determine if the statement ""The cat is touching the tv"" is true based on the image.

1.  **Analyze the image content**: The image shows a black and white cat sitting in front of a television screen. The TV is displaying a cartoon with dinosaurs.
2.  **Ob",http://images.cocodataset.org/train2017/000000119115.jpg,1,0
771,The microwave is beside the cat.,beside,True,True,True,True,http://images.cocodataset.org/train2017/000000288106.jpg,0,0
775,The bicycle is against the bed.,against,True,True,True,True,http://images.cocodataset.org/train2017/000000002139.jpg,0,0
774,The sink is surrounding the cat.,surrounding,False,False,True,False,http://images.cocodataset.org/train2017/000000196307.jpg,0,0
762,The person is at the right side of the dining table.,at the right side of,False,False,True,False,http://images.cocodataset.org/train2017/000000057639.jpg,0,1
777,The person is part of the hot dog.,part of,False,False,True,False,http://images.cocodataset.org/train2017/000000489739.jpg,0,0
776,The oven is in the pizza.,in,False,False,True,False,http://images.cocodataset.org/train2017/000000116521.jpg,0,0
772,The person is in front of the refrigerator.,in front of,True,True,True,True,http://images.cocodataset.org/train2017/000000321633.jpg,0,0
778,The person is touching the pizza.,touching,True,True,True,True,http://images.cocodataset.org/train2017/000000195509.jpg,0,0
781,The teddy bear is beside the bottle.,beside,True,True,True,True,http://images.cocodataset.org/train2017/000000151862.jpg,0,0
783,The sandwich is touching the person.,touching,False,False,True,False,http://images.cocodataset.org/train2017/000000382636.jpg,0,0
782,The sandwich is into the person.,into,True,False,False,"The statement ""The sandwich is into the person"" is **False**.

**Reasoning:**
1.  **Literal Interpretation:** The phrase ""into"" typically implies movement or entry (e.g., ""The car crashed into the wall""). In the image, the sandwich is being held by the person's hand",http://images.cocodataset.org/train2017/000000328326.jpg,1,0
786,The apple is next to the cat.,next to,True,True,True,True,http://images.cocodataset.org/train2017/000000003067.jpg,0,0
785,The dining table is touching the donut.,touching,False,False,True,False,http://images.cocodataset.org/train2017/000000541288.jpg,0,0
784,The bed is under the suitcase.,under,False,False,True,False,http://images.cocodataset.org/train2017/000000460991.jpg,0,0
788,The cat is into the toilet.,into,False,False,True,False,http://images.cocodataset.org/train2017/000000241876.jpg,0,0
779,The cake has as a part the dog.,has as a part,True,False,False,False,http://images.cocodataset.org/train2017/000000330022.jpg,0,0
790,The toilet is far away from the truck.,far away from,True,False,False,False,http://images.cocodataset.org/train2017/000000093519.jpg,0,0
780,The motorcycle is parallel to the bus.,parallel to,False,False,True,"The user wants me to determine if the statement ""The motorcycle is parallel to the bus"" is true or false based on the image.

1.  **Identify the objects:**
    *   **Motorcycle:** There is a large, bright yellow motorcycle (an NHS ambulance response vehicle) in the foreground. It",http://images.cocodataset.org/train2017/000000308175.jpg,1,0
787,The laptop is on top of the person.,on top of,True,False,False,False,http://images.cocodataset.org/train2017/000000578572.jpg,0,0
791,The cat is inside the suitcase.,inside,False,True,False,True,http://images.cocodataset.org/train2017/000000522380.jpg,0,0
678,The bus is in front of the motorcycle.,in front of,True,,,"The user wants me to determine the truth value of the statement ""The bus is in front of the motorcycle"" based on the image.

1.  **Identify the objects:**
    *   **Bus:** There is a large double-decker bus (SBS Transit) dominating the foreground of the image. It",http://images.cocodataset.org/train2017/000000328372.jpg,1,3
616,The microwave is at the left side of the person.,at the left side of,False,,,"The user wants me to determine the truth value of the statement ""The microwave is at the left side of the person"" based on the image.

1.  **Analyze the image content**: The image shows a microwave oven. On the left side of the image, a hand is visible holding or touching the microwave.
",http://images.cocodataset.org/train2017/000000364937.jpg,1,3
789,The boat is on the tv.,on,False,False,True,False,http://images.cocodataset.org/train2017/000000470472.jpg,0,0
792,The banana is inside the bowl.,inside,False,False,True,False,http://images.cocodataset.org/train2017/000000546337.jpg,0,0
794,The dining table is adjacent to the refrigerator.,adjacent to,True,True,True,True,http://images.cocodataset.org/train2017/000000211302.jpg,0,0
797,The keyboard is below the cat.,below,True,True,True,True,http://images.cocodataset.org/train2017/000000241027.jpg,0,0
796,The horse is in front of the bench.,in front of,False,False,True,False,http://images.cocodataset.org/train2017/000000566276.jpg,0,0
795,The bird is below the bowl.,below,False,False,True,False,http://images.cocodataset.org/train2017/000000138137.jpg,0,0
798,The teddy bear is at the left side of the couch.,at the left side of,False,False,True,False,http://images.cocodataset.org/train2017/000000178818.jpg,0,0
793,The cat is in the toilet.,in,False,False,True,False,http://images.cocodataset.org/train2017/000000048935.jpg,0,0
802,The laptop is at the left side of the dog.,at the left side of,False,False,True,False,http://images.cocodataset.org/train2017/000000025994.jpg,0,0
800,The person is touching the sandwich.,touching,True,True,True,"The user wants to know if the statement ""The person is touching the sandwich"" is true based on the image.

1.  **Analyze the image content**: The image shows a man sitting on a chair. He is holding a round, brown food item in his left hand. In his right hand, he holds",http://images.cocodataset.org/train2017/000000097365.jpg,1,0
799,The cat is by the banana.,by,True,True,True,True,http://images.cocodataset.org/train2017/000000259475.jpg,0,0
804,The cup is in front of the cow.,in front of,True,True,True,True,http://images.cocodataset.org/train2017/000000298981.jpg,0,0
803,The cat is above the bicycle.,above,True,True,True,True,http://images.cocodataset.org/train2017/000000099453.jpg,0,0
801,The cake has as a part the dog.,has as a part,False,False,True,False,http://images.cocodataset.org/train2017/000000189737.jpg,0,0
806,The cake is inside the oven.,inside,True,True,True,True,http://images.cocodataset.org/train2017/000000201925.jpg,0,0
805,The person is facing the frisbee.,facing,False,False,True,False,http://images.cocodataset.org/train2017/000000468612.jpg,0,0
807,The person is touching the giraffe.,touching,False,False,True,False,http://images.cocodataset.org/val2017/000000449909.jpg,0,0
809,The dining table is next to the bus.,next to,False,False,True,False,http://images.cocodataset.org/train2017/000000355159.jpg,0,0
808,The teddy bear is touching the cat.,touching,False,False,True,False,http://images.cocodataset.org/train2017/000000079421.jpg,0,0
813,The dining table is below the airplane.,below,True,True,True,True,http://images.cocodataset.org/train2017/000000486114.jpg,0,0
815,The toilet is at the back of the truck.,at the back of,True,False,False,False,http://images.cocodataset.org/train2017/000000127871.jpg,0,0
817,The boat is behind the dining table.,behind,False,False,True,False,http://images.cocodataset.org/train2017/000000112363.jpg,0,0
689,The chair is at the right side of the laptop.,at the right side of,False,,,"The user wants me to determine the truth value of the statement ""The chair is at the right side of the laptop"" based on the provided image.

1.  **Analyze the image content:**
    *   There is a large television on the left side of the image.
    *   There is a white",http://images.cocodataset.org/train2017/000000427726.jpg,1,3
812,The cat is touching the banana.,touching,True,True,True,True,http://images.cocodataset.org/train2017/000000367959.jpg,0,0
811,The cake consists of the truck.,consists of,False,False,True,False,http://images.cocodataset.org/train2017/000000273704.jpg,0,0
821,The donut is left of the cup.,left of,True,True,True,True,http://images.cocodataset.org/train2017/000000316482.jpg,0,0
823,The person is on the zebra.,on,False,False,True,False,http://images.cocodataset.org/train2017/000000171805.jpg,0,0
819,The apple is left of the banana.,left of,True,True,True,True,http://images.cocodataset.org/train2017/000000125499.jpg,0,0
822,The hot dog is far away from the bench.,far away from,False,False,True,False,http://images.cocodataset.org/train2017/000000039360.jpg,0,0
671,The mouse is behind the teddy bear.,behind,True,,,"The user wants me to determine the truth value of the statement ""The mouse is behind the teddy bear"" based on the image.

1.  **Identify the objects:**
    *   **Teddy bear:** There is a large brown teddy bear in the foreground, occupying the center and right side of",http://images.cocodataset.org/train2017/000000196226.jpg,1,3
825,The surfboard is in the truck.,in,False,False,True,False,http://images.cocodataset.org/train2017/000000250035.jpg,0,0
826,The dining table is on top of the bed.,on top of,True,False,False,False,http://images.cocodataset.org/train2017/000000351166.jpg,0,0
827,The cat is far from the apple.,far from,False,False,True,False,http://images.cocodataset.org/train2017/000000434385.jpg,0,0
828,The dog is on the motorcycle.,on,False,False,True,False,http://images.cocodataset.org/val2017/000000007386.jpg,0,0
820,The person is off the keyboard.,off,True,True,True,True,http://images.cocodataset.org/train2017/000000538108.jpg,0,0
829,The cat is in the suitcase.,in,False,False,True,False,http://images.cocodataset.org/train2017/000000104454.jpg,0,0
810,The bear is surrounding the person.,surrounding,True,False,False,"The statement ""The bear is surrounding the person"" is **False**.

While the bear is large and positioned behind the child, ""surrounding"" implies being encircled on all sides. In this image, the bear is primarily behind the child, and the child is sitting in front of the bear, not",http://images.cocodataset.org/train2017/000000073197.jpg,1,1
711,The chair is at the left side of the pizza.,at the left side of,False,,,"The user wants me to determine the truth value of the statement ""The chair is at the left side of the pizza"" based on the provided image.

1.  **Identify the objects:**
    *   **Pizza:** There is a small, unbaked pizza (dough with sauce and cheese) on a",http://images.cocodataset.org/train2017/000000285484.jpg,1,3
831,The cow is above the dog.,above,True,True,True,True,http://images.cocodataset.org/train2017/000000468902.jpg,0,0
833,The person is at the left side of the couch.,at the left side of,True,True,True,True,http://images.cocodataset.org/train2017/000000527691.jpg,0,0
818,The parking meter is at the back of the car.,at the back of,False,False,True,False,http://images.cocodataset.org/train2017/000000355462.jpg,0,1
832,The cat is in front of the chair.,in front of,True,True,True,True,http://images.cocodataset.org/train2017/000000549649.jpg,0,0
835,The suitcase is at the edge of the bed.,at the edge of,True,True,True,True,http://images.cocodataset.org/train2017/000000364372.jpg,0,0
837,The suitcase is under the cat.,under,True,True,True,True,http://images.cocodataset.org/train2017/000000045071.jpg,0,0
836,The apple is at the right side of the bird.,at the right side of,False,False,True,False,http://images.cocodataset.org/train2017/000000444080.jpg,0,0
838,The laptop is touching the pizza.,touching,False,False,True,False,http://images.cocodataset.org/val2017/000000294831.jpg,0,0
841,The cat is on the chair.,on,False,False,True,False,http://images.cocodataset.org/train2017/000000094651.jpg,0,0
830,The bus contains the person.,contains,False,False,True,False,http://images.cocodataset.org/train2017/000000507502.jpg,0,1
842,The potted plant is behind the cat.,behind,False,False,True,False,http://images.cocodataset.org/train2017/000000410704.jpg,0,0
844,The sandwich is in front of the pizza.,in front of,True,False,False,False,http://images.cocodataset.org/train2017/000000220111.jpg,0,0
834,The bus is perpendicular to the car.,perpendicular to,True,False,False,"The statement ""The bus is perpendicular to the car"" is **False**.

**Reasoning:**
1.  **Orientation of the Car:** The car in the foreground is facing directly towards the camera (we can see the front windshield and the driver). This means the car is oriented perpendicular to the image plane (",http://images.cocodataset.org/train2017/000000499267.jpg,1,0
839,The oven is above the cake.,above,False,False,True,False,http://images.cocodataset.org/train2017/000000169660.jpg,0,0
846,The pizza is behind the bowl.,behind,True,False,False,False,http://images.cocodataset.org/train2017/000000237818.jpg,0,0
847,The refrigerator is close to the suitcase.,close to,True,False,False,False,http://images.cocodataset.org/train2017/000000561393.jpg,0,0
849,The sandwich is near the wine glass.,near,False,False,True,False,http://images.cocodataset.org/train2017/000000429811.jpg,0,0
852,The person is touching the sandwich.,touching,True,True,True,True,http://images.cocodataset.org/train2017/000000169962.jpg,0,0
848,The teddy bear is adjacent to the cat.,adjacent to,True,True,True,True,http://images.cocodataset.org/train2017/000000400285.jpg,0,0
850,The cat is on the cake.,on,True,False,False,False,http://images.cocodataset.org/train2017/000000128612.jpg,0,0
851,The bicycle is away from the dining table.,away from,True,True,True,True,http://images.cocodataset.org/train2017/000000152769.jpg,0,0
855,The potted plant is in front of the teddy bear.,in front of,False,False,True,False,http://images.cocodataset.org/train2017/000000413603.jpg,0,0
854,The train is close to the truck.,close to,True,True,True,True,http://images.cocodataset.org/train2017/000000480153.jpg,0,0
857,The horse is behind the person.,behind,False,False,True,False,http://images.cocodataset.org/train2017/000000422755.jpg,0,0
856,The cake is next to the car.,next to,True,True,True,True,http://images.cocodataset.org/train2017/000000399675.jpg,0,0
853,The umbrella is behind the cat.,behind,False,False,True,False,http://images.cocodataset.org/train2017/000000249952.jpg,0,0
824,The pizza is next to the knife.,next to,False,False,True,False,http://images.cocodataset.org/train2017/000000091639.jpg,0,0
859,The cat is facing the sink.,facing,False,False,True,False,http://images.cocodataset.org/train2017/000000463825.jpg,0,0
816,The umbrella is left of the train.,left of,False,False,True,False,http://images.cocodataset.org/train2017/000000296797.jpg,0,2
865,The teddy bear is at the left side of the dog.,at the left side of,True,True,True,True,http://images.cocodataset.org/train2017/000000529411.jpg,0,0
864,The person is touching the zebra.,touching,False,False,True,False,http://images.cocodataset.org/train2017/000000129262.jpg,0,0
860,The zebra is facing the person.,facing,False,False,True,False,http://images.cocodataset.org/train2017/000000484066.jpg,0,0
862,The car is far away from the dog.,far away from,False,False,True,False,http://images.cocodataset.org/train2017/000000132841.jpg,0,0
867,The umbrella is below the horse.,below,True,True,True,True,http://images.cocodataset.org/train2017/000000031470.jpg,0,0
866,The person is left of the teddy bear.,left of,True,True,True,True,http://images.cocodataset.org/train2017/000000215396.jpg,0,0
843,The giraffe is in front of the truck.,in front of,False,False,True,False,http://images.cocodataset.org/train2017/000000060513.jpg,0,0
845,The couch is part of the bed.,part of,True,False,False,False,http://images.cocodataset.org/train2017/000000254984.jpg,0,0
861,The laptop is behind the sandwich.,behind,False,False,True,False,http://images.cocodataset.org/train2017/000000013140.jpg,0,0
873,The suitcase is under the cat.,under,True,True,True,True,http://images.cocodataset.org/train2017/000000308549.jpg,0,0
874,The cake is in the oven.,in,True,True,True,True,http://images.cocodataset.org/train2017/000000396725.jpg,0,0
872,The motorcycle is at the left side of the car.,at the left side of,False,False,True,False,http://images.cocodataset.org/train2017/000000443589.jpg,0,0
869,The skateboard is on top of the couch.,on top of,True,False,False,False,http://images.cocodataset.org/train2017/000000001561.jpg,0,0
863,The pizza is behind the sandwich.,behind,False,False,True,False,http://images.cocodataset.org/train2017/000000278638.jpg,0,0
870,The car is beside the bird.,beside,True,True,True,True,http://images.cocodataset.org/train2017/000000454172.jpg,0,0
877,The oven is surrounding the cake.,surrounding,True,True,True,True,http://images.cocodataset.org/train2017/000000169660.jpg,0,0
876,The potted plant is on top of the refrigerator.,on top of,False,False,True,False,http://images.cocodataset.org/train2017/000000549188.jpg,0,0
871,The truck is next to the motorcycle.,next to,False,False,True,"The user wants me to determine if the statement ""The truck is next to the motorcycle"" is true or false based on the image.

1.  **Identify the objects:**
    *   **Motorcycle:** There is a red and white scooter (which falls under the category of motorcycle) in the foreground,",http://images.cocodataset.org/train2017/000000120207.jpg,1,0
879,The cat is touching the bottle.,touching,False,False,True,False,http://images.cocodataset.org/train2017/000000046090.jpg,0,0
881,The laptop is touching the bed.,touching,True,True,True,True,http://images.cocodataset.org/train2017/000000121358.jpg,0,0
880,The cake is on top of the teddy bear.,on top of,False,False,True,False,http://images.cocodataset.org/train2017/000000126514.jpg,0,0
878,The bed is at the right side of the dining table.,at the right side of,True,True,True,"Based on the image provided, the dining table (the round glass table with food) is in the foreground, and the bed is located in the background to the right of the table from the viewer's perspective. Therefore, the statement is accurate.

True",http://images.cocodataset.org/train2017/000000457906.jpg,1,0
887,The microwave is on top of the refrigerator.,on top of,True,True,True,True,http://images.cocodataset.org/train2017/000000239504.jpg,0,0
883,The airplane is far away from the bus.,far away from,True,True,True,True,http://images.cocodataset.org/train2017/000000303879.jpg,0,0
882,The cup contains the cat.,contains,True,False,False,False,http://images.cocodataset.org/train2017/000000440650.jpg,0,0
858,The cat is facing away from the toilet.,facing away from,False,False,True,False,http://images.cocodataset.org/train2017/000000572075.jpg,0,0
886,The car is in front of the truck.,in front of,True,True,True,True,http://images.cocodataset.org/train2017/000000500954.jpg,0,0
884,The cat is on the couch.,on,False,False,True,False,http://images.cocodataset.org/train2017/000000017936.jpg,0,0
885,The donut is on top of the dog.,on top of,True,False,False,False,http://images.cocodataset.org/train2017/000000108113.jpg,0,0
889,The person is along the couch.,along,False,True,False,True,http://images.cocodataset.org/train2017/000000469667.jpg,0,0
894,The refrigerator is behind the cat.,behind,True,True,True,True,http://images.cocodataset.org/train2017/000000139721.jpg,0,0
893,The airplane is on the dining table.,on,False,False,True,False,http://images.cocodataset.org/train2017/000000275327.jpg,0,0
890,The dining table is away from the potted plant.,away from,False,False,True,False,http://images.cocodataset.org/train2017/000000481820.jpg,0,0
897,The teddy bear is in front of the car.,in front of,False,False,True,False,http://images.cocodataset.org/train2017/000000151764.jpg,0,0
892,The keyboard is above the dog.,above,True,True,True,True,http://images.cocodataset.org/train2017/000000570092.jpg,0,0
891,The person is close to the dining table.,close to,False,False,True,False,http://images.cocodataset.org/train2017/000000529260.jpg,0,0
900,The person is at the right side of the cake.,at the right side of,True,False,False,False,http://images.cocodataset.org/train2017/000000271759.jpg,0,0
898,The bed is at the left side of the couch.,at the left side of,False,False,True,False,http://images.cocodataset.org/train2017/000000131352.jpg,0,0
896,The bear is touching the person.,touching,False,False,True,False,http://images.cocodataset.org/train2017/000000015391.jpg,0,0
902,The car is under the cat.,under,True,True,True,True,http://images.cocodataset.org/train2017/000000455198.jpg,0,0
899,The person is part of the cake.,part of,True,True,True,"The user wants me to determine if the statement ""The person is part of the cake"" is true based on the image.

1.  **Analyze the image content**: The image shows a decorated birthday cake. On top of the cake, there is a train made of fondant or icing. Sitting on the train",http://images.cocodataset.org/train2017/000000022429.jpg,1,0
901,The dining table is in front of the person.,in front of,True,True,True,True,http://images.cocodataset.org/train2017/000000079058.jpg,0,0
895,The laptop is behind the potted plant.,behind,True,True,True,True,http://images.cocodataset.org/train2017/000000293249.jpg,0,0
906,The person is in the suitcase.,in,False,False,True,False,http://images.cocodataset.org/train2017/000000243527.jpg,0,0
773,The cow is down from the person.,down from,False,,,"The user wants me to determine the truth value of the statement ""The cow is down from the person"" based on the image.

1.  **Analyze the image content**:
    *   **Subject**: A large bull (often referred to as a cow in general contexts) is standing in the center of the",http://images.cocodataset.org/train2017/000000172297.jpg,1,3
908,The sink is surrounding the cat.,surrounding,False,False,True,False,http://images.cocodataset.org/train2017/000000007319.jpg,0,0
911,The cat is facing away from the cake.,facing away from,False,False,True,False,http://images.cocodataset.org/train2017/000000447741.jpg,0,0
907,The person is inside the suitcase.,inside,True,False,False,False,http://images.cocodataset.org/train2017/000000256533.jpg,0,0
903,The train contains the chair.,contains,True,True,True,True,http://images.cocodataset.org/train2017/000000281660.jpg,0,0
910,The person is at the right side of the oven.,at the right side of,False,False,True,False,http://images.cocodataset.org/train2017/000000121046.jpg,0,0
914,The teddy bear is touching the potted plant.,touching,True,False,False,False,http://images.cocodataset.org/val2017/000000175443.jpg,0,0
915,The person is beneath the sheep.,beneath,False,False,True,False,http://images.cocodataset.org/train2017/000000407548.jpg,0,0
905,The dog is on the chair.,on,False,False,True,False,http://images.cocodataset.org/train2017/000000327498.jpg,0,0
909,The apple is in front of the orange.,in front of,True,True,True,True,http://images.cocodataset.org/train2017/000000341985.jpg,0,0
917,The person is at the left side of the keyboard.,at the left side of,True,True,True,True,http://images.cocodataset.org/train2017/000000544046.jpg,0,0
916,The umbrella is behind the couch.,behind,True,False,False,False,http://images.cocodataset.org/train2017/000000428329.jpg,0,0
913,The suitcase is outside the bottle.,outside,False,False,True,False,http://images.cocodataset.org/train2017/000000131162.jpg,0,0
921,The umbrella is above the cat.,above,False,False,True,False,http://images.cocodataset.org/train2017/000000490689.jpg,0,0
918,The handbag is on top of the bed.,on top of,False,False,True,False,http://images.cocodataset.org/train2017/000000468471.jpg,0,0
919,The microwave is behind the cat.,behind,False,False,True,False,http://images.cocodataset.org/train2017/000000288106.jpg,0,0
922,The pizza is on the bench.,on,False,False,True,False,http://images.cocodataset.org/train2017/000000258020.jpg,0,0
912,The hot dog is right of the cup.,right of,True,True,True,True,http://images.cocodataset.org/train2017/000000289199.jpg,0,0
925,The dog is below the motorcycle.,below,False,False,True,False,http://images.cocodataset.org/train2017/000000251716.jpg,0,0
928,The train is next to the bicycle.,next to,True,True,True,True,http://images.cocodataset.org/train2017/000000050354.jpg,0,0
814,The bed is left of the tv.,left of,False,,,"The user wants me to verify the spatial relationship between the ""bed"" and the ""tv"" based on the provided image.

1.  **Identify the objects:**
    *   **TV:** There is a television screen visible in the background, positioned on the left side of the image.
    *   **",http://images.cocodataset.org/train2017/000000109106.jpg,1,3
929,The bird is inside the dog.,inside,True,False,False,False,http://images.cocodataset.org/train2017/000000173071.jpg,0,0
927,The orange is touching the person.,touching,True,True,True,True,http://images.cocodataset.org/train2017/000000488743.jpg,0,0
868,The person is facing away from the bear.,facing away from,True,False,False,False,http://images.cocodataset.org/train2017/000000073197.jpg,0,0
840,The couch is under the person.,under,False,True,False,"The user wants me to determine if the statement ""The couch is under the person"" is true based on the image.

1.  **Analyze the image content**: The image shows a young boy standing in a living room. He is wearing a red hoodie and blue patterned pants. He is holding a white controller",http://images.cocodataset.org/train2017/000000025423.jpg,1,3
930,The donut is near the dog.,near,True,True,True,True,http://images.cocodataset.org/train2017/000000026908.jpg,0,0
932,The bench is above the cat.,above,True,True,True,True,http://images.cocodataset.org/val2017/000000320554.jpg,0,0
934,The motorcycle is parallel to the car.,parallel to,False,False,True,False,http://images.cocodataset.org/train2017/000000449889.jpg,0,0
935,The car is over the cat.,over,True,True,True,True,http://images.cocodataset.org/train2017/000000372902.jpg,0,0
936,The person is in the hot dog.,in,False,False,True,False,http://images.cocodataset.org/train2017/000000013908.jpg,0,0
933,The hot dog is in front of the bowl.,in front of,True,True,True,True,http://images.cocodataset.org/train2017/000000203756.jpg,0,0
937,The zebra is perpendicular to the horse.,perpendicular to,False,False,True,"The statement ""The zebra is perpendicular to the horse"" is **False**.

**Reasoning:**
1.  **Orientation:** The zebra is facing directly towards the camera (its head is in the foreground, facing forward). The horse in the background is facing towards the camera as well (we can see",http://images.cocodataset.org/train2017/000000302924.jpg,1,0
938,The truck is behind the oven.,behind,False,False,True,"The statement ""The truck is behind the oven"" is **False**.

**Reasoning:**
The image shows a large truck with a graphic (a picture of chefs in a kitchen) printed on its side. The ""oven"" is part of this 2D image. In reality, the truck is the physical",http://images.cocodataset.org/train2017/000000352127.jpg,1,0
923,The cat is on top of the toilet.,on top of,True,True,True,True,http://images.cocodataset.org/train2017/000000028903.jpg,0,0
940,The pizza is touching the person.,touching,True,True,True,True,http://images.cocodataset.org/train2017/000000496307.jpg,0,0
920,The car is left of the surfboard.,left of,False,False,True,False,http://images.cocodataset.org/train2017/000000525695.jpg,0,2
926,The bear is near the dog.,near,True,True,True,True,http://images.cocodataset.org/train2017/000000522225.jpg,0,0
941,The sink is surrounding the cat.,surrounding,False,False,True,False,http://images.cocodataset.org/train2017/000000229740.jpg,0,0
947,The person is at the left side of the refrigerator.,at the left side of,False,False,True,False,http://images.cocodataset.org/train2017/000000242203.jpg,0,0
945,The tennis racket is below the person.,below,True,True,True,True,http://images.cocodataset.org/train2017/000000313009.jpg,0,0
948,The broccoli is on top of the sandwich.,on top of,True,False,False,False,http://images.cocodataset.org/train2017/000000013703.jpg,0,0
946,The bowl is over the sandwich.,over,False,False,True,False,http://images.cocodataset.org/train2017/000000544216.jpg,0,0
942,The person is touching the dining table.,touching,False,False,True,False,http://images.cocodataset.org/train2017/000000281764.jpg,0,0
939,The bed is beside the person.,beside,False,False,True,False,http://images.cocodataset.org/train2017/000000418604.jpg,0,0
943,The umbrella is at the right side of the cat.,at the right side of,True,False,False,False,http://images.cocodataset.org/train2017/000000565110.jpg,0,0
953,The cup is on top of the bed.,on top of,True,True,True,True,http://images.cocodataset.org/train2017/000000043894.jpg,0,0
952,The tv is above the laptop.,above,True,True,True,True,http://images.cocodataset.org/train2017/000000308117.jpg,0,0
951,The person is behind the dining table.,behind,True,True,True,True,http://images.cocodataset.org/train2017/000000348973.jpg,0,0
944,The person is far from the zebra.,far from,False,False,True,False,http://images.cocodataset.org/train2017/000000484066.jpg,0,0
950,The keyboard is close to the cake.,close to,True,False,False,False,http://images.cocodataset.org/train2017/000000505754.jpg,0,0
957,The teddy bear is next to the wine glass.,next to,True,True,True,True,http://images.cocodataset.org/train2017/000000386377.jpg,0,0
949,The truck is behind the motorcycle.,behind,True,False,False,"The user wants me to identify if the statement ""The truck is behind the motorcycle"" is true or false based on the image.

1.  **Analyze the image content**:
    *   **Foreground**: There is a large police motorcycle parked on the right side of the image.
    *   **Mid-ground",http://images.cocodataset.org/train2017/000000369763.jpg,1,0
954,The person is at the right side of the cake.,at the right side of,True,True,True,True,http://images.cocodataset.org/train2017/000000324156.jpg,0,0
955,The truck is above the cat.,above,False,False,True,False,http://images.cocodataset.org/val2017/000000084362.jpg,0,0
931,The book is off the banana.,off,True,False,False,"The user wants me to identify if the statement ""The book is off the banana"" is true or false based on the image.

1.  **Analyze the image content**:
    *   **Foreground**: A yellow banana with the text ""CECI N'EST PAS UNE BANANA"" written on",http://images.cocodataset.org/train2017/000000036417.jpg,1,2
959,The cat is facing away from the toilet.,facing away from,False,False,True,False,http://images.cocodataset.org/train2017/000000439364.jpg,0,0
960,The potted plant is at the back of the bus.,at the back of,True,True,True,True,http://images.cocodataset.org/train2017/000000185502.jpg,0,0
962,The person is at the left side of the suitcase.,at the left side of,False,False,True,False,http://images.cocodataset.org/train2017/000000246863.jpg,0,0
965,The couch is at the right side of the bench.,at the right side of,True,True,True,True,http://images.cocodataset.org/train2017/000000541721.jpg,0,0
924,The chair is at the left side of the tv.,at the left side of,True,True,True,True,http://images.cocodataset.org/train2017/000000036962.jpg,0,0
956,The cat is left of the sink.,left of,False,False,True,False,http://images.cocodataset.org/val2017/000000094336.jpg,0,0
961,The pizza is in the middle of the dining table.,in the middle of,False,False,True,False,http://images.cocodataset.org/train2017/000000212363.jpg,0,0
968,The oven contains the cake.,contains,False,False,True,False,http://images.cocodataset.org/train2017/000000299326.jpg,0,0
969,The laptop is beneath the cat.,beneath,True,True,True,True,http://images.cocodataset.org/train2017/000000137412.jpg,0,0
963,The bench is below the umbrella.,below,True,False,False,"The statement ""The bench is below the umbrella"" is **False**.

**Reasoning:**
In the image, the red umbrella is attached to the handle of the stroller and is positioned over the stroller's seat to shade the baby. The woman is sitting on the bench, which is located to the side",http://images.cocodataset.org/train2017/000000416516.jpg,1,1
971,The teddy bear is attached to the suitcase.,attached to,False,False,True,False,http://images.cocodataset.org/train2017/000000123751.jpg,0,0
875,The umbrella is at the left side of the cat.,at the left side of,False,,,"The user wants me to determine the truth value of the statement ""The umbrella is at the left side of the cat"" based on the provided image.

1.  **Analyze the image content:**
    *   **Umbrella:** There is a yellow umbrella with colorful patterns visible in the background. It spans",http://images.cocodataset.org/train2017/000000029145.jpg,1,3
958,The keyboard is at the right side of the person.,at the right side of,False,False,True,False,http://images.cocodataset.org/train2017/000000481124.jpg,0,0
967,The zebra is in front of the truck.,in front of,True,True,True,True,http://images.cocodataset.org/train2017/000000319902.jpg,0,0
972,The teddy bear is on top of the person.,on top of,True,False,False,False,http://images.cocodataset.org/train2017/000000151764.jpg,0,0
966,The wine glass is at the left side of the pizza.,at the left side of,False,False,True,False,http://images.cocodataset.org/train2017/000000481886.jpg,0,0
964,The suitcase is beside the bottle.,beside,False,False,True,False,http://images.cocodataset.org/train2017/000000131162.jpg,0,0
888,The hair drier is left of the person.,left of,True,,,"The user wants me to determine the truth value of the statement ""The hair drier is left of the person"" based on the image.

1.  **Analyze the image content**:
    *   The image shows a young child (the person) sitting on the floor.
    *   The child is holding",http://images.cocodataset.org/train2017/000000375483.jpg,1,3
976,The person is touching the laptop.,touching,False,False,True,False,http://images.cocodataset.org/train2017/000000153638.jpg,0,0
973,The backpack contains the cat.,contains,True,True,True,True,http://images.cocodataset.org/train2017/000000318723.jpg,0,0
975,The cake is inside the wine glass.,inside,True,False,False,False,http://images.cocodataset.org/train2017/000000172135.jpg,0,0
981,The apple is under the knife.,under,True,True,True,True,http://images.cocodataset.org/train2017/000000500324.jpg,0,0
983,The cat is in the sink.,in,True,True,True,True,http://images.cocodataset.org/train2017/000000151567.jpg,0,0
982,The teddy bear is at the edge of the bench.,at the edge of,True,True,True,True,http://images.cocodataset.org/train2017/000000147333.jpg,0,0
974,The bench is below the suitcase.,below,False,False,True,False,http://images.cocodataset.org/train2017/000000256533.jpg,0,0
984,The motorcycle is parallel to the bus.,parallel to,True,True,True,"The statement ""The motorcycle is parallel to the bus"" is **True**.

**Reasoning:**
1.  **Orientation:** Both the bus and the motorcycle are facing the same direction (towards the camera) and are aligned with the road. Their longitudinal axes are parallel to each other.
2.  **",http://images.cocodataset.org/train2017/000000142774.jpg,1,0
985,The bench is over the dog.,over,True,True,True,True,http://images.cocodataset.org/train2017/000000463593.jpg,0,0
979,The person is behind the bear.,behind,False,False,True,False,http://images.cocodataset.org/train2017/000000283942.jpg,0,0
986,The dog is facing the cake.,facing,True,True,True,True,http://images.cocodataset.org/train2017/000000373396.jpg,0,0
990,The backpack is on top of the cat.,on top of,False,False,True,False,http://images.cocodataset.org/train2017/000000268570.jpg,0,0
970,The bed is left of the refrigerator.,left of,False,False,True,False,http://images.cocodataset.org/train2017/000000169891.jpg,0,0
977,The oven is behind the dog.,behind,True,True,True,True,http://images.cocodataset.org/train2017/000000401045.jpg,0,0
980,The dining table is under the donut.,under,True,False,False,False,http://images.cocodataset.org/train2017/000000309279.jpg,0,0
978,The car is far away from the cow.,far away from,False,False,True,False,http://images.cocodataset.org/train2017/000000173530.jpg,0,0
991,The cat is within the backpack.,within,True,True,True,True,http://images.cocodataset.org/train2017/000000318723.jpg,0,0
993,The bowl is in front of the sandwich.,in front of,False,False,True,False,http://images.cocodataset.org/train2017/000000568572.jpg,0,0
995,The person is under the laptop.,under,True,False,False,False,http://images.cocodataset.org/train2017/000000496517.jpg,0,0
1000,The cat is at the edge of the dining table.,at the edge of,False,False,True,False,http://images.cocodataset.org/train2017/000000190156.jpg,0,0
987,The orange is in front of the banana.,in front of,False,False,True,False,http://images.cocodataset.org/train2017/000000038668.jpg,0,1
998,The suitcase is next to the cat.,next to,False,False,True,False,http://images.cocodataset.org/train2017/000000148677.jpg,0,0
997,The person is touching the apple.,touching,False,False,True,"The user wants me to determine if the statement ""The person is touching the apple"" is true or false based on the image.

1.  **Analyze the image content**:
    *   The image shows a person wearing a horse mask sitting at a table.
    *   On the table, there is a",http://images.cocodataset.org/train2017/000000396082.jpg,1,0
999,The laptop is in front of the cat.,in front of,True,True,True,True,http://images.cocodataset.org/train2017/000000369208.jpg,0,0
1001,The banana is behind the orange.,behind,True,True,True,True,http://images.cocodataset.org/train2017/000000540164.jpg,0,0
904,The cup is beyond the bicycle.,beyond,True,,,"The user wants me to determine the truth value of the statement ""The cup is beyond the bicycle"" based on the provided image.

1.  **Identify the objects:**
    *   **Bicycle:** There is a metal sculpture of a cyclist on a bicycle in the center of the image. This is the",http://images.cocodataset.org/train2017/000000312041.jpg,1,3
1006,The umbrella is above the person.,above,True,True,True,True,http://images.cocodataset.org/train2017/000000323448.jpg,0,0
1002,The cat is in front of the bicycle.,in front of,False,False,True,False,http://images.cocodataset.org/val2017/000000101762.jpg,0,0
1003,The elephant is on the bench.,on,True,False,False,False,http://images.cocodataset.org/train2017/000000194528.jpg,0,0
994,The donut is on the dining table.,on,False,False,True,False,http://images.cocodataset.org/train2017/000000011282.jpg,0,0
1004,The laptop is beside the cake.,beside,True,True,True,True,http://images.cocodataset.org/train2017/000000349230.jpg,0,0
996,The couch is behind the teddy bear.,behind,False,False,True,False,http://images.cocodataset.org/train2017/000000394271.jpg,0,1
1007,The pizza is next to the laptop.,next to,True,True,True,True,http://images.cocodataset.org/train2017/000000073353.jpg,0,0
1008,The teddy bear is on top of the dining table.,on top of,False,False,True,False,http://images.cocodataset.org/train2017/000000094174.jpg,0,0
1009,The teddy bear is adjacent to the cell phone.,adjacent to,True,True,True,True,http://images.cocodataset.org/train2017/000000500921.jpg,0,0
1010,The person is under the banana.,under,False,False,True,False,http://images.cocodataset.org/train2017/000000177246.jpg,0,0
1012,The cake is beneath the banana.,beneath,False,False,True,False,http://images.cocodataset.org/train2017/000000418372.jpg,0,0
1018,The car is facing away from the pizza.,facing away from,False,False,True,"The statement is **False**.

**Reasoning:**
The image shows the front corner of a white car, identifiable by the orange turn signal light and the bumper design. The car is positioned in the background, facing towards the left side of the frame. The pizza is held in the foreground, also oriented with its",http://images.cocodataset.org/train2017/000000079798.jpg,1,0
1017,The backpack is under the cat.,under,True,True,True,True,http://images.cocodataset.org/train2017/000000018893.jpg,0,0
1019,The person is facing the banana.,facing,True,True,True,True,http://images.cocodataset.org/val2017/000000550714.jpg,0,0
1016,The sandwich is beside the oven.,beside,False,False,True,False,http://images.cocodataset.org/val2017/000000046463.jpg,0,0
1005,The sheep is in the middle of the cake.,in the middle of,True,False,False,False,http://images.cocodataset.org/train2017/000000363793.jpg,0,0
1013,The dining table is at the edge of the teddy bear.,at the edge of,False,False,True,"The statement ""The dining table is at the edge of the teddy bear"" is **False**.

The image shows a teddy bear being held by a person in a white coat, likely a veterinarian or doctor, at a table covered with a red cloth. The table is not at the edge of the teddy",http://images.cocodataset.org/train2017/000000212685.jpg,1,0
1014,The cell phone is at the right side of the person.,at the right side of,True,False,False,False,http://images.cocodataset.org/train2017/000000476363.jpg,0,0
1021,The truck is surrounding the elephant.,surrounding,False,False,True,False,http://images.cocodataset.org/train2017/000000027989.jpg,0,0
1022,The truck is adjacent to the parking meter.,adjacent to,False,True,False,True,http://images.cocodataset.org/train2017/000000341137.jpg,0,0
1027,The dog is inside the bus.,inside,False,False,True,False,http://images.cocodataset.org/train2017/000000445500.jpg,0,0
1011,The person is above the pizza.,above,True,True,True,True,http://images.cocodataset.org/train2017/000000021846.jpg,0,0
1020,The boat is parallel to the truck.,parallel to,False,False,True,"The user wants me to determine if the statement ""The boat is parallel to the truck"" is true or false based on the image.

1.  **Identify the objects:**
    *   **Boat:** There is a large cruise ship named ""Queen Victoria"" in the background. It is positioned horizontally across",http://images.cocodataset.org/train2017/000000562291.jpg,1,0
1029,The person is on top of the bed.,on top of,True,True,True,True,http://images.cocodataset.org/train2017/000000475696.jpg,0,0
1024,The person is at the left side of the remote.,at the left side of,False,False,True,"The user wants me to determine if the statement ""The person is at the left side of the remote"" is true or false based on the image.

1.  **Analyze the image content**: The image shows a close-up of a hand holding a Wii Remote. The remote is oriented vertically.
2.  **",http://images.cocodataset.org/train2017/000000089930.jpg,1,0
1031,The person is on the cow.,on,True,True,True,True,http://images.cocodataset.org/train2017/000000326774.jpg,0,0
1032,The cell phone is on the teddy bear.,on,False,False,True,False,http://images.cocodataset.org/train2017/000000500921.jpg,0,0
1025,The laptop is at the left side of the person.,at the left side of,False,False,True,False,http://images.cocodataset.org/train2017/000000508749.jpg,0,0
1015,The umbrella is above the cat.,above,True,True,True,True,http://images.cocodataset.org/train2017/000000251360.jpg,0,0
1028,The bed is touching the banana.,touching,True,True,True,True,http://images.cocodataset.org/train2017/000000026978.jpg,0,0
1034,The person is next to the zebra.,next to,True,True,True,True,http://images.cocodataset.org/train2017/000000425807.jpg,0,0
1030,The bicycle is ahead of the car.,ahead of,True,True,True,True,http://images.cocodataset.org/train2017/000000396853.jpg,0,0
1033,The teddy bear is touching the couch.,touching,True,True,True,True,http://images.cocodataset.org/train2017/000000452004.jpg,0,0
1023,The cow is far from the bicycle.,far from,True,True,True,True,http://images.cocodataset.org/train2017/000000162355.jpg,0,0
1035,The skateboard is parallel to the couch.,parallel to,False,False,True,False,http://images.cocodataset.org/train2017/000000391685.jpg,0,0
1042,The dog is facing away from the fire hydrant.,facing away from,False,False,True,False,http://images.cocodataset.org/train2017/000000198935.jpg,0,0
1040,The person is touching the bear.,touching,False,False,True,False,http://images.cocodataset.org/train2017/000000290967.jpg,0,0
1044,The wine glass is in front of the person.,in front of,True,True,True,True,http://images.cocodataset.org/train2017/000000456991.jpg,0,0
1037,The bus is behind the teddy bear.,behind,True,True,True,True,http://images.cocodataset.org/train2017/000000355857.jpg,0,0
1047,The cat is by the toilet.,by,True,True,True,True,http://images.cocodataset.org/train2017/000000292365.jpg,0,0
1039,The oven is at the left side of the person.,at the left side of,True,False,False,"The user wants to know if the statement ""The oven is at the left side of the person"" is true or false based on the image.

1.  **Identify the person:** The main subject is a woman standing in a kitchen.
2.  **Identify the oven:** In the bottom left corner of",http://images.cocodataset.org/train2017/000000265810.jpg,1,1
1043,The book is below the couch.,below,False,False,True,False,http://images.cocodataset.org/train2017/000000087105.jpg,0,0
1041,The person is in front of the toaster.,in front of,True,True,True,True,http://images.cocodataset.org/train2017/000000147073.jpg,0,0
1046,The bowl is at the right side of the sandwich.,at the right side of,True,True,True,True,http://images.cocodataset.org/train2017/000000274203.jpg,0,0
1051,The person is in front of the bear.,in front of,False,False,True,False,http://images.cocodataset.org/train2017/000000071224.jpg,0,0
1049,The cow is in front of the sheep.,in front of,False,False,True,False,http://images.cocodataset.org/train2017/000000076970.jpg,0,0
1050,The orange is touching the dining table.,touching,True,True,True,True,http://images.cocodataset.org/train2017/000000108862.jpg,0,0
1036,The parking meter is behind the truck.,behind,False,False,True,False,http://images.cocodataset.org/train2017/000000064089.jpg,0,0
1054,The dog is in front of the bed.,in front of,False,False,True,False,http://images.cocodataset.org/train2017/000000153150.jpg,0,0
1053,The laptop is touching the teddy bear.,touching,True,True,True,True,http://images.cocodataset.org/train2017/000000487002.jpg,0,0
1055,The keyboard is touching the dog.,touching,False,False,True,False,http://images.cocodataset.org/train2017/000000127799.jpg,0,0
1056,The dining table is touching the donut.,touching,False,False,True,False,http://images.cocodataset.org/train2017/000000304858.jpg,0,0
992,The cat is next to the keyboard.,next to,True,True,True,True,http://images.cocodataset.org/train2017/000000407390.jpg,0,0
1057,The zebra is at the right side of the car.,at the right side of,False,False,True,False,http://images.cocodataset.org/train2017/000000473587.jpg,0,0
1045,The zebra is behind the person.,behind,False,False,True,False,http://images.cocodataset.org/train2017/000000236925.jpg,0,1
1062,The chair is next to the truck.,next to,True,True,True,True,http://images.cocodataset.org/train2017/000000173001.jpg,0,0
1063,The couch is under the cat.,under,True,True,True,True,http://images.cocodataset.org/val2017/000000015497.jpg,0,0
1061,The surfboard is on the truck.,on,False,False,True,False,http://images.cocodataset.org/train2017/000000317730.jpg,0,0
1038,The motorcycle is in front of the bus.,in front of,False,True,False,True,http://images.cocodataset.org/train2017/000000440586.jpg,0,1
1058,The pizza is inside the oven.,inside,False,False,True,False,http://images.cocodataset.org/train2017/000000140017.jpg,0,0
1065,The cat is by the backpack.,by,True,True,True,True,http://images.cocodataset.org/train2017/000000449770.jpg,0,0
1064,The dog is under the chair.,under,False,False,True,False,http://images.cocodataset.org/train2017/000000039669.jpg,0,0
1048,The person is touching the cake.,touching,True,False,False,"The user wants me to identify if the statement ""The person is touching the cake"" is true or false based on the image.

1.  **Analyze the image content**: The image shows a close-up of a hand holding a golden-brown, fried pastry. In the background, there is a food truck with",http://images.cocodataset.org/train2017/000000340674.jpg,1,0
1060,The microwave is in front of the person.,in front of,False,False,True,False,http://images.cocodataset.org/val2017/000000173008.jpg,0,0
1067,The bottle is at the right side of the wine glass.,at the right side of,True,True,True,True,http://images.cocodataset.org/train2017/000000571786.jpg,0,0
1059,The tv is above the bicycle.,above,True,False,False,False,http://images.cocodataset.org/train2017/000000560436.jpg,0,0
1073,The suitcase contains the cat.,contains,True,True,True,True,http://images.cocodataset.org/train2017/000000141441.jpg,0,0
1069,The pizza is far from the cat.,far from,True,True,True,True,http://images.cocodataset.org/train2017/000000494785.jpg,0,0
1071,The person is touching the umbrella.,touching,True,True,True,True,http://images.cocodataset.org/train2017/000000433170.jpg,0,0
1066,The cat is touching the refrigerator.,touching,False,False,True,False,http://images.cocodataset.org/train2017/000000407390.jpg,0,0
1074,The umbrella is touching the cat.,touching,True,True,True,True,http://images.cocodataset.org/train2017/000000318462.jpg,0,0
1078,The dog is facing the horse.,facing,True,True,True,True,http://images.cocodataset.org/train2017/000000331503.jpg,0,0
1080,The keyboard is below the cell phone.,below,True,True,True,True,http://images.cocodataset.org/train2017/000000178376.jpg,0,0
1076,The toilet is under the person.,under,True,False,False,False,http://images.cocodataset.org/train2017/000000507049.jpg,0,0
1072,The refrigerator is far from the cat.,far from,False,False,True,False,http://images.cocodataset.org/train2017/000000296471.jpg,0,0
1068,The oven is behind the person.,behind,False,False,True,"The user wants me to identify if the statement ""The oven is behind the person"" is true or false based on the image.

1.  **Analyze the image content**:
    *   The image shows a chef cooking on a large flat-top grill (teppanyaki style).
    *   The chef",http://images.cocodataset.org/train2017/000000430643.jpg,1,0
1079,The car is near the motorcycle.,near,True,True,True,True,http://images.cocodataset.org/train2017/000000384422.jpg,0,0
1075,The bicycle is beside the dining table.,beside,False,False,True,False,http://images.cocodataset.org/train2017/000000091527.jpg,0,0
1083,The cat is on the person.,on,False,False,True,False,http://images.cocodataset.org/train2017/000000121229.jpg,0,0
1082,The teddy bear is touching the book.,touching,True,True,True,True,http://images.cocodataset.org/train2017/000000041074.jpg,0,0
1084,The cat is on the bench.,on,True,True,True,True,http://images.cocodataset.org/train2017/000000122726.jpg,0,0
1085,The person is behind the cow.,behind,True,True,True,True,http://images.cocodataset.org/train2017/000000234615.jpg,0,0
1070,The bed is under the handbag.,under,True,False,False,False,http://images.cocodataset.org/train2017/000000487438.jpg,0,1
1088,The cat is under the truck.,under,False,False,True,False,http://images.cocodataset.org/val2017/000000084362.jpg,0,0
1090,The person is at the right side of the microwave.,at the right side of,False,False,True,False,http://images.cocodataset.org/train2017/000000536999.jpg,0,0
1087,The cat is touching the couch.,touching,True,True,True,True,http://images.cocodataset.org/train2017/000000226597.jpg,0,0
1091,The truck is touching the cake.,touching,False,False,True,False,http://images.cocodataset.org/train2017/000000268394.jpg,0,0
1093,The laptop is facing away from the chair.,facing away from,True,True,True,True,http://images.cocodataset.org/train2017/000000131011.jpg,0,0
1081,The couch is at the right side of the person.,at the right side of,False,False,True,False,http://images.cocodataset.org/train2017/000000367471.jpg,0,1
1095,The bench is away from the umbrella.,away from,False,False,True,False,http://images.cocodataset.org/train2017/000000547807.jpg,0,0
1096,The pizza is attached to the person.,attached to,True,False,False,False,http://images.cocodataset.org/train2017/000000057283.jpg,0,0
1097,The dining table is touching the cat.,touching,True,True,True,True,http://images.cocodataset.org/train2017/000000320089.jpg,0,0
1094,The cat is right of the umbrella.,right of,True,True,True,True,http://images.cocodataset.org/train2017/000000038837.jpg,0,0
1099,The bicycle is under the cat.,under,False,False,True,False,http://images.cocodataset.org/train2017/000000557451.jpg,0,0
1100,The laptop is at the right side of the sandwich.,at the right side of,True,True,True,True,http://images.cocodataset.org/train2017/000000336762.jpg,0,0
1089,The pizza is inside the oven.,inside,False,False,True,False,http://images.cocodataset.org/train2017/000000047935.jpg,0,0
1101,The sandwich is touching the person.,touching,True,True,True,True,http://images.cocodataset.org/train2017/000000036303.jpg,0,0
1102,The keyboard is touching the cat.,touching,True,True,True,True,http://images.cocodataset.org/train2017/000000025138.jpg,0,0
1105,The cat is in the sink.,in,True,True,True,True,http://images.cocodataset.org/train2017/000000373252.jpg,0,0
1092,The boat is on the cell phone.,on,True,True,True,True,http://images.cocodataset.org/train2017/000000273878.jpg,0,0
1107,The bus is in front of the person.,in front of,True,True,True,True,http://images.cocodataset.org/train2017/000000507502.jpg,0,0
1104,The boat is left of the potted plant.,left of,True,True,True,True,http://images.cocodataset.org/train2017/000000112363.jpg,0,0
1103,The dining table is at the left side of the person.,at the left side of,True,False,False,"The user wants me to determine if the statement ""The dining table is at the left side of the person"" is true or false based on the image.

1.  **Identify the person:** The main subject is a young boy standing on the right side of the image.
2.  **Identify the table",http://images.cocodataset.org/train2017/000000061315.jpg,1,0
1109,The couch is under the person.,under,True,True,True,True,http://images.cocodataset.org/train2017/000000218574.jpg,0,0
1110,The banana is on the dining table.,on,False,True,False,"The user wants me to identify if the statement ""The banana is on the dining table"" is true based on the image.

1.  **Analyze the image content**: The image shows a top-down view of a wooden dining table.
2.  **Identify objects on the table**:
    *   There",http://images.cocodataset.org/train2017/000000468852.jpg,1,0
988,The truck contains the tv.,contains,False,,,"The user wants me to determine the truth value of the statement ""The truck contains the tv"" based on the image.

1.  **Analyze the image content:**
    *   **Foreground:** There is a large black dump truck driving on the street. It has a dump bed (container) which appears to",http://images.cocodataset.org/train2017/000000005883.jpg,1,3
1108,The backpack is next to the donut.,next to,True,True,True,True,http://images.cocodataset.org/train2017/000000054598.jpg,0,0
1106,The sheep is touching the person.,touching,False,False,True,False,http://images.cocodataset.org/train2017/000000097272.jpg,0,0
1098,The train is above the dining table.,above,True,True,True,True,http://images.cocodataset.org/train2017/000000109924.jpg,0,1
1111,The train is behind the motorcycle.,behind,True,True,True,True,http://images.cocodataset.org/train2017/000000338407.jpg,0,0
1113,The cake is on top of the dining table.,on top of,True,True,True,True,http://images.cocodataset.org/train2017/000000273658.jpg,0,0
1115,The oven is away from the cat.,away from,False,False,True,False,http://images.cocodataset.org/train2017/000000318722.jpg,0,0
1118,The bear is far from the person.,far from,False,False,True,False,http://images.cocodataset.org/train2017/000000061852.jpg,0,0
1112,The bed is touching the laptop.,touching,True,True,True,True,http://images.cocodataset.org/train2017/000000437564.jpg,0,0
1114,The cake is at the right side of the laptop.,at the right side of,True,False,False,False,http://images.cocodataset.org/train2017/000000349230.jpg,0,0
1119,The teddy bear is behind the car.,behind,True,False,False,False,http://images.cocodataset.org/train2017/000000171107.jpg,0,0
1117,The oven is under the sandwich.,under,True,False,False,"The statement ""The oven is under the sandwich"" is **False**.

**Reasoning:**
1.  **Identify the objects:** The image shows a sandwich inside a black frying pan. The pan is resting on a white appliance with a flat top surface and a control panel on the front.
2. ",http://images.cocodataset.org/val2017/000000243204.jpg,1,0
1122,The teddy bear is beside the bicycle.,beside,False,False,True,False,http://images.cocodataset.org/train2017/000000263098.jpg,0,0
1120,The pizza is away from the cat.,away from,True,True,True,True,http://images.cocodataset.org/train2017/000000494785.jpg,0,0
1123,The cat is under the umbrella.,under,False,False,True,False,http://images.cocodataset.org/train2017/000000430567.jpg,0,0
1124,The person is below the frisbee.,below,True,True,True,True,http://images.cocodataset.org/train2017/000000134829.jpg,0,0
1125,The person is alongside the sheep.,alongside,True,True,True,True,http://images.cocodataset.org/train2017/000000129860.jpg,0,0
989,The parking meter is at the left side of the car.,at the left side of,True,,,"The user wants me to determine the truth value of the statement ""The parking meter is at the left side of the car"" based on the image.

1.  **Analyze the spatial relationship in the image:**
    *   The **parking meter** is located in the foreground on the **right side**",http://images.cocodataset.org/train2017/000000422469.jpg,1,3
1126,The cat is touching the person.,touching,False,False,True,False,http://images.cocodataset.org/train2017/000000186635.jpg,0,0
1128,The cat is next to the couch.,next to,True,True,True,True,http://images.cocodataset.org/train2017/000000347328.jpg,0,0
1130,The bird is touching the book.,touching,True,True,True,True,http://images.cocodataset.org/train2017/000000482127.jpg,0,0
1133,The teddy bear is behind the book.,behind,True,False,False,False,http://images.cocodataset.org/train2017/000000127654.jpg,0,0
1121,The cat is at the left side of the teddy bear.,at the left side of,True,True,True,True,http://images.cocodataset.org/train2017/000000318089.jpg,0,0
1131,The laptop is detached from the cat.,detached from,True,True,True,True,http://images.cocodataset.org/train2017/000000430142.jpg,0,0
1116,The bowl is below the bird.,below,False,False,True,"The user wants me to identify if the statement ""The bowl is below the bird"" is true or false based on the image.

1.  **Analyze the image content**:
    *   **Main Subject**: A large, black, artificial bird (resembling a crow or raven) is held in the",http://images.cocodataset.org/train2017/000000576705.jpg,1,1
1132,The person is facing the book.,facing,True,True,True,True,http://images.cocodataset.org/train2017/000000527224.jpg,0,0
1136,The teddy bear is below the person.,below,True,False,False,False,http://images.cocodataset.org/train2017/000000481821.jpg,0,0
1135,The tv is behind the person.,behind,False,False,True,False,http://images.cocodataset.org/train2017/000000138064.jpg,0,0
1137,The bed is under the suitcase.,under,True,False,False,False,http://images.cocodataset.org/train2017/000000158601.jpg,0,0
1086,The vase is beside the dog.,beside,False,False,True,False,http://images.cocodataset.org/train2017/000000143532.jpg,0,2
1134,The dining table is close to the oven.,close to,True,True,True,True,http://images.cocodataset.org/train2017/000000249086.jpg,0,0
1140,The mouse is on the bed.,on,True,False,False,False,http://images.cocodataset.org/train2017/000000278309.jpg,0,0
1138,The cake is in the middle of the dining table.,in the middle of,False,False,True,"The statement is **False**.

**Reasoning:**
While the cake is centered on the white plate, the image shows the cake and plate resting on a wooden surface that appears to be a **kitchen countertop** or work surface, rather than a dining table. This is indicated by the white tiled wall in",http://images.cocodataset.org/train2017/000000004827.jpg,1,0
1142,The hot dog is at the edge of the dining table.,at the edge of,False,False,True,False,http://images.cocodataset.org/train2017/000000145722.jpg,0,0
1143,The motorcycle is under the person.,under,False,False,True,False,http://images.cocodataset.org/train2017/000000319487.jpg,0,0
1145,The dining table is touching the apple.,touching,False,False,True,False,http://images.cocodataset.org/train2017/000000209016.jpg,0,0
1147,The dining table is under the book.,under,False,False,True,False,http://images.cocodataset.org/train2017/000000558602.jpg,0,0
1148,The donut is touching the cat.,touching,False,False,True,False,http://images.cocodataset.org/train2017/000000362289.jpg,0,0
1144,The bus is far away from the bicycle.,far away from,False,False,True,False,http://images.cocodataset.org/train2017/000000541134.jpg,0,0
1149,The person is below the umbrella.,below,False,False,True,False,http://images.cocodataset.org/train2017/000000573046.jpg,0,0
1150,The teddy bear is away from the car.,away from,True,False,False,False,http://images.cocodataset.org/train2017/000000458132.jpg,0,0
1141,The person is touching the clock.,touching,False,False,True,"The user wants me to determine if the statement ""The person is touching the clock"" is true or false based on the image.

1.  **Analyze the image content**: The image shows the Prague Astronomical Clock. It features several figures:
    *   **Statues in the windows**: There are two",http://images.cocodataset.org/train2017/000000169243.jpg,1,0
1146,The refrigerator is beyond the cat.,beyond,False,False,True,"The statement ""The refrigerator is beyond the cat"" is **False**.

**Reasoning:**
In the image, the cat is positioned inside the refrigerator. The cat is the foreground subject, and the refrigerator (specifically the back wall and shelves) is in the background. While the back of the refrigerator is technically",http://images.cocodataset.org/train2017/000000123765.jpg,1,0
1151,The cup is at the left side of the bowl.,at the left side of,True,True,True,True,http://images.cocodataset.org/train2017/000000278646.jpg,0,0
1154,The dog is beneath the bear.,beneath,False,False,True,False,http://images.cocodataset.org/train2017/000000504158.jpg,0,0
1026,The wine glass is at the right side of the teddy bear.,at the right side of,True,,,"The user wants me to verify the spatial relationship between a wine glass and a teddy bear in the provided image.

1.  **Analyze the image content**: The image is a diptych (two photos side-by-side).
    *   **Left photo**: Shows a man and a woman in a hallway.",http://images.cocodataset.org/train2017/000000444343.jpg,1,3
1127,The refrigerator is behind the dog.,behind,False,False,True,False,http://images.cocodataset.org/train2017/000000333848.jpg,0,0
1152,The sandwich is above the bowl.,above,True,True,True,True,http://images.cocodataset.org/train2017/000000210846.jpg,0,0
1157,The horse is at the right side of the person.,at the right side of,False,False,True,False,http://images.cocodataset.org/train2017/000000532748.jpg,0,0
1156,The pizza is in front of the dog.,in front of,True,True,True,True,http://images.cocodataset.org/train2017/000000508555.jpg,0,0
1153,The bed is touching the laptop.,touching,False,False,True,"The user wants me to determine if the statement ""The bed is touching the laptop"" is true or false based on the image.

1.  **Analyze the image content**: The image shows a woman sitting in bed with a laptop on her lap.
2.  **Identify the objects**:
    *  ",http://images.cocodataset.org/train2017/000000554711.jpg,1,0
1158,The refrigerator is facing the cat.,facing,True,True,True,True,http://images.cocodataset.org/train2017/000000477647.jpg,0,0
1159,The donut is inside the bowl.,inside,False,False,True,False,http://images.cocodataset.org/train2017/000000522741.jpg,0,0
1160,The cat is under the car.,under,True,True,True,True,http://images.cocodataset.org/train2017/000000091348.jpg,0,0
1161,The teddy bear is in the middle of the chair.,in the middle of,False,False,True,"The statement ""The teddy bear is in the middle of the chair"" is **False**.

The teddy bear is positioned in the foreground, likely on the woman's lap or a surface in front of her, while the woman is sitting in the chair. The bear is not located in the middle of the chair",http://images.cocodataset.org/train2017/000000449959.jpg,1,0
1162,The bowl is on top of the cat.,on top of,True,True,True,True,http://images.cocodataset.org/train2017/000000502495.jpg,0,0
1167,The dog is facing away from the horse.,facing away from,True,False,False,False,http://images.cocodataset.org/val2017/000000049269.jpg,0,0
1166,The dining table is across the suitcase.,across,False,False,True,False,http://images.cocodataset.org/train2017/000000534124.jpg,0,0
1155,The horse is at the right side of the person.,at the right side of,False,False,True,False,http://images.cocodataset.org/train2017/000000495665.jpg,0,0
1163,The couch is touching the handbag.,touching,True,True,True,"The user wants to know if the statement ""The couch is touching the handbag"" is true based on the image.

1.  **Identify the objects:**
    *   **Couch:** The large beige piece of furniture with cushions.
    *   **Handbag:** There is a large black bag in",http://images.cocodataset.org/train2017/000000384231.jpg,1,0
1169,The cat is on top of the umbrella.,on top of,False,False,True,False,http://images.cocodataset.org/train2017/000000044040.jpg,0,0
1172,The car is under the banana.,under,True,True,True,True,http://images.cocodataset.org/train2017/000000096084.jpg,0,0
1168,The backpack is at the right side of the cat.,at the right side of,True,True,True,True,http://images.cocodataset.org/train2017/000000151497.jpg,0,0
1165,The car is in front of the motorcycle.,in front of,False,False,True,False,http://images.cocodataset.org/train2017/000000009801.jpg,0,0
1170,The cat is in front of the backpack.,in front of,True,True,True,True,http://images.cocodataset.org/train2017/000000151497.jpg,0,0
1171,The pizza is at the edge of the dining table.,at the edge of,True,False,False,False,http://images.cocodataset.org/train2017/000000197551.jpg,0,0
1173,The car is in front of the cat.,in front of,True,True,True,True,http://images.cocodataset.org/train2017/000000206255.jpg,0,0
1174,The couch is near the dog.,near,False,True,False,True,http://images.cocodataset.org/train2017/000000434593.jpg,0,0
1177,The cat is on top of the car.,on top of,False,False,True,False,http://images.cocodataset.org/train2017/000000565797.jpg,0,0
1179,The cake is at the right side of the laptop.,at the right side of,True,False,False,False,http://images.cocodataset.org/train2017/000000531049.jpg,0,0
1180,The bench is at the left side of the person.,at the left side of,False,False,True,False,http://images.cocodataset.org/train2017/000000058836.jpg,0,0
1178,The bench is parallel to the person.,parallel to,True,False,False,"The statement ""The bench is parallel to the person"" is **False**.

**Reasoning:**
In the image, the person is sitting on the bench. While her torso is roughly parallel to the backrest of the bench, her legs are extended outwards, perpendicular to the bench. Because the person's overall",http://images.cocodataset.org/train2017/000000385504.jpg,1,0
1181,The giraffe is on the elephant.,on,False,False,True,False,http://images.cocodataset.org/train2017/000000538006.jpg,0,0
1184,The person is touching the sandwich.,touching,False,False,True,False,http://images.cocodataset.org/train2017/000000360031.jpg,0,0
1164,The hot dog is in front of the bowl.,in front of,True,False,False,False,http://images.cocodataset.org/train2017/000000483996.jpg,0,1
1186,The keyboard is under the cake.,under,False,False,True,False,http://images.cocodataset.org/train2017/000000026893.jpg,0,0
1185,The dining table is touching the person.,touching,False,False,True,False,http://images.cocodataset.org/train2017/000000278890.jpg,0,0
1187,The dog is off the keyboard.,off,False,False,True,False,http://images.cocodataset.org/train2017/000000426842.jpg,0,0
1188,The keyboard is touching the person.,touching,False,False,True,False,http://images.cocodataset.org/train2017/000000062175.jpg,0,0
1189,The dog is in the suitcase.,in,True,True,True,True,http://images.cocodataset.org/train2017/000000271588.jpg,0,0
1190,The person is touching the sheep.,touching,True,True,True,True,http://images.cocodataset.org/train2017/000000402454.jpg,0,0
1193,The bus is far from the parking meter.,far from,False,False,True,False,http://images.cocodataset.org/train2017/000000485064.jpg,0,0
1175,The person is touching the toilet.,touching,False,False,True,False,http://images.cocodataset.org/train2017/000000350017.jpg,0,0
1176,The dining table is in front of the cat.,in front of,False,False,True,False,http://images.cocodataset.org/train2017/000000548661.jpg,0,0
1052,The person is at the left side of the cell phone.,at the left side of,False,,,"The user wants me to determine the truth value of the statement ""The person is at the left side of the cell phone"" based on the provided image.

1.  **Analyze the image content**: The image shows a person's left hand holding a smartphone (an older iPhone model).
2.  **Analyze",http://images.cocodataset.org/val2017/000000450686.jpg,1,3
1192,The couch is above the hot dog.,above,False,False,True,False,http://images.cocodataset.org/train2017/000000581451.jpg,0,0
1196,The person is behind the elephant.,behind,False,False,True,False,http://images.cocodataset.org/train2017/000000041649.jpg,0,0
1198,The bird is at the back of the person.,at the back of,True,False,False,False,http://images.cocodataset.org/train2017/000000371256.jpg,0,0
1191,The umbrella is over the sandwich.,over,True,True,True,"The user wants to know if the statement ""The umbrella is over the sandwich"" is true based on the image.

1.  **Identify the objects**: I see a large blue patio umbrella in the upper part of the image. I see a sandwich (or hot dog) being held by a woman in the center",http://images.cocodataset.org/train2017/000000290201.jpg,1,0
1197,The umbrella is under the bird.,under,False,False,True,False,http://images.cocodataset.org/train2017/000000379558.jpg,0,0
1194,The cat is in front of the potted plant.,in front of,False,False,True,False,http://images.cocodataset.org/train2017/000000148705.jpg,0,0
1203,The dog is behind the apple.,behind,False,False,True,False,http://images.cocodataset.org/train2017/000000019528.jpg,0,0
1201,The cat is on the suitcase.,on,True,True,True,True,http://images.cocodataset.org/train2017/000000127477.jpg,0,0
1202,The bird is facing the elephant.,facing,True,False,False,False,http://images.cocodataset.org/train2017/000000099628.jpg,0,0
1204,The person is at the left side of the oven.,at the left side of,False,False,True,False,http://images.cocodataset.org/val2017/000000280930.jpg,0,0
1205,The dining table is next to the dog.,next to,True,True,True,True,http://images.cocodataset.org/train2017/000000281764.jpg,0,0
1209,The dining table is touching the pizza.,touching,False,False,True,False,http://images.cocodataset.org/train2017/000000536169.jpg,0,0
1210,The sandwich is at the left side of the laptop.,at the left side of,False,False,True,False,http://images.cocodataset.org/train2017/000000349230.jpg,0,0
1208,The dog is touching the pizza.,touching,False,False,True,False,http://images.cocodataset.org/train2017/000000207889.jpg,0,0
1077,The umbrella is behind the motorcycle.,behind,True,True,True,True,http://images.cocodataset.org/train2017/000000091636.jpg,0,3
1212,The tie is around the person.,around,True,False,False,"The user wants me to identify if the statement ""The tie is around the person"" is true or false based on the image.

1.  **Analyze the image content**: The image shows a close-up of a person's chest and neck area. The person is wearing a white dress shirt that is unbuttoned",http://images.cocodataset.org/train2017/000000446260.jpg,1,0
1182,The bed is below the suitcase.,below,False,False,True,False,http://images.cocodataset.org/train2017/000000236243.jpg,0,1
1206,The cat is on the bicycle.,on,False,False,True,False,http://images.cocodataset.org/train2017/000000371890.jpg,0,0
1213,The car is far away from the pizza.,far away from,True,True,True,True,http://images.cocodataset.org/train2017/000000501723.jpg,0,0
1214,The truck has as a part the cow.,has as a part,True,False,False,False,http://images.cocodataset.org/train2017/000000387136.jpg,0,0
1215,The cat is on top of the microwave.,on top of,True,True,True,True,http://images.cocodataset.org/train2017/000000421457.jpg,0,0
1207,The dining table is beneath the train.,beneath,True,True,True,True,http://images.cocodataset.org/train2017/000000537807.jpg,0,1
1200,The cat is on top of the laptop.,on top of,False,False,True,False,http://images.cocodataset.org/train2017/000000529649.jpg,0,0
1199,The bed is touching the book.,touching,False,False,True,"The statement ""The bed is touching the book"" is **False**.

**Reasoning:**
1.  **Identify the objects:** The image shows two children sitting on a bed (indicated by the mattress, sheets, and bumper pads). They are holding a book titled ""The Lady with the Alligator",http://images.cocodataset.org/train2017/000000274108.jpg,1,0
1221,The hot dog is touching the person.,touching,False,False,True,"The statement ""The hot dog is touching the person"" is **False**.

**Reasoning:**
1.  **Identify the person:** The only visible part of the person is a hand (thumb and fingers) on the left side of the image.
2.  **Identify the hot dog:** The",http://images.cocodataset.org/train2017/000000007961.jpg,1,0
1222,The oven is right of the cat.,right of,True,True,True,True,http://images.cocodataset.org/train2017/000000020087.jpg,0,0
1220,The truck is far away from the horse.,far away from,False,False,True,False,http://images.cocodataset.org/train2017/000000254357.jpg,0,0
1219,The person is facing away from the keyboard.,facing away from,True,False,False,False,http://images.cocodataset.org/train2017/000000544046.jpg,0,0
1217,The cat is on top of the car.,on top of,True,True,True,True,http://images.cocodataset.org/train2017/000000027674.jpg,0,0
1223,The cat is on the bench.,on,True,True,True,True,http://images.cocodataset.org/val2017/000000080666.jpg,0,0
1225,The bed is under the bicycle.,under,True,True,True,True,http://images.cocodataset.org/train2017/000000108679.jpg,0,0
1211,The refrigerator is behind the person.,behind,False,True,False,True,http://images.cocodataset.org/train2017/000000160267.jpg,0,0
1224,The couch is touching the person.,touching,False,False,True,"The user wants to know if the statement ""The couch is touching the person"" is true or false based on the image.

1.  **Identify the person:** The main subject is a man in a plaid shirt and jeans, leaning forward in a bowling motion.
2.  **Identify the couch:**",http://images.cocodataset.org/train2017/000000160531.jpg,1,0
1226,The person is at the right side of the refrigerator.,at the right side of,True,False,False,False,http://images.cocodataset.org/train2017/000000066273.jpg,0,0
1229,The sandwich is above the bowl.,above,False,False,True,False,http://images.cocodataset.org/train2017/000000578418.jpg,0,0
1227,The bed is below the dining table.,below,False,False,True,False,http://images.cocodataset.org/train2017/000000577809.jpg,0,0
1231,The teddy bear is at the left side of the dog.,at the left side of,True,True,True,True,http://images.cocodataset.org/train2017/000000537636.jpg,0,0
1228,The motorcycle is far away from the fire hydrant.,far away from,True,False,False,"The user wants me to determine if the statement ""The motorcycle is far away from the fire hydrant"" is true or false based on the image.

1.  **Identify the objects:**
    *   **Fire hydrant:** There is a large, gold-painted fire hydrant in the immediate foreground on",http://images.cocodataset.org/train2017/000000403270.jpg,1,0
1232,The cake is next to the person.,next to,True,True,True,True,http://images.cocodataset.org/train2017/000000558388.jpg,0,0
1233,The car is left of the parking meter.,left of,True,True,True,True,http://images.cocodataset.org/train2017/000000385172.jpg,0,0
1235,The person is at the back of the cow.,at the back of,False,False,True,"The user wants me to identify if the statement ""The person is at the back of the cow"" is true or false based on the image.

1.  **Analyze the image content**:
    *   There is a man on the right side of the image, holding a cleaver.
    *   There",http://images.cocodataset.org/train2017/000000076970.jpg,1,0
1236,The cat is on top of the laptop.,on top of,True,True,True,True,http://images.cocodataset.org/train2017/000000183537.jpg,0,0
1237,The fire hydrant is beyond the motorcycle.,beyond,False,False,True,False,http://images.cocodataset.org/train2017/000000055412.jpg,0,0
1239,The toilet is below the cat.,below,True,True,True,True,http://images.cocodataset.org/train2017/000000290204.jpg,0,0
1242,The bicycle is beside the dining table.,beside,True,True,True,True,http://images.cocodataset.org/train2017/000000088123.jpg,0,0
1240,The umbrella is beneath the cat.,beneath,False,False,True,False,http://images.cocodataset.org/train2017/000000305338.jpg,0,0
1234,The person is facing the refrigerator.,facing,False,False,True,"Based on the visual evidence, the person is facing the camera, not the refrigerator. The refrigerator is located in the background behind him. Therefore, the statement is false.

False",http://images.cocodataset.org/train2017/000000214305.jpg,1,0
1238,The dog is at the edge of the bed.,at the edge of,True,True,True,True,http://images.cocodataset.org/train2017/000000545428.jpg,0,0
1139,The bed is above the backpack.,above,True,False,False,"The statement ""The bed is above the backpack"" is **False**.

**Reasoning:**
In the image, the backpack is located on the floor in the bottom right corner. The bed is a piece of furniture that sits on the floor. While the mattress and bedding are physically higher than the backpack, the bed",http://images.cocodataset.org/train2017/000000323264.jpg,1,3
1129,The train is far away from the stop sign.,far away from,False,,,"The user wants me to evaluate the statement ""The train is far away from the stop sign"" based on the image.

1.  **Identify the objects:**
    *   **Train:** There is a large tram (train) occupying the middle ground of the image, moving along the tracks.
    *  ",http://images.cocodataset.org/train2017/000000188017.jpg,1,3
1245,The motorcycle is behind the parking meter.,behind,True,True,True,True,http://images.cocodataset.org/train2017/000000222716.jpg,0,0
1241,The bowl is under the sandwich.,under,False,False,True,False,http://images.cocodataset.org/train2017/000000209638.jpg,0,0
1244,The sheep is behind the cow.,behind,True,True,True,True,http://images.cocodataset.org/train2017/000000378214.jpg,0,0
1247,The umbrella is on top of the cat.,on top of,False,False,True,False,http://images.cocodataset.org/train2017/000000450247.jpg,0,0
1250,The person is down from the laptop.,down from,False,False,True,False,http://images.cocodataset.org/train2017/000000278315.jpg,0,0
1248,The pizza is next to the oven.,next to,True,False,False,False,http://images.cocodataset.org/train2017/000000408705.jpg,0,0
1243,The cat is facing the teddy bear.,facing,False,False,True,False,http://images.cocodataset.org/train2017/000000104510.jpg,0,0
1253,The chair is behind the hot dog.,behind,False,False,True,False,http://images.cocodataset.org/train2017/000000311448.jpg,0,0
1246,The sandwich is at the left side of the cup.,at the left side of,False,False,True,False,http://images.cocodataset.org/train2017/000000319122.jpg,0,0
1251,The refrigerator is behind the person.,behind,True,True,True,True,http://images.cocodataset.org/train2017/000000315030.jpg,0,0
1249,The cake has as a part the cat.,has as a part,True,False,False,False,http://images.cocodataset.org/train2017/000000128612.jpg,0,0
1230,The microwave is at the right side of the person.,at the right side of,False,False,True,False,http://images.cocodataset.org/train2017/000000469793.jpg,0,1
1252,The train is beside the bicycle.,beside,True,True,True,True,http://images.cocodataset.org/train2017/000000539358.jpg,0,0
1254,The sandwich is in front of the dog.,in front of,True,True,True,True,http://images.cocodataset.org/train2017/000000567106.jpg,0,0
1262,The banana is next to the bottle.,next to,False,False,True,False,http://images.cocodataset.org/train2017/000000527155.jpg,0,0
1255,The cup is touching the banana.,touching,True,False,False,"The user wants me to determine if the statement ""The cup is touching the banana"" is true or false based on the image.

1.  **Analyze the spatial relationship:** I need to look at the boundary between the white coffee cup and the bunch of bananas.
2.  **Observe the contact point:**",http://images.cocodataset.org/train2017/000000515126.jpg,1,0
1257,The backpack is on the cat.,on,False,False,True,False,http://images.cocodataset.org/train2017/000000480991.jpg,0,0
1264,The orange is at the left side of the book.,at the left side of,True,False,False,False,http://images.cocodataset.org/train2017/000000377611.jpg,0,0
1266,The cat is facing away from the bed.,facing away from,True,False,False,False,http://images.cocodataset.org/train2017/000000175383.jpg,0,0
1265,The teddy bear is by the sandwich.,by,True,True,True,True,http://images.cocodataset.org/train2017/000000061946.jpg,0,0
1263,The couch is at the back of the laptop.,at the back of,True,True,True,True,http://images.cocodataset.org/train2017/000000518324.jpg,0,0
1268,The bed is across from the umbrella.,across from,False,False,True,"The statement ""The bed is across from the umbrella"" is **False**.

**Reasoning:**
1.  **Identify the objects:** The image shows a collection of items laid out on a bed. The bed is the large surface covered with a white sheet that serves as the background for all the objects.
",http://images.cocodataset.org/train2017/000000154202.jpg,1,0
1260,The person is at the right side of the dining table.,at the right side of,True,True,True,True,http://images.cocodataset.org/train2017/000000529234.jpg,0,0
1258,The bowl is at the edge of the dining table.,at the edge of,True,False,False,False,http://images.cocodataset.org/train2017/000000407699.jpg,0,0
1195,The toaster is left of the bowl.,left of,False,,,"The user wants me to verify the spatial relationship between the toaster and the bowl in the image.

1.  **Identify the objects:**
    *   **Bowl:** There is a large, light green bowl filled with sliced bananas in the foreground. It occupies the central and right portions of the image.
   ",http://images.cocodataset.org/train2017/000000515202.jpg,1,3
1259,The hot dog is far away from the person.,far away from,True,True,True,True,http://images.cocodataset.org/train2017/000000197398.jpg,0,0
1261,The cat is below the person.,below,True,False,False,False,http://images.cocodataset.org/train2017/000000223413.jpg,0,0
1267,The cat is inside the handbag.,inside,False,False,True,False,http://images.cocodataset.org/train2017/000000228029.jpg,0,0
1183,The banana is left of the person.,left of,True,,,"The user wants me to verify the statement ""The banana is left of the person"" based on the image.

1.  **Identify the person:** The main subject is a young boy dressed as a chef, standing in the kitchen. He is positioned in the center-left of the image, facing towards the right side",http://images.cocodataset.org/train2017/000000084959.jpg,1,3
1269,The tv is across from the boat.,across from,False,False,True,False,http://images.cocodataset.org/train2017/000000580971.jpg,0,0
1216,The cake is next to the wine glass.,next to,True,True,True,True,http://images.cocodataset.org/train2017/000000460578.jpg,0,0
1256,The person is at the right side of the cell phone.,at the right side of,True,True,True,True,http://images.cocodataset.org/train2017/000000248170.jpg,0,2
1276,The motorcycle is next to the person.,next to,False,False,True,"The user wants me to determine if the statement ""The motorcycle is next to the person"" is true or false based on the image.

1.  **Analyze the image content**:
    *   **Foreground**: A custom motorcycle (cafe racer style) is parked on the street. It is the main subject",http://images.cocodataset.org/train2017/000000473936.jpg,1,0
1272,The teddy bear is at the left side of the car.,at the left side of,True,False,False,False,http://images.cocodataset.org/train2017/000000407422.jpg,0,0
1273,The cat is behind the laptop.,behind,False,False,True,False,http://images.cocodataset.org/train2017/000000360805.jpg,0,0
1278,The frisbee is on the bed.,on,True,True,True,True,http://images.cocodataset.org/train2017/000000448236.jpg,0,0
1280,The oven is beneath the pizza.,beneath,True,True,True,True,http://images.cocodataset.org/train2017/000000205846.jpg,0,0
1218,The cup is under the cow.,under,False,,,"The user wants me to determine the truth value of the statement ""The cup is under the cow"" based on the provided image.

1.  **Identify the objects:**
    *   **The cup:** There is a small white bowl (often referred to as a cup in this context) containing a brown substance",http://images.cocodataset.org/train2017/000000443397.jpg,1,3
1284,The donut is next to the bowl.,next to,True,True,True,True,http://images.cocodataset.org/train2017/000000177355.jpg,0,0
1279,The person is behind the keyboard.,behind,True,True,True,True,http://images.cocodataset.org/train2017/000000076738.jpg,0,0
1286,The dog is under the bed.,under,True,True,True,True,http://images.cocodataset.org/train2017/000000137016.jpg,0,0
1281,The laptop is at the left side of the cat.,at the left side of,False,False,True,False,http://images.cocodataset.org/train2017/000000068136.jpg,0,0
1287,The cat is on top of the handbag.,on top of,True,True,True,True,http://images.cocodataset.org/train2017/000000550030.jpg,0,0
1289,The suitcase contains the cat.,contains,False,False,True,False,http://images.cocodataset.org/train2017/000000045071.jpg,0,0
1283,The car is near the truck.,near,False,True,False,"The user wants me to determine if the statement ""The car is near the truck"" is true based on the image.

1.  **Identify the main subject:** The image prominently features a large white and green tow truck (labeled ""SOVEREIGN RECOVERY"").
2.  **Scan for other vehicles",http://images.cocodataset.org/train2017/000000361120.jpg,1,0
1288,The zebra is far away from the car.,far away from,False,False,True,False,http://images.cocodataset.org/train2017/000000236925.jpg,0,0
1290,The person is in front of the train.,in front of,True,True,True,True,http://images.cocodataset.org/train2017/000000111347.jpg,0,0
1285,The motorcycle is at the left side of the train.,at the left side of,False,False,True,False,http://images.cocodataset.org/train2017/000000338407.jpg,0,0
1282,The pizza is at the edge of the dining table.,at the edge of,True,True,True,True,http://images.cocodataset.org/train2017/000000261511.jpg,0,0
1291,The cat is in the sink.,in,True,True,True,True,http://images.cocodataset.org/train2017/000000022041.jpg,0,0
1298,The refrigerator is behind the dog.,behind,True,True,True,True,http://images.cocodataset.org/train2017/000000567106.jpg,0,0
1292,The truck is adjacent to the motorcycle.,adjacent to,True,True,True,True,http://images.cocodataset.org/train2017/000000297631.jpg,0,0
1299,The vase is left of the dog.,left of,True,True,True,True,http://images.cocodataset.org/train2017/000000117108.jpg,0,0
1277,The dog is touching the donut.,touching,True,True,True,True,http://images.cocodataset.org/train2017/000000475967.jpg,0,0
1294,The cake is beside the truck.,beside,True,False,False,False,http://images.cocodataset.org/train2017/000000268394.jpg,0,0
1293,The cat is inside the umbrella.,inside,True,True,True,True,http://images.cocodataset.org/train2017/000000112719.jpg,0,0
1295,The person is at the left side of the couch.,at the left side of,True,True,True,True,http://images.cocodataset.org/train2017/000000300280.jpg,0,0
1303,The vase is at the edge of the dining table.,at the edge of,False,False,True,False,http://images.cocodataset.org/train2017/000000305231.jpg,0,0
1296,The horse is facing away from the zebra.,facing away from,True,False,False,"The user wants me to determine if the statement ""The horse is facing away from the zebra"" is true or false based on the image.

1.  **Identify the subjects**: The image shows two wooden marionettes hanging from a light fixture. On the left is a white horse. On the right is",http://images.cocodataset.org/train2017/000000568005.jpg,1,0
1270,The cat is surrounding the teddy bear.,surrounding,True,True,True,True,http://images.cocodataset.org/train2017/000000419273.jpg,0,0
1305,The potted plant is at the left side of the bench.,at the left side of,True,True,True,True,http://images.cocodataset.org/train2017/000000333538.jpg,0,0
1306,The person is in front of the couch.,in front of,True,True,True,True,http://images.cocodataset.org/train2017/000000485350.jpg,0,0
1304,The person is in front of the tv.,in front of,False,False,True,False,http://images.cocodataset.org/train2017/000000580651.jpg,0,0
1300,The bench is touching the teddy bear.,touching,True,True,True,True,http://images.cocodataset.org/train2017/000000032957.jpg,0,0
1310,The bed is touching the cat.,touching,False,True,False,True,http://images.cocodataset.org/train2017/000000530730.jpg,0,0
1308,The tv is facing the toilet.,facing,False,False,True,"The statement is **False**.

**Reasoning:**
1.  **Reflection Analysis**: The image shows a bathroom mirror. The reflection reveals a bathtub and a toilet (visible on the right side of the reflection).
2.  **TV Orientation**: The TV is mounted on the wall *behind* the viewer",http://images.cocodataset.org/train2017/000000028149.jpg,1,0
1309,The broccoli is on the sandwich.,on,False,False,True,False,http://images.cocodataset.org/train2017/000000026435.jpg,0,0
1301,The umbrella is near the bus.,near,True,True,True,True,http://images.cocodataset.org/train2017/000000106513.jpg,0,0
1307,The cup is left of the donut.,left of,True,True,True,True,http://images.cocodataset.org/train2017/000000224306.jpg,0,0
1311,The train is part of the book.,part of,False,False,True,False,http://images.cocodataset.org/train2017/000000089902.jpg,0,0
1302,The bed is below the suitcase.,below,False,False,True,False,http://images.cocodataset.org/train2017/000000477434.jpg,0,0
1297,The dining table is beneath the bowl.,beneath,True,True,True,True,http://images.cocodataset.org/train2017/000000548608.jpg,0,1
1315,The person is touching the pizza.,touching,False,False,True,False,http://images.cocodataset.org/train2017/000000000397.jpg,0,0
1317,The bus is at the left side of the stop sign.,at the left side of,False,False,True,False,http://images.cocodataset.org/train2017/000000425381.jpg,0,0
1321,The hot dog is above the chair.,above,True,False,False,False,http://images.cocodataset.org/train2017/000000325503.jpg,0,0
1322,The laptop is at the left side of the cat.,at the left side of,False,False,True,False,http://images.cocodataset.org/val2017/000000403817.jpg,0,0
1324,The sandwich contains the banana.,contains,False,False,True,False,http://images.cocodataset.org/train2017/000000029994.jpg,0,0
1313,The book is on the keyboard.,on,False,True,False,"The user wants me to identify if the statement ""The book is on the keyboard"" is true based on the image.

1.  **Analyze the image content**:
    *   **Foreground**: There is an open book. The text and a small blue diagram are visible. The book is in focus.
   ",http://images.cocodataset.org/train2017/000000325211.jpg,1,0
1314,The orange is on top of the dining table.,on top of,True,True,True,True,http://images.cocodataset.org/train2017/000000402170.jpg,0,0
1316,The person is touching the pizza.,touching,False,False,True,False,http://images.cocodataset.org/train2017/000000010969.jpg,0,0
1323,The dog is above the teddy bear.,above,True,True,True,True,http://images.cocodataset.org/train2017/000000054300.jpg,0,0
1312,The hair drier is facing away from the person.,facing away from,True,False,False,False,http://images.cocodataset.org/train2017/000000092020.jpg,0,0
1320,The car is above the cat.,above,True,True,True,True,http://images.cocodataset.org/train2017/000000365353.jpg,0,0
1326,The giraffe is in front of the person.,in front of,False,False,True,False,http://images.cocodataset.org/train2017/000000523966.jpg,0,0
1325,The dining table is below the pizza.,below,True,True,True,True,http://images.cocodataset.org/train2017/000000182659.jpg,0,0
1318,The boat is on top of the truck.,on top of,True,True,True,True,http://images.cocodataset.org/train2017/000000235069.jpg,0,0
1329,The oven is facing the tv.,facing,False,False,True,"The statement is **False**.

**Reasoning:**
1.  **TV Orientation:** The television is located on the counter in the background. Its screen is facing forward, towards the viewer of the photo.
2.  **Oven Orientation:** The oven is in the foreground. Its door is open, and",http://images.cocodataset.org/train2017/000000164587.jpg,1,0
1327,The laptop is under the cat.,under,True,True,True,True,http://images.cocodataset.org/train2017/000000326313.jpg,0,0
1333,The motorcycle is behind the dog.,behind,False,False,True,False,http://images.cocodataset.org/train2017/000000251716.jpg,0,0
1319,The person is off the couch.,off,False,False,True,False,http://images.cocodataset.org/train2017/000000438268.jpg,0,0
1334,The cat is at the right side of the laptop.,at the right side of,False,False,True,False,http://images.cocodataset.org/train2017/000000390129.jpg,0,0
1332,The bird is beneath the umbrella.,beneath,True,False,False,False,http://images.cocodataset.org/train2017/000000532667.jpg,0,0
1339,The train is on top of the dining table.,on top of,False,False,True,False,http://images.cocodataset.org/train2017/000000284873.jpg,0,0
1338,The cat is facing the keyboard.,facing,False,False,True,False,http://images.cocodataset.org/train2017/000000078741.jpg,0,0
1340,The fire hydrant is near the teddy bear.,near,False,False,True,False,http://images.cocodataset.org/train2017/000000263098.jpg,0,0
1336,The couch is adjacent to the microwave.,adjacent to,True,True,True,True,http://images.cocodataset.org/train2017/000000345188.jpg,0,0
1335,The handbag is under the cat.,under,False,False,True,False,http://images.cocodataset.org/train2017/000000316089.jpg,0,0
1330,The bicycle is in the train.,in,False,False,True,False,http://images.cocodataset.org/train2017/000000415093.jpg,0,0
1331,The banana is far away from the motorcycle.,far away from,True,True,True,True,http://images.cocodataset.org/train2017/000000414258.jpg,0,0
1328,The boat is at the left side of the dining table.,at the left side of,False,True,False,True,http://images.cocodataset.org/train2017/000000133650.jpg,0,0
1341,The carrot is near the bowl.,near,True,False,False,False,http://images.cocodataset.org/train2017/000000174239.jpg,0,0
1344,The laptop is behind the cat.,behind,True,False,False,False,http://images.cocodataset.org/train2017/000000198981.jpg,0,0
1343,The car is part of the cake.,part of,False,False,True,False,http://images.cocodataset.org/train2017/000000113326.jpg,0,0
1275,The cat is next to the cake.,next to,True,True,True,True,http://images.cocodataset.org/train2017/000000185384.jpg,0,0
1345,The dog is at the left side of the car.,at the left side of,True,False,False,"The user wants me to determine if the statement ""The dog is at the left side of the car"" is true or false based on the image.

1.  **Analyze the image**: The image shows a view from inside a car, looking out at a side-view mirror.
2.  **Identify the",http://images.cocodataset.org/train2017/000000467187.jpg,1,0
1353,The laptop is at the left side of the couch.,at the left side of,False,False,True,False,http://images.cocodataset.org/train2017/000000096728.jpg,0,0
1337,The pizza is beside the dog.,beside,True,True,True,True,http://images.cocodataset.org/train2017/000000273083.jpg,0,0
1352,The dog is below the sandwich.,below,False,False,True,False,http://images.cocodataset.org/train2017/000000158806.jpg,0,0
1348,The couch is under the person.,under,True,True,True,True,http://images.cocodataset.org/train2017/000000343514.jpg,0,0
1342,The cell phone is facing the person.,facing,True,True,True,True,http://images.cocodataset.org/train2017/000000125698.jpg,0,0
1347,The teddy bear is on top of the cake.,on top of,True,True,True,True,http://images.cocodataset.org/train2017/000000218687.jpg,0,0
1346,The couch is touching the carrot.,touching,True,True,True,"The user wants me to determine if the statement ""The couch is touching the carrot"" is true based on the image.

1.  **Analyze the image content**: The image shows a still life arrangement on a table. The items include a bottle of red wine, a bunch of carrots with green tops, a wooden",http://images.cocodataset.org/train2017/000000132422.jpg,1,0
1354,The train is on the cake.,on,True,True,True,True,http://images.cocodataset.org/train2017/000000018873.jpg,0,0
1356,The oven is at the left side of the person.,at the left side of,False,False,True,False,http://images.cocodataset.org/train2017/000000562247.jpg,0,0
1351,The pizza is above the dining table.,above,True,True,True,True,http://images.cocodataset.org/train2017/000000114169.jpg,0,0
1357,The bench is in front of the bicycle.,in front of,True,True,True,True,http://images.cocodataset.org/train2017/000000281764.jpg,0,0
1361,The pizza is next to the dog.,next to,False,False,True,False,http://images.cocodataset.org/train2017/000000309968.jpg,0,0
1350,The keyboard is left of the pizza.,left of,False,False,True,False,http://images.cocodataset.org/train2017/000000320471.jpg,0,0
1362,The broccoli is behind the sandwich.,behind,True,False,False,False,http://images.cocodataset.org/train2017/000000242619.jpg,0,0
1363,The umbrella is beyond the book.,beyond,True,False,False,"The statement ""The umbrella is beyond the book"" is **False**.

**Reasoning:**
In the image, the book is in the immediate foreground (very close to the camera), and the umbrella is located behind it. While the umbrella is physically further away than the book, the phrase ""beyond the book",http://images.cocodataset.org/train2017/000000137265.jpg,1,0
1364,The teddy bear is left of the cup.,left of,True,True,True,True,http://images.cocodataset.org/train2017/000000188053.jpg,0,0
1365,The banana is in front of the broccoli.,in front of,False,False,True,False,http://images.cocodataset.org/train2017/000000547743.jpg,0,0
1368,The car is above the cat.,above,False,False,True,False,http://images.cocodataset.org/train2017/000000329147.jpg,0,0
1359,The cow is touching the person.,touching,False,False,True,False,http://images.cocodataset.org/train2017/000000268646.jpg,0,0
1358,The skateboard is at the left side of the dog.,at the left side of,True,False,False,False,http://images.cocodataset.org/train2017/000000251368.jpg,0,0
1367,The horse is at the right side of the truck.,at the right side of,True,True,True,True,http://images.cocodataset.org/train2017/000000017311.jpg,0,0
1360,The sheep is in the truck.,in,False,False,True,False,http://images.cocodataset.org/train2017/000000432917.jpg,0,0
1366,The sandwich is away from the bowl.,away from,True,True,True,True,http://images.cocodataset.org/train2017/000000544216.jpg,0,0
1271,The person is above the cup.,above,True,,,"The user wants me to determine the truth value of the statement ""The person is above the cup"" based on the provided image.

1.  **Analyze the image content**: The image is a vertical collage consisting of two distinct photographs.
    *   **Top photo**: Shows a man (the person) looking at",http://images.cocodataset.org/train2017/000000406296.jpg,1,3
1376,The laptop is facing the cat.,facing,False,False,True,False,http://images.cocodataset.org/train2017/000000491250.jpg,0,0
1369,The laptop is facing the cat.,facing,True,False,False,False,http://images.cocodataset.org/train2017/000000453400.jpg,0,0
1375,The cat is facing away from the refrigerator.,facing away from,True,False,False,"The user wants me to determine if the statement ""The cat is facing away from the refrigerator"" is true or false based on the image.

1.  **Identify the cat and its orientation:** The cat is sitting on top of a white appliance, which is likely a refrigerator given the height and the items stored on",http://images.cocodataset.org/train2017/000000423921.jpg,1,0
1349,The cake is beneath the hot dog.,beneath,True,False,False,False,http://images.cocodataset.org/train2017/000000544629.jpg,0,1
1370,The bowl is right of the hot dog.,right of,False,False,True,False,http://images.cocodataset.org/train2017/000000557186.jpg,0,0
1374,The banana is touching the cake.,touching,False,False,True,False,http://images.cocodataset.org/train2017/000000401532.jpg,0,0
1382,The umbrella is attached to the bicycle.,attached to,True,True,True,True,http://images.cocodataset.org/train2017/000000419150.jpg,0,0
1377,The person is touching the sandwich.,touching,True,True,True,True,http://images.cocodataset.org/train2017/000000164553.jpg,0,0
1379,The truck is beneath the cat.,beneath,True,True,True,True,http://images.cocodataset.org/train2017/000000072535.jpg,0,0
1373,The bird is touching the book.,touching,False,True,False,True,http://images.cocodataset.org/train2017/000000176180.jpg,0,0
1380,The train is parallel to the boat.,parallel to,False,False,True,"The statement is **False**.

**Reasoning:**
1.  **Identify the objects:** The ""train"" refers to the red wooden railcar on the left side of the image. The ""boat"" is the white and blue vessel on a trailer in the background on the right.
2.  **",http://images.cocodataset.org/train2017/000000507535.jpg,1,0
1371,The dog is adjacent to the keyboard.,adjacent to,False,False,True,False,http://images.cocodataset.org/train2017/000000318401.jpg,0,0
1274,The cup is at the left side of the orange.,at the left side of,False,,,"The user wants me to verify the statement ""The cup is at the left side of the orange"" based on the image.

1.  **Identify the objects:**
    *   **""The orange""**: The image features a bowl filled with peeled mandarin oranges (tangerines). This is the central",http://images.cocodataset.org/val2017/000000351609.jpg,1,3
1372,The cat is in the sink.,in,False,False,True,False,http://images.cocodataset.org/train2017/000000229740.jpg,0,0
1384,The person is parallel to the snowboard.,parallel to,False,False,True,False,http://images.cocodataset.org/train2017/000000409025.jpg,0,0
1383,The cow is left of the car.,left of,True,True,True,True,http://images.cocodataset.org/train2017/000000185360.jpg,0,0
1385,The dining table is touching the person.,touching,True,False,False,"The user wants to know if the statement ""The dining table is touching the person"" is true or false based on the image.

1.  **Identify the person**: The main subject is a young child sitting in a high chair.
2.  **Identify the dining table**: There is a table covered with",http://images.cocodataset.org/train2017/000000227487.jpg,1,0
1386,The banana is at the left side of the orange.,at the left side of,True,True,True,True,http://images.cocodataset.org/train2017/000000500228.jpg,0,0
1387,The couch is above the laptop.,above,True,False,False,False,http://images.cocodataset.org/train2017/000000461340.jpg,0,0
1389,The cat is below the bowl.,below,True,True,True,True,http://images.cocodataset.org/train2017/000000519910.jpg,0,0
1390,The person is in front of the oven.,in front of,True,True,True,True,http://images.cocodataset.org/val2017/000000552775.jpg,0,0
1388,The chair is under the dog.,under,False,False,True,False,http://images.cocodataset.org/train2017/000000037059.jpg,0,0
1396,The bed is under the umbrella.,under,False,False,True,False,http://images.cocodataset.org/train2017/000000348091.jpg,0,0
1391,The umbrella is at the left side of the couch.,at the left side of,True,False,False,False,http://images.cocodataset.org/train2017/000000123916.jpg,0,0
1400,The cat is facing away from the suitcase.,facing away from,True,False,False,False,http://images.cocodataset.org/train2017/000000159118.jpg,0,0
1398,The laptop is touching the person.,touching,True,True,True,"The user wants to know if the statement ""The laptop is touching the person"" is true based on the image.

1.  **Analyze the spatial relationship**: The image shows a person sitting at a desk with a laptop open in front of them.
2.  **Identify contact points**: The person's hands",http://images.cocodataset.org/train2017/000000471967.jpg,1,0
1394,The bowl is below the bird.,below,True,True,True,True,http://images.cocodataset.org/train2017/000000524881.jpg,0,0
1402,The bowl is touching the bird.,touching,True,True,True,True,http://images.cocodataset.org/train2017/000000370857.jpg,0,0
1399,The remote is at the edge of the bed.,at the edge of,True,False,False,False,http://images.cocodataset.org/train2017/000000092213.jpg,0,0
1395,The boat is in front of the dining table.,in front of,True,True,True,True,http://images.cocodataset.org/train2017/000000329421.jpg,0,0
1392,The surfboard is left of the bed.,left of,True,False,False,False,http://images.cocodataset.org/train2017/000000016458.jpg,0,0
1393,The pizza is beside the book.,beside,True,True,True,True,http://images.cocodataset.org/train2017/000000566575.jpg,0,0
1397,The bowl is beside the orange.,beside,True,True,True,True,http://images.cocodataset.org/train2017/000000346938.jpg,0,0
1401,The cake is outside the refrigerator.,outside,True,True,True,True,http://images.cocodataset.org/train2017/000000238140.jpg,0,0
1403,The donut is on the dining table.,on,True,True,True,True,http://images.cocodataset.org/train2017/000000535013.jpg,0,0
1407,The cat is touching the tv.,touching,False,False,True,False,http://images.cocodataset.org/val2017/000000476810.jpg,0,0
1408,The car is at the back of the bicycle.,at the back of,False,False,True,False,http://images.cocodataset.org/train2017/000000124462.jpg,0,0
1406,The umbrella is opposite to the bed.,opposite to,True,True,True,"The statement ""The umbrella is opposite to the bed"" is **True**.

**Reasoning:**
1.  **Identify the objects:** The image shows a bed with colorful striped bedding in the foreground on the left. In the background on the right, there is a photography umbrella light stand.
2. ",http://images.cocodataset.org/train2017/000000059174.jpg,1,0
1405,The teddy bear is facing the book.,facing,True,True,True,True,http://images.cocodataset.org/train2017/000000369653.jpg,0,0
1355,The car is away from the truck.,away from,False,False,True,False,http://images.cocodataset.org/train2017/000000284783.jpg,0,2
1411,The cow is in front of the sheep.,in front of,True,True,True,True,http://images.cocodataset.org/train2017/000000378214.jpg,0,0
1404,The couch is on top of the truck.,on top of,False,False,True,False,http://images.cocodataset.org/train2017/000000439546.jpg,0,0
1413,The cake is on top of the teddy bear.,on top of,False,False,True,False,http://images.cocodataset.org/train2017/000000210404.jpg,0,0
1410,The person is against the couch.,against,False,False,True,"The user wants me to identify if the statement ""The person is against the couch"" is true or false based on the image.

1.  **Analyze the image content**:
    *   **Person**: A male figure is standing in the center of the frame, bending forward slightly. He is holding a Wii",http://images.cocodataset.org/train2017/000000367398.jpg,1,0
1415,The cat is below the teddy bear.,below,True,True,True,True,http://images.cocodataset.org/train2017/000000329551.jpg,0,0
1416,The zebra is by the person.,by,True,True,True,True,http://images.cocodataset.org/train2017/000000556341.jpg,0,0
1420,The laptop is behind the pizza.,behind,True,True,True,True,http://images.cocodataset.org/train2017/000000073353.jpg,0,0
1417,The boat is on top of the truck.,on top of,True,True,True,True,http://images.cocodataset.org/train2017/000000141302.jpg,0,0
1421,The person is off the bed.,off,True,True,True,True,http://images.cocodataset.org/train2017/000000457906.jpg,0,0
1419,The cat is in the middle of the bench.,in the middle of,True,False,False,False,http://images.cocodataset.org/train2017/000000066556.jpg,0,0
1418,The bowl contains the donut.,contains,True,False,False,False,http://images.cocodataset.org/train2017/000000204289.jpg,0,0
1423,The clock is over the cat.,over,True,True,True,True,http://images.cocodataset.org/train2017/000000114119.jpg,0,0
1424,The stop sign is behind the car.,behind,True,False,False,"The statement is **False**.

**Reasoning:**
The image shows a view through a car's side mirror. In a mirror reflection, objects that appear in the glass are located behind the viewer (or the car). The stop sign is clearly visible in the reflection, which means it is located behind the car.",http://images.cocodataset.org/train2017/000000391392.jpg,1,0
1414,The car is at the left side of the cat.,at the left side of,False,False,True,False,http://images.cocodataset.org/train2017/000000365353.jpg,0,0
1428,The dog is in front of the couch.,in front of,False,False,True,False,http://images.cocodataset.org/train2017/000000512183.jpg,0,0
1426,The person is behind the cake.,behind,True,True,True,True,http://images.cocodataset.org/train2017/000000449279.jpg,0,0
1425,The banana is beneath the sandwich.,beneath,False,False,True,False,http://images.cocodataset.org/train2017/000000027750.jpg,0,0
1427,The sandwich is above the cat.,above,True,False,False,False,http://images.cocodataset.org/train2017/000000318209.jpg,0,0
1429,The skateboard is behind the bed.,behind,False,False,True,False,http://images.cocodataset.org/train2017/000000512582.jpg,0,0
1432,The book is away from the banana.,away from,True,True,True,True,http://images.cocodataset.org/train2017/000000119729.jpg,0,0
1434,The person is behind the teddy bear.,behind,True,True,True,True,http://images.cocodataset.org/train2017/000000050403.jpg,0,0
1433,The oven is under the pizza.,under,True,True,True,"The statement ""The oven is under the pizza"" is **True**.

**Reasoning:**
1.  **Identify the objects:** The image shows a pizza resting on a wooden pizza peel. The peel is positioned over a black appliance with control knobs and a digital display, which is clearly a stove or oven",http://images.cocodataset.org/train2017/000000140017.jpg,1,0
1436,The suitcase is connected to the motorcycle.,connected to,True,True,True,True,http://images.cocodataset.org/train2017/000000278347.jpg,0,0
1431,The giraffe is above the person.,above,True,True,True,True,http://images.cocodataset.org/train2017/000000358748.jpg,0,0
1435,The suitcase is on the bed.,on,False,False,True,False,http://images.cocodataset.org/train2017/000000236243.jpg,0,0
1430,The truck is in front of the boat.,in front of,True,False,False,False,http://images.cocodataset.org/train2017/000000266353.jpg,0,0
1438,The cat is on the dining table.,on,False,False,True,False,http://images.cocodataset.org/train2017/000000153824.jpg,0,0
1412,The bus is far from the parking meter.,far from,True,False,False,"The user wants me to determine if the statement ""The bus is far from the parking meter"" is true or false based on the image.

1.  **Identify the objects:**
    *   **Parking meter:** There is a large, black, rectangular object in the immediate foreground. It has a green circle",http://images.cocodataset.org/train2017/000000135023.jpg,1,1
1441,The person is behind the bear.,behind,False,False,True,False,http://images.cocodataset.org/train2017/000000491505.jpg,0,0
1446,The sink contains the cat.,contains,True,True,True,True,http://images.cocodataset.org/train2017/000000426690.jpg,0,0
1445,The truck is behind the sheep.,behind,False,False,True,False,http://images.cocodataset.org/train2017/000000184679.jpg,0,0
1437,The orange is at the left side of the laptop.,at the left side of,True,True,True,True,http://images.cocodataset.org/train2017/000000144430.jpg,0,0
1444,The giraffe is below the person.,below,False,False,True,False,http://images.cocodataset.org/train2017/000000035429.jpg,0,0
1443,The couch is on top of the truck.,on top of,False,False,True,False,http://images.cocodataset.org/train2017/000000199458.jpg,0,0
1422,The umbrella is next to the bed.,next to,True,True,True,True,http://images.cocodataset.org/train2017/000000444285.jpg,0,1
1442,The banana is touching the cat.,touching,True,True,True,True,http://images.cocodataset.org/train2017/000000476960.jpg,0,0
1449,The fire hydrant is touching the teddy bear.,touching,True,True,True,True,http://images.cocodataset.org/train2017/000000252000.jpg,0,0
1448,The sandwich is in front of the laptop.,in front of,False,False,True,False,http://images.cocodataset.org/train2017/000000343655.jpg,0,0
1447,The cat is behind the laptop.,behind,True,False,False,False,http://images.cocodataset.org/train2017/000000333758.jpg,0,0
1439,The chair is under the person.,under,True,True,True,True,http://images.cocodataset.org/train2017/000000381051.jpg,0,1
1452,The person is in front of the toilet.,in front of,False,True,False,True,http://images.cocodataset.org/train2017/000000184866.jpg,0,0
1450,The person is facing the bear.,facing,False,False,True,"The statement ""The person is facing the bear"" is **False**.

**Reasoning:**
1.  **Orientation of the Person:** The person is walking towards the right side of the image. We can see the side of their leg and the side of their shoe (the profile view), which indicates they are",http://images.cocodataset.org/val2017/000000390826.jpg,1,0
1451,The cat is at the edge of the chair.,at the edge of,False,False,True,"The user wants me to determine if the statement ""The cat is at the edge of the chair"" is true or false based on the image.

1.  **Analyze the image content**: The image shows a black and white cat wearing a purple hat. The cat is sitting on a chair with a brown, textured",http://images.cocodataset.org/train2017/000000021345.jpg,1,0
1458,The person is in front of the oven.,in front of,True,True,True,True,http://images.cocodataset.org/train2017/000000171584.jpg,0,0
1453,The bed is under the suitcase.,under,False,False,True,False,http://images.cocodataset.org/train2017/000000188109.jpg,0,0
1456,The truck is below the boat.,below,True,True,True,True,http://images.cocodataset.org/train2017/000000365600.jpg,0,0
1457,The cow is facing the chair.,facing,False,False,True,"The statement ""The cow is facing the chair"" is **False**.

**Reasoning:**
1.  **Orientation of the Cow:** The image shows the rear view of the cow (hindquarters, tail, and udder are visible). This means the cow is facing away from the camera and towards the",http://images.cocodataset.org/train2017/000000316536.jpg,1,0
1460,The couch is next to the bed.,next to,True,True,True,True,http://images.cocodataset.org/train2017/000000157480.jpg,0,0
1462,The teddy bear is under the cat.,under,True,True,True,True,http://images.cocodataset.org/train2017/000000323164.jpg,0,0
1464,The suitcase is above the bed.,above,False,False,True,False,http://images.cocodataset.org/train2017/000000170442.jpg,0,0
1465,The sheep is outside the bottle.,outside,True,True,True,True,http://images.cocodataset.org/train2017/000000097272.jpg,0,0
1463,The dog is touching the laptop.,touching,False,False,True,False,http://images.cocodataset.org/train2017/000000474446.jpg,0,0
1455,The carrot is touching the person.,touching,True,True,True,True,http://images.cocodataset.org/train2017/000000442301.jpg,0,0
1459,The pizza is above the oven.,above,False,False,True,False,http://images.cocodataset.org/train2017/000000457599.jpg,0,0
1461,The handbag contains the teddy bear.,contains,False,False,True,False,http://images.cocodataset.org/train2017/000000494680.jpg,0,0
1466,The keyboard is detached from the book.,detached from,False,True,False,True,http://images.cocodataset.org/train2017/000000364860.jpg,0,0
1467,The refrigerator is behind the person.,behind,False,False,True,False,http://images.cocodataset.org/train2017/000000328810.jpg,0,0
1470,The apple is behind the banana.,behind,True,True,True,True,http://images.cocodataset.org/train2017/000000058008.jpg,0,0
1473,The dog is touching the book.,touching,False,False,True,False,http://images.cocodataset.org/train2017/000000183453.jpg,0,0
1468,The train is on the dining table.,on,True,True,True,True,http://images.cocodataset.org/train2017/000000012681.jpg,0,0
1475,The cat is touching the remote.,touching,False,False,True,False,http://images.cocodataset.org/train2017/000000056898.jpg,0,0
1469,The cow is behind the sheep.,behind,False,False,True,False,http://images.cocodataset.org/train2017/000000459736.jpg,0,0
1474,The donut is touching the person.,touching,False,True,False,True,http://images.cocodataset.org/train2017/000000117884.jpg,0,0
1476,The handbag contains the teddy bear.,contains,True,False,False,False,http://images.cocodataset.org/train2017/000000020632.jpg,0,0
1477,The train contains the bicycle.,contains,False,False,True,False,http://images.cocodataset.org/val2017/000000492937.jpg,0,0
1471,The teddy bear is on the bicycle.,on,True,True,True,True,http://images.cocodataset.org/train2017/000000265315.jpg,0,0
1478,The dog is on top of the motorcycle.,on top of,True,True,True,True,http://images.cocodataset.org/train2017/000000411417.jpg,0,0
1481,The cat is above the laptop.,above,False,False,True,False,http://images.cocodataset.org/train2017/000000408185.jpg,0,0
1480,The person is next to the horse.,next to,False,False,True,False,http://images.cocodataset.org/train2017/000000497579.jpg,0,0
1482,The car is next to the cow.,next to,False,True,False,True,http://images.cocodataset.org/train2017/000000484341.jpg,0,0
1479,The dog is behind the donut.,behind,False,False,True,False,http://images.cocodataset.org/train2017/000000108113.jpg,0,0
1454,The chair is at the left side of the pizza.,at the left side of,True,True,True,True,http://images.cocodataset.org/train2017/000000134769.jpg,0,0
1483,The person is in the suitcase.,in,False,False,True,False,http://images.cocodataset.org/train2017/000000158601.jpg,0,0
1488,The cat is on top of the laptop.,on top of,True,True,True,True,http://images.cocodataset.org/train2017/000000292101.jpg,0,0
1489,The donut is on the dog.,on,False,False,True,False,http://images.cocodataset.org/train2017/000000562328.jpg,0,0
1490,The laptop is facing away from the person.,facing away from,True,False,False,False,http://images.cocodataset.org/train2017/000000517967.jpg,0,0
1484,The surfboard is over the bed.,over,False,False,True,False,http://images.cocodataset.org/train2017/000000204272.jpg,0,0
1491,The person is touching the pizza.,touching,True,True,True,True,http://images.cocodataset.org/train2017/000000072536.jpg,0,0
1493,The cat is at the back of the motorcycle.,at the back of,True,False,False,False,http://images.cocodataset.org/train2017/000000546264.jpg,0,0
1494,The cat is at the right side of the backpack.,at the right side of,False,False,True,False,http://images.cocodataset.org/train2017/000000127799.jpg,0,0
1486,The person is at the left side of the umbrella.,at the left side of,True,True,True,True,http://images.cocodataset.org/train2017/000000080200.jpg,0,0
1492,The person is touching the umbrella.,touching,False,True,False,True,http://images.cocodataset.org/val2017/000000198489.jpg,0,0
1487,The cat is on the suitcase.,on,True,True,True,True,http://images.cocodataset.org/train2017/000000312056.jpg,0,0
1497,The oven contains the hot dog.,contains,True,True,True,True,http://images.cocodataset.org/train2017/000000546401.jpg,0,0
1495,The cat is next to the dog.,next to,False,False,True,False,http://images.cocodataset.org/train2017/000000410252.jpg,0,0
1501,The donut is at the right side of the person.,at the right side of,True,True,True,True,http://images.cocodataset.org/train2017/000000121068.jpg,0,0
1500,The tv is in front of the teddy bear.,in front of,False,True,False,True,http://images.cocodataset.org/train2017/000000272510.jpg,0,0
1485,The chair is under the horse.,under,False,False,True,"The statement ""The chair is under the horse"" is **False**.

**Reasoning:**
1.  **Identify the horse:** The horse is the large white animal in the center of the image, standing on the cobblestone street.
2.  **Identify the chair:** There is a wooden",http://images.cocodataset.org/train2017/000000543747.jpg,1,1
1496,The handbag is behind the bed.,behind,True,False,False,False,http://images.cocodataset.org/train2017/000000336182.jpg,0,0
1498,The suitcase is below the cat.,below,False,False,True,False,http://images.cocodataset.org/train2017/000000324483.jpg,0,0
1507,The person is at the right side of the bench.,at the right side of,True,True,True,True,http://images.cocodataset.org/train2017/000000569332.jpg,0,0
1499,The toilet is at the left side of the dog.,at the left side of,False,False,True,False,http://images.cocodataset.org/train2017/000000145544.jpg,0,0
1502,The train is behind the person.,behind,True,True,True,True,http://images.cocodataset.org/val2017/000000250127.jpg,0,0
1509,The person is far from the boat.,far from,True,True,True,True,http://images.cocodataset.org/train2017/000000055388.jpg,0,0
1508,The person is touching the cake.,touching,False,False,True,False,http://images.cocodataset.org/train2017/000000206049.jpg,0,0
1504,The truck contains the cow.,contains,True,True,True,True,http://images.cocodataset.org/train2017/000000001590.jpg,0,0
1503,The refrigerator contains the cat.,contains,False,False,True,False,http://images.cocodataset.org/train2017/000000552028.jpg,0,0
1505,The bicycle is close to the airplane.,close to,True,True,True,True,http://images.cocodataset.org/train2017/000000029299.jpg,0,0
1512,The vase is at the right side of the cat.,at the right side of,False,False,True,False,http://images.cocodataset.org/train2017/000000152724.jpg,0,0
1515,The person is on top of the toilet.,on top of,True,True,True,True,http://images.cocodataset.org/train2017/000000088214.jpg,0,0
1516,The sandwich is in the bowl.,in,False,False,True,False,http://images.cocodataset.org/train2017/000000229191.jpg,0,0
1513,The cat is on top of the suitcase.,on top of,False,False,True,False,http://images.cocodataset.org/train2017/000000013574.jpg,0,0
1514,The apple is connected to the dining table.,connected to,False,False,True,"The statement ""The apple is connected to the dining table"" is **False**.

**Reasoning:**
In the image, the apple is resting on a plate, which is placed on the dining table. While the apple is physically supported by the plate, it is not in direct contact with the table itself. In",http://images.cocodataset.org/train2017/000000445565.jpg,1,0
1506,The laptop is right of the couch.,right of,True,True,True,True,http://images.cocodataset.org/train2017/000000275855.jpg,0,0
1519,The person is touching the pizza.,touching,False,False,True,False,http://images.cocodataset.org/train2017/000000049746.jpg,0,0
1517,The bench is under the suitcase.,under,False,False,True,False,http://images.cocodataset.org/train2017/000000039360.jpg,0,0
1511,The sheep is right of the person.,right of,True,False,False,False,http://images.cocodataset.org/train2017/000000496636.jpg,0,0
1520,The person is on the bench.,on,True,True,True,True,http://images.cocodataset.org/train2017/000000405873.jpg,0,0
1378,The motorcycle is ahead of the car.,ahead of,False,,,"The user wants me to determine the truth value of the statement ""The motorcycle is ahead of the car"" based on the image.

1.  **Analyze the image content**:
    *   The image shows a close-up of a motorcycle's handlebar, mirror, and controls.
    *   To the right",http://images.cocodataset.org/train2017/000000108531.jpg,1,3
1524,The dining table is touching the bowl.,touching,True,False,False,False,http://images.cocodataset.org/train2017/000000011504.jpg,0,0
1521,The bus is far away from the parking meter.,far away from,True,True,True,True,http://images.cocodataset.org/train2017/000000135023.jpg,0,1
1523,The dog is on the bus.,on,False,False,True,False,http://images.cocodataset.org/train2017/000000039368.jpg,0,0
1527,The cat is on the person.,on,False,False,True,False,http://images.cocodataset.org/train2017/000000227709.jpg,0,0
1528,The person is at the right side of the giraffe.,at the right side of,True,True,True,True,http://images.cocodataset.org/train2017/000000511654.jpg,0,0
1526,The bowl contains the banana.,contains,False,False,True,False,http://images.cocodataset.org/train2017/000000428407.jpg,0,0
1529,The bed is behind the dog.,behind,False,True,False,True,http://images.cocodataset.org/val2017/000000267300.jpg,0,0
1381,The bench is beneath the giraffe.,beneath,True,,,"The user wants me to determine the truth value of the statement ""The bench is beneath the giraffe"" based on the image.

1.  **Identify the ""giraffe"":** The image features a woman holding a stuffed giraffe toy. The word ""giraffe"" is also printed on the orange",http://images.cocodataset.org/train2017/000000561324.jpg,1,3
1530,The pizza is on top of the oven.,on top of,False,False,True,False,http://images.cocodataset.org/train2017/000000239444.jpg,0,0
1533,The car contains the donut.,contains,True,True,True,True,http://images.cocodataset.org/train2017/000000196002.jpg,0,0
1534,The person is in the middle of the couch.,in the middle of,True,True,True,True,http://images.cocodataset.org/train2017/000000015968.jpg,0,0
1537,The cat is by the car.,by,True,True,True,True,http://images.cocodataset.org/train2017/000000531614.jpg,0,0
1535,The dog is inside the car.,inside,False,False,True,False,http://images.cocodataset.org/train2017/000000441470.jpg,0,0
1536,The teddy bear is touching the couch.,touching,True,True,True,True,http://images.cocodataset.org/train2017/000000256285.jpg,0,0
1532,The umbrella is on the bed.,on,False,False,True,False,http://images.cocodataset.org/train2017/000000516535.jpg,0,0
1531,The person is touching the apple.,touching,False,False,True,False,http://images.cocodataset.org/train2017/000000066746.jpg,0,0
1538,The person is touching the horse.,touching,False,False,True,False,http://images.cocodataset.org/train2017/000000520449.jpg,0,0
1542,The donut is in front of the person.,in front of,True,True,True,True,http://images.cocodataset.org/train2017/000000023218.jpg,0,0
1541,The backpack contains the cat.,contains,True,True,True,True,http://images.cocodataset.org/train2017/000000493316.jpg,0,0
1545,The pizza is left of the person.,left of,False,False,True,"The statement ""The pizza is left of the person"" is **False**.

**Reasoning:**
1.  **Viewer's Perspective:** From the viewer's point of view, the pizza is located in the bottom-right quadrant of the image, while the person is centered. Therefore, the pizza is to the **",http://images.cocodataset.org/train2017/000000293014.jpg,1,0
1539,The laptop is touching the couch.,touching,True,True,True,True,http://images.cocodataset.org/train2017/000000304434.jpg,0,0
1546,The bowl is touching the donut.,touching,True,True,True,True,http://images.cocodataset.org/train2017/000000198396.jpg,0,0
1540,The couch is below the umbrella.,below,False,False,True,"The statement ""The couch is below the umbrella"" is **False**.

**Reasoning:**
1.  **Identify the couch:** The couch is the large, light-colored piece of furniture located in the foreground on the right side of the image.
2.  **Identify the umbrella:** There is a",http://images.cocodataset.org/train2017/000000503472.jpg,1,0
1544,The teddy bear is on the couch.,on,False,False,True,False,http://images.cocodataset.org/train2017/000000141101.jpg,0,0
1547,The bed is behind the couch.,behind,True,True,True,True,http://images.cocodataset.org/train2017/000000553968.jpg,0,0
1518,The horse is by the person.,by,True,True,True,True,http://images.cocodataset.org/train2017/000000348805.jpg,0,0
1409,The book is below the sandwich.,below,True,,,"The user wants me to verify the statement ""The book is below the sandwich"" based on the image.

1.  **Identify the objects**:
    *   **Sandwich**: There is a sandwich on a white plate in the foreground, slightly to the right. It consists of brown bread, lettuce, and",http://images.cocodataset.org/train2017/000000119621.jpg,1,3
1553,The dog is under the bowl.,under,True,False,False,False,http://images.cocodataset.org/train2017/000000372128.jpg,0,0
1548,The toilet is surrounding the cat.,surrounding,True,True,True,True,http://images.cocodataset.org/train2017/000000557239.jpg,0,0
1549,The sheep is close to the truck.,close to,True,True,True,True,http://images.cocodataset.org/train2017/000000080522.jpg,0,0
1550,The donut is at the edge of the dining table.,at the edge of,True,False,False,False,http://images.cocodataset.org/train2017/000000376946.jpg,0,0
1552,The teddy bear is over the bench.,over,True,False,False,"The user wants me to determine if the statement ""The teddy bear is over the bench"" is true or false based on the image.

1.  **Analyze the image content**: The image shows a pink teddy bear. It is positioned on top of a light-colored wooden surface. The bear's paws",http://images.cocodataset.org/train2017/000000292242.jpg,1,0
1551,The potted plant is across from the pizza.,across from,False,False,True,"The statement ""The potted plant is across from the pizza"" is **False**.

**Reasoning:**
1.  **Identify the objects:** The image shows a chef statue holding a pizza in his right hand (on the left side of the image). There is a potted plant (a tall,",http://images.cocodataset.org/train2017/000000578344.jpg,1,0
1557,The person is at the left side of the pizza.,at the left side of,False,False,True,False,http://images.cocodataset.org/val2017/000000027696.jpg,0,0
1554,The couch is below the bird.,below,False,False,True,False,http://images.cocodataset.org/train2017/000000099372.jpg,0,0
1556,The truck is in the cake.,in,False,False,True,False,http://images.cocodataset.org/train2017/000000273704.jpg,0,0
1562,The cell phone is on the keyboard.,on,False,False,True,False,http://images.cocodataset.org/train2017/000000350481.jpg,0,0
1555,The cow is at the back of the person.,at the back of,False,False,True,False,http://images.cocodataset.org/train2017/000000221771.jpg,0,0
1560,The car is next to the parking meter.,next to,True,True,True,True,http://images.cocodataset.org/train2017/000000550019.jpg,0,0
1559,The cat is facing the laptop.,facing,True,True,True,True,http://images.cocodataset.org/train2017/000000369208.jpg,0,0
1440,The dining table is right of the bed.,right of,False,False,True,False,http://images.cocodataset.org/train2017/000000447151.jpg,0,3
1561,The car is far away from the person.,far away from,False,False,True,False,http://images.cocodataset.org/train2017/000000228330.jpg,0,0
1563,The bicycle is behind the chair.,behind,False,False,True,False,http://images.cocodataset.org/train2017/000000257036.jpg,0,0
1565,The dog is at the right side of the horse.,at the right side of,True,True,True,True,http://images.cocodataset.org/train2017/000000422185.jpg,0,0
1564,The dining table is below the airplane.,below,False,True,False,True,http://images.cocodataset.org/train2017/000000275327.jpg,0,0
1566,The pizza is in the oven.,in,True,True,True,True,http://images.cocodataset.org/train2017/000000116521.jpg,0,0
1567,The cat is on top of the laptop.,on top of,True,True,True,True,http://images.cocodataset.org/train2017/000000041505.jpg,0,0
1569,The suitcase contains the cat.,contains,True,True,True,True,http://images.cocodataset.org/train2017/000000344181.jpg,0,0
1568,The cat is below the teddy bear.,below,False,False,True,False,http://images.cocodataset.org/train2017/000000192575.jpg,0,0
1570,The toilet is in the train.,in,True,True,True,True,http://images.cocodataset.org/train2017/000000015745.jpg,0,0
1571,The bird is in the book.,in,False,False,True,False,http://images.cocodataset.org/train2017/000000028134.jpg,0,0
1576,The pizza is below the person.,below,False,False,True,False,http://images.cocodataset.org/train2017/000000200109.jpg,0,0
1558,The motorcycle is opposite to the truck.,opposite to,False,False,True,"The statement ""The motorcycle is opposite to the truck"" is **False**.

**Reasoning:**
1.  **Identify the objects:** The image shows a child sitting on a motorcycle (indicated by the handlebars, mirror, and controls). In the background, there is a white vehicle with the text",http://images.cocodataset.org/train2017/000000149755.jpg,1,1
1578,The cat is at the right side of the toilet.,at the right side of,True,True,True,True,http://images.cocodataset.org/train2017/000000194313.jpg,0,0
1575,The keyboard is in front of the cat.,in front of,True,True,True,True,http://images.cocodataset.org/train2017/000000350481.jpg,0,0
1579,The couch is beneath the teddy bear.,beneath,True,True,True,True,http://images.cocodataset.org/train2017/000000039010.jpg,0,0
1577,The car is touching the bear.,touching,True,False,False,"The user wants me to determine if the statement ""The car is touching the bear"" is true or false based on the image.

1.  **Analyze the image content**: The image shows a large brown bear standing on its hind legs next to a light blue vintage car.
2.  **Analyze the interaction",http://images.cocodataset.org/train2017/000000357859.jpg,1,0
1580,The boat is far away from the tv.,far away from,False,False,True,False,http://images.cocodataset.org/train2017/000000344507.jpg,0,0
1581,The laptop is touching the bed.,touching,True,True,True,True,http://images.cocodataset.org/train2017/000000449850.jpg,0,0
1583,The truck contains the cow.,contains,False,False,True,False,http://images.cocodataset.org/train2017/000000387136.jpg,0,0
1585,The umbrella is above the cat.,above,False,False,True,False,http://images.cocodataset.org/train2017/000000450247.jpg,0,0
1584,The bowl is touching the bird.,touching,True,True,True,True,http://images.cocodataset.org/train2017/000000388905.jpg,0,0
1582,The motorcycle is ahead of the truck.,ahead of,True,False,False,"The user wants me to determine if the statement ""The motorcycle is ahead of the truck"" is true or false based on the image.

1.  **Identify the subjects**:
    *   **Motorcycle**: There is a large motorcycle in the foreground, ridden by a man in a leather jacket. It is",http://images.cocodataset.org/train2017/000000117413.jpg,1,0
1586,The dining table is under the train.,under,False,False,True,False,http://images.cocodataset.org/train2017/000000284873.jpg,0,0
1588,The airplane is touching the person.,touching,True,True,True,True,http://images.cocodataset.org/train2017/000000432947.jpg,0,0
1589,The cat is in the suitcase.,in,True,True,True,True,http://images.cocodataset.org/train2017/000000064423.jpg,0,0
1587,The bear is on top of the chair.,on top of,True,True,True,True,http://images.cocodataset.org/train2017/000000107571.jpg,0,0
1591,The potted plant is behind the person.,behind,True,True,True,True,http://images.cocodataset.org/train2017/000000478298.jpg,0,0
1510,The cat is at the left side of the person.,at the left side of,False,False,True,False,http://images.cocodataset.org/train2017/000000233005.jpg,0,0
1593,The cat is at the back of the laptop.,at the back of,False,False,True,False,http://images.cocodataset.org/train2017/000000360805.jpg,0,0
1594,The cat is in the middle of the teddy bear.,in the middle of,False,False,True,False,http://images.cocodataset.org/train2017/000000311290.jpg,0,0
1596,The cat is inside the backpack.,inside,False,False,True,False,http://images.cocodataset.org/train2017/000000212868.jpg,0,0
1597,The boat is on the train.,on,False,False,True,False,http://images.cocodataset.org/train2017/000000364491.jpg,0,0
1592,The dog is facing away from the person.,facing away from,False,False,True,False,http://images.cocodataset.org/train2017/000000542165.jpg,0,0
1595,The train is on top of the cake.,on top of,False,False,True,False,http://images.cocodataset.org/train2017/000000012681.jpg,0,0
1472,The chair is far away from the traffic light.,far away from,True,,,"The user wants me to evaluate the statement ""The chair is far away from the traffic light"" based on the image.

1.  **Analyze the image content**:
    *   **Foreground**: A black traffic light with three lenses. The bottom lens is illuminated green and displays a smiley face.
    *",http://images.cocodataset.org/train2017/000000320693.jpg,1,3
1601,The person is inside the airplane.,inside,True,True,True,True,http://images.cocodataset.org/train2017/000000395850.jpg,0,0
1572,The motorcycle is behind the dining table.,behind,True,True,True,True,http://images.cocodataset.org/train2017/000000125407.jpg,0,0
1574,The motorcycle is beneath the cat.,beneath,True,True,True,True,http://images.cocodataset.org/train2017/000000036757.jpg,0,0
1605,The sheep is touching the dog.,touching,False,False,True,False,http://images.cocodataset.org/train2017/000000473676.jpg,0,0
1602,The teddy bear is in the chair.,in,False,False,True,"The user wants me to determine if the statement ""The teddy bear is in the chair"" is true or false based on the image.

1.  **Analyze the image content**:
    *   There is a large, light brown teddy bear wearing a plaid scarf.
    *   There is a",http://images.cocodataset.org/train2017/000000440522.jpg,1,0
1600,The cup is in the bowl.,in,True,True,True,"The user wants me to identify if the statement ""The cup is in the bowl"" is true based on the image.

1.  **Analyze the image content**: The image shows a blue plate containing two hot dogs, a pile of chips, a pickle, and a small white container filled with baked beans.
2",http://images.cocodataset.org/train2017/000000392198.jpg,1,0
1603,The bed is away from the bicycle.,away from,False,False,True,False,http://images.cocodataset.org/val2017/000000274687.jpg,0,0
1606,The bird is touching the book.,touching,True,True,True,True,http://images.cocodataset.org/val2017/000000542776.jpg,0,0
1607,The cat is beside the backpack.,beside,True,True,True,True,http://images.cocodataset.org/train2017/000000449770.jpg,0,0
1610,The person is with the dog.,with,True,True,True,True,http://images.cocodataset.org/train2017/000000423267.jpg,0,0
1609,The teddy bear is touching the fire hydrant.,touching,False,False,True,False,http://images.cocodataset.org/train2017/000000246831.jpg,0,0
1608,The book is parallel to the bed.,parallel to,False,False,True,"The statement ""The book is parallel to the bed"" is **False**.

**Reasoning:**
In the image, the book is lying open on the bed. The pages of the book are curved upwards, forming an arch or a ""V"" shape. Because of this curvature, the surface of the book is",http://images.cocodataset.org/train2017/000000364725.jpg,1,0
1612,The cup is behind the sandwich.,behind,True,False,False,False,http://images.cocodataset.org/train2017/000000349230.jpg,0,0
1598,The backpack is beneath the cat.,beneath,True,True,True,True,http://images.cocodataset.org/train2017/000000268570.jpg,0,0
1613,The apple is next to the cat.,next to,False,False,True,False,http://images.cocodataset.org/train2017/000000389011.jpg,0,0
1614,The keyboard is under the cake.,under,False,False,True,False,http://images.cocodataset.org/train2017/000000345602.jpg,0,0
1615,The surfboard is in the truck.,in,True,True,True,True,http://images.cocodataset.org/train2017/000000197775.jpg,0,0
1611,The cat is facing the backpack.,facing,True,False,False,False,http://images.cocodataset.org/train2017/000000207093.jpg,0,0
1616,The couch is behind the dining table.,behind,True,True,True,True,http://images.cocodataset.org/train2017/000000305685.jpg,0,0
1617,The cow is facing the bench.,facing,True,False,False,False,http://images.cocodataset.org/train2017/000000182032.jpg,0,0
1618,The cat is in front of the bicycle.,in front of,True,True,True,True,http://images.cocodataset.org/train2017/000000171809.jpg,0,0
1620,The cake is beneath the banana.,beneath,True,True,True,True,http://images.cocodataset.org/train2017/000000222987.jpg,0,0
1621,The skateboard is on the couch.,on,False,False,True,False,http://images.cocodataset.org/train2017/000000322261.jpg,0,0
1624,The dog is at the edge of the bed.,at the edge of,False,False,True,False,http://images.cocodataset.org/train2017/000000248001.jpg,0,0
1623,The pizza is in front of the person.,in front of,True,True,True,True,http://images.cocodataset.org/train2017/000000534161.jpg,0,0
1626,The giraffe is far from the bench.,far from,True,False,False,"The user wants me to determine if the statement ""The giraffe is far from the bench"" is true or false based on the image.

1.  **Identify the subjects:**
    *   **Giraffe:** The giraffe's head and neck are clearly visible in the foreground, extending from the top",http://images.cocodataset.org/train2017/000000292102.jpg,1,0
1627,The cake is under the truck.,under,True,False,False,False,http://images.cocodataset.org/train2017/000000501204.jpg,0,0
1625,The cat is at the right side of the potted plant.,at the right side of,False,False,True,False,http://images.cocodataset.org/train2017/000000127809.jpg,0,0
1622,The bear is touching the person.,touching,False,False,True,False,http://images.cocodataset.org/val2017/000000341094.jpg,0,0
1628,The motorcycle is behind the fire hydrant.,behind,True,True,True,True,http://images.cocodataset.org/train2017/000000183964.jpg,0,0
1619,The train is far away from the stop sign.,far away from,True,True,True,True,http://images.cocodataset.org/train2017/000000355357.jpg,0,1
1522,The hot dog is far away from the oven.,far away from,True,,,"The user wants me to determine the truth value of the statement ""The hot dog is far away from the oven"" based on the image.

1.  **Identify the objects:**
    *   **Hot dog:** There is a hot dog (sausage in a bun with sauerkraut) in",http://images.cocodataset.org/train2017/000000058677.jpg,1,3
1629,The cat is on top of the microwave.,on top of,False,False,True,False,http://images.cocodataset.org/train2017/000000506151.jpg,0,0
1634,The truck is behind the cake.,behind,False,False,True,False,http://images.cocodataset.org/train2017/000000184176.jpg,0,0
1632,The truck is behind the motorcycle.,behind,True,True,True,True,http://images.cocodataset.org/train2017/000000178890.jpg,0,0
1636,The teddy bear is touching the dog.,touching,True,True,True,True,http://images.cocodataset.org/train2017/000000177532.jpg,0,0
1637,The cat is by the toilet.,by,False,True,False,True,http://images.cocodataset.org/train2017/000000547542.jpg,0,0
1633,The teddy bear is right of the suitcase.,right of,True,True,True,True,http://images.cocodataset.org/train2017/000000248168.jpg,0,0
1635,The bottle is adjacent to the pizza.,adjacent to,True,True,True,"The user wants me to determine if the statement ""The bottle is adjacent to the pizza"" is true based on the image.

1.  **Identify the objects**:
    *   **Bottle**: There is a wine bottle (Chateau Talbot) standing on the table in the middle ground, slightly to",http://images.cocodataset.org/train2017/000000434893.jpg,1,0
1641,The laptop is beneath the cat.,beneath,True,True,True,True,http://images.cocodataset.org/train2017/000000299103.jpg,0,0
1640,The cat is in the suitcase.,in,True,True,True,True,http://images.cocodataset.org/val2017/000000443303.jpg,0,0
1639,The person is behind the keyboard.,behind,False,False,True,False,http://images.cocodataset.org/train2017/000000477136.jpg,0,0
1630,The airplane is behind the person.,behind,False,False,True,False,http://images.cocodataset.org/train2017/000000543517.jpg,0,1
1643,The dining table is in front of the person.,in front of,True,True,True,True,http://images.cocodataset.org/train2017/000000207475.jpg,0,0
1642,The dining table is under the cake.,under,True,False,False,False,http://images.cocodataset.org/train2017/000000405261.jpg,0,0
1644,The parking meter is at the left side of the car.,at the left side of,False,False,True,False,http://images.cocodataset.org/train2017/000000428769.jpg,0,0
1647,The truck contains the bed.,contains,False,False,True,False,http://images.cocodataset.org/train2017/000000172006.jpg,0,0
1646,The dog is at the right side of the horse.,at the right side of,True,True,True,True,http://images.cocodataset.org/train2017/000000300322.jpg,0,0
1525,The umbrella is over the handbag.,over,True,,,"The user wants me to determine the truth value of the statement ""The umbrella is over the handbag"" based on the provided image.

1.  **Identify the objects:**
    *   **Umbrella:** There is a large black umbrella held by the woman on the left. It is positioned high up",http://images.cocodataset.org/train2017/000000030443.jpg,1,3
1649,The umbrella is surrounding the cat.,surrounding,False,False,True,False,http://images.cocodataset.org/train2017/000000430567.jpg,0,0
1648,The cat is inside the suitcase.,inside,False,False,True,"The user wants me to determine if the statement ""The cat is inside the suitcase"" is true or false based on the image.

1.  **Analyze the image content**:
    *   There is a dog (a beagle) inside a black wire crate.
    *   There is a tortoisesh",http://images.cocodataset.org/train2017/000000574000.jpg,1,0
1650,The chair is facing the hot dog.,facing,False,False,True,"The user wants me to determine if the statement ""The chair is facing the hot dog"" is true or false based on the image.

1.  **Identify the objects:**
    *   **Hot dog:** Located in the foreground, sitting on aluminum foil on a wooden table.
    *   **Chair:**",http://images.cocodataset.org/train2017/000000257073.jpg,1,0
1604,The sink is in front of the cat.,in front of,True,True,True,"The user wants to know if the statement ""The sink is in front of the cat"" is true based on the image.

1.  **Identify the cat**: The cat is the main subject in the foreground, standing on a wooden surface (likely a butcher block or table).
2.  **Identify the",http://images.cocodataset.org/train2017/000000020087.jpg,1,2
1654,The bird is behind the elephant.,behind,True,False,False,False,http://images.cocodataset.org/train2017/000000109265.jpg,0,0
1652,The pizza is below the person.,below,False,False,True,False,http://images.cocodataset.org/train2017/000000091057.jpg,0,0
1653,The dining table is touching the cat.,touching,False,False,True,False,http://images.cocodataset.org/train2017/000000169197.jpg,0,0
1631,The car contains the donut.,contains,False,False,True,False,http://images.cocodataset.org/train2017/000000382863.jpg,0,0
1656,The dining table is touching the bottle.,touching,True,True,True,True,http://images.cocodataset.org/train2017/000000423141.jpg,0,0
1655,The cat is right of the dining table.,right of,True,False,False,False,http://images.cocodataset.org/train2017/000000184116.jpg,0,0
1657,The person is on the bench.,on,False,False,True,"The user wants me to determine if the statement ""The person is on the bench"" is true or false based on the image.

1.  **Analyze the image content**:
    *   **Subject**: A person is visible in the center of the frame.
    *   **Action**: The person is in",http://images.cocodataset.org/train2017/000000230995.jpg,1,0
1659,The couch is under the person.,under,False,False,True,False,http://images.cocodataset.org/train2017/000000147963.jpg,0,0
1660,The book is in the middle of the bed.,in the middle of,True,False,False,False,http://images.cocodataset.org/train2017/000000327455.jpg,0,0
1661,The person is across from the sandwich.,across from,True,True,True,True,http://images.cocodataset.org/train2017/000000540436.jpg,0,0
1663,The knife is perpendicular to the carrot.,perpendicular to,False,False,True,False,http://images.cocodataset.org/train2017/000000213881.jpg,0,0
1651,The teddy bear is behind the person.,behind,False,False,True,False,http://images.cocodataset.org/train2017/000000055389.jpg,0,0
1664,The suitcase is in front of the refrigerator.,in front of,False,True,False,True,http://images.cocodataset.org/train2017/000000321879.jpg,0,0
1543,The person is behind the zebra.,behind,False,,,"The user wants me to determine the truth value of the statement ""The person is behind the zebra"" based on the image.

1.  **Identify the person:** There is a young boy in the image, wearing a blue shirt, positioned in the upper-left to center area. He is leaning over a table",http://images.cocodataset.org/val2017/000000025096.jpg,1,3
1666,The cat is at the left side of the teddy bear.,at the left side of,False,False,True,False,http://images.cocodataset.org/train2017/000000383494.jpg,0,0
1662,The car is parallel to the motorcycle.,parallel to,True,False,False,"The user wants me to determine if the statement ""The car is parallel to the motorcycle"" is true or false based on the image.

1.  **Analyze the orientation of the motorcycle:** The motorcycle is positioned in the foreground and is facing towards the right side of the image. We can see its side profile,",http://images.cocodataset.org/train2017/000000326689.jpg,1,0
1669,The person is away from the chair.,away from,False,False,True,False,http://images.cocodataset.org/train2017/000000380449.jpg,0,0
1668,The sheep is on top of the chair.,on top of,True,True,True,True,http://images.cocodataset.org/train2017/000000046927.jpg,0,0
1672,The couch is behind the person.,behind,False,True,False,True,http://images.cocodataset.org/train2017/000000546210.jpg,0,0
1670,The truck is next to the motorcycle.,next to,False,False,True,False,http://images.cocodataset.org/train2017/000000240967.jpg,0,0
1673,The bicycle is left of the person.,left of,False,False,True,False,http://images.cocodataset.org/train2017/000000008794.jpg,0,0
1667,The elephant is behind the person.,behind,True,False,False,False,http://images.cocodataset.org/train2017/000000060568.jpg,0,0
1665,The refrigerator is in front of the person.,in front of,True,True,True,True,http://images.cocodataset.org/train2017/000000452909.jpg,0,1
1674,The cat is on the backpack.,on,False,False,True,False,http://images.cocodataset.org/train2017/000000315156.jpg,0,0
1676,The cat is below the motorcycle.,below,True,True,True,True,http://images.cocodataset.org/train2017/000000340004.jpg,0,0
1678,The oven is at the back of the person.,at the back of,True,False,False,False,http://images.cocodataset.org/train2017/000000168173.jpg,0,0
1679,The bowl is touching the bird.,touching,False,False,True,False,http://images.cocodataset.org/train2017/000000531377.jpg,0,0
1677,The cat is inside the suitcase.,inside,True,True,True,True,http://images.cocodataset.org/train2017/000000292232.jpg,0,0
1681,The cat is touching the bed.,touching,False,True,False,True,http://images.cocodataset.org/train2017/000000381047.jpg,0,0
1680,The teddy bear is on the bench.,on,True,True,True,True,http://images.cocodataset.org/train2017/000000395531.jpg,0,0
1682,The cow is perpendicular to the motorcycle.,perpendicular to,False,False,True,"The statement ""The cow is perpendicular to the motorcycle"" is **False**.

**Reasoning:**
1.  **Orientation of the Cow:** The cow is positioned in the foreground and is facing towards the **left** side of the image. Its body runs roughly parallel to the picture plane (left-to-right).
",http://images.cocodataset.org/train2017/000000186275.jpg,1,0
1684,The hot dog is touching the person.,touching,False,False,True,False,http://images.cocodataset.org/train2017/000000315972.jpg,0,0
1685,The bed is under the person.,under,True,True,True,True,http://images.cocodataset.org/train2017/000000271829.jpg,0,0
1683,The boat is behind the dining table.,behind,True,True,True,True,http://images.cocodataset.org/train2017/000000554518.jpg,0,0
1687,The teddy bear is behind the book.,behind,False,False,True,False,http://images.cocodataset.org/train2017/000000419443.jpg,0,0
1688,The cat is on top of the microwave.,on top of,True,True,True,True,http://images.cocodataset.org/train2017/000000426714.jpg,0,0
1686,The laptop is under the cat.,under,False,False,True,False,http://images.cocodataset.org/train2017/000000419143.jpg,0,0
1689,The airplane is far away from the car.,far away from,False,False,True,False,http://images.cocodataset.org/train2017/000000371153.jpg,0,0
1573,The dining table is far away from the truck.,far away from,True,,,"The user wants me to determine the truth value of the statement ""The dining table is far away from the truck"" based on the image.

1.  **Identify the objects:**
    *   **Dining table:** In the foreground, there is a table covered with a white tablecloth, holding a birthday",http://images.cocodataset.org/train2017/000000253959.jpg,1,3
1691,The potted plant is away from the cat.,away from,True,True,True,True,http://images.cocodataset.org/train2017/000000030149.jpg,0,0
1690,The dog is near the pizza.,near,False,True,False,True,http://images.cocodataset.org/train2017/000000309968.jpg,0,0
1693,The person is at the right side of the laptop.,at the right side of,False,False,True,False,http://images.cocodataset.org/train2017/000000504027.jpg,0,0
1675,The orange is behind the apple.,behind,False,False,True,"The statement ""The orange is behind the apple"" is **False**.

**Reasoning:**
1.  **Identify the objects:** The image shows a display of fruit. There is a pile of oranges on the left side and a pile of red apples on the right side.
2.  **Analyze",http://images.cocodataset.org/train2017/000000079172.jpg,1,1
1698,The dog is at the right side of the toilet.,at the right side of,True,True,True,True,http://images.cocodataset.org/train2017/000000039913.jpg,0,0
1695,The bed is behind the bicycle.,behind,True,True,True,True,http://images.cocodataset.org/val2017/000000274687.jpg,0,0
1694,The truck contains the dog.,contains,True,True,True,True,http://images.cocodataset.org/train2017/000000257690.jpg,0,0
1696,The train is on top of the laptop.,on top of,True,False,False,False,http://images.cocodataset.org/train2017/000000253004.jpg,0,0
1697,The couch is under the suitcase.,under,True,False,False,False,http://images.cocodataset.org/train2017/000000527691.jpg,0,0
1699,The person is touching the pizza.,touching,True,True,True,True,http://images.cocodataset.org/train2017/000000236884.jpg,0,0
1590,The car is at the back of the person.,at the back of,True,,,"The user wants me to verify the statement ""The car is at the back of the person"" based on the image.

1.  **Identify the person:** There is a man in the foreground on the right side of the image, wearing a blue jacket and looking down at a map.
2.  **Ident",http://images.cocodataset.org/train2017/000000194510.jpg,1,3
1704,The teddy bear is right of the dog.,right of,False,False,True,False,http://images.cocodataset.org/train2017/000000529411.jpg,0,0
1700,The teddy bear is off the bed.,off,False,True,False,True,http://images.cocodataset.org/train2017/000000217458.jpg,0,0
1703,The person is at the left side of the oven.,at the left side of,False,False,True,False,http://images.cocodataset.org/train2017/000000451274.jpg,0,0
1705,The donut is away from the dining table.,away from,True,False,False,False,http://images.cocodataset.org/train2017/000000182902.jpg,0,0
1708,The toilet is under the person.,under,False,False,True,False,http://images.cocodataset.org/train2017/000000462011.jpg,0,0
1645,The backpack is at the side of the bed.,at the side of,True,True,True,True,http://images.cocodataset.org/train2017/000000057091.jpg,0,0
1710,The cup is under the banana.,under,True,True,True,True,http://images.cocodataset.org/train2017/000000326849.jpg,0,0
1599,The truck is in front of the car.,in front of,False,,,"The user wants me to determine the truth value of the statement ""The truck is in front of the car"" based on the image.

1.  **Identify the objects:**
    *   **Truck:** There is a large red utility truck (likely a fire department vehicle) dominating the foreground and left side",http://images.cocodataset.org/train2017/000000413277.jpg,1,3
1712,The dining table is left of the person.,left of,True,True,True,True,http://images.cocodataset.org/train2017/000000570968.jpg,0,0
1706,The bear is above the dining table.,above,True,False,False,False,http://images.cocodataset.org/train2017/000000443410.jpg,0,0
1671,The person is above the suitcase.,above,False,False,True,"The statement ""The person is above the suitcase"" is **False**.

**Reasoning:**
1.  **Identify the objects:** The image shows a tennis player (the person) and a black tennis bag (referred to as the suitcase) in the background.
2.  **Analyze spatial relationship",http://images.cocodataset.org/train2017/000000116887.jpg,1,2
1714,The dog is touching the toilet.,touching,True,True,True,True,http://images.cocodataset.org/train2017/000000145544.jpg,0,0
1713,The chair is beneath the cat.,beneath,False,True,False,True,http://images.cocodataset.org/train2017/000000281598.jpg,0,0
1718,The motorcycle is by the person.,by,True,True,True,True,http://images.cocodataset.org/train2017/000000574739.jpg,0,0
1715,The bed is away from the bicycle.,away from,True,True,True,True,http://images.cocodataset.org/train2017/000000019888.jpg,0,0
1717,The dining table is at the side of the cake.,at the side of,False,False,True,False,http://images.cocodataset.org/train2017/000000501204.jpg,0,0
1709,The dining table is within the boat.,within,False,False,True,"Based on the visual evidence in the image, the dining table is set up on the ground (likely a pebble beach or patio) next to the water. The boats are visible in the background, resting on the shore behind the diners. The table is clearly not inside any of the boats.

False",http://images.cocodataset.org/train2017/000000554518.jpg,1,1
1720,The suitcase is under the dining table.,under,False,False,True,False,http://images.cocodataset.org/train2017/000000534124.jpg,0,0
1716,The handbag is off the couch.,off,True,True,True,True,http://images.cocodataset.org/train2017/000000119834.jpg,0,0
1724,The teddy bear is touching the bottle.,touching,False,False,True,False,http://images.cocodataset.org/val2017/000000156643.jpg,0,0
1725,The person is touching the book.,touching,True,True,True,True,http://images.cocodataset.org/val2017/000000099182.jpg,0,0
1723,The refrigerator is next to the person.,next to,False,False,True,False,http://images.cocodataset.org/train2017/000000316353.jpg,0,0
1721,The laptop is on the dining table.,on,False,False,True,False,http://images.cocodataset.org/train2017/000000293249.jpg,0,0
1722,The cat is on the microwave.,on,True,True,True,True,http://images.cocodataset.org/train2017/000000580162.jpg,0,0
1726,The cat is touching the wine glass.,touching,False,False,True,False,http://images.cocodataset.org/train2017/000000237764.jpg,0,0
1707,The bed is below the dining table.,below,True,False,False,False,http://images.cocodataset.org/train2017/000000514749.jpg,0,0
1719,The car is over the cat.,over,False,False,True,False,http://images.cocodataset.org/train2017/000000578632.jpg,0,0
1701,The person is behind the donut.,behind,True,True,True,True,http://images.cocodataset.org/train2017/000000555909.jpg,0,1
1730,The umbrella is above the dining table.,above,True,True,True,True,http://images.cocodataset.org/train2017/000000456950.jpg,0,0
1729,The dining table is in front of the refrigerator.,in front of,True,True,True,True,http://images.cocodataset.org/train2017/000000240727.jpg,0,0
1731,The teddy bear is away from the dining table.,away from,False,False,True,False,http://images.cocodataset.org/train2017/000000364722.jpg,0,0
1727,The pizza is near the book.,near,True,True,True,True,http://images.cocodataset.org/train2017/000000469936.jpg,0,0
1733,The teddy bear is on the couch.,on,True,True,True,True,http://images.cocodataset.org/train2017/000000107571.jpg,0,0
1732,The teddy bear is touching the bed.,touching,False,True,False,True,http://images.cocodataset.org/train2017/000000066355.jpg,0,0
1728,The person is touching the hair drier.,touching,True,True,True,True,http://images.cocodataset.org/train2017/000000466981.jpg,0,0
1737,The sandwich is touching the person.,touching,True,True,True,True,http://images.cocodataset.org/train2017/000000330955.jpg,0,0
1736,The cat is toward the refrigerator.,toward,False,True,False,True,http://images.cocodataset.org/train2017/000000407390.jpg,0,0
1734,The cat is into the toilet.,into,False,False,True,False,http://images.cocodataset.org/train2017/000000012315.jpg,0,0
1741,The chair is at the left side of the tv.,at the left side of,False,False,True,False,http://images.cocodataset.org/train2017/000000058254.jpg,0,0
1742,The potted plant is in front of the teddy bear.,in front of,True,True,True,True,http://images.cocodataset.org/train2017/000000082512.jpg,0,0
1740,The umbrella is over the cup.,over,True,True,True,"The user wants me to determine if the statement ""The umbrella is over the cup"" is true based on the image.

1.  **Identify the objects**:
    *   **Umbrella**: There is a large yellow umbrella (or awning) covering the top portion of the image.
    *  ",http://images.cocodataset.org/train2017/000000581040.jpg,1,0
1743,The teddy bear is on the couch.,on,True,True,True,True,http://images.cocodataset.org/train2017/000000348288.jpg,0,0
1739,The donut is touching the person.,touching,True,False,False,False,http://images.cocodataset.org/train2017/000000399480.jpg,0,0
1738,The train is far from the truck.,far from,False,False,True,False,http://images.cocodataset.org/train2017/000000337458.jpg,0,0
1749,The handbag is beneath the cat.,beneath,True,True,True,True,http://images.cocodataset.org/train2017/000000396326.jpg,0,0
1745,The teddy bear is touching the dog.,touching,True,True,True,True,http://images.cocodataset.org/train2017/000000054643.jpg,0,0
1748,The person is in front of the dining table.,in front of,False,False,True,False,http://images.cocodataset.org/train2017/000000199913.jpg,0,0
1744,The bowl contains the cat.,contains,False,False,True,False,http://images.cocodataset.org/train2017/000000248381.jpg,0,0
1638,The person is at the left side of the oven.,at the left side of,False,False,True,"The user wants me to determine if the statement ""The person is at the left side of the oven"" is true or false based on the image.

1.  **Identify the objects:**
    *   **Person:** There is a young girl sitting at a table in the foreground.
    *   **O",http://images.cocodataset.org/train2017/000000564915.jpg,1,3
1751,The hot dog is over the backpack.,over,True,False,False,False,http://images.cocodataset.org/train2017/000000386079.jpg,0,0
1750,The person is close to the cake.,close to,True,True,True,True,http://images.cocodataset.org/train2017/000000224045.jpg,0,0
1752,The couch is surrounding the person.,surrounding,False,True,False,True,http://images.cocodataset.org/train2017/000000128113.jpg,0,0
1753,The horse is in front of the train.,in front of,True,True,True,True,http://images.cocodataset.org/train2017/000000318671.jpg,0,0
1746,The toilet is surrounding the cat.,surrounding,False,False,True,False,http://images.cocodataset.org/train2017/000000048935.jpg,0,0
1756,The toilet is surrounding the cat.,surrounding,False,False,True,False,http://images.cocodataset.org/train2017/000000241876.jpg,0,0
1758,The motorcycle is beneath the person.,beneath,False,False,True,False,http://images.cocodataset.org/train2017/000000300631.jpg,0,0
1759,The elephant is under the person.,under,True,True,True,True,http://images.cocodataset.org/train2017/000000122998.jpg,0,0
1755,The dining table is touching the train.,touching,True,False,False,"The user wants to know if the statement ""The dining table is touching the train"" is true or false based on the image.

1.  **Identify the objects**:
    *   **Dining table**: The large wooden surface in the foreground where the scene takes place.
    *   **Train**: The",http://images.cocodataset.org/train2017/000000200764.jpg,1,0
1761,The parking meter is next to the person.,next to,True,True,True,True,http://images.cocodataset.org/train2017/000000365366.jpg,0,0
1757,The hair drier is on the chair.,on,False,False,True,False,http://images.cocodataset.org/train2017/000000195525.jpg,0,0
1763,The chair is behind the hot dog.,behind,True,True,True,True,http://images.cocodataset.org/train2017/000000393428.jpg,0,0
1762,The bus is behind the dining table.,behind,True,False,False,False,http://images.cocodataset.org/train2017/000000159403.jpg,0,0
1764,The person is in front of the donut.,in front of,True,False,False,False,http://images.cocodataset.org/train2017/000000092054.jpg,0,0
1760,The person is facing the bed.,facing,True,False,False,False,http://images.cocodataset.org/train2017/000000514254.jpg,0,0
1768,The bear is close to the dog.,close to,True,False,False,False,http://images.cocodataset.org/train2017/000000522225.jpg,0,0
1767,The keyboard is left of the cat.,left of,True,True,True,True,http://images.cocodataset.org/train2017/000000501278.jpg,0,0
1658,The book is next to the bus.,next to,False,,,"The user wants me to determine the truth value of the statement ""The book is next to the bus"" based on the provided image.

1.  **Analyze the image content:**
    *   The image shows the side of a teal and yellow public transit bus.
    *   There is a large window reflecting",http://images.cocodataset.org/train2017/000000038817.jpg,1,3
1766,The person is in the bed.,in,False,False,True,False,http://images.cocodataset.org/train2017/000000369023.jpg,0,0
1754,The bottle is near the teddy bear.,near,True,True,True,True,http://images.cocodataset.org/train2017/000000151862.jpg,0,0
1769,The person is touching the dining table.,touching,True,True,True,"The user wants to know if the statement ""The person is touching the dining table"" is true based on the image.

1.  **Analyze the image content**: The image shows a man sitting at a wooden table outdoors. He is wearing a black t-shirt with a skeleton ribcage design and glasses.
2",http://images.cocodataset.org/train2017/000000288753.jpg,1,0
1771,The cat is within the car.,within,False,False,True,False,http://images.cocodataset.org/train2017/000000003935.jpg,0,0
1773,The cat is facing away from the bed.,facing away from,False,False,True,False,http://images.cocodataset.org/train2017/000000293276.jpg,0,0
1772,The laptop is in front of the cat.,in front of,True,True,True,"The user wants to know if the statement ""The laptop is in front of the cat"" is true based on the image.

1.  **Identify the objects:** I see a black and white cat sitting on a desk. To the left of the cat, there is a laptop computer. Behind the cat, there",http://images.cocodataset.org/train2017/000000407386.jpg,1,0
1774,The zebra is in the car.,in,False,False,True,False,http://images.cocodataset.org/train2017/000000135820.jpg,0,0
1770,The potted plant is at the edge of the dining table.,at the edge of,True,True,True,True,http://images.cocodataset.org/train2017/000000138367.jpg,0,0
1775,The book is perpendicular to the bed.,perpendicular to,False,False,True,False,http://images.cocodataset.org/train2017/000000420450.jpg,0,0
1776,The motorcycle is under the dog.,under,True,True,True,True,http://images.cocodataset.org/train2017/000000251716.jpg,0,0
1780,The suitcase contains the cat.,contains,True,True,True,True,http://images.cocodataset.org/train2017/000000013574.jpg,0,0
1782,The suitcase contains the cat.,contains,True,True,True,True,http://images.cocodataset.org/train2017/000000497030.jpg,0,0
1777,The cat is under the umbrella.,under,False,False,True,False,http://images.cocodataset.org/train2017/000000123970.jpg,0,0
1781,The dog is in the middle of the chair.,in the middle of,False,False,True,False,http://images.cocodataset.org/train2017/000000047724.jpg,0,0
1783,The banana is on the cake.,on,False,False,True,False,http://images.cocodataset.org/train2017/000000239801.jpg,0,0
1784,The sheep is at the edge of the cake.,at the edge of,True,False,False,"The user wants me to determine if the statement ""The sheep is at the edge of the cake"" is true or false based on the image.

1.  **Identify the sheep:** I see two sheep figurines on the cake. They are located in the upper left section, on the green ""grass"" frosting",http://images.cocodataset.org/train2017/000000416960.jpg,1,0
1779,The dog is under the donut.,under,False,False,True,False,http://images.cocodataset.org/train2017/000000555909.jpg,0,0
1786,The motorcycle is behind the parking meter.,behind,False,False,True,False,http://images.cocodataset.org/train2017/000000115626.jpg,0,0
1787,The cat is on top of the microwave.,on top of,False,False,True,False,http://images.cocodataset.org/train2017/000000289698.jpg,0,0
1788,The car is across from the parking meter.,across from,True,True,True,True,http://images.cocodataset.org/train2017/000000422469.jpg,0,0
1790,The cat is inside the bicycle.,inside,False,False,True,False,http://images.cocodataset.org/train2017/000000371890.jpg,0,0
1791,The teddy bear is at the left side of the dog.,at the left side of,False,False,True,False,http://images.cocodataset.org/train2017/000000463670.jpg,0,0
1789,The person is touching the pizza.,touching,False,False,True,False,http://images.cocodataset.org/train2017/000000209922.jpg,0,0
1785,The dining table is touching the donut.,touching,False,False,True,False,http://images.cocodataset.org/train2017/000000420404.jpg,0,0
1793,The sandwich is next to the cat.,next to,True,True,True,True,http://images.cocodataset.org/train2017/000000046090.jpg,0,0
1794,The cow is above the cup.,above,True,True,True,True,http://images.cocodataset.org/train2017/000000203867.jpg,0,0
1795,The bench is at the left side of the cat.,at the left side of,False,False,True,False,http://images.cocodataset.org/train2017/000000411668.jpg,0,0
1797,The cat is under the truck.,under,False,False,True,False,http://images.cocodataset.org/train2017/000000482561.jpg,0,0
1792,The cat is facing the person.,facing,True,True,True,True,http://images.cocodataset.org/train2017/000000434385.jpg,0,0
1796,The cake is in front of the oven.,in front of,True,True,True,"The statement ""The cake is in front of the oven"" is **True**.

**Reasoning:**
1.  **Identify the objects:** The image shows a woman holding a skillet containing a baked dish (referred to as a ""cake"" in the prompt) and an open oven.
2. ",http://images.cocodataset.org/train2017/000000185777.jpg,1,0
1798,The suitcase is connected to the motorcycle.,connected to,True,True,True,True,http://images.cocodataset.org/train2017/000000461705.jpg,0,0
1799,The cat is above the car.,above,True,True,True,True,http://images.cocodataset.org/train2017/000000291412.jpg,0,0
1801,The truck is under the dog.,under,True,True,True,True,http://images.cocodataset.org/train2017/000000159075.jpg,0,0
1800,The refrigerator is beneath the tv.,beneath,True,True,True,True,http://images.cocodataset.org/train2017/000000407705.jpg,0,0
1802,The sandwich is on top of the banana.,on top of,False,False,True,False,http://images.cocodataset.org/train2017/000000533917.jpg,0,0
1804,The person is against the motorcycle.,against,True,True,True,True,http://images.cocodataset.org/train2017/000000290246.jpg,0,0
1803,The book is in front of the teddy bear.,in front of,True,True,True,True,http://images.cocodataset.org/train2017/000000368811.jpg,0,0
1692,The cow is in front of the bench.,in front of,True,,,"The user wants me to verify the statement ""The cow is in front of the bench"" based on the image.

1.  **Identify the cow**: There is a large black cow in the foreground of the image.
2.  **Identify the bench**: Looking at the background, specifically on the left side",http://images.cocodataset.org/train2017/000000044621.jpg,1,3
1806,The couch is under the truck.,under,False,False,True,False,http://images.cocodataset.org/train2017/000000358630.jpg,0,0
1809,The tie is touching the teddy bear.,touching,True,True,True,True,http://images.cocodataset.org/train2017/000000518110.jpg,0,0
1808,The cat is inside the suitcase.,inside,False,True,False,True,http://images.cocodataset.org/train2017/000000045882.jpg,0,0
1805,The bowl contains the hot dog.,contains,True,False,False,False,http://images.cocodataset.org/train2017/000000240211.jpg,0,0
1811,The pizza is behind the car.,behind,True,False,False,False,http://images.cocodataset.org/train2017/000000419860.jpg,0,0
1812,The couch is behind the banana.,behind,False,True,False,True,http://images.cocodataset.org/train2017/000000481313.jpg,0,0
1813,The couch is in front of the backpack.,in front of,False,False,True,False,http://images.cocodataset.org/train2017/000000433110.jpg,0,0
1814,The person is touching the hot dog.,touching,False,False,True,False,http://images.cocodataset.org/train2017/000000554208.jpg,0,0
1702,The laptop is off the dog.,off,False,,,"The user wants me to determine the truth value of the statement ""The laptop is off the dog"" based on the image.

1.  **Analyze the image content**:
    *   There is a laptop computer in the foreground.
    *   There is a light-colored cat in the foreground, sitting in front",http://images.cocodataset.org/train2017/000000396039.jpg,1,3
1817,The bird is on the bowl.,on,False,False,True,False,http://images.cocodataset.org/train2017/000000531377.jpg,0,0
1815,The bicycle is parallel to the motorcycle.,parallel to,True,False,False,False,http://images.cocodataset.org/train2017/000000223930.jpg,0,0
1816,The book is facing the cat.,facing,False,False,True,"The statement ""The book is facing the cat"" is **False**.

**Reasoning:**
1.  **Orientation of the Book:** The book is lying flat on the couch. Its spine (the bound edge) is facing the front of the image (towards the viewer), and the opening edge is facing",http://images.cocodataset.org/train2017/000000481313.jpg,1,0
1819,The dog is touching the sandwich.,touching,True,True,True,True,http://images.cocodataset.org/train2017/000000557780.jpg,0,0
1818,The zebra is at the left side of the person.,at the left side of,True,True,True,True,http://images.cocodataset.org/train2017/000000171805.jpg,0,0
1820,The horse is under the chair.,under,False,False,True,False,http://images.cocodataset.org/train2017/000000572358.jpg,0,0
1823,The suitcase is on the bed.,on,False,False,True,False,http://images.cocodataset.org/train2017/000000249372.jpg,0,0
1821,The cat is in the middle of the dining table.,in the middle of,True,True,True,True,http://images.cocodataset.org/train2017/000000555574.jpg,0,0
1822,The cat is facing the tv.,facing,True,True,True,True,http://images.cocodataset.org/train2017/000000070033.jpg,0,0
1824,The sandwich is in the bowl.,in,True,False,False,False,http://images.cocodataset.org/train2017/000000109568.jpg,0,0
1826,The banana is at the left side of the donut.,at the left side of,True,True,True,True,http://images.cocodataset.org/train2017/000000535013.jpg,0,0
1827,The dog is on the couch.,on,True,True,True,True,http://images.cocodataset.org/train2017/000000069021.jpg,0,0
1828,The person is next to the banana.,next to,True,True,True,True,http://images.cocodataset.org/train2017/000000169858.jpg,0,0
1831,The cat is touching the banana.,touching,True,True,True,True,http://images.cocodataset.org/train2017/000000279919.jpg,0,0
1829,The giraffe is at the right side of the person.,at the right side of,True,True,True,True,http://images.cocodataset.org/train2017/000000517318.jpg,0,0
1825,The couch is above the umbrella.,above,False,False,True,"The statement ""The couch is above the umbrella"" is **False**.

**Reasoning:**
1.  **Identify the objects:** The **couch** is the large, light-colored sofa located in the foreground on the right side of the image. The **umbrella** is the folded object (with",http://images.cocodataset.org/train2017/000000503472.jpg,1,0
1830,The elephant is touching the bus.,touching,False,False,True,False,http://images.cocodataset.org/train2017/000000345702.jpg,0,0
1832,The pizza is in the dog.,in,False,False,True,False,http://images.cocodataset.org/train2017/000000364994.jpg,0,0
1835,The dog is in front of the motorcycle.,in front of,False,False,True,False,http://images.cocodataset.org/train2017/000000253260.jpg,0,0
1711,The clock is in front of the cow.,in front of,True,False,False,False,http://images.cocodataset.org/val2017/000000180383.jpg,0,3
1836,The sink contains the cat.,contains,True,True,True,True,http://images.cocodataset.org/train2017/000000089848.jpg,0,0
1833,The person is at the right side of the bench.,at the right side of,False,False,True,"The user wants me to determine if the statement ""The person is at the right side of the bench"" is true or false based on the image.

1.  **Analyze the spatial relationship:** I need to locate the person and the bench in the image.
    *   The **person** (a woman holding",http://images.cocodataset.org/train2017/000000574804.jpg,1,0
1838,The book is outside the train.,outside,True,True,True,True,http://images.cocodataset.org/train2017/000000268745.jpg,0,0
1837,The chair is far from the bear.,far from,False,False,True,False,http://images.cocodataset.org/train2017/000000417455.jpg,0,0
1843,The teddy bear is in the couch.,in,True,True,True,True,http://images.cocodataset.org/train2017/000000033904.jpg,0,0
1841,The person is touching the donut.,touching,True,True,True,True,http://images.cocodataset.org/train2017/000000499024.jpg,0,0
1842,The dog is on the motorcycle.,on,False,False,True,False,http://images.cocodataset.org/val2017/000000472375.jpg,0,0
1840,The toilet contains the teddy bear.,contains,False,False,True,False,http://images.cocodataset.org/train2017/000000078782.jpg,0,0
1845,The toilet is below the teddy bear.,below,True,True,True,True,http://images.cocodataset.org/train2017/000000318365.jpg,0,0
1844,The cake is under the laptop.,under,True,True,True,True,http://images.cocodataset.org/train2017/000000087813.jpg,0,0
1846,The cake is at the edge of the dining table.,at the edge of,False,True,False,True,http://images.cocodataset.org/train2017/000000157344.jpg,0,0
1847,The horse is far away from the bus.,far away from,True,True,True,True,http://images.cocodataset.org/train2017/000000263328.jpg,0,0
1849,The vase is beside the dog.,beside,True,True,True,True,http://images.cocodataset.org/train2017/000000117108.jpg,0,0
1850,The horse is far away from the bus.,far away from,False,False,True,False,http://images.cocodataset.org/train2017/000000460143.jpg,0,0
1848,The bed is below the teddy bear.,below,False,False,True,False,http://images.cocodataset.org/train2017/000000521533.jpg,0,0
1839,The train is perpendicular to the bus.,perpendicular to,False,True,False,"The user wants me to determine if the statement ""The train is perpendicular to the bus"" is true based on the image.

1.  **Identify the objects:**
    *   **Train:** There is a large white Shinkansen (bullet train) dominating the foreground and middle ground of the image. It",http://images.cocodataset.org/train2017/000000409009.jpg,1,1
1851,The banana is on top of the car.,on top of,False,False,True,False,http://images.cocodataset.org/train2017/000000349750.jpg,0,0
1853,The cat is under the umbrella.,under,False,False,True,False,http://images.cocodataset.org/train2017/000000453472.jpg,0,0
1854,The banana is touching the apple.,touching,True,True,True,True,http://images.cocodataset.org/train2017/000000451953.jpg,0,0
1852,The pizza is touching the person.,touching,True,True,True,True,http://images.cocodataset.org/train2017/000000136672.jpg,0,0
1810,The bus is facing the dining table.,facing,False,True,False,"The user wants me to determine if the statement ""The bus is facing the dining table"" is true based on the image.

1.  **Analyze the image content**:
    *   **Foreground**: A man is sitting at a table (dining table) with a plate of donuts. He is wearing",http://images.cocodataset.org/train2017/000000131361.jpg,1,2
1858,The broccoli is at the side of the bowl.,at the side of,False,False,True,False,http://images.cocodataset.org/train2017/000000570518.jpg,0,0
1859,The bed is beside the remote.,beside,True,True,True,True,http://images.cocodataset.org/train2017/000000317458.jpg,0,0
1861,The cat is in front of the tv.,in front of,False,False,True,False,http://images.cocodataset.org/train2017/000000351550.jpg,0,0
1856,The wine glass is behind the sandwich.,behind,True,True,True,True,http://images.cocodataset.org/val2017/000000567825.jpg,0,0
1862,The dog is away from the couch.,away from,True,True,True,True,http://images.cocodataset.org/train2017/000000421689.jpg,0,0
1863,The oven is below the pizza.,below,False,False,True,"The statement ""The oven is below the pizza"" is **False**.

**Reasoning:**
In the image, the person is holding the pizza on a tray and is in the process of placing it into the oven. The pizza is positioned directly in front of the oven's opening, at the same vertical level as",http://images.cocodataset.org/train2017/000000239444.jpg,1,0
1865,The person is at the right side of the pizza.,at the right side of,True,True,True,True,http://images.cocodataset.org/train2017/000000072536.jpg,0,0
1864,The tv is in the cow.,in,True,True,True,True,http://images.cocodataset.org/val2017/000000180383.jpg,0,0
1867,The donut is touching the dining table.,touching,False,False,True,False,http://images.cocodataset.org/train2017/000000395225.jpg,0,0
1866,The microwave is behind the person.,behind,True,False,False,False,http://images.cocodataset.org/train2017/000000255849.jpg,0,0
1868,The dog is off the boat.,off,True,True,True,True,http://images.cocodataset.org/train2017/000000456825.jpg,0,0
1735,The bowl is far from the car.,far from,True,,,"The user wants me to determine the truth value of the statement ""The bowl is far from the car"" based on the image.

1.  **Identify the objects:**
    *   **""The bowl""**: In the foreground, there is a wicker basket containing bread. In the context of visual question",http://images.cocodataset.org/train2017/000000260321.jpg,1,3
1869,The orange is in front of the banana.,in front of,False,False,True,False,http://images.cocodataset.org/train2017/000000207738.jpg,0,0
1857,The cat is far from the horse.,far from,False,False,True,False,http://images.cocodataset.org/train2017/000000220922.jpg,0,1
1871,The pizza is away from the cake.,away from,False,False,True,"The user wants me to identify if the statement ""The pizza is away from the cake"" is true or false based on the image.

1.  **Analyze the image content**: The image displays a round, baked dessert, likely an apple cake or tart, with sliced fruit arranged on top. It is sitting on",http://images.cocodataset.org/train2017/000000364190.jpg,1,0
1872,The hot dog is into the oven.,into,False,False,True,False,http://images.cocodataset.org/train2017/000000058677.jpg,0,0
1875,The train is on top of the truck.,on top of,True,True,True,True,http://images.cocodataset.org/train2017/000000211384.jpg,0,0
1873,The backpack is under the cat.,under,True,True,True,True,http://images.cocodataset.org/train2017/000000566016.jpg,0,0
1876,The person is right of the keyboard.,right of,False,False,True,False,http://images.cocodataset.org/train2017/000000499024.jpg,0,0
1747,The dining table is at the left side of the person.,at the left side of,True,,,"The user wants me to determine the truth value of the statement ""The dining table is at the left side of the person"" based on the image.

1.  **Analyze the image content**:
    *   **Person**: A woman is standing in the center-right of the frame, facing the camera.
   ",http://images.cocodataset.org/train2017/000000451240.jpg,1,3
1870,The cake is above the oven.,above,False,False,True,False,http://images.cocodataset.org/train2017/000000315768.jpg,0,0
1877,The laptop is facing the person.,facing,True,False,False,False,http://images.cocodataset.org/train2017/000000578572.jpg,0,0
1874,The oven contains the pizza.,contains,False,False,True,False,http://images.cocodataset.org/train2017/000000157965.jpg,0,0
1879,The umbrella is touching the cat.,touching,False,True,False,True,http://images.cocodataset.org/train2017/000000308221.jpg,0,0
1834,The person is in front of the stop sign.,in front of,False,False,True,"The user wants me to determine if the statement ""The person is in front of the stop sign"" is true or false based on the image.

1.  **Analyze the image content**: The image shows a vintage, painted metal cutout of a girl. She is holding a rectangular sign that reads ""School Z",http://images.cocodataset.org/train2017/000000170180.jpg,1,2
1880,The teddy bear is touching the person.,touching,True,True,True,True,http://images.cocodataset.org/train2017/000000574461.jpg,0,0
1878,The cat is in the sink.,in,True,True,True,True,http://images.cocodataset.org/train2017/000000410533.jpg,0,0
1884,The horse is part of the bus.,part of,False,False,True,False,http://images.cocodataset.org/train2017/000000013943.jpg,0,0
1885,The bowl contains the cat.,contains,False,False,True,False,http://images.cocodataset.org/train2017/000000139416.jpg,0,0
1883,The dining table is under the dog.,under,True,True,True,"The statement ""The dining table is under the dog"" is **True**.

**Reasoning:**
1.  **Identify the objects:** The image shows a dog (a dachshund) and a dining table (covered with a green tablecloth).
2.  **Determine spatial relationship:** The",http://images.cocodataset.org/train2017/000000251752.jpg,1,0
1888,The umbrella is over the bed.,over,False,False,True,False,http://images.cocodataset.org/train2017/000000059174.jpg,0,0
1889,The bicycle is below the pizza.,below,False,False,True,False,http://images.cocodataset.org/train2017/000000051473.jpg,0,0
1891,The bench is touching the handbag.,touching,True,True,True,True,http://images.cocodataset.org/train2017/000000560359.jpg,0,0
1890,The person is behind the keyboard.,behind,True,True,True,True,http://images.cocodataset.org/train2017/000000062703.jpg,0,0
1887,The banana is touching the dining table.,touching,True,True,True,True,http://images.cocodataset.org/train2017/000000093469.jpg,0,0
1881,The sandwich is in front of the person.,in front of,True,True,True,True,http://images.cocodataset.org/train2017/000000299643.jpg,0,0
1894,The train contains the bicycle.,contains,False,False,True,False,http://images.cocodataset.org/train2017/000000073234.jpg,0,0
1896,The dining table is under the cow.,under,False,False,True,False,http://images.cocodataset.org/train2017/000000253674.jpg,0,0
1893,The teddy bear is facing the dog.,facing,False,False,True,False,http://images.cocodataset.org/train2017/000000135202.jpg,0,0
1892,The pizza is inside the oven.,inside,False,False,True,False,http://images.cocodataset.org/train2017/000000437948.jpg,0,0
1898,The cake is across from the oven.,across from,False,False,True,False,http://images.cocodataset.org/train2017/000000409767.jpg,0,0
1895,The cow is touching the person.,touching,False,True,False,True,http://images.cocodataset.org/train2017/000000120007.jpg,0,0
1897,The bed is at the right side of the surfboard.,at the right side of,True,True,True,True,http://images.cocodataset.org/train2017/000000016458.jpg,0,0
1765,The banana is beneath the sandwich.,beneath,True,,,"The user wants me to verify the statement ""The banana is beneath the sandwich"" based on the image.

1.  **Analyze the image content**:
    *   **Foreground**: There is a peeled banana lying on a white plate. The banana is cut, with a piece standing upright and the rest lying flat",http://images.cocodataset.org/train2017/000000537382.jpg,1,3
1901,The microwave is touching the cat.,touching,False,False,True,False,http://images.cocodataset.org/train2017/000000019131.jpg,0,0
1886,The boat is on the truck.,on,True,True,True,True,http://images.cocodataset.org/train2017/000000457035.jpg,0,0
1900,The airplane is behind the car.,behind,True,True,True,True,http://images.cocodataset.org/train2017/000000445408.jpg,0,0
1903,The truck is over the cat.,over,True,True,True,True,http://images.cocodataset.org/train2017/000000023137.jpg,0,0
1906,The car contains the dog.,contains,False,False,True,False,http://images.cocodataset.org/train2017/000000075283.jpg,0,0
1905,The teddy bear is facing the person.,facing,True,False,False,False,http://images.cocodataset.org/train2017/000000002839.jpg,0,0
1902,The cake has as a part the person.,has as a part,True,False,False,"The statement ""The cake has as a part the person"" is **False**.

While there are figurines of people on top of the cake, these are decorative toppers and not actual people. In the context of visual reasoning and object detection, ""person"" refers to a living human being. Since there are no",http://images.cocodataset.org/train2017/000000355736.jpg,1,0
1899,The cat is in the middle of the teddy bear.,in the middle of,True,True,True,True,http://images.cocodataset.org/train2017/000000383494.jpg,0,0
1907,The person is off the laptop.,off,False,False,True,"The user wants me to determine if the statement ""The person is off the laptop"" is true or false based on the image.

1.  **Analyze the image content**:
    *   The image shows a first-person perspective of someone sitting on a bed.
    *   There is a pair of legs clad",http://images.cocodataset.org/train2017/000000369208.jpg,1,0
1910,The person is facing away from the toaster.,facing away from,False,False,True,False,http://images.cocodataset.org/train2017/000000174496.jpg,0,0
1908,The person is surrounding the sandwich.,surrounding,False,False,True,False,http://images.cocodataset.org/train2017/000000412680.jpg,0,0
1909,The bench is in front of the refrigerator.,in front of,True,True,True,True,http://images.cocodataset.org/train2017/000000497591.jpg,0,0
1912,The person is touching the teddy bear.,touching,False,False,True,False,http://images.cocodataset.org/train2017/000000136701.jpg,0,0
1914,The dog is touching the couch.,touching,False,True,False,True,http://images.cocodataset.org/train2017/000000329134.jpg,0,0
1917,The handbag is attached to the person.,attached to,True,True,True,True,http://images.cocodataset.org/train2017/000000159729.jpg,0,0
1913,The bed is touching the person.,touching,True,True,True,True,http://images.cocodataset.org/train2017/000000466491.jpg,0,0
1915,The oven is behind the cake.,behind,False,True,False,True,http://images.cocodataset.org/train2017/000000504747.jpg,0,0
1855,The umbrella is in front of the potted plant.,in front of,False,False,True,False,http://images.cocodataset.org/train2017/000000482848.jpg,0,2
1920,The truck is behind the dog.,behind,True,True,True,True,http://images.cocodataset.org/train2017/000000192799.jpg,0,0
1919,The cake is attached to the train.,attached to,True,False,False,False,http://images.cocodataset.org/train2017/000000422960.jpg,0,0
1918,The cat is touching the bench.,touching,False,False,True,False,http://images.cocodataset.org/train2017/000000004537.jpg,0,0
1923,The bench is under the cat.,under,True,True,True,True,http://images.cocodataset.org/train2017/000000142719.jpg,0,0
1778,The bench is above the dog.,above,False,,,"The user wants me to determine the truth value of the statement ""The bench is above the dog"" based on the provided image.

1.  **Analyze the spatial relationship:** I need to look at the position of the bench relative to the dog.
2.  **Observe the dog:** The black dog is",http://images.cocodataset.org/train2017/000000221865.jpg,1,3
1916,The laptop is on the bed.,on,True,True,True,True,http://images.cocodataset.org/train2017/000000209036.jpg,0,0
1927,The book is on the bench.,on,False,True,False,True,http://images.cocodataset.org/train2017/000000428035.jpg,0,0
1922,The sandwich is beside the microwave.,beside,True,True,True,True,http://images.cocodataset.org/train2017/000000317798.jpg,0,0
1921,The person is touching the sandwich.,touching,False,False,True,False,http://images.cocodataset.org/train2017/000000261426.jpg,0,0
1924,The donut is touching the cat.,touching,True,True,True,True,http://images.cocodataset.org/train2017/000000046438.jpg,0,0
1929,The person is on the elephant.,on,True,True,True,True,http://images.cocodataset.org/train2017/000000500194.jpg,0,0
1926,The tv is behind the airplane.,behind,False,False,True,False,http://images.cocodataset.org/train2017/000000379612.jpg,0,0
1928,The umbrella is facing the bed.,facing,False,False,True,"The statement ""The umbrella is facing the bed"" is **False**.

**Reasoning:**
1.  **Identify the objects:** The **bed** is the large white furniture piece on the left side of the image. The **umbrella** is the black object with a wooden handle leaning against the white",http://images.cocodataset.org/train2017/000000553361.jpg,1,0
1930,The dog is far from the bench.,far from,True,True,True,True,http://images.cocodataset.org/train2017/000000548734.jpg,0,0
1925,The cake is at the edge of the dining table.,at the edge of,False,True,False,True,http://images.cocodataset.org/train2017/000000042297.jpg,0,0
1935,The fire hydrant is behind the dog.,behind,True,False,False,False,http://images.cocodataset.org/train2017/000000548734.jpg,0,0
1934,The person is facing the laptop.,facing,True,True,True,True,http://images.cocodataset.org/train2017/000000294083.jpg,0,0
1939,The person is facing away from the refrigerator.,facing away from,True,False,False,False,http://images.cocodataset.org/train2017/000000272253.jpg,0,0
1931,The motorcycle is under the bird.,under,False,False,True,False,http://images.cocodataset.org/train2017/000000155777.jpg,0,0
1932,The truck is on the couch.,on,False,False,True,False,http://images.cocodataset.org/train2017/000000540547.jpg,0,0
1936,The clock is part of the apple.,part of,True,False,False,False,http://images.cocodataset.org/val2017/000000407825.jpg,0,0
1933,The cat is above the donut.,above,True,True,True,True,http://images.cocodataset.org/train2017/000000046438.jpg,0,0
1938,The dining table is touching the teddy bear.,touching,True,False,False,"The user wants me to determine if the statement ""The dining table is touching the teddy bear"" is true or false based on the image.

1.  **Analyze the image content**:
    *   The image shows a teddy bear wearing a red outfit.
    *   The bear is holding a large",http://images.cocodataset.org/train2017/000000191772.jpg,1,0
1941,The cow is next to the bench.,next to,True,True,True,True,http://images.cocodataset.org/train2017/000000182032.jpg,0,0
1940,The dining table is under the dog.,under,False,False,True,False,http://images.cocodataset.org/train2017/000000520361.jpg,0,0
1944,The laptop is opposite to the couch.,opposite to,True,False,False,"The statement ""The laptop is opposite to the couch"" is **False**.

**Reasoning:**
In the image, the laptop is placed on a coffee table that is positioned directly in front of the couch (the seating area in the foreground). In spatial terms, ""opposite"" typically implies facing each other from",http://images.cocodataset.org/train2017/000000018233.jpg,1,0
1945,The bird is in the book.,in,True,True,True,True,http://images.cocodataset.org/train2017/000000160653.jpg,0,0
1942,The motorcycle is parallel to the bus.,parallel to,False,False,True,"The user wants me to determine if the statement ""The motorcycle is parallel to the bus"" is true or false based on the image.

1.  **Analyze the image content:**
    *   **Foreground:** A paramedic on a yellow motorcycle is stopped at a junction. The motorcycle is angled, facing towards",http://images.cocodataset.org/train2017/000000055303.jpg,1,0
1948,The bus is far away from the fire hydrant.,far away from,True,True,True,True,http://images.cocodataset.org/train2017/000000321642.jpg,0,0
1882,The dining table is beneath the teddy bear.,beneath,True,True,True,True,http://images.cocodataset.org/train2017/000000099546.jpg,0,2
1947,The cat is touching the person.,touching,False,False,True,False,http://images.cocodataset.org/val2017/000000515025.jpg,0,0
1943,The person is with the cow.,with,True,True,True,True,http://images.cocodataset.org/train2017/000000087739.jpg,0,0
1946,The handbag is in the suitcase.,in,True,True,True,True,http://images.cocodataset.org/train2017/000000020632.jpg,0,0
1949,The cow is facing the dog.,facing,True,True,True,True,http://images.cocodataset.org/train2017/000000036345.jpg,0,0
1952,The umbrella is next to the bed.,next to,False,True,False,True,http://images.cocodataset.org/train2017/000000029575.jpg,0,0
1953,The cow is facing away from the person.,facing away from,True,False,False,False,http://images.cocodataset.org/train2017/000000146236.jpg,0,0
1950,The oven contains the cake.,contains,False,False,True,"The user wants me to determine if the statement ""The oven contains the cake"" is true or false based on the image.

1.  **Analyze the image content**:
    *   There is a woman standing in a kitchen.
    *   She is holding a round baking pan with a golden-brown baked",http://images.cocodataset.org/train2017/000000185777.jpg,1,0
1951,The person is at the left side of the couch.,at the left side of,False,False,True,"The statement ""The person is at the left side of the couch"" is **False**.

**Reasoning:**
1.  **Orientation:** The image is taken from a high angle looking down. The person is lying on the couch with their head towards the bottom of the image and their feet towards the top (",http://images.cocodataset.org/train2017/000000209493.jpg,1,0
1958,The potted plant is in front of the bench.,in front of,False,False,True,False,http://images.cocodataset.org/train2017/000000295686.jpg,0,0
1807,The refrigerator is across from the dining table.,across from,True,,,"Based on the visual evidence in the image, the refrigerator is located on the right side of the kitchen, while the dining table (indicated by the table edge and items in the foreground) is on the left side. They are positioned on opposite sides of the room, facing each other. Therefore, the statement describing their",http://images.cocodataset.org/train2017/000000016896.jpg,1,3
1954,The carrot is at the left side of the cat.,at the left side of,False,False,True,False,http://images.cocodataset.org/train2017/000000249644.jpg,0,0
1959,The person is at the back of the dining table.,at the back of,True,False,False,False,http://images.cocodataset.org/train2017/000000143154.jpg,0,0
1956,The laptop is at the right side of the person.,at the right side of,False,False,True,False,http://images.cocodataset.org/train2017/000000165040.jpg,0,0
1955,The laptop is on the bed.,on,False,False,True,False,http://images.cocodataset.org/train2017/000000407683.jpg,0,0
1961,The laptop is above the cat.,above,True,False,False,False,http://images.cocodataset.org/train2017/000000346207.jpg,0,0
1962,The potted plant is right of the train.,right of,False,False,True,False,http://images.cocodataset.org/train2017/000000153832.jpg,0,0
1960,The motorcycle is beneath the cat.,beneath,True,True,True,True,http://images.cocodataset.org/train2017/000000244712.jpg,0,0
1968,The laptop is below the person.,below,False,False,True,False,http://images.cocodataset.org/train2017/000000054273.jpg,0,0
1966,The pizza is down from the person.,down from,True,True,True,True,http://images.cocodataset.org/train2017/000000101194.jpg,0,0
1965,The parking meter is in front of the bus.,in front of,True,False,False,False,http://images.cocodataset.org/val2017/000000372317.jpg,0,0
1967,The elephant is ahead of the car.,ahead of,False,False,True,"The user wants me to determine if the statement ""The elephant is ahead of the car"" is true or false based on the image.

1.  **Analyze the image content**:
    *   **Foreground**: A young girl is standing on the left, facing right. She is reaching out to touch the trunk",http://images.cocodataset.org/train2017/000000453299.jpg,1,0
1970,The dog is inside the suitcase.,inside,True,True,True,True,http://images.cocodataset.org/train2017/000000251608.jpg,0,0
1964,The car is on the bed.,on,True,True,True,"The user wants me to determine if the statement ""The car is on the bed"" is true based on the image.

1.  **Analyze the image content**:
    *   **Subject**: A white and grey cat sitting on a soft, yellow, fleece-like surface.
    *   **Object**: A",http://images.cocodataset.org/train2017/000000206255.jpg,1,0
1963,The cat is left of the sink.,left of,True,True,True,"The user wants me to determine if the statement ""The cat is left of the sink"" is true based on the image.

1.  **Analyze the image content**:
    *   There is a black cat on the left side of the image.
    *   There is a bathroom sink (basin)",http://images.cocodataset.org/train2017/000000196307.jpg,1,0
1971,The person is at the right side of the pizza.,at the right side of,True,True,True,True,http://images.cocodataset.org/train2017/000000225517.jpg,0,0
1972,The tv is under the cat.,under,True,True,True,True,http://images.cocodataset.org/train2017/000000315517.jpg,0,0
1973,The umbrella is outside the cat.,outside,False,True,False,True,http://images.cocodataset.org/train2017/000000249952.jpg,0,0
1976,The dining table is beneath the cat.,beneath,True,True,True,True,http://images.cocodataset.org/train2017/000000029370.jpg,0,0
1977,The horse is on the cake.,on,True,True,True,True,http://images.cocodataset.org/train2017/000000405998.jpg,0,0
1969,The donut is close to the keyboard.,close to,True,True,True,True,http://images.cocodataset.org/train2017/000000296567.jpg,0,0
1957,The person is at the right side of the laptop.,at the right side of,True,False,False,"The user wants to know if the statement ""The person is at the right side of the laptop"" is true or false based on the image.

1.  **Identify the objects**: I see a person sitting in a chair and a laptop computer.
2.  **Locate the laptop**: The laptop is positioned",http://images.cocodataset.org/val2017/000000345252.jpg,1,1
1979,The person is on the bus.,on,True,True,True,True,http://images.cocodataset.org/train2017/000000391117.jpg,0,0
1981,The cat is in the sink.,in,True,True,True,True,http://images.cocodataset.org/train2017/000000286471.jpg,0,0
1980,The person is on the bus.,on,False,False,True,False,http://images.cocodataset.org/train2017/000000162355.jpg,0,0
1975,The person is beside the cat.,beside,True,True,True,True,http://images.cocodataset.org/val2017/000000492284.jpg,0,0
1983,The backpack is on top of the cat.,on top of,True,True,True,True,http://images.cocodataset.org/train2017/000000212868.jpg,0,0
1982,The person is on top of the elephant.,on top of,True,True,True,True,http://images.cocodataset.org/train2017/000000033625.jpg,0,0
1989,The cat is on the person.,on,True,True,True,True,http://images.cocodataset.org/train2017/000000504774.jpg,0,0
1974,The person is toward the keyboard.,toward,True,False,False,"The statement ""The person is toward the keyboard"" is **False**.

**Reasoning:**
In the image, the keyboard is in the immediate foreground (closest to the camera), and the person is in the background. Spatially, the person is positioned **behind** the keyboard. The phrase ""toward",http://images.cocodataset.org/train2017/000000144705.jpg,1,1
1988,The car is far from the chair.,far from,False,False,True,False,http://images.cocodataset.org/train2017/000000441083.jpg,0,0
1985,The hot dog is below the couch.,below,False,False,True,False,http://images.cocodataset.org/train2017/000000581451.jpg,0,0
1986,The parking meter is behind the motorcycle.,behind,True,True,True,True,http://images.cocodataset.org/train2017/000000469770.jpg,0,0
1987,The bed is close to the donut.,close to,True,False,False,False,http://images.cocodataset.org/val2017/000000192904.jpg,0,0
1984,The truck is at the back of the motorcycle.,at the back of,False,True,False,True,http://images.cocodataset.org/train2017/000000301453.jpg,0,0
1996,The cat is in the sink.,in,True,True,True,True,http://images.cocodataset.org/train2017/000000311167.jpg,0,0
1991,The person is out of the couch.,out of,False,False,True,False,http://images.cocodataset.org/train2017/000000134907.jpg,0,0
1978,The cake is at the left side of the person.,at the left side of,True,False,False,"The user wants me to determine if the statement ""The cake is at the left side of the person"" is true or false based on the image.

1.  **Identify the person and the cake**: The image shows a woman sitting at a desk. She is holding a plate with a slice of cake on it",http://images.cocodataset.org/train2017/000000074959.jpg,1,1
1990,The keyboard is behind the cup.,behind,False,False,True,False,http://images.cocodataset.org/train2017/000000561729.jpg,0,0
1992,The bed is across the couch.,across,False,False,True,False,http://images.cocodataset.org/train2017/000000031345.jpg,0,0
1994,The person is close to the cat.,close to,True,True,True,True,http://images.cocodataset.org/train2017/000000353968.jpg,0,0
1999,The refrigerator is facing the person.,facing,True,True,True,True,http://images.cocodataset.org/train2017/000000116334.jpg,0,0
1997,The cat is facing away from the toilet.,facing away from,False,False,True,False,http://images.cocodataset.org/train2017/000000439486.jpg,0,0
2002,The teddy bear is on top of the person.,on top of,True,False,False,False,http://images.cocodataset.org/train2017/000000253550.jpg,0,0
2000,The cat is facing away from the tv.,facing away from,False,False,True,False,http://images.cocodataset.org/train2017/000000087456.jpg,0,0
2005,The bed is beneath the suitcase.,beneath,True,False,False,False,http://images.cocodataset.org/train2017/000000085637.jpg,0,0
2004,The teddy bear is touching the cat.,touching,True,True,True,True,http://images.cocodataset.org/train2017/000000054953.jpg,0,0
1993,The couch is in front of the suitcase.,in front of,True,True,True,"The user wants to know if the statement ""The couch is in front of the suitcase"" is true based on the image.

1.  **Identify the couch:** The large brown sofa is the central object in the foreground of the image.
2.  **Identify the suitcase:** There is a black object on",http://images.cocodataset.org/train2017/000000053037.jpg,1,1
2007,The person is below the hair drier.,below,False,False,True,"The statement ""The person is below the hair drier"" is **False**.

**Reasoning:**
1.  **Identify the person:** The person is the woman standing on the bathroom counter. Her head is positioned near the top of the image frame.
2.  **Identify the hair dryer:**",http://images.cocodataset.org/train2017/000000318497.jpg,1,0
2006,The banana is left of the sandwich.,left of,True,True,True,True,http://images.cocodataset.org/train2017/000000029994.jpg,0,0
2009,The dining table is parallel to the bench.,parallel to,True,False,False,"The user wants me to determine if the statement ""The dining table is parallel to the bench"" is true or false based on the image.

1.  **Identify the objects:**
    *   **Dining table:** There is a large wooden table in the foreground inside the room.
    *   **B",http://images.cocodataset.org/train2017/000000472930.jpg,1,0
2003,The cow is ahead of the bus.,ahead of,True,True,True,True,http://images.cocodataset.org/train2017/000000306581.jpg,0,1
2012,The person is at the left side of the couch.,at the left side of,False,False,True,False,http://images.cocodataset.org/train2017/000000022462.jpg,0,0
2010,The pizza is in the oven.,in,False,False,True,False,http://images.cocodataset.org/train2017/000000437948.jpg,0,0
2013,The oven is next to the pizza.,next to,False,False,True,False,http://images.cocodataset.org/train2017/000000494785.jpg,0,0
2014,The banana is on the orange.,on,True,False,False,False,http://images.cocodataset.org/train2017/000000238989.jpg,0,0
2017,The teddy bear is on top of the cake.,on top of,False,False,True,False,http://images.cocodataset.org/train2017/000000153259.jpg,0,0
1860,The apple is at the left side of the person.,at the left side of,True,,,"The user wants me to determine the truth value of the statement ""The apple is at the left side of the person"" based on the image.

1.  **Identify the person:** The main subject is a young child sitting on the kitchen counter.
2.  **Identify the apple:** There is a blue",http://images.cocodataset.org/val2017/000000473406.jpg,1,3
2018,The sheep is in the middle of the bed.,in the middle of,True,True,True,True,http://images.cocodataset.org/train2017/000000557254.jpg,0,0
2015,The couch is facing away from the laptop.,facing away from,False,False,True,False,http://images.cocodataset.org/train2017/000000455975.jpg,0,0
2019,The banana is on the truck.,on,False,False,True,False,http://images.cocodataset.org/train2017/000000423875.jpg,0,0
2016,The train is on the cake.,on,True,True,True,True,http://images.cocodataset.org/train2017/000000199212.jpg,0,0
2021,The dining table is on top of the bed.,on top of,False,False,True,False,http://images.cocodataset.org/train2017/000000213008.jpg,0,0
2022,The car is on the couch.,on,False,False,True,False,http://images.cocodataset.org/train2017/000000348913.jpg,0,0
2024,The sink is at the left side of the cat.,at the left side of,False,False,True,False,http://images.cocodataset.org/train2017/000000178299.jpg,0,0
2020,The person is touching the cat.,touching,True,True,True,True,http://images.cocodataset.org/train2017/000000198308.jpg,0,0
2026,The refrigerator contains the sandwich.,contains,False,False,True,False,http://images.cocodataset.org/train2017/000000318209.jpg,0,0
2023,The motorcycle is behind the bird.,behind,True,True,True,True,http://images.cocodataset.org/train2017/000000155777.jpg,0,0
2028,The refrigerator is behind the orange.,behind,False,False,True,False,http://images.cocodataset.org/train2017/000000526364.jpg,0,0
1904,The laptop is close to the orange.,close to,False,False,True,"The statement ""The laptop is close to the orange"" is **False**.

**Reasoning:**
1.  **Identify the objects:** There is a laptop in the immediate foreground on the left side of the image. There is a bowl of fruit in the background on the kitchen counter to the right, which",http://images.cocodataset.org/train2017/000000296153.jpg,1,3
2029,The pizza contains the oven.,contains,False,False,True,False,http://images.cocodataset.org/train2017/000000424588.jpg,0,0
2027,The person is left of the toilet.,left of,True,True,True,True,http://images.cocodataset.org/train2017/000000174071.jpg,0,0
2025,The cat is at the edge of the couch.,at the edge of,True,True,True,True,http://images.cocodataset.org/train2017/000000569333.jpg,0,0
2030,The bed is under the suitcase.,under,False,False,True,False,http://images.cocodataset.org/train2017/000000520610.jpg,0,0
2031,The person is above the teddy bear.,above,False,False,True,False,http://images.cocodataset.org/train2017/000000326853.jpg,0,0
2035,The cat is part of the clock.,part of,True,True,True,True,http://images.cocodataset.org/train2017/000000394157.jpg,0,0
2033,The handbag is touching the book.,touching,True,True,True,"The user wants me to determine if the statement ""The handbag is touching the book"" is true based on the image.

1.  **Identify the objects:**
    *   **""Handbag"":** The image shows a large, brown, vintage-style suitcase with travel stickers on it. While technically a",http://images.cocodataset.org/train2017/000000541725.jpg,1,0
1911,The bench is facing away from the parking meter.,facing away from,True,False,False,"The user wants me to determine if the statement ""The bench is facing away from the parking meter"" is true or false based on the image.

1.  **Identify the objects:**
    *   **Parking Meter:** There is a prominent grey parking meter in the foreground on the left side of the image.
",http://images.cocodataset.org/val2017/000000333956.jpg,1,3
2032,The bottle is touching the cat.,touching,False,False,True,False,http://images.cocodataset.org/train2017/000000254670.jpg,0,0
2038,The cat is on the bench.,on,False,False,True,False,http://images.cocodataset.org/train2017/000000518782.jpg,0,0
2034,The bench is facing away from the parking meter.,facing away from,False,False,True,"The user wants me to determine if the statement ""The bench is facing away from the parking meter"" is true or false based on the image.

1.  **Identify the objects:**
    *   **Bench:** The large wooden structure in the foreground. It has a slatted seat and a slatted",http://images.cocodataset.org/train2017/000000544094.jpg,1,0
2037,The dining table is below the truck.,below,True,True,True,True,http://images.cocodataset.org/train2017/000000268394.jpg,0,0
1937,The orange is at the right side of the umbrella.,at the right side of,False,,,"The user wants me to verify the statement ""The orange is at the right side of the umbrella"" based on the image.

1.  **Identify the objects:**
    *   **Umbrella:** There is a blue cocktail umbrella at the top of the image.
    *   **Orange:** There is",http://images.cocodataset.org/train2017/000000423065.jpg,1,3
2040,The hot dog is at the right side of the cup.,at the right side of,False,False,True,False,http://images.cocodataset.org/train2017/000000384463.jpg,0,0
2039,The horse is on the cake.,on,False,True,False,True,http://images.cocodataset.org/train2017/000000513983.jpg,0,0
2044,The laptop is touching the bench.,touching,False,False,True,False,http://images.cocodataset.org/train2017/000000264250.jpg,0,0
2041,The keyboard is below the cat.,below,False,True,False,True,http://images.cocodataset.org/train2017/000000073729.jpg,0,0
2043,The sandwich is touching the person.,touching,True,True,True,True,http://images.cocodataset.org/train2017/000000287310.jpg,0,0
2049,The cat is on top of the toilet.,on top of,True,True,True,True,http://images.cocodataset.org/train2017/000000216664.jpg,0,0
2046,The person is touching the keyboard.,touching,False,False,True,False,http://images.cocodataset.org/train2017/000000420922.jpg,0,0
2048,The person is right of the refrigerator.,right of,True,True,True,True,http://images.cocodataset.org/train2017/000000204987.jpg,0,0
2045,The couch is touching the laptop.,touching,False,False,True,"The statement ""The couch is touching the laptop"" is **False**.

The laptop is placed on a wooden coffee table, which is positioned in front of the couch. While the person is lying on the couch and reaching towards the laptop, the couch itself is not in contact with the laptop; the table is separating them",http://images.cocodataset.org/train2017/000000209493.jpg,1,0
2047,The refrigerator is touching the person.,touching,True,False,False,"The user wants to know if the statement ""The refrigerator is touching the person"" is true or false based on the image.

1.  **Analyze the image content**: The image shows a man standing next to a stainless steel refrigerator.
2.  **Examine the interaction**: The man's right arm is raised",http://images.cocodataset.org/train2017/000000336578.jpg,1,0
2052,The cup is on top of the dining table.,on top of,True,True,True,True,http://images.cocodataset.org/train2017/000000398093.jpg,0,0
2050,The cat is touching the banana.,touching,False,False,True,False,http://images.cocodataset.org/train2017/000000259475.jpg,0,0
2042,The cat is on top of the laptop.,on top of,False,False,True,False,http://images.cocodataset.org/train2017/000000522405.jpg,0,0
2053,The cow is right of the clock.,right of,False,False,True,False,http://images.cocodataset.org/train2017/000000087264.jpg,0,0
2051,The car is below the parking meter.,below,True,False,False,False,http://images.cocodataset.org/train2017/000000231206.jpg,0,0
2055,The person is over the bed.,over,True,True,True,True,http://images.cocodataset.org/train2017/000000320015.jpg,0,0
2057,The backpack is on the cat.,on,False,False,True,False,http://images.cocodataset.org/train2017/000000005577.jpg,0,0
2058,The car is away from the bear.,away from,True,False,False,False,http://images.cocodataset.org/train2017/000000046211.jpg,0,0
2061,The dog is in front of the bed.,in front of,True,False,False,False,http://images.cocodataset.org/train2017/000000086215.jpg,0,0
2062,The suitcase is below the teddy bear.,below,True,False,False,"The statement ""The suitcase is below the teddy bear"" is **False**.

**Reasoning:**
1.  **Identify the objects:** The image shows a white teddy bear wearing a silver foil dress. To the left of the bear, there is a dark object with a handle, which is the",http://images.cocodataset.org/train2017/000000248168.jpg,1,0
2054,The car is alongside the bus.,alongside,True,True,True,True,http://images.cocodataset.org/train2017/000000194158.jpg,0,0
2063,The cup is beside the laptop.,beside,True,True,True,True,http://images.cocodataset.org/train2017/000000413334.jpg,0,0
2064,The pizza is inside the oven.,inside,True,True,True,True,http://images.cocodataset.org/train2017/000000338289.jpg,0,0
2059,The car is perpendicular to the motorcycle.,perpendicular to,True,False,False,"The user wants me to determine if the statement ""The car is perpendicular to the motorcycle"" is true or false based on the image.

1.  **Identify the objects:**
    *   **Car:** There is a black car (likely a taxi) in the background, driving on the road.
    *",http://images.cocodataset.org/train2017/000000385145.jpg,1,0
2065,The person is against the couch.,against,False,True,False,True,http://images.cocodataset.org/train2017/000000180593.jpg,0,0
2056,The person is behind the dog.,behind,False,False,True,False,http://images.cocodataset.org/train2017/000000320379.jpg,0,0
2066,The dog is at the side of the bed.,at the side of,True,True,True,True,http://images.cocodataset.org/train2017/000000420765.jpg,0,0
2067,The remote is in front of the person.,in front of,True,True,True,True,http://images.cocodataset.org/train2017/000000502933.jpg,0,0
2069,The bear is touching the person.,touching,True,True,True,True,http://images.cocodataset.org/val2017/000000519688.jpg,0,0
2001,The bird is below the bowl.,below,True,,,"The user wants me to determine the truth value of the statement ""The bird is below the bowl"" based on the provided image.

1.  **Identify the objects:**
    *   **The bird:** There is a black-and-white illustration of an African Grey parrot on the open page of a book.",http://images.cocodataset.org/train2017/000000160653.jpg,1,3
2073,The pizza is attached to the person.,attached to,False,False,True,False,http://images.cocodataset.org/train2017/000000276753.jpg,0,0
1998,The dining table is away from the truck.,away from,True,,,"The user wants me to determine the truth value of the statement ""The dining table is away from the truck"" based on the image.

1.  **Identify the ""truck"":** The most prominent object in the image is a large, red, fire-truck-shaped television set in the foreground. This is the",http://images.cocodataset.org/train2017/000000388281.jpg,1,3
2075,The refrigerator is on the truck.,on,False,False,True,False,http://images.cocodataset.org/train2017/000000032674.jpg,0,0
2068,The bowl is left of the pizza.,left of,True,True,True,True,http://images.cocodataset.org/train2017/000000526536.jpg,0,0
2070,The fire hydrant is beside the teddy bear.,beside,True,True,True,True,http://images.cocodataset.org/train2017/000000371295.jpg,0,0
2074,The laptop is beneath the cat.,beneath,True,True,True,True,http://images.cocodataset.org/train2017/000000346614.jpg,0,0
2071,The person is outside the car.,outside,False,False,True,False,http://images.cocodataset.org/train2017/000000069559.jpg,0,0
2072,The cat is in front of the person.,in front of,True,True,True,True,http://images.cocodataset.org/train2017/000000465779.jpg,0,0
2078,The bench is far away from the hot dog.,far away from,False,False,True,False,http://images.cocodataset.org/train2017/000000319061.jpg,0,0
2077,The bench is away from the banana.,away from,True,True,True,True,http://images.cocodataset.org/train2017/000000371739.jpg,0,0
2080,The couch is under the cat.,under,True,True,True,True,http://images.cocodataset.org/train2017/000000389718.jpg,0,0
2079,The pizza is behind the sandwich.,behind,False,False,True,False,http://images.cocodataset.org/train2017/000000040934.jpg,0,0
2081,The handbag is surrounding the cat.,surrounding,True,False,False,False,http://images.cocodataset.org/train2017/000000231022.jpg,0,0
2011,The scissors is alongside the person.,alongside,False,,,"The user wants me to determine the truth value of the statement ""The scissors is alongside the person"" based on the provided image.

1.  **Analyze the image content**: The image shows a close-up of a person's hand holding a pair of multi-blade herb scissors. The background shows a kitchen floor and",http://images.cocodataset.org/train2017/000000096073.jpg,1,3
2086,The dining table is touching the teddy bear.,touching,False,False,True,False,http://images.cocodataset.org/train2017/000000061946.jpg,0,0
2088,The teddy bear is at the back of the cat.,at the back of,False,False,True,False,http://images.cocodataset.org/train2017/000000360178.jpg,0,0
2085,The person is at the left side of the dining table.,at the left side of,False,False,True,"The statement is **False**.

**Reasoning:**
1.  **Visual Position:** In the image, the person (represented by the hand and arm) is positioned in the **upper center** of the frame, directly above the cake. They are not located on the left side of the image.
2.",http://images.cocodataset.org/train2017/000000172987.jpg,1,0
2087,The cake is near the banana.,near,True,True,True,True,http://images.cocodataset.org/train2017/000000345225.jpg,0,0
2089,The pizza is in the oven.,in,True,True,True,True,http://images.cocodataset.org/train2017/000000484425.jpg,0,0
2090,The parking meter is far away from the truck.,far away from,False,False,True,False,http://images.cocodataset.org/train2017/000000519203.jpg,0,0
2091,The suitcase contains the cat.,contains,False,False,True,False,http://images.cocodataset.org/train2017/000000501498.jpg,0,0
2093,The dog is at the edge of the bed.,at the edge of,True,True,True,True,http://images.cocodataset.org/train2017/000000165883.jpg,0,0
2094,The cow is right of the bench.,right of,False,False,True,False,http://images.cocodataset.org/train2017/000000423455.jpg,0,0
2092,The bed is at the right side of the surfboard.,at the right side of,False,False,True,False,http://images.cocodataset.org/val2017/000000073946.jpg,0,0
2098,The sheep is touching the person.,touching,True,False,False,False,http://images.cocodataset.org/train2017/000000016109.jpg,0,0
2097,The giraffe is touching the person.,touching,True,True,True,True,http://images.cocodataset.org/train2017/000000450081.jpg,0,0
2096,The parking meter is behind the car.,behind,False,False,True,False,http://images.cocodataset.org/train2017/000000372390.jpg,0,0
2099,The donut is at the right side of the dog.,at the right side of,True,True,True,True,http://images.cocodataset.org/train2017/000000108113.jpg,0,0
2083,The cat is at the edge of the chair.,at the edge of,True,True,True,True,http://images.cocodataset.org/train2017/000000296188.jpg,0,0
2102,The train is on top of the cake.,on top of,True,True,True,True,http://images.cocodataset.org/train2017/000000022429.jpg,0,0
2008,The zebra is behind the horse.,behind,True,,,"The user wants me to determine the truth value of the statement ""The zebra is behind the horse"" based on the provided image.

1.  **Analyze the image content**:
    *   There are two wooden marionettes hanging from a black fixture on a wall.
    *   On the left,",http://images.cocodataset.org/train2017/000000568005.jpg,1,3
2103,The umbrella is behind the cat.,behind,True,True,True,True,http://images.cocodataset.org/train2017/000000541158.jpg,0,0
2104,The person is touching the hot dog.,touching,True,True,True,True,http://images.cocodataset.org/train2017/000000028713.jpg,0,0
2106,The truck contains the cow.,contains,False,True,False,"The user wants me to determine if the statement ""The truck contains the cow"" is true based on the image.

1.  **Analyze the image content**:
    *   **Subject**: There is a large, dark, shaggy animal with horns. This is a muskox (Ovib",http://images.cocodataset.org/train2017/000000132528.jpg,1,0
2107,The broccoli is beside the bowl.,beside,True,True,True,True,http://images.cocodataset.org/train2017/000000045153.jpg,0,0
2105,The bed is under the dog.,under,True,True,True,True,http://images.cocodataset.org/train2017/000000177913.jpg,0,0
2100,The bird is facing the book.,facing,True,True,True,True,http://images.cocodataset.org/train2017/000000176180.jpg,0,0
2101,The teddy bear is touching the person.,touching,False,False,True,False,http://images.cocodataset.org/train2017/000000424553.jpg,0,0
2036,The person is at the right side of the donut.,at the right side of,True,,,"The user wants me to determine the truth value of the statement ""The person is at the right side of the donut"" based on the provided image.

1.  **Analyze the spatial relationship:**
    *   **Subject:** The person (the woman in the photo).
    *   **Object:** The",http://images.cocodataset.org/train2017/000000413791.jpg,1,3
1995,The couch is under the teddy bear.,under,False,False,True,False,http://images.cocodataset.org/train2017/000000063347.jpg,0,3
2108,The cat is by the toilet.,by,False,True,False,True,http://images.cocodataset.org/train2017/000000101720.jpg,0,0
2110,The pizza is touching the person.,touching,False,False,True,False,http://images.cocodataset.org/train2017/000000407056.jpg,0,0
2114,The person is behind the pizza.,behind,True,True,True,True,http://images.cocodataset.org/train2017/000000154846.jpg,0,0
2113,The cake is on top of the oven.,on top of,True,True,True,True,http://images.cocodataset.org/train2017/000000504747.jpg,0,0
2116,The parking meter is in front of the car.,in front of,True,True,True,True,http://images.cocodataset.org/train2017/000000427103.jpg,0,0
2117,The bowl is right of the hot dog.,right of,True,True,True,True,http://images.cocodataset.org/train2017/000000453907.jpg,0,0
2112,The handbag is attached to the horse.,attached to,True,True,True,True,http://images.cocodataset.org/train2017/000000032607.jpg,0,0
2111,The book is in front of the train.,in front of,False,False,True,False,http://images.cocodataset.org/train2017/000000253004.jpg,0,0
2118,The person is on top of the horse.,on top of,True,True,True,True,http://images.cocodataset.org/train2017/000000497579.jpg,0,0
2115,The cat is at the edge of the sink.,at the edge of,True,True,True,True,http://images.cocodataset.org/train2017/000000194313.jpg,0,0
2120,The bowl is in front of the apple.,in front of,True,True,True,True,http://images.cocodataset.org/train2017/000000326594.jpg,0,0
2119,The giraffe is far from the car.,far from,False,False,True,False,http://images.cocodataset.org/train2017/000000217874.jpg,0,0
2121,The couch is touching the cat.,touching,True,True,True,True,http://images.cocodataset.org/train2017/000000480566.jpg,0,0
2125,The sandwich contains the banana.,contains,False,False,True,False,http://images.cocodataset.org/train2017/000000557005.jpg,0,0
2122,The wine glass is at the right side of the sandwich.,at the right side of,True,True,True,True,http://images.cocodataset.org/train2017/000000268787.jpg,0,0
2123,The bus is away from the elephant.,away from,False,False,True,False,http://images.cocodataset.org/train2017/000000111819.jpg,0,0
2126,The cat is inside the backpack.,inside,True,True,True,True,http://images.cocodataset.org/train2017/000000433110.jpg,0,0
2127,The toilet is under the person.,under,True,True,True,True,http://images.cocodataset.org/train2017/000000177572.jpg,0,0
2124,The motorcycle is parallel to the car.,parallel to,True,True,True,True,http://images.cocodataset.org/train2017/000000540187.jpg,0,0
2130,The book is on the teddy bear.,on,False,False,True,False,http://images.cocodataset.org/train2017/000000312298.jpg,0,0
2129,The chair is beneath the horse.,beneath,False,False,True,False,http://images.cocodataset.org/train2017/000000042472.jpg,0,0
2133,The book is in front of the teddy bear.,in front of,False,False,True,False,http://images.cocodataset.org/train2017/000000361778.jpg,0,0
2132,The cat is on top of the laptop.,on top of,False,True,False,True,http://images.cocodataset.org/train2017/000000137412.jpg,0,0
2134,The umbrella is above the cat.,above,True,True,True,True,http://images.cocodataset.org/train2017/000000308221.jpg,0,0
2131,The zebra is near the car.,near,True,True,True,True,http://images.cocodataset.org/train2017/000000236925.jpg,0,0
2135,The couch is behind the person.,behind,True,True,True,True,http://images.cocodataset.org/train2017/000000090523.jpg,0,0
2136,The dining table is touching the bird.,touching,False,False,True,False,http://images.cocodataset.org/train2017/000000388905.jpg,0,0
2137,The cat is into the toilet.,into,True,True,True,True,http://images.cocodataset.org/train2017/000000116380.jpg,0,0
2139,The pizza is below the person.,below,True,True,True,"The statement ""The pizza is below the person"" is **True**.

**Reasoning:**
1.  **Visual Evidence:** The image shows a person's hand and torso (wearing a striped shirt) positioned at the top of the frame. The pizza is located on the table in the lower portion of the",http://images.cocodataset.org/train2017/000000208250.jpg,1,0
2138,The cat is touching the sandwich.,touching,False,False,True,False,http://images.cocodataset.org/train2017/000000318209.jpg,0,0
2141,The bed is parallel to the bicycle.,parallel to,True,False,False,False,http://images.cocodataset.org/train2017/000000002139.jpg,0,0
2142,The dining table is touching the pizza.,touching,True,False,False,False,http://images.cocodataset.org/train2017/000000328270.jpg,0,0
2144,The donut is touching the person.,touching,True,True,True,True,http://images.cocodataset.org/train2017/000000225828.jpg,0,0
2146,The laptop is left of the sandwich.,left of,False,False,True,False,http://images.cocodataset.org/train2017/000000028320.jpg,0,0
2143,The cake is on the keyboard.,on,False,False,True,False,http://images.cocodataset.org/train2017/000000070211.jpg,0,0
2140,The banana is at the right side of the cake.,at the right side of,True,True,True,True,http://images.cocodataset.org/train2017/000000285512.jpg,0,0
2148,The cat is on top of the horse.,on top of,True,True,True,True,http://images.cocodataset.org/train2017/000000001323.jpg,0,0
2150,The person is far from the airplane.,far from,False,False,True,False,http://images.cocodataset.org/train2017/000000529905.jpg,0,0
2145,The cat is at the edge of the sink.,at the edge of,True,True,True,True,http://images.cocodataset.org/train2017/000000461300.jpg,0,0
2147,The refrigerator is behind the cat.,behind,True,True,True,True,http://images.cocodataset.org/train2017/000000141376.jpg,0,0
2149,The oven is right of the cake.,right of,True,True,True,True,http://images.cocodataset.org/train2017/000000524196.jpg,0,0
2155,The dog is touching the toilet.,touching,True,True,True,True,http://images.cocodataset.org/train2017/000000039913.jpg,0,0
2152,The cake is touching the person.,touching,False,False,True,False,http://images.cocodataset.org/train2017/000000297326.jpg,0,0
2151,The bear is facing the person.,facing,False,False,True,False,http://images.cocodataset.org/train2017/000000015391.jpg,0,0
2154,The bicycle is far away from the bus.,far away from,True,False,False,"The user wants me to determine if the statement ""The bicycle is far away from the bus"" is true or false based on the image.

1.  **Analyze the image content**:
    *   **Foreground**: A bicycle is prominently displayed. The camera is very close to the bike, focusing on the handle",http://images.cocodataset.org/train2017/000000490959.jpg,1,0
2153,The cake is in front of the oven.,in front of,False,True,False,"The user wants to know if the statement ""The cake is in front of the oven"" is true based on the image.

1.  **Identify the objects:**
    *   **Cake:** There is a round birthday cake with a ""1"" candle on the left side of the image.
    *  ",http://images.cocodataset.org/train2017/000000315768.jpg,1,0
2156,The keyboard is touching the cat.,touching,True,True,True,True,http://images.cocodataset.org/train2017/000000431681.jpg,0,0
2157,The hot dog is in the sandwich.,in,True,True,True,"The user wants me to identify if the statement ""The hot dog is in the sandwich"" is true based on the image.

1.  **Analyze the image content**: The image shows a yellow styrofoam container holding a food item.
2.  **Identify the food item**: The food consists of",http://images.cocodataset.org/train2017/000000054385.jpg,1,0
2160,The person is facing the dining table.,facing,True,True,True,True,http://images.cocodataset.org/train2017/000000042042.jpg,0,0
2060,The teddy bear is away from the dining table.,away from,True,,,"The user wants me to verify the statement ""The teddy bear is away from the dining table"" based on the image.

1.  **Identify the ""dining table"":** The image shows a light-colored wooden table in the center of the room. It is being used as a workspace with laptops, but",http://images.cocodataset.org/train2017/000000385980.jpg,1,3
2162,The dog is at the left side of the car.,at the left side of,False,False,True,"The user wants me to determine if the statement ""The dog is at the left side of the car"" is true or false based on the image.

1.  **Analyze the image content**: The image shows a dog's head reflected in a car's side-view mirror. The dog has long white fur blowing in",http://images.cocodataset.org/train2017/000000160211.jpg,1,0
2159,The banana is on top of the cup.,on top of,True,True,True,True,http://images.cocodataset.org/train2017/000000326849.jpg,0,0
2161,The microwave is next to the cat.,next to,False,False,True,False,http://images.cocodataset.org/train2017/000000295443.jpg,0,0
2163,The person is left of the dining table.,left of,False,False,True,False,http://images.cocodataset.org/train2017/000000448113.jpg,0,0
2165,The cat is facing the laptop.,facing,True,False,False,False,http://images.cocodataset.org/train2017/000000407386.jpg,0,0
2158,The dog is inside the suitcase.,inside,False,False,True,False,http://images.cocodataset.org/train2017/000000157931.jpg,0,0
2166,The sandwich is touching the person.,touching,False,False,True,False,http://images.cocodataset.org/train2017/000000540436.jpg,0,0
2168,The dining table is touching the dog.,touching,False,False,True,False,http://images.cocodataset.org/train2017/000000550455.jpg,0,0
2169,The cat is right of the dining table.,right of,False,False,True,False,http://images.cocodataset.org/train2017/000000320089.jpg,0,0
2170,The donut is at the side of the dining table.,at the side of,False,False,True,False,http://images.cocodataset.org/train2017/000000435620.jpg,0,0
2172,The couch is touching the person.,touching,False,False,True,False,http://images.cocodataset.org/train2017/000000280766.jpg,0,0
2173,The person is on the zebra.,on,True,True,True,True,http://images.cocodataset.org/train2017/000000509225.jpg,0,0
2171,The dining table is at the right side of the teddy bear.,at the right side of,True,True,True,True,http://images.cocodataset.org/train2017/000000108484.jpg,0,0
2174,The bed is beneath the suitcase.,beneath,False,False,True,False,http://images.cocodataset.org/train2017/000000387895.jpg,0,0
2177,The bowl is next to the tv.,next to,True,False,False,False,http://images.cocodataset.org/train2017/000000481407.jpg,0,0
2176,The couch is behind the dining table.,behind,True,True,True,True,http://images.cocodataset.org/train2017/000000201530.jpg,0,0
2175,The suitcase contains the cat.,contains,False,False,True,False,http://images.cocodataset.org/train2017/000000019131.jpg,0,0
2164,The elephant is on top of the boat.,on top of,True,True,True,True,http://images.cocodataset.org/train2017/000000447927.jpg,0,0
2076,The person is touching the hot dog.,touching,False,False,True,False,http://images.cocodataset.org/train2017/000000034785.jpg,0,3
2178,The suitcase contains the cat.,contains,True,True,True,True,http://images.cocodataset.org/train2017/000000465695.jpg,0,0
2180,The oven is behind the person.,behind,True,False,False,False,http://images.cocodataset.org/train2017/000000578974.jpg,0,0
2179,The cat is in the suitcase.,in,False,False,True,False,http://images.cocodataset.org/train2017/000000031893.jpg,0,0
2184,The cat is on the dining table.,on,False,False,True,False,http://images.cocodataset.org/train2017/000000009002.jpg,0,0
2182,The person is touching the cat.,touching,True,True,True,True,http://images.cocodataset.org/train2017/000000055363.jpg,0,0
2185,The dog is touching the donut.,touching,True,True,True,True,http://images.cocodataset.org/train2017/000000413245.jpg,0,0
2183,The bed is behind the bench.,behind,True,True,True,True,http://images.cocodataset.org/train2017/000000017921.jpg,0,0
2167,The couch is right of the person.,right of,False,False,True,False,http://images.cocodataset.org/train2017/000000041552.jpg,0,0
2187,The person is in front of the parking meter.,in front of,False,False,True,False,http://images.cocodataset.org/train2017/000000431795.jpg,0,0
2190,The truck is in front of the airplane.,in front of,True,True,True,True,http://images.cocodataset.org/train2017/000000135057.jpg,0,0
2186,The person is at the edge of the couch.,at the edge of,False,True,False,True,http://images.cocodataset.org/train2017/000000406026.jpg,0,0
2189,The bear is facing the teddy bear.,facing,False,False,True,False,http://images.cocodataset.org/train2017/000000107571.jpg,0,0
2084,The train is in front of the car.,in front of,False,,,"The user wants me to determine the truth value of the statement ""The train is in front of the car"" based on the provided image.

1.  **Identify the objects:**
    *   **""Train"":** The image shows a large tram (streetcar) on the left side. In common parl",http://images.cocodataset.org/train2017/000000324275.jpg,1,3
2188,The sheep is above the person.,above,True,True,True,True,http://images.cocodataset.org/val2017/000000525155.jpg,0,0
2193,The motorcycle is far away from the banana.,far away from,False,False,True,False,http://images.cocodataset.org/train2017/000000423875.jpg,0,0
2191,The keyboard is above the cat.,above,False,False,True,False,http://images.cocodataset.org/train2017/000000364244.jpg,0,0
2194,The teddy bear is close to the person.,close to,True,True,True,True,http://images.cocodataset.org/train2017/000000419467.jpg,0,0
2095,The horse is far away from the potted plant.,far away from,True,,,"The user wants me to determine the truth value of the statement ""The horse is far away from the potted plant"" based on the provided image.

1.  **Identify the horse**: The horse is the large brown animal in the foreground, taking up a significant portion of the right side of the image.
2",http://images.cocodataset.org/train2017/000000576386.jpg,1,3
2082,The car is far away from the hot dog.,far away from,True,,,"The user wants me to determine the truth value of the statement ""The car is far away from the hot dog"" based on the image.

1.  **Identify the objects:**
    *   **Hot dog:** The man in the foreground is holding a large sandwich, which the prompt refers to as a """,http://images.cocodataset.org/train2017/000000374072.jpg,1,3
2192,The dog is by the suitcase.,by,True,True,True,True,http://images.cocodataset.org/train2017/000000106229.jpg,0,0
2128,The donut is at the right side of the person.,at the right side of,False,False,True,False,http://images.cocodataset.org/train2017/000000248276.jpg,0,2
2109,The car is in front of the bus.,in front of,False,,,"The user wants me to verify the statement ""The car is in front of the bus"" based on the image.

1.  **Identify the bus:** There is a large white bus with blue and yellow stripes and graphics on the side, occupying the foreground and middle ground of the image.
2.  **Ident",http://images.cocodataset.org/train2017/000000557191.jpg,1,3
2181,The airplane is far from the chair.,far from,True,,,"The user wants me to determine the truth value of the statement ""The airplane is far from the chair"" based on the provided image.

1.  **Identify the objects:**
    *   **Airplane:** There is a large grey fighter jet (likely a MiG-29) dominating the foreground and",http://images.cocodataset.org/train2017/000000557578.jpg,1,3
