example_id,paired_parent_id,split,condition,intervention_axis,statement,original_statement,relation,relation_family,subject,object,ground_truth,expected_transformed_label,expected_prediction_behavior,prediction,correct,raw_output,model_id,model_revision,model_condition,adapter_path,adapter_hash,training_seed,prompt_version,parser_version,image_id,source_image_id,replacement_image_id,transformed_image_id,transform_name,transform_version,transform_metadata,shuffle_seed,generation_settings,run_id,git_commit,protocol_version
vsr_test:0003,vsr_test:0003,test,facingcomp,semantic,The laptop is facing away from the sandwich,The laptop is facing the sandwich.,facing,orientation,laptop,sandwich,False,True,flip_law,True,True, True,Qwen/Qwen2-VL-7B-Instruct,,7B_hardneg_lora,/home/ubuntu/vlm-spatial-reasoning/checkpoints/qwen2vl_7b_hardneg_lora/final,"{""README.md"": ""ad67fbd14e29a7dae114b54d70c840eab4d917c7d4bbce31d8e923429325d12b"", ""adapter_config.json"": ""9c868e731d9e1e45f0f114c79b1eeca3c96b1d0d3a8f5f93d9ff5a73d690a9df"", ""adapter_model.safetensors"": ""aaad7a39d905ddffc323d02d3beb78717388f29dc19488b91eb5218f4814b697"", ""chat_template.jinja"": ""a0bc6f6fc7a29a80017a433e8f03a1cc1236e838a944a2d034295a60c4f2fddb"", ""processor_config.json"": ""edb8dd5001f02dd3a488fd63d664fcdc5514c4a93962bf1be534a0acf6e2c714"", ""tokenizer.json"": ""ff8cce547abc110590d19c6b5b6e0c6a7b4c8d1012d78b9c42131bae7f494a02"", ""tokenizer_config.json"": ""5afec58078ec072cdc9ad190a63c8657f9c47ec71068ff9c77423f1ea0422364""}",,7f29cebb9d06eca06ad0d6c690e4d5a083b71a9c42008f88e92474e3ff0eb98a,eb4075c77285da02c52794154760fa969fb21ab3dcceb0820cb7d2ba27d27471,http://images.cocodataset.org/train2017/000000519404.jpg,http://images.cocodataset.org/train2017/000000519404.jpg,,http://images.cocodataset.org/train2017/000000519404.jpg,facingcomp,tier_b_v0.1,"{""axis"": ""semantic"", ""complement_relation"": ""facing away from"", ""law"": ""flip_law"", ""note"": ""facing-antonym flip-law compliance diagnostic; Paper-1 treated facing <-> facing away from as an antonym complement pair; the Tier-B relcomp table soft-excludes it (oblique orientations) but this transform applies the Paper-1 antonym construct directly; NOT a universal strict logical complement (decision log 2026-08-11)"", ""original_relation"": ""facing"", ""transform"": ""facingcomp""}",,"{""do_sample"": false, ""max_new_tokens"": 5}",tier_b_r1_campaign_facing,9b994a2a052f86be9f9d15743c202c4e0c8e0c22,v0.1
vsr_test:0033,vsr_test:0033,test,facingcomp,semantic,The cat is facing the sink,The cat is facing away from the sink.,facing away from,orientation,cat,sink,True,False,flip_law,False,True, False.,Qwen/Qwen2-VL-7B-Instruct,,7B_hardneg_lora,/home/ubuntu/vlm-spatial-reasoning/checkpoints/qwen2vl_7b_hardneg_lora/final,"{""README.md"": ""ad67fbd14e29a7dae114b54d70c840eab4d917c7d4bbce31d8e923429325d12b"", ""adapter_config.json"": ""9c868e731d9e1e45f0f114c79b1eeca3c96b1d0d3a8f5f93d9ff5a73d690a9df"", ""adapter_model.safetensors"": ""aaad7a39d905ddffc323d02d3beb78717388f29dc19488b91eb5218f4814b697"", ""chat_template.jinja"": ""a0bc6f6fc7a29a80017a433e8f03a1cc1236e838a944a2d034295a60c4f2fddb"", ""processor_config.json"": ""edb8dd5001f02dd3a488fd63d664fcdc5514c4a93962bf1be534a0acf6e2c714"", ""tokenizer.json"": ""ff8cce547abc110590d19c6b5b6e0c6a7b4c8d1012d78b9c42131bae7f494a02"", ""tokenizer_config.json"": ""5afec58078ec072cdc9ad190a63c8657f9c47ec71068ff9c77423f1ea0422364""}",,7f29cebb9d06eca06ad0d6c690e4d5a083b71a9c42008f88e92474e3ff0eb98a,eb4075c77285da02c52794154760fa969fb21ab3dcceb0820cb7d2ba27d27471,http://images.cocodataset.org/train2017/000000508846.jpg,http://images.cocodataset.org/train2017/000000508846.jpg,,http://images.cocodataset.org/train2017/000000508846.jpg,facingcomp,tier_b_v0.1,"{""axis"": ""semantic"", ""complement_relation"": ""facing"", ""law"": ""flip_law"", ""note"": ""facing-antonym flip-law compliance diagnostic; Paper-1 treated facing <-> facing away from as an antonym complement pair; the Tier-B relcomp table soft-excludes it (oblique orientations) but this transform applies the Paper-1 antonym construct directly; NOT a universal strict logical complement (decision log 2026-08-11)"", ""original_relation"": ""facing away from"", ""transform"": ""facingcomp""}",,"{""do_sample"": false, ""max_new_tokens"": 5}",tier_b_r1_campaign_facing,9b994a2a052f86be9f9d15743c202c4e0c8e0c22,v0.1
vsr_test:0034,vsr_test:0034,test,facingcomp,semantic,The cat is facing the toilet,The cat is facing away from the toilet.,facing away from,orientation,cat,toilet,True,False,flip_law,False,True, False.,Qwen/Qwen2-VL-7B-Instruct,,7B_hardneg_lora,/home/ubuntu/vlm-spatial-reasoning/checkpoints/qwen2vl_7b_hardneg_lora/final,"{""README.md"": ""ad67fbd14e29a7dae114b54d70c840eab4d917c7d4bbce31d8e923429325d12b"", ""adapter_config.json"": ""9c868e731d9e1e45f0f114c79b1eeca3c96b1d0d3a8f5f93d9ff5a73d690a9df"", ""adapter_model.safetensors"": ""aaad7a39d905ddffc323d02d3beb78717388f29dc19488b91eb5218f4814b697"", ""chat_template.jinja"": ""a0bc6f6fc7a29a80017a433e8f03a1cc1236e838a944a2d034295a60c4f2fddb"", ""processor_config.json"": ""edb8dd5001f02dd3a488fd63d664fcdc5514c4a93962bf1be534a0acf6e2c714"", ""tokenizer.json"": ""ff8cce547abc110590d19c6b5b6e0c6a7b4c8d1012d78b9c42131bae7f494a02"", ""tokenizer_config.json"": ""5afec58078ec072cdc9ad190a63c8657f9c47ec71068ff9c77423f1ea0422364""}",,7f29cebb9d06eca06ad0d6c690e4d5a083b71a9c42008f88e92474e3ff0eb98a,eb4075c77285da02c52794154760fa969fb21ab3dcceb0820cb7d2ba27d27471,http://images.cocodataset.org/train2017/000000455365.jpg,http://images.cocodataset.org/train2017/000000455365.jpg,,http://images.cocodataset.org/train2017/000000455365.jpg,facingcomp,tier_b_v0.1,"{""axis"": ""semantic"", ""complement_relation"": ""facing"", ""law"": ""flip_law"", ""note"": ""facing-antonym flip-law compliance diagnostic; Paper-1 treated facing <-> facing away from as an antonym complement pair; the Tier-B relcomp table soft-excludes it (oblique orientations) but this transform applies the Paper-1 antonym construct directly; NOT a universal strict logical complement (decision log 2026-08-11)"", ""original_relation"": ""facing away from"", ""transform"": ""facingcomp""}",,"{""do_sample"": false, ""max_new_tokens"": 5}",tier_b_r1_campaign_facing,9b994a2a052f86be9f9d15743c202c4e0c8e0c22,v0.1
vsr_test:0081,vsr_test:0081,test,facingcomp,semantic,The cat is facing the tv,The cat is facing away from the tv.,facing away from,orientation,cat,tv,False,True,flip_law,True,True, True,Qwen/Qwen2-VL-7B-Instruct,,7B_hardneg_lora,/home/ubuntu/vlm-spatial-reasoning/checkpoints/qwen2vl_7b_hardneg_lora/final,"{""README.md"": ""ad67fbd14e29a7dae114b54d70c840eab4d917c7d4bbce31d8e923429325d12b"", ""adapter_config.json"": ""9c868e731d9e1e45f0f114c79b1eeca3c96b1d0d3a8f5f93d9ff5a73d690a9df"", ""adapter_model.safetensors"": ""aaad7a39d905ddffc323d02d3beb78717388f29dc19488b91eb5218f4814b697"", ""chat_template.jinja"": ""a0bc6f6fc7a29a80017a433e8f03a1cc1236e838a944a2d034295a60c4f2fddb"", ""processor_config.json"": ""edb8dd5001f02dd3a488fd63d664fcdc5514c4a93962bf1be534a0acf6e2c714"", ""tokenizer.json"": ""ff8cce547abc110590d19c6b5b6e0c6a7b4c8d1012d78b9c42131bae7f494a02"", ""tokenizer_config.json"": ""5afec58078ec072cdc9ad190a63c8657f9c47ec71068ff9c77423f1ea0422364""}",,7f29cebb9d06eca06ad0d6c690e4d5a083b71a9c42008f88e92474e3ff0eb98a,eb4075c77285da02c52794154760fa969fb21ab3dcceb0820cb7d2ba27d27471,http://images.cocodataset.org/train2017/000000469661.jpg,http://images.cocodataset.org/train2017/000000469661.jpg,,http://images.cocodataset.org/train2017/000000469661.jpg,facingcomp,tier_b_v0.1,"{""axis"": ""semantic"", ""complement_relation"": ""facing"", ""law"": ""flip_law"", ""note"": ""facing-antonym flip-law compliance diagnostic; Paper-1 treated facing <-> facing away from as an antonym complement pair; the Tier-B relcomp table soft-excludes it (oblique orientations) but this transform applies the Paper-1 antonym construct directly; NOT a universal strict logical complement (decision log 2026-08-11)"", ""original_relation"": ""facing away from"", ""transform"": ""facingcomp""}",,"{""do_sample"": false, ""max_new_tokens"": 5}",tier_b_r1_campaign_facing,9b994a2a052f86be9f9d15743c202c4e0c8e0c22,v0.1
vsr_test:0106,vsr_test:0106,test,facingcomp,semantic,The parking meter is facing the person,The parking meter is facing away from the person.,facing away from,orientation,parking meter,person,False,True,flip_law,True,True, True.,Qwen/Qwen2-VL-7B-Instruct,,7B_hardneg_lora,/home/ubuntu/vlm-spatial-reasoning/checkpoints/qwen2vl_7b_hardneg_lora/final,"{""README.md"": ""ad67fbd14e29a7dae114b54d70c840eab4d917c7d4bbce31d8e923429325d12b"", ""adapter_config.json"": ""9c868e731d9e1e45f0f114c79b1eeca3c96b1d0d3a8f5f93d9ff5a73d690a9df"", ""adapter_model.safetensors"": ""aaad7a39d905ddffc323d02d3beb78717388f29dc19488b91eb5218f4814b697"", ""chat_template.jinja"": ""a0bc6f6fc7a29a80017a433e8f03a1cc1236e838a944a2d034295a60c4f2fddb"", ""processor_config.json"": ""edb8dd5001f02dd3a488fd63d664fcdc5514c4a93962bf1be534a0acf6e2c714"", ""tokenizer.json"": ""ff8cce547abc110590d19c6b5b6e0c6a7b4c8d1012d78b9c42131bae7f494a02"", ""tokenizer_config.json"": ""5afec58078ec072cdc9ad190a63c8657f9c47ec71068ff9c77423f1ea0422364""}",,7f29cebb9d06eca06ad0d6c690e4d5a083b71a9c42008f88e92474e3ff0eb98a,eb4075c77285da02c52794154760fa969fb21ab3dcceb0820cb7d2ba27d27471,http://images.cocodataset.org/train2017/000000567205.jpg,http://images.cocodataset.org/train2017/000000567205.jpg,,http://images.cocodataset.org/train2017/000000567205.jpg,facingcomp,tier_b_v0.1,"{""axis"": ""semantic"", ""complement_relation"": ""facing"", ""law"": ""flip_law"", ""note"": ""facing-antonym flip-law compliance diagnostic; Paper-1 treated facing <-> facing away from as an antonym complement pair; the Tier-B relcomp table soft-excludes it (oblique orientations) but this transform applies the Paper-1 antonym construct directly; NOT a universal strict logical complement (decision log 2026-08-11)"", ""original_relation"": ""facing away from"", ""transform"": ""facingcomp""}",,"{""do_sample"": false, ""max_new_tokens"": 5}",tier_b_r1_campaign_facing,9b994a2a052f86be9f9d15743c202c4e0c8e0c22,v0.1
vsr_test:0114,vsr_test:0114,test,facingcomp,semantic,The person is facing away from the book,The person is facing the book.,facing,orientation,person,book,False,True,flip_law,True,True, True,Qwen/Qwen2-VL-7B-Instruct,,7B_hardneg_lora,/home/ubuntu/vlm-spatial-reasoning/checkpoints/qwen2vl_7b_hardneg_lora/final,"{""README.md"": ""ad67fbd14e29a7dae114b54d70c840eab4d917c7d4bbce31d8e923429325d12b"", ""adapter_config.json"": ""9c868e731d9e1e45f0f114c79b1eeca3c96b1d0d3a8f5f93d9ff5a73d690a9df"", ""adapter_model.safetensors"": ""aaad7a39d905ddffc323d02d3beb78717388f29dc19488b91eb5218f4814b697"", ""chat_template.jinja"": ""a0bc6f6fc7a29a80017a433e8f03a1cc1236e838a944a2d034295a60c4f2fddb"", ""processor_config.json"": ""edb8dd5001f02dd3a488fd63d664fcdc5514c4a93962bf1be534a0acf6e2c714"", ""tokenizer.json"": ""ff8cce547abc110590d19c6b5b6e0c6a7b4c8d1012d78b9c42131bae7f494a02"", ""tokenizer_config.json"": ""5afec58078ec072cdc9ad190a63c8657f9c47ec71068ff9c77423f1ea0422364""}",,7f29cebb9d06eca06ad0d6c690e4d5a083b71a9c42008f88e92474e3ff0eb98a,eb4075c77285da02c52794154760fa969fb21ab3dcceb0820cb7d2ba27d27471,http://images.cocodataset.org/train2017/000000040114.jpg,http://images.cocodataset.org/train2017/000000040114.jpg,,http://images.cocodataset.org/train2017/000000040114.jpg,facingcomp,tier_b_v0.1,"{""axis"": ""semantic"", ""complement_relation"": ""facing away from"", ""law"": ""flip_law"", ""note"": ""facing-antonym flip-law compliance diagnostic; Paper-1 treated facing <-> facing away from as an antonym complement pair; the Tier-B relcomp table soft-excludes it (oblique orientations) but this transform applies the Paper-1 antonym construct directly; NOT a universal strict logical complement (decision log 2026-08-11)"", ""original_relation"": ""facing"", ""transform"": ""facingcomp""}",,"{""do_sample"": false, ""max_new_tokens"": 5}",tier_b_r1_campaign_facing,9b994a2a052f86be9f9d15743c202c4e0c8e0c22,v0.1
vsr_test:0156,vsr_test:0156,test,facingcomp,semantic,The person is facing the horse,The person is facing away from the horse.,facing away from,orientation,person,horse,True,False,flip_law,False,True, False.,Qwen/Qwen2-VL-7B-Instruct,,7B_hardneg_lora,/home/ubuntu/vlm-spatial-reasoning/checkpoints/qwen2vl_7b_hardneg_lora/final,"{""README.md"": ""ad67fbd14e29a7dae114b54d70c840eab4d917c7d4bbce31d8e923429325d12b"", ""adapter_config.json"": ""9c868e731d9e1e45f0f114c79b1eeca3c96b1d0d3a8f5f93d9ff5a73d690a9df"", ""adapter_model.safetensors"": ""aaad7a39d905ddffc323d02d3beb78717388f29dc19488b91eb5218f4814b697"", ""chat_template.jinja"": ""a0bc6f6fc7a29a80017a433e8f03a1cc1236e838a944a2d034295a60c4f2fddb"", ""processor_config.json"": ""edb8dd5001f02dd3a488fd63d664fcdc5514c4a93962bf1be534a0acf6e2c714"", ""tokenizer.json"": ""ff8cce547abc110590d19c6b5b6e0c6a7b4c8d1012d78b9c42131bae7f494a02"", ""tokenizer_config.json"": ""5afec58078ec072cdc9ad190a63c8657f9c47ec71068ff9c77423f1ea0422364""}",,7f29cebb9d06eca06ad0d6c690e4d5a083b71a9c42008f88e92474e3ff0eb98a,eb4075c77285da02c52794154760fa969fb21ab3dcceb0820cb7d2ba27d27471,http://images.cocodataset.org/train2017/000000004972.jpg,http://images.cocodataset.org/train2017/000000004972.jpg,,http://images.cocodataset.org/train2017/000000004972.jpg,facingcomp,tier_b_v0.1,"{""axis"": ""semantic"", ""complement_relation"": ""facing"", ""law"": ""flip_law"", ""note"": ""facing-antonym flip-law compliance diagnostic; Paper-1 treated facing <-> facing away from as an antonym complement pair; the Tier-B relcomp table soft-excludes it (oblique orientations) but this transform applies the Paper-1 antonym construct directly; NOT a universal strict logical complement (decision log 2026-08-11)"", ""original_relation"": ""facing away from"", ""transform"": ""facingcomp""}",,"{""do_sample"": false, ""max_new_tokens"": 5}",tier_b_r1_campaign_facing,9b994a2a052f86be9f9d15743c202c4e0c8e0c22,v0.1
vsr_test:0170,vsr_test:0170,test,facingcomp,semantic,The person is facing the cow,The person is facing away from the cow.,facing away from,orientation,person,cow,False,True,flip_law,True,True, True.,Qwen/Qwen2-VL-7B-Instruct,,7B_hardneg_lora,/home/ubuntu/vlm-spatial-reasoning/checkpoints/qwen2vl_7b_hardneg_lora/final,"{""README.md"": ""ad67fbd14e29a7dae114b54d70c840eab4d917c7d4bbce31d8e923429325d12b"", ""adapter_config.json"": ""9c868e731d9e1e45f0f114c79b1eeca3c96b1d0d3a8f5f93d9ff5a73d690a9df"", ""adapter_model.safetensors"": ""aaad7a39d905ddffc323d02d3beb78717388f29dc19488b91eb5218f4814b697"", ""chat_template.jinja"": ""a0bc6f6fc7a29a80017a433e8f03a1cc1236e838a944a2d034295a60c4f2fddb"", ""processor_config.json"": ""edb8dd5001f02dd3a488fd63d664fcdc5514c4a93962bf1be534a0acf6e2c714"", ""tokenizer.json"": ""ff8cce547abc110590d19c6b5b6e0c6a7b4c8d1012d78b9c42131bae7f494a02"", ""tokenizer_config.json"": ""5afec58078ec072cdc9ad190a63c8657f9c47ec71068ff9c77423f1ea0422364""}",,7f29cebb9d06eca06ad0d6c690e4d5a083b71a9c42008f88e92474e3ff0eb98a,eb4075c77285da02c52794154760fa969fb21ab3dcceb0820cb7d2ba27d27471,http://images.cocodataset.org/train2017/000000221771.jpg,http://images.cocodataset.org/train2017/000000221771.jpg,,http://images.cocodataset.org/train2017/000000221771.jpg,facingcomp,tier_b_v0.1,"{""axis"": ""semantic"", ""complement_relation"": ""facing"", ""law"": ""flip_law"", ""note"": ""facing-antonym flip-law compliance diagnostic; Paper-1 treated facing <-> facing away from as an antonym complement pair; the Tier-B relcomp table soft-excludes it (oblique orientations) but this transform applies the Paper-1 antonym construct directly; NOT a universal strict logical complement (decision log 2026-08-11)"", ""original_relation"": ""facing away from"", ""transform"": ""facingcomp""}",,"{""do_sample"": false, ""max_new_tokens"": 5}",tier_b_r1_campaign_facing,9b994a2a052f86be9f9d15743c202c4e0c8e0c22,v0.1
vsr_test:0171,vsr_test:0171,test,facingcomp,semantic,The teddy bear is facing away from the cow,The teddy bear is facing the cow.,facing,orientation,teddy bear,cow,True,False,flip_law,True,False, True.,Qwen/Qwen2-VL-7B-Instruct,,7B_hardneg_lora,/home/ubuntu/vlm-spatial-reasoning/checkpoints/qwen2vl_7b_hardneg_lora/final,"{""README.md"": ""ad67fbd14e29a7dae114b54d70c840eab4d917c7d4bbce31d8e923429325d12b"", ""adapter_config.json"": ""9c868e731d9e1e45f0f114c79b1eeca3c96b1d0d3a8f5f93d9ff5a73d690a9df"", ""adapter_model.safetensors"": ""aaad7a39d905ddffc323d02d3beb78717388f29dc19488b91eb5218f4814b697"", ""chat_template.jinja"": ""a0bc6f6fc7a29a80017a433e8f03a1cc1236e838a944a2d034295a60c4f2fddb"", ""processor_config.json"": ""edb8dd5001f02dd3a488fd63d664fcdc5514c4a93962bf1be534a0acf6e2c714"", ""tokenizer.json"": ""ff8cce547abc110590d19c6b5b6e0c6a7b4c8d1012d78b9c42131bae7f494a02"", ""tokenizer_config.json"": ""5afec58078ec072cdc9ad190a63c8657f9c47ec71068ff9c77423f1ea0422364""}",,7f29cebb9d06eca06ad0d6c690e4d5a083b71a9c42008f88e92474e3ff0eb98a,eb4075c77285da02c52794154760fa969fb21ab3dcceb0820cb7d2ba27d27471,http://images.cocodataset.org/train2017/000000459644.jpg,http://images.cocodataset.org/train2017/000000459644.jpg,,http://images.cocodataset.org/train2017/000000459644.jpg,facingcomp,tier_b_v0.1,"{""axis"": ""semantic"", ""complement_relation"": ""facing away from"", ""law"": ""flip_law"", ""note"": ""facing-antonym flip-law compliance diagnostic; Paper-1 treated facing <-> facing away from as an antonym complement pair; the Tier-B relcomp table soft-excludes it (oblique orientations) but this transform applies the Paper-1 antonym construct directly; NOT a universal strict logical complement (decision log 2026-08-11)"", ""original_relation"": ""facing"", ""transform"": ""facingcomp""}",,"{""do_sample"": false, ""max_new_tokens"": 5}",tier_b_r1_campaign_facing,9b994a2a052f86be9f9d15743c202c4e0c8e0c22,v0.1
vsr_test:0211,vsr_test:0211,test,facingcomp,semantic,The bus is facing the cow,The bus is facing away from the cow.,facing away from,orientation,bus,cow,True,False,flip_law,False,True, False.,Qwen/Qwen2-VL-7B-Instruct,,7B_hardneg_lora,/home/ubuntu/vlm-spatial-reasoning/checkpoints/qwen2vl_7b_hardneg_lora/final,"{""README.md"": ""ad67fbd14e29a7dae114b54d70c840eab4d917c7d4bbce31d8e923429325d12b"", ""adapter_config.json"": ""9c868e731d9e1e45f0f114c79b1eeca3c96b1d0d3a8f5f93d9ff5a73d690a9df"", ""adapter_model.safetensors"": ""aaad7a39d905ddffc323d02d3beb78717388f29dc19488b91eb5218f4814b697"", ""chat_template.jinja"": ""a0bc6f6fc7a29a80017a433e8f03a1cc1236e838a944a2d034295a60c4f2fddb"", ""processor_config.json"": ""edb8dd5001f02dd3a488fd63d664fcdc5514c4a93962bf1be534a0acf6e2c714"", ""tokenizer.json"": ""ff8cce547abc110590d19c6b5b6e0c6a7b4c8d1012d78b9c42131bae7f494a02"", ""tokenizer_config.json"": ""5afec58078ec072cdc9ad190a63c8657f9c47ec71068ff9c77423f1ea0422364""}",,7f29cebb9d06eca06ad0d6c690e4d5a083b71a9c42008f88e92474e3ff0eb98a,eb4075c77285da02c52794154760fa969fb21ab3dcceb0820cb7d2ba27d27471,http://images.cocodataset.org/train2017/000000162355.jpg,http://images.cocodataset.org/train2017/000000162355.jpg,,http://images.cocodataset.org/train2017/000000162355.jpg,facingcomp,tier_b_v0.1,"{""axis"": ""semantic"", ""complement_relation"": ""facing"", ""law"": ""flip_law"", ""note"": ""facing-antonym flip-law compliance diagnostic; Paper-1 treated facing <-> facing away from as an antonym complement pair; the Tier-B relcomp table soft-excludes it (oblique orientations) but this transform applies the Paper-1 antonym construct directly; NOT a universal strict logical complement (decision log 2026-08-11)"", ""original_relation"": ""facing away from"", ""transform"": ""facingcomp""}",,"{""do_sample"": false, ""max_new_tokens"": 5}",tier_b_r1_campaign_facing,9b994a2a052f86be9f9d15743c202c4e0c8e0c22,v0.1
vsr_test:0213,vsr_test:0213,test,facingcomp,semantic,The laptop is facing away from the sandwich,The laptop is facing the sandwich.,facing,orientation,laptop,sandwich,True,False,flip_law,False,True, False.,Qwen/Qwen2-VL-7B-Instruct,,7B_hardneg_lora,/home/ubuntu/vlm-spatial-reasoning/checkpoints/qwen2vl_7b_hardneg_lora/final,"{""README.md"": ""ad67fbd14e29a7dae114b54d70c840eab4d917c7d4bbce31d8e923429325d12b"", ""adapter_config.json"": ""9c868e731d9e1e45f0f114c79b1eeca3c96b1d0d3a8f5f93d9ff5a73d690a9df"", ""adapter_model.safetensors"": ""aaad7a39d905ddffc323d02d3beb78717388f29dc19488b91eb5218f4814b697"", ""chat_template.jinja"": ""a0bc6f6fc7a29a80017a433e8f03a1cc1236e838a944a2d034295a60c4f2fddb"", ""processor_config.json"": ""edb8dd5001f02dd3a488fd63d664fcdc5514c4a93962bf1be534a0acf6e2c714"", ""tokenizer.json"": ""ff8cce547abc110590d19c6b5b6e0c6a7b4c8d1012d78b9c42131bae7f494a02"", ""tokenizer_config.json"": ""5afec58078ec072cdc9ad190a63c8657f9c47ec71068ff9c77423f1ea0422364""}",,7f29cebb9d06eca06ad0d6c690e4d5a083b71a9c42008f88e92474e3ff0eb98a,eb4075c77285da02c52794154760fa969fb21ab3dcceb0820cb7d2ba27d27471,http://images.cocodataset.org/train2017/000000302643.jpg,http://images.cocodataset.org/train2017/000000302643.jpg,,http://images.cocodataset.org/train2017/000000302643.jpg,facingcomp,tier_b_v0.1,"{""axis"": ""semantic"", ""complement_relation"": ""facing away from"", ""law"": ""flip_law"", ""note"": ""facing-antonym flip-law compliance diagnostic; Paper-1 treated facing <-> facing away from as an antonym complement pair; the Tier-B relcomp table soft-excludes it (oblique orientations) but this transform applies the Paper-1 antonym construct directly; NOT a universal strict logical complement (decision log 2026-08-11)"", ""original_relation"": ""facing"", ""transform"": ""facingcomp""}",,"{""do_sample"": false, ""max_new_tokens"": 5}",tier_b_r1_campaign_facing,9b994a2a052f86be9f9d15743c202c4e0c8e0c22,v0.1
vsr_test:0230,vsr_test:0230,test,facingcomp,semantic,The teddy bear is facing the book,The teddy bear is facing away from the book.,facing away from,orientation,teddy bear,book,False,True,flip_law,True,True, True,Qwen/Qwen2-VL-7B-Instruct,,7B_hardneg_lora,/home/ubuntu/vlm-spatial-reasoning/checkpoints/qwen2vl_7b_hardneg_lora/final,"{""README.md"": ""ad67fbd14e29a7dae114b54d70c840eab4d917c7d4bbce31d8e923429325d12b"", ""adapter_config.json"": ""9c868e731d9e1e45f0f114c79b1eeca3c96b1d0d3a8f5f93d9ff5a73d690a9df"", ""adapter_model.safetensors"": ""aaad7a39d905ddffc323d02d3beb78717388f29dc19488b91eb5218f4814b697"", ""chat_template.jinja"": ""a0bc6f6fc7a29a80017a433e8f03a1cc1236e838a944a2d034295a60c4f2fddb"", ""processor_config.json"": ""edb8dd5001f02dd3a488fd63d664fcdc5514c4a93962bf1be534a0acf6e2c714"", ""tokenizer.json"": ""ff8cce547abc110590d19c6b5b6e0c6a7b4c8d1012d78b9c42131bae7f494a02"", ""tokenizer_config.json"": ""5afec58078ec072cdc9ad190a63c8657f9c47ec71068ff9c77423f1ea0422364""}",,7f29cebb9d06eca06ad0d6c690e4d5a083b71a9c42008f88e92474e3ff0eb98a,eb4075c77285da02c52794154760fa969fb21ab3dcceb0820cb7d2ba27d27471,http://images.cocodataset.org/train2017/000000089870.jpg,http://images.cocodataset.org/train2017/000000089870.jpg,,http://images.cocodataset.org/train2017/000000089870.jpg,facingcomp,tier_b_v0.1,"{""axis"": ""semantic"", ""complement_relation"": ""facing"", ""law"": ""flip_law"", ""note"": ""facing-antonym flip-law compliance diagnostic; Paper-1 treated facing <-> facing away from as an antonym complement pair; the Tier-B relcomp table soft-excludes it (oblique orientations) but this transform applies the Paper-1 antonym construct directly; NOT a universal strict logical complement (decision log 2026-08-11)"", ""original_relation"": ""facing away from"", ""transform"": ""facingcomp""}",,"{""do_sample"": false, ""max_new_tokens"": 5}",tier_b_r1_campaign_facing,9b994a2a052f86be9f9d15743c202c4e0c8e0c22,v0.1
vsr_test:0239,vsr_test:0239,test,facingcomp,semantic,The cat is facing the toilet,The cat is facing away from the toilet.,facing away from,orientation,cat,toilet,True,False,flip_law,False,True, False.,Qwen/Qwen2-VL-7B-Instruct,,7B_hardneg_lora,/home/ubuntu/vlm-spatial-reasoning/checkpoints/qwen2vl_7b_hardneg_lora/final,"{""README.md"": ""ad67fbd14e29a7dae114b54d70c840eab4d917c7d4bbce31d8e923429325d12b"", ""adapter_config.json"": ""9c868e731d9e1e45f0f114c79b1eeca3c96b1d0d3a8f5f93d9ff5a73d690a9df"", ""adapter_model.safetensors"": ""aaad7a39d905ddffc323d02d3beb78717388f29dc19488b91eb5218f4814b697"", ""chat_template.jinja"": ""a0bc6f6fc7a29a80017a433e8f03a1cc1236e838a944a2d034295a60c4f2fddb"", ""processor_config.json"": ""edb8dd5001f02dd3a488fd63d664fcdc5514c4a93962bf1be534a0acf6e2c714"", ""tokenizer.json"": ""ff8cce547abc110590d19c6b5b6e0c6a7b4c8d1012d78b9c42131bae7f494a02"", ""tokenizer_config.json"": ""5afec58078ec072cdc9ad190a63c8657f9c47ec71068ff9c77423f1ea0422364""}",,7f29cebb9d06eca06ad0d6c690e4d5a083b71a9c42008f88e92474e3ff0eb98a,eb4075c77285da02c52794154760fa969fb21ab3dcceb0820cb7d2ba27d27471,http://images.cocodataset.org/train2017/000000518156.jpg,http://images.cocodataset.org/train2017/000000518156.jpg,,http://images.cocodataset.org/train2017/000000518156.jpg,facingcomp,tier_b_v0.1,"{""axis"": ""semantic"", ""complement_relation"": ""facing"", ""law"": ""flip_law"", ""note"": ""facing-antonym flip-law compliance diagnostic; Paper-1 treated facing <-> facing away from as an antonym complement pair; the Tier-B relcomp table soft-excludes it (oblique orientations) but this transform applies the Paper-1 antonym construct directly; NOT a universal strict logical complement (decision log 2026-08-11)"", ""original_relation"": ""facing away from"", ""transform"": ""facingcomp""}",,"{""do_sample"": false, ""max_new_tokens"": 5}",tier_b_r1_campaign_facing,9b994a2a052f86be9f9d15743c202c4e0c8e0c22,v0.1
vsr_test:0250,vsr_test:0250,test,facingcomp,semantic,The laptop is facing away from the chair,The laptop is facing the chair.,facing,orientation,laptop,chair,True,False,flip_law,False,True, False.,Qwen/Qwen2-VL-7B-Instruct,,7B_hardneg_lora,/home/ubuntu/vlm-spatial-reasoning/checkpoints/qwen2vl_7b_hardneg_lora/final,"{""README.md"": ""ad67fbd14e29a7dae114b54d70c840eab4d917c7d4bbce31d8e923429325d12b"", ""adapter_config.json"": ""9c868e731d9e1e45f0f114c79b1eeca3c96b1d0d3a8f5f93d9ff5a73d690a9df"", ""adapter_model.safetensors"": ""aaad7a39d905ddffc323d02d3beb78717388f29dc19488b91eb5218f4814b697"", ""chat_template.jinja"": ""a0bc6f6fc7a29a80017a433e8f03a1cc1236e838a944a2d034295a60c4f2fddb"", ""processor_config.json"": ""edb8dd5001f02dd3a488fd63d664fcdc5514c4a93962bf1be534a0acf6e2c714"", ""tokenizer.json"": ""ff8cce547abc110590d19c6b5b6e0c6a7b4c8d1012d78b9c42131bae7f494a02"", ""tokenizer_config.json"": ""5afec58078ec072cdc9ad190a63c8657f9c47ec71068ff9c77423f1ea0422364""}",,7f29cebb9d06eca06ad0d6c690e4d5a083b71a9c42008f88e92474e3ff0eb98a,eb4075c77285da02c52794154760fa969fb21ab3dcceb0820cb7d2ba27d27471,http://images.cocodataset.org/train2017/000000066376.jpg,http://images.cocodataset.org/train2017/000000066376.jpg,,http://images.cocodataset.org/train2017/000000066376.jpg,facingcomp,tier_b_v0.1,"{""axis"": ""semantic"", ""complement_relation"": ""facing away from"", ""law"": ""flip_law"", ""note"": ""facing-antonym flip-law compliance diagnostic; Paper-1 treated facing <-> facing away from as an antonym complement pair; the Tier-B relcomp table soft-excludes it (oblique orientations) but this transform applies the Paper-1 antonym construct directly; NOT a universal strict logical complement (decision log 2026-08-11)"", ""original_relation"": ""facing"", ""transform"": ""facingcomp""}",,"{""do_sample"": false, ""max_new_tokens"": 5}",tier_b_r1_campaign_facing,9b994a2a052f86be9f9d15743c202c4e0c8e0c22,v0.1
vsr_test:0280,vsr_test:0280,test,facingcomp,semantic,The person is facing away from the teddy bear,The person is facing the teddy bear.,facing,orientation,person,teddy bear,True,False,flip_law,False,True, False.,Qwen/Qwen2-VL-7B-Instruct,,7B_hardneg_lora,/home/ubuntu/vlm-spatial-reasoning/checkpoints/qwen2vl_7b_hardneg_lora/final,"{""README.md"": ""ad67fbd14e29a7dae114b54d70c840eab4d917c7d4bbce31d8e923429325d12b"", ""adapter_config.json"": ""9c868e731d9e1e45f0f114c79b1eeca3c96b1d0d3a8f5f93d9ff5a73d690a9df"", ""adapter_model.safetensors"": ""aaad7a39d905ddffc323d02d3beb78717388f29dc19488b91eb5218f4814b697"", ""chat_template.jinja"": ""a0bc6f6fc7a29a80017a433e8f03a1cc1236e838a944a2d034295a60c4f2fddb"", ""processor_config.json"": ""edb8dd5001f02dd3a488fd63d664fcdc5514c4a93962bf1be534a0acf6e2c714"", ""tokenizer.json"": ""ff8cce547abc110590d19c6b5b6e0c6a7b4c8d1012d78b9c42131bae7f494a02"", ""tokenizer_config.json"": ""5afec58078ec072cdc9ad190a63c8657f9c47ec71068ff9c77423f1ea0422364""}",,7f29cebb9d06eca06ad0d6c690e4d5a083b71a9c42008f88e92474e3ff0eb98a,eb4075c77285da02c52794154760fa969fb21ab3dcceb0820cb7d2ba27d27471,http://images.cocodataset.org/train2017/000000041753.jpg,http://images.cocodataset.org/train2017/000000041753.jpg,,http://images.cocodataset.org/train2017/000000041753.jpg,facingcomp,tier_b_v0.1,"{""axis"": ""semantic"", ""complement_relation"": ""facing away from"", ""law"": ""flip_law"", ""note"": ""facing-antonym flip-law compliance diagnostic; Paper-1 treated facing <-> facing away from as an antonym complement pair; the Tier-B relcomp table soft-excludes it (oblique orientations) but this transform applies the Paper-1 antonym construct directly; NOT a universal strict logical complement (decision log 2026-08-11)"", ""original_relation"": ""facing"", ""transform"": ""facingcomp""}",,"{""do_sample"": false, ""max_new_tokens"": 5}",tier_b_r1_campaign_facing,9b994a2a052f86be9f9d15743c202c4e0c8e0c22,v0.1
vsr_test:0356,vsr_test:0356,test,facingcomp,semantic,The dog is facing away from the boat,The dog is facing the boat.,facing,orientation,dog,boat,True,False,flip_law,True,False, True.,Qwen/Qwen2-VL-7B-Instruct,,7B_hardneg_lora,/home/ubuntu/vlm-spatial-reasoning/checkpoints/qwen2vl_7b_hardneg_lora/final,"{""README.md"": ""ad67fbd14e29a7dae114b54d70c840eab4d917c7d4bbce31d8e923429325d12b"", ""adapter_config.json"": ""9c868e731d9e1e45f0f114c79b1eeca3c96b1d0d3a8f5f93d9ff5a73d690a9df"", ""adapter_model.safetensors"": ""aaad7a39d905ddffc323d02d3beb78717388f29dc19488b91eb5218f4814b697"", ""chat_template.jinja"": ""a0bc6f6fc7a29a80017a433e8f03a1cc1236e838a944a2d034295a60c4f2fddb"", ""processor_config.json"": ""edb8dd5001f02dd3a488fd63d664fcdc5514c4a93962bf1be534a0acf6e2c714"", ""tokenizer.json"": ""ff8cce547abc110590d19c6b5b6e0c6a7b4c8d1012d78b9c42131bae7f494a02"", ""tokenizer_config.json"": ""5afec58078ec072cdc9ad190a63c8657f9c47ec71068ff9c77423f1ea0422364""}",,7f29cebb9d06eca06ad0d6c690e4d5a083b71a9c42008f88e92474e3ff0eb98a,eb4075c77285da02c52794154760fa969fb21ab3dcceb0820cb7d2ba27d27471,http://images.cocodataset.org/train2017/000000030667.jpg,http://images.cocodataset.org/train2017/000000030667.jpg,,http://images.cocodataset.org/train2017/000000030667.jpg,facingcomp,tier_b_v0.1,"{""axis"": ""semantic"", ""complement_relation"": ""facing away from"", ""law"": ""flip_law"", ""note"": ""facing-antonym flip-law compliance diagnostic; Paper-1 treated facing <-> facing away from as an antonym complement pair; the Tier-B relcomp table soft-excludes it (oblique orientations) but this transform applies the Paper-1 antonym construct directly; NOT a universal strict logical complement (decision log 2026-08-11)"", ""original_relation"": ""facing"", ""transform"": ""facingcomp""}",,"{""do_sample"": false, ""max_new_tokens"": 5}",tier_b_r1_campaign_facing,9b994a2a052f86be9f9d15743c202c4e0c8e0c22,v0.1
vsr_test:0357,vsr_test:0357,test,facingcomp,semantic,The person is facing away from the bear,The person is facing the bear.,facing,orientation,person,bear,True,False,flip_law,False,True, False.,Qwen/Qwen2-VL-7B-Instruct,,7B_hardneg_lora,/home/ubuntu/vlm-spatial-reasoning/checkpoints/qwen2vl_7b_hardneg_lora/final,"{""README.md"": ""ad67fbd14e29a7dae114b54d70c840eab4d917c7d4bbce31d8e923429325d12b"", ""adapter_config.json"": ""9c868e731d9e1e45f0f114c79b1eeca3c96b1d0d3a8f5f93d9ff5a73d690a9df"", ""adapter_model.safetensors"": ""aaad7a39d905ddffc323d02d3beb78717388f29dc19488b91eb5218f4814b697"", ""chat_template.jinja"": ""a0bc6f6fc7a29a80017a433e8f03a1cc1236e838a944a2d034295a60c4f2fddb"", ""processor_config.json"": ""edb8dd5001f02dd3a488fd63d664fcdc5514c4a93962bf1be534a0acf6e2c714"", ""tokenizer.json"": ""ff8cce547abc110590d19c6b5b6e0c6a7b4c8d1012d78b9c42131bae7f494a02"", ""tokenizer_config.json"": ""5afec58078ec072cdc9ad190a63c8657f9c47ec71068ff9c77423f1ea0422364""}",,7f29cebb9d06eca06ad0d6c690e4d5a083b71a9c42008f88e92474e3ff0eb98a,eb4075c77285da02c52794154760fa969fb21ab3dcceb0820cb7d2ba27d27471,http://images.cocodataset.org/train2017/000000541911.jpg,http://images.cocodataset.org/train2017/000000541911.jpg,,http://images.cocodataset.org/train2017/000000541911.jpg,facingcomp,tier_b_v0.1,"{""axis"": ""semantic"", ""complement_relation"": ""facing away from"", ""law"": ""flip_law"", ""note"": ""facing-antonym flip-law compliance diagnostic; Paper-1 treated facing <-> facing away from as an antonym complement pair; the Tier-B relcomp table soft-excludes it (oblique orientations) but this transform applies the Paper-1 antonym construct directly; NOT a universal strict logical complement (decision log 2026-08-11)"", ""original_relation"": ""facing"", ""transform"": ""facingcomp""}",,"{""do_sample"": false, ""max_new_tokens"": 5}",tier_b_r1_campaign_facing,9b994a2a052f86be9f9d15743c202c4e0c8e0c22,v0.1
vsr_test:0359,vsr_test:0359,test,facingcomp,semantic,The zebra is facing away from the car,The zebra is facing the car.,facing,orientation,zebra,car,False,True,flip_law,False,False, False.,Qwen/Qwen2-VL-7B-Instruct,,7B_hardneg_lora,/home/ubuntu/vlm-spatial-reasoning/checkpoints/qwen2vl_7b_hardneg_lora/final,"{""README.md"": ""ad67fbd14e29a7dae114b54d70c840eab4d917c7d4bbce31d8e923429325d12b"", ""adapter_config.json"": ""9c868e731d9e1e45f0f114c79b1eeca3c96b1d0d3a8f5f93d9ff5a73d690a9df"", ""adapter_model.safetensors"": ""aaad7a39d905ddffc323d02d3beb78717388f29dc19488b91eb5218f4814b697"", ""chat_template.jinja"": ""a0bc6f6fc7a29a80017a433e8f03a1cc1236e838a944a2d034295a60c4f2fddb"", ""processor_config.json"": ""edb8dd5001f02dd3a488fd63d664fcdc5514c4a93962bf1be534a0acf6e2c714"", ""tokenizer.json"": ""ff8cce547abc110590d19c6b5b6e0c6a7b4c8d1012d78b9c42131bae7f494a02"", ""tokenizer_config.json"": ""5afec58078ec072cdc9ad190a63c8657f9c47ec71068ff9c77423f1ea0422364""}",,7f29cebb9d06eca06ad0d6c690e4d5a083b71a9c42008f88e92474e3ff0eb98a,eb4075c77285da02c52794154760fa969fb21ab3dcceb0820cb7d2ba27d27471,http://images.cocodataset.org/train2017/000000473587.jpg,http://images.cocodataset.org/train2017/000000473587.jpg,,http://images.cocodataset.org/train2017/000000473587.jpg,facingcomp,tier_b_v0.1,"{""axis"": ""semantic"", ""complement_relation"": ""facing away from"", ""law"": ""flip_law"", ""note"": ""facing-antonym flip-law compliance diagnostic; Paper-1 treated facing <-> facing away from as an antonym complement pair; the Tier-B relcomp table soft-excludes it (oblique orientations) but this transform applies the Paper-1 antonym construct directly; NOT a universal strict logical complement (decision log 2026-08-11)"", ""original_relation"": ""facing"", ""transform"": ""facingcomp""}",,"{""do_sample"": false, ""max_new_tokens"": 5}",tier_b_r1_campaign_facing,9b994a2a052f86be9f9d15743c202c4e0c8e0c22,v0.1
vsr_test:0362,vsr_test:0362,test,facingcomp,semantic,The cat is facing away from the keyboard,The cat is facing the keyboard.,facing,orientation,cat,keyboard,False,True,flip_law,True,True, True,Qwen/Qwen2-VL-7B-Instruct,,7B_hardneg_lora,/home/ubuntu/vlm-spatial-reasoning/checkpoints/qwen2vl_7b_hardneg_lora/final,"{""README.md"": ""ad67fbd14e29a7dae114b54d70c840eab4d917c7d4bbce31d8e923429325d12b"", ""adapter_config.json"": ""9c868e731d9e1e45f0f114c79b1eeca3c96b1d0d3a8f5f93d9ff5a73d690a9df"", ""adapter_model.safetensors"": ""aaad7a39d905ddffc323d02d3beb78717388f29dc19488b91eb5218f4814b697"", ""chat_template.jinja"": ""a0bc6f6fc7a29a80017a433e8f03a1cc1236e838a944a2d034295a60c4f2fddb"", ""processor_config.json"": ""edb8dd5001f02dd3a488fd63d664fcdc5514c4a93962bf1be534a0acf6e2c714"", ""tokenizer.json"": ""ff8cce547abc110590d19c6b5b6e0c6a7b4c8d1012d78b9c42131bae7f494a02"", ""tokenizer_config.json"": ""5afec58078ec072cdc9ad190a63c8657f9c47ec71068ff9c77423f1ea0422364""}",,7f29cebb9d06eca06ad0d6c690e4d5a083b71a9c42008f88e92474e3ff0eb98a,eb4075c77285da02c52794154760fa969fb21ab3dcceb0820cb7d2ba27d27471,http://images.cocodataset.org/train2017/000000530730.jpg,http://images.cocodataset.org/train2017/000000530730.jpg,,http://images.cocodataset.org/train2017/000000530730.jpg,facingcomp,tier_b_v0.1,"{""axis"": ""semantic"", ""complement_relation"": ""facing away from"", ""law"": ""flip_law"", ""note"": ""facing-antonym flip-law compliance diagnostic; Paper-1 treated facing <-> facing away from as an antonym complement pair; the Tier-B relcomp table soft-excludes it (oblique orientations) but this transform applies the Paper-1 antonym construct directly; NOT a universal strict logical complement (decision log 2026-08-11)"", ""original_relation"": ""facing"", ""transform"": ""facingcomp""}",,"{""do_sample"": false, ""max_new_tokens"": 5}",tier_b_r1_campaign_facing,9b994a2a052f86be9f9d15743c202c4e0c8e0c22,v0.1
vsr_test:0364,vsr_test:0364,test,facingcomp,semantic,The cat is facing away from the tv,The cat is facing the tv.,facing,orientation,cat,tv,False,True,flip_law,True,True, True,Qwen/Qwen2-VL-7B-Instruct,,7B_hardneg_lora,/home/ubuntu/vlm-spatial-reasoning/checkpoints/qwen2vl_7b_hardneg_lora/final,"{""README.md"": ""ad67fbd14e29a7dae114b54d70c840eab4d917c7d4bbce31d8e923429325d12b"", ""adapter_config.json"": ""9c868e731d9e1e45f0f114c79b1eeca3c96b1d0d3a8f5f93d9ff5a73d690a9df"", ""adapter_model.safetensors"": ""aaad7a39d905ddffc323d02d3beb78717388f29dc19488b91eb5218f4814b697"", ""chat_template.jinja"": ""a0bc6f6fc7a29a80017a433e8f03a1cc1236e838a944a2d034295a60c4f2fddb"", ""processor_config.json"": ""edb8dd5001f02dd3a488fd63d664fcdc5514c4a93962bf1be534a0acf6e2c714"", ""tokenizer.json"": ""ff8cce547abc110590d19c6b5b6e0c6a7b4c8d1012d78b9c42131bae7f494a02"", ""tokenizer_config.json"": ""5afec58078ec072cdc9ad190a63c8657f9c47ec71068ff9c77423f1ea0422364""}",,7f29cebb9d06eca06ad0d6c690e4d5a083b71a9c42008f88e92474e3ff0eb98a,eb4075c77285da02c52794154760fa969fb21ab3dcceb0820cb7d2ba27d27471,http://images.cocodataset.org/val2017/000000476810.jpg,http://images.cocodataset.org/val2017/000000476810.jpg,,http://images.cocodataset.org/val2017/000000476810.jpg,facingcomp,tier_b_v0.1,"{""axis"": ""semantic"", ""complement_relation"": ""facing away from"", ""law"": ""flip_law"", ""note"": ""facing-antonym flip-law compliance diagnostic; Paper-1 treated facing <-> facing away from as an antonym complement pair; the Tier-B relcomp table soft-excludes it (oblique orientations) but this transform applies the Paper-1 antonym construct directly; NOT a universal strict logical complement (decision log 2026-08-11)"", ""original_relation"": ""facing"", ""transform"": ""facingcomp""}",,"{""do_sample"": false, ""max_new_tokens"": 5}",tier_b_r1_campaign_facing,9b994a2a052f86be9f9d15743c202c4e0c8e0c22,v0.1
vsr_test:0375,vsr_test:0375,test,facingcomp,semantic,The zebra is facing away from the person,The zebra is facing the person.,facing,orientation,zebra,person,True,False,flip_law,False,True, False.,Qwen/Qwen2-VL-7B-Instruct,,7B_hardneg_lora,/home/ubuntu/vlm-spatial-reasoning/checkpoints/qwen2vl_7b_hardneg_lora/final,"{""README.md"": ""ad67fbd14e29a7dae114b54d70c840eab4d917c7d4bbce31d8e923429325d12b"", ""adapter_config.json"": ""9c868e731d9e1e45f0f114c79b1eeca3c96b1d0d3a8f5f93d9ff5a73d690a9df"", ""adapter_model.safetensors"": ""aaad7a39d905ddffc323d02d3beb78717388f29dc19488b91eb5218f4814b697"", ""chat_template.jinja"": ""a0bc6f6fc7a29a80017a433e8f03a1cc1236e838a944a2d034295a60c4f2fddb"", ""processor_config.json"": ""edb8dd5001f02dd3a488fd63d664fcdc5514c4a93962bf1be534a0acf6e2c714"", ""tokenizer.json"": ""ff8cce547abc110590d19c6b5b6e0c6a7b4c8d1012d78b9c42131bae7f494a02"", ""tokenizer_config.json"": ""5afec58078ec072cdc9ad190a63c8657f9c47ec71068ff9c77423f1ea0422364""}",,7f29cebb9d06eca06ad0d6c690e4d5a083b71a9c42008f88e92474e3ff0eb98a,eb4075c77285da02c52794154760fa969fb21ab3dcceb0820cb7d2ba27d27471,http://images.cocodataset.org/train2017/000000263512.jpg,http://images.cocodataset.org/train2017/000000263512.jpg,,http://images.cocodataset.org/train2017/000000263512.jpg,facingcomp,tier_b_v0.1,"{""axis"": ""semantic"", ""complement_relation"": ""facing away from"", ""law"": ""flip_law"", ""note"": ""facing-antonym flip-law compliance diagnostic; Paper-1 treated facing <-> facing away from as an antonym complement pair; the Tier-B relcomp table soft-excludes it (oblique orientations) but this transform applies the Paper-1 antonym construct directly; NOT a universal strict logical complement (decision log 2026-08-11)"", ""original_relation"": ""facing"", ""transform"": ""facingcomp""}",,"{""do_sample"": false, ""max_new_tokens"": 5}",tier_b_r1_campaign_facing,9b994a2a052f86be9f9d15743c202c4e0c8e0c22,v0.1
vsr_test:0382,vsr_test:0382,test,facingcomp,semantic,The elephant is facing the bus,The elephant is facing away from the bus.,facing away from,orientation,elephant,bus,True,False,flip_law,False,True, False.,Qwen/Qwen2-VL-7B-Instruct,,7B_hardneg_lora,/home/ubuntu/vlm-spatial-reasoning/checkpoints/qwen2vl_7b_hardneg_lora/final,"{""README.md"": ""ad67fbd14e29a7dae114b54d70c840eab4d917c7d4bbce31d8e923429325d12b"", ""adapter_config.json"": ""9c868e731d9e1e45f0f114c79b1eeca3c96b1d0d3a8f5f93d9ff5a73d690a9df"", ""adapter_model.safetensors"": ""aaad7a39d905ddffc323d02d3beb78717388f29dc19488b91eb5218f4814b697"", ""chat_template.jinja"": ""a0bc6f6fc7a29a80017a433e8f03a1cc1236e838a944a2d034295a60c4f2fddb"", ""processor_config.json"": ""edb8dd5001f02dd3a488fd63d664fcdc5514c4a93962bf1be534a0acf6e2c714"", ""tokenizer.json"": ""ff8cce547abc110590d19c6b5b6e0c6a7b4c8d1012d78b9c42131bae7f494a02"", ""tokenizer_config.json"": ""5afec58078ec072cdc9ad190a63c8657f9c47ec71068ff9c77423f1ea0422364""}",,7f29cebb9d06eca06ad0d6c690e4d5a083b71a9c42008f88e92474e3ff0eb98a,eb4075c77285da02c52794154760fa969fb21ab3dcceb0820cb7d2ba27d27471,http://images.cocodataset.org/train2017/000000149551.jpg,http://images.cocodataset.org/train2017/000000149551.jpg,,http://images.cocodataset.org/train2017/000000149551.jpg,facingcomp,tier_b_v0.1,"{""axis"": ""semantic"", ""complement_relation"": ""facing"", ""law"": ""flip_law"", ""note"": ""facing-antonym flip-law compliance diagnostic; Paper-1 treated facing <-> facing away from as an antonym complement pair; the Tier-B relcomp table soft-excludes it (oblique orientations) but this transform applies the Paper-1 antonym construct directly; NOT a universal strict logical complement (decision log 2026-08-11)"", ""original_relation"": ""facing away from"", ""transform"": ""facingcomp""}",,"{""do_sample"": false, ""max_new_tokens"": 5}",tier_b_r1_campaign_facing,9b994a2a052f86be9f9d15743c202c4e0c8e0c22,v0.1
vsr_test:0385,vsr_test:0385,test,facingcomp,semantic,The person is facing away from the teddy bear,The person is facing the teddy bear.,facing,orientation,person,teddy bear,False,True,flip_law,True,True, True.,Qwen/Qwen2-VL-7B-Instruct,,7B_hardneg_lora,/home/ubuntu/vlm-spatial-reasoning/checkpoints/qwen2vl_7b_hardneg_lora/final,"{""README.md"": ""ad67fbd14e29a7dae114b54d70c840eab4d917c7d4bbce31d8e923429325d12b"", ""adapter_config.json"": ""9c868e731d9e1e45f0f114c79b1eeca3c96b1d0d3a8f5f93d9ff5a73d690a9df"", ""adapter_model.safetensors"": ""aaad7a39d905ddffc323d02d3beb78717388f29dc19488b91eb5218f4814b697"", ""chat_template.jinja"": ""a0bc6f6fc7a29a80017a433e8f03a1cc1236e838a944a2d034295a60c4f2fddb"", ""processor_config.json"": ""edb8dd5001f02dd3a488fd63d664fcdc5514c4a93962bf1be534a0acf6e2c714"", ""tokenizer.json"": ""ff8cce547abc110590d19c6b5b6e0c6a7b4c8d1012d78b9c42131bae7f494a02"", ""tokenizer_config.json"": ""5afec58078ec072cdc9ad190a63c8657f9c47ec71068ff9c77423f1ea0422364""}",,7f29cebb9d06eca06ad0d6c690e4d5a083b71a9c42008f88e92474e3ff0eb98a,eb4075c77285da02c52794154760fa969fb21ab3dcceb0820cb7d2ba27d27471,http://images.cocodataset.org/train2017/000000317797.jpg,http://images.cocodataset.org/train2017/000000317797.jpg,,http://images.cocodataset.org/train2017/000000317797.jpg,facingcomp,tier_b_v0.1,"{""axis"": ""semantic"", ""complement_relation"": ""facing away from"", ""law"": ""flip_law"", ""note"": ""facing-antonym flip-law compliance diagnostic; Paper-1 treated facing <-> facing away from as an antonym complement pair; the Tier-B relcomp table soft-excludes it (oblique orientations) but this transform applies the Paper-1 antonym construct directly; NOT a universal strict logical complement (decision log 2026-08-11)"", ""original_relation"": ""facing"", ""transform"": ""facingcomp""}",,"{""do_sample"": false, ""max_new_tokens"": 5}",tier_b_r1_campaign_facing,9b994a2a052f86be9f9d15743c202c4e0c8e0c22,v0.1
vsr_test:0410,vsr_test:0410,test,facingcomp,semantic,The teddy bear is facing away from the person,The teddy bear is facing the person.,facing,orientation,teddy bear,person,False,True,flip_law,True,True, True.,Qwen/Qwen2-VL-7B-Instruct,,7B_hardneg_lora,/home/ubuntu/vlm-spatial-reasoning/checkpoints/qwen2vl_7b_hardneg_lora/final,"{""README.md"": ""ad67fbd14e29a7dae114b54d70c840eab4d917c7d4bbce31d8e923429325d12b"", ""adapter_config.json"": ""9c868e731d9e1e45f0f114c79b1eeca3c96b1d0d3a8f5f93d9ff5a73d690a9df"", ""adapter_model.safetensors"": ""aaad7a39d905ddffc323d02d3beb78717388f29dc19488b91eb5218f4814b697"", ""chat_template.jinja"": ""a0bc6f6fc7a29a80017a433e8f03a1cc1236e838a944a2d034295a60c4f2fddb"", ""processor_config.json"": ""edb8dd5001f02dd3a488fd63d664fcdc5514c4a93962bf1be534a0acf6e2c714"", ""tokenizer.json"": ""ff8cce547abc110590d19c6b5b6e0c6a7b4c8d1012d78b9c42131bae7f494a02"", ""tokenizer_config.json"": ""5afec58078ec072cdc9ad190a63c8657f9c47ec71068ff9c77423f1ea0422364""}",,7f29cebb9d06eca06ad0d6c690e4d5a083b71a9c42008f88e92474e3ff0eb98a,eb4075c77285da02c52794154760fa969fb21ab3dcceb0820cb7d2ba27d27471,http://images.cocodataset.org/val2017/000000439773.jpg,http://images.cocodataset.org/val2017/000000439773.jpg,,http://images.cocodataset.org/val2017/000000439773.jpg,facingcomp,tier_b_v0.1,"{""axis"": ""semantic"", ""complement_relation"": ""facing away from"", ""law"": ""flip_law"", ""note"": ""facing-antonym flip-law compliance diagnostic; Paper-1 treated facing <-> facing away from as an antonym complement pair; the Tier-B relcomp table soft-excludes it (oblique orientations) but this transform applies the Paper-1 antonym construct directly; NOT a universal strict logical complement (decision log 2026-08-11)"", ""original_relation"": ""facing"", ""transform"": ""facingcomp""}",,"{""do_sample"": false, ""max_new_tokens"": 5}",tier_b_r1_campaign_facing,9b994a2a052f86be9f9d15743c202c4e0c8e0c22,v0.1
vsr_test:0424,vsr_test:0424,test,facingcomp,semantic,The bed is facing away from the tv,The bed is facing the tv.,facing,orientation,bed,tv,False,True,flip_law,True,True, True.,Qwen/Qwen2-VL-7B-Instruct,,7B_hardneg_lora,/home/ubuntu/vlm-spatial-reasoning/checkpoints/qwen2vl_7b_hardneg_lora/final,"{""README.md"": ""ad67fbd14e29a7dae114b54d70c840eab4d917c7d4bbce31d8e923429325d12b"", ""adapter_config.json"": ""9c868e731d9e1e45f0f114c79b1eeca3c96b1d0d3a8f5f93d9ff5a73d690a9df"", ""adapter_model.safetensors"": ""aaad7a39d905ddffc323d02d3beb78717388f29dc19488b91eb5218f4814b697"", ""chat_template.jinja"": ""a0bc6f6fc7a29a80017a433e8f03a1cc1236e838a944a2d034295a60c4f2fddb"", ""processor_config.json"": ""edb8dd5001f02dd3a488fd63d664fcdc5514c4a93962bf1be534a0acf6e2c714"", ""tokenizer.json"": ""ff8cce547abc110590d19c6b5b6e0c6a7b4c8d1012d78b9c42131bae7f494a02"", ""tokenizer_config.json"": ""5afec58078ec072cdc9ad190a63c8657f9c47ec71068ff9c77423f1ea0422364""}",,7f29cebb9d06eca06ad0d6c690e4d5a083b71a9c42008f88e92474e3ff0eb98a,eb4075c77285da02c52794154760fa969fb21ab3dcceb0820cb7d2ba27d27471,http://images.cocodataset.org/train2017/000000146850.jpg,http://images.cocodataset.org/train2017/000000146850.jpg,,http://images.cocodataset.org/train2017/000000146850.jpg,facingcomp,tier_b_v0.1,"{""axis"": ""semantic"", ""complement_relation"": ""facing away from"", ""law"": ""flip_law"", ""note"": ""facing-antonym flip-law compliance diagnostic; Paper-1 treated facing <-> facing away from as an antonym complement pair; the Tier-B relcomp table soft-excludes it (oblique orientations) but this transform applies the Paper-1 antonym construct directly; NOT a universal strict logical complement (decision log 2026-08-11)"", ""original_relation"": ""facing"", ""transform"": ""facingcomp""}",,"{""do_sample"": false, ""max_new_tokens"": 5}",tier_b_r1_campaign_facing,9b994a2a052f86be9f9d15743c202c4e0c8e0c22,v0.1
vsr_test:0439,vsr_test:0439,test,facingcomp,semantic,The bench is facing the car,The bench is facing away from the car.,facing away from,orientation,bench,car,False,True,flip_law,False,False, False.,Qwen/Qwen2-VL-7B-Instruct,,7B_hardneg_lora,/home/ubuntu/vlm-spatial-reasoning/checkpoints/qwen2vl_7b_hardneg_lora/final,"{""README.md"": ""ad67fbd14e29a7dae114b54d70c840eab4d917c7d4bbce31d8e923429325d12b"", ""adapter_config.json"": ""9c868e731d9e1e45f0f114c79b1eeca3c96b1d0d3a8f5f93d9ff5a73d690a9df"", ""adapter_model.safetensors"": ""aaad7a39d905ddffc323d02d3beb78717388f29dc19488b91eb5218f4814b697"", ""chat_template.jinja"": ""a0bc6f6fc7a29a80017a433e8f03a1cc1236e838a944a2d034295a60c4f2fddb"", ""processor_config.json"": ""edb8dd5001f02dd3a488fd63d664fcdc5514c4a93962bf1be534a0acf6e2c714"", ""tokenizer.json"": ""ff8cce547abc110590d19c6b5b6e0c6a7b4c8d1012d78b9c42131bae7f494a02"", ""tokenizer_config.json"": ""5afec58078ec072cdc9ad190a63c8657f9c47ec71068ff9c77423f1ea0422364""}",,7f29cebb9d06eca06ad0d6c690e4d5a083b71a9c42008f88e92474e3ff0eb98a,eb4075c77285da02c52794154760fa969fb21ab3dcceb0820cb7d2ba27d27471,http://images.cocodataset.org/train2017/000000506483.jpg,http://images.cocodataset.org/train2017/000000506483.jpg,,http://images.cocodataset.org/train2017/000000506483.jpg,facingcomp,tier_b_v0.1,"{""axis"": ""semantic"", ""complement_relation"": ""facing"", ""law"": ""flip_law"", ""note"": ""facing-antonym flip-law compliance diagnostic; Paper-1 treated facing <-> facing away from as an antonym complement pair; the Tier-B relcomp table soft-excludes it (oblique orientations) but this transform applies the Paper-1 antonym construct directly; NOT a universal strict logical complement (decision log 2026-08-11)"", ""original_relation"": ""facing away from"", ""transform"": ""facingcomp""}",,"{""do_sample"": false, ""max_new_tokens"": 5}",tier_b_r1_campaign_facing,9b994a2a052f86be9f9d15743c202c4e0c8e0c22,v0.1
vsr_test:0513,vsr_test:0513,test,facingcomp,semantic,The cat is facing away from the laptop,The cat is facing the laptop.,facing,orientation,cat,laptop,True,False,flip_law,False,True, False,Qwen/Qwen2-VL-7B-Instruct,,7B_hardneg_lora,/home/ubuntu/vlm-spatial-reasoning/checkpoints/qwen2vl_7b_hardneg_lora/final,"{""README.md"": ""ad67fbd14e29a7dae114b54d70c840eab4d917c7d4bbce31d8e923429325d12b"", ""adapter_config.json"": ""9c868e731d9e1e45f0f114c79b1eeca3c96b1d0d3a8f5f93d9ff5a73d690a9df"", ""adapter_model.safetensors"": ""aaad7a39d905ddffc323d02d3beb78717388f29dc19488b91eb5218f4814b697"", ""chat_template.jinja"": ""a0bc6f6fc7a29a80017a433e8f03a1cc1236e838a944a2d034295a60c4f2fddb"", ""processor_config.json"": ""edb8dd5001f02dd3a488fd63d664fcdc5514c4a93962bf1be534a0acf6e2c714"", ""tokenizer.json"": ""ff8cce547abc110590d19c6b5b6e0c6a7b4c8d1012d78b9c42131bae7f494a02"", ""tokenizer_config.json"": ""5afec58078ec072cdc9ad190a63c8657f9c47ec71068ff9c77423f1ea0422364""}",,7f29cebb9d06eca06ad0d6c690e4d5a083b71a9c42008f88e92474e3ff0eb98a,eb4075c77285da02c52794154760fa969fb21ab3dcceb0820cb7d2ba27d27471,http://images.cocodataset.org/train2017/000000573877.jpg,http://images.cocodataset.org/train2017/000000573877.jpg,,http://images.cocodataset.org/train2017/000000573877.jpg,facingcomp,tier_b_v0.1,"{""axis"": ""semantic"", ""complement_relation"": ""facing away from"", ""law"": ""flip_law"", ""note"": ""facing-antonym flip-law compliance diagnostic; Paper-1 treated facing <-> facing away from as an antonym complement pair; the Tier-B relcomp table soft-excludes it (oblique orientations) but this transform applies the Paper-1 antonym construct directly; NOT a universal strict logical complement (decision log 2026-08-11)"", ""original_relation"": ""facing"", ""transform"": ""facingcomp""}",,"{""do_sample"": false, ""max_new_tokens"": 5}",tier_b_r1_campaign_facing,9b994a2a052f86be9f9d15743c202c4e0c8e0c22,v0.1
vsr_test:0523,vsr_test:0523,test,facingcomp,semantic,The teddy bear is facing away from the book,The teddy bear is facing the book.,facing,orientation,teddy bear,book,False,True,flip_law,True,True, True.,Qwen/Qwen2-VL-7B-Instruct,,7B_hardneg_lora,/home/ubuntu/vlm-spatial-reasoning/checkpoints/qwen2vl_7b_hardneg_lora/final,"{""README.md"": ""ad67fbd14e29a7dae114b54d70c840eab4d917c7d4bbce31d8e923429325d12b"", ""adapter_config.json"": ""9c868e731d9e1e45f0f114c79b1eeca3c96b1d0d3a8f5f93d9ff5a73d690a9df"", ""adapter_model.safetensors"": ""aaad7a39d905ddffc323d02d3beb78717388f29dc19488b91eb5218f4814b697"", ""chat_template.jinja"": ""a0bc6f6fc7a29a80017a433e8f03a1cc1236e838a944a2d034295a60c4f2fddb"", ""processor_config.json"": ""edb8dd5001f02dd3a488fd63d664fcdc5514c4a93962bf1be534a0acf6e2c714"", ""tokenizer.json"": ""ff8cce547abc110590d19c6b5b6e0c6a7b4c8d1012d78b9c42131bae7f494a02"", ""tokenizer_config.json"": ""5afec58078ec072cdc9ad190a63c8657f9c47ec71068ff9c77423f1ea0422364""}",,7f29cebb9d06eca06ad0d6c690e4d5a083b71a9c42008f88e92474e3ff0eb98a,eb4075c77285da02c52794154760fa969fb21ab3dcceb0820cb7d2ba27d27471,http://images.cocodataset.org/train2017/000000361778.jpg,http://images.cocodataset.org/train2017/000000361778.jpg,,http://images.cocodataset.org/train2017/000000361778.jpg,facingcomp,tier_b_v0.1,"{""axis"": ""semantic"", ""complement_relation"": ""facing away from"", ""law"": ""flip_law"", ""note"": ""facing-antonym flip-law compliance diagnostic; Paper-1 treated facing <-> facing away from as an antonym complement pair; the Tier-B relcomp table soft-excludes it (oblique orientations) but this transform applies the Paper-1 antonym construct directly; NOT a universal strict logical complement (decision log 2026-08-11)"", ""original_relation"": ""facing"", ""transform"": ""facingcomp""}",,"{""do_sample"": false, ""max_new_tokens"": 5}",tier_b_r1_campaign_facing,9b994a2a052f86be9f9d15743c202c4e0c8e0c22,v0.1
vsr_test:0558,vsr_test:0558,test,facingcomp,semantic,The bird is facing the cat,The bird is facing away from the cat.,facing away from,orientation,bird,cat,True,False,flip_law,True,False, True.,Qwen/Qwen2-VL-7B-Instruct,,7B_hardneg_lora,/home/ubuntu/vlm-spatial-reasoning/checkpoints/qwen2vl_7b_hardneg_lora/final,"{""README.md"": ""ad67fbd14e29a7dae114b54d70c840eab4d917c7d4bbce31d8e923429325d12b"", ""adapter_config.json"": ""9c868e731d9e1e45f0f114c79b1eeca3c96b1d0d3a8f5f93d9ff5a73d690a9df"", ""adapter_model.safetensors"": ""aaad7a39d905ddffc323d02d3beb78717388f29dc19488b91eb5218f4814b697"", ""chat_template.jinja"": ""a0bc6f6fc7a29a80017a433e8f03a1cc1236e838a944a2d034295a60c4f2fddb"", ""processor_config.json"": ""edb8dd5001f02dd3a488fd63d664fcdc5514c4a93962bf1be534a0acf6e2c714"", ""tokenizer.json"": ""ff8cce547abc110590d19c6b5b6e0c6a7b4c8d1012d78b9c42131bae7f494a02"", ""tokenizer_config.json"": ""5afec58078ec072cdc9ad190a63c8657f9c47ec71068ff9c77423f1ea0422364""}",,7f29cebb9d06eca06ad0d6c690e4d5a083b71a9c42008f88e92474e3ff0eb98a,eb4075c77285da02c52794154760fa969fb21ab3dcceb0820cb7d2ba27d27471,http://images.cocodataset.org/train2017/000000072556.jpg,http://images.cocodataset.org/train2017/000000072556.jpg,,http://images.cocodataset.org/train2017/000000072556.jpg,facingcomp,tier_b_v0.1,"{""axis"": ""semantic"", ""complement_relation"": ""facing"", ""law"": ""flip_law"", ""note"": ""facing-antonym flip-law compliance diagnostic; Paper-1 treated facing <-> facing away from as an antonym complement pair; the Tier-B relcomp table soft-excludes it (oblique orientations) but this transform applies the Paper-1 antonym construct directly; NOT a universal strict logical complement (decision log 2026-08-11)"", ""original_relation"": ""facing away from"", ""transform"": ""facingcomp""}",,"{""do_sample"": false, ""max_new_tokens"": 5}",tier_b_r1_campaign_facing,9b994a2a052f86be9f9d15743c202c4e0c8e0c22,v0.1
vsr_test:0564,vsr_test:0564,test,facingcomp,semantic,The sheep is facing the person,The sheep is facing away from the person.,facing away from,orientation,sheep,person,False,True,flip_law,False,False, False.,Qwen/Qwen2-VL-7B-Instruct,,7B_hardneg_lora,/home/ubuntu/vlm-spatial-reasoning/checkpoints/qwen2vl_7b_hardneg_lora/final,"{""README.md"": ""ad67fbd14e29a7dae114b54d70c840eab4d917c7d4bbce31d8e923429325d12b"", ""adapter_config.json"": ""9c868e731d9e1e45f0f114c79b1eeca3c96b1d0d3a8f5f93d9ff5a73d690a9df"", ""adapter_model.safetensors"": ""aaad7a39d905ddffc323d02d3beb78717388f29dc19488b91eb5218f4814b697"", ""chat_template.jinja"": ""a0bc6f6fc7a29a80017a433e8f03a1cc1236e838a944a2d034295a60c4f2fddb"", ""processor_config.json"": ""edb8dd5001f02dd3a488fd63d664fcdc5514c4a93962bf1be534a0acf6e2c714"", ""tokenizer.json"": ""ff8cce547abc110590d19c6b5b6e0c6a7b4c8d1012d78b9c42131bae7f494a02"", ""tokenizer_config.json"": ""5afec58078ec072cdc9ad190a63c8657f9c47ec71068ff9c77423f1ea0422364""}",,7f29cebb9d06eca06ad0d6c690e4d5a083b71a9c42008f88e92474e3ff0eb98a,eb4075c77285da02c52794154760fa969fb21ab3dcceb0820cb7d2ba27d27471,http://images.cocodataset.org/train2017/000000091656.jpg,http://images.cocodataset.org/train2017/000000091656.jpg,,http://images.cocodataset.org/train2017/000000091656.jpg,facingcomp,tier_b_v0.1,"{""axis"": ""semantic"", ""complement_relation"": ""facing"", ""law"": ""flip_law"", ""note"": ""facing-antonym flip-law compliance diagnostic; Paper-1 treated facing <-> facing away from as an antonym complement pair; the Tier-B relcomp table soft-excludes it (oblique orientations) but this transform applies the Paper-1 antonym construct directly; NOT a universal strict logical complement (decision log 2026-08-11)"", ""original_relation"": ""facing away from"", ""transform"": ""facingcomp""}",,"{""do_sample"": false, ""max_new_tokens"": 5}",tier_b_r1_campaign_facing,9b994a2a052f86be9f9d15743c202c4e0c8e0c22,v0.1
vsr_test:0582,vsr_test:0582,test,facingcomp,semantic,The banana is facing away from the cat,The banana is facing the cat.,facing,orientation,banana,cat,False,True,flip_law,True,True, True.,Qwen/Qwen2-VL-7B-Instruct,,7B_hardneg_lora,/home/ubuntu/vlm-spatial-reasoning/checkpoints/qwen2vl_7b_hardneg_lora/final,"{""README.md"": ""ad67fbd14e29a7dae114b54d70c840eab4d917c7d4bbce31d8e923429325d12b"", ""adapter_config.json"": ""9c868e731d9e1e45f0f114c79b1eeca3c96b1d0d3a8f5f93d9ff5a73d690a9df"", ""adapter_model.safetensors"": ""aaad7a39d905ddffc323d02d3beb78717388f29dc19488b91eb5218f4814b697"", ""chat_template.jinja"": ""a0bc6f6fc7a29a80017a433e8f03a1cc1236e838a944a2d034295a60c4f2fddb"", ""processor_config.json"": ""edb8dd5001f02dd3a488fd63d664fcdc5514c4a93962bf1be534a0acf6e2c714"", ""tokenizer.json"": ""ff8cce547abc110590d19c6b5b6e0c6a7b4c8d1012d78b9c42131bae7f494a02"", ""tokenizer_config.json"": ""5afec58078ec072cdc9ad190a63c8657f9c47ec71068ff9c77423f1ea0422364""}",,7f29cebb9d06eca06ad0d6c690e4d5a083b71a9c42008f88e92474e3ff0eb98a,eb4075c77285da02c52794154760fa969fb21ab3dcceb0820cb7d2ba27d27471,http://images.cocodataset.org/train2017/000000481313.jpg,http://images.cocodataset.org/train2017/000000481313.jpg,,http://images.cocodataset.org/train2017/000000481313.jpg,facingcomp,tier_b_v0.1,"{""axis"": ""semantic"", ""complement_relation"": ""facing away from"", ""law"": ""flip_law"", ""note"": ""facing-antonym flip-law compliance diagnostic; Paper-1 treated facing <-> facing away from as an antonym complement pair; the Tier-B relcomp table soft-excludes it (oblique orientations) but this transform applies the Paper-1 antonym construct directly; NOT a universal strict logical complement (decision log 2026-08-11)"", ""original_relation"": ""facing"", ""transform"": ""facingcomp""}",,"{""do_sample"": false, ""max_new_tokens"": 5}",tier_b_r1_campaign_facing,9b994a2a052f86be9f9d15743c202c4e0c8e0c22,v0.1
vsr_test:0594,vsr_test:0594,test,facingcomp,semantic,The book is facing away from the cat,The book is facing the cat.,facing,orientation,book,cat,True,False,flip_law,False,True, False.,Qwen/Qwen2-VL-7B-Instruct,,7B_hardneg_lora,/home/ubuntu/vlm-spatial-reasoning/checkpoints/qwen2vl_7b_hardneg_lora/final,"{""README.md"": ""ad67fbd14e29a7dae114b54d70c840eab4d917c7d4bbce31d8e923429325d12b"", ""adapter_config.json"": ""9c868e731d9e1e45f0f114c79b1eeca3c96b1d0d3a8f5f93d9ff5a73d690a9df"", ""adapter_model.safetensors"": ""aaad7a39d905ddffc323d02d3beb78717388f29dc19488b91eb5218f4814b697"", ""chat_template.jinja"": ""a0bc6f6fc7a29a80017a433e8f03a1cc1236e838a944a2d034295a60c4f2fddb"", ""processor_config.json"": ""edb8dd5001f02dd3a488fd63d664fcdc5514c4a93962bf1be534a0acf6e2c714"", ""tokenizer.json"": ""ff8cce547abc110590d19c6b5b6e0c6a7b4c8d1012d78b9c42131bae7f494a02"", ""tokenizer_config.json"": ""5afec58078ec072cdc9ad190a63c8657f9c47ec71068ff9c77423f1ea0422364""}",,7f29cebb9d06eca06ad0d6c690e4d5a083b71a9c42008f88e92474e3ff0eb98a,eb4075c77285da02c52794154760fa969fb21ab3dcceb0820cb7d2ba27d27471,http://images.cocodataset.org/train2017/000000499656.jpg,http://images.cocodataset.org/train2017/000000499656.jpg,,http://images.cocodataset.org/train2017/000000499656.jpg,facingcomp,tier_b_v0.1,"{""axis"": ""semantic"", ""complement_relation"": ""facing away from"", ""law"": ""flip_law"", ""note"": ""facing-antonym flip-law compliance diagnostic; Paper-1 treated facing <-> facing away from as an antonym complement pair; the Tier-B relcomp table soft-excludes it (oblique orientations) but this transform applies the Paper-1 antonym construct directly; NOT a universal strict logical complement (decision log 2026-08-11)"", ""original_relation"": ""facing"", ""transform"": ""facingcomp""}",,"{""do_sample"": false, ""max_new_tokens"": 5}",tier_b_r1_campaign_facing,9b994a2a052f86be9f9d15743c202c4e0c8e0c22,v0.1
vsr_test:0657,vsr_test:0657,test,facingcomp,semantic,The teddy bear is facing away from the cow,The teddy bear is facing the cow.,facing,orientation,teddy bear,cow,False,True,flip_law,True,True, True.,Qwen/Qwen2-VL-7B-Instruct,,7B_hardneg_lora,/home/ubuntu/vlm-spatial-reasoning/checkpoints/qwen2vl_7b_hardneg_lora/final,"{""README.md"": ""ad67fbd14e29a7dae114b54d70c840eab4d917c7d4bbce31d8e923429325d12b"", ""adapter_config.json"": ""9c868e731d9e1e45f0f114c79b1eeca3c96b1d0d3a8f5f93d9ff5a73d690a9df"", ""adapter_model.safetensors"": ""aaad7a39d905ddffc323d02d3beb78717388f29dc19488b91eb5218f4814b697"", ""chat_template.jinja"": ""a0bc6f6fc7a29a80017a433e8f03a1cc1236e838a944a2d034295a60c4f2fddb"", ""processor_config.json"": ""edb8dd5001f02dd3a488fd63d664fcdc5514c4a93962bf1be534a0acf6e2c714"", ""tokenizer.json"": ""ff8cce547abc110590d19c6b5b6e0c6a7b4c8d1012d78b9c42131bae7f494a02"", ""tokenizer_config.json"": ""5afec58078ec072cdc9ad190a63c8657f9c47ec71068ff9c77423f1ea0422364""}",,7f29cebb9d06eca06ad0d6c690e4d5a083b71a9c42008f88e92474e3ff0eb98a,eb4075c77285da02c52794154760fa969fb21ab3dcceb0820cb7d2ba27d27471,http://images.cocodataset.org/train2017/000000285618.jpg,http://images.cocodataset.org/train2017/000000285618.jpg,,http://images.cocodataset.org/train2017/000000285618.jpg,facingcomp,tier_b_v0.1,"{""axis"": ""semantic"", ""complement_relation"": ""facing away from"", ""law"": ""flip_law"", ""note"": ""facing-antonym flip-law compliance diagnostic; Paper-1 treated facing <-> facing away from as an antonym complement pair; the Tier-B relcomp table soft-excludes it (oblique orientations) but this transform applies the Paper-1 antonym construct directly; NOT a universal strict logical complement (decision log 2026-08-11)"", ""original_relation"": ""facing"", ""transform"": ""facingcomp""}",,"{""do_sample"": false, ""max_new_tokens"": 5}",tier_b_r1_campaign_facing,9b994a2a052f86be9f9d15743c202c4e0c8e0c22,v0.1
vsr_test:0738,vsr_test:0738,test,facingcomp,semantic,The laptop is facing away from the cat,The laptop is facing the cat.,facing,orientation,laptop,cat,False,True,flip_law,False,False, False.,Qwen/Qwen2-VL-7B-Instruct,,7B_hardneg_lora,/home/ubuntu/vlm-spatial-reasoning/checkpoints/qwen2vl_7b_hardneg_lora/final,"{""README.md"": ""ad67fbd14e29a7dae114b54d70c840eab4d917c7d4bbce31d8e923429325d12b"", ""adapter_config.json"": ""9c868e731d9e1e45f0f114c79b1eeca3c96b1d0d3a8f5f93d9ff5a73d690a9df"", ""adapter_model.safetensors"": ""aaad7a39d905ddffc323d02d3beb78717388f29dc19488b91eb5218f4814b697"", ""chat_template.jinja"": ""a0bc6f6fc7a29a80017a433e8f03a1cc1236e838a944a2d034295a60c4f2fddb"", ""processor_config.json"": ""edb8dd5001f02dd3a488fd63d664fcdc5514c4a93962bf1be534a0acf6e2c714"", ""tokenizer.json"": ""ff8cce547abc110590d19c6b5b6e0c6a7b4c8d1012d78b9c42131bae7f494a02"", ""tokenizer_config.json"": ""5afec58078ec072cdc9ad190a63c8657f9c47ec71068ff9c77423f1ea0422364""}",,7f29cebb9d06eca06ad0d6c690e4d5a083b71a9c42008f88e92474e3ff0eb98a,eb4075c77285da02c52794154760fa969fb21ab3dcceb0820cb7d2ba27d27471,http://images.cocodataset.org/train2017/000000501126.jpg,http://images.cocodataset.org/train2017/000000501126.jpg,,http://images.cocodataset.org/train2017/000000501126.jpg,facingcomp,tier_b_v0.1,"{""axis"": ""semantic"", ""complement_relation"": ""facing away from"", ""law"": ""flip_law"", ""note"": ""facing-antonym flip-law compliance diagnostic; Paper-1 treated facing <-> facing away from as an antonym complement pair; the Tier-B relcomp table soft-excludes it (oblique orientations) but this transform applies the Paper-1 antonym construct directly; NOT a universal strict logical complement (decision log 2026-08-11)"", ""original_relation"": ""facing"", ""transform"": ""facingcomp""}",,"{""do_sample"": false, ""max_new_tokens"": 5}",tier_b_r1_campaign_facing,9b994a2a052f86be9f9d15743c202c4e0c8e0c22,v0.1
vsr_test:0739,vsr_test:0739,test,facingcomp,semantic,The cat is facing away from the refrigerator,The cat is facing the refrigerator.,facing,orientation,cat,refrigerator,True,False,flip_law,False,True, False.,Qwen/Qwen2-VL-7B-Instruct,,7B_hardneg_lora,/home/ubuntu/vlm-spatial-reasoning/checkpoints/qwen2vl_7b_hardneg_lora/final,"{""README.md"": ""ad67fbd14e29a7dae114b54d70c840eab4d917c7d4bbce31d8e923429325d12b"", ""adapter_config.json"": ""9c868e731d9e1e45f0f114c79b1eeca3c96b1d0d3a8f5f93d9ff5a73d690a9df"", ""adapter_model.safetensors"": ""aaad7a39d905ddffc323d02d3beb78717388f29dc19488b91eb5218f4814b697"", ""chat_template.jinja"": ""a0bc6f6fc7a29a80017a433e8f03a1cc1236e838a944a2d034295a60c4f2fddb"", ""processor_config.json"": ""edb8dd5001f02dd3a488fd63d664fcdc5514c4a93962bf1be534a0acf6e2c714"", ""tokenizer.json"": ""ff8cce547abc110590d19c6b5b6e0c6a7b4c8d1012d78b9c42131bae7f494a02"", ""tokenizer_config.json"": ""5afec58078ec072cdc9ad190a63c8657f9c47ec71068ff9c77423f1ea0422364""}",,7f29cebb9d06eca06ad0d6c690e4d5a083b71a9c42008f88e92474e3ff0eb98a,eb4075c77285da02c52794154760fa969fb21ab3dcceb0820cb7d2ba27d27471,http://images.cocodataset.org/train2017/000000477647.jpg,http://images.cocodataset.org/train2017/000000477647.jpg,,http://images.cocodataset.org/train2017/000000477647.jpg,facingcomp,tier_b_v0.1,"{""axis"": ""semantic"", ""complement_relation"": ""facing away from"", ""law"": ""flip_law"", ""note"": ""facing-antonym flip-law compliance diagnostic; Paper-1 treated facing <-> facing away from as an antonym complement pair; the Tier-B relcomp table soft-excludes it (oblique orientations) but this transform applies the Paper-1 antonym construct directly; NOT a universal strict logical complement (decision log 2026-08-11)"", ""original_relation"": ""facing"", ""transform"": ""facingcomp""}",,"{""do_sample"": false, ""max_new_tokens"": 5}",tier_b_r1_campaign_facing,9b994a2a052f86be9f9d15743c202c4e0c8e0c22,v0.1
vsr_test:0756,vsr_test:0756,test,facingcomp,semantic,The person is facing away from the car,The person is facing the car.,facing,orientation,person,car,True,False,flip_law,False,True, False.,Qwen/Qwen2-VL-7B-Instruct,,7B_hardneg_lora,/home/ubuntu/vlm-spatial-reasoning/checkpoints/qwen2vl_7b_hardneg_lora/final,"{""README.md"": ""ad67fbd14e29a7dae114b54d70c840eab4d917c7d4bbce31d8e923429325d12b"", ""adapter_config.json"": ""9c868e731d9e1e45f0f114c79b1eeca3c96b1d0d3a8f5f93d9ff5a73d690a9df"", ""adapter_model.safetensors"": ""aaad7a39d905ddffc323d02d3beb78717388f29dc19488b91eb5218f4814b697"", ""chat_template.jinja"": ""a0bc6f6fc7a29a80017a433e8f03a1cc1236e838a944a2d034295a60c4f2fddb"", ""processor_config.json"": ""edb8dd5001f02dd3a488fd63d664fcdc5514c4a93962bf1be534a0acf6e2c714"", ""tokenizer.json"": ""ff8cce547abc110590d19c6b5b6e0c6a7b4c8d1012d78b9c42131bae7f494a02"", ""tokenizer_config.json"": ""5afec58078ec072cdc9ad190a63c8657f9c47ec71068ff9c77423f1ea0422364""}",,7f29cebb9d06eca06ad0d6c690e4d5a083b71a9c42008f88e92474e3ff0eb98a,eb4075c77285da02c52794154760fa969fb21ab3dcceb0820cb7d2ba27d27471,http://images.cocodataset.org/train2017/000000132841.jpg,http://images.cocodataset.org/train2017/000000132841.jpg,,http://images.cocodataset.org/train2017/000000132841.jpg,facingcomp,tier_b_v0.1,"{""axis"": ""semantic"", ""complement_relation"": ""facing away from"", ""law"": ""flip_law"", ""note"": ""facing-antonym flip-law compliance diagnostic; Paper-1 treated facing <-> facing away from as an antonym complement pair; the Tier-B relcomp table soft-excludes it (oblique orientations) but this transform applies the Paper-1 antonym construct directly; NOT a universal strict logical complement (decision log 2026-08-11)"", ""original_relation"": ""facing"", ""transform"": ""facingcomp""}",,"{""do_sample"": false, ""max_new_tokens"": 5}",tier_b_r1_campaign_facing,9b994a2a052f86be9f9d15743c202c4e0c8e0c22,v0.1
vsr_test:0757,vsr_test:0757,test,facingcomp,semantic,The person is facing the laptop,The person is facing away from the laptop.,facing away from,orientation,person,laptop,False,True,flip_law,True,True, True,Qwen/Qwen2-VL-7B-Instruct,,7B_hardneg_lora,/home/ubuntu/vlm-spatial-reasoning/checkpoints/qwen2vl_7b_hardneg_lora/final,"{""README.md"": ""ad67fbd14e29a7dae114b54d70c840eab4d917c7d4bbce31d8e923429325d12b"", ""adapter_config.json"": ""9c868e731d9e1e45f0f114c79b1eeca3c96b1d0d3a8f5f93d9ff5a73d690a9df"", ""adapter_model.safetensors"": ""aaad7a39d905ddffc323d02d3beb78717388f29dc19488b91eb5218f4814b697"", ""chat_template.jinja"": ""a0bc6f6fc7a29a80017a433e8f03a1cc1236e838a944a2d034295a60c4f2fddb"", ""processor_config.json"": ""edb8dd5001f02dd3a488fd63d664fcdc5514c4a93962bf1be534a0acf6e2c714"", ""tokenizer.json"": ""ff8cce547abc110590d19c6b5b6e0c6a7b4c8d1012d78b9c42131bae7f494a02"", ""tokenizer_config.json"": ""5afec58078ec072cdc9ad190a63c8657f9c47ec71068ff9c77423f1ea0422364""}",,7f29cebb9d06eca06ad0d6c690e4d5a083b71a9c42008f88e92474e3ff0eb98a,eb4075c77285da02c52794154760fa969fb21ab3dcceb0820cb7d2ba27d27471,http://images.cocodataset.org/train2017/000000021365.jpg,http://images.cocodataset.org/train2017/000000021365.jpg,,http://images.cocodataset.org/train2017/000000021365.jpg,facingcomp,tier_b_v0.1,"{""axis"": ""semantic"", ""complement_relation"": ""facing"", ""law"": ""flip_law"", ""note"": ""facing-antonym flip-law compliance diagnostic; Paper-1 treated facing <-> facing away from as an antonym complement pair; the Tier-B relcomp table soft-excludes it (oblique orientations) but this transform applies the Paper-1 antonym construct directly; NOT a universal strict logical complement (decision log 2026-08-11)"", ""original_relation"": ""facing away from"", ""transform"": ""facingcomp""}",,"{""do_sample"": false, ""max_new_tokens"": 5}",tier_b_r1_campaign_facing,9b994a2a052f86be9f9d15743c202c4e0c8e0c22,v0.1
vsr_test:0805,vsr_test:0805,test,facingcomp,semantic,The person is facing away from the frisbee,The person is facing the frisbee.,facing,orientation,person,frisbee,False,True,flip_law,False,False, False.,Qwen/Qwen2-VL-7B-Instruct,,7B_hardneg_lora,/home/ubuntu/vlm-spatial-reasoning/checkpoints/qwen2vl_7b_hardneg_lora/final,"{""README.md"": ""ad67fbd14e29a7dae114b54d70c840eab4d917c7d4bbce31d8e923429325d12b"", ""adapter_config.json"": ""9c868e731d9e1e45f0f114c79b1eeca3c96b1d0d3a8f5f93d9ff5a73d690a9df"", ""adapter_model.safetensors"": ""aaad7a39d905ddffc323d02d3beb78717388f29dc19488b91eb5218f4814b697"", ""chat_template.jinja"": ""a0bc6f6fc7a29a80017a433e8f03a1cc1236e838a944a2d034295a60c4f2fddb"", ""processor_config.json"": ""edb8dd5001f02dd3a488fd63d664fcdc5514c4a93962bf1be534a0acf6e2c714"", ""tokenizer.json"": ""ff8cce547abc110590d19c6b5b6e0c6a7b4c8d1012d78b9c42131bae7f494a02"", ""tokenizer_config.json"": ""5afec58078ec072cdc9ad190a63c8657f9c47ec71068ff9c77423f1ea0422364""}",,7f29cebb9d06eca06ad0d6c690e4d5a083b71a9c42008f88e92474e3ff0eb98a,eb4075c77285da02c52794154760fa969fb21ab3dcceb0820cb7d2ba27d27471,http://images.cocodataset.org/train2017/000000468612.jpg,http://images.cocodataset.org/train2017/000000468612.jpg,,http://images.cocodataset.org/train2017/000000468612.jpg,facingcomp,tier_b_v0.1,"{""axis"": ""semantic"", ""complement_relation"": ""facing away from"", ""law"": ""flip_law"", ""note"": ""facing-antonym flip-law compliance diagnostic; Paper-1 treated facing <-> facing away from as an antonym complement pair; the Tier-B relcomp table soft-excludes it (oblique orientations) but this transform applies the Paper-1 antonym construct directly; NOT a universal strict logical complement (decision log 2026-08-11)"", ""original_relation"": ""facing"", ""transform"": ""facingcomp""}",,"{""do_sample"": false, ""max_new_tokens"": 5}",tier_b_r1_campaign_facing,9b994a2a052f86be9f9d15743c202c4e0c8e0c22,v0.1
vsr_test:0858,vsr_test:0858,test,facingcomp,semantic,The cat is facing the toilet,The cat is facing away from the toilet.,facing away from,orientation,cat,toilet,False,True,flip_law,True,True, True,Qwen/Qwen2-VL-7B-Instruct,,7B_hardneg_lora,/home/ubuntu/vlm-spatial-reasoning/checkpoints/qwen2vl_7b_hardneg_lora/final,"{""README.md"": ""ad67fbd14e29a7dae114b54d70c840eab4d917c7d4bbce31d8e923429325d12b"", ""adapter_config.json"": ""9c868e731d9e1e45f0f114c79b1eeca3c96b1d0d3a8f5f93d9ff5a73d690a9df"", ""adapter_model.safetensors"": ""aaad7a39d905ddffc323d02d3beb78717388f29dc19488b91eb5218f4814b697"", ""chat_template.jinja"": ""a0bc6f6fc7a29a80017a433e8f03a1cc1236e838a944a2d034295a60c4f2fddb"", ""processor_config.json"": ""edb8dd5001f02dd3a488fd63d664fcdc5514c4a93962bf1be534a0acf6e2c714"", ""tokenizer.json"": ""ff8cce547abc110590d19c6b5b6e0c6a7b4c8d1012d78b9c42131bae7f494a02"", ""tokenizer_config.json"": ""5afec58078ec072cdc9ad190a63c8657f9c47ec71068ff9c77423f1ea0422364""}",,7f29cebb9d06eca06ad0d6c690e4d5a083b71a9c42008f88e92474e3ff0eb98a,eb4075c77285da02c52794154760fa969fb21ab3dcceb0820cb7d2ba27d27471,http://images.cocodataset.org/train2017/000000572075.jpg,http://images.cocodataset.org/train2017/000000572075.jpg,,http://images.cocodataset.org/train2017/000000572075.jpg,facingcomp,tier_b_v0.1,"{""axis"": ""semantic"", ""complement_relation"": ""facing"", ""law"": ""flip_law"", ""note"": ""facing-antonym flip-law compliance diagnostic; Paper-1 treated facing <-> facing away from as an antonym complement pair; the Tier-B relcomp table soft-excludes it (oblique orientations) but this transform applies the Paper-1 antonym construct directly; NOT a universal strict logical complement (decision log 2026-08-11)"", ""original_relation"": ""facing away from"", ""transform"": ""facingcomp""}",,"{""do_sample"": false, ""max_new_tokens"": 5}",tier_b_r1_campaign_facing,9b994a2a052f86be9f9d15743c202c4e0c8e0c22,v0.1
vsr_test:0859,vsr_test:0859,test,facingcomp,semantic,The cat is facing away from the sink,The cat is facing the sink.,facing,orientation,cat,sink,False,True,flip_law,False,False, False.,Qwen/Qwen2-VL-7B-Instruct,,7B_hardneg_lora,/home/ubuntu/vlm-spatial-reasoning/checkpoints/qwen2vl_7b_hardneg_lora/final,"{""README.md"": ""ad67fbd14e29a7dae114b54d70c840eab4d917c7d4bbce31d8e923429325d12b"", ""adapter_config.json"": ""9c868e731d9e1e45f0f114c79b1eeca3c96b1d0d3a8f5f93d9ff5a73d690a9df"", ""adapter_model.safetensors"": ""aaad7a39d905ddffc323d02d3beb78717388f29dc19488b91eb5218f4814b697"", ""chat_template.jinja"": ""a0bc6f6fc7a29a80017a433e8f03a1cc1236e838a944a2d034295a60c4f2fddb"", ""processor_config.json"": ""edb8dd5001f02dd3a488fd63d664fcdc5514c4a93962bf1be534a0acf6e2c714"", ""tokenizer.json"": ""ff8cce547abc110590d19c6b5b6e0c6a7b4c8d1012d78b9c42131bae7f494a02"", ""tokenizer_config.json"": ""5afec58078ec072cdc9ad190a63c8657f9c47ec71068ff9c77423f1ea0422364""}",,7f29cebb9d06eca06ad0d6c690e4d5a083b71a9c42008f88e92474e3ff0eb98a,eb4075c77285da02c52794154760fa969fb21ab3dcceb0820cb7d2ba27d27471,http://images.cocodataset.org/train2017/000000463825.jpg,http://images.cocodataset.org/train2017/000000463825.jpg,,http://images.cocodataset.org/train2017/000000463825.jpg,facingcomp,tier_b_v0.1,"{""axis"": ""semantic"", ""complement_relation"": ""facing away from"", ""law"": ""flip_law"", ""note"": ""facing-antonym flip-law compliance diagnostic; Paper-1 treated facing <-> facing away from as an antonym complement pair; the Tier-B relcomp table soft-excludes it (oblique orientations) but this transform applies the Paper-1 antonym construct directly; NOT a universal strict logical complement (decision log 2026-08-11)"", ""original_relation"": ""facing"", ""transform"": ""facingcomp""}",,"{""do_sample"": false, ""max_new_tokens"": 5}",tier_b_r1_campaign_facing,9b994a2a052f86be9f9d15743c202c4e0c8e0c22,v0.1
vsr_test:0860,vsr_test:0860,test,facingcomp,semantic,The zebra is facing away from the person,The zebra is facing the person.,facing,orientation,zebra,person,False,True,flip_law,True,True, True.,Qwen/Qwen2-VL-7B-Instruct,,7B_hardneg_lora,/home/ubuntu/vlm-spatial-reasoning/checkpoints/qwen2vl_7b_hardneg_lora/final,"{""README.md"": ""ad67fbd14e29a7dae114b54d70c840eab4d917c7d4bbce31d8e923429325d12b"", ""adapter_config.json"": ""9c868e731d9e1e45f0f114c79b1eeca3c96b1d0d3a8f5f93d9ff5a73d690a9df"", ""adapter_model.safetensors"": ""aaad7a39d905ddffc323d02d3beb78717388f29dc19488b91eb5218f4814b697"", ""chat_template.jinja"": ""a0bc6f6fc7a29a80017a433e8f03a1cc1236e838a944a2d034295a60c4f2fddb"", ""processor_config.json"": ""edb8dd5001f02dd3a488fd63d664fcdc5514c4a93962bf1be534a0acf6e2c714"", ""tokenizer.json"": ""ff8cce547abc110590d19c6b5b6e0c6a7b4c8d1012d78b9c42131bae7f494a02"", ""tokenizer_config.json"": ""5afec58078ec072cdc9ad190a63c8657f9c47ec71068ff9c77423f1ea0422364""}",,7f29cebb9d06eca06ad0d6c690e4d5a083b71a9c42008f88e92474e3ff0eb98a,eb4075c77285da02c52794154760fa969fb21ab3dcceb0820cb7d2ba27d27471,http://images.cocodataset.org/train2017/000000484066.jpg,http://images.cocodataset.org/train2017/000000484066.jpg,,http://images.cocodataset.org/train2017/000000484066.jpg,facingcomp,tier_b_v0.1,"{""axis"": ""semantic"", ""complement_relation"": ""facing away from"", ""law"": ""flip_law"", ""note"": ""facing-antonym flip-law compliance diagnostic; Paper-1 treated facing <-> facing away from as an antonym complement pair; the Tier-B relcomp table soft-excludes it (oblique orientations) but this transform applies the Paper-1 antonym construct directly; NOT a universal strict logical complement (decision log 2026-08-11)"", ""original_relation"": ""facing"", ""transform"": ""facingcomp""}",,"{""do_sample"": false, ""max_new_tokens"": 5}",tier_b_r1_campaign_facing,9b994a2a052f86be9f9d15743c202c4e0c8e0c22,v0.1
vsr_test:0868,vsr_test:0868,test,facingcomp,semantic,The person is facing the bear,The person is facing away from the bear.,facing away from,orientation,person,bear,True,False,flip_law,False,True, False.,Qwen/Qwen2-VL-7B-Instruct,,7B_hardneg_lora,/home/ubuntu/vlm-spatial-reasoning/checkpoints/qwen2vl_7b_hardneg_lora/final,"{""README.md"": ""ad67fbd14e29a7dae114b54d70c840eab4d917c7d4bbce31d8e923429325d12b"", ""adapter_config.json"": ""9c868e731d9e1e45f0f114c79b1eeca3c96b1d0d3a8f5f93d9ff5a73d690a9df"", ""adapter_model.safetensors"": ""aaad7a39d905ddffc323d02d3beb78717388f29dc19488b91eb5218f4814b697"", ""chat_template.jinja"": ""a0bc6f6fc7a29a80017a433e8f03a1cc1236e838a944a2d034295a60c4f2fddb"", ""processor_config.json"": ""edb8dd5001f02dd3a488fd63d664fcdc5514c4a93962bf1be534a0acf6e2c714"", ""tokenizer.json"": ""ff8cce547abc110590d19c6b5b6e0c6a7b4c8d1012d78b9c42131bae7f494a02"", ""tokenizer_config.json"": ""5afec58078ec072cdc9ad190a63c8657f9c47ec71068ff9c77423f1ea0422364""}",,7f29cebb9d06eca06ad0d6c690e4d5a083b71a9c42008f88e92474e3ff0eb98a,eb4075c77285da02c52794154760fa969fb21ab3dcceb0820cb7d2ba27d27471,http://images.cocodataset.org/train2017/000000073197.jpg,http://images.cocodataset.org/train2017/000000073197.jpg,,http://images.cocodataset.org/train2017/000000073197.jpg,facingcomp,tier_b_v0.1,"{""axis"": ""semantic"", ""complement_relation"": ""facing"", ""law"": ""flip_law"", ""note"": ""facing-antonym flip-law compliance diagnostic; Paper-1 treated facing <-> facing away from as an antonym complement pair; the Tier-B relcomp table soft-excludes it (oblique orientations) but this transform applies the Paper-1 antonym construct directly; NOT a universal strict logical complement (decision log 2026-08-11)"", ""original_relation"": ""facing away from"", ""transform"": ""facingcomp""}",,"{""do_sample"": false, ""max_new_tokens"": 5}",tier_b_r1_campaign_facing,9b994a2a052f86be9f9d15743c202c4e0c8e0c22,v0.1
vsr_test:0911,vsr_test:0911,test,facingcomp,semantic,The cat is facing the cake,The cat is facing away from the cake.,facing away from,orientation,cat,cake,False,True,flip_law,False,False, False.,Qwen/Qwen2-VL-7B-Instruct,,7B_hardneg_lora,/home/ubuntu/vlm-spatial-reasoning/checkpoints/qwen2vl_7b_hardneg_lora/final,"{""README.md"": ""ad67fbd14e29a7dae114b54d70c840eab4d917c7d4bbce31d8e923429325d12b"", ""adapter_config.json"": ""9c868e731d9e1e45f0f114c79b1eeca3c96b1d0d3a8f5f93d9ff5a73d690a9df"", ""adapter_model.safetensors"": ""aaad7a39d905ddffc323d02d3beb78717388f29dc19488b91eb5218f4814b697"", ""chat_template.jinja"": ""a0bc6f6fc7a29a80017a433e8f03a1cc1236e838a944a2d034295a60c4f2fddb"", ""processor_config.json"": ""edb8dd5001f02dd3a488fd63d664fcdc5514c4a93962bf1be534a0acf6e2c714"", ""tokenizer.json"": ""ff8cce547abc110590d19c6b5b6e0c6a7b4c8d1012d78b9c42131bae7f494a02"", ""tokenizer_config.json"": ""5afec58078ec072cdc9ad190a63c8657f9c47ec71068ff9c77423f1ea0422364""}",,7f29cebb9d06eca06ad0d6c690e4d5a083b71a9c42008f88e92474e3ff0eb98a,eb4075c77285da02c52794154760fa969fb21ab3dcceb0820cb7d2ba27d27471,http://images.cocodataset.org/train2017/000000447741.jpg,http://images.cocodataset.org/train2017/000000447741.jpg,,http://images.cocodataset.org/train2017/000000447741.jpg,facingcomp,tier_b_v0.1,"{""axis"": ""semantic"", ""complement_relation"": ""facing"", ""law"": ""flip_law"", ""note"": ""facing-antonym flip-law compliance diagnostic; Paper-1 treated facing <-> facing away from as an antonym complement pair; the Tier-B relcomp table soft-excludes it (oblique orientations) but this transform applies the Paper-1 antonym construct directly; NOT a universal strict logical complement (decision log 2026-08-11)"", ""original_relation"": ""facing away from"", ""transform"": ""facingcomp""}",,"{""do_sample"": false, ""max_new_tokens"": 5}",tier_b_r1_campaign_facing,9b994a2a052f86be9f9d15743c202c4e0c8e0c22,v0.1
vsr_test:0959,vsr_test:0959,test,facingcomp,semantic,The cat is facing the toilet,The cat is facing away from the toilet.,facing away from,orientation,cat,toilet,False,True,flip_law,True,True, True,Qwen/Qwen2-VL-7B-Instruct,,7B_hardneg_lora,/home/ubuntu/vlm-spatial-reasoning/checkpoints/qwen2vl_7b_hardneg_lora/final,"{""README.md"": ""ad67fbd14e29a7dae114b54d70c840eab4d917c7d4bbce31d8e923429325d12b"", ""adapter_config.json"": ""9c868e731d9e1e45f0f114c79b1eeca3c96b1d0d3a8f5f93d9ff5a73d690a9df"", ""adapter_model.safetensors"": ""aaad7a39d905ddffc323d02d3beb78717388f29dc19488b91eb5218f4814b697"", ""chat_template.jinja"": ""a0bc6f6fc7a29a80017a433e8f03a1cc1236e838a944a2d034295a60c4f2fddb"", ""processor_config.json"": ""edb8dd5001f02dd3a488fd63d664fcdc5514c4a93962bf1be534a0acf6e2c714"", ""tokenizer.json"": ""ff8cce547abc110590d19c6b5b6e0c6a7b4c8d1012d78b9c42131bae7f494a02"", ""tokenizer_config.json"": ""5afec58078ec072cdc9ad190a63c8657f9c47ec71068ff9c77423f1ea0422364""}",,7f29cebb9d06eca06ad0d6c690e4d5a083b71a9c42008f88e92474e3ff0eb98a,eb4075c77285da02c52794154760fa969fb21ab3dcceb0820cb7d2ba27d27471,http://images.cocodataset.org/train2017/000000439364.jpg,http://images.cocodataset.org/train2017/000000439364.jpg,,http://images.cocodataset.org/train2017/000000439364.jpg,facingcomp,tier_b_v0.1,"{""axis"": ""semantic"", ""complement_relation"": ""facing"", ""law"": ""flip_law"", ""note"": ""facing-antonym flip-law compliance diagnostic; Paper-1 treated facing <-> facing away from as an antonym complement pair; the Tier-B relcomp table soft-excludes it (oblique orientations) but this transform applies the Paper-1 antonym construct directly; NOT a universal strict logical complement (decision log 2026-08-11)"", ""original_relation"": ""facing away from"", ""transform"": ""facingcomp""}",,"{""do_sample"": false, ""max_new_tokens"": 5}",tier_b_r1_campaign_facing,9b994a2a052f86be9f9d15743c202c4e0c8e0c22,v0.1
vsr_test:0986,vsr_test:0986,test,facingcomp,semantic,The dog is facing away from the cake,The dog is facing the cake.,facing,orientation,dog,cake,True,False,flip_law,False,True, False.,Qwen/Qwen2-VL-7B-Instruct,,7B_hardneg_lora,/home/ubuntu/vlm-spatial-reasoning/checkpoints/qwen2vl_7b_hardneg_lora/final,"{""README.md"": ""ad67fbd14e29a7dae114b54d70c840eab4d917c7d4bbce31d8e923429325d12b"", ""adapter_config.json"": ""9c868e731d9e1e45f0f114c79b1eeca3c96b1d0d3a8f5f93d9ff5a73d690a9df"", ""adapter_model.safetensors"": ""aaad7a39d905ddffc323d02d3beb78717388f29dc19488b91eb5218f4814b697"", ""chat_template.jinja"": ""a0bc6f6fc7a29a80017a433e8f03a1cc1236e838a944a2d034295a60c4f2fddb"", ""processor_config.json"": ""edb8dd5001f02dd3a488fd63d664fcdc5514c4a93962bf1be534a0acf6e2c714"", ""tokenizer.json"": ""ff8cce547abc110590d19c6b5b6e0c6a7b4c8d1012d78b9c42131bae7f494a02"", ""tokenizer_config.json"": ""5afec58078ec072cdc9ad190a63c8657f9c47ec71068ff9c77423f1ea0422364""}",,7f29cebb9d06eca06ad0d6c690e4d5a083b71a9c42008f88e92474e3ff0eb98a,eb4075c77285da02c52794154760fa969fb21ab3dcceb0820cb7d2ba27d27471,http://images.cocodataset.org/train2017/000000373396.jpg,http://images.cocodataset.org/train2017/000000373396.jpg,,http://images.cocodataset.org/train2017/000000373396.jpg,facingcomp,tier_b_v0.1,"{""axis"": ""semantic"", ""complement_relation"": ""facing away from"", ""law"": ""flip_law"", ""note"": ""facing-antonym flip-law compliance diagnostic; Paper-1 treated facing <-> facing away from as an antonym complement pair; the Tier-B relcomp table soft-excludes it (oblique orientations) but this transform applies the Paper-1 antonym construct directly; NOT a universal strict logical complement (decision log 2026-08-11)"", ""original_relation"": ""facing"", ""transform"": ""facingcomp""}",,"{""do_sample"": false, ""max_new_tokens"": 5}",tier_b_r1_campaign_facing,9b994a2a052f86be9f9d15743c202c4e0c8e0c22,v0.1
vsr_test:1018,vsr_test:1018,test,facingcomp,semantic,The car is facing the pizza,The car is facing away from the pizza.,facing away from,orientation,car,pizza,False,True,flip_law,False,False, False.,Qwen/Qwen2-VL-7B-Instruct,,7B_hardneg_lora,/home/ubuntu/vlm-spatial-reasoning/checkpoints/qwen2vl_7b_hardneg_lora/final,"{""README.md"": ""ad67fbd14e29a7dae114b54d70c840eab4d917c7d4bbce31d8e923429325d12b"", ""adapter_config.json"": ""9c868e731d9e1e45f0f114c79b1eeca3c96b1d0d3a8f5f93d9ff5a73d690a9df"", ""adapter_model.safetensors"": ""aaad7a39d905ddffc323d02d3beb78717388f29dc19488b91eb5218f4814b697"", ""chat_template.jinja"": ""a0bc6f6fc7a29a80017a433e8f03a1cc1236e838a944a2d034295a60c4f2fddb"", ""processor_config.json"": ""edb8dd5001f02dd3a488fd63d664fcdc5514c4a93962bf1be534a0acf6e2c714"", ""tokenizer.json"": ""ff8cce547abc110590d19c6b5b6e0c6a7b4c8d1012d78b9c42131bae7f494a02"", ""tokenizer_config.json"": ""5afec58078ec072cdc9ad190a63c8657f9c47ec71068ff9c77423f1ea0422364""}",,7f29cebb9d06eca06ad0d6c690e4d5a083b71a9c42008f88e92474e3ff0eb98a,eb4075c77285da02c52794154760fa969fb21ab3dcceb0820cb7d2ba27d27471,http://images.cocodataset.org/train2017/000000079798.jpg,http://images.cocodataset.org/train2017/000000079798.jpg,,http://images.cocodataset.org/train2017/000000079798.jpg,facingcomp,tier_b_v0.1,"{""axis"": ""semantic"", ""complement_relation"": ""facing"", ""law"": ""flip_law"", ""note"": ""facing-antonym flip-law compliance diagnostic; Paper-1 treated facing <-> facing away from as an antonym complement pair; the Tier-B relcomp table soft-excludes it (oblique orientations) but this transform applies the Paper-1 antonym construct directly; NOT a universal strict logical complement (decision log 2026-08-11)"", ""original_relation"": ""facing away from"", ""transform"": ""facingcomp""}",,"{""do_sample"": false, ""max_new_tokens"": 5}",tier_b_r1_campaign_facing,9b994a2a052f86be9f9d15743c202c4e0c8e0c22,v0.1
vsr_test:1019,vsr_test:1019,test,facingcomp,semantic,The person is facing away from the banana,The person is facing the banana.,facing,orientation,person,banana,True,False,flip_law,False,True, False.,Qwen/Qwen2-VL-7B-Instruct,,7B_hardneg_lora,/home/ubuntu/vlm-spatial-reasoning/checkpoints/qwen2vl_7b_hardneg_lora/final,"{""README.md"": ""ad67fbd14e29a7dae114b54d70c840eab4d917c7d4bbce31d8e923429325d12b"", ""adapter_config.json"": ""9c868e731d9e1e45f0f114c79b1eeca3c96b1d0d3a8f5f93d9ff5a73d690a9df"", ""adapter_model.safetensors"": ""aaad7a39d905ddffc323d02d3beb78717388f29dc19488b91eb5218f4814b697"", ""chat_template.jinja"": ""a0bc6f6fc7a29a80017a433e8f03a1cc1236e838a944a2d034295a60c4f2fddb"", ""processor_config.json"": ""edb8dd5001f02dd3a488fd63d664fcdc5514c4a93962bf1be534a0acf6e2c714"", ""tokenizer.json"": ""ff8cce547abc110590d19c6b5b6e0c6a7b4c8d1012d78b9c42131bae7f494a02"", ""tokenizer_config.json"": ""5afec58078ec072cdc9ad190a63c8657f9c47ec71068ff9c77423f1ea0422364""}",,7f29cebb9d06eca06ad0d6c690e4d5a083b71a9c42008f88e92474e3ff0eb98a,eb4075c77285da02c52794154760fa969fb21ab3dcceb0820cb7d2ba27d27471,http://images.cocodataset.org/val2017/000000550714.jpg,http://images.cocodataset.org/val2017/000000550714.jpg,,http://images.cocodataset.org/val2017/000000550714.jpg,facingcomp,tier_b_v0.1,"{""axis"": ""semantic"", ""complement_relation"": ""facing away from"", ""law"": ""flip_law"", ""note"": ""facing-antonym flip-law compliance diagnostic; Paper-1 treated facing <-> facing away from as an antonym complement pair; the Tier-B relcomp table soft-excludes it (oblique orientations) but this transform applies the Paper-1 antonym construct directly; NOT a universal strict logical complement (decision log 2026-08-11)"", ""original_relation"": ""facing"", ""transform"": ""facingcomp""}",,"{""do_sample"": false, ""max_new_tokens"": 5}",tier_b_r1_campaign_facing,9b994a2a052f86be9f9d15743c202c4e0c8e0c22,v0.1
vsr_test:1042,vsr_test:1042,test,facingcomp,semantic,The dog is facing the fire hydrant,The dog is facing away from the fire hydrant.,facing away from,orientation,dog,fire hydrant,False,True,flip_law,True,True, True.,Qwen/Qwen2-VL-7B-Instruct,,7B_hardneg_lora,/home/ubuntu/vlm-spatial-reasoning/checkpoints/qwen2vl_7b_hardneg_lora/final,"{""README.md"": ""ad67fbd14e29a7dae114b54d70c840eab4d917c7d4bbce31d8e923429325d12b"", ""adapter_config.json"": ""9c868e731d9e1e45f0f114c79b1eeca3c96b1d0d3a8f5f93d9ff5a73d690a9df"", ""adapter_model.safetensors"": ""aaad7a39d905ddffc323d02d3beb78717388f29dc19488b91eb5218f4814b697"", ""chat_template.jinja"": ""a0bc6f6fc7a29a80017a433e8f03a1cc1236e838a944a2d034295a60c4f2fddb"", ""processor_config.json"": ""edb8dd5001f02dd3a488fd63d664fcdc5514c4a93962bf1be534a0acf6e2c714"", ""tokenizer.json"": ""ff8cce547abc110590d19c6b5b6e0c6a7b4c8d1012d78b9c42131bae7f494a02"", ""tokenizer_config.json"": ""5afec58078ec072cdc9ad190a63c8657f9c47ec71068ff9c77423f1ea0422364""}",,7f29cebb9d06eca06ad0d6c690e4d5a083b71a9c42008f88e92474e3ff0eb98a,eb4075c77285da02c52794154760fa969fb21ab3dcceb0820cb7d2ba27d27471,http://images.cocodataset.org/train2017/000000198935.jpg,http://images.cocodataset.org/train2017/000000198935.jpg,,http://images.cocodataset.org/train2017/000000198935.jpg,facingcomp,tier_b_v0.1,"{""axis"": ""semantic"", ""complement_relation"": ""facing"", ""law"": ""flip_law"", ""note"": ""facing-antonym flip-law compliance diagnostic; Paper-1 treated facing <-> facing away from as an antonym complement pair; the Tier-B relcomp table soft-excludes it (oblique orientations) but this transform applies the Paper-1 antonym construct directly; NOT a universal strict logical complement (decision log 2026-08-11)"", ""original_relation"": ""facing away from"", ""transform"": ""facingcomp""}",,"{""do_sample"": false, ""max_new_tokens"": 5}",tier_b_r1_campaign_facing,9b994a2a052f86be9f9d15743c202c4e0c8e0c22,v0.1
vsr_test:1078,vsr_test:1078,test,facingcomp,semantic,The dog is facing away from the horse,The dog is facing the horse.,facing,orientation,dog,horse,True,False,flip_law,False,True, False.,Qwen/Qwen2-VL-7B-Instruct,,7B_hardneg_lora,/home/ubuntu/vlm-spatial-reasoning/checkpoints/qwen2vl_7b_hardneg_lora/final,"{""README.md"": ""ad67fbd14e29a7dae114b54d70c840eab4d917c7d4bbce31d8e923429325d12b"", ""adapter_config.json"": ""9c868e731d9e1e45f0f114c79b1eeca3c96b1d0d3a8f5f93d9ff5a73d690a9df"", ""adapter_model.safetensors"": ""aaad7a39d905ddffc323d02d3beb78717388f29dc19488b91eb5218f4814b697"", ""chat_template.jinja"": ""a0bc6f6fc7a29a80017a433e8f03a1cc1236e838a944a2d034295a60c4f2fddb"", ""processor_config.json"": ""edb8dd5001f02dd3a488fd63d664fcdc5514c4a93962bf1be534a0acf6e2c714"", ""tokenizer.json"": ""ff8cce547abc110590d19c6b5b6e0c6a7b4c8d1012d78b9c42131bae7f494a02"", ""tokenizer_config.json"": ""5afec58078ec072cdc9ad190a63c8657f9c47ec71068ff9c77423f1ea0422364""}",,7f29cebb9d06eca06ad0d6c690e4d5a083b71a9c42008f88e92474e3ff0eb98a,eb4075c77285da02c52794154760fa969fb21ab3dcceb0820cb7d2ba27d27471,http://images.cocodataset.org/train2017/000000331503.jpg,http://images.cocodataset.org/train2017/000000331503.jpg,,http://images.cocodataset.org/train2017/000000331503.jpg,facingcomp,tier_b_v0.1,"{""axis"": ""semantic"", ""complement_relation"": ""facing away from"", ""law"": ""flip_law"", ""note"": ""facing-antonym flip-law compliance diagnostic; Paper-1 treated facing <-> facing away from as an antonym complement pair; the Tier-B relcomp table soft-excludes it (oblique orientations) but this transform applies the Paper-1 antonym construct directly; NOT a universal strict logical complement (decision log 2026-08-11)"", ""original_relation"": ""facing"", ""transform"": ""facingcomp""}",,"{""do_sample"": false, ""max_new_tokens"": 5}",tier_b_r1_campaign_facing,9b994a2a052f86be9f9d15743c202c4e0c8e0c22,v0.1
vsr_test:1093,vsr_test:1093,test,facingcomp,semantic,The laptop is facing the chair,The laptop is facing away from the chair.,facing away from,orientation,laptop,chair,True,False,flip_law,False,True, False,Qwen/Qwen2-VL-7B-Instruct,,7B_hardneg_lora,/home/ubuntu/vlm-spatial-reasoning/checkpoints/qwen2vl_7b_hardneg_lora/final,"{""README.md"": ""ad67fbd14e29a7dae114b54d70c840eab4d917c7d4bbce31d8e923429325d12b"", ""adapter_config.json"": ""9c868e731d9e1e45f0f114c79b1eeca3c96b1d0d3a8f5f93d9ff5a73d690a9df"", ""adapter_model.safetensors"": ""aaad7a39d905ddffc323d02d3beb78717388f29dc19488b91eb5218f4814b697"", ""chat_template.jinja"": ""a0bc6f6fc7a29a80017a433e8f03a1cc1236e838a944a2d034295a60c4f2fddb"", ""processor_config.json"": ""edb8dd5001f02dd3a488fd63d664fcdc5514c4a93962bf1be534a0acf6e2c714"", ""tokenizer.json"": ""ff8cce547abc110590d19c6b5b6e0c6a7b4c8d1012d78b9c42131bae7f494a02"", ""tokenizer_config.json"": ""5afec58078ec072cdc9ad190a63c8657f9c47ec71068ff9c77423f1ea0422364""}",,7f29cebb9d06eca06ad0d6c690e4d5a083b71a9c42008f88e92474e3ff0eb98a,eb4075c77285da02c52794154760fa969fb21ab3dcceb0820cb7d2ba27d27471,http://images.cocodataset.org/train2017/000000131011.jpg,http://images.cocodataset.org/train2017/000000131011.jpg,,http://images.cocodataset.org/train2017/000000131011.jpg,facingcomp,tier_b_v0.1,"{""axis"": ""semantic"", ""complement_relation"": ""facing"", ""law"": ""flip_law"", ""note"": ""facing-antonym flip-law compliance diagnostic; Paper-1 treated facing <-> facing away from as an antonym complement pair; the Tier-B relcomp table soft-excludes it (oblique orientations) but this transform applies the Paper-1 antonym construct directly; NOT a universal strict logical complement (decision log 2026-08-11)"", ""original_relation"": ""facing away from"", ""transform"": ""facingcomp""}",,"{""do_sample"": false, ""max_new_tokens"": 5}",tier_b_r1_campaign_facing,9b994a2a052f86be9f9d15743c202c4e0c8e0c22,v0.1
vsr_test:1132,vsr_test:1132,test,facingcomp,semantic,The person is facing away from the book,The person is facing the book.,facing,orientation,person,book,True,False,flip_law,False,True, False.,Qwen/Qwen2-VL-7B-Instruct,,7B_hardneg_lora,/home/ubuntu/vlm-spatial-reasoning/checkpoints/qwen2vl_7b_hardneg_lora/final,"{""README.md"": ""ad67fbd14e29a7dae114b54d70c840eab4d917c7d4bbce31d8e923429325d12b"", ""adapter_config.json"": ""9c868e731d9e1e45f0f114c79b1eeca3c96b1d0d3a8f5f93d9ff5a73d690a9df"", ""adapter_model.safetensors"": ""aaad7a39d905ddffc323d02d3beb78717388f29dc19488b91eb5218f4814b697"", ""chat_template.jinja"": ""a0bc6f6fc7a29a80017a433e8f03a1cc1236e838a944a2d034295a60c4f2fddb"", ""processor_config.json"": ""edb8dd5001f02dd3a488fd63d664fcdc5514c4a93962bf1be534a0acf6e2c714"", ""tokenizer.json"": ""ff8cce547abc110590d19c6b5b6e0c6a7b4c8d1012d78b9c42131bae7f494a02"", ""tokenizer_config.json"": ""5afec58078ec072cdc9ad190a63c8657f9c47ec71068ff9c77423f1ea0422364""}",,7f29cebb9d06eca06ad0d6c690e4d5a083b71a9c42008f88e92474e3ff0eb98a,eb4075c77285da02c52794154760fa969fb21ab3dcceb0820cb7d2ba27d27471,http://images.cocodataset.org/train2017/000000527224.jpg,http://images.cocodataset.org/train2017/000000527224.jpg,,http://images.cocodataset.org/train2017/000000527224.jpg,facingcomp,tier_b_v0.1,"{""axis"": ""semantic"", ""complement_relation"": ""facing away from"", ""law"": ""flip_law"", ""note"": ""facing-antonym flip-law compliance diagnostic; Paper-1 treated facing <-> facing away from as an antonym complement pair; the Tier-B relcomp table soft-excludes it (oblique orientations) but this transform applies the Paper-1 antonym construct directly; NOT a universal strict logical complement (decision log 2026-08-11)"", ""original_relation"": ""facing"", ""transform"": ""facingcomp""}",,"{""do_sample"": false, ""max_new_tokens"": 5}",tier_b_r1_campaign_facing,9b994a2a052f86be9f9d15743c202c4e0c8e0c22,v0.1
vsr_test:1158,vsr_test:1158,test,facingcomp,semantic,The refrigerator is facing away from the cat,The refrigerator is facing the cat.,facing,orientation,refrigerator,cat,True,False,flip_law,False,True, False,Qwen/Qwen2-VL-7B-Instruct,,7B_hardneg_lora,/home/ubuntu/vlm-spatial-reasoning/checkpoints/qwen2vl_7b_hardneg_lora/final,"{""README.md"": ""ad67fbd14e29a7dae114b54d70c840eab4d917c7d4bbce31d8e923429325d12b"", ""adapter_config.json"": ""9c868e731d9e1e45f0f114c79b1eeca3c96b1d0d3a8f5f93d9ff5a73d690a9df"", ""adapter_model.safetensors"": ""aaad7a39d905ddffc323d02d3beb78717388f29dc19488b91eb5218f4814b697"", ""chat_template.jinja"": ""a0bc6f6fc7a29a80017a433e8f03a1cc1236e838a944a2d034295a60c4f2fddb"", ""processor_config.json"": ""edb8dd5001f02dd3a488fd63d664fcdc5514c4a93962bf1be534a0acf6e2c714"", ""tokenizer.json"": ""ff8cce547abc110590d19c6b5b6e0c6a7b4c8d1012d78b9c42131bae7f494a02"", ""tokenizer_config.json"": ""5afec58078ec072cdc9ad190a63c8657f9c47ec71068ff9c77423f1ea0422364""}",,7f29cebb9d06eca06ad0d6c690e4d5a083b71a9c42008f88e92474e3ff0eb98a,eb4075c77285da02c52794154760fa969fb21ab3dcceb0820cb7d2ba27d27471,http://images.cocodataset.org/train2017/000000477647.jpg,http://images.cocodataset.org/train2017/000000477647.jpg,,http://images.cocodataset.org/train2017/000000477647.jpg,facingcomp,tier_b_v0.1,"{""axis"": ""semantic"", ""complement_relation"": ""facing away from"", ""law"": ""flip_law"", ""note"": ""facing-antonym flip-law compliance diagnostic; Paper-1 treated facing <-> facing away from as an antonym complement pair; the Tier-B relcomp table soft-excludes it (oblique orientations) but this transform applies the Paper-1 antonym construct directly; NOT a universal strict logical complement (decision log 2026-08-11)"", ""original_relation"": ""facing"", ""transform"": ""facingcomp""}",,"{""do_sample"": false, ""max_new_tokens"": 5}",tier_b_r1_campaign_facing,9b994a2a052f86be9f9d15743c202c4e0c8e0c22,v0.1
vsr_test:1167,vsr_test:1167,test,facingcomp,semantic,The dog is facing the horse,The dog is facing away from the horse.,facing away from,orientation,dog,horse,True,False,flip_law,False,True, False.,Qwen/Qwen2-VL-7B-Instruct,,7B_hardneg_lora,/home/ubuntu/vlm-spatial-reasoning/checkpoints/qwen2vl_7b_hardneg_lora/final,"{""README.md"": ""ad67fbd14e29a7dae114b54d70c840eab4d917c7d4bbce31d8e923429325d12b"", ""adapter_config.json"": ""9c868e731d9e1e45f0f114c79b1eeca3c96b1d0d3a8f5f93d9ff5a73d690a9df"", ""adapter_model.safetensors"": ""aaad7a39d905ddffc323d02d3beb78717388f29dc19488b91eb5218f4814b697"", ""chat_template.jinja"": ""a0bc6f6fc7a29a80017a433e8f03a1cc1236e838a944a2d034295a60c4f2fddb"", ""processor_config.json"": ""edb8dd5001f02dd3a488fd63d664fcdc5514c4a93962bf1be534a0acf6e2c714"", ""tokenizer.json"": ""ff8cce547abc110590d19c6b5b6e0c6a7b4c8d1012d78b9c42131bae7f494a02"", ""tokenizer_config.json"": ""5afec58078ec072cdc9ad190a63c8657f9c47ec71068ff9c77423f1ea0422364""}",,7f29cebb9d06eca06ad0d6c690e4d5a083b71a9c42008f88e92474e3ff0eb98a,eb4075c77285da02c52794154760fa969fb21ab3dcceb0820cb7d2ba27d27471,http://images.cocodataset.org/val2017/000000049269.jpg,http://images.cocodataset.org/val2017/000000049269.jpg,,http://images.cocodataset.org/val2017/000000049269.jpg,facingcomp,tier_b_v0.1,"{""axis"": ""semantic"", ""complement_relation"": ""facing"", ""law"": ""flip_law"", ""note"": ""facing-antonym flip-law compliance diagnostic; Paper-1 treated facing <-> facing away from as an antonym complement pair; the Tier-B relcomp table soft-excludes it (oblique orientations) but this transform applies the Paper-1 antonym construct directly; NOT a universal strict logical complement (decision log 2026-08-11)"", ""original_relation"": ""facing away from"", ""transform"": ""facingcomp""}",,"{""do_sample"": false, ""max_new_tokens"": 5}",tier_b_r1_campaign_facing,9b994a2a052f86be9f9d15743c202c4e0c8e0c22,v0.1
vsr_test:1202,vsr_test:1202,test,facingcomp,semantic,The bird is facing away from the elephant,The bird is facing the elephant.,facing,orientation,bird,elephant,True,False,flip_law,False,True, False.,Qwen/Qwen2-VL-7B-Instruct,,7B_hardneg_lora,/home/ubuntu/vlm-spatial-reasoning/checkpoints/qwen2vl_7b_hardneg_lora/final,"{""README.md"": ""ad67fbd14e29a7dae114b54d70c840eab4d917c7d4bbce31d8e923429325d12b"", ""adapter_config.json"": ""9c868e731d9e1e45f0f114c79b1eeca3c96b1d0d3a8f5f93d9ff5a73d690a9df"", ""adapter_model.safetensors"": ""aaad7a39d905ddffc323d02d3beb78717388f29dc19488b91eb5218f4814b697"", ""chat_template.jinja"": ""a0bc6f6fc7a29a80017a433e8f03a1cc1236e838a944a2d034295a60c4f2fddb"", ""processor_config.json"": ""edb8dd5001f02dd3a488fd63d664fcdc5514c4a93962bf1be534a0acf6e2c714"", ""tokenizer.json"": ""ff8cce547abc110590d19c6b5b6e0c6a7b4c8d1012d78b9c42131bae7f494a02"", ""tokenizer_config.json"": ""5afec58078ec072cdc9ad190a63c8657f9c47ec71068ff9c77423f1ea0422364""}",,7f29cebb9d06eca06ad0d6c690e4d5a083b71a9c42008f88e92474e3ff0eb98a,eb4075c77285da02c52794154760fa969fb21ab3dcceb0820cb7d2ba27d27471,http://images.cocodataset.org/train2017/000000099628.jpg,http://images.cocodataset.org/train2017/000000099628.jpg,,http://images.cocodataset.org/train2017/000000099628.jpg,facingcomp,tier_b_v0.1,"{""axis"": ""semantic"", ""complement_relation"": ""facing away from"", ""law"": ""flip_law"", ""note"": ""facing-antonym flip-law compliance diagnostic; Paper-1 treated facing <-> facing away from as an antonym complement pair; the Tier-B relcomp table soft-excludes it (oblique orientations) but this transform applies the Paper-1 antonym construct directly; NOT a universal strict logical complement (decision log 2026-08-11)"", ""original_relation"": ""facing"", ""transform"": ""facingcomp""}",,"{""do_sample"": false, ""max_new_tokens"": 5}",tier_b_r1_campaign_facing,9b994a2a052f86be9f9d15743c202c4e0c8e0c22,v0.1
vsr_test:1219,vsr_test:1219,test,facingcomp,semantic,The person is facing the keyboard,The person is facing away from the keyboard.,facing away from,orientation,person,keyboard,True,False,flip_law,False,True, False.,Qwen/Qwen2-VL-7B-Instruct,,7B_hardneg_lora,/home/ubuntu/vlm-spatial-reasoning/checkpoints/qwen2vl_7b_hardneg_lora/final,"{""README.md"": ""ad67fbd14e29a7dae114b54d70c840eab4d917c7d4bbce31d8e923429325d12b"", ""adapter_config.json"": ""9c868e731d9e1e45f0f114c79b1eeca3c96b1d0d3a8f5f93d9ff5a73d690a9df"", ""adapter_model.safetensors"": ""aaad7a39d905ddffc323d02d3beb78717388f29dc19488b91eb5218f4814b697"", ""chat_template.jinja"": ""a0bc6f6fc7a29a80017a433e8f03a1cc1236e838a944a2d034295a60c4f2fddb"", ""processor_config.json"": ""edb8dd5001f02dd3a488fd63d664fcdc5514c4a93962bf1be534a0acf6e2c714"", ""tokenizer.json"": ""ff8cce547abc110590d19c6b5b6e0c6a7b4c8d1012d78b9c42131bae7f494a02"", ""tokenizer_config.json"": ""5afec58078ec072cdc9ad190a63c8657f9c47ec71068ff9c77423f1ea0422364""}",,7f29cebb9d06eca06ad0d6c690e4d5a083b71a9c42008f88e92474e3ff0eb98a,eb4075c77285da02c52794154760fa969fb21ab3dcceb0820cb7d2ba27d27471,http://images.cocodataset.org/train2017/000000544046.jpg,http://images.cocodataset.org/train2017/000000544046.jpg,,http://images.cocodataset.org/train2017/000000544046.jpg,facingcomp,tier_b_v0.1,"{""axis"": ""semantic"", ""complement_relation"": ""facing"", ""law"": ""flip_law"", ""note"": ""facing-antonym flip-law compliance diagnostic; Paper-1 treated facing <-> facing away from as an antonym complement pair; the Tier-B relcomp table soft-excludes it (oblique orientations) but this transform applies the Paper-1 antonym construct directly; NOT a universal strict logical complement (decision log 2026-08-11)"", ""original_relation"": ""facing away from"", ""transform"": ""facingcomp""}",,"{""do_sample"": false, ""max_new_tokens"": 5}",tier_b_r1_campaign_facing,9b994a2a052f86be9f9d15743c202c4e0c8e0c22,v0.1
vsr_test:1234,vsr_test:1234,test,facingcomp,semantic,The person is facing away from the refrigerator,The person is facing the refrigerator.,facing,orientation,person,refrigerator,False,True,flip_law,True,True, True,Qwen/Qwen2-VL-7B-Instruct,,7B_hardneg_lora,/home/ubuntu/vlm-spatial-reasoning/checkpoints/qwen2vl_7b_hardneg_lora/final,"{""README.md"": ""ad67fbd14e29a7dae114b54d70c840eab4d917c7d4bbce31d8e923429325d12b"", ""adapter_config.json"": ""9c868e731d9e1e45f0f114c79b1eeca3c96b1d0d3a8f5f93d9ff5a73d690a9df"", ""adapter_model.safetensors"": ""aaad7a39d905ddffc323d02d3beb78717388f29dc19488b91eb5218f4814b697"", ""chat_template.jinja"": ""a0bc6f6fc7a29a80017a433e8f03a1cc1236e838a944a2d034295a60c4f2fddb"", ""processor_config.json"": ""edb8dd5001f02dd3a488fd63d664fcdc5514c4a93962bf1be534a0acf6e2c714"", ""tokenizer.json"": ""ff8cce547abc110590d19c6b5b6e0c6a7b4c8d1012d78b9c42131bae7f494a02"", ""tokenizer_config.json"": ""5afec58078ec072cdc9ad190a63c8657f9c47ec71068ff9c77423f1ea0422364""}",,7f29cebb9d06eca06ad0d6c690e4d5a083b71a9c42008f88e92474e3ff0eb98a,eb4075c77285da02c52794154760fa969fb21ab3dcceb0820cb7d2ba27d27471,http://images.cocodataset.org/train2017/000000214305.jpg,http://images.cocodataset.org/train2017/000000214305.jpg,,http://images.cocodataset.org/train2017/000000214305.jpg,facingcomp,tier_b_v0.1,"{""axis"": ""semantic"", ""complement_relation"": ""facing away from"", ""law"": ""flip_law"", ""note"": ""facing-antonym flip-law compliance diagnostic; Paper-1 treated facing <-> facing away from as an antonym complement pair; the Tier-B relcomp table soft-excludes it (oblique orientations) but this transform applies the Paper-1 antonym construct directly; NOT a universal strict logical complement (decision log 2026-08-11)"", ""original_relation"": ""facing"", ""transform"": ""facingcomp""}",,"{""do_sample"": false, ""max_new_tokens"": 5}",tier_b_r1_campaign_facing,9b994a2a052f86be9f9d15743c202c4e0c8e0c22,v0.1
vsr_test:1243,vsr_test:1243,test,facingcomp,semantic,The cat is facing away from the teddy bear,The cat is facing the teddy bear.,facing,orientation,cat,teddy bear,False,True,flip_law,True,True, True,Qwen/Qwen2-VL-7B-Instruct,,7B_hardneg_lora,/home/ubuntu/vlm-spatial-reasoning/checkpoints/qwen2vl_7b_hardneg_lora/final,"{""README.md"": ""ad67fbd14e29a7dae114b54d70c840eab4d917c7d4bbce31d8e923429325d12b"", ""adapter_config.json"": ""9c868e731d9e1e45f0f114c79b1eeca3c96b1d0d3a8f5f93d9ff5a73d690a9df"", ""adapter_model.safetensors"": ""aaad7a39d905ddffc323d02d3beb78717388f29dc19488b91eb5218f4814b697"", ""chat_template.jinja"": ""a0bc6f6fc7a29a80017a433e8f03a1cc1236e838a944a2d034295a60c4f2fddb"", ""processor_config.json"": ""edb8dd5001f02dd3a488fd63d664fcdc5514c4a93962bf1be534a0acf6e2c714"", ""tokenizer.json"": ""ff8cce547abc110590d19c6b5b6e0c6a7b4c8d1012d78b9c42131bae7f494a02"", ""tokenizer_config.json"": ""5afec58078ec072cdc9ad190a63c8657f9c47ec71068ff9c77423f1ea0422364""}",,7f29cebb9d06eca06ad0d6c690e4d5a083b71a9c42008f88e92474e3ff0eb98a,eb4075c77285da02c52794154760fa969fb21ab3dcceb0820cb7d2ba27d27471,http://images.cocodataset.org/train2017/000000104510.jpg,http://images.cocodataset.org/train2017/000000104510.jpg,,http://images.cocodataset.org/train2017/000000104510.jpg,facingcomp,tier_b_v0.1,"{""axis"": ""semantic"", ""complement_relation"": ""facing away from"", ""law"": ""flip_law"", ""note"": ""facing-antonym flip-law compliance diagnostic; Paper-1 treated facing <-> facing away from as an antonym complement pair; the Tier-B relcomp table soft-excludes it (oblique orientations) but this transform applies the Paper-1 antonym construct directly; NOT a universal strict logical complement (decision log 2026-08-11)"", ""original_relation"": ""facing"", ""transform"": ""facingcomp""}",,"{""do_sample"": false, ""max_new_tokens"": 5}",tier_b_r1_campaign_facing,9b994a2a052f86be9f9d15743c202c4e0c8e0c22,v0.1
vsr_test:1266,vsr_test:1266,test,facingcomp,semantic,The cat is facing the bed,The cat is facing away from the bed.,facing away from,orientation,cat,bed,True,False,flip_law,False,True, False.,Qwen/Qwen2-VL-7B-Instruct,,7B_hardneg_lora,/home/ubuntu/vlm-spatial-reasoning/checkpoints/qwen2vl_7b_hardneg_lora/final,"{""README.md"": ""ad67fbd14e29a7dae114b54d70c840eab4d917c7d4bbce31d8e923429325d12b"", ""adapter_config.json"": ""9c868e731d9e1e45f0f114c79b1eeca3c96b1d0d3a8f5f93d9ff5a73d690a9df"", ""adapter_model.safetensors"": ""aaad7a39d905ddffc323d02d3beb78717388f29dc19488b91eb5218f4814b697"", ""chat_template.jinja"": ""a0bc6f6fc7a29a80017a433e8f03a1cc1236e838a944a2d034295a60c4f2fddb"", ""processor_config.json"": ""edb8dd5001f02dd3a488fd63d664fcdc5514c4a93962bf1be534a0acf6e2c714"", ""tokenizer.json"": ""ff8cce547abc110590d19c6b5b6e0c6a7b4c8d1012d78b9c42131bae7f494a02"", ""tokenizer_config.json"": ""5afec58078ec072cdc9ad190a63c8657f9c47ec71068ff9c77423f1ea0422364""}",,7f29cebb9d06eca06ad0d6c690e4d5a083b71a9c42008f88e92474e3ff0eb98a,eb4075c77285da02c52794154760fa969fb21ab3dcceb0820cb7d2ba27d27471,http://images.cocodataset.org/train2017/000000175383.jpg,http://images.cocodataset.org/train2017/000000175383.jpg,,http://images.cocodataset.org/train2017/000000175383.jpg,facingcomp,tier_b_v0.1,"{""axis"": ""semantic"", ""complement_relation"": ""facing"", ""law"": ""flip_law"", ""note"": ""facing-antonym flip-law compliance diagnostic; Paper-1 treated facing <-> facing away from as an antonym complement pair; the Tier-B relcomp table soft-excludes it (oblique orientations) but this transform applies the Paper-1 antonym construct directly; NOT a universal strict logical complement (decision log 2026-08-11)"", ""original_relation"": ""facing away from"", ""transform"": ""facingcomp""}",,"{""do_sample"": false, ""max_new_tokens"": 5}",tier_b_r1_campaign_facing,9b994a2a052f86be9f9d15743c202c4e0c8e0c22,v0.1
vsr_test:1296,vsr_test:1296,test,facingcomp,semantic,The horse is facing the zebra,The horse is facing away from the zebra.,facing away from,orientation,horse,zebra,True,False,flip_law,False,True, False.,Qwen/Qwen2-VL-7B-Instruct,,7B_hardneg_lora,/home/ubuntu/vlm-spatial-reasoning/checkpoints/qwen2vl_7b_hardneg_lora/final,"{""README.md"": ""ad67fbd14e29a7dae114b54d70c840eab4d917c7d4bbce31d8e923429325d12b"", ""adapter_config.json"": ""9c868e731d9e1e45f0f114c79b1eeca3c96b1d0d3a8f5f93d9ff5a73d690a9df"", ""adapter_model.safetensors"": ""aaad7a39d905ddffc323d02d3beb78717388f29dc19488b91eb5218f4814b697"", ""chat_template.jinja"": ""a0bc6f6fc7a29a80017a433e8f03a1cc1236e838a944a2d034295a60c4f2fddb"", ""processor_config.json"": ""edb8dd5001f02dd3a488fd63d664fcdc5514c4a93962bf1be534a0acf6e2c714"", ""tokenizer.json"": ""ff8cce547abc110590d19c6b5b6e0c6a7b4c8d1012d78b9c42131bae7f494a02"", ""tokenizer_config.json"": ""5afec58078ec072cdc9ad190a63c8657f9c47ec71068ff9c77423f1ea0422364""}",,7f29cebb9d06eca06ad0d6c690e4d5a083b71a9c42008f88e92474e3ff0eb98a,eb4075c77285da02c52794154760fa969fb21ab3dcceb0820cb7d2ba27d27471,http://images.cocodataset.org/train2017/000000568005.jpg,http://images.cocodataset.org/train2017/000000568005.jpg,,http://images.cocodataset.org/train2017/000000568005.jpg,facingcomp,tier_b_v0.1,"{""axis"": ""semantic"", ""complement_relation"": ""facing"", ""law"": ""flip_law"", ""note"": ""facing-antonym flip-law compliance diagnostic; Paper-1 treated facing <-> facing away from as an antonym complement pair; the Tier-B relcomp table soft-excludes it (oblique orientations) but this transform applies the Paper-1 antonym construct directly; NOT a universal strict logical complement (decision log 2026-08-11)"", ""original_relation"": ""facing away from"", ""transform"": ""facingcomp""}",,"{""do_sample"": false, ""max_new_tokens"": 5}",tier_b_r1_campaign_facing,9b994a2a052f86be9f9d15743c202c4e0c8e0c22,v0.1
vsr_test:1308,vsr_test:1308,test,facingcomp,semantic,The tv is facing away from the toilet,The tv is facing the toilet.,facing,orientation,tv,toilet,False,True,flip_law,True,True, True.,Qwen/Qwen2-VL-7B-Instruct,,7B_hardneg_lora,/home/ubuntu/vlm-spatial-reasoning/checkpoints/qwen2vl_7b_hardneg_lora/final,"{""README.md"": ""ad67fbd14e29a7dae114b54d70c840eab4d917c7d4bbce31d8e923429325d12b"", ""adapter_config.json"": ""9c868e731d9e1e45f0f114c79b1eeca3c96b1d0d3a8f5f93d9ff5a73d690a9df"", ""adapter_model.safetensors"": ""aaad7a39d905ddffc323d02d3beb78717388f29dc19488b91eb5218f4814b697"", ""chat_template.jinja"": ""a0bc6f6fc7a29a80017a433e8f03a1cc1236e838a944a2d034295a60c4f2fddb"", ""processor_config.json"": ""edb8dd5001f02dd3a488fd63d664fcdc5514c4a93962bf1be534a0acf6e2c714"", ""tokenizer.json"": ""ff8cce547abc110590d19c6b5b6e0c6a7b4c8d1012d78b9c42131bae7f494a02"", ""tokenizer_config.json"": ""5afec58078ec072cdc9ad190a63c8657f9c47ec71068ff9c77423f1ea0422364""}",,7f29cebb9d06eca06ad0d6c690e4d5a083b71a9c42008f88e92474e3ff0eb98a,eb4075c77285da02c52794154760fa969fb21ab3dcceb0820cb7d2ba27d27471,http://images.cocodataset.org/train2017/000000028149.jpg,http://images.cocodataset.org/train2017/000000028149.jpg,,http://images.cocodataset.org/train2017/000000028149.jpg,facingcomp,tier_b_v0.1,"{""axis"": ""semantic"", ""complement_relation"": ""facing away from"", ""law"": ""flip_law"", ""note"": ""facing-antonym flip-law compliance diagnostic; Paper-1 treated facing <-> facing away from as an antonym complement pair; the Tier-B relcomp table soft-excludes it (oblique orientations) but this transform applies the Paper-1 antonym construct directly; NOT a universal strict logical complement (decision log 2026-08-11)"", ""original_relation"": ""facing"", ""transform"": ""facingcomp""}",,"{""do_sample"": false, ""max_new_tokens"": 5}",tier_b_r1_campaign_facing,9b994a2a052f86be9f9d15743c202c4e0c8e0c22,v0.1
vsr_test:1312,vsr_test:1312,test,facingcomp,semantic,The hair drier is facing the person,The hair drier is facing away from the person.,facing away from,orientation,hair drier,person,True,False,flip_law,False,True, False.,Qwen/Qwen2-VL-7B-Instruct,,7B_hardneg_lora,/home/ubuntu/vlm-spatial-reasoning/checkpoints/qwen2vl_7b_hardneg_lora/final,"{""README.md"": ""ad67fbd14e29a7dae114b54d70c840eab4d917c7d4bbce31d8e923429325d12b"", ""adapter_config.json"": ""9c868e731d9e1e45f0f114c79b1eeca3c96b1d0d3a8f5f93d9ff5a73d690a9df"", ""adapter_model.safetensors"": ""aaad7a39d905ddffc323d02d3beb78717388f29dc19488b91eb5218f4814b697"", ""chat_template.jinja"": ""a0bc6f6fc7a29a80017a433e8f03a1cc1236e838a944a2d034295a60c4f2fddb"", ""processor_config.json"": ""edb8dd5001f02dd3a488fd63d664fcdc5514c4a93962bf1be534a0acf6e2c714"", ""tokenizer.json"": ""ff8cce547abc110590d19c6b5b6e0c6a7b4c8d1012d78b9c42131bae7f494a02"", ""tokenizer_config.json"": ""5afec58078ec072cdc9ad190a63c8657f9c47ec71068ff9c77423f1ea0422364""}",,7f29cebb9d06eca06ad0d6c690e4d5a083b71a9c42008f88e92474e3ff0eb98a,eb4075c77285da02c52794154760fa969fb21ab3dcceb0820cb7d2ba27d27471,http://images.cocodataset.org/train2017/000000092020.jpg,http://images.cocodataset.org/train2017/000000092020.jpg,,http://images.cocodataset.org/train2017/000000092020.jpg,facingcomp,tier_b_v0.1,"{""axis"": ""semantic"", ""complement_relation"": ""facing"", ""law"": ""flip_law"", ""note"": ""facing-antonym flip-law compliance diagnostic; Paper-1 treated facing <-> facing away from as an antonym complement pair; the Tier-B relcomp table soft-excludes it (oblique orientations) but this transform applies the Paper-1 antonym construct directly; NOT a universal strict logical complement (decision log 2026-08-11)"", ""original_relation"": ""facing away from"", ""transform"": ""facingcomp""}",,"{""do_sample"": false, ""max_new_tokens"": 5}",tier_b_r1_campaign_facing,9b994a2a052f86be9f9d15743c202c4e0c8e0c22,v0.1
vsr_test:1329,vsr_test:1329,test,facingcomp,semantic,The oven is facing away from the tv,The oven is facing the tv.,facing,orientation,oven,tv,False,True,flip_law,True,True, True.,Qwen/Qwen2-VL-7B-Instruct,,7B_hardneg_lora,/home/ubuntu/vlm-spatial-reasoning/checkpoints/qwen2vl_7b_hardneg_lora/final,"{""README.md"": ""ad67fbd14e29a7dae114b54d70c840eab4d917c7d4bbce31d8e923429325d12b"", ""adapter_config.json"": ""9c868e731d9e1e45f0f114c79b1eeca3c96b1d0d3a8f5f93d9ff5a73d690a9df"", ""adapter_model.safetensors"": ""aaad7a39d905ddffc323d02d3beb78717388f29dc19488b91eb5218f4814b697"", ""chat_template.jinja"": ""a0bc6f6fc7a29a80017a433e8f03a1cc1236e838a944a2d034295a60c4f2fddb"", ""processor_config.json"": ""edb8dd5001f02dd3a488fd63d664fcdc5514c4a93962bf1be534a0acf6e2c714"", ""tokenizer.json"": ""ff8cce547abc110590d19c6b5b6e0c6a7b4c8d1012d78b9c42131bae7f494a02"", ""tokenizer_config.json"": ""5afec58078ec072cdc9ad190a63c8657f9c47ec71068ff9c77423f1ea0422364""}",,7f29cebb9d06eca06ad0d6c690e4d5a083b71a9c42008f88e92474e3ff0eb98a,eb4075c77285da02c52794154760fa969fb21ab3dcceb0820cb7d2ba27d27471,http://images.cocodataset.org/train2017/000000164587.jpg,http://images.cocodataset.org/train2017/000000164587.jpg,,http://images.cocodataset.org/train2017/000000164587.jpg,facingcomp,tier_b_v0.1,"{""axis"": ""semantic"", ""complement_relation"": ""facing away from"", ""law"": ""flip_law"", ""note"": ""facing-antonym flip-law compliance diagnostic; Paper-1 treated facing <-> facing away from as an antonym complement pair; the Tier-B relcomp table soft-excludes it (oblique orientations) but this transform applies the Paper-1 antonym construct directly; NOT a universal strict logical complement (decision log 2026-08-11)"", ""original_relation"": ""facing"", ""transform"": ""facingcomp""}",,"{""do_sample"": false, ""max_new_tokens"": 5}",tier_b_r1_campaign_facing,9b994a2a052f86be9f9d15743c202c4e0c8e0c22,v0.1
vsr_test:1338,vsr_test:1338,test,facingcomp,semantic,The cat is facing away from the keyboard,The cat is facing the keyboard.,facing,orientation,cat,keyboard,False,True,flip_law,True,True, True,Qwen/Qwen2-VL-7B-Instruct,,7B_hardneg_lora,/home/ubuntu/vlm-spatial-reasoning/checkpoints/qwen2vl_7b_hardneg_lora/final,"{""README.md"": ""ad67fbd14e29a7dae114b54d70c840eab4d917c7d4bbce31d8e923429325d12b"", ""adapter_config.json"": ""9c868e731d9e1e45f0f114c79b1eeca3c96b1d0d3a8f5f93d9ff5a73d690a9df"", ""adapter_model.safetensors"": ""aaad7a39d905ddffc323d02d3beb78717388f29dc19488b91eb5218f4814b697"", ""chat_template.jinja"": ""a0bc6f6fc7a29a80017a433e8f03a1cc1236e838a944a2d034295a60c4f2fddb"", ""processor_config.json"": ""edb8dd5001f02dd3a488fd63d664fcdc5514c4a93962bf1be534a0acf6e2c714"", ""tokenizer.json"": ""ff8cce547abc110590d19c6b5b6e0c6a7b4c8d1012d78b9c42131bae7f494a02"", ""tokenizer_config.json"": ""5afec58078ec072cdc9ad190a63c8657f9c47ec71068ff9c77423f1ea0422364""}",,7f29cebb9d06eca06ad0d6c690e4d5a083b71a9c42008f88e92474e3ff0eb98a,eb4075c77285da02c52794154760fa969fb21ab3dcceb0820cb7d2ba27d27471,http://images.cocodataset.org/train2017/000000078741.jpg,http://images.cocodataset.org/train2017/000000078741.jpg,,http://images.cocodataset.org/train2017/000000078741.jpg,facingcomp,tier_b_v0.1,"{""axis"": ""semantic"", ""complement_relation"": ""facing away from"", ""law"": ""flip_law"", ""note"": ""facing-antonym flip-law compliance diagnostic; Paper-1 treated facing <-> facing away from as an antonym complement pair; the Tier-B relcomp table soft-excludes it (oblique orientations) but this transform applies the Paper-1 antonym construct directly; NOT a universal strict logical complement (decision log 2026-08-11)"", ""original_relation"": ""facing"", ""transform"": ""facingcomp""}",,"{""do_sample"": false, ""max_new_tokens"": 5}",tier_b_r1_campaign_facing,9b994a2a052f86be9f9d15743c202c4e0c8e0c22,v0.1
vsr_test:1342,vsr_test:1342,test,facingcomp,semantic,The cell phone is facing away from the person,The cell phone is facing the person.,facing,orientation,cell phone,person,True,False,flip_law,False,True, False,Qwen/Qwen2-VL-7B-Instruct,,7B_hardneg_lora,/home/ubuntu/vlm-spatial-reasoning/checkpoints/qwen2vl_7b_hardneg_lora/final,"{""README.md"": ""ad67fbd14e29a7dae114b54d70c840eab4d917c7d4bbce31d8e923429325d12b"", ""adapter_config.json"": ""9c868e731d9e1e45f0f114c79b1eeca3c96b1d0d3a8f5f93d9ff5a73d690a9df"", ""adapter_model.safetensors"": ""aaad7a39d905ddffc323d02d3beb78717388f29dc19488b91eb5218f4814b697"", ""chat_template.jinja"": ""a0bc6f6fc7a29a80017a433e8f03a1cc1236e838a944a2d034295a60c4f2fddb"", ""processor_config.json"": ""edb8dd5001f02dd3a488fd63d664fcdc5514c4a93962bf1be534a0acf6e2c714"", ""tokenizer.json"": ""ff8cce547abc110590d19c6b5b6e0c6a7b4c8d1012d78b9c42131bae7f494a02"", ""tokenizer_config.json"": ""5afec58078ec072cdc9ad190a63c8657f9c47ec71068ff9c77423f1ea0422364""}",,7f29cebb9d06eca06ad0d6c690e4d5a083b71a9c42008f88e92474e3ff0eb98a,eb4075c77285da02c52794154760fa969fb21ab3dcceb0820cb7d2ba27d27471,http://images.cocodataset.org/train2017/000000125698.jpg,http://images.cocodataset.org/train2017/000000125698.jpg,,http://images.cocodataset.org/train2017/000000125698.jpg,facingcomp,tier_b_v0.1,"{""axis"": ""semantic"", ""complement_relation"": ""facing away from"", ""law"": ""flip_law"", ""note"": ""facing-antonym flip-law compliance diagnostic; Paper-1 treated facing <-> facing away from as an antonym complement pair; the Tier-B relcomp table soft-excludes it (oblique orientations) but this transform applies the Paper-1 antonym construct directly; NOT a universal strict logical complement (decision log 2026-08-11)"", ""original_relation"": ""facing"", ""transform"": ""facingcomp""}",,"{""do_sample"": false, ""max_new_tokens"": 5}",tier_b_r1_campaign_facing,9b994a2a052f86be9f9d15743c202c4e0c8e0c22,v0.1
vsr_test:1369,vsr_test:1369,test,facingcomp,semantic,The laptop is facing away from the cat,The laptop is facing the cat.,facing,orientation,laptop,cat,True,False,flip_law,False,True, False.,Qwen/Qwen2-VL-7B-Instruct,,7B_hardneg_lora,/home/ubuntu/vlm-spatial-reasoning/checkpoints/qwen2vl_7b_hardneg_lora/final,"{""README.md"": ""ad67fbd14e29a7dae114b54d70c840eab4d917c7d4bbce31d8e923429325d12b"", ""adapter_config.json"": ""9c868e731d9e1e45f0f114c79b1eeca3c96b1d0d3a8f5f93d9ff5a73d690a9df"", ""adapter_model.safetensors"": ""aaad7a39d905ddffc323d02d3beb78717388f29dc19488b91eb5218f4814b697"", ""chat_template.jinja"": ""a0bc6f6fc7a29a80017a433e8f03a1cc1236e838a944a2d034295a60c4f2fddb"", ""processor_config.json"": ""edb8dd5001f02dd3a488fd63d664fcdc5514c4a93962bf1be534a0acf6e2c714"", ""tokenizer.json"": ""ff8cce547abc110590d19c6b5b6e0c6a7b4c8d1012d78b9c42131bae7f494a02"", ""tokenizer_config.json"": ""5afec58078ec072cdc9ad190a63c8657f9c47ec71068ff9c77423f1ea0422364""}",,7f29cebb9d06eca06ad0d6c690e4d5a083b71a9c42008f88e92474e3ff0eb98a,eb4075c77285da02c52794154760fa969fb21ab3dcceb0820cb7d2ba27d27471,http://images.cocodataset.org/train2017/000000453400.jpg,http://images.cocodataset.org/train2017/000000453400.jpg,,http://images.cocodataset.org/train2017/000000453400.jpg,facingcomp,tier_b_v0.1,"{""axis"": ""semantic"", ""complement_relation"": ""facing away from"", ""law"": ""flip_law"", ""note"": ""facing-antonym flip-law compliance diagnostic; Paper-1 treated facing <-> facing away from as an antonym complement pair; the Tier-B relcomp table soft-excludes it (oblique orientations) but this transform applies the Paper-1 antonym construct directly; NOT a universal strict logical complement (decision log 2026-08-11)"", ""original_relation"": ""facing"", ""transform"": ""facingcomp""}",,"{""do_sample"": false, ""max_new_tokens"": 5}",tier_b_r1_campaign_facing,9b994a2a052f86be9f9d15743c202c4e0c8e0c22,v0.1
vsr_test:1375,vsr_test:1375,test,facingcomp,semantic,The cat is facing the refrigerator,The cat is facing away from the refrigerator.,facing away from,orientation,cat,refrigerator,True,False,flip_law,False,True, False.,Qwen/Qwen2-VL-7B-Instruct,,7B_hardneg_lora,/home/ubuntu/vlm-spatial-reasoning/checkpoints/qwen2vl_7b_hardneg_lora/final,"{""README.md"": ""ad67fbd14e29a7dae114b54d70c840eab4d917c7d4bbce31d8e923429325d12b"", ""adapter_config.json"": ""9c868e731d9e1e45f0f114c79b1eeca3c96b1d0d3a8f5f93d9ff5a73d690a9df"", ""adapter_model.safetensors"": ""aaad7a39d905ddffc323d02d3beb78717388f29dc19488b91eb5218f4814b697"", ""chat_template.jinja"": ""a0bc6f6fc7a29a80017a433e8f03a1cc1236e838a944a2d034295a60c4f2fddb"", ""processor_config.json"": ""edb8dd5001f02dd3a488fd63d664fcdc5514c4a93962bf1be534a0acf6e2c714"", ""tokenizer.json"": ""ff8cce547abc110590d19c6b5b6e0c6a7b4c8d1012d78b9c42131bae7f494a02"", ""tokenizer_config.json"": ""5afec58078ec072cdc9ad190a63c8657f9c47ec71068ff9c77423f1ea0422364""}",,7f29cebb9d06eca06ad0d6c690e4d5a083b71a9c42008f88e92474e3ff0eb98a,eb4075c77285da02c52794154760fa969fb21ab3dcceb0820cb7d2ba27d27471,http://images.cocodataset.org/train2017/000000423921.jpg,http://images.cocodataset.org/train2017/000000423921.jpg,,http://images.cocodataset.org/train2017/000000423921.jpg,facingcomp,tier_b_v0.1,"{""axis"": ""semantic"", ""complement_relation"": ""facing"", ""law"": ""flip_law"", ""note"": ""facing-antonym flip-law compliance diagnostic; Paper-1 treated facing <-> facing away from as an antonym complement pair; the Tier-B relcomp table soft-excludes it (oblique orientations) but this transform applies the Paper-1 antonym construct directly; NOT a universal strict logical complement (decision log 2026-08-11)"", ""original_relation"": ""facing away from"", ""transform"": ""facingcomp""}",,"{""do_sample"": false, ""max_new_tokens"": 5}",tier_b_r1_campaign_facing,9b994a2a052f86be9f9d15743c202c4e0c8e0c22,v0.1
vsr_test:1376,vsr_test:1376,test,facingcomp,semantic,The laptop is facing away from the cat,The laptop is facing the cat.,facing,orientation,laptop,cat,False,True,flip_law,True,True, True.,Qwen/Qwen2-VL-7B-Instruct,,7B_hardneg_lora,/home/ubuntu/vlm-spatial-reasoning/checkpoints/qwen2vl_7b_hardneg_lora/final,"{""README.md"": ""ad67fbd14e29a7dae114b54d70c840eab4d917c7d4bbce31d8e923429325d12b"", ""adapter_config.json"": ""9c868e731d9e1e45f0f114c79b1eeca3c96b1d0d3a8f5f93d9ff5a73d690a9df"", ""adapter_model.safetensors"": ""aaad7a39d905ddffc323d02d3beb78717388f29dc19488b91eb5218f4814b697"", ""chat_template.jinja"": ""a0bc6f6fc7a29a80017a433e8f03a1cc1236e838a944a2d034295a60c4f2fddb"", ""processor_config.json"": ""edb8dd5001f02dd3a488fd63d664fcdc5514c4a93962bf1be534a0acf6e2c714"", ""tokenizer.json"": ""ff8cce547abc110590d19c6b5b6e0c6a7b4c8d1012d78b9c42131bae7f494a02"", ""tokenizer_config.json"": ""5afec58078ec072cdc9ad190a63c8657f9c47ec71068ff9c77423f1ea0422364""}",,7f29cebb9d06eca06ad0d6c690e4d5a083b71a9c42008f88e92474e3ff0eb98a,eb4075c77285da02c52794154760fa969fb21ab3dcceb0820cb7d2ba27d27471,http://images.cocodataset.org/train2017/000000491250.jpg,http://images.cocodataset.org/train2017/000000491250.jpg,,http://images.cocodataset.org/train2017/000000491250.jpg,facingcomp,tier_b_v0.1,"{""axis"": ""semantic"", ""complement_relation"": ""facing away from"", ""law"": ""flip_law"", ""note"": ""facing-antonym flip-law compliance diagnostic; Paper-1 treated facing <-> facing away from as an antonym complement pair; the Tier-B relcomp table soft-excludes it (oblique orientations) but this transform applies the Paper-1 antonym construct directly; NOT a universal strict logical complement (decision log 2026-08-11)"", ""original_relation"": ""facing"", ""transform"": ""facingcomp""}",,"{""do_sample"": false, ""max_new_tokens"": 5}",tier_b_r1_campaign_facing,9b994a2a052f86be9f9d15743c202c4e0c8e0c22,v0.1
vsr_test:1400,vsr_test:1400,test,facingcomp,semantic,The cat is facing the suitcase,The cat is facing away from the suitcase.,facing away from,orientation,cat,suitcase,True,False,flip_law,False,True, False.,Qwen/Qwen2-VL-7B-Instruct,,7B_hardneg_lora,/home/ubuntu/vlm-spatial-reasoning/checkpoints/qwen2vl_7b_hardneg_lora/final,"{""README.md"": ""ad67fbd14e29a7dae114b54d70c840eab4d917c7d4bbce31d8e923429325d12b"", ""adapter_config.json"": ""9c868e731d9e1e45f0f114c79b1eeca3c96b1d0d3a8f5f93d9ff5a73d690a9df"", ""adapter_model.safetensors"": ""aaad7a39d905ddffc323d02d3beb78717388f29dc19488b91eb5218f4814b697"", ""chat_template.jinja"": ""a0bc6f6fc7a29a80017a433e8f03a1cc1236e838a944a2d034295a60c4f2fddb"", ""processor_config.json"": ""edb8dd5001f02dd3a488fd63d664fcdc5514c4a93962bf1be534a0acf6e2c714"", ""tokenizer.json"": ""ff8cce547abc110590d19c6b5b6e0c6a7b4c8d1012d78b9c42131bae7f494a02"", ""tokenizer_config.json"": ""5afec58078ec072cdc9ad190a63c8657f9c47ec71068ff9c77423f1ea0422364""}",,7f29cebb9d06eca06ad0d6c690e4d5a083b71a9c42008f88e92474e3ff0eb98a,eb4075c77285da02c52794154760fa969fb21ab3dcceb0820cb7d2ba27d27471,http://images.cocodataset.org/train2017/000000159118.jpg,http://images.cocodataset.org/train2017/000000159118.jpg,,http://images.cocodataset.org/train2017/000000159118.jpg,facingcomp,tier_b_v0.1,"{""axis"": ""semantic"", ""complement_relation"": ""facing"", ""law"": ""flip_law"", ""note"": ""facing-antonym flip-law compliance diagnostic; Paper-1 treated facing <-> facing away from as an antonym complement pair; the Tier-B relcomp table soft-excludes it (oblique orientations) but this transform applies the Paper-1 antonym construct directly; NOT a universal strict logical complement (decision log 2026-08-11)"", ""original_relation"": ""facing away from"", ""transform"": ""facingcomp""}",,"{""do_sample"": false, ""max_new_tokens"": 5}",tier_b_r1_campaign_facing,9b994a2a052f86be9f9d15743c202c4e0c8e0c22,v0.1
vsr_test:1405,vsr_test:1405,test,facingcomp,semantic,The teddy bear is facing away from the book,The teddy bear is facing the book.,facing,orientation,teddy bear,book,True,False,flip_law,True,False, True.,Qwen/Qwen2-VL-7B-Instruct,,7B_hardneg_lora,/home/ubuntu/vlm-spatial-reasoning/checkpoints/qwen2vl_7b_hardneg_lora/final,"{""README.md"": ""ad67fbd14e29a7dae114b54d70c840eab4d917c7d4bbce31d8e923429325d12b"", ""adapter_config.json"": ""9c868e731d9e1e45f0f114c79b1eeca3c96b1d0d3a8f5f93d9ff5a73d690a9df"", ""adapter_model.safetensors"": ""aaad7a39d905ddffc323d02d3beb78717388f29dc19488b91eb5218f4814b697"", ""chat_template.jinja"": ""a0bc6f6fc7a29a80017a433e8f03a1cc1236e838a944a2d034295a60c4f2fddb"", ""processor_config.json"": ""edb8dd5001f02dd3a488fd63d664fcdc5514c4a93962bf1be534a0acf6e2c714"", ""tokenizer.json"": ""ff8cce547abc110590d19c6b5b6e0c6a7b4c8d1012d78b9c42131bae7f494a02"", ""tokenizer_config.json"": ""5afec58078ec072cdc9ad190a63c8657f9c47ec71068ff9c77423f1ea0422364""}",,7f29cebb9d06eca06ad0d6c690e4d5a083b71a9c42008f88e92474e3ff0eb98a,eb4075c77285da02c52794154760fa969fb21ab3dcceb0820cb7d2ba27d27471,http://images.cocodataset.org/train2017/000000369653.jpg,http://images.cocodataset.org/train2017/000000369653.jpg,,http://images.cocodataset.org/train2017/000000369653.jpg,facingcomp,tier_b_v0.1,"{""axis"": ""semantic"", ""complement_relation"": ""facing away from"", ""law"": ""flip_law"", ""note"": ""facing-antonym flip-law compliance diagnostic; Paper-1 treated facing <-> facing away from as an antonym complement pair; the Tier-B relcomp table soft-excludes it (oblique orientations) but this transform applies the Paper-1 antonym construct directly; NOT a universal strict logical complement (decision log 2026-08-11)"", ""original_relation"": ""facing"", ""transform"": ""facingcomp""}",,"{""do_sample"": false, ""max_new_tokens"": 5}",tier_b_r1_campaign_facing,9b994a2a052f86be9f9d15743c202c4e0c8e0c22,v0.1
vsr_test:1450,vsr_test:1450,test,facingcomp,semantic,The person is facing away from the bear,The person is facing the bear.,facing,orientation,person,bear,False,True,flip_law,False,False, False.,Qwen/Qwen2-VL-7B-Instruct,,7B_hardneg_lora,/home/ubuntu/vlm-spatial-reasoning/checkpoints/qwen2vl_7b_hardneg_lora/final,"{""README.md"": ""ad67fbd14e29a7dae114b54d70c840eab4d917c7d4bbce31d8e923429325d12b"", ""adapter_config.json"": ""9c868e731d9e1e45f0f114c79b1eeca3c96b1d0d3a8f5f93d9ff5a73d690a9df"", ""adapter_model.safetensors"": ""aaad7a39d905ddffc323d02d3beb78717388f29dc19488b91eb5218f4814b697"", ""chat_template.jinja"": ""a0bc6f6fc7a29a80017a433e8f03a1cc1236e838a944a2d034295a60c4f2fddb"", ""processor_config.json"": ""edb8dd5001f02dd3a488fd63d664fcdc5514c4a93962bf1be534a0acf6e2c714"", ""tokenizer.json"": ""ff8cce547abc110590d19c6b5b6e0c6a7b4c8d1012d78b9c42131bae7f494a02"", ""tokenizer_config.json"": ""5afec58078ec072cdc9ad190a63c8657f9c47ec71068ff9c77423f1ea0422364""}",,7f29cebb9d06eca06ad0d6c690e4d5a083b71a9c42008f88e92474e3ff0eb98a,eb4075c77285da02c52794154760fa969fb21ab3dcceb0820cb7d2ba27d27471,http://images.cocodataset.org/val2017/000000390826.jpg,http://images.cocodataset.org/val2017/000000390826.jpg,,http://images.cocodataset.org/val2017/000000390826.jpg,facingcomp,tier_b_v0.1,"{""axis"": ""semantic"", ""complement_relation"": ""facing away from"", ""law"": ""flip_law"", ""note"": ""facing-antonym flip-law compliance diagnostic; Paper-1 treated facing <-> facing away from as an antonym complement pair; the Tier-B relcomp table soft-excludes it (oblique orientations) but this transform applies the Paper-1 antonym construct directly; NOT a universal strict logical complement (decision log 2026-08-11)"", ""original_relation"": ""facing"", ""transform"": ""facingcomp""}",,"{""do_sample"": false, ""max_new_tokens"": 5}",tier_b_r1_campaign_facing,9b994a2a052f86be9f9d15743c202c4e0c8e0c22,v0.1
vsr_test:1457,vsr_test:1457,test,facingcomp,semantic,The cow is facing away from the chair,The cow is facing the chair.,facing,orientation,cow,chair,False,True,flip_law,True,True, True,Qwen/Qwen2-VL-7B-Instruct,,7B_hardneg_lora,/home/ubuntu/vlm-spatial-reasoning/checkpoints/qwen2vl_7b_hardneg_lora/final,"{""README.md"": ""ad67fbd14e29a7dae114b54d70c840eab4d917c7d4bbce31d8e923429325d12b"", ""adapter_config.json"": ""9c868e731d9e1e45f0f114c79b1eeca3c96b1d0d3a8f5f93d9ff5a73d690a9df"", ""adapter_model.safetensors"": ""aaad7a39d905ddffc323d02d3beb78717388f29dc19488b91eb5218f4814b697"", ""chat_template.jinja"": ""a0bc6f6fc7a29a80017a433e8f03a1cc1236e838a944a2d034295a60c4f2fddb"", ""processor_config.json"": ""edb8dd5001f02dd3a488fd63d664fcdc5514c4a93962bf1be534a0acf6e2c714"", ""tokenizer.json"": ""ff8cce547abc110590d19c6b5b6e0c6a7b4c8d1012d78b9c42131bae7f494a02"", ""tokenizer_config.json"": ""5afec58078ec072cdc9ad190a63c8657f9c47ec71068ff9c77423f1ea0422364""}",,7f29cebb9d06eca06ad0d6c690e4d5a083b71a9c42008f88e92474e3ff0eb98a,eb4075c77285da02c52794154760fa969fb21ab3dcceb0820cb7d2ba27d27471,http://images.cocodataset.org/train2017/000000316536.jpg,http://images.cocodataset.org/train2017/000000316536.jpg,,http://images.cocodataset.org/train2017/000000316536.jpg,facingcomp,tier_b_v0.1,"{""axis"": ""semantic"", ""complement_relation"": ""facing away from"", ""law"": ""flip_law"", ""note"": ""facing-antonym flip-law compliance diagnostic; Paper-1 treated facing <-> facing away from as an antonym complement pair; the Tier-B relcomp table soft-excludes it (oblique orientations) but this transform applies the Paper-1 antonym construct directly; NOT a universal strict logical complement (decision log 2026-08-11)"", ""original_relation"": ""facing"", ""transform"": ""facingcomp""}",,"{""do_sample"": false, ""max_new_tokens"": 5}",tier_b_r1_campaign_facing,9b994a2a052f86be9f9d15743c202c4e0c8e0c22,v0.1
vsr_test:1490,vsr_test:1490,test,facingcomp,semantic,The laptop is facing the person,The laptop is facing away from the person.,facing away from,orientation,laptop,person,True,False,flip_law,True,False, True.,Qwen/Qwen2-VL-7B-Instruct,,7B_hardneg_lora,/home/ubuntu/vlm-spatial-reasoning/checkpoints/qwen2vl_7b_hardneg_lora/final,"{""README.md"": ""ad67fbd14e29a7dae114b54d70c840eab4d917c7d4bbce31d8e923429325d12b"", ""adapter_config.json"": ""9c868e731d9e1e45f0f114c79b1eeca3c96b1d0d3a8f5f93d9ff5a73d690a9df"", ""adapter_model.safetensors"": ""aaad7a39d905ddffc323d02d3beb78717388f29dc19488b91eb5218f4814b697"", ""chat_template.jinja"": ""a0bc6f6fc7a29a80017a433e8f03a1cc1236e838a944a2d034295a60c4f2fddb"", ""processor_config.json"": ""edb8dd5001f02dd3a488fd63d664fcdc5514c4a93962bf1be534a0acf6e2c714"", ""tokenizer.json"": ""ff8cce547abc110590d19c6b5b6e0c6a7b4c8d1012d78b9c42131bae7f494a02"", ""tokenizer_config.json"": ""5afec58078ec072cdc9ad190a63c8657f9c47ec71068ff9c77423f1ea0422364""}",,7f29cebb9d06eca06ad0d6c690e4d5a083b71a9c42008f88e92474e3ff0eb98a,eb4075c77285da02c52794154760fa969fb21ab3dcceb0820cb7d2ba27d27471,http://images.cocodataset.org/train2017/000000517967.jpg,http://images.cocodataset.org/train2017/000000517967.jpg,,http://images.cocodataset.org/train2017/000000517967.jpg,facingcomp,tier_b_v0.1,"{""axis"": ""semantic"", ""complement_relation"": ""facing"", ""law"": ""flip_law"", ""note"": ""facing-antonym flip-law compliance diagnostic; Paper-1 treated facing <-> facing away from as an antonym complement pair; the Tier-B relcomp table soft-excludes it (oblique orientations) but this transform applies the Paper-1 antonym construct directly; NOT a universal strict logical complement (decision log 2026-08-11)"", ""original_relation"": ""facing away from"", ""transform"": ""facingcomp""}",,"{""do_sample"": false, ""max_new_tokens"": 5}",tier_b_r1_campaign_facing,9b994a2a052f86be9f9d15743c202c4e0c8e0c22,v0.1
vsr_test:1559,vsr_test:1559,test,facingcomp,semantic,The cat is facing away from the laptop,The cat is facing the laptop.,facing,orientation,cat,laptop,True,False,flip_law,True,False, True.,Qwen/Qwen2-VL-7B-Instruct,,7B_hardneg_lora,/home/ubuntu/vlm-spatial-reasoning/checkpoints/qwen2vl_7b_hardneg_lora/final,"{""README.md"": ""ad67fbd14e29a7dae114b54d70c840eab4d917c7d4bbce31d8e923429325d12b"", ""adapter_config.json"": ""9c868e731d9e1e45f0f114c79b1eeca3c96b1d0d3a8f5f93d9ff5a73d690a9df"", ""adapter_model.safetensors"": ""aaad7a39d905ddffc323d02d3beb78717388f29dc19488b91eb5218f4814b697"", ""chat_template.jinja"": ""a0bc6f6fc7a29a80017a433e8f03a1cc1236e838a944a2d034295a60c4f2fddb"", ""processor_config.json"": ""edb8dd5001f02dd3a488fd63d664fcdc5514c4a93962bf1be534a0acf6e2c714"", ""tokenizer.json"": ""ff8cce547abc110590d19c6b5b6e0c6a7b4c8d1012d78b9c42131bae7f494a02"", ""tokenizer_config.json"": ""5afec58078ec072cdc9ad190a63c8657f9c47ec71068ff9c77423f1ea0422364""}",,7f29cebb9d06eca06ad0d6c690e4d5a083b71a9c42008f88e92474e3ff0eb98a,eb4075c77285da02c52794154760fa969fb21ab3dcceb0820cb7d2ba27d27471,http://images.cocodataset.org/train2017/000000369208.jpg,http://images.cocodataset.org/train2017/000000369208.jpg,,http://images.cocodataset.org/train2017/000000369208.jpg,facingcomp,tier_b_v0.1,"{""axis"": ""semantic"", ""complement_relation"": ""facing away from"", ""law"": ""flip_law"", ""note"": ""facing-antonym flip-law compliance diagnostic; Paper-1 treated facing <-> facing away from as an antonym complement pair; the Tier-B relcomp table soft-excludes it (oblique orientations) but this transform applies the Paper-1 antonym construct directly; NOT a universal strict logical complement (decision log 2026-08-11)"", ""original_relation"": ""facing"", ""transform"": ""facingcomp""}",,"{""do_sample"": false, ""max_new_tokens"": 5}",tier_b_r1_campaign_facing,9b994a2a052f86be9f9d15743c202c4e0c8e0c22,v0.1
vsr_test:1592,vsr_test:1592,test,facingcomp,semantic,The dog is facing the person,The dog is facing away from the person.,facing away from,orientation,dog,person,False,True,flip_law,False,False, False.,Qwen/Qwen2-VL-7B-Instruct,,7B_hardneg_lora,/home/ubuntu/vlm-spatial-reasoning/checkpoints/qwen2vl_7b_hardneg_lora/final,"{""README.md"": ""ad67fbd14e29a7dae114b54d70c840eab4d917c7d4bbce31d8e923429325d12b"", ""adapter_config.json"": ""9c868e731d9e1e45f0f114c79b1eeca3c96b1d0d3a8f5f93d9ff5a73d690a9df"", ""adapter_model.safetensors"": ""aaad7a39d905ddffc323d02d3beb78717388f29dc19488b91eb5218f4814b697"", ""chat_template.jinja"": ""a0bc6f6fc7a29a80017a433e8f03a1cc1236e838a944a2d034295a60c4f2fddb"", ""processor_config.json"": ""edb8dd5001f02dd3a488fd63d664fcdc5514c4a93962bf1be534a0acf6e2c714"", ""tokenizer.json"": ""ff8cce547abc110590d19c6b5b6e0c6a7b4c8d1012d78b9c42131bae7f494a02"", ""tokenizer_config.json"": ""5afec58078ec072cdc9ad190a63c8657f9c47ec71068ff9c77423f1ea0422364""}",,7f29cebb9d06eca06ad0d6c690e4d5a083b71a9c42008f88e92474e3ff0eb98a,eb4075c77285da02c52794154760fa969fb21ab3dcceb0820cb7d2ba27d27471,http://images.cocodataset.org/train2017/000000542165.jpg,http://images.cocodataset.org/train2017/000000542165.jpg,,http://images.cocodataset.org/train2017/000000542165.jpg,facingcomp,tier_b_v0.1,"{""axis"": ""semantic"", ""complement_relation"": ""facing"", ""law"": ""flip_law"", ""note"": ""facing-antonym flip-law compliance diagnostic; Paper-1 treated facing <-> facing away from as an antonym complement pair; the Tier-B relcomp table soft-excludes it (oblique orientations) but this transform applies the Paper-1 antonym construct directly; NOT a universal strict logical complement (decision log 2026-08-11)"", ""original_relation"": ""facing away from"", ""transform"": ""facingcomp""}",,"{""do_sample"": false, ""max_new_tokens"": 5}",tier_b_r1_campaign_facing,9b994a2a052f86be9f9d15743c202c4e0c8e0c22,v0.1
vsr_test:1611,vsr_test:1611,test,facingcomp,semantic,The cat is facing away from the backpack,The cat is facing the backpack.,facing,orientation,cat,backpack,True,False,flip_law,False,True, False.,Qwen/Qwen2-VL-7B-Instruct,,7B_hardneg_lora,/home/ubuntu/vlm-spatial-reasoning/checkpoints/qwen2vl_7b_hardneg_lora/final,"{""README.md"": ""ad67fbd14e29a7dae114b54d70c840eab4d917c7d4bbce31d8e923429325d12b"", ""adapter_config.json"": ""9c868e731d9e1e45f0f114c79b1eeca3c96b1d0d3a8f5f93d9ff5a73d690a9df"", ""adapter_model.safetensors"": ""aaad7a39d905ddffc323d02d3beb78717388f29dc19488b91eb5218f4814b697"", ""chat_template.jinja"": ""a0bc6f6fc7a29a80017a433e8f03a1cc1236e838a944a2d034295a60c4f2fddb"", ""processor_config.json"": ""edb8dd5001f02dd3a488fd63d664fcdc5514c4a93962bf1be534a0acf6e2c714"", ""tokenizer.json"": ""ff8cce547abc110590d19c6b5b6e0c6a7b4c8d1012d78b9c42131bae7f494a02"", ""tokenizer_config.json"": ""5afec58078ec072cdc9ad190a63c8657f9c47ec71068ff9c77423f1ea0422364""}",,7f29cebb9d06eca06ad0d6c690e4d5a083b71a9c42008f88e92474e3ff0eb98a,eb4075c77285da02c52794154760fa969fb21ab3dcceb0820cb7d2ba27d27471,http://images.cocodataset.org/train2017/000000207093.jpg,http://images.cocodataset.org/train2017/000000207093.jpg,,http://images.cocodataset.org/train2017/000000207093.jpg,facingcomp,tier_b_v0.1,"{""axis"": ""semantic"", ""complement_relation"": ""facing away from"", ""law"": ""flip_law"", ""note"": ""facing-antonym flip-law compliance diagnostic; Paper-1 treated facing <-> facing away from as an antonym complement pair; the Tier-B relcomp table soft-excludes it (oblique orientations) but this transform applies the Paper-1 antonym construct directly; NOT a universal strict logical complement (decision log 2026-08-11)"", ""original_relation"": ""facing"", ""transform"": ""facingcomp""}",,"{""do_sample"": false, ""max_new_tokens"": 5}",tier_b_r1_campaign_facing,9b994a2a052f86be9f9d15743c202c4e0c8e0c22,v0.1
vsr_test:1617,vsr_test:1617,test,facingcomp,semantic,The cow is facing away from the bench,The cow is facing the bench.,facing,orientation,cow,bench,True,False,flip_law,True,False, True,Qwen/Qwen2-VL-7B-Instruct,,7B_hardneg_lora,/home/ubuntu/vlm-spatial-reasoning/checkpoints/qwen2vl_7b_hardneg_lora/final,"{""README.md"": ""ad67fbd14e29a7dae114b54d70c840eab4d917c7d4bbce31d8e923429325d12b"", ""adapter_config.json"": ""9c868e731d9e1e45f0f114c79b1eeca3c96b1d0d3a8f5f93d9ff5a73d690a9df"", ""adapter_model.safetensors"": ""aaad7a39d905ddffc323d02d3beb78717388f29dc19488b91eb5218f4814b697"", ""chat_template.jinja"": ""a0bc6f6fc7a29a80017a433e8f03a1cc1236e838a944a2d034295a60c4f2fddb"", ""processor_config.json"": ""edb8dd5001f02dd3a488fd63d664fcdc5514c4a93962bf1be534a0acf6e2c714"", ""tokenizer.json"": ""ff8cce547abc110590d19c6b5b6e0c6a7b4c8d1012d78b9c42131bae7f494a02"", ""tokenizer_config.json"": ""5afec58078ec072cdc9ad190a63c8657f9c47ec71068ff9c77423f1ea0422364""}",,7f29cebb9d06eca06ad0d6c690e4d5a083b71a9c42008f88e92474e3ff0eb98a,eb4075c77285da02c52794154760fa969fb21ab3dcceb0820cb7d2ba27d27471,http://images.cocodataset.org/train2017/000000182032.jpg,http://images.cocodataset.org/train2017/000000182032.jpg,,http://images.cocodataset.org/train2017/000000182032.jpg,facingcomp,tier_b_v0.1,"{""axis"": ""semantic"", ""complement_relation"": ""facing away from"", ""law"": ""flip_law"", ""note"": ""facing-antonym flip-law compliance diagnostic; Paper-1 treated facing <-> facing away from as an antonym complement pair; the Tier-B relcomp table soft-excludes it (oblique orientations) but this transform applies the Paper-1 antonym construct directly; NOT a universal strict logical complement (decision log 2026-08-11)"", ""original_relation"": ""facing"", ""transform"": ""facingcomp""}",,"{""do_sample"": false, ""max_new_tokens"": 5}",tier_b_r1_campaign_facing,9b994a2a052f86be9f9d15743c202c4e0c8e0c22,v0.1
vsr_test:1650,vsr_test:1650,test,facingcomp,semantic,The chair is facing away from the hot dog,The chair is facing the hot dog.,facing,orientation,chair,hot dog,False,True,flip_law,True,True, True,Qwen/Qwen2-VL-7B-Instruct,,7B_hardneg_lora,/home/ubuntu/vlm-spatial-reasoning/checkpoints/qwen2vl_7b_hardneg_lora/final,"{""README.md"": ""ad67fbd14e29a7dae114b54d70c840eab4d917c7d4bbce31d8e923429325d12b"", ""adapter_config.json"": ""9c868e731d9e1e45f0f114c79b1eeca3c96b1d0d3a8f5f93d9ff5a73d690a9df"", ""adapter_model.safetensors"": ""aaad7a39d905ddffc323d02d3beb78717388f29dc19488b91eb5218f4814b697"", ""chat_template.jinja"": ""a0bc6f6fc7a29a80017a433e8f03a1cc1236e838a944a2d034295a60c4f2fddb"", ""processor_config.json"": ""edb8dd5001f02dd3a488fd63d664fcdc5514c4a93962bf1be534a0acf6e2c714"", ""tokenizer.json"": ""ff8cce547abc110590d19c6b5b6e0c6a7b4c8d1012d78b9c42131bae7f494a02"", ""tokenizer_config.json"": ""5afec58078ec072cdc9ad190a63c8657f9c47ec71068ff9c77423f1ea0422364""}",,7f29cebb9d06eca06ad0d6c690e4d5a083b71a9c42008f88e92474e3ff0eb98a,eb4075c77285da02c52794154760fa969fb21ab3dcceb0820cb7d2ba27d27471,http://images.cocodataset.org/train2017/000000257073.jpg,http://images.cocodataset.org/train2017/000000257073.jpg,,http://images.cocodataset.org/train2017/000000257073.jpg,facingcomp,tier_b_v0.1,"{""axis"": ""semantic"", ""complement_relation"": ""facing away from"", ""law"": ""flip_law"", ""note"": ""facing-antonym flip-law compliance diagnostic; Paper-1 treated facing <-> facing away from as an antonym complement pair; the Tier-B relcomp table soft-excludes it (oblique orientations) but this transform applies the Paper-1 antonym construct directly; NOT a universal strict logical complement (decision log 2026-08-11)"", ""original_relation"": ""facing"", ""transform"": ""facingcomp""}",,"{""do_sample"": false, ""max_new_tokens"": 5}",tier_b_r1_campaign_facing,9b994a2a052f86be9f9d15743c202c4e0c8e0c22,v0.1
vsr_test:1760,vsr_test:1760,test,facingcomp,semantic,The person is facing away from the bed,The person is facing the bed.,facing,orientation,person,bed,True,False,flip_law,True,False, True,Qwen/Qwen2-VL-7B-Instruct,,7B_hardneg_lora,/home/ubuntu/vlm-spatial-reasoning/checkpoints/qwen2vl_7b_hardneg_lora/final,"{""README.md"": ""ad67fbd14e29a7dae114b54d70c840eab4d917c7d4bbce31d8e923429325d12b"", ""adapter_config.json"": ""9c868e731d9e1e45f0f114c79b1eeca3c96b1d0d3a8f5f93d9ff5a73d690a9df"", ""adapter_model.safetensors"": ""aaad7a39d905ddffc323d02d3beb78717388f29dc19488b91eb5218f4814b697"", ""chat_template.jinja"": ""a0bc6f6fc7a29a80017a433e8f03a1cc1236e838a944a2d034295a60c4f2fddb"", ""processor_config.json"": ""edb8dd5001f02dd3a488fd63d664fcdc5514c4a93962bf1be534a0acf6e2c714"", ""tokenizer.json"": ""ff8cce547abc110590d19c6b5b6e0c6a7b4c8d1012d78b9c42131bae7f494a02"", ""tokenizer_config.json"": ""5afec58078ec072cdc9ad190a63c8657f9c47ec71068ff9c77423f1ea0422364""}",,7f29cebb9d06eca06ad0d6c690e4d5a083b71a9c42008f88e92474e3ff0eb98a,eb4075c77285da02c52794154760fa969fb21ab3dcceb0820cb7d2ba27d27471,http://images.cocodataset.org/train2017/000000514254.jpg,http://images.cocodataset.org/train2017/000000514254.jpg,,http://images.cocodataset.org/train2017/000000514254.jpg,facingcomp,tier_b_v0.1,"{""axis"": ""semantic"", ""complement_relation"": ""facing away from"", ""law"": ""flip_law"", ""note"": ""facing-antonym flip-law compliance diagnostic; Paper-1 treated facing <-> facing away from as an antonym complement pair; the Tier-B relcomp table soft-excludes it (oblique orientations) but this transform applies the Paper-1 antonym construct directly; NOT a universal strict logical complement (decision log 2026-08-11)"", ""original_relation"": ""facing"", ""transform"": ""facingcomp""}",,"{""do_sample"": false, ""max_new_tokens"": 5}",tier_b_r1_campaign_facing,9b994a2a052f86be9f9d15743c202c4e0c8e0c22,v0.1
vsr_test:1773,vsr_test:1773,test,facingcomp,semantic,The cat is facing the bed,The cat is facing away from the bed.,facing away from,orientation,cat,bed,False,True,flip_law,False,False, False.,Qwen/Qwen2-VL-7B-Instruct,,7B_hardneg_lora,/home/ubuntu/vlm-spatial-reasoning/checkpoints/qwen2vl_7b_hardneg_lora/final,"{""README.md"": ""ad67fbd14e29a7dae114b54d70c840eab4d917c7d4bbce31d8e923429325d12b"", ""adapter_config.json"": ""9c868e731d9e1e45f0f114c79b1eeca3c96b1d0d3a8f5f93d9ff5a73d690a9df"", ""adapter_model.safetensors"": ""aaad7a39d905ddffc323d02d3beb78717388f29dc19488b91eb5218f4814b697"", ""chat_template.jinja"": ""a0bc6f6fc7a29a80017a433e8f03a1cc1236e838a944a2d034295a60c4f2fddb"", ""processor_config.json"": ""edb8dd5001f02dd3a488fd63d664fcdc5514c4a93962bf1be534a0acf6e2c714"", ""tokenizer.json"": ""ff8cce547abc110590d19c6b5b6e0c6a7b4c8d1012d78b9c42131bae7f494a02"", ""tokenizer_config.json"": ""5afec58078ec072cdc9ad190a63c8657f9c47ec71068ff9c77423f1ea0422364""}",,7f29cebb9d06eca06ad0d6c690e4d5a083b71a9c42008f88e92474e3ff0eb98a,eb4075c77285da02c52794154760fa969fb21ab3dcceb0820cb7d2ba27d27471,http://images.cocodataset.org/train2017/000000293276.jpg,http://images.cocodataset.org/train2017/000000293276.jpg,,http://images.cocodataset.org/train2017/000000293276.jpg,facingcomp,tier_b_v0.1,"{""axis"": ""semantic"", ""complement_relation"": ""facing"", ""law"": ""flip_law"", ""note"": ""facing-antonym flip-law compliance diagnostic; Paper-1 treated facing <-> facing away from as an antonym complement pair; the Tier-B relcomp table soft-excludes it (oblique orientations) but this transform applies the Paper-1 antonym construct directly; NOT a universal strict logical complement (decision log 2026-08-11)"", ""original_relation"": ""facing away from"", ""transform"": ""facingcomp""}",,"{""do_sample"": false, ""max_new_tokens"": 5}",tier_b_r1_campaign_facing,9b994a2a052f86be9f9d15743c202c4e0c8e0c22,v0.1
vsr_test:1792,vsr_test:1792,test,facingcomp,semantic,The cat is facing away from the person,The cat is facing the person.,facing,orientation,cat,person,True,False,flip_law,False,True, False.,Qwen/Qwen2-VL-7B-Instruct,,7B_hardneg_lora,/home/ubuntu/vlm-spatial-reasoning/checkpoints/qwen2vl_7b_hardneg_lora/final,"{""README.md"": ""ad67fbd14e29a7dae114b54d70c840eab4d917c7d4bbce31d8e923429325d12b"", ""adapter_config.json"": ""9c868e731d9e1e45f0f114c79b1eeca3c96b1d0d3a8f5f93d9ff5a73d690a9df"", ""adapter_model.safetensors"": ""aaad7a39d905ddffc323d02d3beb78717388f29dc19488b91eb5218f4814b697"", ""chat_template.jinja"": ""a0bc6f6fc7a29a80017a433e8f03a1cc1236e838a944a2d034295a60c4f2fddb"", ""processor_config.json"": ""edb8dd5001f02dd3a488fd63d664fcdc5514c4a93962bf1be534a0acf6e2c714"", ""tokenizer.json"": ""ff8cce547abc110590d19c6b5b6e0c6a7b4c8d1012d78b9c42131bae7f494a02"", ""tokenizer_config.json"": ""5afec58078ec072cdc9ad190a63c8657f9c47ec71068ff9c77423f1ea0422364""}",,7f29cebb9d06eca06ad0d6c690e4d5a083b71a9c42008f88e92474e3ff0eb98a,eb4075c77285da02c52794154760fa969fb21ab3dcceb0820cb7d2ba27d27471,http://images.cocodataset.org/train2017/000000434385.jpg,http://images.cocodataset.org/train2017/000000434385.jpg,,http://images.cocodataset.org/train2017/000000434385.jpg,facingcomp,tier_b_v0.1,"{""axis"": ""semantic"", ""complement_relation"": ""facing away from"", ""law"": ""flip_law"", ""note"": ""facing-antonym flip-law compliance diagnostic; Paper-1 treated facing <-> facing away from as an antonym complement pair; the Tier-B relcomp table soft-excludes it (oblique orientations) but this transform applies the Paper-1 antonym construct directly; NOT a universal strict logical complement (decision log 2026-08-11)"", ""original_relation"": ""facing"", ""transform"": ""facingcomp""}",,"{""do_sample"": false, ""max_new_tokens"": 5}",tier_b_r1_campaign_facing,9b994a2a052f86be9f9d15743c202c4e0c8e0c22,v0.1
vsr_test:1810,vsr_test:1810,test,facingcomp,semantic,The bus is facing away from the dining table,The bus is facing the dining table.,facing,orientation,bus,dining table,False,True,flip_law,True,True, True.,Qwen/Qwen2-VL-7B-Instruct,,7B_hardneg_lora,/home/ubuntu/vlm-spatial-reasoning/checkpoints/qwen2vl_7b_hardneg_lora/final,"{""README.md"": ""ad67fbd14e29a7dae114b54d70c840eab4d917c7d4bbce31d8e923429325d12b"", ""adapter_config.json"": ""9c868e731d9e1e45f0f114c79b1eeca3c96b1d0d3a8f5f93d9ff5a73d690a9df"", ""adapter_model.safetensors"": ""aaad7a39d905ddffc323d02d3beb78717388f29dc19488b91eb5218f4814b697"", ""chat_template.jinja"": ""a0bc6f6fc7a29a80017a433e8f03a1cc1236e838a944a2d034295a60c4f2fddb"", ""processor_config.json"": ""edb8dd5001f02dd3a488fd63d664fcdc5514c4a93962bf1be534a0acf6e2c714"", ""tokenizer.json"": ""ff8cce547abc110590d19c6b5b6e0c6a7b4c8d1012d78b9c42131bae7f494a02"", ""tokenizer_config.json"": ""5afec58078ec072cdc9ad190a63c8657f9c47ec71068ff9c77423f1ea0422364""}",,7f29cebb9d06eca06ad0d6c690e4d5a083b71a9c42008f88e92474e3ff0eb98a,eb4075c77285da02c52794154760fa969fb21ab3dcceb0820cb7d2ba27d27471,http://images.cocodataset.org/train2017/000000131361.jpg,http://images.cocodataset.org/train2017/000000131361.jpg,,http://images.cocodataset.org/train2017/000000131361.jpg,facingcomp,tier_b_v0.1,"{""axis"": ""semantic"", ""complement_relation"": ""facing away from"", ""law"": ""flip_law"", ""note"": ""facing-antonym flip-law compliance diagnostic; Paper-1 treated facing <-> facing away from as an antonym complement pair; the Tier-B relcomp table soft-excludes it (oblique orientations) but this transform applies the Paper-1 antonym construct directly; NOT a universal strict logical complement (decision log 2026-08-11)"", ""original_relation"": ""facing"", ""transform"": ""facingcomp""}",,"{""do_sample"": false, ""max_new_tokens"": 5}",tier_b_r1_campaign_facing,9b994a2a052f86be9f9d15743c202c4e0c8e0c22,v0.1
vsr_test:1816,vsr_test:1816,test,facingcomp,semantic,The book is facing away from the cat,The book is facing the cat.,facing,orientation,book,cat,False,True,flip_law,True,True, True.,Qwen/Qwen2-VL-7B-Instruct,,7B_hardneg_lora,/home/ubuntu/vlm-spatial-reasoning/checkpoints/qwen2vl_7b_hardneg_lora/final,"{""README.md"": ""ad67fbd14e29a7dae114b54d70c840eab4d917c7d4bbce31d8e923429325d12b"", ""adapter_config.json"": ""9c868e731d9e1e45f0f114c79b1eeca3c96b1d0d3a8f5f93d9ff5a73d690a9df"", ""adapter_model.safetensors"": ""aaad7a39d905ddffc323d02d3beb78717388f29dc19488b91eb5218f4814b697"", ""chat_template.jinja"": ""a0bc6f6fc7a29a80017a433e8f03a1cc1236e838a944a2d034295a60c4f2fddb"", ""processor_config.json"": ""edb8dd5001f02dd3a488fd63d664fcdc5514c4a93962bf1be534a0acf6e2c714"", ""tokenizer.json"": ""ff8cce547abc110590d19c6b5b6e0c6a7b4c8d1012d78b9c42131bae7f494a02"", ""tokenizer_config.json"": ""5afec58078ec072cdc9ad190a63c8657f9c47ec71068ff9c77423f1ea0422364""}",,7f29cebb9d06eca06ad0d6c690e4d5a083b71a9c42008f88e92474e3ff0eb98a,eb4075c77285da02c52794154760fa969fb21ab3dcceb0820cb7d2ba27d27471,http://images.cocodataset.org/train2017/000000481313.jpg,http://images.cocodataset.org/train2017/000000481313.jpg,,http://images.cocodataset.org/train2017/000000481313.jpg,facingcomp,tier_b_v0.1,"{""axis"": ""semantic"", ""complement_relation"": ""facing away from"", ""law"": ""flip_law"", ""note"": ""facing-antonym flip-law compliance diagnostic; Paper-1 treated facing <-> facing away from as an antonym complement pair; the Tier-B relcomp table soft-excludes it (oblique orientations) but this transform applies the Paper-1 antonym construct directly; NOT a universal strict logical complement (decision log 2026-08-11)"", ""original_relation"": ""facing"", ""transform"": ""facingcomp""}",,"{""do_sample"": false, ""max_new_tokens"": 5}",tier_b_r1_campaign_facing,9b994a2a052f86be9f9d15743c202c4e0c8e0c22,v0.1
vsr_test:1822,vsr_test:1822,test,facingcomp,semantic,The cat is facing away from the tv,The cat is facing the tv.,facing,orientation,cat,tv,True,False,flip_law,True,False, True,Qwen/Qwen2-VL-7B-Instruct,,7B_hardneg_lora,/home/ubuntu/vlm-spatial-reasoning/checkpoints/qwen2vl_7b_hardneg_lora/final,"{""README.md"": ""ad67fbd14e29a7dae114b54d70c840eab4d917c7d4bbce31d8e923429325d12b"", ""adapter_config.json"": ""9c868e731d9e1e45f0f114c79b1eeca3c96b1d0d3a8f5f93d9ff5a73d690a9df"", ""adapter_model.safetensors"": ""aaad7a39d905ddffc323d02d3beb78717388f29dc19488b91eb5218f4814b697"", ""chat_template.jinja"": ""a0bc6f6fc7a29a80017a433e8f03a1cc1236e838a944a2d034295a60c4f2fddb"", ""processor_config.json"": ""edb8dd5001f02dd3a488fd63d664fcdc5514c4a93962bf1be534a0acf6e2c714"", ""tokenizer.json"": ""ff8cce547abc110590d19c6b5b6e0c6a7b4c8d1012d78b9c42131bae7f494a02"", ""tokenizer_config.json"": ""5afec58078ec072cdc9ad190a63c8657f9c47ec71068ff9c77423f1ea0422364""}",,7f29cebb9d06eca06ad0d6c690e4d5a083b71a9c42008f88e92474e3ff0eb98a,eb4075c77285da02c52794154760fa969fb21ab3dcceb0820cb7d2ba27d27471,http://images.cocodataset.org/train2017/000000070033.jpg,http://images.cocodataset.org/train2017/000000070033.jpg,,http://images.cocodataset.org/train2017/000000070033.jpg,facingcomp,tier_b_v0.1,"{""axis"": ""semantic"", ""complement_relation"": ""facing away from"", ""law"": ""flip_law"", ""note"": ""facing-antonym flip-law compliance diagnostic; Paper-1 treated facing <-> facing away from as an antonym complement pair; the Tier-B relcomp table soft-excludes it (oblique orientations) but this transform applies the Paper-1 antonym construct directly; NOT a universal strict logical complement (decision log 2026-08-11)"", ""original_relation"": ""facing"", ""transform"": ""facingcomp""}",,"{""do_sample"": false, ""max_new_tokens"": 5}",tier_b_r1_campaign_facing,9b994a2a052f86be9f9d15743c202c4e0c8e0c22,v0.1
vsr_test:1877,vsr_test:1877,test,facingcomp,semantic,The laptop is facing away from the person,The laptop is facing the person.,facing,orientation,laptop,person,True,False,flip_law,False,True, False.,Qwen/Qwen2-VL-7B-Instruct,,7B_hardneg_lora,/home/ubuntu/vlm-spatial-reasoning/checkpoints/qwen2vl_7b_hardneg_lora/final,"{""README.md"": ""ad67fbd14e29a7dae114b54d70c840eab4d917c7d4bbce31d8e923429325d12b"", ""adapter_config.json"": ""9c868e731d9e1e45f0f114c79b1eeca3c96b1d0d3a8f5f93d9ff5a73d690a9df"", ""adapter_model.safetensors"": ""aaad7a39d905ddffc323d02d3beb78717388f29dc19488b91eb5218f4814b697"", ""chat_template.jinja"": ""a0bc6f6fc7a29a80017a433e8f03a1cc1236e838a944a2d034295a60c4f2fddb"", ""processor_config.json"": ""edb8dd5001f02dd3a488fd63d664fcdc5514c4a93962bf1be534a0acf6e2c714"", ""tokenizer.json"": ""ff8cce547abc110590d19c6b5b6e0c6a7b4c8d1012d78b9c42131bae7f494a02"", ""tokenizer_config.json"": ""5afec58078ec072cdc9ad190a63c8657f9c47ec71068ff9c77423f1ea0422364""}",,7f29cebb9d06eca06ad0d6c690e4d5a083b71a9c42008f88e92474e3ff0eb98a,eb4075c77285da02c52794154760fa969fb21ab3dcceb0820cb7d2ba27d27471,http://images.cocodataset.org/train2017/000000578572.jpg,http://images.cocodataset.org/train2017/000000578572.jpg,,http://images.cocodataset.org/train2017/000000578572.jpg,facingcomp,tier_b_v0.1,"{""axis"": ""semantic"", ""complement_relation"": ""facing away from"", ""law"": ""flip_law"", ""note"": ""facing-antonym flip-law compliance diagnostic; Paper-1 treated facing <-> facing away from as an antonym complement pair; the Tier-B relcomp table soft-excludes it (oblique orientations) but this transform applies the Paper-1 antonym construct directly; NOT a universal strict logical complement (decision log 2026-08-11)"", ""original_relation"": ""facing"", ""transform"": ""facingcomp""}",,"{""do_sample"": false, ""max_new_tokens"": 5}",tier_b_r1_campaign_facing,9b994a2a052f86be9f9d15743c202c4e0c8e0c22,v0.1
vsr_test:1893,vsr_test:1893,test,facingcomp,semantic,The teddy bear is facing away from the dog,The teddy bear is facing the dog.,facing,orientation,teddy bear,dog,False,True,flip_law,True,True, True.,Qwen/Qwen2-VL-7B-Instruct,,7B_hardneg_lora,/home/ubuntu/vlm-spatial-reasoning/checkpoints/qwen2vl_7b_hardneg_lora/final,"{""README.md"": ""ad67fbd14e29a7dae114b54d70c840eab4d917c7d4bbce31d8e923429325d12b"", ""adapter_config.json"": ""9c868e731d9e1e45f0f114c79b1eeca3c96b1d0d3a8f5f93d9ff5a73d690a9df"", ""adapter_model.safetensors"": ""aaad7a39d905ddffc323d02d3beb78717388f29dc19488b91eb5218f4814b697"", ""chat_template.jinja"": ""a0bc6f6fc7a29a80017a433e8f03a1cc1236e838a944a2d034295a60c4f2fddb"", ""processor_config.json"": ""edb8dd5001f02dd3a488fd63d664fcdc5514c4a93962bf1be534a0acf6e2c714"", ""tokenizer.json"": ""ff8cce547abc110590d19c6b5b6e0c6a7b4c8d1012d78b9c42131bae7f494a02"", ""tokenizer_config.json"": ""5afec58078ec072cdc9ad190a63c8657f9c47ec71068ff9c77423f1ea0422364""}",,7f29cebb9d06eca06ad0d6c690e4d5a083b71a9c42008f88e92474e3ff0eb98a,eb4075c77285da02c52794154760fa969fb21ab3dcceb0820cb7d2ba27d27471,http://images.cocodataset.org/train2017/000000135202.jpg,http://images.cocodataset.org/train2017/000000135202.jpg,,http://images.cocodataset.org/train2017/000000135202.jpg,facingcomp,tier_b_v0.1,"{""axis"": ""semantic"", ""complement_relation"": ""facing away from"", ""law"": ""flip_law"", ""note"": ""facing-antonym flip-law compliance diagnostic; Paper-1 treated facing <-> facing away from as an antonym complement pair; the Tier-B relcomp table soft-excludes it (oblique orientations) but this transform applies the Paper-1 antonym construct directly; NOT a universal strict logical complement (decision log 2026-08-11)"", ""original_relation"": ""facing"", ""transform"": ""facingcomp""}",,"{""do_sample"": false, ""max_new_tokens"": 5}",tier_b_r1_campaign_facing,9b994a2a052f86be9f9d15743c202c4e0c8e0c22,v0.1
vsr_test:1905,vsr_test:1905,test,facingcomp,semantic,The teddy bear is facing away from the person,The teddy bear is facing the person.,facing,orientation,teddy bear,person,True,False,flip_law,False,True, False.,Qwen/Qwen2-VL-7B-Instruct,,7B_hardneg_lora,/home/ubuntu/vlm-spatial-reasoning/checkpoints/qwen2vl_7b_hardneg_lora/final,"{""README.md"": ""ad67fbd14e29a7dae114b54d70c840eab4d917c7d4bbce31d8e923429325d12b"", ""adapter_config.json"": ""9c868e731d9e1e45f0f114c79b1eeca3c96b1d0d3a8f5f93d9ff5a73d690a9df"", ""adapter_model.safetensors"": ""aaad7a39d905ddffc323d02d3beb78717388f29dc19488b91eb5218f4814b697"", ""chat_template.jinja"": ""a0bc6f6fc7a29a80017a433e8f03a1cc1236e838a944a2d034295a60c4f2fddb"", ""processor_config.json"": ""edb8dd5001f02dd3a488fd63d664fcdc5514c4a93962bf1be534a0acf6e2c714"", ""tokenizer.json"": ""ff8cce547abc110590d19c6b5b6e0c6a7b4c8d1012d78b9c42131bae7f494a02"", ""tokenizer_config.json"": ""5afec58078ec072cdc9ad190a63c8657f9c47ec71068ff9c77423f1ea0422364""}",,7f29cebb9d06eca06ad0d6c690e4d5a083b71a9c42008f88e92474e3ff0eb98a,eb4075c77285da02c52794154760fa969fb21ab3dcceb0820cb7d2ba27d27471,http://images.cocodataset.org/train2017/000000002839.jpg,http://images.cocodataset.org/train2017/000000002839.jpg,,http://images.cocodataset.org/train2017/000000002839.jpg,facingcomp,tier_b_v0.1,"{""axis"": ""semantic"", ""complement_relation"": ""facing away from"", ""law"": ""flip_law"", ""note"": ""facing-antonym flip-law compliance diagnostic; Paper-1 treated facing <-> facing away from as an antonym complement pair; the Tier-B relcomp table soft-excludes it (oblique orientations) but this transform applies the Paper-1 antonym construct directly; NOT a universal strict logical complement (decision log 2026-08-11)"", ""original_relation"": ""facing"", ""transform"": ""facingcomp""}",,"{""do_sample"": false, ""max_new_tokens"": 5}",tier_b_r1_campaign_facing,9b994a2a052f86be9f9d15743c202c4e0c8e0c22,v0.1
vsr_test:1910,vsr_test:1910,test,facingcomp,semantic,The person is facing the toaster,The person is facing away from the toaster.,facing away from,orientation,person,toaster,False,True,flip_law,True,True, True,Qwen/Qwen2-VL-7B-Instruct,,7B_hardneg_lora,/home/ubuntu/vlm-spatial-reasoning/checkpoints/qwen2vl_7b_hardneg_lora/final,"{""README.md"": ""ad67fbd14e29a7dae114b54d70c840eab4d917c7d4bbce31d8e923429325d12b"", ""adapter_config.json"": ""9c868e731d9e1e45f0f114c79b1eeca3c96b1d0d3a8f5f93d9ff5a73d690a9df"", ""adapter_model.safetensors"": ""aaad7a39d905ddffc323d02d3beb78717388f29dc19488b91eb5218f4814b697"", ""chat_template.jinja"": ""a0bc6f6fc7a29a80017a433e8f03a1cc1236e838a944a2d034295a60c4f2fddb"", ""processor_config.json"": ""edb8dd5001f02dd3a488fd63d664fcdc5514c4a93962bf1be534a0acf6e2c714"", ""tokenizer.json"": ""ff8cce547abc110590d19c6b5b6e0c6a7b4c8d1012d78b9c42131bae7f494a02"", ""tokenizer_config.json"": ""5afec58078ec072cdc9ad190a63c8657f9c47ec71068ff9c77423f1ea0422364""}",,7f29cebb9d06eca06ad0d6c690e4d5a083b71a9c42008f88e92474e3ff0eb98a,eb4075c77285da02c52794154760fa969fb21ab3dcceb0820cb7d2ba27d27471,http://images.cocodataset.org/train2017/000000174496.jpg,http://images.cocodataset.org/train2017/000000174496.jpg,,http://images.cocodataset.org/train2017/000000174496.jpg,facingcomp,tier_b_v0.1,"{""axis"": ""semantic"", ""complement_relation"": ""facing"", ""law"": ""flip_law"", ""note"": ""facing-antonym flip-law compliance diagnostic; Paper-1 treated facing <-> facing away from as an antonym complement pair; the Tier-B relcomp table soft-excludes it (oblique orientations) but this transform applies the Paper-1 antonym construct directly; NOT a universal strict logical complement (decision log 2026-08-11)"", ""original_relation"": ""facing away from"", ""transform"": ""facingcomp""}",,"{""do_sample"": false, ""max_new_tokens"": 5}",tier_b_r1_campaign_facing,9b994a2a052f86be9f9d15743c202c4e0c8e0c22,v0.1
vsr_test:1911,vsr_test:1911,test,facingcomp,semantic,The bench is facing the parking meter,The bench is facing away from the parking meter.,facing away from,orientation,bench,parking meter,True,False,flip_law,True,False, True.,Qwen/Qwen2-VL-7B-Instruct,,7B_hardneg_lora,/home/ubuntu/vlm-spatial-reasoning/checkpoints/qwen2vl_7b_hardneg_lora/final,"{""README.md"": ""ad67fbd14e29a7dae114b54d70c840eab4d917c7d4bbce31d8e923429325d12b"", ""adapter_config.json"": ""9c868e731d9e1e45f0f114c79b1eeca3c96b1d0d3a8f5f93d9ff5a73d690a9df"", ""adapter_model.safetensors"": ""aaad7a39d905ddffc323d02d3beb78717388f29dc19488b91eb5218f4814b697"", ""chat_template.jinja"": ""a0bc6f6fc7a29a80017a433e8f03a1cc1236e838a944a2d034295a60c4f2fddb"", ""processor_config.json"": ""edb8dd5001f02dd3a488fd63d664fcdc5514c4a93962bf1be534a0acf6e2c714"", ""tokenizer.json"": ""ff8cce547abc110590d19c6b5b6e0c6a7b4c8d1012d78b9c42131bae7f494a02"", ""tokenizer_config.json"": ""5afec58078ec072cdc9ad190a63c8657f9c47ec71068ff9c77423f1ea0422364""}",,7f29cebb9d06eca06ad0d6c690e4d5a083b71a9c42008f88e92474e3ff0eb98a,eb4075c77285da02c52794154760fa969fb21ab3dcceb0820cb7d2ba27d27471,http://images.cocodataset.org/val2017/000000333956.jpg,http://images.cocodataset.org/val2017/000000333956.jpg,,http://images.cocodataset.org/val2017/000000333956.jpg,facingcomp,tier_b_v0.1,"{""axis"": ""semantic"", ""complement_relation"": ""facing"", ""law"": ""flip_law"", ""note"": ""facing-antonym flip-law compliance diagnostic; Paper-1 treated facing <-> facing away from as an antonym complement pair; the Tier-B relcomp table soft-excludes it (oblique orientations) but this transform applies the Paper-1 antonym construct directly; NOT a universal strict logical complement (decision log 2026-08-11)"", ""original_relation"": ""facing away from"", ""transform"": ""facingcomp""}",,"{""do_sample"": false, ""max_new_tokens"": 5}",tier_b_r1_campaign_facing,9b994a2a052f86be9f9d15743c202c4e0c8e0c22,v0.1
vsr_test:1928,vsr_test:1928,test,facingcomp,semantic,The umbrella is facing away from the bed,The umbrella is facing the bed.,facing,orientation,umbrella,bed,False,True,flip_law,True,True, True,Qwen/Qwen2-VL-7B-Instruct,,7B_hardneg_lora,/home/ubuntu/vlm-spatial-reasoning/checkpoints/qwen2vl_7b_hardneg_lora/final,"{""README.md"": ""ad67fbd14e29a7dae114b54d70c840eab4d917c7d4bbce31d8e923429325d12b"", ""adapter_config.json"": ""9c868e731d9e1e45f0f114c79b1eeca3c96b1d0d3a8f5f93d9ff5a73d690a9df"", ""adapter_model.safetensors"": ""aaad7a39d905ddffc323d02d3beb78717388f29dc19488b91eb5218f4814b697"", ""chat_template.jinja"": ""a0bc6f6fc7a29a80017a433e8f03a1cc1236e838a944a2d034295a60c4f2fddb"", ""processor_config.json"": ""edb8dd5001f02dd3a488fd63d664fcdc5514c4a93962bf1be534a0acf6e2c714"", ""tokenizer.json"": ""ff8cce547abc110590d19c6b5b6e0c6a7b4c8d1012d78b9c42131bae7f494a02"", ""tokenizer_config.json"": ""5afec58078ec072cdc9ad190a63c8657f9c47ec71068ff9c77423f1ea0422364""}",,7f29cebb9d06eca06ad0d6c690e4d5a083b71a9c42008f88e92474e3ff0eb98a,eb4075c77285da02c52794154760fa969fb21ab3dcceb0820cb7d2ba27d27471,http://images.cocodataset.org/train2017/000000553361.jpg,http://images.cocodataset.org/train2017/000000553361.jpg,,http://images.cocodataset.org/train2017/000000553361.jpg,facingcomp,tier_b_v0.1,"{""axis"": ""semantic"", ""complement_relation"": ""facing away from"", ""law"": ""flip_law"", ""note"": ""facing-antonym flip-law compliance diagnostic; Paper-1 treated facing <-> facing away from as an antonym complement pair; the Tier-B relcomp table soft-excludes it (oblique orientations) but this transform applies the Paper-1 antonym construct directly; NOT a universal strict logical complement (decision log 2026-08-11)"", ""original_relation"": ""facing"", ""transform"": ""facingcomp""}",,"{""do_sample"": false, ""max_new_tokens"": 5}",tier_b_r1_campaign_facing,9b994a2a052f86be9f9d15743c202c4e0c8e0c22,v0.1
vsr_test:1934,vsr_test:1934,test,facingcomp,semantic,The person is facing away from the laptop,The person is facing the laptop.,facing,orientation,person,laptop,True,False,flip_law,False,True, False.,Qwen/Qwen2-VL-7B-Instruct,,7B_hardneg_lora,/home/ubuntu/vlm-spatial-reasoning/checkpoints/qwen2vl_7b_hardneg_lora/final,"{""README.md"": ""ad67fbd14e29a7dae114b54d70c840eab4d917c7d4bbce31d8e923429325d12b"", ""adapter_config.json"": ""9c868e731d9e1e45f0f114c79b1eeca3c96b1d0d3a8f5f93d9ff5a73d690a9df"", ""adapter_model.safetensors"": ""aaad7a39d905ddffc323d02d3beb78717388f29dc19488b91eb5218f4814b697"", ""chat_template.jinja"": ""a0bc6f6fc7a29a80017a433e8f03a1cc1236e838a944a2d034295a60c4f2fddb"", ""processor_config.json"": ""edb8dd5001f02dd3a488fd63d664fcdc5514c4a93962bf1be534a0acf6e2c714"", ""tokenizer.json"": ""ff8cce547abc110590d19c6b5b6e0c6a7b4c8d1012d78b9c42131bae7f494a02"", ""tokenizer_config.json"": ""5afec58078ec072cdc9ad190a63c8657f9c47ec71068ff9c77423f1ea0422364""}",,7f29cebb9d06eca06ad0d6c690e4d5a083b71a9c42008f88e92474e3ff0eb98a,eb4075c77285da02c52794154760fa969fb21ab3dcceb0820cb7d2ba27d27471,http://images.cocodataset.org/train2017/000000294083.jpg,http://images.cocodataset.org/train2017/000000294083.jpg,,http://images.cocodataset.org/train2017/000000294083.jpg,facingcomp,tier_b_v0.1,"{""axis"": ""semantic"", ""complement_relation"": ""facing away from"", ""law"": ""flip_law"", ""note"": ""facing-antonym flip-law compliance diagnostic; Paper-1 treated facing <-> facing away from as an antonym complement pair; the Tier-B relcomp table soft-excludes it (oblique orientations) but this transform applies the Paper-1 antonym construct directly; NOT a universal strict logical complement (decision log 2026-08-11)"", ""original_relation"": ""facing"", ""transform"": ""facingcomp""}",,"{""do_sample"": false, ""max_new_tokens"": 5}",tier_b_r1_campaign_facing,9b994a2a052f86be9f9d15743c202c4e0c8e0c22,v0.1
vsr_test:1939,vsr_test:1939,test,facingcomp,semantic,The person is facing the refrigerator,The person is facing away from the refrigerator.,facing away from,orientation,person,refrigerator,True,False,flip_law,False,True, False.,Qwen/Qwen2-VL-7B-Instruct,,7B_hardneg_lora,/home/ubuntu/vlm-spatial-reasoning/checkpoints/qwen2vl_7b_hardneg_lora/final,"{""README.md"": ""ad67fbd14e29a7dae114b54d70c840eab4d917c7d4bbce31d8e923429325d12b"", ""adapter_config.json"": ""9c868e731d9e1e45f0f114c79b1eeca3c96b1d0d3a8f5f93d9ff5a73d690a9df"", ""adapter_model.safetensors"": ""aaad7a39d905ddffc323d02d3beb78717388f29dc19488b91eb5218f4814b697"", ""chat_template.jinja"": ""a0bc6f6fc7a29a80017a433e8f03a1cc1236e838a944a2d034295a60c4f2fddb"", ""processor_config.json"": ""edb8dd5001f02dd3a488fd63d664fcdc5514c4a93962bf1be534a0acf6e2c714"", ""tokenizer.json"": ""ff8cce547abc110590d19c6b5b6e0c6a7b4c8d1012d78b9c42131bae7f494a02"", ""tokenizer_config.json"": ""5afec58078ec072cdc9ad190a63c8657f9c47ec71068ff9c77423f1ea0422364""}",,7f29cebb9d06eca06ad0d6c690e4d5a083b71a9c42008f88e92474e3ff0eb98a,eb4075c77285da02c52794154760fa969fb21ab3dcceb0820cb7d2ba27d27471,http://images.cocodataset.org/train2017/000000272253.jpg,http://images.cocodataset.org/train2017/000000272253.jpg,,http://images.cocodataset.org/train2017/000000272253.jpg,facingcomp,tier_b_v0.1,"{""axis"": ""semantic"", ""complement_relation"": ""facing"", ""law"": ""flip_law"", ""note"": ""facing-antonym flip-law compliance diagnostic; Paper-1 treated facing <-> facing away from as an antonym complement pair; the Tier-B relcomp table soft-excludes it (oblique orientations) but this transform applies the Paper-1 antonym construct directly; NOT a universal strict logical complement (decision log 2026-08-11)"", ""original_relation"": ""facing away from"", ""transform"": ""facingcomp""}",,"{""do_sample"": false, ""max_new_tokens"": 5}",tier_b_r1_campaign_facing,9b994a2a052f86be9f9d15743c202c4e0c8e0c22,v0.1
vsr_test:1949,vsr_test:1949,test,facingcomp,semantic,The cow is facing away from the dog,The cow is facing the dog.,facing,orientation,cow,dog,True,False,flip_law,False,True, False.,Qwen/Qwen2-VL-7B-Instruct,,7B_hardneg_lora,/home/ubuntu/vlm-spatial-reasoning/checkpoints/qwen2vl_7b_hardneg_lora/final,"{""README.md"": ""ad67fbd14e29a7dae114b54d70c840eab4d917c7d4bbce31d8e923429325d12b"", ""adapter_config.json"": ""9c868e731d9e1e45f0f114c79b1eeca3c96b1d0d3a8f5f93d9ff5a73d690a9df"", ""adapter_model.safetensors"": ""aaad7a39d905ddffc323d02d3beb78717388f29dc19488b91eb5218f4814b697"", ""chat_template.jinja"": ""a0bc6f6fc7a29a80017a433e8f03a1cc1236e838a944a2d034295a60c4f2fddb"", ""processor_config.json"": ""edb8dd5001f02dd3a488fd63d664fcdc5514c4a93962bf1be534a0acf6e2c714"", ""tokenizer.json"": ""ff8cce547abc110590d19c6b5b6e0c6a7b4c8d1012d78b9c42131bae7f494a02"", ""tokenizer_config.json"": ""5afec58078ec072cdc9ad190a63c8657f9c47ec71068ff9c77423f1ea0422364""}",,7f29cebb9d06eca06ad0d6c690e4d5a083b71a9c42008f88e92474e3ff0eb98a,eb4075c77285da02c52794154760fa969fb21ab3dcceb0820cb7d2ba27d27471,http://images.cocodataset.org/train2017/000000036345.jpg,http://images.cocodataset.org/train2017/000000036345.jpg,,http://images.cocodataset.org/train2017/000000036345.jpg,facingcomp,tier_b_v0.1,"{""axis"": ""semantic"", ""complement_relation"": ""facing away from"", ""law"": ""flip_law"", ""note"": ""facing-antonym flip-law compliance diagnostic; Paper-1 treated facing <-> facing away from as an antonym complement pair; the Tier-B relcomp table soft-excludes it (oblique orientations) but this transform applies the Paper-1 antonym construct directly; NOT a universal strict logical complement (decision log 2026-08-11)"", ""original_relation"": ""facing"", ""transform"": ""facingcomp""}",,"{""do_sample"": false, ""max_new_tokens"": 5}",tier_b_r1_campaign_facing,9b994a2a052f86be9f9d15743c202c4e0c8e0c22,v0.1
vsr_test:1953,vsr_test:1953,test,facingcomp,semantic,The cow is facing the person,The cow is facing away from the person.,facing away from,orientation,cow,person,True,False,flip_law,False,True, False.,Qwen/Qwen2-VL-7B-Instruct,,7B_hardneg_lora,/home/ubuntu/vlm-spatial-reasoning/checkpoints/qwen2vl_7b_hardneg_lora/final,"{""README.md"": ""ad67fbd14e29a7dae114b54d70c840eab4d917c7d4bbce31d8e923429325d12b"", ""adapter_config.json"": ""9c868e731d9e1e45f0f114c79b1eeca3c96b1d0d3a8f5f93d9ff5a73d690a9df"", ""adapter_model.safetensors"": ""aaad7a39d905ddffc323d02d3beb78717388f29dc19488b91eb5218f4814b697"", ""chat_template.jinja"": ""a0bc6f6fc7a29a80017a433e8f03a1cc1236e838a944a2d034295a60c4f2fddb"", ""processor_config.json"": ""edb8dd5001f02dd3a488fd63d664fcdc5514c4a93962bf1be534a0acf6e2c714"", ""tokenizer.json"": ""ff8cce547abc110590d19c6b5b6e0c6a7b4c8d1012d78b9c42131bae7f494a02"", ""tokenizer_config.json"": ""5afec58078ec072cdc9ad190a63c8657f9c47ec71068ff9c77423f1ea0422364""}",,7f29cebb9d06eca06ad0d6c690e4d5a083b71a9c42008f88e92474e3ff0eb98a,eb4075c77285da02c52794154760fa969fb21ab3dcceb0820cb7d2ba27d27471,http://images.cocodataset.org/train2017/000000146236.jpg,http://images.cocodataset.org/train2017/000000146236.jpg,,http://images.cocodataset.org/train2017/000000146236.jpg,facingcomp,tier_b_v0.1,"{""axis"": ""semantic"", ""complement_relation"": ""facing"", ""law"": ""flip_law"", ""note"": ""facing-antonym flip-law compliance diagnostic; Paper-1 treated facing <-> facing away from as an antonym complement pair; the Tier-B relcomp table soft-excludes it (oblique orientations) but this transform applies the Paper-1 antonym construct directly; NOT a universal strict logical complement (decision log 2026-08-11)"", ""original_relation"": ""facing away from"", ""transform"": ""facingcomp""}",,"{""do_sample"": false, ""max_new_tokens"": 5}",tier_b_r1_campaign_facing,9b994a2a052f86be9f9d15743c202c4e0c8e0c22,v0.1
vsr_test:1997,vsr_test:1997,test,facingcomp,semantic,The cat is facing the toilet,The cat is facing away from the toilet.,facing away from,orientation,cat,toilet,False,True,flip_law,True,True, True,Qwen/Qwen2-VL-7B-Instruct,,7B_hardneg_lora,/home/ubuntu/vlm-spatial-reasoning/checkpoints/qwen2vl_7b_hardneg_lora/final,"{""README.md"": ""ad67fbd14e29a7dae114b54d70c840eab4d917c7d4bbce31d8e923429325d12b"", ""adapter_config.json"": ""9c868e731d9e1e45f0f114c79b1eeca3c96b1d0d3a8f5f93d9ff5a73d690a9df"", ""adapter_model.safetensors"": ""aaad7a39d905ddffc323d02d3beb78717388f29dc19488b91eb5218f4814b697"", ""chat_template.jinja"": ""a0bc6f6fc7a29a80017a433e8f03a1cc1236e838a944a2d034295a60c4f2fddb"", ""processor_config.json"": ""edb8dd5001f02dd3a488fd63d664fcdc5514c4a93962bf1be534a0acf6e2c714"", ""tokenizer.json"": ""ff8cce547abc110590d19c6b5b6e0c6a7b4c8d1012d78b9c42131bae7f494a02"", ""tokenizer_config.json"": ""5afec58078ec072cdc9ad190a63c8657f9c47ec71068ff9c77423f1ea0422364""}",,7f29cebb9d06eca06ad0d6c690e4d5a083b71a9c42008f88e92474e3ff0eb98a,eb4075c77285da02c52794154760fa969fb21ab3dcceb0820cb7d2ba27d27471,http://images.cocodataset.org/train2017/000000439486.jpg,http://images.cocodataset.org/train2017/000000439486.jpg,,http://images.cocodataset.org/train2017/000000439486.jpg,facingcomp,tier_b_v0.1,"{""axis"": ""semantic"", ""complement_relation"": ""facing"", ""law"": ""flip_law"", ""note"": ""facing-antonym flip-law compliance diagnostic; Paper-1 treated facing <-> facing away from as an antonym complement pair; the Tier-B relcomp table soft-excludes it (oblique orientations) but this transform applies the Paper-1 antonym construct directly; NOT a universal strict logical complement (decision log 2026-08-11)"", ""original_relation"": ""facing away from"", ""transform"": ""facingcomp""}",,"{""do_sample"": false, ""max_new_tokens"": 5}",tier_b_r1_campaign_facing,9b994a2a052f86be9f9d15743c202c4e0c8e0c22,v0.1
vsr_test:1999,vsr_test:1999,test,facingcomp,semantic,The refrigerator is facing away from the person,The refrigerator is facing the person.,facing,orientation,refrigerator,person,True,False,flip_law,False,True, False.,Qwen/Qwen2-VL-7B-Instruct,,7B_hardneg_lora,/home/ubuntu/vlm-spatial-reasoning/checkpoints/qwen2vl_7b_hardneg_lora/final,"{""README.md"": ""ad67fbd14e29a7dae114b54d70c840eab4d917c7d4bbce31d8e923429325d12b"", ""adapter_config.json"": ""9c868e731d9e1e45f0f114c79b1eeca3c96b1d0d3a8f5f93d9ff5a73d690a9df"", ""adapter_model.safetensors"": ""aaad7a39d905ddffc323d02d3beb78717388f29dc19488b91eb5218f4814b697"", ""chat_template.jinja"": ""a0bc6f6fc7a29a80017a433e8f03a1cc1236e838a944a2d034295a60c4f2fddb"", ""processor_config.json"": ""edb8dd5001f02dd3a488fd63d664fcdc5514c4a93962bf1be534a0acf6e2c714"", ""tokenizer.json"": ""ff8cce547abc110590d19c6b5b6e0c6a7b4c8d1012d78b9c42131bae7f494a02"", ""tokenizer_config.json"": ""5afec58078ec072cdc9ad190a63c8657f9c47ec71068ff9c77423f1ea0422364""}",,7f29cebb9d06eca06ad0d6c690e4d5a083b71a9c42008f88e92474e3ff0eb98a,eb4075c77285da02c52794154760fa969fb21ab3dcceb0820cb7d2ba27d27471,http://images.cocodataset.org/train2017/000000116334.jpg,http://images.cocodataset.org/train2017/000000116334.jpg,,http://images.cocodataset.org/train2017/000000116334.jpg,facingcomp,tier_b_v0.1,"{""axis"": ""semantic"", ""complement_relation"": ""facing away from"", ""law"": ""flip_law"", ""note"": ""facing-antonym flip-law compliance diagnostic; Paper-1 treated facing <-> facing away from as an antonym complement pair; the Tier-B relcomp table soft-excludes it (oblique orientations) but this transform applies the Paper-1 antonym construct directly; NOT a universal strict logical complement (decision log 2026-08-11)"", ""original_relation"": ""facing"", ""transform"": ""facingcomp""}",,"{""do_sample"": false, ""max_new_tokens"": 5}",tier_b_r1_campaign_facing,9b994a2a052f86be9f9d15743c202c4e0c8e0c22,v0.1
vsr_test:2000,vsr_test:2000,test,facingcomp,semantic,The cat is facing the tv,The cat is facing away from the tv.,facing away from,orientation,cat,tv,False,True,flip_law,True,True, True,Qwen/Qwen2-VL-7B-Instruct,,7B_hardneg_lora,/home/ubuntu/vlm-spatial-reasoning/checkpoints/qwen2vl_7b_hardneg_lora/final,"{""README.md"": ""ad67fbd14e29a7dae114b54d70c840eab4d917c7d4bbce31d8e923429325d12b"", ""adapter_config.json"": ""9c868e731d9e1e45f0f114c79b1eeca3c96b1d0d3a8f5f93d9ff5a73d690a9df"", ""adapter_model.safetensors"": ""aaad7a39d905ddffc323d02d3beb78717388f29dc19488b91eb5218f4814b697"", ""chat_template.jinja"": ""a0bc6f6fc7a29a80017a433e8f03a1cc1236e838a944a2d034295a60c4f2fddb"", ""processor_config.json"": ""edb8dd5001f02dd3a488fd63d664fcdc5514c4a93962bf1be534a0acf6e2c714"", ""tokenizer.json"": ""ff8cce547abc110590d19c6b5b6e0c6a7b4c8d1012d78b9c42131bae7f494a02"", ""tokenizer_config.json"": ""5afec58078ec072cdc9ad190a63c8657f9c47ec71068ff9c77423f1ea0422364""}",,7f29cebb9d06eca06ad0d6c690e4d5a083b71a9c42008f88e92474e3ff0eb98a,eb4075c77285da02c52794154760fa969fb21ab3dcceb0820cb7d2ba27d27471,http://images.cocodataset.org/train2017/000000087456.jpg,http://images.cocodataset.org/train2017/000000087456.jpg,,http://images.cocodataset.org/train2017/000000087456.jpg,facingcomp,tier_b_v0.1,"{""axis"": ""semantic"", ""complement_relation"": ""facing"", ""law"": ""flip_law"", ""note"": ""facing-antonym flip-law compliance diagnostic; Paper-1 treated facing <-> facing away from as an antonym complement pair; the Tier-B relcomp table soft-excludes it (oblique orientations) but this transform applies the Paper-1 antonym construct directly; NOT a universal strict logical complement (decision log 2026-08-11)"", ""original_relation"": ""facing away from"", ""transform"": ""facingcomp""}",,"{""do_sample"": false, ""max_new_tokens"": 5}",tier_b_r1_campaign_facing,9b994a2a052f86be9f9d15743c202c4e0c8e0c22,v0.1
vsr_test:2015,vsr_test:2015,test,facingcomp,semantic,The couch is facing the laptop,The couch is facing away from the laptop.,facing away from,orientation,couch,laptop,False,True,flip_law,True,True, True.,Qwen/Qwen2-VL-7B-Instruct,,7B_hardneg_lora,/home/ubuntu/vlm-spatial-reasoning/checkpoints/qwen2vl_7b_hardneg_lora/final,"{""README.md"": ""ad67fbd14e29a7dae114b54d70c840eab4d917c7d4bbce31d8e923429325d12b"", ""adapter_config.json"": ""9c868e731d9e1e45f0f114c79b1eeca3c96b1d0d3a8f5f93d9ff5a73d690a9df"", ""adapter_model.safetensors"": ""aaad7a39d905ddffc323d02d3beb78717388f29dc19488b91eb5218f4814b697"", ""chat_template.jinja"": ""a0bc6f6fc7a29a80017a433e8f03a1cc1236e838a944a2d034295a60c4f2fddb"", ""processor_config.json"": ""edb8dd5001f02dd3a488fd63d664fcdc5514c4a93962bf1be534a0acf6e2c714"", ""tokenizer.json"": ""ff8cce547abc110590d19c6b5b6e0c6a7b4c8d1012d78b9c42131bae7f494a02"", ""tokenizer_config.json"": ""5afec58078ec072cdc9ad190a63c8657f9c47ec71068ff9c77423f1ea0422364""}",,7f29cebb9d06eca06ad0d6c690e4d5a083b71a9c42008f88e92474e3ff0eb98a,eb4075c77285da02c52794154760fa969fb21ab3dcceb0820cb7d2ba27d27471,http://images.cocodataset.org/train2017/000000455975.jpg,http://images.cocodataset.org/train2017/000000455975.jpg,,http://images.cocodataset.org/train2017/000000455975.jpg,facingcomp,tier_b_v0.1,"{""axis"": ""semantic"", ""complement_relation"": ""facing"", ""law"": ""flip_law"", ""note"": ""facing-antonym flip-law compliance diagnostic; Paper-1 treated facing <-> facing away from as an antonym complement pair; the Tier-B relcomp table soft-excludes it (oblique orientations) but this transform applies the Paper-1 antonym construct directly; NOT a universal strict logical complement (decision log 2026-08-11)"", ""original_relation"": ""facing away from"", ""transform"": ""facingcomp""}",,"{""do_sample"": false, ""max_new_tokens"": 5}",tier_b_r1_campaign_facing,9b994a2a052f86be9f9d15743c202c4e0c8e0c22,v0.1
vsr_test:2034,vsr_test:2034,test,facingcomp,semantic,The bench is facing the parking meter,The bench is facing away from the parking meter.,facing away from,orientation,bench,parking meter,False,True,flip_law,True,True, True.,Qwen/Qwen2-VL-7B-Instruct,,7B_hardneg_lora,/home/ubuntu/vlm-spatial-reasoning/checkpoints/qwen2vl_7b_hardneg_lora/final,"{""README.md"": ""ad67fbd14e29a7dae114b54d70c840eab4d917c7d4bbce31d8e923429325d12b"", ""adapter_config.json"": ""9c868e731d9e1e45f0f114c79b1eeca3c96b1d0d3a8f5f93d9ff5a73d690a9df"", ""adapter_model.safetensors"": ""aaad7a39d905ddffc323d02d3beb78717388f29dc19488b91eb5218f4814b697"", ""chat_template.jinja"": ""a0bc6f6fc7a29a80017a433e8f03a1cc1236e838a944a2d034295a60c4f2fddb"", ""processor_config.json"": ""edb8dd5001f02dd3a488fd63d664fcdc5514c4a93962bf1be534a0acf6e2c714"", ""tokenizer.json"": ""ff8cce547abc110590d19c6b5b6e0c6a7b4c8d1012d78b9c42131bae7f494a02"", ""tokenizer_config.json"": ""5afec58078ec072cdc9ad190a63c8657f9c47ec71068ff9c77423f1ea0422364""}",,7f29cebb9d06eca06ad0d6c690e4d5a083b71a9c42008f88e92474e3ff0eb98a,eb4075c77285da02c52794154760fa969fb21ab3dcceb0820cb7d2ba27d27471,http://images.cocodataset.org/train2017/000000544094.jpg,http://images.cocodataset.org/train2017/000000544094.jpg,,http://images.cocodataset.org/train2017/000000544094.jpg,facingcomp,tier_b_v0.1,"{""axis"": ""semantic"", ""complement_relation"": ""facing"", ""law"": ""flip_law"", ""note"": ""facing-antonym flip-law compliance diagnostic; Paper-1 treated facing <-> facing away from as an antonym complement pair; the Tier-B relcomp table soft-excludes it (oblique orientations) but this transform applies the Paper-1 antonym construct directly; NOT a universal strict logical complement (decision log 2026-08-11)"", ""original_relation"": ""facing away from"", ""transform"": ""facingcomp""}",,"{""do_sample"": false, ""max_new_tokens"": 5}",tier_b_r1_campaign_facing,9b994a2a052f86be9f9d15743c202c4e0c8e0c22,v0.1
vsr_test:2100,vsr_test:2100,test,facingcomp,semantic,The bird is facing away from the book,The bird is facing the book.,facing,orientation,bird,book,True,False,flip_law,True,False, True,Qwen/Qwen2-VL-7B-Instruct,,7B_hardneg_lora,/home/ubuntu/vlm-spatial-reasoning/checkpoints/qwen2vl_7b_hardneg_lora/final,"{""README.md"": ""ad67fbd14e29a7dae114b54d70c840eab4d917c7d4bbce31d8e923429325d12b"", ""adapter_config.json"": ""9c868e731d9e1e45f0f114c79b1eeca3c96b1d0d3a8f5f93d9ff5a73d690a9df"", ""adapter_model.safetensors"": ""aaad7a39d905ddffc323d02d3beb78717388f29dc19488b91eb5218f4814b697"", ""chat_template.jinja"": ""a0bc6f6fc7a29a80017a433e8f03a1cc1236e838a944a2d034295a60c4f2fddb"", ""processor_config.json"": ""edb8dd5001f02dd3a488fd63d664fcdc5514c4a93962bf1be534a0acf6e2c714"", ""tokenizer.json"": ""ff8cce547abc110590d19c6b5b6e0c6a7b4c8d1012d78b9c42131bae7f494a02"", ""tokenizer_config.json"": ""5afec58078ec072cdc9ad190a63c8657f9c47ec71068ff9c77423f1ea0422364""}",,7f29cebb9d06eca06ad0d6c690e4d5a083b71a9c42008f88e92474e3ff0eb98a,eb4075c77285da02c52794154760fa969fb21ab3dcceb0820cb7d2ba27d27471,http://images.cocodataset.org/train2017/000000176180.jpg,http://images.cocodataset.org/train2017/000000176180.jpg,,http://images.cocodataset.org/train2017/000000176180.jpg,facingcomp,tier_b_v0.1,"{""axis"": ""semantic"", ""complement_relation"": ""facing away from"", ""law"": ""flip_law"", ""note"": ""facing-antonym flip-law compliance diagnostic; Paper-1 treated facing <-> facing away from as an antonym complement pair; the Tier-B relcomp table soft-excludes it (oblique orientations) but this transform applies the Paper-1 antonym construct directly; NOT a universal strict logical complement (decision log 2026-08-11)"", ""original_relation"": ""facing"", ""transform"": ""facingcomp""}",,"{""do_sample"": false, ""max_new_tokens"": 5}",tier_b_r1_campaign_facing,9b994a2a052f86be9f9d15743c202c4e0c8e0c22,v0.1
vsr_test:2151,vsr_test:2151,test,facingcomp,semantic,The bear is facing away from the person,The bear is facing the person.,facing,orientation,bear,person,False,True,flip_law,False,False, False.,Qwen/Qwen2-VL-7B-Instruct,,7B_hardneg_lora,/home/ubuntu/vlm-spatial-reasoning/checkpoints/qwen2vl_7b_hardneg_lora/final,"{""README.md"": ""ad67fbd14e29a7dae114b54d70c840eab4d917c7d4bbce31d8e923429325d12b"", ""adapter_config.json"": ""9c868e731d9e1e45f0f114c79b1eeca3c96b1d0d3a8f5f93d9ff5a73d690a9df"", ""adapter_model.safetensors"": ""aaad7a39d905ddffc323d02d3beb78717388f29dc19488b91eb5218f4814b697"", ""chat_template.jinja"": ""a0bc6f6fc7a29a80017a433e8f03a1cc1236e838a944a2d034295a60c4f2fddb"", ""processor_config.json"": ""edb8dd5001f02dd3a488fd63d664fcdc5514c4a93962bf1be534a0acf6e2c714"", ""tokenizer.json"": ""ff8cce547abc110590d19c6b5b6e0c6a7b4c8d1012d78b9c42131bae7f494a02"", ""tokenizer_config.json"": ""5afec58078ec072cdc9ad190a63c8657f9c47ec71068ff9c77423f1ea0422364""}",,7f29cebb9d06eca06ad0d6c690e4d5a083b71a9c42008f88e92474e3ff0eb98a,eb4075c77285da02c52794154760fa969fb21ab3dcceb0820cb7d2ba27d27471,http://images.cocodataset.org/train2017/000000015391.jpg,http://images.cocodataset.org/train2017/000000015391.jpg,,http://images.cocodataset.org/train2017/000000015391.jpg,facingcomp,tier_b_v0.1,"{""axis"": ""semantic"", ""complement_relation"": ""facing away from"", ""law"": ""flip_law"", ""note"": ""facing-antonym flip-law compliance diagnostic; Paper-1 treated facing <-> facing away from as an antonym complement pair; the Tier-B relcomp table soft-excludes it (oblique orientations) but this transform applies the Paper-1 antonym construct directly; NOT a universal strict logical complement (decision log 2026-08-11)"", ""original_relation"": ""facing"", ""transform"": ""facingcomp""}",,"{""do_sample"": false, ""max_new_tokens"": 5}",tier_b_r1_campaign_facing,9b994a2a052f86be9f9d15743c202c4e0c8e0c22,v0.1
vsr_test:2160,vsr_test:2160,test,facingcomp,semantic,The person is facing away from the dining table,The person is facing the dining table.,facing,orientation,person,dining table,True,False,flip_law,False,True, False.,Qwen/Qwen2-VL-7B-Instruct,,7B_hardneg_lora,/home/ubuntu/vlm-spatial-reasoning/checkpoints/qwen2vl_7b_hardneg_lora/final,"{""README.md"": ""ad67fbd14e29a7dae114b54d70c840eab4d917c7d4bbce31d8e923429325d12b"", ""adapter_config.json"": ""9c868e731d9e1e45f0f114c79b1eeca3c96b1d0d3a8f5f93d9ff5a73d690a9df"", ""adapter_model.safetensors"": ""aaad7a39d905ddffc323d02d3beb78717388f29dc19488b91eb5218f4814b697"", ""chat_template.jinja"": ""a0bc6f6fc7a29a80017a433e8f03a1cc1236e838a944a2d034295a60c4f2fddb"", ""processor_config.json"": ""edb8dd5001f02dd3a488fd63d664fcdc5514c4a93962bf1be534a0acf6e2c714"", ""tokenizer.json"": ""ff8cce547abc110590d19c6b5b6e0c6a7b4c8d1012d78b9c42131bae7f494a02"", ""tokenizer_config.json"": ""5afec58078ec072cdc9ad190a63c8657f9c47ec71068ff9c77423f1ea0422364""}",,7f29cebb9d06eca06ad0d6c690e4d5a083b71a9c42008f88e92474e3ff0eb98a,eb4075c77285da02c52794154760fa969fb21ab3dcceb0820cb7d2ba27d27471,http://images.cocodataset.org/train2017/000000042042.jpg,http://images.cocodataset.org/train2017/000000042042.jpg,,http://images.cocodataset.org/train2017/000000042042.jpg,facingcomp,tier_b_v0.1,"{""axis"": ""semantic"", ""complement_relation"": ""facing away from"", ""law"": ""flip_law"", ""note"": ""facing-antonym flip-law compliance diagnostic; Paper-1 treated facing <-> facing away from as an antonym complement pair; the Tier-B relcomp table soft-excludes it (oblique orientations) but this transform applies the Paper-1 antonym construct directly; NOT a universal strict logical complement (decision log 2026-08-11)"", ""original_relation"": ""facing"", ""transform"": ""facingcomp""}",,"{""do_sample"": false, ""max_new_tokens"": 5}",tier_b_r1_campaign_facing,9b994a2a052f86be9f9d15743c202c4e0c8e0c22,v0.1
vsr_test:2165,vsr_test:2165,test,facingcomp,semantic,The cat is facing away from the laptop,The cat is facing the laptop.,facing,orientation,cat,laptop,True,False,flip_law,True,False, True,Qwen/Qwen2-VL-7B-Instruct,,7B_hardneg_lora,/home/ubuntu/vlm-spatial-reasoning/checkpoints/qwen2vl_7b_hardneg_lora/final,"{""README.md"": ""ad67fbd14e29a7dae114b54d70c840eab4d917c7d4bbce31d8e923429325d12b"", ""adapter_config.json"": ""9c868e731d9e1e45f0f114c79b1eeca3c96b1d0d3a8f5f93d9ff5a73d690a9df"", ""adapter_model.safetensors"": ""aaad7a39d905ddffc323d02d3beb78717388f29dc19488b91eb5218f4814b697"", ""chat_template.jinja"": ""a0bc6f6fc7a29a80017a433e8f03a1cc1236e838a944a2d034295a60c4f2fddb"", ""processor_config.json"": ""edb8dd5001f02dd3a488fd63d664fcdc5514c4a93962bf1be534a0acf6e2c714"", ""tokenizer.json"": ""ff8cce547abc110590d19c6b5b6e0c6a7b4c8d1012d78b9c42131bae7f494a02"", ""tokenizer_config.json"": ""5afec58078ec072cdc9ad190a63c8657f9c47ec71068ff9c77423f1ea0422364""}",,7f29cebb9d06eca06ad0d6c690e4d5a083b71a9c42008f88e92474e3ff0eb98a,eb4075c77285da02c52794154760fa969fb21ab3dcceb0820cb7d2ba27d27471,http://images.cocodataset.org/train2017/000000407386.jpg,http://images.cocodataset.org/train2017/000000407386.jpg,,http://images.cocodataset.org/train2017/000000407386.jpg,facingcomp,tier_b_v0.1,"{""axis"": ""semantic"", ""complement_relation"": ""facing away from"", ""law"": ""flip_law"", ""note"": ""facing-antonym flip-law compliance diagnostic; Paper-1 treated facing <-> facing away from as an antonym complement pair; the Tier-B relcomp table soft-excludes it (oblique orientations) but this transform applies the Paper-1 antonym construct directly; NOT a universal strict logical complement (decision log 2026-08-11)"", ""original_relation"": ""facing"", ""transform"": ""facingcomp""}",,"{""do_sample"": false, ""max_new_tokens"": 5}",tier_b_r1_campaign_facing,9b994a2a052f86be9f9d15743c202c4e0c8e0c22,v0.1
vsr_test:2189,vsr_test:2189,test,facingcomp,semantic,The bear is facing away from the teddy bear,The bear is facing the teddy bear.,facing,orientation,bear,teddy bear,False,True,flip_law,True,True, True.,Qwen/Qwen2-VL-7B-Instruct,,7B_hardneg_lora,/home/ubuntu/vlm-spatial-reasoning/checkpoints/qwen2vl_7b_hardneg_lora/final,"{""README.md"": ""ad67fbd14e29a7dae114b54d70c840eab4d917c7d4bbce31d8e923429325d12b"", ""adapter_config.json"": ""9c868e731d9e1e45f0f114c79b1eeca3c96b1d0d3a8f5f93d9ff5a73d690a9df"", ""adapter_model.safetensors"": ""aaad7a39d905ddffc323d02d3beb78717388f29dc19488b91eb5218f4814b697"", ""chat_template.jinja"": ""a0bc6f6fc7a29a80017a433e8f03a1cc1236e838a944a2d034295a60c4f2fddb"", ""processor_config.json"": ""edb8dd5001f02dd3a488fd63d664fcdc5514c4a93962bf1be534a0acf6e2c714"", ""tokenizer.json"": ""ff8cce547abc110590d19c6b5b6e0c6a7b4c8d1012d78b9c42131bae7f494a02"", ""tokenizer_config.json"": ""5afec58078ec072cdc9ad190a63c8657f9c47ec71068ff9c77423f1ea0422364""}",,7f29cebb9d06eca06ad0d6c690e4d5a083b71a9c42008f88e92474e3ff0eb98a,eb4075c77285da02c52794154760fa969fb21ab3dcceb0820cb7d2ba27d27471,http://images.cocodataset.org/train2017/000000107571.jpg,http://images.cocodataset.org/train2017/000000107571.jpg,,http://images.cocodataset.org/train2017/000000107571.jpg,facingcomp,tier_b_v0.1,"{""axis"": ""semantic"", ""complement_relation"": ""facing away from"", ""law"": ""flip_law"", ""note"": ""facing-antonym flip-law compliance diagnostic; Paper-1 treated facing <-> facing away from as an antonym complement pair; the Tier-B relcomp table soft-excludes it (oblique orientations) but this transform applies the Paper-1 antonym construct directly; NOT a universal strict logical complement (decision log 2026-08-11)"", ""original_relation"": ""facing"", ""transform"": ""facingcomp""}",,"{""do_sample"": false, ""max_new_tokens"": 5}",tier_b_r1_campaign_facing,9b994a2a052f86be9f9d15743c202c4e0c8e0c22,v0.1
