scene_id,transform,pair,relation,before,after,expected_after,law_ok,png
scene_0000,hflip,o0>o1,left_of,False,True,right_of,True,scene_0000__hflip.png
scene_0000,hflip,o0>o1,right_of,True,False,left_of,True,scene_0000__hflip.png
scene_0000,hflip,o0>o1,above,False,False,above,True,scene_0000__hflip.png
scene_0000,hflip,o0>o1,below,True,True,below,True,scene_0000__hflip.png
scene_0000,hflip,o0>o1,parallel,False,False,parallel,True,scene_0000__hflip.png
scene_0000,hflip,o0>o1,perpendicular,False,False,perpendicular,True,scene_0000__hflip.png
scene_0000,hflip,o0>o1,in_front_of,True,True,in_front_of,True,scene_0000__hflip.png
scene_0000,hflip,o0>o1,behind,False,False,behind,True,scene_0000__hflip.png
scene_0000,hflip,o0>o2,left_of,True,False,right_of,True,scene_0000__hflip.png
scene_0000,hflip,o0>o2,right_of,False,True,left_of,True,scene_0000__hflip.png
scene_0000,hflip,o0>o2,above,False,False,above,True,scene_0000__hflip.png
scene_0000,hflip,o0>o2,below,True,True,below,True,scene_0000__hflip.png
scene_0000,hflip,o0>o2,parallel,False,False,parallel,True,scene_0000__hflip.png
scene_0000,hflip,o0>o2,perpendicular,False,False,perpendicular,True,scene_0000__hflip.png
scene_0000,hflip,o0>o2,in_front_of,True,True,in_front_of,True,scene_0000__hflip.png
scene_0000,hflip,o0>o2,behind,False,False,behind,True,scene_0000__hflip.png
scene_0000,hflip,o0>o3,left_of,False,True,right_of,True,scene_0000__hflip.png
scene_0000,hflip,o0>o3,right_of,True,False,left_of,True,scene_0000__hflip.png
scene_0000,hflip,o0>o3,above,False,False,above,True,scene_0000__hflip.png
scene_0000,hflip,o0>o3,below,True,True,below,True,scene_0000__hflip.png
scene_0000,hflip,o0>o3,parallel,False,False,parallel,True,scene_0000__hflip.png
scene_0000,hflip,o0>o3,perpendicular,False,False,perpendicular,True,scene_0000__hflip.png
scene_0000,hflip,o0>o3,in_front_of,True,True,in_front_of,True,scene_0000__hflip.png
scene_0000,hflip,o0>o3,behind,False,False,behind,True,scene_0000__hflip.png
scene_0000,hflip,o1>o0,left_of,True,False,right_of,True,scene_0000__hflip.png
scene_0000,hflip,o1>o0,right_of,False,True,left_of,True,scene_0000__hflip.png
scene_0000,hflip,o1>o0,above,True,True,above,True,scene_0000__hflip.png
scene_0000,hflip,o1>o0,below,False,False,below,True,scene_0000__hflip.png
scene_0000,hflip,o1>o0,parallel,False,False,parallel,True,scene_0000__hflip.png
scene_0000,hflip,o1>o0,perpendicular,False,False,perpendicular,True,scene_0000__hflip.png
scene_0000,hflip,o1>o0,in_front_of,False,False,in_front_of,True,scene_0000__hflip.png
scene_0000,hflip,o1>o0,behind,True,True,behind,True,scene_0000__hflip.png
scene_0000,hflip,o1>o2,left_of,True,False,right_of,True,scene_0000__hflip.png
scene_0000,hflip,o1>o2,right_of,False,True,left_of,True,scene_0000__hflip.png
scene_0000,hflip,o1>o2,above,True,True,above,True,scene_0000__hflip.png
scene_0000,hflip,o1>o2,below,False,False,below,True,scene_0000__hflip.png
scene_0000,hflip,o1>o2,parallel,False,False,parallel,True,scene_0000__hflip.png
scene_0000,hflip,o1>o2,perpendicular,False,False,perpendicular,True,scene_0000__hflip.png
scene_0000,hflip,o1>o2,in_front_of,False,False,in_front_of,True,scene_0000__hflip.png
scene_0000,hflip,o1>o2,behind,True,True,behind,True,scene_0000__hflip.png
scene_0000,hflip,o1>o3,left_of,False,True,right_of,True,scene_0000__hflip.png
scene_0000,hflip,o1>o3,right_of,True,False,left_of,True,scene_0000__hflip.png
scene_0000,hflip,o1>o3,above,True,True,above,True,scene_0000__hflip.png
scene_0000,hflip,o1>o3,below,False,False,below,True,scene_0000__hflip.png
scene_0000,hflip,o1>o3,parallel,False,False,parallel,True,scene_0000__hflip.png
scene_0000,hflip,o1>o3,perpendicular,False,False,perpendicular,True,scene_0000__hflip.png
scene_0000,hflip,o1>o3,in_front_of,True,True,in_front_of,True,scene_0000__hflip.png
scene_0000,hflip,o1>o3,behind,False,False,behind,True,scene_0000__hflip.png
scene_0000,hflip,o2>o0,left_of,False,True,right_of,True,scene_0000__hflip.png
scene_0000,hflip,o2>o0,right_of,True,False,left_of,True,scene_0000__hflip.png
scene_0000,hflip,o2>o0,above,True,True,above,True,scene_0000__hflip.png
scene_0000,hflip,o2>o0,below,False,False,below,True,scene_0000__hflip.png
scene_0000,hflip,o2>o0,parallel,False,False,parallel,True,scene_0000__hflip.png
scene_0000,hflip,o2>o0,perpendicular,False,False,perpendicular,True,scene_0000__hflip.png
scene_0000,hflip,o2>o0,in_front_of,False,False,in_front_of,True,scene_0000__hflip.png
scene_0000,hflip,o2>o0,behind,True,True,behind,True,scene_0000__hflip.png
scene_0000,hflip,o2>o1,left_of,False,True,right_of,True,scene_0000__hflip.png
scene_0000,hflip,o2>o1,right_of,True,False,left_of,True,scene_0000__hflip.png
scene_0000,hflip,o2>o1,above,False,False,above,True,scene_0000__hflip.png
scene_0000,hflip,o2>o1,below,True,True,below,True,scene_0000__hflip.png
scene_0000,hflip,o2>o1,parallel,False,False,parallel,True,scene_0000__hflip.png
scene_0000,hflip,o2>o1,perpendicular,False,False,perpendicular,True,scene_0000__hflip.png
scene_0000,hflip,o2>o1,in_front_of,True,True,in_front_of,True,scene_0000__hflip.png
scene_0000,hflip,o2>o1,behind,False,False,behind,True,scene_0000__hflip.png
scene_0000,hflip,o2>o3,left_of,False,True,right_of,True,scene_0000__hflip.png
scene_0000,hflip,o2>o3,right_of,True,False,left_of,True,scene_0000__hflip.png
scene_0000,hflip,o2>o3,above,False,False,above,True,scene_0000__hflip.png
scene_0000,hflip,o2>o3,below,True,True,below,True,scene_0000__hflip.png
scene_0000,hflip,o2>o3,parallel,False,False,parallel,True,scene_0000__hflip.png
scene_0000,hflip,o2>o3,perpendicular,True,True,perpendicular,True,scene_0000__hflip.png
scene_0000,hflip,o2>o3,in_front_of,True,True,in_front_of,True,scene_0000__hflip.png
scene_0000,hflip,o2>o3,behind,False,False,behind,True,scene_0000__hflip.png
scene_0000,hflip,o3>o0,left_of,True,False,right_of,True,scene_0000__hflip.png
scene_0000,hflip,o3>o0,right_of,False,True,left_of,True,scene_0000__hflip.png
scene_0000,hflip,o3>o0,above,True,True,above,True,scene_0000__hflip.png
scene_0000,hflip,o3>o0,below,False,False,below,True,scene_0000__hflip.png
scene_0000,hflip,o3>o0,parallel,False,False,parallel,True,scene_0000__hflip.png
scene_0000,hflip,o3>o0,perpendicular,False,False,perpendicular,True,scene_0000__hflip.png
scene_0000,hflip,o3>o0,in_front_of,False,False,in_front_of,True,scene_0000__hflip.png
scene_0000,hflip,o3>o0,behind,True,True,behind,True,scene_0000__hflip.png
scene_0000,hflip,o3>o1,left_of,True,False,right_of,True,scene_0000__hflip.png
scene_0000,hflip,o3>o1,right_of,False,True,left_of,True,scene_0000__hflip.png
scene_0000,hflip,o3>o1,above,False,False,above,True,scene_0000__hflip.png
scene_0000,hflip,o3>o1,below,True,True,below,True,scene_0000__hflip.png
scene_0000,hflip,o3>o1,parallel,False,False,parallel,True,scene_0000__hflip.png
scene_0000,hflip,o3>o1,perpendicular,False,False,perpendicular,True,scene_0000__hflip.png
scene_0000,hflip,o3>o1,in_front_of,False,False,in_front_of,True,scene_0000__hflip.png
scene_0000,hflip,o3>o1,behind,True,True,behind,True,scene_0000__hflip.png
scene_0000,hflip,o3>o2,left_of,True,False,right_of,True,scene_0000__hflip.png
scene_0000,hflip,o3>o2,right_of,False,True,left_of,True,scene_0000__hflip.png
scene_0000,hflip,o3>o2,above,True,True,above,True,scene_0000__hflip.png
scene_0000,hflip,o3>o2,below,False,False,below,True,scene_0000__hflip.png
scene_0000,hflip,o3>o2,parallel,False,False,parallel,True,scene_0000__hflip.png
scene_0000,hflip,o3>o2,perpendicular,True,True,perpendicular,True,scene_0000__hflip.png
scene_0000,hflip,o3>o2,in_front_of,False,False,in_front_of,True,scene_0000__hflip.png
scene_0000,hflip,o3>o2,behind,True,True,behind,True,scene_0000__hflip.png
scene_0000,vflip,o0>o1,left_of,False,False,left_of,True,scene_0000__vflip.png
scene_0000,vflip,o0>o1,right_of,True,True,right_of,True,scene_0000__vflip.png
scene_0000,vflip,o0>o1,above,False,True,below,True,scene_0000__vflip.png
scene_0000,vflip,o0>o1,below,True,False,above,True,scene_0000__vflip.png
scene_0000,vflip,o0>o1,parallel,False,False,parallel,True,scene_0000__vflip.png
scene_0000,vflip,o0>o1,perpendicular,False,False,perpendicular,True,scene_0000__vflip.png
scene_0000,vflip,o0>o1,in_front_of,True,True,in_front_of,True,scene_0000__vflip.png
scene_0000,vflip,o0>o1,behind,False,False,behind,True,scene_0000__vflip.png
scene_0000,vflip,o0>o2,left_of,True,True,left_of,True,scene_0000__vflip.png
scene_0000,vflip,o0>o2,right_of,False,False,right_of,True,scene_0000__vflip.png
scene_0000,vflip,o0>o2,above,False,True,below,True,scene_0000__vflip.png
scene_0000,vflip,o0>o2,below,True,False,above,True,scene_0000__vflip.png
scene_0000,vflip,o0>o2,parallel,False,False,parallel,True,scene_0000__vflip.png
scene_0000,vflip,o0>o2,perpendicular,False,False,perpendicular,True,scene_0000__vflip.png
scene_0000,vflip,o0>o2,in_front_of,True,True,in_front_of,True,scene_0000__vflip.png
scene_0000,vflip,o0>o2,behind,False,False,behind,True,scene_0000__vflip.png
scene_0000,vflip,o0>o3,left_of,False,False,left_of,True,scene_0000__vflip.png
scene_0000,vflip,o0>o3,right_of,True,True,right_of,True,scene_0000__vflip.png
scene_0000,vflip,o0>o3,above,False,True,below,True,scene_0000__vflip.png
scene_0000,vflip,o0>o3,below,True,False,above,True,scene_0000__vflip.png
scene_0000,vflip,o0>o3,parallel,False,False,parallel,True,scene_0000__vflip.png
scene_0000,vflip,o0>o3,perpendicular,False,False,perpendicular,True,scene_0000__vflip.png
scene_0000,vflip,o0>o3,in_front_of,True,True,in_front_of,True,scene_0000__vflip.png
scene_0000,vflip,o0>o3,behind,False,False,behind,True,scene_0000__vflip.png
scene_0000,vflip,o1>o0,left_of,True,True,left_of,True,scene_0000__vflip.png
scene_0000,vflip,o1>o0,right_of,False,False,right_of,True,scene_0000__vflip.png
scene_0000,vflip,o1>o0,above,True,False,below,True,scene_0000__vflip.png
scene_0000,vflip,o1>o0,below,False,True,above,True,scene_0000__vflip.png
scene_0000,vflip,o1>o0,parallel,False,False,parallel,True,scene_0000__vflip.png
scene_0000,vflip,o1>o0,perpendicular,False,False,perpendicular,True,scene_0000__vflip.png
scene_0000,vflip,o1>o0,in_front_of,False,False,in_front_of,True,scene_0000__vflip.png
scene_0000,vflip,o1>o0,behind,True,True,behind,True,scene_0000__vflip.png
scene_0000,vflip,o1>o2,left_of,True,True,left_of,True,scene_0000__vflip.png
scene_0000,vflip,o1>o2,right_of,False,False,right_of,True,scene_0000__vflip.png
scene_0000,vflip,o1>o2,above,True,False,below,True,scene_0000__vflip.png
scene_0000,vflip,o1>o2,below,False,True,above,True,scene_0000__vflip.png
scene_0000,vflip,o1>o2,parallel,False,False,parallel,True,scene_0000__vflip.png
scene_0000,vflip,o1>o2,perpendicular,False,False,perpendicular,True,scene_0000__vflip.png
scene_0000,vflip,o1>o2,in_front_of,False,False,in_front_of,True,scene_0000__vflip.png
scene_0000,vflip,o1>o2,behind,True,True,behind,True,scene_0000__vflip.png
scene_0000,vflip,o1>o3,left_of,False,False,left_of,True,scene_0000__vflip.png
scene_0000,vflip,o1>o3,right_of,True,True,right_of,True,scene_0000__vflip.png
scene_0000,vflip,o1>o3,above,True,False,below,True,scene_0000__vflip.png
scene_0000,vflip,o1>o3,below,False,True,above,True,scene_0000__vflip.png
scene_0000,vflip,o1>o3,parallel,False,False,parallel,True,scene_0000__vflip.png
scene_0000,vflip,o1>o3,perpendicular,False,False,perpendicular,True,scene_0000__vflip.png
scene_0000,vflip,o1>o3,in_front_of,True,True,in_front_of,True,scene_0000__vflip.png
scene_0000,vflip,o1>o3,behind,False,False,behind,True,scene_0000__vflip.png
scene_0000,vflip,o2>o0,left_of,False,False,left_of,True,scene_0000__vflip.png
scene_0000,vflip,o2>o0,right_of,True,True,right_of,True,scene_0000__vflip.png
scene_0000,vflip,o2>o0,above,True,False,below,True,scene_0000__vflip.png
scene_0000,vflip,o2>o0,below,False,True,above,True,scene_0000__vflip.png
scene_0000,vflip,o2>o0,parallel,False,False,parallel,True,scene_0000__vflip.png
scene_0000,vflip,o2>o0,perpendicular,False,False,perpendicular,True,scene_0000__vflip.png
scene_0000,vflip,o2>o0,in_front_of,False,False,in_front_of,True,scene_0000__vflip.png
scene_0000,vflip,o2>o0,behind,True,True,behind,True,scene_0000__vflip.png
scene_0000,vflip,o2>o1,left_of,False,False,left_of,True,scene_0000__vflip.png
scene_0000,vflip,o2>o1,right_of,True,True,right_of,True,scene_0000__vflip.png
scene_0000,vflip,o2>o1,above,False,True,below,True,scene_0000__vflip.png
scene_0000,vflip,o2>o1,below,True,False,above,True,scene_0000__vflip.png
scene_0000,vflip,o2>o1,parallel,False,False,parallel,True,scene_0000__vflip.png
scene_0000,vflip,o2>o1,perpendicular,False,False,perpendicular,True,scene_0000__vflip.png
scene_0000,vflip,o2>o1,in_front_of,True,True,in_front_of,True,scene_0000__vflip.png
scene_0000,vflip,o2>o1,behind,False,False,behind,True,scene_0000__vflip.png
scene_0000,vflip,o2>o3,left_of,False,False,left_of,True,scene_0000__vflip.png
scene_0000,vflip,o2>o3,right_of,True,True,right_of,True,scene_0000__vflip.png
scene_0000,vflip,o2>o3,above,False,True,below,True,scene_0000__vflip.png
scene_0000,vflip,o2>o3,below,True,False,above,True,scene_0000__vflip.png
scene_0000,vflip,o2>o3,parallel,False,False,parallel,True,scene_0000__vflip.png
scene_0000,vflip,o2>o3,perpendicular,True,True,perpendicular,True,scene_0000__vflip.png
scene_0000,vflip,o2>o3,in_front_of,True,True,in_front_of,True,scene_0000__vflip.png
scene_0000,vflip,o2>o3,behind,False,False,behind,True,scene_0000__vflip.png
scene_0000,vflip,o3>o0,left_of,True,True,left_of,True,scene_0000__vflip.png
scene_0000,vflip,o3>o0,right_of,False,False,right_of,True,scene_0000__vflip.png
scene_0000,vflip,o3>o0,above,True,False,below,True,scene_0000__vflip.png
scene_0000,vflip,o3>o0,below,False,True,above,True,scene_0000__vflip.png
scene_0000,vflip,o3>o0,parallel,False,False,parallel,True,scene_0000__vflip.png
scene_0000,vflip,o3>o0,perpendicular,False,False,perpendicular,True,scene_0000__vflip.png
scene_0000,vflip,o3>o0,in_front_of,False,False,in_front_of,True,scene_0000__vflip.png
scene_0000,vflip,o3>o0,behind,True,True,behind,True,scene_0000__vflip.png
scene_0000,vflip,o3>o1,left_of,True,True,left_of,True,scene_0000__vflip.png
scene_0000,vflip,o3>o1,right_of,False,False,right_of,True,scene_0000__vflip.png
scene_0000,vflip,o3>o1,above,False,True,below,True,scene_0000__vflip.png
scene_0000,vflip,o3>o1,below,True,False,above,True,scene_0000__vflip.png
scene_0000,vflip,o3>o1,parallel,False,False,parallel,True,scene_0000__vflip.png
scene_0000,vflip,o3>o1,perpendicular,False,False,perpendicular,True,scene_0000__vflip.png
scene_0000,vflip,o3>o1,in_front_of,False,False,in_front_of,True,scene_0000__vflip.png
scene_0000,vflip,o3>o1,behind,True,True,behind,True,scene_0000__vflip.png
scene_0000,vflip,o3>o2,left_of,True,True,left_of,True,scene_0000__vflip.png
scene_0000,vflip,o3>o2,right_of,False,False,right_of,True,scene_0000__vflip.png
scene_0000,vflip,o3>o2,above,True,False,below,True,scene_0000__vflip.png
scene_0000,vflip,o3>o2,below,False,True,above,True,scene_0000__vflip.png
scene_0000,vflip,o3>o2,parallel,False,False,parallel,True,scene_0000__vflip.png
scene_0000,vflip,o3>o2,perpendicular,True,True,perpendicular,True,scene_0000__vflip.png
scene_0000,vflip,o3>o2,in_front_of,False,False,in_front_of,True,scene_0000__vflip.png
scene_0000,vflip,o3>o2,behind,True,True,behind,True,scene_0000__vflip.png
scene_0000,v_after_h,o0>o1,left_of,False,True,right_of,True,scene_0000__v_after_h.png
scene_0000,v_after_h,o0>o1,right_of,True,False,left_of,True,scene_0000__v_after_h.png
scene_0000,v_after_h,o0>o1,above,False,True,below,True,scene_0000__v_after_h.png
scene_0000,v_after_h,o0>o1,below,True,False,above,True,scene_0000__v_after_h.png
scene_0000,v_after_h,o0>o1,parallel,False,False,parallel,True,scene_0000__v_after_h.png
scene_0000,v_after_h,o0>o1,perpendicular,False,False,perpendicular,True,scene_0000__v_after_h.png
scene_0000,v_after_h,o0>o1,in_front_of,True,True,in_front_of,True,scene_0000__v_after_h.png
scene_0000,v_after_h,o0>o1,behind,False,False,behind,True,scene_0000__v_after_h.png
scene_0000,v_after_h,o0>o2,left_of,True,False,right_of,True,scene_0000__v_after_h.png
scene_0000,v_after_h,o0>o2,right_of,False,True,left_of,True,scene_0000__v_after_h.png
scene_0000,v_after_h,o0>o2,above,False,True,below,True,scene_0000__v_after_h.png
scene_0000,v_after_h,o0>o2,below,True,False,above,True,scene_0000__v_after_h.png
scene_0000,v_after_h,o0>o2,parallel,False,False,parallel,True,scene_0000__v_after_h.png
scene_0000,v_after_h,o0>o2,perpendicular,False,False,perpendicular,True,scene_0000__v_after_h.png
scene_0000,v_after_h,o0>o2,in_front_of,True,True,in_front_of,True,scene_0000__v_after_h.png
scene_0000,v_after_h,o0>o2,behind,False,False,behind,True,scene_0000__v_after_h.png
scene_0000,v_after_h,o0>o3,left_of,False,True,right_of,True,scene_0000__v_after_h.png
scene_0000,v_after_h,o0>o3,right_of,True,False,left_of,True,scene_0000__v_after_h.png
scene_0000,v_after_h,o0>o3,above,False,True,below,True,scene_0000__v_after_h.png
scene_0000,v_after_h,o0>o3,below,True,False,above,True,scene_0000__v_after_h.png
scene_0000,v_after_h,o0>o3,parallel,False,False,parallel,True,scene_0000__v_after_h.png
scene_0000,v_after_h,o0>o3,perpendicular,False,False,perpendicular,True,scene_0000__v_after_h.png
scene_0000,v_after_h,o0>o3,in_front_of,True,True,in_front_of,True,scene_0000__v_after_h.png
scene_0000,v_after_h,o0>o3,behind,False,False,behind,True,scene_0000__v_after_h.png
scene_0000,v_after_h,o1>o0,left_of,True,False,right_of,True,scene_0000__v_after_h.png
scene_0000,v_after_h,o1>o0,right_of,False,True,left_of,True,scene_0000__v_after_h.png
scene_0000,v_after_h,o1>o0,above,True,False,below,True,scene_0000__v_after_h.png
scene_0000,v_after_h,o1>o0,below,False,True,above,True,scene_0000__v_after_h.png
scene_0000,v_after_h,o1>o0,parallel,False,False,parallel,True,scene_0000__v_after_h.png
scene_0000,v_after_h,o1>o0,perpendicular,False,False,perpendicular,True,scene_0000__v_after_h.png
scene_0000,v_after_h,o1>o0,in_front_of,False,False,in_front_of,True,scene_0000__v_after_h.png
scene_0000,v_after_h,o1>o0,behind,True,True,behind,True,scene_0000__v_after_h.png
scene_0000,v_after_h,o1>o2,left_of,True,False,right_of,True,scene_0000__v_after_h.png
scene_0000,v_after_h,o1>o2,right_of,False,True,left_of,True,scene_0000__v_after_h.png
scene_0000,v_after_h,o1>o2,above,True,False,below,True,scene_0000__v_after_h.png
scene_0000,v_after_h,o1>o2,below,False,True,above,True,scene_0000__v_after_h.png
scene_0000,v_after_h,o1>o2,parallel,False,False,parallel,True,scene_0000__v_after_h.png
scene_0000,v_after_h,o1>o2,perpendicular,False,False,perpendicular,True,scene_0000__v_after_h.png
scene_0000,v_after_h,o1>o2,in_front_of,False,False,in_front_of,True,scene_0000__v_after_h.png
scene_0000,v_after_h,o1>o2,behind,True,True,behind,True,scene_0000__v_after_h.png
scene_0000,v_after_h,o1>o3,left_of,False,True,right_of,True,scene_0000__v_after_h.png
scene_0000,v_after_h,o1>o3,right_of,True,False,left_of,True,scene_0000__v_after_h.png
scene_0000,v_after_h,o1>o3,above,True,False,below,True,scene_0000__v_after_h.png
scene_0000,v_after_h,o1>o3,below,False,True,above,True,scene_0000__v_after_h.png
scene_0000,v_after_h,o1>o3,parallel,False,False,parallel,True,scene_0000__v_after_h.png
scene_0000,v_after_h,o1>o3,perpendicular,False,False,perpendicular,True,scene_0000__v_after_h.png
scene_0000,v_after_h,o1>o3,in_front_of,True,True,in_front_of,True,scene_0000__v_after_h.png
scene_0000,v_after_h,o1>o3,behind,False,False,behind,True,scene_0000__v_after_h.png
scene_0000,v_after_h,o2>o0,left_of,False,True,right_of,True,scene_0000__v_after_h.png
scene_0000,v_after_h,o2>o0,right_of,True,False,left_of,True,scene_0000__v_after_h.png
scene_0000,v_after_h,o2>o0,above,True,False,below,True,scene_0000__v_after_h.png
scene_0000,v_after_h,o2>o0,below,False,True,above,True,scene_0000__v_after_h.png
scene_0000,v_after_h,o2>o0,parallel,False,False,parallel,True,scene_0000__v_after_h.png
scene_0000,v_after_h,o2>o0,perpendicular,False,False,perpendicular,True,scene_0000__v_after_h.png
scene_0000,v_after_h,o2>o0,in_front_of,False,False,in_front_of,True,scene_0000__v_after_h.png
scene_0000,v_after_h,o2>o0,behind,True,True,behind,True,scene_0000__v_after_h.png
scene_0000,v_after_h,o2>o1,left_of,False,True,right_of,True,scene_0000__v_after_h.png
scene_0000,v_after_h,o2>o1,right_of,True,False,left_of,True,scene_0000__v_after_h.png
scene_0000,v_after_h,o2>o1,above,False,True,below,True,scene_0000__v_after_h.png
scene_0000,v_after_h,o2>o1,below,True,False,above,True,scene_0000__v_after_h.png
scene_0000,v_after_h,o2>o1,parallel,False,False,parallel,True,scene_0000__v_after_h.png
scene_0000,v_after_h,o2>o1,perpendicular,False,False,perpendicular,True,scene_0000__v_after_h.png
scene_0000,v_after_h,o2>o1,in_front_of,True,True,in_front_of,True,scene_0000__v_after_h.png
scene_0000,v_after_h,o2>o1,behind,False,False,behind,True,scene_0000__v_after_h.png
scene_0000,v_after_h,o2>o3,left_of,False,True,right_of,True,scene_0000__v_after_h.png
scene_0000,v_after_h,o2>o3,right_of,True,False,left_of,True,scene_0000__v_after_h.png
scene_0000,v_after_h,o2>o3,above,False,True,below,True,scene_0000__v_after_h.png
scene_0000,v_after_h,o2>o3,below,True,False,above,True,scene_0000__v_after_h.png
scene_0000,v_after_h,o2>o3,parallel,False,False,parallel,True,scene_0000__v_after_h.png
scene_0000,v_after_h,o2>o3,perpendicular,True,True,perpendicular,True,scene_0000__v_after_h.png
scene_0000,v_after_h,o2>o3,in_front_of,True,True,in_front_of,True,scene_0000__v_after_h.png
scene_0000,v_after_h,o2>o3,behind,False,False,behind,True,scene_0000__v_after_h.png
scene_0000,v_after_h,o3>o0,left_of,True,False,right_of,True,scene_0000__v_after_h.png
scene_0000,v_after_h,o3>o0,right_of,False,True,left_of,True,scene_0000__v_after_h.png
scene_0000,v_after_h,o3>o0,above,True,False,below,True,scene_0000__v_after_h.png
scene_0000,v_after_h,o3>o0,below,False,True,above,True,scene_0000__v_after_h.png
scene_0000,v_after_h,o3>o0,parallel,False,False,parallel,True,scene_0000__v_after_h.png
scene_0000,v_after_h,o3>o0,perpendicular,False,False,perpendicular,True,scene_0000__v_after_h.png
scene_0000,v_after_h,o3>o0,in_front_of,False,False,in_front_of,True,scene_0000__v_after_h.png
scene_0000,v_after_h,o3>o0,behind,True,True,behind,True,scene_0000__v_after_h.png
scene_0000,v_after_h,o3>o1,left_of,True,False,right_of,True,scene_0000__v_after_h.png
scene_0000,v_after_h,o3>o1,right_of,False,True,left_of,True,scene_0000__v_after_h.png
scene_0000,v_after_h,o3>o1,above,False,True,below,True,scene_0000__v_after_h.png
scene_0000,v_after_h,o3>o1,below,True,False,above,True,scene_0000__v_after_h.png
scene_0000,v_after_h,o3>o1,parallel,False,False,parallel,True,scene_0000__v_after_h.png
scene_0000,v_after_h,o3>o1,perpendicular,False,False,perpendicular,True,scene_0000__v_after_h.png
scene_0000,v_after_h,o3>o1,in_front_of,False,False,in_front_of,True,scene_0000__v_after_h.png
scene_0000,v_after_h,o3>o1,behind,True,True,behind,True,scene_0000__v_after_h.png
scene_0000,v_after_h,o3>o2,left_of,True,False,right_of,True,scene_0000__v_after_h.png
scene_0000,v_after_h,o3>o2,right_of,False,True,left_of,True,scene_0000__v_after_h.png
scene_0000,v_after_h,o3>o2,above,True,False,below,True,scene_0000__v_after_h.png
scene_0000,v_after_h,o3>o2,below,False,True,above,True,scene_0000__v_after_h.png
scene_0000,v_after_h,o3>o2,parallel,False,False,parallel,True,scene_0000__v_after_h.png
scene_0000,v_after_h,o3>o2,perpendicular,True,True,perpendicular,True,scene_0000__v_after_h.png
scene_0000,v_after_h,o3>o2,in_front_of,False,False,in_front_of,True,scene_0000__v_after_h.png
scene_0000,v_after_h,o3>o2,behind,True,True,behind,True,scene_0000__v_after_h.png
scene_0001,hflip,o0>o1,left_of,False,True,right_of,True,scene_0001__hflip.png
scene_0001,hflip,o0>o1,right_of,True,False,left_of,True,scene_0001__hflip.png
scene_0001,hflip,o0>o1,above,False,False,above,True,scene_0001__hflip.png
scene_0001,hflip,o0>o1,below,True,True,below,True,scene_0001__hflip.png
scene_0001,hflip,o0>o1,parallel,False,False,parallel,True,scene_0001__hflip.png
scene_0001,hflip,o0>o1,perpendicular,False,False,perpendicular,True,scene_0001__hflip.png
scene_0001,hflip,o0>o1,in_front_of,True,True,in_front_of,True,scene_0001__hflip.png
scene_0001,hflip,o0>o1,behind,False,False,behind,True,scene_0001__hflip.png
scene_0001,hflip,o0>o2,left_of,False,True,right_of,True,scene_0001__hflip.png
scene_0001,hflip,o0>o2,right_of,True,False,left_of,True,scene_0001__hflip.png
scene_0001,hflip,o0>o2,above,True,True,above,True,scene_0001__hflip.png
scene_0001,hflip,o0>o2,below,False,False,below,True,scene_0001__hflip.png
scene_0001,hflip,o0>o2,parallel,False,False,parallel,True,scene_0001__hflip.png
scene_0001,hflip,o0>o2,perpendicular,False,False,perpendicular,True,scene_0001__hflip.png
scene_0001,hflip,o0>o2,in_front_of,True,True,in_front_of,True,scene_0001__hflip.png
scene_0001,hflip,o0>o2,behind,False,False,behind,True,scene_0001__hflip.png
scene_0001,hflip,o0>o3,left_of,False,True,right_of,True,scene_0001__hflip.png
scene_0001,hflip,o0>o3,right_of,True,False,left_of,True,scene_0001__hflip.png
scene_0001,hflip,o0>o3,above,True,True,above,True,scene_0001__hflip.png
scene_0001,hflip,o0>o3,below,False,False,below,True,scene_0001__hflip.png
scene_0001,hflip,o0>o3,parallel,False,False,parallel,True,scene_0001__hflip.png
scene_0001,hflip,o0>o3,perpendicular,False,False,perpendicular,True,scene_0001__hflip.png
scene_0001,hflip,o0>o3,in_front_of,True,True,in_front_of,True,scene_0001__hflip.png
scene_0001,hflip,o0>o3,behind,False,False,behind,True,scene_0001__hflip.png
scene_0001,hflip,o1>o0,left_of,True,False,right_of,True,scene_0001__hflip.png
scene_0001,hflip,o1>o0,right_of,False,True,left_of,True,scene_0001__hflip.png
scene_0001,hflip,o1>o0,above,True,True,above,True,scene_0001__hflip.png
scene_0001,hflip,o1>o0,below,False,False,below,True,scene_0001__hflip.png
scene_0001,hflip,o1>o0,parallel,False,False,parallel,True,scene_0001__hflip.png
scene_0001,hflip,o1>o0,perpendicular,False,False,perpendicular,True,scene_0001__hflip.png
scene_0001,hflip,o1>o0,in_front_of,False,False,in_front_of,True,scene_0001__hflip.png
scene_0001,hflip,o1>o0,behind,True,True,behind,True,scene_0001__hflip.png
scene_0001,hflip,o1>o2,left_of,False,True,right_of,True,scene_0001__hflip.png
scene_0001,hflip,o1>o2,right_of,True,False,left_of,True,scene_0001__hflip.png
scene_0001,hflip,o1>o2,above,True,True,above,True,scene_0001__hflip.png
scene_0001,hflip,o1>o2,below,False,False,below,True,scene_0001__hflip.png
scene_0001,hflip,o1>o2,parallel,False,False,parallel,True,scene_0001__hflip.png
scene_0001,hflip,o1>o2,perpendicular,False,False,perpendicular,True,scene_0001__hflip.png
scene_0001,hflip,o1>o2,in_front_of,False,False,in_front_of,True,scene_0001__hflip.png
scene_0001,hflip,o1>o2,behind,True,True,behind,True,scene_0001__hflip.png
scene_0001,hflip,o1>o3,left_of,False,True,right_of,True,scene_0001__hflip.png
scene_0001,hflip,o1>o3,right_of,True,False,left_of,True,scene_0001__hflip.png
scene_0001,hflip,o1>o3,above,True,True,above,True,scene_0001__hflip.png
scene_0001,hflip,o1>o3,below,False,False,below,True,scene_0001__hflip.png
scene_0001,hflip,o1>o3,parallel,False,False,parallel,True,scene_0001__hflip.png
scene_0001,hflip,o1>o3,perpendicular,False,False,perpendicular,True,scene_0001__hflip.png
scene_0001,hflip,o1>o3,in_front_of,True,True,in_front_of,True,scene_0001__hflip.png
scene_0001,hflip,o1>o3,behind,False,False,behind,True,scene_0001__hflip.png
scene_0001,hflip,o2>o0,left_of,True,False,right_of,True,scene_0001__hflip.png
scene_0001,hflip,o2>o0,right_of,False,True,left_of,True,scene_0001__hflip.png
scene_0001,hflip,o2>o0,above,False,False,above,True,scene_0001__hflip.png
scene_0001,hflip,o2>o0,below,True,True,below,True,scene_0001__hflip.png
scene_0001,hflip,o2>o0,parallel,False,False,parallel,True,scene_0001__hflip.png
scene_0001,hflip,o2>o0,perpendicular,False,False,perpendicular,True,scene_0001__hflip.png
scene_0001,hflip,o2>o0,in_front_of,False,False,in_front_of,True,scene_0001__hflip.png
scene_0001,hflip,o2>o0,behind,True,True,behind,True,scene_0001__hflip.png
scene_0001,hflip,o2>o1,left_of,True,False,right_of,True,scene_0001__hflip.png
scene_0001,hflip,o2>o1,right_of,False,True,left_of,True,scene_0001__hflip.png
scene_0001,hflip,o2>o1,above,False,False,above,True,scene_0001__hflip.png
scene_0001,hflip,o2>o1,below,True,True,below,True,scene_0001__hflip.png
scene_0001,hflip,o2>o1,parallel,False,False,parallel,True,scene_0001__hflip.png
scene_0001,hflip,o2>o1,perpendicular,False,False,perpendicular,True,scene_0001__hflip.png
scene_0001,hflip,o2>o1,in_front_of,True,True,in_front_of,True,scene_0001__hflip.png
scene_0001,hflip,o2>o1,behind,False,False,behind,True,scene_0001__hflip.png
scene_0001,hflip,o2>o3,left_of,False,True,right_of,True,scene_0001__hflip.png
scene_0001,hflip,o2>o3,right_of,True,False,left_of,True,scene_0001__hflip.png
scene_0001,hflip,o2>o3,above,False,False,above,True,scene_0001__hflip.png
scene_0001,hflip,o2>o3,below,True,True,below,True,scene_0001__hflip.png
scene_0001,hflip,o2>o3,parallel,False,False,parallel,True,scene_0001__hflip.png
scene_0001,hflip,o2>o3,perpendicular,True,True,perpendicular,True,scene_0001__hflip.png
scene_0001,hflip,o2>o3,in_front_of,True,True,in_front_of,True,scene_0001__hflip.png
scene_0001,hflip,o2>o3,behind,False,False,behind,True,scene_0001__hflip.png
scene_0001,hflip,o3>o0,left_of,True,False,right_of,True,scene_0001__hflip.png
scene_0001,hflip,o3>o0,right_of,False,True,left_of,True,scene_0001__hflip.png
scene_0001,hflip,o3>o0,above,False,False,above,True,scene_0001__hflip.png
scene_0001,hflip,o3>o0,below,True,True,below,True,scene_0001__hflip.png
scene_0001,hflip,o3>o0,parallel,False,False,parallel,True,scene_0001__hflip.png
scene_0001,hflip,o3>o0,perpendicular,False,False,perpendicular,True,scene_0001__hflip.png
scene_0001,hflip,o3>o0,in_front_of,False,False,in_front_of,True,scene_0001__hflip.png
scene_0001,hflip,o3>o0,behind,True,True,behind,True,scene_0001__hflip.png
scene_0001,hflip,o3>o1,left_of,True,False,right_of,True,scene_0001__hflip.png
scene_0001,hflip,o3>o1,right_of,False,True,left_of,True,scene_0001__hflip.png
scene_0001,hflip,o3>o1,above,False,False,above,True,scene_0001__hflip.png
scene_0001,hflip,o3>o1,below,True,True,below,True,scene_0001__hflip.png
scene_0001,hflip,o3>o1,parallel,False,False,parallel,True,scene_0001__hflip.png
scene_0001,hflip,o3>o1,perpendicular,False,False,perpendicular,True,scene_0001__hflip.png
scene_0001,hflip,o3>o1,in_front_of,False,False,in_front_of,True,scene_0001__hflip.png
scene_0001,hflip,o3>o1,behind,True,True,behind,True,scene_0001__hflip.png
scene_0001,hflip,o3>o2,left_of,True,False,right_of,True,scene_0001__hflip.png
scene_0001,hflip,o3>o2,right_of,False,True,left_of,True,scene_0001__hflip.png
scene_0001,hflip,o3>o2,above,True,True,above,True,scene_0001__hflip.png
scene_0001,hflip,o3>o2,below,False,False,below,True,scene_0001__hflip.png
scene_0001,hflip,o3>o2,parallel,False,False,parallel,True,scene_0001__hflip.png
scene_0001,hflip,o3>o2,perpendicular,True,True,perpendicular,True,scene_0001__hflip.png
scene_0001,hflip,o3>o2,in_front_of,False,False,in_front_of,True,scene_0001__hflip.png
scene_0001,hflip,o3>o2,behind,True,True,behind,True,scene_0001__hflip.png
scene_0001,vflip,o0>o1,left_of,False,False,left_of,True,scene_0001__vflip.png
scene_0001,vflip,o0>o1,right_of,True,True,right_of,True,scene_0001__vflip.png
scene_0001,vflip,o0>o1,above,False,True,below,True,scene_0001__vflip.png
scene_0001,vflip,o0>o1,below,True,False,above,True,scene_0001__vflip.png
scene_0001,vflip,o0>o1,parallel,False,False,parallel,True,scene_0001__vflip.png
scene_0001,vflip,o0>o1,perpendicular,False,False,perpendicular,True,scene_0001__vflip.png
scene_0001,vflip,o0>o1,in_front_of,True,True,in_front_of,True,scene_0001__vflip.png
scene_0001,vflip,o0>o1,behind,False,False,behind,True,scene_0001__vflip.png
scene_0001,vflip,o0>o2,left_of,False,False,left_of,True,scene_0001__vflip.png
scene_0001,vflip,o0>o2,right_of,True,True,right_of,True,scene_0001__vflip.png
scene_0001,vflip,o0>o2,above,True,False,below,True,scene_0001__vflip.png
scene_0001,vflip,o0>o2,below,False,True,above,True,scene_0001__vflip.png
scene_0001,vflip,o0>o2,parallel,False,False,parallel,True,scene_0001__vflip.png
scene_0001,vflip,o0>o2,perpendicular,False,False,perpendicular,True,scene_0001__vflip.png
scene_0001,vflip,o0>o2,in_front_of,True,True,in_front_of,True,scene_0001__vflip.png
scene_0001,vflip,o0>o2,behind,False,False,behind,True,scene_0001__vflip.png
scene_0001,vflip,o0>o3,left_of,False,False,left_of,True,scene_0001__vflip.png
scene_0001,vflip,o0>o3,right_of,True,True,right_of,True,scene_0001__vflip.png
scene_0001,vflip,o0>o3,above,True,False,below,True,scene_0001__vflip.png
scene_0001,vflip,o0>o3,below,False,True,above,True,scene_0001__vflip.png
scene_0001,vflip,o0>o3,parallel,False,False,parallel,True,scene_0001__vflip.png
scene_0001,vflip,o0>o3,perpendicular,False,False,perpendicular,True,scene_0001__vflip.png
scene_0001,vflip,o0>o3,in_front_of,True,True,in_front_of,True,scene_0001__vflip.png
scene_0001,vflip,o0>o3,behind,False,False,behind,True,scene_0001__vflip.png
scene_0001,vflip,o1>o0,left_of,True,True,left_of,True,scene_0001__vflip.png
scene_0001,vflip,o1>o0,right_of,False,False,right_of,True,scene_0001__vflip.png
scene_0001,vflip,o1>o0,above,True,False,below,True,scene_0001__vflip.png
scene_0001,vflip,o1>o0,below,False,True,above,True,scene_0001__vflip.png
scene_0001,vflip,o1>o0,parallel,False,False,parallel,True,scene_0001__vflip.png
scene_0001,vflip,o1>o0,perpendicular,False,False,perpendicular,True,scene_0001__vflip.png
scene_0001,vflip,o1>o0,in_front_of,False,False,in_front_of,True,scene_0001__vflip.png
scene_0001,vflip,o1>o0,behind,True,True,behind,True,scene_0001__vflip.png
scene_0001,vflip,o1>o2,left_of,False,False,left_of,True,scene_0001__vflip.png
scene_0001,vflip,o1>o2,right_of,True,True,right_of,True,scene_0001__vflip.png
scene_0001,vflip,o1>o2,above,True,False,below,True,scene_0001__vflip.png
scene_0001,vflip,o1>o2,below,False,True,above,True,scene_0001__vflip.png
scene_0001,vflip,o1>o2,parallel,False,False,parallel,True,scene_0001__vflip.png
scene_0001,vflip,o1>o2,perpendicular,False,False,perpendicular,True,scene_0001__vflip.png
scene_0001,vflip,o1>o2,in_front_of,False,False,in_front_of,True,scene_0001__vflip.png
scene_0001,vflip,o1>o2,behind,True,True,behind,True,scene_0001__vflip.png
scene_0001,vflip,o1>o3,left_of,False,False,left_of,True,scene_0001__vflip.png
scene_0001,vflip,o1>o3,right_of,True,True,right_of,True,scene_0001__vflip.png
scene_0001,vflip,o1>o3,above,True,False,below,True,scene_0001__vflip.png
scene_0001,vflip,o1>o3,below,False,True,above,True,scene_0001__vflip.png
scene_0001,vflip,o1>o3,parallel,False,False,parallel,True,scene_0001__vflip.png
scene_0001,vflip,o1>o3,perpendicular,False,False,perpendicular,True,scene_0001__vflip.png
scene_0001,vflip,o1>o3,in_front_of,True,True,in_front_of,True,scene_0001__vflip.png
scene_0001,vflip,o1>o3,behind,False,False,behind,True,scene_0001__vflip.png
scene_0001,vflip,o2>o0,left_of,True,True,left_of,True,scene_0001__vflip.png
scene_0001,vflip,o2>o0,right_of,False,False,right_of,True,scene_0001__vflip.png
scene_0001,vflip,o2>o0,above,False,True,below,True,scene_0001__vflip.png
scene_0001,vflip,o2>o0,below,True,False,above,True,scene_0001__vflip.png
scene_0001,vflip,o2>o0,parallel,False,False,parallel,True,scene_0001__vflip.png
scene_0001,vflip,o2>o0,perpendicular,False,False,perpendicular,True,scene_0001__vflip.png
scene_0001,vflip,o2>o0,in_front_of,False,False,in_front_of,True,scene_0001__vflip.png
scene_0001,vflip,o2>o0,behind,True,True,behind,True,scene_0001__vflip.png
scene_0001,vflip,o2>o1,left_of,True,True,left_of,True,scene_0001__vflip.png
scene_0001,vflip,o2>o1,right_of,False,False,right_of,True,scene_0001__vflip.png
scene_0001,vflip,o2>o1,above,False,True,below,True,scene_0001__vflip.png
scene_0001,vflip,o2>o1,below,True,False,above,True,scene_0001__vflip.png
scene_0001,vflip,o2>o1,parallel,False,False,parallel,True,scene_0001__vflip.png
scene_0001,vflip,o2>o1,perpendicular,False,False,perpendicular,True,scene_0001__vflip.png
scene_0001,vflip,o2>o1,in_front_of,True,True,in_front_of,True,scene_0001__vflip.png
scene_0001,vflip,o2>o1,behind,False,False,behind,True,scene_0001__vflip.png
scene_0001,vflip,o2>o3,left_of,False,False,left_of,True,scene_0001__vflip.png
scene_0001,vflip,o2>o3,right_of,True,True,right_of,True,scene_0001__vflip.png
scene_0001,vflip,o2>o3,above,False,True,below,True,scene_0001__vflip.png
scene_0001,vflip,o2>o3,below,True,False,above,True,scene_0001__vflip.png
scene_0001,vflip,o2>o3,parallel,False,False,parallel,True,scene_0001__vflip.png
scene_0001,vflip,o2>o3,perpendicular,True,True,perpendicular,True,scene_0001__vflip.png
scene_0001,vflip,o2>o3,in_front_of,True,True,in_front_of,True,scene_0001__vflip.png
scene_0001,vflip,o2>o3,behind,False,False,behind,True,scene_0001__vflip.png
scene_0001,vflip,o3>o0,left_of,True,True,left_of,True,scene_0001__vflip.png
scene_0001,vflip,o3>o0,right_of,False,False,right_of,True,scene_0001__vflip.png
scene_0001,vflip,o3>o0,above,False,True,below,True,scene_0001__vflip.png
scene_0001,vflip,o3>o0,below,True,False,above,True,scene_0001__vflip.png
scene_0001,vflip,o3>o0,parallel,False,False,parallel,True,scene_0001__vflip.png
scene_0001,vflip,o3>o0,perpendicular,False,False,perpendicular,True,scene_0001__vflip.png
scene_0001,vflip,o3>o0,in_front_of,False,False,in_front_of,True,scene_0001__vflip.png
scene_0001,vflip,o3>o0,behind,True,True,behind,True,scene_0001__vflip.png
scene_0001,vflip,o3>o1,left_of,True,True,left_of,True,scene_0001__vflip.png
scene_0001,vflip,o3>o1,right_of,False,False,right_of,True,scene_0001__vflip.png
scene_0001,vflip,o3>o1,above,False,True,below,True,scene_0001__vflip.png
scene_0001,vflip,o3>o1,below,True,False,above,True,scene_0001__vflip.png
scene_0001,vflip,o3>o1,parallel,False,False,parallel,True,scene_0001__vflip.png
scene_0001,vflip,o3>o1,perpendicular,False,False,perpendicular,True,scene_0001__vflip.png
scene_0001,vflip,o3>o1,in_front_of,False,False,in_front_of,True,scene_0001__vflip.png
scene_0001,vflip,o3>o1,behind,True,True,behind,True,scene_0001__vflip.png
scene_0001,vflip,o3>o2,left_of,True,True,left_of,True,scene_0001__vflip.png
scene_0001,vflip,o3>o2,right_of,False,False,right_of,True,scene_0001__vflip.png
scene_0001,vflip,o3>o2,above,True,False,below,True,scene_0001__vflip.png
scene_0001,vflip,o3>o2,below,False,True,above,True,scene_0001__vflip.png
scene_0001,vflip,o3>o2,parallel,False,False,parallel,True,scene_0001__vflip.png
scene_0001,vflip,o3>o2,perpendicular,True,True,perpendicular,True,scene_0001__vflip.png
scene_0001,vflip,o3>o2,in_front_of,False,False,in_front_of,True,scene_0001__vflip.png
scene_0001,vflip,o3>o2,behind,True,True,behind,True,scene_0001__vflip.png
scene_0001,v_after_h,o0>o1,left_of,False,True,right_of,True,scene_0001__v_after_h.png
scene_0001,v_after_h,o0>o1,right_of,True,False,left_of,True,scene_0001__v_after_h.png
scene_0001,v_after_h,o0>o1,above,False,True,below,True,scene_0001__v_after_h.png
scene_0001,v_after_h,o0>o1,below,True,False,above,True,scene_0001__v_after_h.png
scene_0001,v_after_h,o0>o1,parallel,False,False,parallel,True,scene_0001__v_after_h.png
scene_0001,v_after_h,o0>o1,perpendicular,False,False,perpendicular,True,scene_0001__v_after_h.png
scene_0001,v_after_h,o0>o1,in_front_of,True,True,in_front_of,True,scene_0001__v_after_h.png
scene_0001,v_after_h,o0>o1,behind,False,False,behind,True,scene_0001__v_after_h.png
scene_0001,v_after_h,o0>o2,left_of,False,True,right_of,True,scene_0001__v_after_h.png
scene_0001,v_after_h,o0>o2,right_of,True,False,left_of,True,scene_0001__v_after_h.png
scene_0001,v_after_h,o0>o2,above,True,False,below,True,scene_0001__v_after_h.png
scene_0001,v_after_h,o0>o2,below,False,True,above,True,scene_0001__v_after_h.png
scene_0001,v_after_h,o0>o2,parallel,False,False,parallel,True,scene_0001__v_after_h.png
scene_0001,v_after_h,o0>o2,perpendicular,False,False,perpendicular,True,scene_0001__v_after_h.png
scene_0001,v_after_h,o0>o2,in_front_of,True,True,in_front_of,True,scene_0001__v_after_h.png
scene_0001,v_after_h,o0>o2,behind,False,False,behind,True,scene_0001__v_after_h.png
scene_0001,v_after_h,o0>o3,left_of,False,True,right_of,True,scene_0001__v_after_h.png
scene_0001,v_after_h,o0>o3,right_of,True,False,left_of,True,scene_0001__v_after_h.png
scene_0001,v_after_h,o0>o3,above,True,False,below,True,scene_0001__v_after_h.png
scene_0001,v_after_h,o0>o3,below,False,True,above,True,scene_0001__v_after_h.png
scene_0001,v_after_h,o0>o3,parallel,False,False,parallel,True,scene_0001__v_after_h.png
scene_0001,v_after_h,o0>o3,perpendicular,False,False,perpendicular,True,scene_0001__v_after_h.png
scene_0001,v_after_h,o0>o3,in_front_of,True,True,in_front_of,True,scene_0001__v_after_h.png
scene_0001,v_after_h,o0>o3,behind,False,False,behind,True,scene_0001__v_after_h.png
scene_0001,v_after_h,o1>o0,left_of,True,False,right_of,True,scene_0001__v_after_h.png
scene_0001,v_after_h,o1>o0,right_of,False,True,left_of,True,scene_0001__v_after_h.png
scene_0001,v_after_h,o1>o0,above,True,False,below,True,scene_0001__v_after_h.png
scene_0001,v_after_h,o1>o0,below,False,True,above,True,scene_0001__v_after_h.png
scene_0001,v_after_h,o1>o0,parallel,False,False,parallel,True,scene_0001__v_after_h.png
scene_0001,v_after_h,o1>o0,perpendicular,False,False,perpendicular,True,scene_0001__v_after_h.png
scene_0001,v_after_h,o1>o0,in_front_of,False,False,in_front_of,True,scene_0001__v_after_h.png
scene_0001,v_after_h,o1>o0,behind,True,True,behind,True,scene_0001__v_after_h.png
scene_0001,v_after_h,o1>o2,left_of,False,True,right_of,True,scene_0001__v_after_h.png
scene_0001,v_after_h,o1>o2,right_of,True,False,left_of,True,scene_0001__v_after_h.png
scene_0001,v_after_h,o1>o2,above,True,False,below,True,scene_0001__v_after_h.png
scene_0001,v_after_h,o1>o2,below,False,True,above,True,scene_0001__v_after_h.png
scene_0001,v_after_h,o1>o2,parallel,False,False,parallel,True,scene_0001__v_after_h.png
scene_0001,v_after_h,o1>o2,perpendicular,False,False,perpendicular,True,scene_0001__v_after_h.png
scene_0001,v_after_h,o1>o2,in_front_of,False,False,in_front_of,True,scene_0001__v_after_h.png
scene_0001,v_after_h,o1>o2,behind,True,True,behind,True,scene_0001__v_after_h.png
scene_0001,v_after_h,o1>o3,left_of,False,True,right_of,True,scene_0001__v_after_h.png
scene_0001,v_after_h,o1>o3,right_of,True,False,left_of,True,scene_0001__v_after_h.png
scene_0001,v_after_h,o1>o3,above,True,False,below,True,scene_0001__v_after_h.png
scene_0001,v_after_h,o1>o3,below,False,True,above,True,scene_0001__v_after_h.png
scene_0001,v_after_h,o1>o3,parallel,False,False,parallel,True,scene_0001__v_after_h.png
scene_0001,v_after_h,o1>o3,perpendicular,False,False,perpendicular,True,scene_0001__v_after_h.png
scene_0001,v_after_h,o1>o3,in_front_of,True,True,in_front_of,True,scene_0001__v_after_h.png
scene_0001,v_after_h,o1>o3,behind,False,False,behind,True,scene_0001__v_after_h.png
scene_0001,v_after_h,o2>o0,left_of,True,False,right_of,True,scene_0001__v_after_h.png
scene_0001,v_after_h,o2>o0,right_of,False,True,left_of,True,scene_0001__v_after_h.png
scene_0001,v_after_h,o2>o0,above,False,True,below,True,scene_0001__v_after_h.png
scene_0001,v_after_h,o2>o0,below,True,False,above,True,scene_0001__v_after_h.png
scene_0001,v_after_h,o2>o0,parallel,False,False,parallel,True,scene_0001__v_after_h.png
scene_0001,v_after_h,o2>o0,perpendicular,False,False,perpendicular,True,scene_0001__v_after_h.png
scene_0001,v_after_h,o2>o0,in_front_of,False,False,in_front_of,True,scene_0001__v_after_h.png
scene_0001,v_after_h,o2>o0,behind,True,True,behind,True,scene_0001__v_after_h.png
scene_0001,v_after_h,o2>o1,left_of,True,False,right_of,True,scene_0001__v_after_h.png
scene_0001,v_after_h,o2>o1,right_of,False,True,left_of,True,scene_0001__v_after_h.png
scene_0001,v_after_h,o2>o1,above,False,True,below,True,scene_0001__v_after_h.png
scene_0001,v_after_h,o2>o1,below,True,False,above,True,scene_0001__v_after_h.png
scene_0001,v_after_h,o2>o1,parallel,False,False,parallel,True,scene_0001__v_after_h.png
scene_0001,v_after_h,o2>o1,perpendicular,False,False,perpendicular,True,scene_0001__v_after_h.png
scene_0001,v_after_h,o2>o1,in_front_of,True,True,in_front_of,True,scene_0001__v_after_h.png
scene_0001,v_after_h,o2>o1,behind,False,False,behind,True,scene_0001__v_after_h.png
scene_0001,v_after_h,o2>o3,left_of,False,True,right_of,True,scene_0001__v_after_h.png
scene_0001,v_after_h,o2>o3,right_of,True,False,left_of,True,scene_0001__v_after_h.png
scene_0001,v_after_h,o2>o3,above,False,True,below,True,scene_0001__v_after_h.png
scene_0001,v_after_h,o2>o3,below,True,False,above,True,scene_0001__v_after_h.png
scene_0001,v_after_h,o2>o3,parallel,False,False,parallel,True,scene_0001__v_after_h.png
scene_0001,v_after_h,o2>o3,perpendicular,True,True,perpendicular,True,scene_0001__v_after_h.png
scene_0001,v_after_h,o2>o3,in_front_of,True,True,in_front_of,True,scene_0001__v_after_h.png
scene_0001,v_after_h,o2>o3,behind,False,False,behind,True,scene_0001__v_after_h.png
scene_0001,v_after_h,o3>o0,left_of,True,False,right_of,True,scene_0001__v_after_h.png
scene_0001,v_after_h,o3>o0,right_of,False,True,left_of,True,scene_0001__v_after_h.png
scene_0001,v_after_h,o3>o0,above,False,True,below,True,scene_0001__v_after_h.png
scene_0001,v_after_h,o3>o0,below,True,False,above,True,scene_0001__v_after_h.png
scene_0001,v_after_h,o3>o0,parallel,False,False,parallel,True,scene_0001__v_after_h.png
scene_0001,v_after_h,o3>o0,perpendicular,False,False,perpendicular,True,scene_0001__v_after_h.png
scene_0001,v_after_h,o3>o0,in_front_of,False,False,in_front_of,True,scene_0001__v_after_h.png
scene_0001,v_after_h,o3>o0,behind,True,True,behind,True,scene_0001__v_after_h.png
scene_0001,v_after_h,o3>o1,left_of,True,False,right_of,True,scene_0001__v_after_h.png
scene_0001,v_after_h,o3>o1,right_of,False,True,left_of,True,scene_0001__v_after_h.png
scene_0001,v_after_h,o3>o1,above,False,True,below,True,scene_0001__v_after_h.png
scene_0001,v_after_h,o3>o1,below,True,False,above,True,scene_0001__v_after_h.png
scene_0001,v_after_h,o3>o1,parallel,False,False,parallel,True,scene_0001__v_after_h.png
scene_0001,v_after_h,o3>o1,perpendicular,False,False,perpendicular,True,scene_0001__v_after_h.png
scene_0001,v_after_h,o3>o1,in_front_of,False,False,in_front_of,True,scene_0001__v_after_h.png
scene_0001,v_after_h,o3>o1,behind,True,True,behind,True,scene_0001__v_after_h.png
scene_0001,v_after_h,o3>o2,left_of,True,False,right_of,True,scene_0001__v_after_h.png
scene_0001,v_after_h,o3>o2,right_of,False,True,left_of,True,scene_0001__v_after_h.png
scene_0001,v_after_h,o3>o2,above,True,False,below,True,scene_0001__v_after_h.png
scene_0001,v_after_h,o3>o2,below,False,True,above,True,scene_0001__v_after_h.png
scene_0001,v_after_h,o3>o2,parallel,False,False,parallel,True,scene_0001__v_after_h.png
scene_0001,v_after_h,o3>o2,perpendicular,True,True,perpendicular,True,scene_0001__v_after_h.png
scene_0001,v_after_h,o3>o2,in_front_of,False,False,in_front_of,True,scene_0001__v_after_h.png
scene_0001,v_after_h,o3>o2,behind,True,True,behind,True,scene_0001__v_after_h.png
scene_0002,hflip,o0>o1,left_of,False,True,right_of,True,scene_0002__hflip.png
scene_0002,hflip,o0>o1,right_of,True,False,left_of,True,scene_0002__hflip.png
scene_0002,hflip,o0>o1,above,True,True,above,True,scene_0002__hflip.png
scene_0002,hflip,o0>o1,below,False,False,below,True,scene_0002__hflip.png
scene_0002,hflip,o0>o1,parallel,False,False,parallel,True,scene_0002__hflip.png
scene_0002,hflip,o0>o1,perpendicular,False,False,perpendicular,True,scene_0002__hflip.png
scene_0002,hflip,o0>o1,in_front_of,True,True,in_front_of,True,scene_0002__hflip.png
scene_0002,hflip,o0>o1,behind,False,False,behind,True,scene_0002__hflip.png
scene_0002,hflip,o0>o2,left_of,False,True,right_of,True,scene_0002__hflip.png
scene_0002,hflip,o0>o2,right_of,True,False,left_of,True,scene_0002__hflip.png
scene_0002,hflip,o0>o2,above,True,True,above,True,scene_0002__hflip.png
scene_0002,hflip,o0>o2,below,False,False,below,True,scene_0002__hflip.png
scene_0002,hflip,o0>o2,parallel,False,False,parallel,True,scene_0002__hflip.png
scene_0002,hflip,o0>o2,perpendicular,False,False,perpendicular,True,scene_0002__hflip.png
scene_0002,hflip,o0>o2,in_front_of,True,True,in_front_of,True,scene_0002__hflip.png
scene_0002,hflip,o0>o2,behind,False,False,behind,True,scene_0002__hflip.png
scene_0002,hflip,o0>o3,left_of,False,True,right_of,True,scene_0002__hflip.png
scene_0002,hflip,o0>o3,right_of,True,False,left_of,True,scene_0002__hflip.png
scene_0002,hflip,o0>o3,above,True,True,above,True,scene_0002__hflip.png
scene_0002,hflip,o0>o3,below,False,False,below,True,scene_0002__hflip.png
scene_0002,hflip,o0>o3,parallel,False,False,parallel,True,scene_0002__hflip.png
scene_0002,hflip,o0>o3,perpendicular,False,False,perpendicular,True,scene_0002__hflip.png
scene_0002,hflip,o0>o3,in_front_of,True,True,in_front_of,True,scene_0002__hflip.png
scene_0002,hflip,o0>o3,behind,False,False,behind,True,scene_0002__hflip.png
scene_0002,hflip,o1>o0,left_of,True,False,right_of,True,scene_0002__hflip.png
scene_0002,hflip,o1>o0,right_of,False,True,left_of,True,scene_0002__hflip.png
scene_0002,hflip,o1>o0,above,False,False,above,True,scene_0002__hflip.png
scene_0002,hflip,o1>o0,below,True,True,below,True,scene_0002__hflip.png
scene_0002,hflip,o1>o0,parallel,False,False,parallel,True,scene_0002__hflip.png
scene_0002,hflip,o1>o0,perpendicular,False,False,perpendicular,True,scene_0002__hflip.png
scene_0002,hflip,o1>o0,in_front_of,False,False,in_front_of,True,scene_0002__hflip.png
scene_0002,hflip,o1>o0,behind,True,True,behind,True,scene_0002__hflip.png
scene_0002,hflip,o1>o2,left_of,False,True,right_of,True,scene_0002__hflip.png
scene_0002,hflip,o1>o2,right_of,True,False,left_of,True,scene_0002__hflip.png
scene_0002,hflip,o1>o2,above,False,False,above,True,scene_0002__hflip.png
scene_0002,hflip,o1>o2,below,True,True,below,True,scene_0002__hflip.png
scene_0002,hflip,o1>o2,parallel,False,False,parallel,True,scene_0002__hflip.png
scene_0002,hflip,o1>o2,perpendicular,False,False,perpendicular,True,scene_0002__hflip.png
scene_0002,hflip,o1>o2,in_front_of,False,False,in_front_of,True,scene_0002__hflip.png
scene_0002,hflip,o1>o2,behind,True,True,behind,True,scene_0002__hflip.png
scene_0002,hflip,o1>o3,left_of,False,True,right_of,True,scene_0002__hflip.png
scene_0002,hflip,o1>o3,right_of,True,False,left_of,True,scene_0002__hflip.png
scene_0002,hflip,o1>o3,above,False,False,above,True,scene_0002__hflip.png
scene_0002,hflip,o1>o3,below,True,True,below,True,scene_0002__hflip.png
scene_0002,hflip,o1>o3,parallel,False,False,parallel,True,scene_0002__hflip.png
scene_0002,hflip,o1>o3,perpendicular,False,False,perpendicular,True,scene_0002__hflip.png
scene_0002,hflip,o1>o3,in_front_of,True,True,in_front_of,True,scene_0002__hflip.png
scene_0002,hflip,o1>o3,behind,False,False,behind,True,scene_0002__hflip.png
scene_0002,hflip,o2>o0,left_of,True,False,right_of,True,scene_0002__hflip.png
scene_0002,hflip,o2>o0,right_of,False,True,left_of,True,scene_0002__hflip.png
scene_0002,hflip,o2>o0,above,False,False,above,True,scene_0002__hflip.png
scene_0002,hflip,o2>o0,below,True,True,below,True,scene_0002__hflip.png
scene_0002,hflip,o2>o0,parallel,False,False,parallel,True,scene_0002__hflip.png
scene_0002,hflip,o2>o0,perpendicular,False,False,perpendicular,True,scene_0002__hflip.png
scene_0002,hflip,o2>o0,in_front_of,False,False,in_front_of,True,scene_0002__hflip.png
scene_0002,hflip,o2>o0,behind,True,True,behind,True,scene_0002__hflip.png
scene_0002,hflip,o2>o1,left_of,True,False,right_of,True,scene_0002__hflip.png
scene_0002,hflip,o2>o1,right_of,False,True,left_of,True,scene_0002__hflip.png
scene_0002,hflip,o2>o1,above,True,True,above,True,scene_0002__hflip.png
scene_0002,hflip,o2>o1,below,False,False,below,True,scene_0002__hflip.png
scene_0002,hflip,o2>o1,parallel,False,False,parallel,True,scene_0002__hflip.png
scene_0002,hflip,o2>o1,perpendicular,False,False,perpendicular,True,scene_0002__hflip.png
scene_0002,hflip,o2>o1,in_front_of,True,True,in_front_of,True,scene_0002__hflip.png
scene_0002,hflip,o2>o1,behind,False,False,behind,True,scene_0002__hflip.png
scene_0002,hflip,o2>o3,left_of,True,False,right_of,True,scene_0002__hflip.png
scene_0002,hflip,o2>o3,right_of,False,True,left_of,True,scene_0002__hflip.png
scene_0002,hflip,o2>o3,above,True,True,above,True,scene_0002__hflip.png
scene_0002,hflip,o2>o3,below,False,False,below,True,scene_0002__hflip.png
scene_0002,hflip,o2>o3,parallel,False,False,parallel,True,scene_0002__hflip.png
scene_0002,hflip,o2>o3,perpendicular,True,True,perpendicular,True,scene_0002__hflip.png
scene_0002,hflip,o2>o3,in_front_of,True,True,in_front_of,True,scene_0002__hflip.png
scene_0002,hflip,o2>o3,behind,False,False,behind,True,scene_0002__hflip.png
scene_0002,hflip,o3>o0,left_of,True,False,right_of,True,scene_0002__hflip.png
scene_0002,hflip,o3>o0,right_of,False,True,left_of,True,scene_0002__hflip.png
scene_0002,hflip,o3>o0,above,False,False,above,True,scene_0002__hflip.png
scene_0002,hflip,o3>o0,below,True,True,below,True,scene_0002__hflip.png
scene_0002,hflip,o3>o0,parallel,False,False,parallel,True,scene_0002__hflip.png
scene_0002,hflip,o3>o0,perpendicular,False,False,perpendicular,True,scene_0002__hflip.png
scene_0002,hflip,o3>o0,in_front_of,False,False,in_front_of,True,scene_0002__hflip.png
scene_0002,hflip,o3>o0,behind,True,True,behind,True,scene_0002__hflip.png
scene_0002,hflip,o3>o1,left_of,True,False,right_of,True,scene_0002__hflip.png
scene_0002,hflip,o3>o1,right_of,False,True,left_of,True,scene_0002__hflip.png
scene_0002,hflip,o3>o1,above,True,True,above,True,scene_0002__hflip.png
scene_0002,hflip,o3>o1,below,False,False,below,True,scene_0002__hflip.png
scene_0002,hflip,o3>o1,parallel,False,False,parallel,True,scene_0002__hflip.png
scene_0002,hflip,o3>o1,perpendicular,False,False,perpendicular,True,scene_0002__hflip.png
scene_0002,hflip,o3>o1,in_front_of,False,False,in_front_of,True,scene_0002__hflip.png
scene_0002,hflip,o3>o1,behind,True,True,behind,True,scene_0002__hflip.png
scene_0002,hflip,o3>o2,left_of,False,True,right_of,True,scene_0002__hflip.png
scene_0002,hflip,o3>o2,right_of,True,False,left_of,True,scene_0002__hflip.png
scene_0002,hflip,o3>o2,above,False,False,above,True,scene_0002__hflip.png
scene_0002,hflip,o3>o2,below,True,True,below,True,scene_0002__hflip.png
scene_0002,hflip,o3>o2,parallel,False,False,parallel,True,scene_0002__hflip.png
scene_0002,hflip,o3>o2,perpendicular,True,True,perpendicular,True,scene_0002__hflip.png
scene_0002,hflip,o3>o2,in_front_of,False,False,in_front_of,True,scene_0002__hflip.png
scene_0002,hflip,o3>o2,behind,True,True,behind,True,scene_0002__hflip.png
scene_0002,vflip,o0>o1,left_of,False,False,left_of,True,scene_0002__vflip.png
scene_0002,vflip,o0>o1,right_of,True,True,right_of,True,scene_0002__vflip.png
scene_0002,vflip,o0>o1,above,True,False,below,True,scene_0002__vflip.png
scene_0002,vflip,o0>o1,below,False,True,above,True,scene_0002__vflip.png
scene_0002,vflip,o0>o1,parallel,False,False,parallel,True,scene_0002__vflip.png
scene_0002,vflip,o0>o1,perpendicular,False,False,perpendicular,True,scene_0002__vflip.png
scene_0002,vflip,o0>o1,in_front_of,True,True,in_front_of,True,scene_0002__vflip.png
scene_0002,vflip,o0>o1,behind,False,False,behind,True,scene_0002__vflip.png
scene_0002,vflip,o0>o2,left_of,False,False,left_of,True,scene_0002__vflip.png
scene_0002,vflip,o0>o2,right_of,True,True,right_of,True,scene_0002__vflip.png
scene_0002,vflip,o0>o2,above,True,False,below,True,scene_0002__vflip.png
scene_0002,vflip,o0>o2,below,False,True,above,True,scene_0002__vflip.png
scene_0002,vflip,o0>o2,parallel,False,False,parallel,True,scene_0002__vflip.png
scene_0002,vflip,o0>o2,perpendicular,False,False,perpendicular,True,scene_0002__vflip.png
scene_0002,vflip,o0>o2,in_front_of,True,True,in_front_of,True,scene_0002__vflip.png
scene_0002,vflip,o0>o2,behind,False,False,behind,True,scene_0002__vflip.png
scene_0002,vflip,o0>o3,left_of,False,False,left_of,True,scene_0002__vflip.png
scene_0002,vflip,o0>o3,right_of,True,True,right_of,True,scene_0002__vflip.png
scene_0002,vflip,o0>o3,above,True,False,below,True,scene_0002__vflip.png
scene_0002,vflip,o0>o3,below,False,True,above,True,scene_0002__vflip.png
scene_0002,vflip,o0>o3,parallel,False,False,parallel,True,scene_0002__vflip.png
scene_0002,vflip,o0>o3,perpendicular,False,False,perpendicular,True,scene_0002__vflip.png
scene_0002,vflip,o0>o3,in_front_of,True,True,in_front_of,True,scene_0002__vflip.png
scene_0002,vflip,o0>o3,behind,False,False,behind,True,scene_0002__vflip.png
scene_0002,vflip,o1>o0,left_of,True,True,left_of,True,scene_0002__vflip.png
scene_0002,vflip,o1>o0,right_of,False,False,right_of,True,scene_0002__vflip.png
scene_0002,vflip,o1>o0,above,False,True,below,True,scene_0002__vflip.png
scene_0002,vflip,o1>o0,below,True,False,above,True,scene_0002__vflip.png
scene_0002,vflip,o1>o0,parallel,False,False,parallel,True,scene_0002__vflip.png
scene_0002,vflip,o1>o0,perpendicular,False,False,perpendicular,True,scene_0002__vflip.png
scene_0002,vflip,o1>o0,in_front_of,False,False,in_front_of,True,scene_0002__vflip.png
scene_0002,vflip,o1>o0,behind,True,True,behind,True,scene_0002__vflip.png
scene_0002,vflip,o1>o2,left_of,False,False,left_of,True,scene_0002__vflip.png
scene_0002,vflip,o1>o2,right_of,True,True,right_of,True,scene_0002__vflip.png
scene_0002,vflip,o1>o2,above,False,True,below,True,scene_0002__vflip.png
scene_0002,vflip,o1>o2,below,True,False,above,True,scene_0002__vflip.png
scene_0002,vflip,o1>o2,parallel,False,False,parallel,True,scene_0002__vflip.png
scene_0002,vflip,o1>o2,perpendicular,False,False,perpendicular,True,scene_0002__vflip.png
scene_0002,vflip,o1>o2,in_front_of,False,False,in_front_of,True,scene_0002__vflip.png
scene_0002,vflip,o1>o2,behind,True,True,behind,True,scene_0002__vflip.png
scene_0002,vflip,o1>o3,left_of,False,False,left_of,True,scene_0002__vflip.png
scene_0002,vflip,o1>o3,right_of,True,True,right_of,True,scene_0002__vflip.png
scene_0002,vflip,o1>o3,above,False,True,below,True,scene_0002__vflip.png
scene_0002,vflip,o1>o3,below,True,False,above,True,scene_0002__vflip.png
scene_0002,vflip,o1>o3,parallel,False,False,parallel,True,scene_0002__vflip.png
scene_0002,vflip,o1>o3,perpendicular,False,False,perpendicular,True,scene_0002__vflip.png
scene_0002,vflip,o1>o3,in_front_of,True,True,in_front_of,True,scene_0002__vflip.png
scene_0002,vflip,o1>o3,behind,False,False,behind,True,scene_0002__vflip.png
scene_0002,vflip,o2>o0,left_of,True,True,left_of,True,scene_0002__vflip.png
scene_0002,vflip,o2>o0,right_of,False,False,right_of,True,scene_0002__vflip.png
scene_0002,vflip,o2>o0,above,False,True,below,True,scene_0002__vflip.png
scene_0002,vflip,o2>o0,below,True,False,above,True,scene_0002__vflip.png
scene_0002,vflip,o2>o0,parallel,False,False,parallel,True,scene_0002__vflip.png
scene_0002,vflip,o2>o0,perpendicular,False,False,perpendicular,True,scene_0002__vflip.png
scene_0002,vflip,o2>o0,in_front_of,False,False,in_front_of,True,scene_0002__vflip.png
scene_0002,vflip,o2>o0,behind,True,True,behind,True,scene_0002__vflip.png
scene_0002,vflip,o2>o1,left_of,True,True,left_of,True,scene_0002__vflip.png
scene_0002,vflip,o2>o1,right_of,False,False,right_of,True,scene_0002__vflip.png
scene_0002,vflip,o2>o1,above,True,False,below,True,scene_0002__vflip.png
scene_0002,vflip,o2>o1,below,False,True,above,True,scene_0002__vflip.png
scene_0002,vflip,o2>o1,parallel,False,False,parallel,True,scene_0002__vflip.png
scene_0002,vflip,o2>o1,perpendicular,False,False,perpendicular,True,scene_0002__vflip.png
scene_0002,vflip,o2>o1,in_front_of,True,True,in_front_of,True,scene_0002__vflip.png
scene_0002,vflip,o2>o1,behind,False,False,behind,True,scene_0002__vflip.png
scene_0002,vflip,o2>o3,left_of,True,True,left_of,True,scene_0002__vflip.png
scene_0002,vflip,o2>o3,right_of,False,False,right_of,True,scene_0002__vflip.png
scene_0002,vflip,o2>o3,above,True,False,below,True,scene_0002__vflip.png
scene_0002,vflip,o2>o3,below,False,True,above,True,scene_0002__vflip.png
scene_0002,vflip,o2>o3,parallel,False,False,parallel,True,scene_0002__vflip.png
scene_0002,vflip,o2>o3,perpendicular,True,True,perpendicular,True,scene_0002__vflip.png
scene_0002,vflip,o2>o3,in_front_of,True,True,in_front_of,True,scene_0002__vflip.png
scene_0002,vflip,o2>o3,behind,False,False,behind,True,scene_0002__vflip.png
scene_0002,vflip,o3>o0,left_of,True,True,left_of,True,scene_0002__vflip.png
scene_0002,vflip,o3>o0,right_of,False,False,right_of,True,scene_0002__vflip.png
scene_0002,vflip,o3>o0,above,False,True,below,True,scene_0002__vflip.png
scene_0002,vflip,o3>o0,below,True,False,above,True,scene_0002__vflip.png
scene_0002,vflip,o3>o0,parallel,False,False,parallel,True,scene_0002__vflip.png
scene_0002,vflip,o3>o0,perpendicular,False,False,perpendicular,True,scene_0002__vflip.png
scene_0002,vflip,o3>o0,in_front_of,False,False,in_front_of,True,scene_0002__vflip.png
scene_0002,vflip,o3>o0,behind,True,True,behind,True,scene_0002__vflip.png
scene_0002,vflip,o3>o1,left_of,True,True,left_of,True,scene_0002__vflip.png
scene_0002,vflip,o3>o1,right_of,False,False,right_of,True,scene_0002__vflip.png
scene_0002,vflip,o3>o1,above,True,False,below,True,scene_0002__vflip.png
scene_0002,vflip,o3>o1,below,False,True,above,True,scene_0002__vflip.png
scene_0002,vflip,o3>o1,parallel,False,False,parallel,True,scene_0002__vflip.png
scene_0002,vflip,o3>o1,perpendicular,False,False,perpendicular,True,scene_0002__vflip.png
scene_0002,vflip,o3>o1,in_front_of,False,False,in_front_of,True,scene_0002__vflip.png
scene_0002,vflip,o3>o1,behind,True,True,behind,True,scene_0002__vflip.png
scene_0002,vflip,o3>o2,left_of,False,False,left_of,True,scene_0002__vflip.png
scene_0002,vflip,o3>o2,right_of,True,True,right_of,True,scene_0002__vflip.png
scene_0002,vflip,o3>o2,above,False,True,below,True,scene_0002__vflip.png
scene_0002,vflip,o3>o2,below,True,False,above,True,scene_0002__vflip.png
scene_0002,vflip,o3>o2,parallel,False,False,parallel,True,scene_0002__vflip.png
scene_0002,vflip,o3>o2,perpendicular,True,True,perpendicular,True,scene_0002__vflip.png
scene_0002,vflip,o3>o2,in_front_of,False,False,in_front_of,True,scene_0002__vflip.png
scene_0002,vflip,o3>o2,behind,True,True,behind,True,scene_0002__vflip.png
scene_0002,v_after_h,o0>o1,left_of,False,True,right_of,True,scene_0002__v_after_h.png
scene_0002,v_after_h,o0>o1,right_of,True,False,left_of,True,scene_0002__v_after_h.png
scene_0002,v_after_h,o0>o1,above,True,False,below,True,scene_0002__v_after_h.png
scene_0002,v_after_h,o0>o1,below,False,True,above,True,scene_0002__v_after_h.png
scene_0002,v_after_h,o0>o1,parallel,False,False,parallel,True,scene_0002__v_after_h.png
scene_0002,v_after_h,o0>o1,perpendicular,False,False,perpendicular,True,scene_0002__v_after_h.png
scene_0002,v_after_h,o0>o1,in_front_of,True,True,in_front_of,True,scene_0002__v_after_h.png
scene_0002,v_after_h,o0>o1,behind,False,False,behind,True,scene_0002__v_after_h.png
scene_0002,v_after_h,o0>o2,left_of,False,True,right_of,True,scene_0002__v_after_h.png
scene_0002,v_after_h,o0>o2,right_of,True,False,left_of,True,scene_0002__v_after_h.png
scene_0002,v_after_h,o0>o2,above,True,False,below,True,scene_0002__v_after_h.png
scene_0002,v_after_h,o0>o2,below,False,True,above,True,scene_0002__v_after_h.png
scene_0002,v_after_h,o0>o2,parallel,False,False,parallel,True,scene_0002__v_after_h.png
scene_0002,v_after_h,o0>o2,perpendicular,False,False,perpendicular,True,scene_0002__v_after_h.png
scene_0002,v_after_h,o0>o2,in_front_of,True,True,in_front_of,True,scene_0002__v_after_h.png
scene_0002,v_after_h,o0>o2,behind,False,False,behind,True,scene_0002__v_after_h.png
scene_0002,v_after_h,o0>o3,left_of,False,True,right_of,True,scene_0002__v_after_h.png
scene_0002,v_after_h,o0>o3,right_of,True,False,left_of,True,scene_0002__v_after_h.png
scene_0002,v_after_h,o0>o3,above,True,False,below,True,scene_0002__v_after_h.png
scene_0002,v_after_h,o0>o3,below,False,True,above,True,scene_0002__v_after_h.png
scene_0002,v_after_h,o0>o3,parallel,False,False,parallel,True,scene_0002__v_after_h.png
scene_0002,v_after_h,o0>o3,perpendicular,False,False,perpendicular,True,scene_0002__v_after_h.png
scene_0002,v_after_h,o0>o3,in_front_of,True,True,in_front_of,True,scene_0002__v_after_h.png
scene_0002,v_after_h,o0>o3,behind,False,False,behind,True,scene_0002__v_after_h.png
scene_0002,v_after_h,o1>o0,left_of,True,False,right_of,True,scene_0002__v_after_h.png
scene_0002,v_after_h,o1>o0,right_of,False,True,left_of,True,scene_0002__v_after_h.png
scene_0002,v_after_h,o1>o0,above,False,True,below,True,scene_0002__v_after_h.png
scene_0002,v_after_h,o1>o0,below,True,False,above,True,scene_0002__v_after_h.png
scene_0002,v_after_h,o1>o0,parallel,False,False,parallel,True,scene_0002__v_after_h.png
scene_0002,v_after_h,o1>o0,perpendicular,False,False,perpendicular,True,scene_0002__v_after_h.png
scene_0002,v_after_h,o1>o0,in_front_of,False,False,in_front_of,True,scene_0002__v_after_h.png
scene_0002,v_after_h,o1>o0,behind,True,True,behind,True,scene_0002__v_after_h.png
scene_0002,v_after_h,o1>o2,left_of,False,True,right_of,True,scene_0002__v_after_h.png
scene_0002,v_after_h,o1>o2,right_of,True,False,left_of,True,scene_0002__v_after_h.png
scene_0002,v_after_h,o1>o2,above,False,True,below,True,scene_0002__v_after_h.png
scene_0002,v_after_h,o1>o2,below,True,False,above,True,scene_0002__v_after_h.png
scene_0002,v_after_h,o1>o2,parallel,False,False,parallel,True,scene_0002__v_after_h.png
scene_0002,v_after_h,o1>o2,perpendicular,False,False,perpendicular,True,scene_0002__v_after_h.png
scene_0002,v_after_h,o1>o2,in_front_of,False,False,in_front_of,True,scene_0002__v_after_h.png
scene_0002,v_after_h,o1>o2,behind,True,True,behind,True,scene_0002__v_after_h.png
scene_0002,v_after_h,o1>o3,left_of,False,True,right_of,True,scene_0002__v_after_h.png
scene_0002,v_after_h,o1>o3,right_of,True,False,left_of,True,scene_0002__v_after_h.png
scene_0002,v_after_h,o1>o3,above,False,True,below,True,scene_0002__v_after_h.png
scene_0002,v_after_h,o1>o3,below,True,False,above,True,scene_0002__v_after_h.png
scene_0002,v_after_h,o1>o3,parallel,False,False,parallel,True,scene_0002__v_after_h.png
scene_0002,v_after_h,o1>o3,perpendicular,False,False,perpendicular,True,scene_0002__v_after_h.png
scene_0002,v_after_h,o1>o3,in_front_of,True,True,in_front_of,True,scene_0002__v_after_h.png
scene_0002,v_after_h,o1>o3,behind,False,False,behind,True,scene_0002__v_after_h.png
scene_0002,v_after_h,o2>o0,left_of,True,False,right_of,True,scene_0002__v_after_h.png
scene_0002,v_after_h,o2>o0,right_of,False,True,left_of,True,scene_0002__v_after_h.png
scene_0002,v_after_h,o2>o0,above,False,True,below,True,scene_0002__v_after_h.png
scene_0002,v_after_h,o2>o0,below,True,False,above,True,scene_0002__v_after_h.png
scene_0002,v_after_h,o2>o0,parallel,False,False,parallel,True,scene_0002__v_after_h.png
scene_0002,v_after_h,o2>o0,perpendicular,False,False,perpendicular,True,scene_0002__v_after_h.png
scene_0002,v_after_h,o2>o0,in_front_of,False,False,in_front_of,True,scene_0002__v_after_h.png
scene_0002,v_after_h,o2>o0,behind,True,True,behind,True,scene_0002__v_after_h.png
scene_0002,v_after_h,o2>o1,left_of,True,False,right_of,True,scene_0002__v_after_h.png
scene_0002,v_after_h,o2>o1,right_of,False,True,left_of,True,scene_0002__v_after_h.png
scene_0002,v_after_h,o2>o1,above,True,False,below,True,scene_0002__v_after_h.png
scene_0002,v_after_h,o2>o1,below,False,True,above,True,scene_0002__v_after_h.png
scene_0002,v_after_h,o2>o1,parallel,False,False,parallel,True,scene_0002__v_after_h.png
scene_0002,v_after_h,o2>o1,perpendicular,False,False,perpendicular,True,scene_0002__v_after_h.png
scene_0002,v_after_h,o2>o1,in_front_of,True,True,in_front_of,True,scene_0002__v_after_h.png
scene_0002,v_after_h,o2>o1,behind,False,False,behind,True,scene_0002__v_after_h.png
scene_0002,v_after_h,o2>o3,left_of,True,False,right_of,True,scene_0002__v_after_h.png
scene_0002,v_after_h,o2>o3,right_of,False,True,left_of,True,scene_0002__v_after_h.png
scene_0002,v_after_h,o2>o3,above,True,False,below,True,scene_0002__v_after_h.png
scene_0002,v_after_h,o2>o3,below,False,True,above,True,scene_0002__v_after_h.png
scene_0002,v_after_h,o2>o3,parallel,False,False,parallel,True,scene_0002__v_after_h.png
scene_0002,v_after_h,o2>o3,perpendicular,True,True,perpendicular,True,scene_0002__v_after_h.png
scene_0002,v_after_h,o2>o3,in_front_of,True,True,in_front_of,True,scene_0002__v_after_h.png
scene_0002,v_after_h,o2>o3,behind,False,False,behind,True,scene_0002__v_after_h.png
scene_0002,v_after_h,o3>o0,left_of,True,False,right_of,True,scene_0002__v_after_h.png
scene_0002,v_after_h,o3>o0,right_of,False,True,left_of,True,scene_0002__v_after_h.png
scene_0002,v_after_h,o3>o0,above,False,True,below,True,scene_0002__v_after_h.png
scene_0002,v_after_h,o3>o0,below,True,False,above,True,scene_0002__v_after_h.png
scene_0002,v_after_h,o3>o0,parallel,False,False,parallel,True,scene_0002__v_after_h.png
scene_0002,v_after_h,o3>o0,perpendicular,False,False,perpendicular,True,scene_0002__v_after_h.png
scene_0002,v_after_h,o3>o0,in_front_of,False,False,in_front_of,True,scene_0002__v_after_h.png
scene_0002,v_after_h,o3>o0,behind,True,True,behind,True,scene_0002__v_after_h.png
scene_0002,v_after_h,o3>o1,left_of,True,False,right_of,True,scene_0002__v_after_h.png
scene_0002,v_after_h,o3>o1,right_of,False,True,left_of,True,scene_0002__v_after_h.png
scene_0002,v_after_h,o3>o1,above,True,False,below,True,scene_0002__v_after_h.png
scene_0002,v_after_h,o3>o1,below,False,True,above,True,scene_0002__v_after_h.png
scene_0002,v_after_h,o3>o1,parallel,False,False,parallel,True,scene_0002__v_after_h.png
scene_0002,v_after_h,o3>o1,perpendicular,False,False,perpendicular,True,scene_0002__v_after_h.png
scene_0002,v_after_h,o3>o1,in_front_of,False,False,in_front_of,True,scene_0002__v_after_h.png
scene_0002,v_after_h,o3>o1,behind,True,True,behind,True,scene_0002__v_after_h.png
scene_0002,v_after_h,o3>o2,left_of,False,True,right_of,True,scene_0002__v_after_h.png
scene_0002,v_after_h,o3>o2,right_of,True,False,left_of,True,scene_0002__v_after_h.png
scene_0002,v_after_h,o3>o2,above,False,True,below,True,scene_0002__v_after_h.png
scene_0002,v_after_h,o3>o2,below,True,False,above,True,scene_0002__v_after_h.png
scene_0002,v_after_h,o3>o2,parallel,False,False,parallel,True,scene_0002__v_after_h.png
scene_0002,v_after_h,o3>o2,perpendicular,True,True,perpendicular,True,scene_0002__v_after_h.png
scene_0002,v_after_h,o3>o2,in_front_of,False,False,in_front_of,True,scene_0002__v_after_h.png
scene_0002,v_after_h,o3>o2,behind,True,True,behind,True,scene_0002__v_after_h.png
scene_0003,hflip,o0>o1,left_of,True,False,right_of,True,scene_0003__hflip.png
scene_0003,hflip,o0>o1,right_of,False,True,left_of,True,scene_0003__hflip.png
scene_0003,hflip,o0>o1,above,True,True,above,True,scene_0003__hflip.png
scene_0003,hflip,o0>o1,below,False,False,below,True,scene_0003__hflip.png
scene_0003,hflip,o0>o1,parallel,False,False,parallel,True,scene_0003__hflip.png
scene_0003,hflip,o0>o1,perpendicular,False,False,perpendicular,True,scene_0003__hflip.png
scene_0003,hflip,o0>o1,in_front_of,True,True,in_front_of,True,scene_0003__hflip.png
scene_0003,hflip,o0>o1,behind,False,False,behind,True,scene_0003__hflip.png
scene_0003,hflip,o0>o2,left_of,True,False,right_of,True,scene_0003__hflip.png
scene_0003,hflip,o0>o2,right_of,False,True,left_of,True,scene_0003__hflip.png
scene_0003,hflip,o0>o2,above,True,True,above,True,scene_0003__hflip.png
scene_0003,hflip,o0>o2,below,False,False,below,True,scene_0003__hflip.png
scene_0003,hflip,o0>o2,parallel,False,False,parallel,True,scene_0003__hflip.png
scene_0003,hflip,o0>o2,perpendicular,False,False,perpendicular,True,scene_0003__hflip.png
scene_0003,hflip,o0>o2,in_front_of,True,True,in_front_of,True,scene_0003__hflip.png
scene_0003,hflip,o0>o2,behind,False,False,behind,True,scene_0003__hflip.png
scene_0003,hflip,o0>o3,left_of,True,False,right_of,True,scene_0003__hflip.png
scene_0003,hflip,o0>o3,right_of,False,True,left_of,True,scene_0003__hflip.png
scene_0003,hflip,o0>o3,above,True,True,above,True,scene_0003__hflip.png
scene_0003,hflip,o0>o3,below,False,False,below,True,scene_0003__hflip.png
scene_0003,hflip,o0>o3,parallel,False,False,parallel,True,scene_0003__hflip.png
scene_0003,hflip,o0>o3,perpendicular,False,False,perpendicular,True,scene_0003__hflip.png
scene_0003,hflip,o0>o3,in_front_of,True,True,in_front_of,True,scene_0003__hflip.png
scene_0003,hflip,o0>o3,behind,False,False,behind,True,scene_0003__hflip.png
scene_0003,hflip,o1>o0,left_of,False,True,right_of,True,scene_0003__hflip.png
scene_0003,hflip,o1>o0,right_of,True,False,left_of,True,scene_0003__hflip.png
scene_0003,hflip,o1>o0,above,False,False,above,True,scene_0003__hflip.png
scene_0003,hflip,o1>o0,below,True,True,below,True,scene_0003__hflip.png
scene_0003,hflip,o1>o0,parallel,False,False,parallel,True,scene_0003__hflip.png
scene_0003,hflip,o1>o0,perpendicular,False,False,perpendicular,True,scene_0003__hflip.png
scene_0003,hflip,o1>o0,in_front_of,False,False,in_front_of,True,scene_0003__hflip.png
scene_0003,hflip,o1>o0,behind,True,True,behind,True,scene_0003__hflip.png
scene_0003,hflip,o1>o2,left_of,False,True,right_of,True,scene_0003__hflip.png
scene_0003,hflip,o1>o2,right_of,True,False,left_of,True,scene_0003__hflip.png
scene_0003,hflip,o1>o2,above,False,False,above,True,scene_0003__hflip.png
scene_0003,hflip,o1>o2,below,True,True,below,True,scene_0003__hflip.png
scene_0003,hflip,o1>o2,parallel,False,False,parallel,True,scene_0003__hflip.png
scene_0003,hflip,o1>o2,perpendicular,False,False,perpendicular,True,scene_0003__hflip.png
scene_0003,hflip,o1>o2,in_front_of,False,False,in_front_of,True,scene_0003__hflip.png
scene_0003,hflip,o1>o2,behind,True,True,behind,True,scene_0003__hflip.png
scene_0003,hflip,o1>o3,left_of,False,True,right_of,True,scene_0003__hflip.png
scene_0003,hflip,o1>o3,right_of,True,False,left_of,True,scene_0003__hflip.png
scene_0003,hflip,o1>o3,above,False,False,above,True,scene_0003__hflip.png
scene_0003,hflip,o1>o3,below,True,True,below,True,scene_0003__hflip.png
scene_0003,hflip,o1>o3,parallel,False,False,parallel,True,scene_0003__hflip.png
scene_0003,hflip,o1>o3,perpendicular,False,False,perpendicular,True,scene_0003__hflip.png
scene_0003,hflip,o1>o3,in_front_of,True,True,in_front_of,True,scene_0003__hflip.png
scene_0003,hflip,o1>o3,behind,False,False,behind,True,scene_0003__hflip.png
scene_0003,hflip,o2>o0,left_of,False,True,right_of,True,scene_0003__hflip.png
scene_0003,hflip,o2>o0,right_of,True,False,left_of,True,scene_0003__hflip.png
scene_0003,hflip,o2>o0,above,False,False,above,True,scene_0003__hflip.png
scene_0003,hflip,o2>o0,below,True,True,below,True,scene_0003__hflip.png
scene_0003,hflip,o2>o0,parallel,False,False,parallel,True,scene_0003__hflip.png
scene_0003,hflip,o2>o0,perpendicular,False,False,perpendicular,True,scene_0003__hflip.png
scene_0003,hflip,o2>o0,in_front_of,False,False,in_front_of,True,scene_0003__hflip.png
scene_0003,hflip,o2>o0,behind,True,True,behind,True,scene_0003__hflip.png
scene_0003,hflip,o2>o1,left_of,True,False,right_of,True,scene_0003__hflip.png
scene_0003,hflip,o2>o1,right_of,False,True,left_of,True,scene_0003__hflip.png
scene_0003,hflip,o2>o1,above,True,True,above,True,scene_0003__hflip.png
scene_0003,hflip,o2>o1,below,False,False,below,True,scene_0003__hflip.png
scene_0003,hflip,o2>o1,parallel,False,False,parallel,True,scene_0003__hflip.png
scene_0003,hflip,o2>o1,perpendicular,False,False,perpendicular,True,scene_0003__hflip.png
scene_0003,hflip,o2>o1,in_front_of,True,True,in_front_of,True,scene_0003__hflip.png
scene_0003,hflip,o2>o1,behind,False,False,behind,True,scene_0003__hflip.png
scene_0003,hflip,o2>o3,left_of,False,True,right_of,True,scene_0003__hflip.png
scene_0003,hflip,o2>o3,right_of,True,False,left_of,True,scene_0003__hflip.png
scene_0003,hflip,o2>o3,above,False,False,above,True,scene_0003__hflip.png
scene_0003,hflip,o2>o3,below,True,True,below,True,scene_0003__hflip.png
scene_0003,hflip,o2>o3,parallel,True,True,parallel,True,scene_0003__hflip.png
scene_0003,hflip,o2>o3,perpendicular,False,False,perpendicular,True,scene_0003__hflip.png
scene_0003,hflip,o2>o3,in_front_of,True,True,in_front_of,True,scene_0003__hflip.png
scene_0003,hflip,o2>o3,behind,False,False,behind,True,scene_0003__hflip.png
scene_0003,hflip,o3>o0,left_of,False,True,right_of,True,scene_0003__hflip.png
scene_0003,hflip,o3>o0,right_of,True,False,left_of,True,scene_0003__hflip.png
scene_0003,hflip,o3>o0,above,False,False,above,True,scene_0003__hflip.png
scene_0003,hflip,o3>o0,below,True,True,below,True,scene_0003__hflip.png
scene_0003,hflip,o3>o0,parallel,False,False,parallel,True,scene_0003__hflip.png
scene_0003,hflip,o3>o0,perpendicular,False,False,perpendicular,True,scene_0003__hflip.png
scene_0003,hflip,o3>o0,in_front_of,False,False,in_front_of,True,scene_0003__hflip.png
scene_0003,hflip,o3>o0,behind,True,True,behind,True,scene_0003__hflip.png
scene_0003,hflip,o3>o1,left_of,True,False,right_of,True,scene_0003__hflip.png
scene_0003,hflip,o3>o1,right_of,False,True,left_of,True,scene_0003__hflip.png
scene_0003,hflip,o3>o1,above,True,True,above,True,scene_0003__hflip.png
scene_0003,hflip,o3>o1,below,False,False,below,True,scene_0003__hflip.png
scene_0003,hflip,o3>o1,parallel,False,False,parallel,True,scene_0003__hflip.png
scene_0003,hflip,o3>o1,perpendicular,False,False,perpendicular,True,scene_0003__hflip.png
scene_0003,hflip,o3>o1,in_front_of,False,False,in_front_of,True,scene_0003__hflip.png
scene_0003,hflip,o3>o1,behind,True,True,behind,True,scene_0003__hflip.png
scene_0003,hflip,o3>o2,left_of,True,False,right_of,True,scene_0003__hflip.png
scene_0003,hflip,o3>o2,right_of,False,True,left_of,True,scene_0003__hflip.png
scene_0003,hflip,o3>o2,above,True,True,above,True,scene_0003__hflip.png
scene_0003,hflip,o3>o2,below,False,False,below,True,scene_0003__hflip.png
scene_0003,hflip,o3>o2,parallel,True,True,parallel,True,scene_0003__hflip.png
scene_0003,hflip,o3>o2,perpendicular,False,False,perpendicular,True,scene_0003__hflip.png
scene_0003,hflip,o3>o2,in_front_of,False,False,in_front_of,True,scene_0003__hflip.png
scene_0003,hflip,o3>o2,behind,True,True,behind,True,scene_0003__hflip.png
scene_0003,vflip,o0>o1,left_of,True,True,left_of,True,scene_0003__vflip.png
scene_0003,vflip,o0>o1,right_of,False,False,right_of,True,scene_0003__vflip.png
scene_0003,vflip,o0>o1,above,True,False,below,True,scene_0003__vflip.png
scene_0003,vflip,o0>o1,below,False,True,above,True,scene_0003__vflip.png
scene_0003,vflip,o0>o1,parallel,False,False,parallel,True,scene_0003__vflip.png
scene_0003,vflip,o0>o1,perpendicular,False,False,perpendicular,True,scene_0003__vflip.png
scene_0003,vflip,o0>o1,in_front_of,True,True,in_front_of,True,scene_0003__vflip.png
scene_0003,vflip,o0>o1,behind,False,False,behind,True,scene_0003__vflip.png
scene_0003,vflip,o0>o2,left_of,True,True,left_of,True,scene_0003__vflip.png
scene_0003,vflip,o0>o2,right_of,False,False,right_of,True,scene_0003__vflip.png
scene_0003,vflip,o0>o2,above,True,False,below,True,scene_0003__vflip.png
scene_0003,vflip,o0>o2,below,False,True,above,True,scene_0003__vflip.png
scene_0003,vflip,o0>o2,parallel,False,False,parallel,True,scene_0003__vflip.png
scene_0003,vflip,o0>o2,perpendicular,False,False,perpendicular,True,scene_0003__vflip.png
scene_0003,vflip,o0>o2,in_front_of,True,True,in_front_of,True,scene_0003__vflip.png
scene_0003,vflip,o0>o2,behind,False,False,behind,True,scene_0003__vflip.png
scene_0003,vflip,o0>o3,left_of,True,True,left_of,True,scene_0003__vflip.png
scene_0003,vflip,o0>o3,right_of,False,False,right_of,True,scene_0003__vflip.png
scene_0003,vflip,o0>o3,above,True,False,below,True,scene_0003__vflip.png
scene_0003,vflip,o0>o3,below,False,True,above,True,scene_0003__vflip.png
scene_0003,vflip,o0>o3,parallel,False,False,parallel,True,scene_0003__vflip.png
scene_0003,vflip,o0>o3,perpendicular,False,False,perpendicular,True,scene_0003__vflip.png
scene_0003,vflip,o0>o3,in_front_of,True,True,in_front_of,True,scene_0003__vflip.png
scene_0003,vflip,o0>o3,behind,False,False,behind,True,scene_0003__vflip.png
scene_0003,vflip,o1>o0,left_of,False,False,left_of,True,scene_0003__vflip.png
scene_0003,vflip,o1>o0,right_of,True,True,right_of,True,scene_0003__vflip.png
scene_0003,vflip,o1>o0,above,False,True,below,True,scene_0003__vflip.png
scene_0003,vflip,o1>o0,below,True,False,above,True,scene_0003__vflip.png
scene_0003,vflip,o1>o0,parallel,False,False,parallel,True,scene_0003__vflip.png
scene_0003,vflip,o1>o0,perpendicular,False,False,perpendicular,True,scene_0003__vflip.png
scene_0003,vflip,o1>o0,in_front_of,False,False,in_front_of,True,scene_0003__vflip.png
scene_0003,vflip,o1>o0,behind,True,True,behind,True,scene_0003__vflip.png
scene_0003,vflip,o1>o2,left_of,False,False,left_of,True,scene_0003__vflip.png
scene_0003,vflip,o1>o2,right_of,True,True,right_of,True,scene_0003__vflip.png
scene_0003,vflip,o1>o2,above,False,True,below,True,scene_0003__vflip.png
scene_0003,vflip,o1>o2,below,True,False,above,True,scene_0003__vflip.png
scene_0003,vflip,o1>o2,parallel,False,False,parallel,True,scene_0003__vflip.png
scene_0003,vflip,o1>o2,perpendicular,False,False,perpendicular,True,scene_0003__vflip.png
scene_0003,vflip,o1>o2,in_front_of,False,False,in_front_of,True,scene_0003__vflip.png
scene_0003,vflip,o1>o2,behind,True,True,behind,True,scene_0003__vflip.png
scene_0003,vflip,o1>o3,left_of,False,False,left_of,True,scene_0003__vflip.png
scene_0003,vflip,o1>o3,right_of,True,True,right_of,True,scene_0003__vflip.png
scene_0003,vflip,o1>o3,above,False,True,below,True,scene_0003__vflip.png
scene_0003,vflip,o1>o3,below,True,False,above,True,scene_0003__vflip.png
scene_0003,vflip,o1>o3,parallel,False,False,parallel,True,scene_0003__vflip.png
scene_0003,vflip,o1>o3,perpendicular,False,False,perpendicular,True,scene_0003__vflip.png
scene_0003,vflip,o1>o3,in_front_of,True,True,in_front_of,True,scene_0003__vflip.png
scene_0003,vflip,o1>o3,behind,False,False,behind,True,scene_0003__vflip.png
scene_0003,vflip,o2>o0,left_of,False,False,left_of,True,scene_0003__vflip.png
scene_0003,vflip,o2>o0,right_of,True,True,right_of,True,scene_0003__vflip.png
scene_0003,vflip,o2>o0,above,False,True,below,True,scene_0003__vflip.png
scene_0003,vflip,o2>o0,below,True,False,above,True,scene_0003__vflip.png
scene_0003,vflip,o2>o0,parallel,False,False,parallel,True,scene_0003__vflip.png
scene_0003,vflip,o2>o0,perpendicular,False,False,perpendicular,True,scene_0003__vflip.png
scene_0003,vflip,o2>o0,in_front_of,False,False,in_front_of,True,scene_0003__vflip.png
scene_0003,vflip,o2>o0,behind,True,True,behind,True,scene_0003__vflip.png
scene_0003,vflip,o2>o1,left_of,True,True,left_of,True,scene_0003__vflip.png
scene_0003,vflip,o2>o1,right_of,False,False,right_of,True,scene_0003__vflip.png
scene_0003,vflip,o2>o1,above,True,False,below,True,scene_0003__vflip.png
scene_0003,vflip,o2>o1,below,False,True,above,True,scene_0003__vflip.png
scene_0003,vflip,o2>o1,parallel,False,False,parallel,True,scene_0003__vflip.png
scene_0003,vflip,o2>o1,perpendicular,False,False,perpendicular,True,scene_0003__vflip.png
scene_0003,vflip,o2>o1,in_front_of,True,True,in_front_of,True,scene_0003__vflip.png
scene_0003,vflip,o2>o1,behind,False,False,behind,True,scene_0003__vflip.png
scene_0003,vflip,o2>o3,left_of,False,False,left_of,True,scene_0003__vflip.png
scene_0003,vflip,o2>o3,right_of,True,True,right_of,True,scene_0003__vflip.png
scene_0003,vflip,o2>o3,above,False,True,below,True,scene_0003__vflip.png
scene_0003,vflip,o2>o3,below,True,False,above,True,scene_0003__vflip.png
scene_0003,vflip,o2>o3,parallel,True,True,parallel,True,scene_0003__vflip.png
scene_0003,vflip,o2>o3,perpendicular,False,False,perpendicular,True,scene_0003__vflip.png
scene_0003,vflip,o2>o3,in_front_of,True,True,in_front_of,True,scene_0003__vflip.png
scene_0003,vflip,o2>o3,behind,False,False,behind,True,scene_0003__vflip.png
scene_0003,vflip,o3>o0,left_of,False,False,left_of,True,scene_0003__vflip.png
scene_0003,vflip,o3>o0,right_of,True,True,right_of,True,scene_0003__vflip.png
scene_0003,vflip,o3>o0,above,False,True,below,True,scene_0003__vflip.png
scene_0003,vflip,o3>o0,below,True,False,above,True,scene_0003__vflip.png
scene_0003,vflip,o3>o0,parallel,False,False,parallel,True,scene_0003__vflip.png
scene_0003,vflip,o3>o0,perpendicular,False,False,perpendicular,True,scene_0003__vflip.png
scene_0003,vflip,o3>o0,in_front_of,False,False,in_front_of,True,scene_0003__vflip.png
scene_0003,vflip,o3>o0,behind,True,True,behind,True,scene_0003__vflip.png
scene_0003,vflip,o3>o1,left_of,True,True,left_of,True,scene_0003__vflip.png
scene_0003,vflip,o3>o1,right_of,False,False,right_of,True,scene_0003__vflip.png
scene_0003,vflip,o3>o1,above,True,False,below,True,scene_0003__vflip.png
scene_0003,vflip,o3>o1,below,False,True,above,True,scene_0003__vflip.png
scene_0003,vflip,o3>o1,parallel,False,False,parallel,True,scene_0003__vflip.png
scene_0003,vflip,o3>o1,perpendicular,False,False,perpendicular,True,scene_0003__vflip.png
scene_0003,vflip,o3>o1,in_front_of,False,False,in_front_of,True,scene_0003__vflip.png
scene_0003,vflip,o3>o1,behind,True,True,behind,True,scene_0003__vflip.png
scene_0003,vflip,o3>o2,left_of,True,True,left_of,True,scene_0003__vflip.png
scene_0003,vflip,o3>o2,right_of,False,False,right_of,True,scene_0003__vflip.png
scene_0003,vflip,o3>o2,above,True,False,below,True,scene_0003__vflip.png
scene_0003,vflip,o3>o2,below,False,True,above,True,scene_0003__vflip.png
scene_0003,vflip,o3>o2,parallel,True,True,parallel,True,scene_0003__vflip.png
scene_0003,vflip,o3>o2,perpendicular,False,False,perpendicular,True,scene_0003__vflip.png
scene_0003,vflip,o3>o2,in_front_of,False,False,in_front_of,True,scene_0003__vflip.png
scene_0003,vflip,o3>o2,behind,True,True,behind,True,scene_0003__vflip.png
scene_0003,v_after_h,o0>o1,left_of,True,False,right_of,True,scene_0003__v_after_h.png
scene_0003,v_after_h,o0>o1,right_of,False,True,left_of,True,scene_0003__v_after_h.png
scene_0003,v_after_h,o0>o1,above,True,False,below,True,scene_0003__v_after_h.png
scene_0003,v_after_h,o0>o1,below,False,True,above,True,scene_0003__v_after_h.png
scene_0003,v_after_h,o0>o1,parallel,False,False,parallel,True,scene_0003__v_after_h.png
scene_0003,v_after_h,o0>o1,perpendicular,False,False,perpendicular,True,scene_0003__v_after_h.png
scene_0003,v_after_h,o0>o1,in_front_of,True,True,in_front_of,True,scene_0003__v_after_h.png
scene_0003,v_after_h,o0>o1,behind,False,False,behind,True,scene_0003__v_after_h.png
scene_0003,v_after_h,o0>o2,left_of,True,False,right_of,True,scene_0003__v_after_h.png
scene_0003,v_after_h,o0>o2,right_of,False,True,left_of,True,scene_0003__v_after_h.png
scene_0003,v_after_h,o0>o2,above,True,False,below,True,scene_0003__v_after_h.png
scene_0003,v_after_h,o0>o2,below,False,True,above,True,scene_0003__v_after_h.png
scene_0003,v_after_h,o0>o2,parallel,False,False,parallel,True,scene_0003__v_after_h.png
scene_0003,v_after_h,o0>o2,perpendicular,False,False,perpendicular,True,scene_0003__v_after_h.png
scene_0003,v_after_h,o0>o2,in_front_of,True,True,in_front_of,True,scene_0003__v_after_h.png
scene_0003,v_after_h,o0>o2,behind,False,False,behind,True,scene_0003__v_after_h.png
scene_0003,v_after_h,o0>o3,left_of,True,False,right_of,True,scene_0003__v_after_h.png
scene_0003,v_after_h,o0>o3,right_of,False,True,left_of,True,scene_0003__v_after_h.png
scene_0003,v_after_h,o0>o3,above,True,False,below,True,scene_0003__v_after_h.png
scene_0003,v_after_h,o0>o3,below,False,True,above,True,scene_0003__v_after_h.png
scene_0003,v_after_h,o0>o3,parallel,False,False,parallel,True,scene_0003__v_after_h.png
scene_0003,v_after_h,o0>o3,perpendicular,False,False,perpendicular,True,scene_0003__v_after_h.png
scene_0003,v_after_h,o0>o3,in_front_of,True,True,in_front_of,True,scene_0003__v_after_h.png
scene_0003,v_after_h,o0>o3,behind,False,False,behind,True,scene_0003__v_after_h.png
scene_0003,v_after_h,o1>o0,left_of,False,True,right_of,True,scene_0003__v_after_h.png
scene_0003,v_after_h,o1>o0,right_of,True,False,left_of,True,scene_0003__v_after_h.png
scene_0003,v_after_h,o1>o0,above,False,True,below,True,scene_0003__v_after_h.png
scene_0003,v_after_h,o1>o0,below,True,False,above,True,scene_0003__v_after_h.png
scene_0003,v_after_h,o1>o0,parallel,False,False,parallel,True,scene_0003__v_after_h.png
scene_0003,v_after_h,o1>o0,perpendicular,False,False,perpendicular,True,scene_0003__v_after_h.png
scene_0003,v_after_h,o1>o0,in_front_of,False,False,in_front_of,True,scene_0003__v_after_h.png
scene_0003,v_after_h,o1>o0,behind,True,True,behind,True,scene_0003__v_after_h.png
scene_0003,v_after_h,o1>o2,left_of,False,True,right_of,True,scene_0003__v_after_h.png
scene_0003,v_after_h,o1>o2,right_of,True,False,left_of,True,scene_0003__v_after_h.png
scene_0003,v_after_h,o1>o2,above,False,True,below,True,scene_0003__v_after_h.png
scene_0003,v_after_h,o1>o2,below,True,False,above,True,scene_0003__v_after_h.png
scene_0003,v_after_h,o1>o2,parallel,False,False,parallel,True,scene_0003__v_after_h.png
scene_0003,v_after_h,o1>o2,perpendicular,False,False,perpendicular,True,scene_0003__v_after_h.png
scene_0003,v_after_h,o1>o2,in_front_of,False,False,in_front_of,True,scene_0003__v_after_h.png
scene_0003,v_after_h,o1>o2,behind,True,True,behind,True,scene_0003__v_after_h.png
scene_0003,v_after_h,o1>o3,left_of,False,True,right_of,True,scene_0003__v_after_h.png
scene_0003,v_after_h,o1>o3,right_of,True,False,left_of,True,scene_0003__v_after_h.png
scene_0003,v_after_h,o1>o3,above,False,True,below,True,scene_0003__v_after_h.png
scene_0003,v_after_h,o1>o3,below,True,False,above,True,scene_0003__v_after_h.png
scene_0003,v_after_h,o1>o3,parallel,False,False,parallel,True,scene_0003__v_after_h.png
scene_0003,v_after_h,o1>o3,perpendicular,False,False,perpendicular,True,scene_0003__v_after_h.png
scene_0003,v_after_h,o1>o3,in_front_of,True,True,in_front_of,True,scene_0003__v_after_h.png
scene_0003,v_after_h,o1>o3,behind,False,False,behind,True,scene_0003__v_after_h.png
scene_0003,v_after_h,o2>o0,left_of,False,True,right_of,True,scene_0003__v_after_h.png
scene_0003,v_after_h,o2>o0,right_of,True,False,left_of,True,scene_0003__v_after_h.png
scene_0003,v_after_h,o2>o0,above,False,True,below,True,scene_0003__v_after_h.png
scene_0003,v_after_h,o2>o0,below,True,False,above,True,scene_0003__v_after_h.png
scene_0003,v_after_h,o2>o0,parallel,False,False,parallel,True,scene_0003__v_after_h.png
scene_0003,v_after_h,o2>o0,perpendicular,False,False,perpendicular,True,scene_0003__v_after_h.png
scene_0003,v_after_h,o2>o0,in_front_of,False,False,in_front_of,True,scene_0003__v_after_h.png
scene_0003,v_after_h,o2>o0,behind,True,True,behind,True,scene_0003__v_after_h.png
scene_0003,v_after_h,o2>o1,left_of,True,False,right_of,True,scene_0003__v_after_h.png
scene_0003,v_after_h,o2>o1,right_of,False,True,left_of,True,scene_0003__v_after_h.png
scene_0003,v_after_h,o2>o1,above,True,False,below,True,scene_0003__v_after_h.png
scene_0003,v_after_h,o2>o1,below,False,True,above,True,scene_0003__v_after_h.png
scene_0003,v_after_h,o2>o1,parallel,False,False,parallel,True,scene_0003__v_after_h.png
scene_0003,v_after_h,o2>o1,perpendicular,False,False,perpendicular,True,scene_0003__v_after_h.png
scene_0003,v_after_h,o2>o1,in_front_of,True,True,in_front_of,True,scene_0003__v_after_h.png
scene_0003,v_after_h,o2>o1,behind,False,False,behind,True,scene_0003__v_after_h.png
scene_0003,v_after_h,o2>o3,left_of,False,True,right_of,True,scene_0003__v_after_h.png
scene_0003,v_after_h,o2>o3,right_of,True,False,left_of,True,scene_0003__v_after_h.png
scene_0003,v_after_h,o2>o3,above,False,True,below,True,scene_0003__v_after_h.png
scene_0003,v_after_h,o2>o3,below,True,False,above,True,scene_0003__v_after_h.png
scene_0003,v_after_h,o2>o3,parallel,True,True,parallel,True,scene_0003__v_after_h.png
scene_0003,v_after_h,o2>o3,perpendicular,False,False,perpendicular,True,scene_0003__v_after_h.png
scene_0003,v_after_h,o2>o3,in_front_of,True,True,in_front_of,True,scene_0003__v_after_h.png
scene_0003,v_after_h,o2>o3,behind,False,False,behind,True,scene_0003__v_after_h.png
scene_0003,v_after_h,o3>o0,left_of,False,True,right_of,True,scene_0003__v_after_h.png
scene_0003,v_after_h,o3>o0,right_of,True,False,left_of,True,scene_0003__v_after_h.png
scene_0003,v_after_h,o3>o0,above,False,True,below,True,scene_0003__v_after_h.png
scene_0003,v_after_h,o3>o0,below,True,False,above,True,scene_0003__v_after_h.png
scene_0003,v_after_h,o3>o0,parallel,False,False,parallel,True,scene_0003__v_after_h.png
scene_0003,v_after_h,o3>o0,perpendicular,False,False,perpendicular,True,scene_0003__v_after_h.png
scene_0003,v_after_h,o3>o0,in_front_of,False,False,in_front_of,True,scene_0003__v_after_h.png
scene_0003,v_after_h,o3>o0,behind,True,True,behind,True,scene_0003__v_after_h.png
scene_0003,v_after_h,o3>o1,left_of,True,False,right_of,True,scene_0003__v_after_h.png
scene_0003,v_after_h,o3>o1,right_of,False,True,left_of,True,scene_0003__v_after_h.png
scene_0003,v_after_h,o3>o1,above,True,False,below,True,scene_0003__v_after_h.png
scene_0003,v_after_h,o3>o1,below,False,True,above,True,scene_0003__v_after_h.png
scene_0003,v_after_h,o3>o1,parallel,False,False,parallel,True,scene_0003__v_after_h.png
scene_0003,v_after_h,o3>o1,perpendicular,False,False,perpendicular,True,scene_0003__v_after_h.png
scene_0003,v_after_h,o3>o1,in_front_of,False,False,in_front_of,True,scene_0003__v_after_h.png
scene_0003,v_after_h,o3>o1,behind,True,True,behind,True,scene_0003__v_after_h.png
scene_0003,v_after_h,o3>o2,left_of,True,False,right_of,True,scene_0003__v_after_h.png
scene_0003,v_after_h,o3>o2,right_of,False,True,left_of,True,scene_0003__v_after_h.png
scene_0003,v_after_h,o3>o2,above,True,False,below,True,scene_0003__v_after_h.png
scene_0003,v_after_h,o3>o2,below,False,True,above,True,scene_0003__v_after_h.png
scene_0003,v_after_h,o3>o2,parallel,True,True,parallel,True,scene_0003__v_after_h.png
scene_0003,v_after_h,o3>o2,perpendicular,False,False,perpendicular,True,scene_0003__v_after_h.png
scene_0003,v_after_h,o3>o2,in_front_of,False,False,in_front_of,True,scene_0003__v_after_h.png
scene_0003,v_after_h,o3>o2,behind,True,True,behind,True,scene_0003__v_after_h.png
scene_0004,hflip,o0>o1,left_of,True,False,right_of,True,scene_0004__hflip.png
scene_0004,hflip,o0>o1,right_of,False,True,left_of,True,scene_0004__hflip.png
scene_0004,hflip,o0>o1,above,False,False,above,True,scene_0004__hflip.png
scene_0004,hflip,o0>o1,below,True,True,below,True,scene_0004__hflip.png
scene_0004,hflip,o0>o1,parallel,False,False,parallel,True,scene_0004__hflip.png
scene_0004,hflip,o0>o1,perpendicular,False,False,perpendicular,True,scene_0004__hflip.png
scene_0004,hflip,o0>o1,in_front_of,True,True,in_front_of,True,scene_0004__hflip.png
scene_0004,hflip,o0>o1,behind,False,False,behind,True,scene_0004__hflip.png
scene_0004,hflip,o0>o2,left_of,False,True,right_of,True,scene_0004__hflip.png
scene_0004,hflip,o0>o2,right_of,True,False,left_of,True,scene_0004__hflip.png
scene_0004,hflip,o0>o2,above,False,False,above,True,scene_0004__hflip.png
scene_0004,hflip,o0>o2,below,True,True,below,True,scene_0004__hflip.png
scene_0004,hflip,o0>o2,parallel,False,False,parallel,True,scene_0004__hflip.png
scene_0004,hflip,o0>o2,perpendicular,False,False,perpendicular,True,scene_0004__hflip.png
scene_0004,hflip,o0>o2,in_front_of,True,True,in_front_of,True,scene_0004__hflip.png
scene_0004,hflip,o0>o2,behind,False,False,behind,True,scene_0004__hflip.png
scene_0004,hflip,o0>o3,left_of,True,False,right_of,True,scene_0004__hflip.png
scene_0004,hflip,o0>o3,right_of,False,True,left_of,True,scene_0004__hflip.png
scene_0004,hflip,o0>o3,above,False,False,above,True,scene_0004__hflip.png
scene_0004,hflip,o0>o3,below,True,True,below,True,scene_0004__hflip.png
scene_0004,hflip,o0>o3,parallel,False,False,parallel,True,scene_0004__hflip.png
scene_0004,hflip,o0>o3,perpendicular,False,False,perpendicular,True,scene_0004__hflip.png
scene_0004,hflip,o0>o3,in_front_of,True,True,in_front_of,True,scene_0004__hflip.png
scene_0004,hflip,o0>o3,behind,False,False,behind,True,scene_0004__hflip.png
scene_0004,hflip,o1>o0,left_of,False,True,right_of,True,scene_0004__hflip.png
scene_0004,hflip,o1>o0,right_of,True,False,left_of,True,scene_0004__hflip.png
scene_0004,hflip,o1>o0,above,True,True,above,True,scene_0004__hflip.png
scene_0004,hflip,o1>o0,below,False,False,below,True,scene_0004__hflip.png
scene_0004,hflip,o1>o0,parallel,False,False,parallel,True,scene_0004__hflip.png
scene_0004,hflip,o1>o0,perpendicular,False,False,perpendicular,True,scene_0004__hflip.png
scene_0004,hflip,o1>o0,in_front_of,False,False,in_front_of,True,scene_0004__hflip.png
scene_0004,hflip,o1>o0,behind,True,True,behind,True,scene_0004__hflip.png
scene_0004,hflip,o1>o2,left_of,False,True,right_of,True,scene_0004__hflip.png
scene_0004,hflip,o1>o2,right_of,True,False,left_of,True,scene_0004__hflip.png
scene_0004,hflip,o1>o2,above,True,True,above,True,scene_0004__hflip.png
scene_0004,hflip,o1>o2,below,False,False,below,True,scene_0004__hflip.png
scene_0004,hflip,o1>o2,parallel,False,False,parallel,True,scene_0004__hflip.png
scene_0004,hflip,o1>o2,perpendicular,False,False,perpendicular,True,scene_0004__hflip.png
scene_0004,hflip,o1>o2,in_front_of,False,False,in_front_of,True,scene_0004__hflip.png
scene_0004,hflip,o1>o2,behind,True,True,behind,True,scene_0004__hflip.png
scene_0004,hflip,o1>o3,left_of,True,False,right_of,True,scene_0004__hflip.png
scene_0004,hflip,o1>o3,right_of,False,True,left_of,True,scene_0004__hflip.png
scene_0004,hflip,o1>o3,above,False,False,above,True,scene_0004__hflip.png
scene_0004,hflip,o1>o3,below,True,True,below,True,scene_0004__hflip.png
scene_0004,hflip,o1>o3,parallel,False,False,parallel,True,scene_0004__hflip.png
scene_0004,hflip,o1>o3,perpendicular,False,False,perpendicular,True,scene_0004__hflip.png
scene_0004,hflip,o1>o3,in_front_of,True,True,in_front_of,True,scene_0004__hflip.png
scene_0004,hflip,o1>o3,behind,False,False,behind,True,scene_0004__hflip.png
scene_0004,hflip,o2>o0,left_of,True,False,right_of,True,scene_0004__hflip.png
scene_0004,hflip,o2>o0,right_of,False,True,left_of,True,scene_0004__hflip.png
scene_0004,hflip,o2>o0,above,True,True,above,True,scene_0004__hflip.png
scene_0004,hflip,o2>o0,below,False,False,below,True,scene_0004__hflip.png
scene_0004,hflip,o2>o0,parallel,False,False,parallel,True,scene_0004__hflip.png
scene_0004,hflip,o2>o0,perpendicular,False,False,perpendicular,True,scene_0004__hflip.png
scene_0004,hflip,o2>o0,in_front_of,False,False,in_front_of,True,scene_0004__hflip.png
scene_0004,hflip,o2>o0,behind,True,True,behind,True,scene_0004__hflip.png
scene_0004,hflip,o2>o1,left_of,True,False,right_of,True,scene_0004__hflip.png
scene_0004,hflip,o2>o1,right_of,False,True,left_of,True,scene_0004__hflip.png
scene_0004,hflip,o2>o1,above,False,False,above,True,scene_0004__hflip.png
scene_0004,hflip,o2>o1,below,True,True,below,True,scene_0004__hflip.png
scene_0004,hflip,o2>o1,parallel,False,False,parallel,True,scene_0004__hflip.png
scene_0004,hflip,o2>o1,perpendicular,False,False,perpendicular,True,scene_0004__hflip.png
scene_0004,hflip,o2>o1,in_front_of,True,True,in_front_of,True,scene_0004__hflip.png
scene_0004,hflip,o2>o1,behind,False,False,behind,True,scene_0004__hflip.png
scene_0004,hflip,o2>o3,left_of,True,False,right_of,True,scene_0004__hflip.png
scene_0004,hflip,o2>o3,right_of,False,True,left_of,True,scene_0004__hflip.png
scene_0004,hflip,o2>o3,above,False,False,above,True,scene_0004__hflip.png
scene_0004,hflip,o2>o3,below,True,True,below,True,scene_0004__hflip.png
scene_0004,hflip,o2>o3,parallel,True,True,parallel,True,scene_0004__hflip.png
scene_0004,hflip,o2>o3,perpendicular,False,False,perpendicular,True,scene_0004__hflip.png
scene_0004,hflip,o2>o3,in_front_of,True,True,in_front_of,True,scene_0004__hflip.png
scene_0004,hflip,o2>o3,behind,False,False,behind,True,scene_0004__hflip.png
scene_0004,hflip,o3>o0,left_of,False,True,right_of,True,scene_0004__hflip.png
scene_0004,hflip,o3>o0,right_of,True,False,left_of,True,scene_0004__hflip.png
scene_0004,hflip,o3>o0,above,True,True,above,True,scene_0004__hflip.png
scene_0004,hflip,o3>o0,below,False,False,below,True,scene_0004__hflip.png
scene_0004,hflip,o3>o0,parallel,False,False,parallel,True,scene_0004__hflip.png
scene_0004,hflip,o3>o0,perpendicular,False,False,perpendicular,True,scene_0004__hflip.png
scene_0004,hflip,o3>o0,in_front_of,False,False,in_front_of,True,scene_0004__hflip.png
scene_0004,hflip,o3>o0,behind,True,True,behind,True,scene_0004__hflip.png
scene_0004,hflip,o3>o1,left_of,False,True,right_of,True,scene_0004__hflip.png
scene_0004,hflip,o3>o1,right_of,True,False,left_of,True,scene_0004__hflip.png
scene_0004,hflip,o3>o1,above,True,True,above,True,scene_0004__hflip.png
scene_0004,hflip,o3>o1,below,False,False,below,True,scene_0004__hflip.png
scene_0004,hflip,o3>o1,parallel,False,False,parallel,True,scene_0004__hflip.png
scene_0004,hflip,o3>o1,perpendicular,False,False,perpendicular,True,scene_0004__hflip.png
scene_0004,hflip,o3>o1,in_front_of,False,False,in_front_of,True,scene_0004__hflip.png
scene_0004,hflip,o3>o1,behind,True,True,behind,True,scene_0004__hflip.png
scene_0004,hflip,o3>o2,left_of,False,True,right_of,True,scene_0004__hflip.png
scene_0004,hflip,o3>o2,right_of,True,False,left_of,True,scene_0004__hflip.png
scene_0004,hflip,o3>o2,above,True,True,above,True,scene_0004__hflip.png
scene_0004,hflip,o3>o2,below,False,False,below,True,scene_0004__hflip.png
scene_0004,hflip,o3>o2,parallel,True,True,parallel,True,scene_0004__hflip.png
scene_0004,hflip,o3>o2,perpendicular,False,False,perpendicular,True,scene_0004__hflip.png
scene_0004,hflip,o3>o2,in_front_of,False,False,in_front_of,True,scene_0004__hflip.png
scene_0004,hflip,o3>o2,behind,True,True,behind,True,scene_0004__hflip.png
scene_0004,vflip,o0>o1,left_of,True,True,left_of,True,scene_0004__vflip.png
scene_0004,vflip,o0>o1,right_of,False,False,right_of,True,scene_0004__vflip.png
scene_0004,vflip,o0>o1,above,False,True,below,True,scene_0004__vflip.png
scene_0004,vflip,o0>o1,below,True,False,above,True,scene_0004__vflip.png
scene_0004,vflip,o0>o1,parallel,False,False,parallel,True,scene_0004__vflip.png
scene_0004,vflip,o0>o1,perpendicular,False,False,perpendicular,True,scene_0004__vflip.png
scene_0004,vflip,o0>o1,in_front_of,True,True,in_front_of,True,scene_0004__vflip.png
scene_0004,vflip,o0>o1,behind,False,False,behind,True,scene_0004__vflip.png
scene_0004,vflip,o0>o2,left_of,False,False,left_of,True,scene_0004__vflip.png
scene_0004,vflip,o0>o2,right_of,True,True,right_of,True,scene_0004__vflip.png
scene_0004,vflip,o0>o2,above,False,True,below,True,scene_0004__vflip.png
scene_0004,vflip,o0>o2,below,True,False,above,True,scene_0004__vflip.png
scene_0004,vflip,o0>o2,parallel,False,False,parallel,True,scene_0004__vflip.png
scene_0004,vflip,o0>o2,perpendicular,False,False,perpendicular,True,scene_0004__vflip.png
scene_0004,vflip,o0>o2,in_front_of,True,True,in_front_of,True,scene_0004__vflip.png
scene_0004,vflip,o0>o2,behind,False,False,behind,True,scene_0004__vflip.png
scene_0004,vflip,o0>o3,left_of,True,True,left_of,True,scene_0004__vflip.png
scene_0004,vflip,o0>o3,right_of,False,False,right_of,True,scene_0004__vflip.png
scene_0004,vflip,o0>o3,above,False,True,below,True,scene_0004__vflip.png
scene_0004,vflip,o0>o3,below,True,False,above,True,scene_0004__vflip.png
scene_0004,vflip,o0>o3,parallel,False,False,parallel,True,scene_0004__vflip.png
scene_0004,vflip,o0>o3,perpendicular,False,False,perpendicular,True,scene_0004__vflip.png
scene_0004,vflip,o0>o3,in_front_of,True,True,in_front_of,True,scene_0004__vflip.png
scene_0004,vflip,o0>o3,behind,False,False,behind,True,scene_0004__vflip.png
scene_0004,vflip,o1>o0,left_of,False,False,left_of,True,scene_0004__vflip.png
scene_0004,vflip,o1>o0,right_of,True,True,right_of,True,scene_0004__vflip.png
scene_0004,vflip,o1>o0,above,True,False,below,True,scene_0004__vflip.png
scene_0004,vflip,o1>o0,below,False,True,above,True,scene_0004__vflip.png
scene_0004,vflip,o1>o0,parallel,False,False,parallel,True,scene_0004__vflip.png
scene_0004,vflip,o1>o0,perpendicular,False,False,perpendicular,True,scene_0004__vflip.png
scene_0004,vflip,o1>o0,in_front_of,False,False,in_front_of,True,scene_0004__vflip.png
scene_0004,vflip,o1>o0,behind,True,True,behind,True,scene_0004__vflip.png
scene_0004,vflip,o1>o2,left_of,False,False,left_of,True,scene_0004__vflip.png
scene_0004,vflip,o1>o2,right_of,True,True,right_of,True,scene_0004__vflip.png
scene_0004,vflip,o1>o2,above,True,False,below,True,scene_0004__vflip.png
scene_0004,vflip,o1>o2,below,False,True,above,True,scene_0004__vflip.png
scene_0004,vflip,o1>o2,parallel,False,False,parallel,True,scene_0004__vflip.png
scene_0004,vflip,o1>o2,perpendicular,False,False,perpendicular,True,scene_0004__vflip.png
scene_0004,vflip,o1>o2,in_front_of,False,False,in_front_of,True,scene_0004__vflip.png
scene_0004,vflip,o1>o2,behind,True,True,behind,True,scene_0004__vflip.png
scene_0004,vflip,o1>o3,left_of,True,True,left_of,True,scene_0004__vflip.png
scene_0004,vflip,o1>o3,right_of,False,False,right_of,True,scene_0004__vflip.png
scene_0004,vflip,o1>o3,above,False,True,below,True,scene_0004__vflip.png
scene_0004,vflip,o1>o3,below,True,False,above,True,scene_0004__vflip.png
scene_0004,vflip,o1>o3,parallel,False,False,parallel,True,scene_0004__vflip.png
scene_0004,vflip,o1>o3,perpendicular,False,False,perpendicular,True,scene_0004__vflip.png
scene_0004,vflip,o1>o3,in_front_of,True,True,in_front_of,True,scene_0004__vflip.png
scene_0004,vflip,o1>o3,behind,False,False,behind,True,scene_0004__vflip.png
scene_0004,vflip,o2>o0,left_of,True,True,left_of,True,scene_0004__vflip.png
scene_0004,vflip,o2>o0,right_of,False,False,right_of,True,scene_0004__vflip.png
scene_0004,vflip,o2>o0,above,True,False,below,True,scene_0004__vflip.png
scene_0004,vflip,o2>o0,below,False,True,above,True,scene_0004__vflip.png
scene_0004,vflip,o2>o0,parallel,False,False,parallel,True,scene_0004__vflip.png
scene_0004,vflip,o2>o0,perpendicular,False,False,perpendicular,True,scene_0004__vflip.png
scene_0004,vflip,o2>o0,in_front_of,False,False,in_front_of,True,scene_0004__vflip.png
scene_0004,vflip,o2>o0,behind,True,True,behind,True,scene_0004__vflip.png
scene_0004,vflip,o2>o1,left_of,True,True,left_of,True,scene_0004__vflip.png
scene_0004,vflip,o2>o1,right_of,False,False,right_of,True,scene_0004__vflip.png
scene_0004,vflip,o2>o1,above,False,True,below,True,scene_0004__vflip.png
scene_0004,vflip,o2>o1,below,True,False,above,True,scene_0004__vflip.png
scene_0004,vflip,o2>o1,parallel,False,False,parallel,True,scene_0004__vflip.png
scene_0004,vflip,o2>o1,perpendicular,False,False,perpendicular,True,scene_0004__vflip.png
scene_0004,vflip,o2>o1,in_front_of,True,True,in_front_of,True,scene_0004__vflip.png
scene_0004,vflip,o2>o1,behind,False,False,behind,True,scene_0004__vflip.png
scene_0004,vflip,o2>o3,left_of,True,True,left_of,True,scene_0004__vflip.png
scene_0004,vflip,o2>o3,right_of,False,False,right_of,True,scene_0004__vflip.png
scene_0004,vflip,o2>o3,above,False,True,below,True,scene_0004__vflip.png
scene_0004,vflip,o2>o3,below,True,False,above,True,scene_0004__vflip.png
scene_0004,vflip,o2>o3,parallel,True,True,parallel,True,scene_0004__vflip.png
scene_0004,vflip,o2>o3,perpendicular,False,False,perpendicular,True,scene_0004__vflip.png
scene_0004,vflip,o2>o3,in_front_of,True,True,in_front_of,True,scene_0004__vflip.png
scene_0004,vflip,o2>o3,behind,False,False,behind,True,scene_0004__vflip.png
scene_0004,vflip,o3>o0,left_of,False,False,left_of,True,scene_0004__vflip.png
scene_0004,vflip,o3>o0,right_of,True,True,right_of,True,scene_0004__vflip.png
scene_0004,vflip,o3>o0,above,True,False,below,True,scene_0004__vflip.png
scene_0004,vflip,o3>o0,below,False,True,above,True,scene_0004__vflip.png
scene_0004,vflip,o3>o0,parallel,False,False,parallel,True,scene_0004__vflip.png
scene_0004,vflip,o3>o0,perpendicular,False,False,perpendicular,True,scene_0004__vflip.png
scene_0004,vflip,o3>o0,in_front_of,False,False,in_front_of,True,scene_0004__vflip.png
scene_0004,vflip,o3>o0,behind,True,True,behind,True,scene_0004__vflip.png
scene_0004,vflip,o3>o1,left_of,False,False,left_of,True,scene_0004__vflip.png
scene_0004,vflip,o3>o1,right_of,True,True,right_of,True,scene_0004__vflip.png
scene_0004,vflip,o3>o1,above,True,False,below,True,scene_0004__vflip.png
scene_0004,vflip,o3>o1,below,False,True,above,True,scene_0004__vflip.png
scene_0004,vflip,o3>o1,parallel,False,False,parallel,True,scene_0004__vflip.png
scene_0004,vflip,o3>o1,perpendicular,False,False,perpendicular,True,scene_0004__vflip.png
scene_0004,vflip,o3>o1,in_front_of,False,False,in_front_of,True,scene_0004__vflip.png
scene_0004,vflip,o3>o1,behind,True,True,behind,True,scene_0004__vflip.png
scene_0004,vflip,o3>o2,left_of,False,False,left_of,True,scene_0004__vflip.png
scene_0004,vflip,o3>o2,right_of,True,True,right_of,True,scene_0004__vflip.png
scene_0004,vflip,o3>o2,above,True,False,below,True,scene_0004__vflip.png
scene_0004,vflip,o3>o2,below,False,True,above,True,scene_0004__vflip.png
scene_0004,vflip,o3>o2,parallel,True,True,parallel,True,scene_0004__vflip.png
scene_0004,vflip,o3>o2,perpendicular,False,False,perpendicular,True,scene_0004__vflip.png
scene_0004,vflip,o3>o2,in_front_of,False,False,in_front_of,True,scene_0004__vflip.png
scene_0004,vflip,o3>o2,behind,True,True,behind,True,scene_0004__vflip.png
scene_0004,v_after_h,o0>o1,left_of,True,False,right_of,True,scene_0004__v_after_h.png
scene_0004,v_after_h,o0>o1,right_of,False,True,left_of,True,scene_0004__v_after_h.png
scene_0004,v_after_h,o0>o1,above,False,True,below,True,scene_0004__v_after_h.png
scene_0004,v_after_h,o0>o1,below,True,False,above,True,scene_0004__v_after_h.png
scene_0004,v_after_h,o0>o1,parallel,False,False,parallel,True,scene_0004__v_after_h.png
scene_0004,v_after_h,o0>o1,perpendicular,False,False,perpendicular,True,scene_0004__v_after_h.png
scene_0004,v_after_h,o0>o1,in_front_of,True,True,in_front_of,True,scene_0004__v_after_h.png
scene_0004,v_after_h,o0>o1,behind,False,False,behind,True,scene_0004__v_after_h.png
scene_0004,v_after_h,o0>o2,left_of,False,True,right_of,True,scene_0004__v_after_h.png
scene_0004,v_after_h,o0>o2,right_of,True,False,left_of,True,scene_0004__v_after_h.png
scene_0004,v_after_h,o0>o2,above,False,True,below,True,scene_0004__v_after_h.png
scene_0004,v_after_h,o0>o2,below,True,False,above,True,scene_0004__v_after_h.png
scene_0004,v_after_h,o0>o2,parallel,False,False,parallel,True,scene_0004__v_after_h.png
scene_0004,v_after_h,o0>o2,perpendicular,False,False,perpendicular,True,scene_0004__v_after_h.png
scene_0004,v_after_h,o0>o2,in_front_of,True,True,in_front_of,True,scene_0004__v_after_h.png
scene_0004,v_after_h,o0>o2,behind,False,False,behind,True,scene_0004__v_after_h.png
scene_0004,v_after_h,o0>o3,left_of,True,False,right_of,True,scene_0004__v_after_h.png
scene_0004,v_after_h,o0>o3,right_of,False,True,left_of,True,scene_0004__v_after_h.png
scene_0004,v_after_h,o0>o3,above,False,True,below,True,scene_0004__v_after_h.png
scene_0004,v_after_h,o0>o3,below,True,False,above,True,scene_0004__v_after_h.png
scene_0004,v_after_h,o0>o3,parallel,False,False,parallel,True,scene_0004__v_after_h.png
scene_0004,v_after_h,o0>o3,perpendicular,False,False,perpendicular,True,scene_0004__v_after_h.png
scene_0004,v_after_h,o0>o3,in_front_of,True,True,in_front_of,True,scene_0004__v_after_h.png
scene_0004,v_after_h,o0>o3,behind,False,False,behind,True,scene_0004__v_after_h.png
scene_0004,v_after_h,o1>o0,left_of,False,True,right_of,True,scene_0004__v_after_h.png
scene_0004,v_after_h,o1>o0,right_of,True,False,left_of,True,scene_0004__v_after_h.png
scene_0004,v_after_h,o1>o0,above,True,False,below,True,scene_0004__v_after_h.png
scene_0004,v_after_h,o1>o0,below,False,True,above,True,scene_0004__v_after_h.png
scene_0004,v_after_h,o1>o0,parallel,False,False,parallel,True,scene_0004__v_after_h.png
scene_0004,v_after_h,o1>o0,perpendicular,False,False,perpendicular,True,scene_0004__v_after_h.png
scene_0004,v_after_h,o1>o0,in_front_of,False,False,in_front_of,True,scene_0004__v_after_h.png
scene_0004,v_after_h,o1>o0,behind,True,True,behind,True,scene_0004__v_after_h.png
scene_0004,v_after_h,o1>o2,left_of,False,True,right_of,True,scene_0004__v_after_h.png
scene_0004,v_after_h,o1>o2,right_of,True,False,left_of,True,scene_0004__v_after_h.png
scene_0004,v_after_h,o1>o2,above,True,False,below,True,scene_0004__v_after_h.png
scene_0004,v_after_h,o1>o2,below,False,True,above,True,scene_0004__v_after_h.png
scene_0004,v_after_h,o1>o2,parallel,False,False,parallel,True,scene_0004__v_after_h.png
scene_0004,v_after_h,o1>o2,perpendicular,False,False,perpendicular,True,scene_0004__v_after_h.png
scene_0004,v_after_h,o1>o2,in_front_of,False,False,in_front_of,True,scene_0004__v_after_h.png
scene_0004,v_after_h,o1>o2,behind,True,True,behind,True,scene_0004__v_after_h.png
scene_0004,v_after_h,o1>o3,left_of,True,False,right_of,True,scene_0004__v_after_h.png
scene_0004,v_after_h,o1>o3,right_of,False,True,left_of,True,scene_0004__v_after_h.png
scene_0004,v_after_h,o1>o3,above,False,True,below,True,scene_0004__v_after_h.png
scene_0004,v_after_h,o1>o3,below,True,False,above,True,scene_0004__v_after_h.png
scene_0004,v_after_h,o1>o3,parallel,False,False,parallel,True,scene_0004__v_after_h.png
scene_0004,v_after_h,o1>o3,perpendicular,False,False,perpendicular,True,scene_0004__v_after_h.png
scene_0004,v_after_h,o1>o3,in_front_of,True,True,in_front_of,True,scene_0004__v_after_h.png
scene_0004,v_after_h,o1>o3,behind,False,False,behind,True,scene_0004__v_after_h.png
scene_0004,v_after_h,o2>o0,left_of,True,False,right_of,True,scene_0004__v_after_h.png
scene_0004,v_after_h,o2>o0,right_of,False,True,left_of,True,scene_0004__v_after_h.png
scene_0004,v_after_h,o2>o0,above,True,False,below,True,scene_0004__v_after_h.png
scene_0004,v_after_h,o2>o0,below,False,True,above,True,scene_0004__v_after_h.png
scene_0004,v_after_h,o2>o0,parallel,False,False,parallel,True,scene_0004__v_after_h.png
scene_0004,v_after_h,o2>o0,perpendicular,False,False,perpendicular,True,scene_0004__v_after_h.png
scene_0004,v_after_h,o2>o0,in_front_of,False,False,in_front_of,True,scene_0004__v_after_h.png
scene_0004,v_after_h,o2>o0,behind,True,True,behind,True,scene_0004__v_after_h.png
scene_0004,v_after_h,o2>o1,left_of,True,False,right_of,True,scene_0004__v_after_h.png
scene_0004,v_after_h,o2>o1,right_of,False,True,left_of,True,scene_0004__v_after_h.png
scene_0004,v_after_h,o2>o1,above,False,True,below,True,scene_0004__v_after_h.png
scene_0004,v_after_h,o2>o1,below,True,False,above,True,scene_0004__v_after_h.png
scene_0004,v_after_h,o2>o1,parallel,False,False,parallel,True,scene_0004__v_after_h.png
scene_0004,v_after_h,o2>o1,perpendicular,False,False,perpendicular,True,scene_0004__v_after_h.png
scene_0004,v_after_h,o2>o1,in_front_of,True,True,in_front_of,True,scene_0004__v_after_h.png
scene_0004,v_after_h,o2>o1,behind,False,False,behind,True,scene_0004__v_after_h.png
scene_0004,v_after_h,o2>o3,left_of,True,False,right_of,True,scene_0004__v_after_h.png
scene_0004,v_after_h,o2>o3,right_of,False,True,left_of,True,scene_0004__v_after_h.png
scene_0004,v_after_h,o2>o3,above,False,True,below,True,scene_0004__v_after_h.png
scene_0004,v_after_h,o2>o3,below,True,False,above,True,scene_0004__v_after_h.png
scene_0004,v_after_h,o2>o3,parallel,True,True,parallel,True,scene_0004__v_after_h.png
scene_0004,v_after_h,o2>o3,perpendicular,False,False,perpendicular,True,scene_0004__v_after_h.png
scene_0004,v_after_h,o2>o3,in_front_of,True,True,in_front_of,True,scene_0004__v_after_h.png
scene_0004,v_after_h,o2>o3,behind,False,False,behind,True,scene_0004__v_after_h.png
scene_0004,v_after_h,o3>o0,left_of,False,True,right_of,True,scene_0004__v_after_h.png
scene_0004,v_after_h,o3>o0,right_of,True,False,left_of,True,scene_0004__v_after_h.png
scene_0004,v_after_h,o3>o0,above,True,False,below,True,scene_0004__v_after_h.png
scene_0004,v_after_h,o3>o0,below,False,True,above,True,scene_0004__v_after_h.png
scene_0004,v_after_h,o3>o0,parallel,False,False,parallel,True,scene_0004__v_after_h.png
scene_0004,v_after_h,o3>o0,perpendicular,False,False,perpendicular,True,scene_0004__v_after_h.png
scene_0004,v_after_h,o3>o0,in_front_of,False,False,in_front_of,True,scene_0004__v_after_h.png
scene_0004,v_after_h,o3>o0,behind,True,True,behind,True,scene_0004__v_after_h.png
scene_0004,v_after_h,o3>o1,left_of,False,True,right_of,True,scene_0004__v_after_h.png
scene_0004,v_after_h,o3>o1,right_of,True,False,left_of,True,scene_0004__v_after_h.png
scene_0004,v_after_h,o3>o1,above,True,False,below,True,scene_0004__v_after_h.png
scene_0004,v_after_h,o3>o1,below,False,True,above,True,scene_0004__v_after_h.png
scene_0004,v_after_h,o3>o1,parallel,False,False,parallel,True,scene_0004__v_after_h.png
scene_0004,v_after_h,o3>o1,perpendicular,False,False,perpendicular,True,scene_0004__v_after_h.png
scene_0004,v_after_h,o3>o1,in_front_of,False,False,in_front_of,True,scene_0004__v_after_h.png
scene_0004,v_after_h,o3>o1,behind,True,True,behind,True,scene_0004__v_after_h.png
scene_0004,v_after_h,o3>o2,left_of,False,True,right_of,True,scene_0004__v_after_h.png
scene_0004,v_after_h,o3>o2,right_of,True,False,left_of,True,scene_0004__v_after_h.png
scene_0004,v_after_h,o3>o2,above,True,False,below,True,scene_0004__v_after_h.png
scene_0004,v_after_h,o3>o2,below,False,True,above,True,scene_0004__v_after_h.png
scene_0004,v_after_h,o3>o2,parallel,True,True,parallel,True,scene_0004__v_after_h.png
scene_0004,v_after_h,o3>o2,perpendicular,False,False,perpendicular,True,scene_0004__v_after_h.png
scene_0004,v_after_h,o3>o2,in_front_of,False,False,in_front_of,True,scene_0004__v_after_h.png
scene_0004,v_after_h,o3>o2,behind,True,True,behind,True,scene_0004__v_after_h.png
scene_0005,hflip,o0>o1,left_of,True,False,right_of,True,scene_0005__hflip.png
scene_0005,hflip,o0>o1,right_of,False,True,left_of,True,scene_0005__hflip.png
scene_0005,hflip,o0>o1,above,True,True,above,True,scene_0005__hflip.png
scene_0005,hflip,o0>o1,below,False,False,below,True,scene_0005__hflip.png
scene_0005,hflip,o0>o1,parallel,False,False,parallel,True,scene_0005__hflip.png
scene_0005,hflip,o0>o1,perpendicular,False,False,perpendicular,True,scene_0005__hflip.png
scene_0005,hflip,o0>o1,in_front_of,True,True,in_front_of,True,scene_0005__hflip.png
scene_0005,hflip,o0>o1,behind,False,False,behind,True,scene_0005__hflip.png
scene_0005,hflip,o0>o2,left_of,False,True,right_of,True,scene_0005__hflip.png
scene_0005,hflip,o0>o2,right_of,True,False,left_of,True,scene_0005__hflip.png
scene_0005,hflip,o0>o2,above,True,True,above,True,scene_0005__hflip.png
scene_0005,hflip,o0>o2,below,False,False,below,True,scene_0005__hflip.png
scene_0005,hflip,o0>o2,parallel,False,False,parallel,True,scene_0005__hflip.png
scene_0005,hflip,o0>o2,perpendicular,False,False,perpendicular,True,scene_0005__hflip.png
scene_0005,hflip,o0>o2,in_front_of,True,True,in_front_of,True,scene_0005__hflip.png
scene_0005,hflip,o0>o2,behind,False,False,behind,True,scene_0005__hflip.png
scene_0005,hflip,o0>o3,left_of,True,False,right_of,True,scene_0005__hflip.png
scene_0005,hflip,o0>o3,right_of,False,True,left_of,True,scene_0005__hflip.png
scene_0005,hflip,o0>o3,above,False,False,above,True,scene_0005__hflip.png
scene_0005,hflip,o0>o3,below,True,True,below,True,scene_0005__hflip.png
scene_0005,hflip,o0>o3,parallel,False,False,parallel,True,scene_0005__hflip.png
scene_0005,hflip,o0>o3,perpendicular,False,False,perpendicular,True,scene_0005__hflip.png
scene_0005,hflip,o0>o3,in_front_of,True,True,in_front_of,True,scene_0005__hflip.png
scene_0005,hflip,o0>o3,behind,False,False,behind,True,scene_0005__hflip.png
scene_0005,hflip,o1>o0,left_of,False,True,right_of,True,scene_0005__hflip.png
scene_0005,hflip,o1>o0,right_of,True,False,left_of,True,scene_0005__hflip.png
scene_0005,hflip,o1>o0,above,False,False,above,True,scene_0005__hflip.png
scene_0005,hflip,o1>o0,below,True,True,below,True,scene_0005__hflip.png
scene_0005,hflip,o1>o0,parallel,False,False,parallel,True,scene_0005__hflip.png
scene_0005,hflip,o1>o0,perpendicular,False,False,perpendicular,True,scene_0005__hflip.png
scene_0005,hflip,o1>o0,in_front_of,False,False,in_front_of,True,scene_0005__hflip.png
scene_0005,hflip,o1>o0,behind,True,True,behind,True,scene_0005__hflip.png
scene_0005,hflip,o1>o2,left_of,False,True,right_of,True,scene_0005__hflip.png
scene_0005,hflip,o1>o2,right_of,True,False,left_of,True,scene_0005__hflip.png
scene_0005,hflip,o1>o2,above,False,False,above,True,scene_0005__hflip.png
scene_0005,hflip,o1>o2,below,True,True,below,True,scene_0005__hflip.png
scene_0005,hflip,o1>o2,parallel,False,False,parallel,True,scene_0005__hflip.png
scene_0005,hflip,o1>o2,perpendicular,False,False,perpendicular,True,scene_0005__hflip.png
scene_0005,hflip,o1>o2,in_front_of,False,False,in_front_of,True,scene_0005__hflip.png
scene_0005,hflip,o1>o2,behind,True,True,behind,True,scene_0005__hflip.png
scene_0005,hflip,o1>o3,left_of,True,False,right_of,True,scene_0005__hflip.png
scene_0005,hflip,o1>o3,right_of,False,True,left_of,True,scene_0005__hflip.png
scene_0005,hflip,o1>o3,above,False,False,above,True,scene_0005__hflip.png
scene_0005,hflip,o1>o3,below,True,True,below,True,scene_0005__hflip.png
scene_0005,hflip,o1>o3,parallel,False,False,parallel,True,scene_0005__hflip.png
scene_0005,hflip,o1>o3,perpendicular,False,False,perpendicular,True,scene_0005__hflip.png
scene_0005,hflip,o1>o3,in_front_of,True,True,in_front_of,True,scene_0005__hflip.png
scene_0005,hflip,o1>o3,behind,False,False,behind,True,scene_0005__hflip.png
scene_0005,hflip,o2>o0,left_of,True,False,right_of,True,scene_0005__hflip.png
scene_0005,hflip,o2>o0,right_of,False,True,left_of,True,scene_0005__hflip.png
scene_0005,hflip,o2>o0,above,False,False,above,True,scene_0005__hflip.png
scene_0005,hflip,o2>o0,below,True,True,below,True,scene_0005__hflip.png
scene_0005,hflip,o2>o0,parallel,False,False,parallel,True,scene_0005__hflip.png
scene_0005,hflip,o2>o0,perpendicular,False,False,perpendicular,True,scene_0005__hflip.png
scene_0005,hflip,o2>o0,in_front_of,False,False,in_front_of,True,scene_0005__hflip.png
scene_0005,hflip,o2>o0,behind,True,True,behind,True,scene_0005__hflip.png
scene_0005,hflip,o2>o1,left_of,True,False,right_of,True,scene_0005__hflip.png
scene_0005,hflip,o2>o1,right_of,False,True,left_of,True,scene_0005__hflip.png
scene_0005,hflip,o2>o1,above,True,True,above,True,scene_0005__hflip.png
scene_0005,hflip,o2>o1,below,False,False,below,True,scene_0005__hflip.png
scene_0005,hflip,o2>o1,parallel,False,False,parallel,True,scene_0005__hflip.png
scene_0005,hflip,o2>o1,perpendicular,False,False,perpendicular,True,scene_0005__hflip.png
scene_0005,hflip,o2>o1,in_front_of,True,True,in_front_of,True,scene_0005__hflip.png
scene_0005,hflip,o2>o1,behind,False,False,behind,True,scene_0005__hflip.png
scene_0005,hflip,o2>o3,left_of,True,False,right_of,True,scene_0005__hflip.png
scene_0005,hflip,o2>o3,right_of,False,True,left_of,True,scene_0005__hflip.png
scene_0005,hflip,o2>o3,above,False,False,above,True,scene_0005__hflip.png
scene_0005,hflip,o2>o3,below,True,True,below,True,scene_0005__hflip.png
scene_0005,hflip,o2>o3,parallel,True,True,parallel,True,scene_0005__hflip.png
scene_0005,hflip,o2>o3,perpendicular,False,False,perpendicular,True,scene_0005__hflip.png
scene_0005,hflip,o2>o3,in_front_of,True,True,in_front_of,True,scene_0005__hflip.png
scene_0005,hflip,o2>o3,behind,False,False,behind,True,scene_0005__hflip.png
scene_0005,hflip,o3>o0,left_of,False,True,right_of,True,scene_0005__hflip.png
scene_0005,hflip,o3>o0,right_of,True,False,left_of,True,scene_0005__hflip.png
scene_0005,hflip,o3>o0,above,True,True,above,True,scene_0005__hflip.png
scene_0005,hflip,o3>o0,below,False,False,below,True,scene_0005__hflip.png
scene_0005,hflip,o3>o0,parallel,False,False,parallel,True,scene_0005__hflip.png
scene_0005,hflip,o3>o0,perpendicular,False,False,perpendicular,True,scene_0005__hflip.png
scene_0005,hflip,o3>o0,in_front_of,False,False,in_front_of,True,scene_0005__hflip.png
scene_0005,hflip,o3>o0,behind,True,True,behind,True,scene_0005__hflip.png
scene_0005,hflip,o3>o1,left_of,False,True,right_of,True,scene_0005__hflip.png
scene_0005,hflip,o3>o1,right_of,True,False,left_of,True,scene_0005__hflip.png
scene_0005,hflip,o3>o1,above,True,True,above,True,scene_0005__hflip.png
scene_0005,hflip,o3>o1,below,False,False,below,True,scene_0005__hflip.png
scene_0005,hflip,o3>o1,parallel,False,False,parallel,True,scene_0005__hflip.png
scene_0005,hflip,o3>o1,perpendicular,False,False,perpendicular,True,scene_0005__hflip.png
scene_0005,hflip,o3>o1,in_front_of,False,False,in_front_of,True,scene_0005__hflip.png
scene_0005,hflip,o3>o1,behind,True,True,behind,True,scene_0005__hflip.png
scene_0005,hflip,o3>o2,left_of,False,True,right_of,True,scene_0005__hflip.png
scene_0005,hflip,o3>o2,right_of,True,False,left_of,True,scene_0005__hflip.png
scene_0005,hflip,o3>o2,above,True,True,above,True,scene_0005__hflip.png
scene_0005,hflip,o3>o2,below,False,False,below,True,scene_0005__hflip.png
scene_0005,hflip,o3>o2,parallel,True,True,parallel,True,scene_0005__hflip.png
scene_0005,hflip,o3>o2,perpendicular,False,False,perpendicular,True,scene_0005__hflip.png
scene_0005,hflip,o3>o2,in_front_of,False,False,in_front_of,True,scene_0005__hflip.png
scene_0005,hflip,o3>o2,behind,True,True,behind,True,scene_0005__hflip.png
scene_0005,vflip,o0>o1,left_of,True,True,left_of,True,scene_0005__vflip.png
scene_0005,vflip,o0>o1,right_of,False,False,right_of,True,scene_0005__vflip.png
scene_0005,vflip,o0>o1,above,True,False,below,True,scene_0005__vflip.png
scene_0005,vflip,o0>o1,below,False,True,above,True,scene_0005__vflip.png
scene_0005,vflip,o0>o1,parallel,False,False,parallel,True,scene_0005__vflip.png
scene_0005,vflip,o0>o1,perpendicular,False,False,perpendicular,True,scene_0005__vflip.png
scene_0005,vflip,o0>o1,in_front_of,True,True,in_front_of,True,scene_0005__vflip.png
scene_0005,vflip,o0>o1,behind,False,False,behind,True,scene_0005__vflip.png
scene_0005,vflip,o0>o2,left_of,False,False,left_of,True,scene_0005__vflip.png
scene_0005,vflip,o0>o2,right_of,True,True,right_of,True,scene_0005__vflip.png
scene_0005,vflip,o0>o2,above,True,False,below,True,scene_0005__vflip.png
scene_0005,vflip,o0>o2,below,False,True,above,True,scene_0005__vflip.png
scene_0005,vflip,o0>o2,parallel,False,False,parallel,True,scene_0005__vflip.png
scene_0005,vflip,o0>o2,perpendicular,False,False,perpendicular,True,scene_0005__vflip.png
scene_0005,vflip,o0>o2,in_front_of,True,True,in_front_of,True,scene_0005__vflip.png
scene_0005,vflip,o0>o2,behind,False,False,behind,True,scene_0005__vflip.png
scene_0005,vflip,o0>o3,left_of,True,True,left_of,True,scene_0005__vflip.png
scene_0005,vflip,o0>o3,right_of,False,False,right_of,True,scene_0005__vflip.png
scene_0005,vflip,o0>o3,above,False,True,below,True,scene_0005__vflip.png
scene_0005,vflip,o0>o3,below,True,False,above,True,scene_0005__vflip.png
scene_0005,vflip,o0>o3,parallel,False,False,parallel,True,scene_0005__vflip.png
scene_0005,vflip,o0>o3,perpendicular,False,False,perpendicular,True,scene_0005__vflip.png
scene_0005,vflip,o0>o3,in_front_of,True,True,in_front_of,True,scene_0005__vflip.png
scene_0005,vflip,o0>o3,behind,False,False,behind,True,scene_0005__vflip.png
scene_0005,vflip,o1>o0,left_of,False,False,left_of,True,scene_0005__vflip.png
scene_0005,vflip,o1>o0,right_of,True,True,right_of,True,scene_0005__vflip.png
scene_0005,vflip,o1>o0,above,False,True,below,True,scene_0005__vflip.png
scene_0005,vflip,o1>o0,below,True,False,above,True,scene_0005__vflip.png
scene_0005,vflip,o1>o0,parallel,False,False,parallel,True,scene_0005__vflip.png
scene_0005,vflip,o1>o0,perpendicular,False,False,perpendicular,True,scene_0005__vflip.png
scene_0005,vflip,o1>o0,in_front_of,False,False,in_front_of,True,scene_0005__vflip.png
scene_0005,vflip,o1>o0,behind,True,True,behind,True,scene_0005__vflip.png
scene_0005,vflip,o1>o2,left_of,False,False,left_of,True,scene_0005__vflip.png
scene_0005,vflip,o1>o2,right_of,True,True,right_of,True,scene_0005__vflip.png
scene_0005,vflip,o1>o2,above,False,True,below,True,scene_0005__vflip.png
scene_0005,vflip,o1>o2,below,True,False,above,True,scene_0005__vflip.png
scene_0005,vflip,o1>o2,parallel,False,False,parallel,True,scene_0005__vflip.png
scene_0005,vflip,o1>o2,perpendicular,False,False,perpendicular,True,scene_0005__vflip.png
scene_0005,vflip,o1>o2,in_front_of,False,False,in_front_of,True,scene_0005__vflip.png
scene_0005,vflip,o1>o2,behind,True,True,behind,True,scene_0005__vflip.png
scene_0005,vflip,o1>o3,left_of,True,True,left_of,True,scene_0005__vflip.png
scene_0005,vflip,o1>o3,right_of,False,False,right_of,True,scene_0005__vflip.png
scene_0005,vflip,o1>o3,above,False,True,below,True,scene_0005__vflip.png
scene_0005,vflip,o1>o3,below,True,False,above,True,scene_0005__vflip.png
scene_0005,vflip,o1>o3,parallel,False,False,parallel,True,scene_0005__vflip.png
scene_0005,vflip,o1>o3,perpendicular,False,False,perpendicular,True,scene_0005__vflip.png
scene_0005,vflip,o1>o3,in_front_of,True,True,in_front_of,True,scene_0005__vflip.png
scene_0005,vflip,o1>o3,behind,False,False,behind,True,scene_0005__vflip.png
scene_0005,vflip,o2>o0,left_of,True,True,left_of,True,scene_0005__vflip.png
scene_0005,vflip,o2>o0,right_of,False,False,right_of,True,scene_0005__vflip.png
scene_0005,vflip,o2>o0,above,False,True,below,True,scene_0005__vflip.png
scene_0005,vflip,o2>o0,below,True,False,above,True,scene_0005__vflip.png
scene_0005,vflip,o2>o0,parallel,False,False,parallel,True,scene_0005__vflip.png
scene_0005,vflip,o2>o0,perpendicular,False,False,perpendicular,True,scene_0005__vflip.png
scene_0005,vflip,o2>o0,in_front_of,False,False,in_front_of,True,scene_0005__vflip.png
scene_0005,vflip,o2>o0,behind,True,True,behind,True,scene_0005__vflip.png
scene_0005,vflip,o2>o1,left_of,True,True,left_of,True,scene_0005__vflip.png
scene_0005,vflip,o2>o1,right_of,False,False,right_of,True,scene_0005__vflip.png
scene_0005,vflip,o2>o1,above,True,False,below,True,scene_0005__vflip.png
scene_0005,vflip,o2>o1,below,False,True,above,True,scene_0005__vflip.png
scene_0005,vflip,o2>o1,parallel,False,False,parallel,True,scene_0005__vflip.png
scene_0005,vflip,o2>o1,perpendicular,False,False,perpendicular,True,scene_0005__vflip.png
scene_0005,vflip,o2>o1,in_front_of,True,True,in_front_of,True,scene_0005__vflip.png
scene_0005,vflip,o2>o1,behind,False,False,behind,True,scene_0005__vflip.png
scene_0005,vflip,o2>o3,left_of,True,True,left_of,True,scene_0005__vflip.png
scene_0005,vflip,o2>o3,right_of,False,False,right_of,True,scene_0005__vflip.png
scene_0005,vflip,o2>o3,above,False,True,below,True,scene_0005__vflip.png
scene_0005,vflip,o2>o3,below,True,False,above,True,scene_0005__vflip.png
scene_0005,vflip,o2>o3,parallel,True,True,parallel,True,scene_0005__vflip.png
scene_0005,vflip,o2>o3,perpendicular,False,False,perpendicular,True,scene_0005__vflip.png
scene_0005,vflip,o2>o3,in_front_of,True,True,in_front_of,True,scene_0005__vflip.png
scene_0005,vflip,o2>o3,behind,False,False,behind,True,scene_0005__vflip.png
scene_0005,vflip,o3>o0,left_of,False,False,left_of,True,scene_0005__vflip.png
scene_0005,vflip,o3>o0,right_of,True,True,right_of,True,scene_0005__vflip.png
scene_0005,vflip,o3>o0,above,True,False,below,True,scene_0005__vflip.png
scene_0005,vflip,o3>o0,below,False,True,above,True,scene_0005__vflip.png
scene_0005,vflip,o3>o0,parallel,False,False,parallel,True,scene_0005__vflip.png
scene_0005,vflip,o3>o0,perpendicular,False,False,perpendicular,True,scene_0005__vflip.png
scene_0005,vflip,o3>o0,in_front_of,False,False,in_front_of,True,scene_0005__vflip.png
scene_0005,vflip,o3>o0,behind,True,True,behind,True,scene_0005__vflip.png
scene_0005,vflip,o3>o1,left_of,False,False,left_of,True,scene_0005__vflip.png
scene_0005,vflip,o3>o1,right_of,True,True,right_of,True,scene_0005__vflip.png
scene_0005,vflip,o3>o1,above,True,False,below,True,scene_0005__vflip.png
scene_0005,vflip,o3>o1,below,False,True,above,True,scene_0005__vflip.png
scene_0005,vflip,o3>o1,parallel,False,False,parallel,True,scene_0005__vflip.png
scene_0005,vflip,o3>o1,perpendicular,False,False,perpendicular,True,scene_0005__vflip.png
scene_0005,vflip,o3>o1,in_front_of,False,False,in_front_of,True,scene_0005__vflip.png
scene_0005,vflip,o3>o1,behind,True,True,behind,True,scene_0005__vflip.png
scene_0005,vflip,o3>o2,left_of,False,False,left_of,True,scene_0005__vflip.png
scene_0005,vflip,o3>o2,right_of,True,True,right_of,True,scene_0005__vflip.png
scene_0005,vflip,o3>o2,above,True,False,below,True,scene_0005__vflip.png
scene_0005,vflip,o3>o2,below,False,True,above,True,scene_0005__vflip.png
scene_0005,vflip,o3>o2,parallel,True,True,parallel,True,scene_0005__vflip.png
scene_0005,vflip,o3>o2,perpendicular,False,False,perpendicular,True,scene_0005__vflip.png
scene_0005,vflip,o3>o2,in_front_of,False,False,in_front_of,True,scene_0005__vflip.png
scene_0005,vflip,o3>o2,behind,True,True,behind,True,scene_0005__vflip.png
scene_0005,v_after_h,o0>o1,left_of,True,False,right_of,True,scene_0005__v_after_h.png
scene_0005,v_after_h,o0>o1,right_of,False,True,left_of,True,scene_0005__v_after_h.png
scene_0005,v_after_h,o0>o1,above,True,False,below,True,scene_0005__v_after_h.png
scene_0005,v_after_h,o0>o1,below,False,True,above,True,scene_0005__v_after_h.png
scene_0005,v_after_h,o0>o1,parallel,False,False,parallel,True,scene_0005__v_after_h.png
scene_0005,v_after_h,o0>o1,perpendicular,False,False,perpendicular,True,scene_0005__v_after_h.png
scene_0005,v_after_h,o0>o1,in_front_of,True,True,in_front_of,True,scene_0005__v_after_h.png
scene_0005,v_after_h,o0>o1,behind,False,False,behind,True,scene_0005__v_after_h.png
scene_0005,v_after_h,o0>o2,left_of,False,True,right_of,True,scene_0005__v_after_h.png
scene_0005,v_after_h,o0>o2,right_of,True,False,left_of,True,scene_0005__v_after_h.png
scene_0005,v_after_h,o0>o2,above,True,False,below,True,scene_0005__v_after_h.png
scene_0005,v_after_h,o0>o2,below,False,True,above,True,scene_0005__v_after_h.png
scene_0005,v_after_h,o0>o2,parallel,False,False,parallel,True,scene_0005__v_after_h.png
scene_0005,v_after_h,o0>o2,perpendicular,False,False,perpendicular,True,scene_0005__v_after_h.png
scene_0005,v_after_h,o0>o2,in_front_of,True,True,in_front_of,True,scene_0005__v_after_h.png
scene_0005,v_after_h,o0>o2,behind,False,False,behind,True,scene_0005__v_after_h.png
scene_0005,v_after_h,o0>o3,left_of,True,False,right_of,True,scene_0005__v_after_h.png
scene_0005,v_after_h,o0>o3,right_of,False,True,left_of,True,scene_0005__v_after_h.png
scene_0005,v_after_h,o0>o3,above,False,True,below,True,scene_0005__v_after_h.png
scene_0005,v_after_h,o0>o3,below,True,False,above,True,scene_0005__v_after_h.png
scene_0005,v_after_h,o0>o3,parallel,False,False,parallel,True,scene_0005__v_after_h.png
scene_0005,v_after_h,o0>o3,perpendicular,False,False,perpendicular,True,scene_0005__v_after_h.png
scene_0005,v_after_h,o0>o3,in_front_of,True,True,in_front_of,True,scene_0005__v_after_h.png
scene_0005,v_after_h,o0>o3,behind,False,False,behind,True,scene_0005__v_after_h.png
scene_0005,v_after_h,o1>o0,left_of,False,True,right_of,True,scene_0005__v_after_h.png
scene_0005,v_after_h,o1>o0,right_of,True,False,left_of,True,scene_0005__v_after_h.png
scene_0005,v_after_h,o1>o0,above,False,True,below,True,scene_0005__v_after_h.png
scene_0005,v_after_h,o1>o0,below,True,False,above,True,scene_0005__v_after_h.png
scene_0005,v_after_h,o1>o0,parallel,False,False,parallel,True,scene_0005__v_after_h.png
scene_0005,v_after_h,o1>o0,perpendicular,False,False,perpendicular,True,scene_0005__v_after_h.png
scene_0005,v_after_h,o1>o0,in_front_of,False,False,in_front_of,True,scene_0005__v_after_h.png
scene_0005,v_after_h,o1>o0,behind,True,True,behind,True,scene_0005__v_after_h.png
scene_0005,v_after_h,o1>o2,left_of,False,True,right_of,True,scene_0005__v_after_h.png
scene_0005,v_after_h,o1>o2,right_of,True,False,left_of,True,scene_0005__v_after_h.png
scene_0005,v_after_h,o1>o2,above,False,True,below,True,scene_0005__v_after_h.png
scene_0005,v_after_h,o1>o2,below,True,False,above,True,scene_0005__v_after_h.png
scene_0005,v_after_h,o1>o2,parallel,False,False,parallel,True,scene_0005__v_after_h.png
scene_0005,v_after_h,o1>o2,perpendicular,False,False,perpendicular,True,scene_0005__v_after_h.png
scene_0005,v_after_h,o1>o2,in_front_of,False,False,in_front_of,True,scene_0005__v_after_h.png
scene_0005,v_after_h,o1>o2,behind,True,True,behind,True,scene_0005__v_after_h.png
scene_0005,v_after_h,o1>o3,left_of,True,False,right_of,True,scene_0005__v_after_h.png
scene_0005,v_after_h,o1>o3,right_of,False,True,left_of,True,scene_0005__v_after_h.png
scene_0005,v_after_h,o1>o3,above,False,True,below,True,scene_0005__v_after_h.png
scene_0005,v_after_h,o1>o3,below,True,False,above,True,scene_0005__v_after_h.png
scene_0005,v_after_h,o1>o3,parallel,False,False,parallel,True,scene_0005__v_after_h.png
scene_0005,v_after_h,o1>o3,perpendicular,False,False,perpendicular,True,scene_0005__v_after_h.png
scene_0005,v_after_h,o1>o3,in_front_of,True,True,in_front_of,True,scene_0005__v_after_h.png
scene_0005,v_after_h,o1>o3,behind,False,False,behind,True,scene_0005__v_after_h.png
scene_0005,v_after_h,o2>o0,left_of,True,False,right_of,True,scene_0005__v_after_h.png
scene_0005,v_after_h,o2>o0,right_of,False,True,left_of,True,scene_0005__v_after_h.png
scene_0005,v_after_h,o2>o0,above,False,True,below,True,scene_0005__v_after_h.png
scene_0005,v_after_h,o2>o0,below,True,False,above,True,scene_0005__v_after_h.png
scene_0005,v_after_h,o2>o0,parallel,False,False,parallel,True,scene_0005__v_after_h.png
scene_0005,v_after_h,o2>o0,perpendicular,False,False,perpendicular,True,scene_0005__v_after_h.png
scene_0005,v_after_h,o2>o0,in_front_of,False,False,in_front_of,True,scene_0005__v_after_h.png
scene_0005,v_after_h,o2>o0,behind,True,True,behind,True,scene_0005__v_after_h.png
scene_0005,v_after_h,o2>o1,left_of,True,False,right_of,True,scene_0005__v_after_h.png
scene_0005,v_after_h,o2>o1,right_of,False,True,left_of,True,scene_0005__v_after_h.png
scene_0005,v_after_h,o2>o1,above,True,False,below,True,scene_0005__v_after_h.png
scene_0005,v_after_h,o2>o1,below,False,True,above,True,scene_0005__v_after_h.png
scene_0005,v_after_h,o2>o1,parallel,False,False,parallel,True,scene_0005__v_after_h.png
scene_0005,v_after_h,o2>o1,perpendicular,False,False,perpendicular,True,scene_0005__v_after_h.png
scene_0005,v_after_h,o2>o1,in_front_of,True,True,in_front_of,True,scene_0005__v_after_h.png
scene_0005,v_after_h,o2>o1,behind,False,False,behind,True,scene_0005__v_after_h.png
scene_0005,v_after_h,o2>o3,left_of,True,False,right_of,True,scene_0005__v_after_h.png
scene_0005,v_after_h,o2>o3,right_of,False,True,left_of,True,scene_0005__v_after_h.png
scene_0005,v_after_h,o2>o3,above,False,True,below,True,scene_0005__v_after_h.png
scene_0005,v_after_h,o2>o3,below,True,False,above,True,scene_0005__v_after_h.png
scene_0005,v_after_h,o2>o3,parallel,True,True,parallel,True,scene_0005__v_after_h.png
scene_0005,v_after_h,o2>o3,perpendicular,False,False,perpendicular,True,scene_0005__v_after_h.png
scene_0005,v_after_h,o2>o3,in_front_of,True,True,in_front_of,True,scene_0005__v_after_h.png
scene_0005,v_after_h,o2>o3,behind,False,False,behind,True,scene_0005__v_after_h.png
scene_0005,v_after_h,o3>o0,left_of,False,True,right_of,True,scene_0005__v_after_h.png
scene_0005,v_after_h,o3>o0,right_of,True,False,left_of,True,scene_0005__v_after_h.png
scene_0005,v_after_h,o3>o0,above,True,False,below,True,scene_0005__v_after_h.png
scene_0005,v_after_h,o3>o0,below,False,True,above,True,scene_0005__v_after_h.png
scene_0005,v_after_h,o3>o0,parallel,False,False,parallel,True,scene_0005__v_after_h.png
scene_0005,v_after_h,o3>o0,perpendicular,False,False,perpendicular,True,scene_0005__v_after_h.png
scene_0005,v_after_h,o3>o0,in_front_of,False,False,in_front_of,True,scene_0005__v_after_h.png
scene_0005,v_after_h,o3>o0,behind,True,True,behind,True,scene_0005__v_after_h.png
scene_0005,v_after_h,o3>o1,left_of,False,True,right_of,True,scene_0005__v_after_h.png
scene_0005,v_after_h,o3>o1,right_of,True,False,left_of,True,scene_0005__v_after_h.png
scene_0005,v_after_h,o3>o1,above,True,False,below,True,scene_0005__v_after_h.png
scene_0005,v_after_h,o3>o1,below,False,True,above,True,scene_0005__v_after_h.png
scene_0005,v_after_h,o3>o1,parallel,False,False,parallel,True,scene_0005__v_after_h.png
scene_0005,v_after_h,o3>o1,perpendicular,False,False,perpendicular,True,scene_0005__v_after_h.png
scene_0005,v_after_h,o3>o1,in_front_of,False,False,in_front_of,True,scene_0005__v_after_h.png
scene_0005,v_after_h,o3>o1,behind,True,True,behind,True,scene_0005__v_after_h.png
scene_0005,v_after_h,o3>o2,left_of,False,True,right_of,True,scene_0005__v_after_h.png
scene_0005,v_after_h,o3>o2,right_of,True,False,left_of,True,scene_0005__v_after_h.png
scene_0005,v_after_h,o3>o2,above,True,False,below,True,scene_0005__v_after_h.png
scene_0005,v_after_h,o3>o2,below,False,True,above,True,scene_0005__v_after_h.png
scene_0005,v_after_h,o3>o2,parallel,True,True,parallel,True,scene_0005__v_after_h.png
scene_0005,v_after_h,o3>o2,perpendicular,False,False,perpendicular,True,scene_0005__v_after_h.png
scene_0005,v_after_h,o3>o2,in_front_of,False,False,in_front_of,True,scene_0005__v_after_h.png
scene_0005,v_after_h,o3>o2,behind,True,True,behind,True,scene_0005__v_after_h.png
scene_0006,hflip,o0>o1,left_of,True,False,right_of,True,scene_0006__hflip.png
scene_0006,hflip,o0>o1,right_of,False,True,left_of,True,scene_0006__hflip.png
scene_0006,hflip,o0>o1,above,False,False,above,True,scene_0006__hflip.png
scene_0006,hflip,o0>o1,below,True,True,below,True,scene_0006__hflip.png
scene_0006,hflip,o0>o1,parallel,False,False,parallel,True,scene_0006__hflip.png
scene_0006,hflip,o0>o1,perpendicular,False,False,perpendicular,True,scene_0006__hflip.png
scene_0006,hflip,o0>o1,in_front_of,True,True,in_front_of,True,scene_0006__hflip.png
scene_0006,hflip,o0>o1,behind,False,False,behind,True,scene_0006__hflip.png
scene_0006,hflip,o0>o2,left_of,False,True,right_of,True,scene_0006__hflip.png
scene_0006,hflip,o0>o2,right_of,True,False,left_of,True,scene_0006__hflip.png
scene_0006,hflip,o0>o2,above,False,False,above,True,scene_0006__hflip.png
scene_0006,hflip,o0>o2,below,True,True,below,True,scene_0006__hflip.png
scene_0006,hflip,o0>o2,parallel,False,False,parallel,True,scene_0006__hflip.png
scene_0006,hflip,o0>o2,perpendicular,False,False,perpendicular,True,scene_0006__hflip.png
scene_0006,hflip,o0>o2,in_front_of,True,True,in_front_of,True,scene_0006__hflip.png
scene_0006,hflip,o0>o2,behind,False,False,behind,True,scene_0006__hflip.png
scene_0006,hflip,o0>o3,left_of,False,True,right_of,True,scene_0006__hflip.png
scene_0006,hflip,o0>o3,right_of,True,False,left_of,True,scene_0006__hflip.png
scene_0006,hflip,o0>o3,above,True,True,above,True,scene_0006__hflip.png
scene_0006,hflip,o0>o3,below,False,False,below,True,scene_0006__hflip.png
scene_0006,hflip,o0>o3,parallel,False,False,parallel,True,scene_0006__hflip.png
scene_0006,hflip,o0>o3,perpendicular,False,False,perpendicular,True,scene_0006__hflip.png
scene_0006,hflip,o0>o3,in_front_of,True,True,in_front_of,True,scene_0006__hflip.png
scene_0006,hflip,o0>o3,behind,False,False,behind,True,scene_0006__hflip.png
scene_0006,hflip,o1>o0,left_of,False,True,right_of,True,scene_0006__hflip.png
scene_0006,hflip,o1>o0,right_of,True,False,left_of,True,scene_0006__hflip.png
scene_0006,hflip,o1>o0,above,True,True,above,True,scene_0006__hflip.png
scene_0006,hflip,o1>o0,below,False,False,below,True,scene_0006__hflip.png
scene_0006,hflip,o1>o0,parallel,False,False,parallel,True,scene_0006__hflip.png
scene_0006,hflip,o1>o0,perpendicular,False,False,perpendicular,True,scene_0006__hflip.png
scene_0006,hflip,o1>o0,in_front_of,False,False,in_front_of,True,scene_0006__hflip.png
scene_0006,hflip,o1>o0,behind,True,True,behind,True,scene_0006__hflip.png
scene_0006,hflip,o1>o2,left_of,False,True,right_of,True,scene_0006__hflip.png
scene_0006,hflip,o1>o2,right_of,True,False,left_of,True,scene_0006__hflip.png
scene_0006,hflip,o1>o2,above,True,True,above,True,scene_0006__hflip.png
scene_0006,hflip,o1>o2,below,False,False,below,True,scene_0006__hflip.png
scene_0006,hflip,o1>o2,parallel,False,False,parallel,True,scene_0006__hflip.png
scene_0006,hflip,o1>o2,perpendicular,False,False,perpendicular,True,scene_0006__hflip.png
scene_0006,hflip,o1>o2,in_front_of,False,False,in_front_of,True,scene_0006__hflip.png
scene_0006,hflip,o1>o2,behind,True,True,behind,True,scene_0006__hflip.png
scene_0006,hflip,o1>o3,left_of,False,True,right_of,True,scene_0006__hflip.png
scene_0006,hflip,o1>o3,right_of,True,False,left_of,True,scene_0006__hflip.png
scene_0006,hflip,o1>o3,above,True,True,above,True,scene_0006__hflip.png
scene_0006,hflip,o1>o3,below,False,False,below,True,scene_0006__hflip.png
scene_0006,hflip,o1>o3,parallel,False,False,parallel,True,scene_0006__hflip.png
scene_0006,hflip,o1>o3,perpendicular,False,False,perpendicular,True,scene_0006__hflip.png
scene_0006,hflip,o1>o3,in_front_of,True,True,in_front_of,True,scene_0006__hflip.png
scene_0006,hflip,o1>o3,behind,False,False,behind,True,scene_0006__hflip.png
scene_0006,hflip,o2>o0,left_of,True,False,right_of,True,scene_0006__hflip.png
scene_0006,hflip,o2>o0,right_of,False,True,left_of,True,scene_0006__hflip.png
scene_0006,hflip,o2>o0,above,True,True,above,True,scene_0006__hflip.png
scene_0006,hflip,o2>o0,below,False,False,below,True,scene_0006__hflip.png
scene_0006,hflip,o2>o0,parallel,False,False,parallel,True,scene_0006__hflip.png
scene_0006,hflip,o2>o0,perpendicular,False,False,perpendicular,True,scene_0006__hflip.png
scene_0006,hflip,o2>o0,in_front_of,False,False,in_front_of,True,scene_0006__hflip.png
scene_0006,hflip,o2>o0,behind,True,True,behind,True,scene_0006__hflip.png
scene_0006,hflip,o2>o1,left_of,True,False,right_of,True,scene_0006__hflip.png
scene_0006,hflip,o2>o1,right_of,False,True,left_of,True,scene_0006__hflip.png
scene_0006,hflip,o2>o1,above,False,False,above,True,scene_0006__hflip.png
scene_0006,hflip,o2>o1,below,True,True,below,True,scene_0006__hflip.png
scene_0006,hflip,o2>o1,parallel,False,False,parallel,True,scene_0006__hflip.png
scene_0006,hflip,o2>o1,perpendicular,False,False,perpendicular,True,scene_0006__hflip.png
scene_0006,hflip,o2>o1,in_front_of,True,True,in_front_of,True,scene_0006__hflip.png
scene_0006,hflip,o2>o1,behind,False,False,behind,True,scene_0006__hflip.png
scene_0006,hflip,o2>o3,left_of,True,False,right_of,True,scene_0006__hflip.png
scene_0006,hflip,o2>o3,right_of,False,True,left_of,True,scene_0006__hflip.png
scene_0006,hflip,o2>o3,above,True,True,above,True,scene_0006__hflip.png
scene_0006,hflip,o2>o3,below,False,False,below,True,scene_0006__hflip.png
scene_0006,hflip,o2>o3,parallel,True,True,parallel,True,scene_0006__hflip.png
scene_0006,hflip,o2>o3,perpendicular,False,False,perpendicular,True,scene_0006__hflip.png
scene_0006,hflip,o2>o3,in_front_of,True,True,in_front_of,True,scene_0006__hflip.png
scene_0006,hflip,o2>o3,behind,False,False,behind,True,scene_0006__hflip.png
scene_0006,hflip,o3>o0,left_of,True,False,right_of,True,scene_0006__hflip.png
scene_0006,hflip,o3>o0,right_of,False,True,left_of,True,scene_0006__hflip.png
scene_0006,hflip,o3>o0,above,False,False,above,True,scene_0006__hflip.png
scene_0006,hflip,o3>o0,below,True,True,below,True,scene_0006__hflip.png
scene_0006,hflip,o3>o0,parallel,False,False,parallel,True,scene_0006__hflip.png
scene_0006,hflip,o3>o0,perpendicular,False,False,perpendicular,True,scene_0006__hflip.png
scene_0006,hflip,o3>o0,in_front_of,False,False,in_front_of,True,scene_0006__hflip.png
scene_0006,hflip,o3>o0,behind,True,True,behind,True,scene_0006__hflip.png
scene_0006,hflip,o3>o1,left_of,True,False,right_of,True,scene_0006__hflip.png
scene_0006,hflip,o3>o1,right_of,False,True,left_of,True,scene_0006__hflip.png
scene_0006,hflip,o3>o1,above,False,False,above,True,scene_0006__hflip.png
scene_0006,hflip,o3>o1,below,True,True,below,True,scene_0006__hflip.png
scene_0006,hflip,o3>o1,parallel,False,False,parallel,True,scene_0006__hflip.png
scene_0006,hflip,o3>o1,perpendicular,False,False,perpendicular,True,scene_0006__hflip.png
scene_0006,hflip,o3>o1,in_front_of,False,False,in_front_of,True,scene_0006__hflip.png
scene_0006,hflip,o3>o1,behind,True,True,behind,True,scene_0006__hflip.png
scene_0006,hflip,o3>o2,left_of,False,True,right_of,True,scene_0006__hflip.png
scene_0006,hflip,o3>o2,right_of,True,False,left_of,True,scene_0006__hflip.png
scene_0006,hflip,o3>o2,above,False,False,above,True,scene_0006__hflip.png
scene_0006,hflip,o3>o2,below,True,True,below,True,scene_0006__hflip.png
scene_0006,hflip,o3>o2,parallel,True,True,parallel,True,scene_0006__hflip.png
scene_0006,hflip,o3>o2,perpendicular,False,False,perpendicular,True,scene_0006__hflip.png
scene_0006,hflip,o3>o2,in_front_of,False,False,in_front_of,True,scene_0006__hflip.png
scene_0006,hflip,o3>o2,behind,True,True,behind,True,scene_0006__hflip.png
scene_0006,vflip,o0>o1,left_of,True,True,left_of,True,scene_0006__vflip.png
scene_0006,vflip,o0>o1,right_of,False,False,right_of,True,scene_0006__vflip.png
scene_0006,vflip,o0>o1,above,False,True,below,True,scene_0006__vflip.png
scene_0006,vflip,o0>o1,below,True,False,above,True,scene_0006__vflip.png
scene_0006,vflip,o0>o1,parallel,False,False,parallel,True,scene_0006__vflip.png
scene_0006,vflip,o0>o1,perpendicular,False,False,perpendicular,True,scene_0006__vflip.png
scene_0006,vflip,o0>o1,in_front_of,True,True,in_front_of,True,scene_0006__vflip.png
scene_0006,vflip,o0>o1,behind,False,False,behind,True,scene_0006__vflip.png
scene_0006,vflip,o0>o2,left_of,False,False,left_of,True,scene_0006__vflip.png
scene_0006,vflip,o0>o2,right_of,True,True,right_of,True,scene_0006__vflip.png
scene_0006,vflip,o0>o2,above,False,True,below,True,scene_0006__vflip.png
scene_0006,vflip,o0>o2,below,True,False,above,True,scene_0006__vflip.png
scene_0006,vflip,o0>o2,parallel,False,False,parallel,True,scene_0006__vflip.png
scene_0006,vflip,o0>o2,perpendicular,False,False,perpendicular,True,scene_0006__vflip.png
scene_0006,vflip,o0>o2,in_front_of,True,True,in_front_of,True,scene_0006__vflip.png
scene_0006,vflip,o0>o2,behind,False,False,behind,True,scene_0006__vflip.png
scene_0006,vflip,o0>o3,left_of,False,False,left_of,True,scene_0006__vflip.png
scene_0006,vflip,o0>o3,right_of,True,True,right_of,True,scene_0006__vflip.png
scene_0006,vflip,o0>o3,above,True,False,below,True,scene_0006__vflip.png
scene_0006,vflip,o0>o3,below,False,True,above,True,scene_0006__vflip.png
scene_0006,vflip,o0>o3,parallel,False,False,parallel,True,scene_0006__vflip.png
scene_0006,vflip,o0>o3,perpendicular,False,False,perpendicular,True,scene_0006__vflip.png
scene_0006,vflip,o0>o3,in_front_of,True,True,in_front_of,True,scene_0006__vflip.png
scene_0006,vflip,o0>o3,behind,False,False,behind,True,scene_0006__vflip.png
scene_0006,vflip,o1>o0,left_of,False,False,left_of,True,scene_0006__vflip.png
scene_0006,vflip,o1>o0,right_of,True,True,right_of,True,scene_0006__vflip.png
scene_0006,vflip,o1>o0,above,True,False,below,True,scene_0006__vflip.png
scene_0006,vflip,o1>o0,below,False,True,above,True,scene_0006__vflip.png
scene_0006,vflip,o1>o0,parallel,False,False,parallel,True,scene_0006__vflip.png
scene_0006,vflip,o1>o0,perpendicular,False,False,perpendicular,True,scene_0006__vflip.png
scene_0006,vflip,o1>o0,in_front_of,False,False,in_front_of,True,scene_0006__vflip.png
scene_0006,vflip,o1>o0,behind,True,True,behind,True,scene_0006__vflip.png
scene_0006,vflip,o1>o2,left_of,False,False,left_of,True,scene_0006__vflip.png
scene_0006,vflip,o1>o2,right_of,True,True,right_of,True,scene_0006__vflip.png
scene_0006,vflip,o1>o2,above,True,False,below,True,scene_0006__vflip.png
scene_0006,vflip,o1>o2,below,False,True,above,True,scene_0006__vflip.png
scene_0006,vflip,o1>o2,parallel,False,False,parallel,True,scene_0006__vflip.png
scene_0006,vflip,o1>o2,perpendicular,False,False,perpendicular,True,scene_0006__vflip.png
scene_0006,vflip,o1>o2,in_front_of,False,False,in_front_of,True,scene_0006__vflip.png
scene_0006,vflip,o1>o2,behind,True,True,behind,True,scene_0006__vflip.png
scene_0006,vflip,o1>o3,left_of,False,False,left_of,True,scene_0006__vflip.png
scene_0006,vflip,o1>o3,right_of,True,True,right_of,True,scene_0006__vflip.png
scene_0006,vflip,o1>o3,above,True,False,below,True,scene_0006__vflip.png
scene_0006,vflip,o1>o3,below,False,True,above,True,scene_0006__vflip.png
scene_0006,vflip,o1>o3,parallel,False,False,parallel,True,scene_0006__vflip.png
scene_0006,vflip,o1>o3,perpendicular,False,False,perpendicular,True,scene_0006__vflip.png
scene_0006,vflip,o1>o3,in_front_of,True,True,in_front_of,True,scene_0006__vflip.png
scene_0006,vflip,o1>o3,behind,False,False,behind,True,scene_0006__vflip.png
scene_0006,vflip,o2>o0,left_of,True,True,left_of,True,scene_0006__vflip.png
scene_0006,vflip,o2>o0,right_of,False,False,right_of,True,scene_0006__vflip.png
scene_0006,vflip,o2>o0,above,True,False,below,True,scene_0006__vflip.png
scene_0006,vflip,o2>o0,below,False,True,above,True,scene_0006__vflip.png
scene_0006,vflip,o2>o0,parallel,False,False,parallel,True,scene_0006__vflip.png
scene_0006,vflip,o2>o0,perpendicular,False,False,perpendicular,True,scene_0006__vflip.png
scene_0006,vflip,o2>o0,in_front_of,False,False,in_front_of,True,scene_0006__vflip.png
scene_0006,vflip,o2>o0,behind,True,True,behind,True,scene_0006__vflip.png
scene_0006,vflip,o2>o1,left_of,True,True,left_of,True,scene_0006__vflip.png
scene_0006,vflip,o2>o1,right_of,False,False,right_of,True,scene_0006__vflip.png
scene_0006,vflip,o2>o1,above,False,True,below,True,scene_0006__vflip.png
scene_0006,vflip,o2>o1,below,True,False,above,True,scene_0006__vflip.png
scene_0006,vflip,o2>o1,parallel,False,False,parallel,True,scene_0006__vflip.png
scene_0006,vflip,o2>o1,perpendicular,False,False,perpendicular,True,scene_0006__vflip.png
scene_0006,vflip,o2>o1,in_front_of,True,True,in_front_of,True,scene_0006__vflip.png
scene_0006,vflip,o2>o1,behind,False,False,behind,True,scene_0006__vflip.png
scene_0006,vflip,o2>o3,left_of,True,True,left_of,True,scene_0006__vflip.png
scene_0006,vflip,o2>o3,right_of,False,False,right_of,True,scene_0006__vflip.png
scene_0006,vflip,o2>o3,above,True,False,below,True,scene_0006__vflip.png
scene_0006,vflip,o2>o3,below,False,True,above,True,scene_0006__vflip.png
scene_0006,vflip,o2>o3,parallel,True,True,parallel,True,scene_0006__vflip.png
scene_0006,vflip,o2>o3,perpendicular,False,False,perpendicular,True,scene_0006__vflip.png
scene_0006,vflip,o2>o3,in_front_of,True,True,in_front_of,True,scene_0006__vflip.png
scene_0006,vflip,o2>o3,behind,False,False,behind,True,scene_0006__vflip.png
scene_0006,vflip,o3>o0,left_of,True,True,left_of,True,scene_0006__vflip.png
scene_0006,vflip,o3>o0,right_of,False,False,right_of,True,scene_0006__vflip.png
scene_0006,vflip,o3>o0,above,False,True,below,True,scene_0006__vflip.png
scene_0006,vflip,o3>o0,below,True,False,above,True,scene_0006__vflip.png
scene_0006,vflip,o3>o0,parallel,False,False,parallel,True,scene_0006__vflip.png
scene_0006,vflip,o3>o0,perpendicular,False,False,perpendicular,True,scene_0006__vflip.png
scene_0006,vflip,o3>o0,in_front_of,False,False,in_front_of,True,scene_0006__vflip.png
scene_0006,vflip,o3>o0,behind,True,True,behind,True,scene_0006__vflip.png
scene_0006,vflip,o3>o1,left_of,True,True,left_of,True,scene_0006__vflip.png
scene_0006,vflip,o3>o1,right_of,False,False,right_of,True,scene_0006__vflip.png
scene_0006,vflip,o3>o1,above,False,True,below,True,scene_0006__vflip.png
scene_0006,vflip,o3>o1,below,True,False,above,True,scene_0006__vflip.png
scene_0006,vflip,o3>o1,parallel,False,False,parallel,True,scene_0006__vflip.png
scene_0006,vflip,o3>o1,perpendicular,False,False,perpendicular,True,scene_0006__vflip.png
scene_0006,vflip,o3>o1,in_front_of,False,False,in_front_of,True,scene_0006__vflip.png
scene_0006,vflip,o3>o1,behind,True,True,behind,True,scene_0006__vflip.png
scene_0006,vflip,o3>o2,left_of,False,False,left_of,True,scene_0006__vflip.png
scene_0006,vflip,o3>o2,right_of,True,True,right_of,True,scene_0006__vflip.png
scene_0006,vflip,o3>o2,above,False,True,below,True,scene_0006__vflip.png
scene_0006,vflip,o3>o2,below,True,False,above,True,scene_0006__vflip.png
scene_0006,vflip,o3>o2,parallel,True,True,parallel,True,scene_0006__vflip.png
scene_0006,vflip,o3>o2,perpendicular,False,False,perpendicular,True,scene_0006__vflip.png
scene_0006,vflip,o3>o2,in_front_of,False,False,in_front_of,True,scene_0006__vflip.png
scene_0006,vflip,o3>o2,behind,True,True,behind,True,scene_0006__vflip.png
scene_0006,v_after_h,o0>o1,left_of,True,False,right_of,True,scene_0006__v_after_h.png
scene_0006,v_after_h,o0>o1,right_of,False,True,left_of,True,scene_0006__v_after_h.png
scene_0006,v_after_h,o0>o1,above,False,True,below,True,scene_0006__v_after_h.png
scene_0006,v_after_h,o0>o1,below,True,False,above,True,scene_0006__v_after_h.png
scene_0006,v_after_h,o0>o1,parallel,False,False,parallel,True,scene_0006__v_after_h.png
scene_0006,v_after_h,o0>o1,perpendicular,False,False,perpendicular,True,scene_0006__v_after_h.png
scene_0006,v_after_h,o0>o1,in_front_of,True,True,in_front_of,True,scene_0006__v_after_h.png
scene_0006,v_after_h,o0>o1,behind,False,False,behind,True,scene_0006__v_after_h.png
scene_0006,v_after_h,o0>o2,left_of,False,True,right_of,True,scene_0006__v_after_h.png
scene_0006,v_after_h,o0>o2,right_of,True,False,left_of,True,scene_0006__v_after_h.png
scene_0006,v_after_h,o0>o2,above,False,True,below,True,scene_0006__v_after_h.png
scene_0006,v_after_h,o0>o2,below,True,False,above,True,scene_0006__v_after_h.png
scene_0006,v_after_h,o0>o2,parallel,False,False,parallel,True,scene_0006__v_after_h.png
scene_0006,v_after_h,o0>o2,perpendicular,False,False,perpendicular,True,scene_0006__v_after_h.png
scene_0006,v_after_h,o0>o2,in_front_of,True,True,in_front_of,True,scene_0006__v_after_h.png
scene_0006,v_after_h,o0>o2,behind,False,False,behind,True,scene_0006__v_after_h.png
scene_0006,v_after_h,o0>o3,left_of,False,True,right_of,True,scene_0006__v_after_h.png
scene_0006,v_after_h,o0>o3,right_of,True,False,left_of,True,scene_0006__v_after_h.png
scene_0006,v_after_h,o0>o3,above,True,False,below,True,scene_0006__v_after_h.png
scene_0006,v_after_h,o0>o3,below,False,True,above,True,scene_0006__v_after_h.png
scene_0006,v_after_h,o0>o3,parallel,False,False,parallel,True,scene_0006__v_after_h.png
scene_0006,v_after_h,o0>o3,perpendicular,False,False,perpendicular,True,scene_0006__v_after_h.png
scene_0006,v_after_h,o0>o3,in_front_of,True,True,in_front_of,True,scene_0006__v_after_h.png
scene_0006,v_after_h,o0>o3,behind,False,False,behind,True,scene_0006__v_after_h.png
scene_0006,v_after_h,o1>o0,left_of,False,True,right_of,True,scene_0006__v_after_h.png
scene_0006,v_after_h,o1>o0,right_of,True,False,left_of,True,scene_0006__v_after_h.png
scene_0006,v_after_h,o1>o0,above,True,False,below,True,scene_0006__v_after_h.png
scene_0006,v_after_h,o1>o0,below,False,True,above,True,scene_0006__v_after_h.png
scene_0006,v_after_h,o1>o0,parallel,False,False,parallel,True,scene_0006__v_after_h.png
scene_0006,v_after_h,o1>o0,perpendicular,False,False,perpendicular,True,scene_0006__v_after_h.png
scene_0006,v_after_h,o1>o0,in_front_of,False,False,in_front_of,True,scene_0006__v_after_h.png
scene_0006,v_after_h,o1>o0,behind,True,True,behind,True,scene_0006__v_after_h.png
scene_0006,v_after_h,o1>o2,left_of,False,True,right_of,True,scene_0006__v_after_h.png
scene_0006,v_after_h,o1>o2,right_of,True,False,left_of,True,scene_0006__v_after_h.png
scene_0006,v_after_h,o1>o2,above,True,False,below,True,scene_0006__v_after_h.png
scene_0006,v_after_h,o1>o2,below,False,True,above,True,scene_0006__v_after_h.png
scene_0006,v_after_h,o1>o2,parallel,False,False,parallel,True,scene_0006__v_after_h.png
scene_0006,v_after_h,o1>o2,perpendicular,False,False,perpendicular,True,scene_0006__v_after_h.png
scene_0006,v_after_h,o1>o2,in_front_of,False,False,in_front_of,True,scene_0006__v_after_h.png
scene_0006,v_after_h,o1>o2,behind,True,True,behind,True,scene_0006__v_after_h.png
scene_0006,v_after_h,o1>o3,left_of,False,True,right_of,True,scene_0006__v_after_h.png
scene_0006,v_after_h,o1>o3,right_of,True,False,left_of,True,scene_0006__v_after_h.png
scene_0006,v_after_h,o1>o3,above,True,False,below,True,scene_0006__v_after_h.png
scene_0006,v_after_h,o1>o3,below,False,True,above,True,scene_0006__v_after_h.png
scene_0006,v_after_h,o1>o3,parallel,False,False,parallel,True,scene_0006__v_after_h.png
scene_0006,v_after_h,o1>o3,perpendicular,False,False,perpendicular,True,scene_0006__v_after_h.png
scene_0006,v_after_h,o1>o3,in_front_of,True,True,in_front_of,True,scene_0006__v_after_h.png
scene_0006,v_after_h,o1>o3,behind,False,False,behind,True,scene_0006__v_after_h.png
scene_0006,v_after_h,o2>o0,left_of,True,False,right_of,True,scene_0006__v_after_h.png
scene_0006,v_after_h,o2>o0,right_of,False,True,left_of,True,scene_0006__v_after_h.png
scene_0006,v_after_h,o2>o0,above,True,False,below,True,scene_0006__v_after_h.png
scene_0006,v_after_h,o2>o0,below,False,True,above,True,scene_0006__v_after_h.png
scene_0006,v_after_h,o2>o0,parallel,False,False,parallel,True,scene_0006__v_after_h.png
scene_0006,v_after_h,o2>o0,perpendicular,False,False,perpendicular,True,scene_0006__v_after_h.png
scene_0006,v_after_h,o2>o0,in_front_of,False,False,in_front_of,True,scene_0006__v_after_h.png
scene_0006,v_after_h,o2>o0,behind,True,True,behind,True,scene_0006__v_after_h.png
scene_0006,v_after_h,o2>o1,left_of,True,False,right_of,True,scene_0006__v_after_h.png
scene_0006,v_after_h,o2>o1,right_of,False,True,left_of,True,scene_0006__v_after_h.png
scene_0006,v_after_h,o2>o1,above,False,True,below,True,scene_0006__v_after_h.png
scene_0006,v_after_h,o2>o1,below,True,False,above,True,scene_0006__v_after_h.png
scene_0006,v_after_h,o2>o1,parallel,False,False,parallel,True,scene_0006__v_after_h.png
scene_0006,v_after_h,o2>o1,perpendicular,False,False,perpendicular,True,scene_0006__v_after_h.png
scene_0006,v_after_h,o2>o1,in_front_of,True,True,in_front_of,True,scene_0006__v_after_h.png
scene_0006,v_after_h,o2>o1,behind,False,False,behind,True,scene_0006__v_after_h.png
scene_0006,v_after_h,o2>o3,left_of,True,False,right_of,True,scene_0006__v_after_h.png
scene_0006,v_after_h,o2>o3,right_of,False,True,left_of,True,scene_0006__v_after_h.png
scene_0006,v_after_h,o2>o3,above,True,False,below,True,scene_0006__v_after_h.png
scene_0006,v_after_h,o2>o3,below,False,True,above,True,scene_0006__v_after_h.png
scene_0006,v_after_h,o2>o3,parallel,True,True,parallel,True,scene_0006__v_after_h.png
scene_0006,v_after_h,o2>o3,perpendicular,False,False,perpendicular,True,scene_0006__v_after_h.png
scene_0006,v_after_h,o2>o3,in_front_of,True,True,in_front_of,True,scene_0006__v_after_h.png
scene_0006,v_after_h,o2>o3,behind,False,False,behind,True,scene_0006__v_after_h.png
scene_0006,v_after_h,o3>o0,left_of,True,False,right_of,True,scene_0006__v_after_h.png
scene_0006,v_after_h,o3>o0,right_of,False,True,left_of,True,scene_0006__v_after_h.png
scene_0006,v_after_h,o3>o0,above,False,True,below,True,scene_0006__v_after_h.png
scene_0006,v_after_h,o3>o0,below,True,False,above,True,scene_0006__v_after_h.png
scene_0006,v_after_h,o3>o0,parallel,False,False,parallel,True,scene_0006__v_after_h.png
scene_0006,v_after_h,o3>o0,perpendicular,False,False,perpendicular,True,scene_0006__v_after_h.png
scene_0006,v_after_h,o3>o0,in_front_of,False,False,in_front_of,True,scene_0006__v_after_h.png
scene_0006,v_after_h,o3>o0,behind,True,True,behind,True,scene_0006__v_after_h.png
scene_0006,v_after_h,o3>o1,left_of,True,False,right_of,True,scene_0006__v_after_h.png
scene_0006,v_after_h,o3>o1,right_of,False,True,left_of,True,scene_0006__v_after_h.png
scene_0006,v_after_h,o3>o1,above,False,True,below,True,scene_0006__v_after_h.png
scene_0006,v_after_h,o3>o1,below,True,False,above,True,scene_0006__v_after_h.png
scene_0006,v_after_h,o3>o1,parallel,False,False,parallel,True,scene_0006__v_after_h.png
scene_0006,v_after_h,o3>o1,perpendicular,False,False,perpendicular,True,scene_0006__v_after_h.png
scene_0006,v_after_h,o3>o1,in_front_of,False,False,in_front_of,True,scene_0006__v_after_h.png
scene_0006,v_after_h,o3>o1,behind,True,True,behind,True,scene_0006__v_after_h.png
scene_0006,v_after_h,o3>o2,left_of,False,True,right_of,True,scene_0006__v_after_h.png
scene_0006,v_after_h,o3>o2,right_of,True,False,left_of,True,scene_0006__v_after_h.png
scene_0006,v_after_h,o3>o2,above,False,True,below,True,scene_0006__v_after_h.png
scene_0006,v_after_h,o3>o2,below,True,False,above,True,scene_0006__v_after_h.png
scene_0006,v_after_h,o3>o2,parallel,True,True,parallel,True,scene_0006__v_after_h.png
scene_0006,v_after_h,o3>o2,perpendicular,False,False,perpendicular,True,scene_0006__v_after_h.png
scene_0006,v_after_h,o3>o2,in_front_of,False,False,in_front_of,True,scene_0006__v_after_h.png
scene_0006,v_after_h,o3>o2,behind,True,True,behind,True,scene_0006__v_after_h.png
scene_0007,hflip,o0>o1,left_of,False,True,right_of,True,scene_0007__hflip.png
scene_0007,hflip,o0>o1,right_of,True,False,left_of,True,scene_0007__hflip.png
scene_0007,hflip,o0>o1,above,False,False,above,True,scene_0007__hflip.png
scene_0007,hflip,o0>o1,below,True,True,below,True,scene_0007__hflip.png
scene_0007,hflip,o0>o1,parallel,False,False,parallel,True,scene_0007__hflip.png
scene_0007,hflip,o0>o1,perpendicular,False,False,perpendicular,True,scene_0007__hflip.png
scene_0007,hflip,o0>o1,in_front_of,True,True,in_front_of,True,scene_0007__hflip.png
scene_0007,hflip,o0>o1,behind,False,False,behind,True,scene_0007__hflip.png
scene_0007,hflip,o0>o2,left_of,False,True,right_of,True,scene_0007__hflip.png
scene_0007,hflip,o0>o2,right_of,True,False,left_of,True,scene_0007__hflip.png
scene_0007,hflip,o0>o2,above,True,True,above,True,scene_0007__hflip.png
scene_0007,hflip,o0>o2,below,False,False,below,True,scene_0007__hflip.png
scene_0007,hflip,o0>o2,parallel,False,False,parallel,True,scene_0007__hflip.png
scene_0007,hflip,o0>o2,perpendicular,False,False,perpendicular,True,scene_0007__hflip.png
scene_0007,hflip,o0>o2,in_front_of,True,True,in_front_of,True,scene_0007__hflip.png
scene_0007,hflip,o0>o2,behind,False,False,behind,True,scene_0007__hflip.png
scene_0007,hflip,o0>o3,left_of,False,True,right_of,True,scene_0007__hflip.png
scene_0007,hflip,o0>o3,right_of,True,False,left_of,True,scene_0007__hflip.png
scene_0007,hflip,o0>o3,above,False,False,above,True,scene_0007__hflip.png
scene_0007,hflip,o0>o3,below,True,True,below,True,scene_0007__hflip.png
scene_0007,hflip,o0>o3,parallel,False,False,parallel,True,scene_0007__hflip.png
scene_0007,hflip,o0>o3,perpendicular,False,False,perpendicular,True,scene_0007__hflip.png
scene_0007,hflip,o0>o3,in_front_of,True,True,in_front_of,True,scene_0007__hflip.png
scene_0007,hflip,o0>o3,behind,False,False,behind,True,scene_0007__hflip.png
scene_0007,hflip,o1>o0,left_of,True,False,right_of,True,scene_0007__hflip.png
scene_0007,hflip,o1>o0,right_of,False,True,left_of,True,scene_0007__hflip.png
scene_0007,hflip,o1>o0,above,True,True,above,True,scene_0007__hflip.png
scene_0007,hflip,o1>o0,below,False,False,below,True,scene_0007__hflip.png
scene_0007,hflip,o1>o0,parallel,False,False,parallel,True,scene_0007__hflip.png
scene_0007,hflip,o1>o0,perpendicular,False,False,perpendicular,True,scene_0007__hflip.png
scene_0007,hflip,o1>o0,in_front_of,False,False,in_front_of,True,scene_0007__hflip.png
scene_0007,hflip,o1>o0,behind,True,True,behind,True,scene_0007__hflip.png
scene_0007,hflip,o1>o2,left_of,False,True,right_of,True,scene_0007__hflip.png
scene_0007,hflip,o1>o2,right_of,True,False,left_of,True,scene_0007__hflip.png
scene_0007,hflip,o1>o2,above,True,True,above,True,scene_0007__hflip.png
scene_0007,hflip,o1>o2,below,False,False,below,True,scene_0007__hflip.png
scene_0007,hflip,o1>o2,parallel,False,False,parallel,True,scene_0007__hflip.png
scene_0007,hflip,o1>o2,perpendicular,False,False,perpendicular,True,scene_0007__hflip.png
scene_0007,hflip,o1>o2,in_front_of,False,False,in_front_of,True,scene_0007__hflip.png
scene_0007,hflip,o1>o2,behind,True,True,behind,True,scene_0007__hflip.png
scene_0007,hflip,o1>o3,left_of,True,False,right_of,True,scene_0007__hflip.png
scene_0007,hflip,o1>o3,right_of,False,True,left_of,True,scene_0007__hflip.png
scene_0007,hflip,o1>o3,above,True,True,above,True,scene_0007__hflip.png
scene_0007,hflip,o1>o3,below,False,False,below,True,scene_0007__hflip.png
scene_0007,hflip,o1>o3,parallel,False,False,parallel,True,scene_0007__hflip.png
scene_0007,hflip,o1>o3,perpendicular,False,False,perpendicular,True,scene_0007__hflip.png
scene_0007,hflip,o1>o3,in_front_of,True,True,in_front_of,True,scene_0007__hflip.png
scene_0007,hflip,o1>o3,behind,False,False,behind,True,scene_0007__hflip.png
scene_0007,hflip,o2>o0,left_of,True,False,right_of,True,scene_0007__hflip.png
scene_0007,hflip,o2>o0,right_of,False,True,left_of,True,scene_0007__hflip.png
scene_0007,hflip,o2>o0,above,False,False,above,True,scene_0007__hflip.png
scene_0007,hflip,o2>o0,below,True,True,below,True,scene_0007__hflip.png
scene_0007,hflip,o2>o0,parallel,False,False,parallel,True,scene_0007__hflip.png
scene_0007,hflip,o2>o0,perpendicular,False,False,perpendicular,True,scene_0007__hflip.png
scene_0007,hflip,o2>o0,in_front_of,False,False,in_front_of,True,scene_0007__hflip.png
scene_0007,hflip,o2>o0,behind,True,True,behind,True,scene_0007__hflip.png
scene_0007,hflip,o2>o1,left_of,True,False,right_of,True,scene_0007__hflip.png
scene_0007,hflip,o2>o1,right_of,False,True,left_of,True,scene_0007__hflip.png
scene_0007,hflip,o2>o1,above,False,False,above,True,scene_0007__hflip.png
scene_0007,hflip,o2>o1,below,True,True,below,True,scene_0007__hflip.png
scene_0007,hflip,o2>o1,parallel,False,False,parallel,True,scene_0007__hflip.png
scene_0007,hflip,o2>o1,perpendicular,False,False,perpendicular,True,scene_0007__hflip.png
scene_0007,hflip,o2>o1,in_front_of,True,True,in_front_of,True,scene_0007__hflip.png
scene_0007,hflip,o2>o1,behind,False,False,behind,True,scene_0007__hflip.png
scene_0007,hflip,o2>o3,left_of,True,False,right_of,True,scene_0007__hflip.png
scene_0007,hflip,o2>o3,right_of,False,True,left_of,True,scene_0007__hflip.png
scene_0007,hflip,o2>o3,above,False,False,above,True,scene_0007__hflip.png
scene_0007,hflip,o2>o3,below,True,True,below,True,scene_0007__hflip.png
scene_0007,hflip,o2>o3,parallel,True,True,parallel,True,scene_0007__hflip.png
scene_0007,hflip,o2>o3,perpendicular,False,False,perpendicular,True,scene_0007__hflip.png
scene_0007,hflip,o2>o3,in_front_of,True,True,in_front_of,True,scene_0007__hflip.png
scene_0007,hflip,o2>o3,behind,False,False,behind,True,scene_0007__hflip.png
scene_0007,hflip,o3>o0,left_of,True,False,right_of,True,scene_0007__hflip.png
scene_0007,hflip,o3>o0,right_of,False,True,left_of,True,scene_0007__hflip.png
scene_0007,hflip,o3>o0,above,True,True,above,True,scene_0007__hflip.png
scene_0007,hflip,o3>o0,below,False,False,below,True,scene_0007__hflip.png
scene_0007,hflip,o3>o0,parallel,False,False,parallel,True,scene_0007__hflip.png
scene_0007,hflip,o3>o0,perpendicular,False,False,perpendicular,True,scene_0007__hflip.png
scene_0007,hflip,o3>o0,in_front_of,False,False,in_front_of,True,scene_0007__hflip.png
scene_0007,hflip,o3>o0,behind,True,True,behind,True,scene_0007__hflip.png
scene_0007,hflip,o3>o1,left_of,False,True,right_of,True,scene_0007__hflip.png
scene_0007,hflip,o3>o1,right_of,True,False,left_of,True,scene_0007__hflip.png
scene_0007,hflip,o3>o1,above,False,False,above,True,scene_0007__hflip.png
scene_0007,hflip,o3>o1,below,True,True,below,True,scene_0007__hflip.png
scene_0007,hflip,o3>o1,parallel,False,False,parallel,True,scene_0007__hflip.png
scene_0007,hflip,o3>o1,perpendicular,False,False,perpendicular,True,scene_0007__hflip.png
scene_0007,hflip,o3>o1,in_front_of,False,False,in_front_of,True,scene_0007__hflip.png
scene_0007,hflip,o3>o1,behind,True,True,behind,True,scene_0007__hflip.png
scene_0007,hflip,o3>o2,left_of,False,True,right_of,True,scene_0007__hflip.png
scene_0007,hflip,o3>o2,right_of,True,False,left_of,True,scene_0007__hflip.png
scene_0007,hflip,o3>o2,above,True,True,above,True,scene_0007__hflip.png
scene_0007,hflip,o3>o2,below,False,False,below,True,scene_0007__hflip.png
scene_0007,hflip,o3>o2,parallel,True,True,parallel,True,scene_0007__hflip.png
scene_0007,hflip,o3>o2,perpendicular,False,False,perpendicular,True,scene_0007__hflip.png
scene_0007,hflip,o3>o2,in_front_of,False,False,in_front_of,True,scene_0007__hflip.png
scene_0007,hflip,o3>o2,behind,True,True,behind,True,scene_0007__hflip.png
scene_0007,vflip,o0>o1,left_of,False,False,left_of,True,scene_0007__vflip.png
scene_0007,vflip,o0>o1,right_of,True,True,right_of,True,scene_0007__vflip.png
scene_0007,vflip,o0>o1,above,False,True,below,True,scene_0007__vflip.png
scene_0007,vflip,o0>o1,below,True,False,above,True,scene_0007__vflip.png
scene_0007,vflip,o0>o1,parallel,False,False,parallel,True,scene_0007__vflip.png
scene_0007,vflip,o0>o1,perpendicular,False,False,perpendicular,True,scene_0007__vflip.png
scene_0007,vflip,o0>o1,in_front_of,True,True,in_front_of,True,scene_0007__vflip.png
scene_0007,vflip,o0>o1,behind,False,False,behind,True,scene_0007__vflip.png
scene_0007,vflip,o0>o2,left_of,False,False,left_of,True,scene_0007__vflip.png
scene_0007,vflip,o0>o2,right_of,True,True,right_of,True,scene_0007__vflip.png
scene_0007,vflip,o0>o2,above,True,False,below,True,scene_0007__vflip.png
scene_0007,vflip,o0>o2,below,False,True,above,True,scene_0007__vflip.png
scene_0007,vflip,o0>o2,parallel,False,False,parallel,True,scene_0007__vflip.png
scene_0007,vflip,o0>o2,perpendicular,False,False,perpendicular,True,scene_0007__vflip.png
scene_0007,vflip,o0>o2,in_front_of,True,True,in_front_of,True,scene_0007__vflip.png
scene_0007,vflip,o0>o2,behind,False,False,behind,True,scene_0007__vflip.png
scene_0007,vflip,o0>o3,left_of,False,False,left_of,True,scene_0007__vflip.png
scene_0007,vflip,o0>o3,right_of,True,True,right_of,True,scene_0007__vflip.png
scene_0007,vflip,o0>o3,above,False,True,below,True,scene_0007__vflip.png
scene_0007,vflip,o0>o3,below,True,False,above,True,scene_0007__vflip.png
scene_0007,vflip,o0>o3,parallel,False,False,parallel,True,scene_0007__vflip.png
scene_0007,vflip,o0>o3,perpendicular,False,False,perpendicular,True,scene_0007__vflip.png
scene_0007,vflip,o0>o3,in_front_of,True,True,in_front_of,True,scene_0007__vflip.png
scene_0007,vflip,o0>o3,behind,False,False,behind,True,scene_0007__vflip.png
scene_0007,vflip,o1>o0,left_of,True,True,left_of,True,scene_0007__vflip.png
scene_0007,vflip,o1>o0,right_of,False,False,right_of,True,scene_0007__vflip.png
scene_0007,vflip,o1>o0,above,True,False,below,True,scene_0007__vflip.png
scene_0007,vflip,o1>o0,below,False,True,above,True,scene_0007__vflip.png
scene_0007,vflip,o1>o0,parallel,False,False,parallel,True,scene_0007__vflip.png
scene_0007,vflip,o1>o0,perpendicular,False,False,perpendicular,True,scene_0007__vflip.png
scene_0007,vflip,o1>o0,in_front_of,False,False,in_front_of,True,scene_0007__vflip.png
scene_0007,vflip,o1>o0,behind,True,True,behind,True,scene_0007__vflip.png
scene_0007,vflip,o1>o2,left_of,False,False,left_of,True,scene_0007__vflip.png
scene_0007,vflip,o1>o2,right_of,True,True,right_of,True,scene_0007__vflip.png
scene_0007,vflip,o1>o2,above,True,False,below,True,scene_0007__vflip.png
scene_0007,vflip,o1>o2,below,False,True,above,True,scene_0007__vflip.png
scene_0007,vflip,o1>o2,parallel,False,False,parallel,True,scene_0007__vflip.png
scene_0007,vflip,o1>o2,perpendicular,False,False,perpendicular,True,scene_0007__vflip.png
scene_0007,vflip,o1>o2,in_front_of,False,False,in_front_of,True,scene_0007__vflip.png
scene_0007,vflip,o1>o2,behind,True,True,behind,True,scene_0007__vflip.png
scene_0007,vflip,o1>o3,left_of,True,True,left_of,True,scene_0007__vflip.png
scene_0007,vflip,o1>o3,right_of,False,False,right_of,True,scene_0007__vflip.png
scene_0007,vflip,o1>o3,above,True,False,below,True,scene_0007__vflip.png
scene_0007,vflip,o1>o3,below,False,True,above,True,scene_0007__vflip.png
scene_0007,vflip,o1>o3,parallel,False,False,parallel,True,scene_0007__vflip.png
scene_0007,vflip,o1>o3,perpendicular,False,False,perpendicular,True,scene_0007__vflip.png
scene_0007,vflip,o1>o3,in_front_of,True,True,in_front_of,True,scene_0007__vflip.png
scene_0007,vflip,o1>o3,behind,False,False,behind,True,scene_0007__vflip.png
scene_0007,vflip,o2>o0,left_of,True,True,left_of,True,scene_0007__vflip.png
scene_0007,vflip,o2>o0,right_of,False,False,right_of,True,scene_0007__vflip.png
scene_0007,vflip,o2>o0,above,False,True,below,True,scene_0007__vflip.png
scene_0007,vflip,o2>o0,below,True,False,above,True,scene_0007__vflip.png
scene_0007,vflip,o2>o0,parallel,False,False,parallel,True,scene_0007__vflip.png
scene_0007,vflip,o2>o0,perpendicular,False,False,perpendicular,True,scene_0007__vflip.png
scene_0007,vflip,o2>o0,in_front_of,False,False,in_front_of,True,scene_0007__vflip.png
scene_0007,vflip,o2>o0,behind,True,True,behind,True,scene_0007__vflip.png
scene_0007,vflip,o2>o1,left_of,True,True,left_of,True,scene_0007__vflip.png
scene_0007,vflip,o2>o1,right_of,False,False,right_of,True,scene_0007__vflip.png
scene_0007,vflip,o2>o1,above,False,True,below,True,scene_0007__vflip.png
scene_0007,vflip,o2>o1,below,True,False,above,True,scene_0007__vflip.png
scene_0007,vflip,o2>o1,parallel,False,False,parallel,True,scene_0007__vflip.png
scene_0007,vflip,o2>o1,perpendicular,False,False,perpendicular,True,scene_0007__vflip.png
scene_0007,vflip,o2>o1,in_front_of,True,True,in_front_of,True,scene_0007__vflip.png
scene_0007,vflip,o2>o1,behind,False,False,behind,True,scene_0007__vflip.png
scene_0007,vflip,o2>o3,left_of,True,True,left_of,True,scene_0007__vflip.png
scene_0007,vflip,o2>o3,right_of,False,False,right_of,True,scene_0007__vflip.png
scene_0007,vflip,o2>o3,above,False,True,below,True,scene_0007__vflip.png
scene_0007,vflip,o2>o3,below,True,False,above,True,scene_0007__vflip.png
scene_0007,vflip,o2>o3,parallel,True,True,parallel,True,scene_0007__vflip.png
scene_0007,vflip,o2>o3,perpendicular,False,False,perpendicular,True,scene_0007__vflip.png
scene_0007,vflip,o2>o3,in_front_of,True,True,in_front_of,True,scene_0007__vflip.png
scene_0007,vflip,o2>o3,behind,False,False,behind,True,scene_0007__vflip.png
scene_0007,vflip,o3>o0,left_of,True,True,left_of,True,scene_0007__vflip.png
scene_0007,vflip,o3>o0,right_of,False,False,right_of,True,scene_0007__vflip.png
scene_0007,vflip,o3>o0,above,True,False,below,True,scene_0007__vflip.png
scene_0007,vflip,o3>o0,below,False,True,above,True,scene_0007__vflip.png
scene_0007,vflip,o3>o0,parallel,False,False,parallel,True,scene_0007__vflip.png
scene_0007,vflip,o3>o0,perpendicular,False,False,perpendicular,True,scene_0007__vflip.png
scene_0007,vflip,o3>o0,in_front_of,False,False,in_front_of,True,scene_0007__vflip.png
scene_0007,vflip,o3>o0,behind,True,True,behind,True,scene_0007__vflip.png
scene_0007,vflip,o3>o1,left_of,False,False,left_of,True,scene_0007__vflip.png
scene_0007,vflip,o3>o1,right_of,True,True,right_of,True,scene_0007__vflip.png
scene_0007,vflip,o3>o1,above,False,True,below,True,scene_0007__vflip.png
scene_0007,vflip,o3>o1,below,True,False,above,True,scene_0007__vflip.png
scene_0007,vflip,o3>o1,parallel,False,False,parallel,True,scene_0007__vflip.png
scene_0007,vflip,o3>o1,perpendicular,False,False,perpendicular,True,scene_0007__vflip.png
scene_0007,vflip,o3>o1,in_front_of,False,False,in_front_of,True,scene_0007__vflip.png
scene_0007,vflip,o3>o1,behind,True,True,behind,True,scene_0007__vflip.png
scene_0007,vflip,o3>o2,left_of,False,False,left_of,True,scene_0007__vflip.png
scene_0007,vflip,o3>o2,right_of,True,True,right_of,True,scene_0007__vflip.png
scene_0007,vflip,o3>o2,above,True,False,below,True,scene_0007__vflip.png
scene_0007,vflip,o3>o2,below,False,True,above,True,scene_0007__vflip.png
scene_0007,vflip,o3>o2,parallel,True,True,parallel,True,scene_0007__vflip.png
scene_0007,vflip,o3>o2,perpendicular,False,False,perpendicular,True,scene_0007__vflip.png
scene_0007,vflip,o3>o2,in_front_of,False,False,in_front_of,True,scene_0007__vflip.png
scene_0007,vflip,o3>o2,behind,True,True,behind,True,scene_0007__vflip.png
scene_0007,v_after_h,o0>o1,left_of,False,True,right_of,True,scene_0007__v_after_h.png
scene_0007,v_after_h,o0>o1,right_of,True,False,left_of,True,scene_0007__v_after_h.png
scene_0007,v_after_h,o0>o1,above,False,True,below,True,scene_0007__v_after_h.png
scene_0007,v_after_h,o0>o1,below,True,False,above,True,scene_0007__v_after_h.png
scene_0007,v_after_h,o0>o1,parallel,False,False,parallel,True,scene_0007__v_after_h.png
scene_0007,v_after_h,o0>o1,perpendicular,False,False,perpendicular,True,scene_0007__v_after_h.png
scene_0007,v_after_h,o0>o1,in_front_of,True,True,in_front_of,True,scene_0007__v_after_h.png
scene_0007,v_after_h,o0>o1,behind,False,False,behind,True,scene_0007__v_after_h.png
scene_0007,v_after_h,o0>o2,left_of,False,True,right_of,True,scene_0007__v_after_h.png
scene_0007,v_after_h,o0>o2,right_of,True,False,left_of,True,scene_0007__v_after_h.png
scene_0007,v_after_h,o0>o2,above,True,False,below,True,scene_0007__v_after_h.png
scene_0007,v_after_h,o0>o2,below,False,True,above,True,scene_0007__v_after_h.png
scene_0007,v_after_h,o0>o2,parallel,False,False,parallel,True,scene_0007__v_after_h.png
scene_0007,v_after_h,o0>o2,perpendicular,False,False,perpendicular,True,scene_0007__v_after_h.png
scene_0007,v_after_h,o0>o2,in_front_of,True,True,in_front_of,True,scene_0007__v_after_h.png
scene_0007,v_after_h,o0>o2,behind,False,False,behind,True,scene_0007__v_after_h.png
scene_0007,v_after_h,o0>o3,left_of,False,True,right_of,True,scene_0007__v_after_h.png
scene_0007,v_after_h,o0>o3,right_of,True,False,left_of,True,scene_0007__v_after_h.png
scene_0007,v_after_h,o0>o3,above,False,True,below,True,scene_0007__v_after_h.png
scene_0007,v_after_h,o0>o3,below,True,False,above,True,scene_0007__v_after_h.png
scene_0007,v_after_h,o0>o3,parallel,False,False,parallel,True,scene_0007__v_after_h.png
scene_0007,v_after_h,o0>o3,perpendicular,False,False,perpendicular,True,scene_0007__v_after_h.png
scene_0007,v_after_h,o0>o3,in_front_of,True,True,in_front_of,True,scene_0007__v_after_h.png
scene_0007,v_after_h,o0>o3,behind,False,False,behind,True,scene_0007__v_after_h.png
scene_0007,v_after_h,o1>o0,left_of,True,False,right_of,True,scene_0007__v_after_h.png
scene_0007,v_after_h,o1>o0,right_of,False,True,left_of,True,scene_0007__v_after_h.png
scene_0007,v_after_h,o1>o0,above,True,False,below,True,scene_0007__v_after_h.png
scene_0007,v_after_h,o1>o0,below,False,True,above,True,scene_0007__v_after_h.png
scene_0007,v_after_h,o1>o0,parallel,False,False,parallel,True,scene_0007__v_after_h.png
scene_0007,v_after_h,o1>o0,perpendicular,False,False,perpendicular,True,scene_0007__v_after_h.png
scene_0007,v_after_h,o1>o0,in_front_of,False,False,in_front_of,True,scene_0007__v_after_h.png
scene_0007,v_after_h,o1>o0,behind,True,True,behind,True,scene_0007__v_after_h.png
scene_0007,v_after_h,o1>o2,left_of,False,True,right_of,True,scene_0007__v_after_h.png
scene_0007,v_after_h,o1>o2,right_of,True,False,left_of,True,scene_0007__v_after_h.png
scene_0007,v_after_h,o1>o2,above,True,False,below,True,scene_0007__v_after_h.png
scene_0007,v_after_h,o1>o2,below,False,True,above,True,scene_0007__v_after_h.png
scene_0007,v_after_h,o1>o2,parallel,False,False,parallel,True,scene_0007__v_after_h.png
scene_0007,v_after_h,o1>o2,perpendicular,False,False,perpendicular,True,scene_0007__v_after_h.png
scene_0007,v_after_h,o1>o2,in_front_of,False,False,in_front_of,True,scene_0007__v_after_h.png
scene_0007,v_after_h,o1>o2,behind,True,True,behind,True,scene_0007__v_after_h.png
scene_0007,v_after_h,o1>o3,left_of,True,False,right_of,True,scene_0007__v_after_h.png
scene_0007,v_after_h,o1>o3,right_of,False,True,left_of,True,scene_0007__v_after_h.png
scene_0007,v_after_h,o1>o3,above,True,False,below,True,scene_0007__v_after_h.png
scene_0007,v_after_h,o1>o3,below,False,True,above,True,scene_0007__v_after_h.png
scene_0007,v_after_h,o1>o3,parallel,False,False,parallel,True,scene_0007__v_after_h.png
scene_0007,v_after_h,o1>o3,perpendicular,False,False,perpendicular,True,scene_0007__v_after_h.png
scene_0007,v_after_h,o1>o3,in_front_of,True,True,in_front_of,True,scene_0007__v_after_h.png
scene_0007,v_after_h,o1>o3,behind,False,False,behind,True,scene_0007__v_after_h.png
scene_0007,v_after_h,o2>o0,left_of,True,False,right_of,True,scene_0007__v_after_h.png
scene_0007,v_after_h,o2>o0,right_of,False,True,left_of,True,scene_0007__v_after_h.png
scene_0007,v_after_h,o2>o0,above,False,True,below,True,scene_0007__v_after_h.png
scene_0007,v_after_h,o2>o0,below,True,False,above,True,scene_0007__v_after_h.png
scene_0007,v_after_h,o2>o0,parallel,False,False,parallel,True,scene_0007__v_after_h.png
scene_0007,v_after_h,o2>o0,perpendicular,False,False,perpendicular,True,scene_0007__v_after_h.png
scene_0007,v_after_h,o2>o0,in_front_of,False,False,in_front_of,True,scene_0007__v_after_h.png
scene_0007,v_after_h,o2>o0,behind,True,True,behind,True,scene_0007__v_after_h.png
scene_0007,v_after_h,o2>o1,left_of,True,False,right_of,True,scene_0007__v_after_h.png
scene_0007,v_after_h,o2>o1,right_of,False,True,left_of,True,scene_0007__v_after_h.png
scene_0007,v_after_h,o2>o1,above,False,True,below,True,scene_0007__v_after_h.png
scene_0007,v_after_h,o2>o1,below,True,False,above,True,scene_0007__v_after_h.png
scene_0007,v_after_h,o2>o1,parallel,False,False,parallel,True,scene_0007__v_after_h.png
scene_0007,v_after_h,o2>o1,perpendicular,False,False,perpendicular,True,scene_0007__v_after_h.png
scene_0007,v_after_h,o2>o1,in_front_of,True,True,in_front_of,True,scene_0007__v_after_h.png
scene_0007,v_after_h,o2>o1,behind,False,False,behind,True,scene_0007__v_after_h.png
scene_0007,v_after_h,o2>o3,left_of,True,False,right_of,True,scene_0007__v_after_h.png
scene_0007,v_after_h,o2>o3,right_of,False,True,left_of,True,scene_0007__v_after_h.png
scene_0007,v_after_h,o2>o3,above,False,True,below,True,scene_0007__v_after_h.png
scene_0007,v_after_h,o2>o3,below,True,False,above,True,scene_0007__v_after_h.png
scene_0007,v_after_h,o2>o3,parallel,True,True,parallel,True,scene_0007__v_after_h.png
scene_0007,v_after_h,o2>o3,perpendicular,False,False,perpendicular,True,scene_0007__v_after_h.png
scene_0007,v_after_h,o2>o3,in_front_of,True,True,in_front_of,True,scene_0007__v_after_h.png
scene_0007,v_after_h,o2>o3,behind,False,False,behind,True,scene_0007__v_after_h.png
scene_0007,v_after_h,o3>o0,left_of,True,False,right_of,True,scene_0007__v_after_h.png
scene_0007,v_after_h,o3>o0,right_of,False,True,left_of,True,scene_0007__v_after_h.png
scene_0007,v_after_h,o3>o0,above,True,False,below,True,scene_0007__v_after_h.png
scene_0007,v_after_h,o3>o0,below,False,True,above,True,scene_0007__v_after_h.png
scene_0007,v_after_h,o3>o0,parallel,False,False,parallel,True,scene_0007__v_after_h.png
scene_0007,v_after_h,o3>o0,perpendicular,False,False,perpendicular,True,scene_0007__v_after_h.png
scene_0007,v_after_h,o3>o0,in_front_of,False,False,in_front_of,True,scene_0007__v_after_h.png
scene_0007,v_after_h,o3>o0,behind,True,True,behind,True,scene_0007__v_after_h.png
scene_0007,v_after_h,o3>o1,left_of,False,True,right_of,True,scene_0007__v_after_h.png
scene_0007,v_after_h,o3>o1,right_of,True,False,left_of,True,scene_0007__v_after_h.png
scene_0007,v_after_h,o3>o1,above,False,True,below,True,scene_0007__v_after_h.png
scene_0007,v_after_h,o3>o1,below,True,False,above,True,scene_0007__v_after_h.png
scene_0007,v_after_h,o3>o1,parallel,False,False,parallel,True,scene_0007__v_after_h.png
scene_0007,v_after_h,o3>o1,perpendicular,False,False,perpendicular,True,scene_0007__v_after_h.png
scene_0007,v_after_h,o3>o1,in_front_of,False,False,in_front_of,True,scene_0007__v_after_h.png
scene_0007,v_after_h,o3>o1,behind,True,True,behind,True,scene_0007__v_after_h.png
scene_0007,v_after_h,o3>o2,left_of,False,True,right_of,True,scene_0007__v_after_h.png
scene_0007,v_after_h,o3>o2,right_of,True,False,left_of,True,scene_0007__v_after_h.png
scene_0007,v_after_h,o3>o2,above,True,False,below,True,scene_0007__v_after_h.png
scene_0007,v_after_h,o3>o2,below,False,True,above,True,scene_0007__v_after_h.png
scene_0007,v_after_h,o3>o2,parallel,True,True,parallel,True,scene_0007__v_after_h.png
scene_0007,v_after_h,o3>o2,perpendicular,False,False,perpendicular,True,scene_0007__v_after_h.png
scene_0007,v_after_h,o3>o2,in_front_of,False,False,in_front_of,True,scene_0007__v_after_h.png
scene_0007,v_after_h,o3>o2,behind,True,True,behind,True,scene_0007__v_after_h.png
scene_0008,hflip,o0>o1,left_of,True,False,right_of,True,scene_0008__hflip.png
scene_0008,hflip,o0>o1,right_of,False,True,left_of,True,scene_0008__hflip.png
scene_0008,hflip,o0>o1,above,True,True,above,True,scene_0008__hflip.png
scene_0008,hflip,o0>o1,below,False,False,below,True,scene_0008__hflip.png
scene_0008,hflip,o0>o1,parallel,False,False,parallel,True,scene_0008__hflip.png
scene_0008,hflip,o0>o1,perpendicular,False,False,perpendicular,True,scene_0008__hflip.png
scene_0008,hflip,o0>o1,in_front_of,True,True,in_front_of,True,scene_0008__hflip.png
scene_0008,hflip,o0>o1,behind,False,False,behind,True,scene_0008__hflip.png
scene_0008,hflip,o0>o2,left_of,False,True,right_of,True,scene_0008__hflip.png
scene_0008,hflip,o0>o2,right_of,True,False,left_of,True,scene_0008__hflip.png
scene_0008,hflip,o0>o2,above,True,True,above,True,scene_0008__hflip.png
scene_0008,hflip,o0>o2,below,False,False,below,True,scene_0008__hflip.png
scene_0008,hflip,o0>o2,parallel,False,False,parallel,True,scene_0008__hflip.png
scene_0008,hflip,o0>o2,perpendicular,False,False,perpendicular,True,scene_0008__hflip.png
scene_0008,hflip,o0>o2,in_front_of,True,True,in_front_of,True,scene_0008__hflip.png
scene_0008,hflip,o0>o2,behind,False,False,behind,True,scene_0008__hflip.png
scene_0008,hflip,o0>o3,left_of,True,False,right_of,True,scene_0008__hflip.png
scene_0008,hflip,o0>o3,right_of,False,True,left_of,True,scene_0008__hflip.png
scene_0008,hflip,o0>o3,above,True,True,above,True,scene_0008__hflip.png
scene_0008,hflip,o0>o3,below,False,False,below,True,scene_0008__hflip.png
scene_0008,hflip,o0>o3,parallel,False,False,parallel,True,scene_0008__hflip.png
scene_0008,hflip,o0>o3,perpendicular,False,False,perpendicular,True,scene_0008__hflip.png
scene_0008,hflip,o0>o3,in_front_of,True,True,in_front_of,True,scene_0008__hflip.png
scene_0008,hflip,o0>o3,behind,False,False,behind,True,scene_0008__hflip.png
scene_0008,hflip,o1>o0,left_of,False,True,right_of,True,scene_0008__hflip.png
scene_0008,hflip,o1>o0,right_of,True,False,left_of,True,scene_0008__hflip.png
scene_0008,hflip,o1>o0,above,False,False,above,True,scene_0008__hflip.png
scene_0008,hflip,o1>o0,below,True,True,below,True,scene_0008__hflip.png
scene_0008,hflip,o1>o0,parallel,False,False,parallel,True,scene_0008__hflip.png
scene_0008,hflip,o1>o0,perpendicular,False,False,perpendicular,True,scene_0008__hflip.png
scene_0008,hflip,o1>o0,in_front_of,False,False,in_front_of,True,scene_0008__hflip.png
scene_0008,hflip,o1>o0,behind,True,True,behind,True,scene_0008__hflip.png
scene_0008,hflip,o1>o2,left_of,False,True,right_of,True,scene_0008__hflip.png
scene_0008,hflip,o1>o2,right_of,True,False,left_of,True,scene_0008__hflip.png
scene_0008,hflip,o1>o2,above,False,False,above,True,scene_0008__hflip.png
scene_0008,hflip,o1>o2,below,True,True,below,True,scene_0008__hflip.png
scene_0008,hflip,o1>o2,parallel,False,False,parallel,True,scene_0008__hflip.png
scene_0008,hflip,o1>o2,perpendicular,False,False,perpendicular,True,scene_0008__hflip.png
scene_0008,hflip,o1>o2,in_front_of,False,False,in_front_of,True,scene_0008__hflip.png
scene_0008,hflip,o1>o2,behind,True,True,behind,True,scene_0008__hflip.png
scene_0008,hflip,o1>o3,left_of,True,False,right_of,True,scene_0008__hflip.png
scene_0008,hflip,o1>o3,right_of,False,True,left_of,True,scene_0008__hflip.png
scene_0008,hflip,o1>o3,above,False,False,above,True,scene_0008__hflip.png
scene_0008,hflip,o1>o3,below,True,True,below,True,scene_0008__hflip.png
scene_0008,hflip,o1>o3,parallel,False,False,parallel,True,scene_0008__hflip.png
scene_0008,hflip,o1>o3,perpendicular,False,False,perpendicular,True,scene_0008__hflip.png
scene_0008,hflip,o1>o3,in_front_of,True,True,in_front_of,True,scene_0008__hflip.png
scene_0008,hflip,o1>o3,behind,False,False,behind,True,scene_0008__hflip.png
scene_0008,hflip,o2>o0,left_of,True,False,right_of,True,scene_0008__hflip.png
scene_0008,hflip,o2>o0,right_of,False,True,left_of,True,scene_0008__hflip.png
scene_0008,hflip,o2>o0,above,False,False,above,True,scene_0008__hflip.png
scene_0008,hflip,o2>o0,below,True,True,below,True,scene_0008__hflip.png
scene_0008,hflip,o2>o0,parallel,False,False,parallel,True,scene_0008__hflip.png
scene_0008,hflip,o2>o0,perpendicular,False,False,perpendicular,True,scene_0008__hflip.png
scene_0008,hflip,o2>o0,in_front_of,False,False,in_front_of,True,scene_0008__hflip.png
scene_0008,hflip,o2>o0,behind,True,True,behind,True,scene_0008__hflip.png
scene_0008,hflip,o2>o1,left_of,True,False,right_of,True,scene_0008__hflip.png
scene_0008,hflip,o2>o1,right_of,False,True,left_of,True,scene_0008__hflip.png
scene_0008,hflip,o2>o1,above,True,True,above,True,scene_0008__hflip.png
scene_0008,hflip,o2>o1,below,False,False,below,True,scene_0008__hflip.png
scene_0008,hflip,o2>o1,parallel,False,False,parallel,True,scene_0008__hflip.png
scene_0008,hflip,o2>o1,perpendicular,False,False,perpendicular,True,scene_0008__hflip.png
scene_0008,hflip,o2>o1,in_front_of,True,True,in_front_of,True,scene_0008__hflip.png
scene_0008,hflip,o2>o1,behind,False,False,behind,True,scene_0008__hflip.png
scene_0008,hflip,o2>o3,left_of,True,False,right_of,True,scene_0008__hflip.png
scene_0008,hflip,o2>o3,right_of,False,True,left_of,True,scene_0008__hflip.png
scene_0008,hflip,o2>o3,above,True,True,above,True,scene_0008__hflip.png
scene_0008,hflip,o2>o3,below,False,False,below,True,scene_0008__hflip.png
scene_0008,hflip,o2>o3,parallel,True,True,parallel,True,scene_0008__hflip.png
scene_0008,hflip,o2>o3,perpendicular,False,False,perpendicular,True,scene_0008__hflip.png
scene_0008,hflip,o2>o3,in_front_of,True,True,in_front_of,True,scene_0008__hflip.png
scene_0008,hflip,o2>o3,behind,False,False,behind,True,scene_0008__hflip.png
scene_0008,hflip,o3>o0,left_of,False,True,right_of,True,scene_0008__hflip.png
scene_0008,hflip,o3>o0,right_of,True,False,left_of,True,scene_0008__hflip.png
scene_0008,hflip,o3>o0,above,False,False,above,True,scene_0008__hflip.png
scene_0008,hflip,o3>o0,below,True,True,below,True,scene_0008__hflip.png
scene_0008,hflip,o3>o0,parallel,False,False,parallel,True,scene_0008__hflip.png
scene_0008,hflip,o3>o0,perpendicular,False,False,perpendicular,True,scene_0008__hflip.png
scene_0008,hflip,o3>o0,in_front_of,False,False,in_front_of,True,scene_0008__hflip.png
scene_0008,hflip,o3>o0,behind,True,True,behind,True,scene_0008__hflip.png
scene_0008,hflip,o3>o1,left_of,False,True,right_of,True,scene_0008__hflip.png
scene_0008,hflip,o3>o1,right_of,True,False,left_of,True,scene_0008__hflip.png
scene_0008,hflip,o3>o1,above,True,True,above,True,scene_0008__hflip.png
scene_0008,hflip,o3>o1,below,False,False,below,True,scene_0008__hflip.png
scene_0008,hflip,o3>o1,parallel,False,False,parallel,True,scene_0008__hflip.png
scene_0008,hflip,o3>o1,perpendicular,False,False,perpendicular,True,scene_0008__hflip.png
scene_0008,hflip,o3>o1,in_front_of,False,False,in_front_of,True,scene_0008__hflip.png
scene_0008,hflip,o3>o1,behind,True,True,behind,True,scene_0008__hflip.png
scene_0008,hflip,o3>o2,left_of,False,True,right_of,True,scene_0008__hflip.png
scene_0008,hflip,o3>o2,right_of,True,False,left_of,True,scene_0008__hflip.png
scene_0008,hflip,o3>o2,above,False,False,above,True,scene_0008__hflip.png
scene_0008,hflip,o3>o2,below,True,True,below,True,scene_0008__hflip.png
scene_0008,hflip,o3>o2,parallel,True,True,parallel,True,scene_0008__hflip.png
scene_0008,hflip,o3>o2,perpendicular,False,False,perpendicular,True,scene_0008__hflip.png
scene_0008,hflip,o3>o2,in_front_of,False,False,in_front_of,True,scene_0008__hflip.png
scene_0008,hflip,o3>o2,behind,True,True,behind,True,scene_0008__hflip.png
scene_0008,vflip,o0>o1,left_of,True,True,left_of,True,scene_0008__vflip.png
scene_0008,vflip,o0>o1,right_of,False,False,right_of,True,scene_0008__vflip.png
scene_0008,vflip,o0>o1,above,True,False,below,True,scene_0008__vflip.png
scene_0008,vflip,o0>o1,below,False,True,above,True,scene_0008__vflip.png
scene_0008,vflip,o0>o1,parallel,False,False,parallel,True,scene_0008__vflip.png
scene_0008,vflip,o0>o1,perpendicular,False,False,perpendicular,True,scene_0008__vflip.png
scene_0008,vflip,o0>o1,in_front_of,True,True,in_front_of,True,scene_0008__vflip.png
scene_0008,vflip,o0>o1,behind,False,False,behind,True,scene_0008__vflip.png
scene_0008,vflip,o0>o2,left_of,False,False,left_of,True,scene_0008__vflip.png
scene_0008,vflip,o0>o2,right_of,True,True,right_of,True,scene_0008__vflip.png
scene_0008,vflip,o0>o2,above,True,False,below,True,scene_0008__vflip.png
scene_0008,vflip,o0>o2,below,False,True,above,True,scene_0008__vflip.png
scene_0008,vflip,o0>o2,parallel,False,False,parallel,True,scene_0008__vflip.png
scene_0008,vflip,o0>o2,perpendicular,False,False,perpendicular,True,scene_0008__vflip.png
scene_0008,vflip,o0>o2,in_front_of,True,True,in_front_of,True,scene_0008__vflip.png
scene_0008,vflip,o0>o2,behind,False,False,behind,True,scene_0008__vflip.png
scene_0008,vflip,o0>o3,left_of,True,True,left_of,True,scene_0008__vflip.png
scene_0008,vflip,o0>o3,right_of,False,False,right_of,True,scene_0008__vflip.png
scene_0008,vflip,o0>o3,above,True,False,below,True,scene_0008__vflip.png
scene_0008,vflip,o0>o3,below,False,True,above,True,scene_0008__vflip.png
scene_0008,vflip,o0>o3,parallel,False,False,parallel,True,scene_0008__vflip.png
scene_0008,vflip,o0>o3,perpendicular,False,False,perpendicular,True,scene_0008__vflip.png
scene_0008,vflip,o0>o3,in_front_of,True,True,in_front_of,True,scene_0008__vflip.png
scene_0008,vflip,o0>o3,behind,False,False,behind,True,scene_0008__vflip.png
scene_0008,vflip,o1>o0,left_of,False,False,left_of,True,scene_0008__vflip.png
scene_0008,vflip,o1>o0,right_of,True,True,right_of,True,scene_0008__vflip.png
scene_0008,vflip,o1>o0,above,False,True,below,True,scene_0008__vflip.png
scene_0008,vflip,o1>o0,below,True,False,above,True,scene_0008__vflip.png
scene_0008,vflip,o1>o0,parallel,False,False,parallel,True,scene_0008__vflip.png
scene_0008,vflip,o1>o0,perpendicular,False,False,perpendicular,True,scene_0008__vflip.png
scene_0008,vflip,o1>o0,in_front_of,False,False,in_front_of,True,scene_0008__vflip.png
scene_0008,vflip,o1>o0,behind,True,True,behind,True,scene_0008__vflip.png
scene_0008,vflip,o1>o2,left_of,False,False,left_of,True,scene_0008__vflip.png
scene_0008,vflip,o1>o2,right_of,True,True,right_of,True,scene_0008__vflip.png
scene_0008,vflip,o1>o2,above,False,True,below,True,scene_0008__vflip.png
scene_0008,vflip,o1>o2,below,True,False,above,True,scene_0008__vflip.png
scene_0008,vflip,o1>o2,parallel,False,False,parallel,True,scene_0008__vflip.png
scene_0008,vflip,o1>o2,perpendicular,False,False,perpendicular,True,scene_0008__vflip.png
scene_0008,vflip,o1>o2,in_front_of,False,False,in_front_of,True,scene_0008__vflip.png
scene_0008,vflip,o1>o2,behind,True,True,behind,True,scene_0008__vflip.png
scene_0008,vflip,o1>o3,left_of,True,True,left_of,True,scene_0008__vflip.png
scene_0008,vflip,o1>o3,right_of,False,False,right_of,True,scene_0008__vflip.png
scene_0008,vflip,o1>o3,above,False,True,below,True,scene_0008__vflip.png
scene_0008,vflip,o1>o3,below,True,False,above,True,scene_0008__vflip.png
scene_0008,vflip,o1>o3,parallel,False,False,parallel,True,scene_0008__vflip.png
scene_0008,vflip,o1>o3,perpendicular,False,False,perpendicular,True,scene_0008__vflip.png
scene_0008,vflip,o1>o3,in_front_of,True,True,in_front_of,True,scene_0008__vflip.png
scene_0008,vflip,o1>o3,behind,False,False,behind,True,scene_0008__vflip.png
scene_0008,vflip,o2>o0,left_of,True,True,left_of,True,scene_0008__vflip.png
scene_0008,vflip,o2>o0,right_of,False,False,right_of,True,scene_0008__vflip.png
scene_0008,vflip,o2>o0,above,False,True,below,True,scene_0008__vflip.png
scene_0008,vflip,o2>o0,below,True,False,above,True,scene_0008__vflip.png
scene_0008,vflip,o2>o0,parallel,False,False,parallel,True,scene_0008__vflip.png
scene_0008,vflip,o2>o0,perpendicular,False,False,perpendicular,True,scene_0008__vflip.png
scene_0008,vflip,o2>o0,in_front_of,False,False,in_front_of,True,scene_0008__vflip.png
scene_0008,vflip,o2>o0,behind,True,True,behind,True,scene_0008__vflip.png
scene_0008,vflip,o2>o1,left_of,True,True,left_of,True,scene_0008__vflip.png
scene_0008,vflip,o2>o1,right_of,False,False,right_of,True,scene_0008__vflip.png
scene_0008,vflip,o2>o1,above,True,False,below,True,scene_0008__vflip.png
scene_0008,vflip,o2>o1,below,False,True,above,True,scene_0008__vflip.png
scene_0008,vflip,o2>o1,parallel,False,False,parallel,True,scene_0008__vflip.png
scene_0008,vflip,o2>o1,perpendicular,False,False,perpendicular,True,scene_0008__vflip.png
scene_0008,vflip,o2>o1,in_front_of,True,True,in_front_of,True,scene_0008__vflip.png
scene_0008,vflip,o2>o1,behind,False,False,behind,True,scene_0008__vflip.png
scene_0008,vflip,o2>o3,left_of,True,True,left_of,True,scene_0008__vflip.png
scene_0008,vflip,o2>o3,right_of,False,False,right_of,True,scene_0008__vflip.png
scene_0008,vflip,o2>o3,above,True,False,below,True,scene_0008__vflip.png
scene_0008,vflip,o2>o3,below,False,True,above,True,scene_0008__vflip.png
scene_0008,vflip,o2>o3,parallel,True,True,parallel,True,scene_0008__vflip.png
scene_0008,vflip,o2>o3,perpendicular,False,False,perpendicular,True,scene_0008__vflip.png
scene_0008,vflip,o2>o3,in_front_of,True,True,in_front_of,True,scene_0008__vflip.png
scene_0008,vflip,o2>o3,behind,False,False,behind,True,scene_0008__vflip.png
scene_0008,vflip,o3>o0,left_of,False,False,left_of,True,scene_0008__vflip.png
scene_0008,vflip,o3>o0,right_of,True,True,right_of,True,scene_0008__vflip.png
scene_0008,vflip,o3>o0,above,False,True,below,True,scene_0008__vflip.png
scene_0008,vflip,o3>o0,below,True,False,above,True,scene_0008__vflip.png
scene_0008,vflip,o3>o0,parallel,False,False,parallel,True,scene_0008__vflip.png
scene_0008,vflip,o3>o0,perpendicular,False,False,perpendicular,True,scene_0008__vflip.png
scene_0008,vflip,o3>o0,in_front_of,False,False,in_front_of,True,scene_0008__vflip.png
scene_0008,vflip,o3>o0,behind,True,True,behind,True,scene_0008__vflip.png
scene_0008,vflip,o3>o1,left_of,False,False,left_of,True,scene_0008__vflip.png
scene_0008,vflip,o3>o1,right_of,True,True,right_of,True,scene_0008__vflip.png
scene_0008,vflip,o3>o1,above,True,False,below,True,scene_0008__vflip.png
scene_0008,vflip,o3>o1,below,False,True,above,True,scene_0008__vflip.png
scene_0008,vflip,o3>o1,parallel,False,False,parallel,True,scene_0008__vflip.png
scene_0008,vflip,o3>o1,perpendicular,False,False,perpendicular,True,scene_0008__vflip.png
scene_0008,vflip,o3>o1,in_front_of,False,False,in_front_of,True,scene_0008__vflip.png
scene_0008,vflip,o3>o1,behind,True,True,behind,True,scene_0008__vflip.png
scene_0008,vflip,o3>o2,left_of,False,False,left_of,True,scene_0008__vflip.png
scene_0008,vflip,o3>o2,right_of,True,True,right_of,True,scene_0008__vflip.png
scene_0008,vflip,o3>o2,above,False,True,below,True,scene_0008__vflip.png
scene_0008,vflip,o3>o2,below,True,False,above,True,scene_0008__vflip.png
scene_0008,vflip,o3>o2,parallel,True,True,parallel,True,scene_0008__vflip.png
scene_0008,vflip,o3>o2,perpendicular,False,False,perpendicular,True,scene_0008__vflip.png
scene_0008,vflip,o3>o2,in_front_of,False,False,in_front_of,True,scene_0008__vflip.png
scene_0008,vflip,o3>o2,behind,True,True,behind,True,scene_0008__vflip.png
scene_0008,v_after_h,o0>o1,left_of,True,False,right_of,True,scene_0008__v_after_h.png
scene_0008,v_after_h,o0>o1,right_of,False,True,left_of,True,scene_0008__v_after_h.png
scene_0008,v_after_h,o0>o1,above,True,False,below,True,scene_0008__v_after_h.png
scene_0008,v_after_h,o0>o1,below,False,True,above,True,scene_0008__v_after_h.png
scene_0008,v_after_h,o0>o1,parallel,False,False,parallel,True,scene_0008__v_after_h.png
scene_0008,v_after_h,o0>o1,perpendicular,False,False,perpendicular,True,scene_0008__v_after_h.png
scene_0008,v_after_h,o0>o1,in_front_of,True,True,in_front_of,True,scene_0008__v_after_h.png
scene_0008,v_after_h,o0>o1,behind,False,False,behind,True,scene_0008__v_after_h.png
scene_0008,v_after_h,o0>o2,left_of,False,True,right_of,True,scene_0008__v_after_h.png
scene_0008,v_after_h,o0>o2,right_of,True,False,left_of,True,scene_0008__v_after_h.png
scene_0008,v_after_h,o0>o2,above,True,False,below,True,scene_0008__v_after_h.png
scene_0008,v_after_h,o0>o2,below,False,True,above,True,scene_0008__v_after_h.png
scene_0008,v_after_h,o0>o2,parallel,False,False,parallel,True,scene_0008__v_after_h.png
scene_0008,v_after_h,o0>o2,perpendicular,False,False,perpendicular,True,scene_0008__v_after_h.png
scene_0008,v_after_h,o0>o2,in_front_of,True,True,in_front_of,True,scene_0008__v_after_h.png
scene_0008,v_after_h,o0>o2,behind,False,False,behind,True,scene_0008__v_after_h.png
scene_0008,v_after_h,o0>o3,left_of,True,False,right_of,True,scene_0008__v_after_h.png
scene_0008,v_after_h,o0>o3,right_of,False,True,left_of,True,scene_0008__v_after_h.png
scene_0008,v_after_h,o0>o3,above,True,False,below,True,scene_0008__v_after_h.png
scene_0008,v_after_h,o0>o3,below,False,True,above,True,scene_0008__v_after_h.png
scene_0008,v_after_h,o0>o3,parallel,False,False,parallel,True,scene_0008__v_after_h.png
scene_0008,v_after_h,o0>o3,perpendicular,False,False,perpendicular,True,scene_0008__v_after_h.png
scene_0008,v_after_h,o0>o3,in_front_of,True,True,in_front_of,True,scene_0008__v_after_h.png
scene_0008,v_after_h,o0>o3,behind,False,False,behind,True,scene_0008__v_after_h.png
scene_0008,v_after_h,o1>o0,left_of,False,True,right_of,True,scene_0008__v_after_h.png
scene_0008,v_after_h,o1>o0,right_of,True,False,left_of,True,scene_0008__v_after_h.png
scene_0008,v_after_h,o1>o0,above,False,True,below,True,scene_0008__v_after_h.png
scene_0008,v_after_h,o1>o0,below,True,False,above,True,scene_0008__v_after_h.png
scene_0008,v_after_h,o1>o0,parallel,False,False,parallel,True,scene_0008__v_after_h.png
scene_0008,v_after_h,o1>o0,perpendicular,False,False,perpendicular,True,scene_0008__v_after_h.png
scene_0008,v_after_h,o1>o0,in_front_of,False,False,in_front_of,True,scene_0008__v_after_h.png
scene_0008,v_after_h,o1>o0,behind,True,True,behind,True,scene_0008__v_after_h.png
scene_0008,v_after_h,o1>o2,left_of,False,True,right_of,True,scene_0008__v_after_h.png
scene_0008,v_after_h,o1>o2,right_of,True,False,left_of,True,scene_0008__v_after_h.png
scene_0008,v_after_h,o1>o2,above,False,True,below,True,scene_0008__v_after_h.png
scene_0008,v_after_h,o1>o2,below,True,False,above,True,scene_0008__v_after_h.png
scene_0008,v_after_h,o1>o2,parallel,False,False,parallel,True,scene_0008__v_after_h.png
scene_0008,v_after_h,o1>o2,perpendicular,False,False,perpendicular,True,scene_0008__v_after_h.png
scene_0008,v_after_h,o1>o2,in_front_of,False,False,in_front_of,True,scene_0008__v_after_h.png
scene_0008,v_after_h,o1>o2,behind,True,True,behind,True,scene_0008__v_after_h.png
scene_0008,v_after_h,o1>o3,left_of,True,False,right_of,True,scene_0008__v_after_h.png
scene_0008,v_after_h,o1>o3,right_of,False,True,left_of,True,scene_0008__v_after_h.png
scene_0008,v_after_h,o1>o3,above,False,True,below,True,scene_0008__v_after_h.png
scene_0008,v_after_h,o1>o3,below,True,False,above,True,scene_0008__v_after_h.png
scene_0008,v_after_h,o1>o3,parallel,False,False,parallel,True,scene_0008__v_after_h.png
scene_0008,v_after_h,o1>o3,perpendicular,False,False,perpendicular,True,scene_0008__v_after_h.png
scene_0008,v_after_h,o1>o3,in_front_of,True,True,in_front_of,True,scene_0008__v_after_h.png
scene_0008,v_after_h,o1>o3,behind,False,False,behind,True,scene_0008__v_after_h.png
scene_0008,v_after_h,o2>o0,left_of,True,False,right_of,True,scene_0008__v_after_h.png
scene_0008,v_after_h,o2>o0,right_of,False,True,left_of,True,scene_0008__v_after_h.png
scene_0008,v_after_h,o2>o0,above,False,True,below,True,scene_0008__v_after_h.png
scene_0008,v_after_h,o2>o0,below,True,False,above,True,scene_0008__v_after_h.png
scene_0008,v_after_h,o2>o0,parallel,False,False,parallel,True,scene_0008__v_after_h.png
scene_0008,v_after_h,o2>o0,perpendicular,False,False,perpendicular,True,scene_0008__v_after_h.png
scene_0008,v_after_h,o2>o0,in_front_of,False,False,in_front_of,True,scene_0008__v_after_h.png
scene_0008,v_after_h,o2>o0,behind,True,True,behind,True,scene_0008__v_after_h.png
scene_0008,v_after_h,o2>o1,left_of,True,False,right_of,True,scene_0008__v_after_h.png
scene_0008,v_after_h,o2>o1,right_of,False,True,left_of,True,scene_0008__v_after_h.png
scene_0008,v_after_h,o2>o1,above,True,False,below,True,scene_0008__v_after_h.png
scene_0008,v_after_h,o2>o1,below,False,True,above,True,scene_0008__v_after_h.png
scene_0008,v_after_h,o2>o1,parallel,False,False,parallel,True,scene_0008__v_after_h.png
scene_0008,v_after_h,o2>o1,perpendicular,False,False,perpendicular,True,scene_0008__v_after_h.png
scene_0008,v_after_h,o2>o1,in_front_of,True,True,in_front_of,True,scene_0008__v_after_h.png
scene_0008,v_after_h,o2>o1,behind,False,False,behind,True,scene_0008__v_after_h.png
scene_0008,v_after_h,o2>o3,left_of,True,False,right_of,True,scene_0008__v_after_h.png
scene_0008,v_after_h,o2>o3,right_of,False,True,left_of,True,scene_0008__v_after_h.png
scene_0008,v_after_h,o2>o3,above,True,False,below,True,scene_0008__v_after_h.png
scene_0008,v_after_h,o2>o3,below,False,True,above,True,scene_0008__v_after_h.png
scene_0008,v_after_h,o2>o3,parallel,True,True,parallel,True,scene_0008__v_after_h.png
scene_0008,v_after_h,o2>o3,perpendicular,False,False,perpendicular,True,scene_0008__v_after_h.png
scene_0008,v_after_h,o2>o3,in_front_of,True,True,in_front_of,True,scene_0008__v_after_h.png
scene_0008,v_after_h,o2>o3,behind,False,False,behind,True,scene_0008__v_after_h.png
scene_0008,v_after_h,o3>o0,left_of,False,True,right_of,True,scene_0008__v_after_h.png
scene_0008,v_after_h,o3>o0,right_of,True,False,left_of,True,scene_0008__v_after_h.png
scene_0008,v_after_h,o3>o0,above,False,True,below,True,scene_0008__v_after_h.png
scene_0008,v_after_h,o3>o0,below,True,False,above,True,scene_0008__v_after_h.png
scene_0008,v_after_h,o3>o0,parallel,False,False,parallel,True,scene_0008__v_after_h.png
scene_0008,v_after_h,o3>o0,perpendicular,False,False,perpendicular,True,scene_0008__v_after_h.png
scene_0008,v_after_h,o3>o0,in_front_of,False,False,in_front_of,True,scene_0008__v_after_h.png
scene_0008,v_after_h,o3>o0,behind,True,True,behind,True,scene_0008__v_after_h.png
scene_0008,v_after_h,o3>o1,left_of,False,True,right_of,True,scene_0008__v_after_h.png
scene_0008,v_after_h,o3>o1,right_of,True,False,left_of,True,scene_0008__v_after_h.png
scene_0008,v_after_h,o3>o1,above,True,False,below,True,scene_0008__v_after_h.png
scene_0008,v_after_h,o3>o1,below,False,True,above,True,scene_0008__v_after_h.png
scene_0008,v_after_h,o3>o1,parallel,False,False,parallel,True,scene_0008__v_after_h.png
scene_0008,v_after_h,o3>o1,perpendicular,False,False,perpendicular,True,scene_0008__v_after_h.png
scene_0008,v_after_h,o3>o1,in_front_of,False,False,in_front_of,True,scene_0008__v_after_h.png
scene_0008,v_after_h,o3>o1,behind,True,True,behind,True,scene_0008__v_after_h.png
scene_0008,v_after_h,o3>o2,left_of,False,True,right_of,True,scene_0008__v_after_h.png
scene_0008,v_after_h,o3>o2,right_of,True,False,left_of,True,scene_0008__v_after_h.png
scene_0008,v_after_h,o3>o2,above,False,True,below,True,scene_0008__v_after_h.png
scene_0008,v_after_h,o3>o2,below,True,False,above,True,scene_0008__v_after_h.png
scene_0008,v_after_h,o3>o2,parallel,True,True,parallel,True,scene_0008__v_after_h.png
scene_0008,v_after_h,o3>o2,perpendicular,False,False,perpendicular,True,scene_0008__v_after_h.png
scene_0008,v_after_h,o3>o2,in_front_of,False,False,in_front_of,True,scene_0008__v_after_h.png
scene_0008,v_after_h,o3>o2,behind,True,True,behind,True,scene_0008__v_after_h.png
scene_0009,hflip,o0>o1,left_of,False,True,right_of,True,scene_0009__hflip.png
scene_0009,hflip,o0>o1,right_of,True,False,left_of,True,scene_0009__hflip.png
scene_0009,hflip,o0>o1,above,True,True,above,True,scene_0009__hflip.png
scene_0009,hflip,o0>o1,below,False,False,below,True,scene_0009__hflip.png
scene_0009,hflip,o0>o1,parallel,False,False,parallel,True,scene_0009__hflip.png
scene_0009,hflip,o0>o1,perpendicular,False,False,perpendicular,True,scene_0009__hflip.png
scene_0009,hflip,o0>o1,in_front_of,True,True,in_front_of,True,scene_0009__hflip.png
scene_0009,hflip,o0>o1,behind,False,False,behind,True,scene_0009__hflip.png
scene_0009,hflip,o0>o2,left_of,False,True,right_of,True,scene_0009__hflip.png
scene_0009,hflip,o0>o2,right_of,True,False,left_of,True,scene_0009__hflip.png
scene_0009,hflip,o0>o2,above,True,True,above,True,scene_0009__hflip.png
scene_0009,hflip,o0>o2,below,False,False,below,True,scene_0009__hflip.png
scene_0009,hflip,o0>o2,parallel,False,False,parallel,True,scene_0009__hflip.png
scene_0009,hflip,o0>o2,perpendicular,False,False,perpendicular,True,scene_0009__hflip.png
scene_0009,hflip,o0>o2,in_front_of,True,True,in_front_of,True,scene_0009__hflip.png
scene_0009,hflip,o0>o2,behind,False,False,behind,True,scene_0009__hflip.png
scene_0009,hflip,o0>o3,left_of,False,True,right_of,True,scene_0009__hflip.png
scene_0009,hflip,o0>o3,right_of,True,False,left_of,True,scene_0009__hflip.png
scene_0009,hflip,o0>o3,above,True,True,above,True,scene_0009__hflip.png
scene_0009,hflip,o0>o3,below,False,False,below,True,scene_0009__hflip.png
scene_0009,hflip,o0>o3,parallel,False,False,parallel,True,scene_0009__hflip.png
scene_0009,hflip,o0>o3,perpendicular,False,False,perpendicular,True,scene_0009__hflip.png
scene_0009,hflip,o0>o3,in_front_of,True,True,in_front_of,True,scene_0009__hflip.png
scene_0009,hflip,o0>o3,behind,False,False,behind,True,scene_0009__hflip.png
scene_0009,hflip,o1>o0,left_of,True,False,right_of,True,scene_0009__hflip.png
scene_0009,hflip,o1>o0,right_of,False,True,left_of,True,scene_0009__hflip.png
scene_0009,hflip,o1>o0,above,False,False,above,True,scene_0009__hflip.png
scene_0009,hflip,o1>o0,below,True,True,below,True,scene_0009__hflip.png
scene_0009,hflip,o1>o0,parallel,False,False,parallel,True,scene_0009__hflip.png
scene_0009,hflip,o1>o0,perpendicular,False,False,perpendicular,True,scene_0009__hflip.png
scene_0009,hflip,o1>o0,in_front_of,False,False,in_front_of,True,scene_0009__hflip.png
scene_0009,hflip,o1>o0,behind,True,True,behind,True,scene_0009__hflip.png
scene_0009,hflip,o1>o2,left_of,True,False,right_of,True,scene_0009__hflip.png
scene_0009,hflip,o1>o2,right_of,False,True,left_of,True,scene_0009__hflip.png
scene_0009,hflip,o1>o2,above,False,False,above,True,scene_0009__hflip.png
scene_0009,hflip,o1>o2,below,True,True,below,True,scene_0009__hflip.png
scene_0009,hflip,o1>o2,parallel,False,False,parallel,True,scene_0009__hflip.png
scene_0009,hflip,o1>o2,perpendicular,False,False,perpendicular,True,scene_0009__hflip.png
scene_0009,hflip,o1>o2,in_front_of,False,False,in_front_of,True,scene_0009__hflip.png
scene_0009,hflip,o1>o2,behind,True,True,behind,True,scene_0009__hflip.png
scene_0009,hflip,o1>o3,left_of,False,True,right_of,True,scene_0009__hflip.png
scene_0009,hflip,o1>o3,right_of,True,False,left_of,True,scene_0009__hflip.png
scene_0009,hflip,o1>o3,above,True,True,above,True,scene_0009__hflip.png
scene_0009,hflip,o1>o3,below,False,False,below,True,scene_0009__hflip.png
scene_0009,hflip,o1>o3,parallel,False,False,parallel,True,scene_0009__hflip.png
scene_0009,hflip,o1>o3,perpendicular,False,False,perpendicular,True,scene_0009__hflip.png
scene_0009,hflip,o1>o3,in_front_of,True,True,in_front_of,True,scene_0009__hflip.png
scene_0009,hflip,o1>o3,behind,False,False,behind,True,scene_0009__hflip.png
scene_0009,hflip,o2>o0,left_of,True,False,right_of,True,scene_0009__hflip.png
scene_0009,hflip,o2>o0,right_of,False,True,left_of,True,scene_0009__hflip.png
scene_0009,hflip,o2>o0,above,False,False,above,True,scene_0009__hflip.png
scene_0009,hflip,o2>o0,below,True,True,below,True,scene_0009__hflip.png
scene_0009,hflip,o2>o0,parallel,False,False,parallel,True,scene_0009__hflip.png
scene_0009,hflip,o2>o0,perpendicular,False,False,perpendicular,True,scene_0009__hflip.png
scene_0009,hflip,o2>o0,in_front_of,False,False,in_front_of,True,scene_0009__hflip.png
scene_0009,hflip,o2>o0,behind,True,True,behind,True,scene_0009__hflip.png
scene_0009,hflip,o2>o1,left_of,False,True,right_of,True,scene_0009__hflip.png
scene_0009,hflip,o2>o1,right_of,True,False,left_of,True,scene_0009__hflip.png
scene_0009,hflip,o2>o1,above,True,True,above,True,scene_0009__hflip.png
scene_0009,hflip,o2>o1,below,False,False,below,True,scene_0009__hflip.png
scene_0009,hflip,o2>o1,parallel,False,False,parallel,True,scene_0009__hflip.png
scene_0009,hflip,o2>o1,perpendicular,False,False,perpendicular,True,scene_0009__hflip.png
scene_0009,hflip,o2>o1,in_front_of,True,True,in_front_of,True,scene_0009__hflip.png
scene_0009,hflip,o2>o1,behind,False,False,behind,True,scene_0009__hflip.png
scene_0009,hflip,o2>o3,left_of,False,True,right_of,True,scene_0009__hflip.png
scene_0009,hflip,o2>o3,right_of,True,False,left_of,True,scene_0009__hflip.png
scene_0009,hflip,o2>o3,above,True,True,above,True,scene_0009__hflip.png
scene_0009,hflip,o2>o3,below,False,False,below,True,scene_0009__hflip.png
scene_0009,hflip,o2>o3,parallel,False,False,parallel,True,scene_0009__hflip.png
scene_0009,hflip,o2>o3,perpendicular,True,True,perpendicular,True,scene_0009__hflip.png
scene_0009,hflip,o2>o3,in_front_of,True,True,in_front_of,True,scene_0009__hflip.png
scene_0009,hflip,o2>o3,behind,False,False,behind,True,scene_0009__hflip.png
scene_0009,hflip,o3>o0,left_of,True,False,right_of,True,scene_0009__hflip.png
scene_0009,hflip,o3>o0,right_of,False,True,left_of,True,scene_0009__hflip.png
scene_0009,hflip,o3>o0,above,False,False,above,True,scene_0009__hflip.png
scene_0009,hflip,o3>o0,below,True,True,below,True,scene_0009__hflip.png
scene_0009,hflip,o3>o0,parallel,False,False,parallel,True,scene_0009__hflip.png
scene_0009,hflip,o3>o0,perpendicular,False,False,perpendicular,True,scene_0009__hflip.png
scene_0009,hflip,o3>o0,in_front_of,False,False,in_front_of,True,scene_0009__hflip.png
scene_0009,hflip,o3>o0,behind,True,True,behind,True,scene_0009__hflip.png
scene_0009,hflip,o3>o1,left_of,True,False,right_of,True,scene_0009__hflip.png
scene_0009,hflip,o3>o1,right_of,False,True,left_of,True,scene_0009__hflip.png
scene_0009,hflip,o3>o1,above,False,False,above,True,scene_0009__hflip.png
scene_0009,hflip,o3>o1,below,True,True,below,True,scene_0009__hflip.png
scene_0009,hflip,o3>o1,parallel,False,False,parallel,True,scene_0009__hflip.png
scene_0009,hflip,o3>o1,perpendicular,False,False,perpendicular,True,scene_0009__hflip.png
scene_0009,hflip,o3>o1,in_front_of,False,False,in_front_of,True,scene_0009__hflip.png
scene_0009,hflip,o3>o1,behind,True,True,behind,True,scene_0009__hflip.png
scene_0009,hflip,o3>o2,left_of,True,False,right_of,True,scene_0009__hflip.png
scene_0009,hflip,o3>o2,right_of,False,True,left_of,True,scene_0009__hflip.png
scene_0009,hflip,o3>o2,above,False,False,above,True,scene_0009__hflip.png
scene_0009,hflip,o3>o2,below,True,True,below,True,scene_0009__hflip.png
scene_0009,hflip,o3>o2,parallel,False,False,parallel,True,scene_0009__hflip.png
scene_0009,hflip,o3>o2,perpendicular,True,True,perpendicular,True,scene_0009__hflip.png
scene_0009,hflip,o3>o2,in_front_of,False,False,in_front_of,True,scene_0009__hflip.png
scene_0009,hflip,o3>o2,behind,True,True,behind,True,scene_0009__hflip.png
scene_0009,vflip,o0>o1,left_of,False,False,left_of,True,scene_0009__vflip.png
scene_0009,vflip,o0>o1,right_of,True,True,right_of,True,scene_0009__vflip.png
scene_0009,vflip,o0>o1,above,True,False,below,True,scene_0009__vflip.png
scene_0009,vflip,o0>o1,below,False,True,above,True,scene_0009__vflip.png
scene_0009,vflip,o0>o1,parallel,False,False,parallel,True,scene_0009__vflip.png
scene_0009,vflip,o0>o1,perpendicular,False,False,perpendicular,True,scene_0009__vflip.png
scene_0009,vflip,o0>o1,in_front_of,True,True,in_front_of,True,scene_0009__vflip.png
scene_0009,vflip,o0>o1,behind,False,False,behind,True,scene_0009__vflip.png
scene_0009,vflip,o0>o2,left_of,False,False,left_of,True,scene_0009__vflip.png
scene_0009,vflip,o0>o2,right_of,True,True,right_of,True,scene_0009__vflip.png
scene_0009,vflip,o0>o2,above,True,False,below,True,scene_0009__vflip.png
scene_0009,vflip,o0>o2,below,False,True,above,True,scene_0009__vflip.png
scene_0009,vflip,o0>o2,parallel,False,False,parallel,True,scene_0009__vflip.png
scene_0009,vflip,o0>o2,perpendicular,False,False,perpendicular,True,scene_0009__vflip.png
scene_0009,vflip,o0>o2,in_front_of,True,True,in_front_of,True,scene_0009__vflip.png
scene_0009,vflip,o0>o2,behind,False,False,behind,True,scene_0009__vflip.png
scene_0009,vflip,o0>o3,left_of,False,False,left_of,True,scene_0009__vflip.png
scene_0009,vflip,o0>o3,right_of,True,True,right_of,True,scene_0009__vflip.png
scene_0009,vflip,o0>o3,above,True,False,below,True,scene_0009__vflip.png
scene_0009,vflip,o0>o3,below,False,True,above,True,scene_0009__vflip.png
scene_0009,vflip,o0>o3,parallel,False,False,parallel,True,scene_0009__vflip.png
scene_0009,vflip,o0>o3,perpendicular,False,False,perpendicular,True,scene_0009__vflip.png
scene_0009,vflip,o0>o3,in_front_of,True,True,in_front_of,True,scene_0009__vflip.png
scene_0009,vflip,o0>o3,behind,False,False,behind,True,scene_0009__vflip.png
scene_0009,vflip,o1>o0,left_of,True,True,left_of,True,scene_0009__vflip.png
scene_0009,vflip,o1>o0,right_of,False,False,right_of,True,scene_0009__vflip.png
scene_0009,vflip,o1>o0,above,False,True,below,True,scene_0009__vflip.png
scene_0009,vflip,o1>o0,below,True,False,above,True,scene_0009__vflip.png
scene_0009,vflip,o1>o0,parallel,False,False,parallel,True,scene_0009__vflip.png
scene_0009,vflip,o1>o0,perpendicular,False,False,perpendicular,True,scene_0009__vflip.png
scene_0009,vflip,o1>o0,in_front_of,False,False,in_front_of,True,scene_0009__vflip.png
scene_0009,vflip,o1>o0,behind,True,True,behind,True,scene_0009__vflip.png
scene_0009,vflip,o1>o2,left_of,True,True,left_of,True,scene_0009__vflip.png
scene_0009,vflip,o1>o2,right_of,False,False,right_of,True,scene_0009__vflip.png
scene_0009,vflip,o1>o2,above,False,True,below,True,scene_0009__vflip.png
scene_0009,vflip,o1>o2,below,True,False,above,True,scene_0009__vflip.png
scene_0009,vflip,o1>o2,parallel,False,False,parallel,True,scene_0009__vflip.png
scene_0009,vflip,o1>o2,perpendicular,False,False,perpendicular,True,scene_0009__vflip.png
scene_0009,vflip,o1>o2,in_front_of,False,False,in_front_of,True,scene_0009__vflip.png
scene_0009,vflip,o1>o2,behind,True,True,behind,True,scene_0009__vflip.png
scene_0009,vflip,o1>o3,left_of,False,False,left_of,True,scene_0009__vflip.png
scene_0009,vflip,o1>o3,right_of,True,True,right_of,True,scene_0009__vflip.png
scene_0009,vflip,o1>o3,above,True,False,below,True,scene_0009__vflip.png
scene_0009,vflip,o1>o3,below,False,True,above,True,scene_0009__vflip.png
scene_0009,vflip,o1>o3,parallel,False,False,parallel,True,scene_0009__vflip.png
scene_0009,vflip,o1>o3,perpendicular,False,False,perpendicular,True,scene_0009__vflip.png
scene_0009,vflip,o1>o3,in_front_of,True,True,in_front_of,True,scene_0009__vflip.png
scene_0009,vflip,o1>o3,behind,False,False,behind,True,scene_0009__vflip.png
scene_0009,vflip,o2>o0,left_of,True,True,left_of,True,scene_0009__vflip.png
scene_0009,vflip,o2>o0,right_of,False,False,right_of,True,scene_0009__vflip.png
scene_0009,vflip,o2>o0,above,False,True,below,True,scene_0009__vflip.png
scene_0009,vflip,o2>o0,below,True,False,above,True,scene_0009__vflip.png
scene_0009,vflip,o2>o0,parallel,False,False,parallel,True,scene_0009__vflip.png
scene_0009,vflip,o2>o0,perpendicular,False,False,perpendicular,True,scene_0009__vflip.png
scene_0009,vflip,o2>o0,in_front_of,False,False,in_front_of,True,scene_0009__vflip.png
scene_0009,vflip,o2>o0,behind,True,True,behind,True,scene_0009__vflip.png
scene_0009,vflip,o2>o1,left_of,False,False,left_of,True,scene_0009__vflip.png
scene_0009,vflip,o2>o1,right_of,True,True,right_of,True,scene_0009__vflip.png
scene_0009,vflip,o2>o1,above,True,False,below,True,scene_0009__vflip.png
scene_0009,vflip,o2>o1,below,False,True,above,True,scene_0009__vflip.png
scene_0009,vflip,o2>o1,parallel,False,False,parallel,True,scene_0009__vflip.png
scene_0009,vflip,o2>o1,perpendicular,False,False,perpendicular,True,scene_0009__vflip.png
scene_0009,vflip,o2>o1,in_front_of,True,True,in_front_of,True,scene_0009__vflip.png
scene_0009,vflip,o2>o1,behind,False,False,behind,True,scene_0009__vflip.png
scene_0009,vflip,o2>o3,left_of,False,False,left_of,True,scene_0009__vflip.png
scene_0009,vflip,o2>o3,right_of,True,True,right_of,True,scene_0009__vflip.png
scene_0009,vflip,o2>o3,above,True,False,below,True,scene_0009__vflip.png
scene_0009,vflip,o2>o3,below,False,True,above,True,scene_0009__vflip.png
scene_0009,vflip,o2>o3,parallel,False,False,parallel,True,scene_0009__vflip.png
scene_0009,vflip,o2>o3,perpendicular,True,True,perpendicular,True,scene_0009__vflip.png
scene_0009,vflip,o2>o3,in_front_of,True,True,in_front_of,True,scene_0009__vflip.png
scene_0009,vflip,o2>o3,behind,False,False,behind,True,scene_0009__vflip.png
scene_0009,vflip,o3>o0,left_of,True,True,left_of,True,scene_0009__vflip.png
scene_0009,vflip,o3>o0,right_of,False,False,right_of,True,scene_0009__vflip.png
scene_0009,vflip,o3>o0,above,False,True,below,True,scene_0009__vflip.png
scene_0009,vflip,o3>o0,below,True,False,above,True,scene_0009__vflip.png
scene_0009,vflip,o3>o0,parallel,False,False,parallel,True,scene_0009__vflip.png
scene_0009,vflip,o3>o0,perpendicular,False,False,perpendicular,True,scene_0009__vflip.png
scene_0009,vflip,o3>o0,in_front_of,False,False,in_front_of,True,scene_0009__vflip.png
scene_0009,vflip,o3>o0,behind,True,True,behind,True,scene_0009__vflip.png
scene_0009,vflip,o3>o1,left_of,True,True,left_of,True,scene_0009__vflip.png
scene_0009,vflip,o3>o1,right_of,False,False,right_of,True,scene_0009__vflip.png
scene_0009,vflip,o3>o1,above,False,True,below,True,scene_0009__vflip.png
scene_0009,vflip,o3>o1,below,True,False,above,True,scene_0009__vflip.png
scene_0009,vflip,o3>o1,parallel,False,False,parallel,True,scene_0009__vflip.png
scene_0009,vflip,o3>o1,perpendicular,False,False,perpendicular,True,scene_0009__vflip.png
scene_0009,vflip,o3>o1,in_front_of,False,False,in_front_of,True,scene_0009__vflip.png
scene_0009,vflip,o3>o1,behind,True,True,behind,True,scene_0009__vflip.png
scene_0009,vflip,o3>o2,left_of,True,True,left_of,True,scene_0009__vflip.png
scene_0009,vflip,o3>o2,right_of,False,False,right_of,True,scene_0009__vflip.png
scene_0009,vflip,o3>o2,above,False,True,below,True,scene_0009__vflip.png
scene_0009,vflip,o3>o2,below,True,False,above,True,scene_0009__vflip.png
scene_0009,vflip,o3>o2,parallel,False,False,parallel,True,scene_0009__vflip.png
scene_0009,vflip,o3>o2,perpendicular,True,True,perpendicular,True,scene_0009__vflip.png
scene_0009,vflip,o3>o2,in_front_of,False,False,in_front_of,True,scene_0009__vflip.png
scene_0009,vflip,o3>o2,behind,True,True,behind,True,scene_0009__vflip.png
scene_0009,v_after_h,o0>o1,left_of,False,True,right_of,True,scene_0009__v_after_h.png
scene_0009,v_after_h,o0>o1,right_of,True,False,left_of,True,scene_0009__v_after_h.png
scene_0009,v_after_h,o0>o1,above,True,False,below,True,scene_0009__v_after_h.png
scene_0009,v_after_h,o0>o1,below,False,True,above,True,scene_0009__v_after_h.png
scene_0009,v_after_h,o0>o1,parallel,False,False,parallel,True,scene_0009__v_after_h.png
scene_0009,v_after_h,o0>o1,perpendicular,False,False,perpendicular,True,scene_0009__v_after_h.png
scene_0009,v_after_h,o0>o1,in_front_of,True,True,in_front_of,True,scene_0009__v_after_h.png
scene_0009,v_after_h,o0>o1,behind,False,False,behind,True,scene_0009__v_after_h.png
scene_0009,v_after_h,o0>o2,left_of,False,True,right_of,True,scene_0009__v_after_h.png
scene_0009,v_after_h,o0>o2,right_of,True,False,left_of,True,scene_0009__v_after_h.png
scene_0009,v_after_h,o0>o2,above,True,False,below,True,scene_0009__v_after_h.png
scene_0009,v_after_h,o0>o2,below,False,True,above,True,scene_0009__v_after_h.png
scene_0009,v_after_h,o0>o2,parallel,False,False,parallel,True,scene_0009__v_after_h.png
scene_0009,v_after_h,o0>o2,perpendicular,False,False,perpendicular,True,scene_0009__v_after_h.png
scene_0009,v_after_h,o0>o2,in_front_of,True,True,in_front_of,True,scene_0009__v_after_h.png
scene_0009,v_after_h,o0>o2,behind,False,False,behind,True,scene_0009__v_after_h.png
scene_0009,v_after_h,o0>o3,left_of,False,True,right_of,True,scene_0009__v_after_h.png
scene_0009,v_after_h,o0>o3,right_of,True,False,left_of,True,scene_0009__v_after_h.png
scene_0009,v_after_h,o0>o3,above,True,False,below,True,scene_0009__v_after_h.png
scene_0009,v_after_h,o0>o3,below,False,True,above,True,scene_0009__v_after_h.png
scene_0009,v_after_h,o0>o3,parallel,False,False,parallel,True,scene_0009__v_after_h.png
scene_0009,v_after_h,o0>o3,perpendicular,False,False,perpendicular,True,scene_0009__v_after_h.png
scene_0009,v_after_h,o0>o3,in_front_of,True,True,in_front_of,True,scene_0009__v_after_h.png
scene_0009,v_after_h,o0>o3,behind,False,False,behind,True,scene_0009__v_after_h.png
scene_0009,v_after_h,o1>o0,left_of,True,False,right_of,True,scene_0009__v_after_h.png
scene_0009,v_after_h,o1>o0,right_of,False,True,left_of,True,scene_0009__v_after_h.png
scene_0009,v_after_h,o1>o0,above,False,True,below,True,scene_0009__v_after_h.png
scene_0009,v_after_h,o1>o0,below,True,False,above,True,scene_0009__v_after_h.png
scene_0009,v_after_h,o1>o0,parallel,False,False,parallel,True,scene_0009__v_after_h.png
scene_0009,v_after_h,o1>o0,perpendicular,False,False,perpendicular,True,scene_0009__v_after_h.png
scene_0009,v_after_h,o1>o0,in_front_of,False,False,in_front_of,True,scene_0009__v_after_h.png
scene_0009,v_after_h,o1>o0,behind,True,True,behind,True,scene_0009__v_after_h.png
scene_0009,v_after_h,o1>o2,left_of,True,False,right_of,True,scene_0009__v_after_h.png
scene_0009,v_after_h,o1>o2,right_of,False,True,left_of,True,scene_0009__v_after_h.png
scene_0009,v_after_h,o1>o2,above,False,True,below,True,scene_0009__v_after_h.png
scene_0009,v_after_h,o1>o2,below,True,False,above,True,scene_0009__v_after_h.png
scene_0009,v_after_h,o1>o2,parallel,False,False,parallel,True,scene_0009__v_after_h.png
scene_0009,v_after_h,o1>o2,perpendicular,False,False,perpendicular,True,scene_0009__v_after_h.png
scene_0009,v_after_h,o1>o2,in_front_of,False,False,in_front_of,True,scene_0009__v_after_h.png
scene_0009,v_after_h,o1>o2,behind,True,True,behind,True,scene_0009__v_after_h.png
scene_0009,v_after_h,o1>o3,left_of,False,True,right_of,True,scene_0009__v_after_h.png
scene_0009,v_after_h,o1>o3,right_of,True,False,left_of,True,scene_0009__v_after_h.png
scene_0009,v_after_h,o1>o3,above,True,False,below,True,scene_0009__v_after_h.png
scene_0009,v_after_h,o1>o3,below,False,True,above,True,scene_0009__v_after_h.png
scene_0009,v_after_h,o1>o3,parallel,False,False,parallel,True,scene_0009__v_after_h.png
scene_0009,v_after_h,o1>o3,perpendicular,False,False,perpendicular,True,scene_0009__v_after_h.png
scene_0009,v_after_h,o1>o3,in_front_of,True,True,in_front_of,True,scene_0009__v_after_h.png
scene_0009,v_after_h,o1>o3,behind,False,False,behind,True,scene_0009__v_after_h.png
scene_0009,v_after_h,o2>o0,left_of,True,False,right_of,True,scene_0009__v_after_h.png
scene_0009,v_after_h,o2>o0,right_of,False,True,left_of,True,scene_0009__v_after_h.png
scene_0009,v_after_h,o2>o0,above,False,True,below,True,scene_0009__v_after_h.png
scene_0009,v_after_h,o2>o0,below,True,False,above,True,scene_0009__v_after_h.png
scene_0009,v_after_h,o2>o0,parallel,False,False,parallel,True,scene_0009__v_after_h.png
scene_0009,v_after_h,o2>o0,perpendicular,False,False,perpendicular,True,scene_0009__v_after_h.png
scene_0009,v_after_h,o2>o0,in_front_of,False,False,in_front_of,True,scene_0009__v_after_h.png
scene_0009,v_after_h,o2>o0,behind,True,True,behind,True,scene_0009__v_after_h.png
scene_0009,v_after_h,o2>o1,left_of,False,True,right_of,True,scene_0009__v_after_h.png
scene_0009,v_after_h,o2>o1,right_of,True,False,left_of,True,scene_0009__v_after_h.png
scene_0009,v_after_h,o2>o1,above,True,False,below,True,scene_0009__v_after_h.png
scene_0009,v_after_h,o2>o1,below,False,True,above,True,scene_0009__v_after_h.png
scene_0009,v_after_h,o2>o1,parallel,False,False,parallel,True,scene_0009__v_after_h.png
scene_0009,v_after_h,o2>o1,perpendicular,False,False,perpendicular,True,scene_0009__v_after_h.png
scene_0009,v_after_h,o2>o1,in_front_of,True,True,in_front_of,True,scene_0009__v_after_h.png
scene_0009,v_after_h,o2>o1,behind,False,False,behind,True,scene_0009__v_after_h.png
scene_0009,v_after_h,o2>o3,left_of,False,True,right_of,True,scene_0009__v_after_h.png
scene_0009,v_after_h,o2>o3,right_of,True,False,left_of,True,scene_0009__v_after_h.png
scene_0009,v_after_h,o2>o3,above,True,False,below,True,scene_0009__v_after_h.png
scene_0009,v_after_h,o2>o3,below,False,True,above,True,scene_0009__v_after_h.png
scene_0009,v_after_h,o2>o3,parallel,False,False,parallel,True,scene_0009__v_after_h.png
scene_0009,v_after_h,o2>o3,perpendicular,True,True,perpendicular,True,scene_0009__v_after_h.png
scene_0009,v_after_h,o2>o3,in_front_of,True,True,in_front_of,True,scene_0009__v_after_h.png
scene_0009,v_after_h,o2>o3,behind,False,False,behind,True,scene_0009__v_after_h.png
scene_0009,v_after_h,o3>o0,left_of,True,False,right_of,True,scene_0009__v_after_h.png
scene_0009,v_after_h,o3>o0,right_of,False,True,left_of,True,scene_0009__v_after_h.png
scene_0009,v_after_h,o3>o0,above,False,True,below,True,scene_0009__v_after_h.png
scene_0009,v_after_h,o3>o0,below,True,False,above,True,scene_0009__v_after_h.png
scene_0009,v_after_h,o3>o0,parallel,False,False,parallel,True,scene_0009__v_after_h.png
scene_0009,v_after_h,o3>o0,perpendicular,False,False,perpendicular,True,scene_0009__v_after_h.png
scene_0009,v_after_h,o3>o0,in_front_of,False,False,in_front_of,True,scene_0009__v_after_h.png
scene_0009,v_after_h,o3>o0,behind,True,True,behind,True,scene_0009__v_after_h.png
scene_0009,v_after_h,o3>o1,left_of,True,False,right_of,True,scene_0009__v_after_h.png
scene_0009,v_after_h,o3>o1,right_of,False,True,left_of,True,scene_0009__v_after_h.png
scene_0009,v_after_h,o3>o1,above,False,True,below,True,scene_0009__v_after_h.png
scene_0009,v_after_h,o3>o1,below,True,False,above,True,scene_0009__v_after_h.png
scene_0009,v_after_h,o3>o1,parallel,False,False,parallel,True,scene_0009__v_after_h.png
scene_0009,v_after_h,o3>o1,perpendicular,False,False,perpendicular,True,scene_0009__v_after_h.png
scene_0009,v_after_h,o3>o1,in_front_of,False,False,in_front_of,True,scene_0009__v_after_h.png
scene_0009,v_after_h,o3>o1,behind,True,True,behind,True,scene_0009__v_after_h.png
scene_0009,v_after_h,o3>o2,left_of,True,False,right_of,True,scene_0009__v_after_h.png
scene_0009,v_after_h,o3>o2,right_of,False,True,left_of,True,scene_0009__v_after_h.png
scene_0009,v_after_h,o3>o2,above,False,True,below,True,scene_0009__v_after_h.png
scene_0009,v_after_h,o3>o2,below,True,False,above,True,scene_0009__v_after_h.png
scene_0009,v_after_h,o3>o2,parallel,False,False,parallel,True,scene_0009__v_after_h.png
scene_0009,v_after_h,o3>o2,perpendicular,True,True,perpendicular,True,scene_0009__v_after_h.png
scene_0009,v_after_h,o3>o2,in_front_of,False,False,in_front_of,True,scene_0009__v_after_h.png
scene_0009,v_after_h,o3>o2,behind,True,True,behind,True,scene_0009__v_after_h.png
scene_0010,hflip,o0>o1,left_of,False,True,right_of,True,scene_0010__hflip.png
scene_0010,hflip,o0>o1,right_of,True,False,left_of,True,scene_0010__hflip.png
scene_0010,hflip,o0>o1,above,False,False,above,True,scene_0010__hflip.png
scene_0010,hflip,o0>o1,below,True,True,below,True,scene_0010__hflip.png
scene_0010,hflip,o0>o1,parallel,False,False,parallel,True,scene_0010__hflip.png
scene_0010,hflip,o0>o1,perpendicular,False,False,perpendicular,True,scene_0010__hflip.png
scene_0010,hflip,o0>o1,in_front_of,True,True,in_front_of,True,scene_0010__hflip.png
scene_0010,hflip,o0>o1,behind,False,False,behind,True,scene_0010__hflip.png
scene_0010,hflip,o0>o2,left_of,False,True,right_of,True,scene_0010__hflip.png
scene_0010,hflip,o0>o2,right_of,True,False,left_of,True,scene_0010__hflip.png
scene_0010,hflip,o0>o2,above,True,True,above,True,scene_0010__hflip.png
scene_0010,hflip,o0>o2,below,False,False,below,True,scene_0010__hflip.png
scene_0010,hflip,o0>o2,parallel,False,False,parallel,True,scene_0010__hflip.png
scene_0010,hflip,o0>o2,perpendicular,False,False,perpendicular,True,scene_0010__hflip.png
scene_0010,hflip,o0>o2,in_front_of,True,True,in_front_of,True,scene_0010__hflip.png
scene_0010,hflip,o0>o2,behind,False,False,behind,True,scene_0010__hflip.png
scene_0010,hflip,o0>o3,left_of,False,True,right_of,True,scene_0010__hflip.png
scene_0010,hflip,o0>o3,right_of,True,False,left_of,True,scene_0010__hflip.png
scene_0010,hflip,o0>o3,above,True,True,above,True,scene_0010__hflip.png
scene_0010,hflip,o0>o3,below,False,False,below,True,scene_0010__hflip.png
scene_0010,hflip,o0>o3,parallel,False,False,parallel,True,scene_0010__hflip.png
scene_0010,hflip,o0>o3,perpendicular,False,False,perpendicular,True,scene_0010__hflip.png
scene_0010,hflip,o0>o3,in_front_of,True,True,in_front_of,True,scene_0010__hflip.png
scene_0010,hflip,o0>o3,behind,False,False,behind,True,scene_0010__hflip.png
scene_0010,hflip,o1>o0,left_of,True,False,right_of,True,scene_0010__hflip.png
scene_0010,hflip,o1>o0,right_of,False,True,left_of,True,scene_0010__hflip.png
scene_0010,hflip,o1>o0,above,True,True,above,True,scene_0010__hflip.png
scene_0010,hflip,o1>o0,below,False,False,below,True,scene_0010__hflip.png
scene_0010,hflip,o1>o0,parallel,False,False,parallel,True,scene_0010__hflip.png
scene_0010,hflip,o1>o0,perpendicular,False,False,perpendicular,True,scene_0010__hflip.png
scene_0010,hflip,o1>o0,in_front_of,False,False,in_front_of,True,scene_0010__hflip.png
scene_0010,hflip,o1>o0,behind,True,True,behind,True,scene_0010__hflip.png
scene_0010,hflip,o1>o2,left_of,False,True,right_of,True,scene_0010__hflip.png
scene_0010,hflip,o1>o2,right_of,True,False,left_of,True,scene_0010__hflip.png
scene_0010,hflip,o1>o2,above,True,True,above,True,scene_0010__hflip.png
scene_0010,hflip,o1>o2,below,False,False,below,True,scene_0010__hflip.png
scene_0010,hflip,o1>o2,parallel,False,False,parallel,True,scene_0010__hflip.png
scene_0010,hflip,o1>o2,perpendicular,False,False,perpendicular,True,scene_0010__hflip.png
scene_0010,hflip,o1>o2,in_front_of,False,False,in_front_of,True,scene_0010__hflip.png
scene_0010,hflip,o1>o2,behind,True,True,behind,True,scene_0010__hflip.png
scene_0010,hflip,o1>o3,left_of,True,False,right_of,True,scene_0010__hflip.png
scene_0010,hflip,o1>o3,right_of,False,True,left_of,True,scene_0010__hflip.png
scene_0010,hflip,o1>o3,above,True,True,above,True,scene_0010__hflip.png
scene_0010,hflip,o1>o3,below,False,False,below,True,scene_0010__hflip.png
scene_0010,hflip,o1>o3,parallel,False,False,parallel,True,scene_0010__hflip.png
scene_0010,hflip,o1>o3,perpendicular,False,False,perpendicular,True,scene_0010__hflip.png
scene_0010,hflip,o1>o3,in_front_of,True,True,in_front_of,True,scene_0010__hflip.png
scene_0010,hflip,o1>o3,behind,False,False,behind,True,scene_0010__hflip.png
scene_0010,hflip,o2>o0,left_of,True,False,right_of,True,scene_0010__hflip.png
scene_0010,hflip,o2>o0,right_of,False,True,left_of,True,scene_0010__hflip.png
scene_0010,hflip,o2>o0,above,False,False,above,True,scene_0010__hflip.png
scene_0010,hflip,o2>o0,below,True,True,below,True,scene_0010__hflip.png
scene_0010,hflip,o2>o0,parallel,False,False,parallel,True,scene_0010__hflip.png
scene_0010,hflip,o2>o0,perpendicular,False,False,perpendicular,True,scene_0010__hflip.png
scene_0010,hflip,o2>o0,in_front_of,False,False,in_front_of,True,scene_0010__hflip.png
scene_0010,hflip,o2>o0,behind,True,True,behind,True,scene_0010__hflip.png
scene_0010,hflip,o2>o1,left_of,True,False,right_of,True,scene_0010__hflip.png
scene_0010,hflip,o2>o1,right_of,False,True,left_of,True,scene_0010__hflip.png
scene_0010,hflip,o2>o1,above,False,False,above,True,scene_0010__hflip.png
scene_0010,hflip,o2>o1,below,True,True,below,True,scene_0010__hflip.png
scene_0010,hflip,o2>o1,parallel,False,False,parallel,True,scene_0010__hflip.png
scene_0010,hflip,o2>o1,perpendicular,False,False,perpendicular,True,scene_0010__hflip.png
scene_0010,hflip,o2>o1,in_front_of,True,True,in_front_of,True,scene_0010__hflip.png
scene_0010,hflip,o2>o1,behind,False,False,behind,True,scene_0010__hflip.png
scene_0010,hflip,o2>o3,left_of,True,False,right_of,True,scene_0010__hflip.png
scene_0010,hflip,o2>o3,right_of,False,True,left_of,True,scene_0010__hflip.png
scene_0010,hflip,o2>o3,above,True,True,above,True,scene_0010__hflip.png
scene_0010,hflip,o2>o3,below,False,False,below,True,scene_0010__hflip.png
scene_0010,hflip,o2>o3,parallel,False,False,parallel,True,scene_0010__hflip.png
scene_0010,hflip,o2>o3,perpendicular,True,True,perpendicular,True,scene_0010__hflip.png
scene_0010,hflip,o2>o3,in_front_of,True,True,in_front_of,True,scene_0010__hflip.png
scene_0010,hflip,o2>o3,behind,False,False,behind,True,scene_0010__hflip.png
scene_0010,hflip,o3>o0,left_of,True,False,right_of,True,scene_0010__hflip.png
scene_0010,hflip,o3>o0,right_of,False,True,left_of,True,scene_0010__hflip.png
scene_0010,hflip,o3>o0,above,False,False,above,True,scene_0010__hflip.png
scene_0010,hflip,o3>o0,below,True,True,below,True,scene_0010__hflip.png
scene_0010,hflip,o3>o0,parallel,False,False,parallel,True,scene_0010__hflip.png
scene_0010,hflip,o3>o0,perpendicular,False,False,perpendicular,True,scene_0010__hflip.png
scene_0010,hflip,o3>o0,in_front_of,False,False,in_front_of,True,scene_0010__hflip.png
scene_0010,hflip,o3>o0,behind,True,True,behind,True,scene_0010__hflip.png
scene_0010,hflip,o3>o1,left_of,False,True,right_of,True,scene_0010__hflip.png
scene_0010,hflip,o3>o1,right_of,True,False,left_of,True,scene_0010__hflip.png
scene_0010,hflip,o3>o1,above,False,False,above,True,scene_0010__hflip.png
scene_0010,hflip,o3>o1,below,True,True,below,True,scene_0010__hflip.png
scene_0010,hflip,o3>o1,parallel,False,False,parallel,True,scene_0010__hflip.png
scene_0010,hflip,o3>o1,perpendicular,False,False,perpendicular,True,scene_0010__hflip.png
scene_0010,hflip,o3>o1,in_front_of,False,False,in_front_of,True,scene_0010__hflip.png
scene_0010,hflip,o3>o1,behind,True,True,behind,True,scene_0010__hflip.png
scene_0010,hflip,o3>o2,left_of,False,True,right_of,True,scene_0010__hflip.png
scene_0010,hflip,o3>o2,right_of,True,False,left_of,True,scene_0010__hflip.png
scene_0010,hflip,o3>o2,above,False,False,above,True,scene_0010__hflip.png
scene_0010,hflip,o3>o2,below,True,True,below,True,scene_0010__hflip.png
scene_0010,hflip,o3>o2,parallel,False,False,parallel,True,scene_0010__hflip.png
scene_0010,hflip,o3>o2,perpendicular,True,True,perpendicular,True,scene_0010__hflip.png
scene_0010,hflip,o3>o2,in_front_of,False,False,in_front_of,True,scene_0010__hflip.png
scene_0010,hflip,o3>o2,behind,True,True,behind,True,scene_0010__hflip.png
scene_0010,vflip,o0>o1,left_of,False,False,left_of,True,scene_0010__vflip.png
scene_0010,vflip,o0>o1,right_of,True,True,right_of,True,scene_0010__vflip.png
scene_0010,vflip,o0>o1,above,False,True,below,True,scene_0010__vflip.png
scene_0010,vflip,o0>o1,below,True,False,above,True,scene_0010__vflip.png
scene_0010,vflip,o0>o1,parallel,False,False,parallel,True,scene_0010__vflip.png
scene_0010,vflip,o0>o1,perpendicular,False,False,perpendicular,True,scene_0010__vflip.png
scene_0010,vflip,o0>o1,in_front_of,True,True,in_front_of,True,scene_0010__vflip.png
scene_0010,vflip,o0>o1,behind,False,False,behind,True,scene_0010__vflip.png
scene_0010,vflip,o0>o2,left_of,False,False,left_of,True,scene_0010__vflip.png
scene_0010,vflip,o0>o2,right_of,True,True,right_of,True,scene_0010__vflip.png
scene_0010,vflip,o0>o2,above,True,False,below,True,scene_0010__vflip.png
scene_0010,vflip,o0>o2,below,False,True,above,True,scene_0010__vflip.png
scene_0010,vflip,o0>o2,parallel,False,False,parallel,True,scene_0010__vflip.png
scene_0010,vflip,o0>o2,perpendicular,False,False,perpendicular,True,scene_0010__vflip.png
scene_0010,vflip,o0>o2,in_front_of,True,True,in_front_of,True,scene_0010__vflip.png
scene_0010,vflip,o0>o2,behind,False,False,behind,True,scene_0010__vflip.png
scene_0010,vflip,o0>o3,left_of,False,False,left_of,True,scene_0010__vflip.png
scene_0010,vflip,o0>o3,right_of,True,True,right_of,True,scene_0010__vflip.png
scene_0010,vflip,o0>o3,above,True,False,below,True,scene_0010__vflip.png
scene_0010,vflip,o0>o3,below,False,True,above,True,scene_0010__vflip.png
scene_0010,vflip,o0>o3,parallel,False,False,parallel,True,scene_0010__vflip.png
scene_0010,vflip,o0>o3,perpendicular,False,False,perpendicular,True,scene_0010__vflip.png
scene_0010,vflip,o0>o3,in_front_of,True,True,in_front_of,True,scene_0010__vflip.png
scene_0010,vflip,o0>o3,behind,False,False,behind,True,scene_0010__vflip.png
scene_0010,vflip,o1>o0,left_of,True,True,left_of,True,scene_0010__vflip.png
scene_0010,vflip,o1>o0,right_of,False,False,right_of,True,scene_0010__vflip.png
scene_0010,vflip,o1>o0,above,True,False,below,True,scene_0010__vflip.png
scene_0010,vflip,o1>o0,below,False,True,above,True,scene_0010__vflip.png
scene_0010,vflip,o1>o0,parallel,False,False,parallel,True,scene_0010__vflip.png
scene_0010,vflip,o1>o0,perpendicular,False,False,perpendicular,True,scene_0010__vflip.png
scene_0010,vflip,o1>o0,in_front_of,False,False,in_front_of,True,scene_0010__vflip.png
scene_0010,vflip,o1>o0,behind,True,True,behind,True,scene_0010__vflip.png
scene_0010,vflip,o1>o2,left_of,False,False,left_of,True,scene_0010__vflip.png
scene_0010,vflip,o1>o2,right_of,True,True,right_of,True,scene_0010__vflip.png
scene_0010,vflip,o1>o2,above,True,False,below,True,scene_0010__vflip.png
scene_0010,vflip,o1>o2,below,False,True,above,True,scene_0010__vflip.png
scene_0010,vflip,o1>o2,parallel,False,False,parallel,True,scene_0010__vflip.png
scene_0010,vflip,o1>o2,perpendicular,False,False,perpendicular,True,scene_0010__vflip.png
scene_0010,vflip,o1>o2,in_front_of,False,False,in_front_of,True,scene_0010__vflip.png
scene_0010,vflip,o1>o2,behind,True,True,behind,True,scene_0010__vflip.png
scene_0010,vflip,o1>o3,left_of,True,True,left_of,True,scene_0010__vflip.png
scene_0010,vflip,o1>o3,right_of,False,False,right_of,True,scene_0010__vflip.png
scene_0010,vflip,o1>o3,above,True,False,below,True,scene_0010__vflip.png
scene_0010,vflip,o1>o3,below,False,True,above,True,scene_0010__vflip.png
scene_0010,vflip,o1>o3,parallel,False,False,parallel,True,scene_0010__vflip.png
scene_0010,vflip,o1>o3,perpendicular,False,False,perpendicular,True,scene_0010__vflip.png
scene_0010,vflip,o1>o3,in_front_of,True,True,in_front_of,True,scene_0010__vflip.png
scene_0010,vflip,o1>o3,behind,False,False,behind,True,scene_0010__vflip.png
scene_0010,vflip,o2>o0,left_of,True,True,left_of,True,scene_0010__vflip.png
scene_0010,vflip,o2>o0,right_of,False,False,right_of,True,scene_0010__vflip.png
scene_0010,vflip,o2>o0,above,False,True,below,True,scene_0010__vflip.png
scene_0010,vflip,o2>o0,below,True,False,above,True,scene_0010__vflip.png
scene_0010,vflip,o2>o0,parallel,False,False,parallel,True,scene_0010__vflip.png
scene_0010,vflip,o2>o0,perpendicular,False,False,perpendicular,True,scene_0010__vflip.png
scene_0010,vflip,o2>o0,in_front_of,False,False,in_front_of,True,scene_0010__vflip.png
scene_0010,vflip,o2>o0,behind,True,True,behind,True,scene_0010__vflip.png
scene_0010,vflip,o2>o1,left_of,True,True,left_of,True,scene_0010__vflip.png
scene_0010,vflip,o2>o1,right_of,False,False,right_of,True,scene_0010__vflip.png
scene_0010,vflip,o2>o1,above,False,True,below,True,scene_0010__vflip.png
scene_0010,vflip,o2>o1,below,True,False,above,True,scene_0010__vflip.png
scene_0010,vflip,o2>o1,parallel,False,False,parallel,True,scene_0010__vflip.png
scene_0010,vflip,o2>o1,perpendicular,False,False,perpendicular,True,scene_0010__vflip.png
scene_0010,vflip,o2>o1,in_front_of,True,True,in_front_of,True,scene_0010__vflip.png
scene_0010,vflip,o2>o1,behind,False,False,behind,True,scene_0010__vflip.png
scene_0010,vflip,o2>o3,left_of,True,True,left_of,True,scene_0010__vflip.png
scene_0010,vflip,o2>o3,right_of,False,False,right_of,True,scene_0010__vflip.png
scene_0010,vflip,o2>o3,above,True,False,below,True,scene_0010__vflip.png
scene_0010,vflip,o2>o3,below,False,True,above,True,scene_0010__vflip.png
scene_0010,vflip,o2>o3,parallel,False,False,parallel,True,scene_0010__vflip.png
scene_0010,vflip,o2>o3,perpendicular,True,True,perpendicular,True,scene_0010__vflip.png
scene_0010,vflip,o2>o3,in_front_of,True,True,in_front_of,True,scene_0010__vflip.png
scene_0010,vflip,o2>o3,behind,False,False,behind,True,scene_0010__vflip.png
scene_0010,vflip,o3>o0,left_of,True,True,left_of,True,scene_0010__vflip.png
scene_0010,vflip,o3>o0,right_of,False,False,right_of,True,scene_0010__vflip.png
scene_0010,vflip,o3>o0,above,False,True,below,True,scene_0010__vflip.png
scene_0010,vflip,o3>o0,below,True,False,above,True,scene_0010__vflip.png
scene_0010,vflip,o3>o0,parallel,False,False,parallel,True,scene_0010__vflip.png
scene_0010,vflip,o3>o0,perpendicular,False,False,perpendicular,True,scene_0010__vflip.png
scene_0010,vflip,o3>o0,in_front_of,False,False,in_front_of,True,scene_0010__vflip.png
scene_0010,vflip,o3>o0,behind,True,True,behind,True,scene_0010__vflip.png
scene_0010,vflip,o3>o1,left_of,False,False,left_of,True,scene_0010__vflip.png
scene_0010,vflip,o3>o1,right_of,True,True,right_of,True,scene_0010__vflip.png
scene_0010,vflip,o3>o1,above,False,True,below,True,scene_0010__vflip.png
scene_0010,vflip,o3>o1,below,True,False,above,True,scene_0010__vflip.png
scene_0010,vflip,o3>o1,parallel,False,False,parallel,True,scene_0010__vflip.png
scene_0010,vflip,o3>o1,perpendicular,False,False,perpendicular,True,scene_0010__vflip.png
scene_0010,vflip,o3>o1,in_front_of,False,False,in_front_of,True,scene_0010__vflip.png
scene_0010,vflip,o3>o1,behind,True,True,behind,True,scene_0010__vflip.png
scene_0010,vflip,o3>o2,left_of,False,False,left_of,True,scene_0010__vflip.png
scene_0010,vflip,o3>o2,right_of,True,True,right_of,True,scene_0010__vflip.png
scene_0010,vflip,o3>o2,above,False,True,below,True,scene_0010__vflip.png
scene_0010,vflip,o3>o2,below,True,False,above,True,scene_0010__vflip.png
scene_0010,vflip,o3>o2,parallel,False,False,parallel,True,scene_0010__vflip.png
scene_0010,vflip,o3>o2,perpendicular,True,True,perpendicular,True,scene_0010__vflip.png
scene_0010,vflip,o3>o2,in_front_of,False,False,in_front_of,True,scene_0010__vflip.png
scene_0010,vflip,o3>o2,behind,True,True,behind,True,scene_0010__vflip.png
scene_0010,v_after_h,o0>o1,left_of,False,True,right_of,True,scene_0010__v_after_h.png
scene_0010,v_after_h,o0>o1,right_of,True,False,left_of,True,scene_0010__v_after_h.png
scene_0010,v_after_h,o0>o1,above,False,True,below,True,scene_0010__v_after_h.png
scene_0010,v_after_h,o0>o1,below,True,False,above,True,scene_0010__v_after_h.png
scene_0010,v_after_h,o0>o1,parallel,False,False,parallel,True,scene_0010__v_after_h.png
scene_0010,v_after_h,o0>o1,perpendicular,False,False,perpendicular,True,scene_0010__v_after_h.png
scene_0010,v_after_h,o0>o1,in_front_of,True,True,in_front_of,True,scene_0010__v_after_h.png
scene_0010,v_after_h,o0>o1,behind,False,False,behind,True,scene_0010__v_after_h.png
scene_0010,v_after_h,o0>o2,left_of,False,True,right_of,True,scene_0010__v_after_h.png
scene_0010,v_after_h,o0>o2,right_of,True,False,left_of,True,scene_0010__v_after_h.png
scene_0010,v_after_h,o0>o2,above,True,False,below,True,scene_0010__v_after_h.png
scene_0010,v_after_h,o0>o2,below,False,True,above,True,scene_0010__v_after_h.png
scene_0010,v_after_h,o0>o2,parallel,False,False,parallel,True,scene_0010__v_after_h.png
scene_0010,v_after_h,o0>o2,perpendicular,False,False,perpendicular,True,scene_0010__v_after_h.png
scene_0010,v_after_h,o0>o2,in_front_of,True,True,in_front_of,True,scene_0010__v_after_h.png
scene_0010,v_after_h,o0>o2,behind,False,False,behind,True,scene_0010__v_after_h.png
scene_0010,v_after_h,o0>o3,left_of,False,True,right_of,True,scene_0010__v_after_h.png
scene_0010,v_after_h,o0>o3,right_of,True,False,left_of,True,scene_0010__v_after_h.png
scene_0010,v_after_h,o0>o3,above,True,False,below,True,scene_0010__v_after_h.png
scene_0010,v_after_h,o0>o3,below,False,True,above,True,scene_0010__v_after_h.png
scene_0010,v_after_h,o0>o3,parallel,False,False,parallel,True,scene_0010__v_after_h.png
scene_0010,v_after_h,o0>o3,perpendicular,False,False,perpendicular,True,scene_0010__v_after_h.png
scene_0010,v_after_h,o0>o3,in_front_of,True,True,in_front_of,True,scene_0010__v_after_h.png
scene_0010,v_after_h,o0>o3,behind,False,False,behind,True,scene_0010__v_after_h.png
scene_0010,v_after_h,o1>o0,left_of,True,False,right_of,True,scene_0010__v_after_h.png
scene_0010,v_after_h,o1>o0,right_of,False,True,left_of,True,scene_0010__v_after_h.png
scene_0010,v_after_h,o1>o0,above,True,False,below,True,scene_0010__v_after_h.png
scene_0010,v_after_h,o1>o0,below,False,True,above,True,scene_0010__v_after_h.png
scene_0010,v_after_h,o1>o0,parallel,False,False,parallel,True,scene_0010__v_after_h.png
scene_0010,v_after_h,o1>o0,perpendicular,False,False,perpendicular,True,scene_0010__v_after_h.png
scene_0010,v_after_h,o1>o0,in_front_of,False,False,in_front_of,True,scene_0010__v_after_h.png
scene_0010,v_after_h,o1>o0,behind,True,True,behind,True,scene_0010__v_after_h.png
scene_0010,v_after_h,o1>o2,left_of,False,True,right_of,True,scene_0010__v_after_h.png
scene_0010,v_after_h,o1>o2,right_of,True,False,left_of,True,scene_0010__v_after_h.png
scene_0010,v_after_h,o1>o2,above,True,False,below,True,scene_0010__v_after_h.png
scene_0010,v_after_h,o1>o2,below,False,True,above,True,scene_0010__v_after_h.png
scene_0010,v_after_h,o1>o2,parallel,False,False,parallel,True,scene_0010__v_after_h.png
scene_0010,v_after_h,o1>o2,perpendicular,False,False,perpendicular,True,scene_0010__v_after_h.png
scene_0010,v_after_h,o1>o2,in_front_of,False,False,in_front_of,True,scene_0010__v_after_h.png
scene_0010,v_after_h,o1>o2,behind,True,True,behind,True,scene_0010__v_after_h.png
scene_0010,v_after_h,o1>o3,left_of,True,False,right_of,True,scene_0010__v_after_h.png
scene_0010,v_after_h,o1>o3,right_of,False,True,left_of,True,scene_0010__v_after_h.png
scene_0010,v_after_h,o1>o3,above,True,False,below,True,scene_0010__v_after_h.png
scene_0010,v_after_h,o1>o3,below,False,True,above,True,scene_0010__v_after_h.png
scene_0010,v_after_h,o1>o3,parallel,False,False,parallel,True,scene_0010__v_after_h.png
scene_0010,v_after_h,o1>o3,perpendicular,False,False,perpendicular,True,scene_0010__v_after_h.png
scene_0010,v_after_h,o1>o3,in_front_of,True,True,in_front_of,True,scene_0010__v_after_h.png
scene_0010,v_after_h,o1>o3,behind,False,False,behind,True,scene_0010__v_after_h.png
scene_0010,v_after_h,o2>o0,left_of,True,False,right_of,True,scene_0010__v_after_h.png
scene_0010,v_after_h,o2>o0,right_of,False,True,left_of,True,scene_0010__v_after_h.png
scene_0010,v_after_h,o2>o0,above,False,True,below,True,scene_0010__v_after_h.png
scene_0010,v_after_h,o2>o0,below,True,False,above,True,scene_0010__v_after_h.png
scene_0010,v_after_h,o2>o0,parallel,False,False,parallel,True,scene_0010__v_after_h.png
scene_0010,v_after_h,o2>o0,perpendicular,False,False,perpendicular,True,scene_0010__v_after_h.png
scene_0010,v_after_h,o2>o0,in_front_of,False,False,in_front_of,True,scene_0010__v_after_h.png
scene_0010,v_after_h,o2>o0,behind,True,True,behind,True,scene_0010__v_after_h.png
scene_0010,v_after_h,o2>o1,left_of,True,False,right_of,True,scene_0010__v_after_h.png
scene_0010,v_after_h,o2>o1,right_of,False,True,left_of,True,scene_0010__v_after_h.png
scene_0010,v_after_h,o2>o1,above,False,True,below,True,scene_0010__v_after_h.png
scene_0010,v_after_h,o2>o1,below,True,False,above,True,scene_0010__v_after_h.png
scene_0010,v_after_h,o2>o1,parallel,False,False,parallel,True,scene_0010__v_after_h.png
scene_0010,v_after_h,o2>o1,perpendicular,False,False,perpendicular,True,scene_0010__v_after_h.png
scene_0010,v_after_h,o2>o1,in_front_of,True,True,in_front_of,True,scene_0010__v_after_h.png
scene_0010,v_after_h,o2>o1,behind,False,False,behind,True,scene_0010__v_after_h.png
scene_0010,v_after_h,o2>o3,left_of,True,False,right_of,True,scene_0010__v_after_h.png
scene_0010,v_after_h,o2>o3,right_of,False,True,left_of,True,scene_0010__v_after_h.png
scene_0010,v_after_h,o2>o3,above,True,False,below,True,scene_0010__v_after_h.png
scene_0010,v_after_h,o2>o3,below,False,True,above,True,scene_0010__v_after_h.png
scene_0010,v_after_h,o2>o3,parallel,False,False,parallel,True,scene_0010__v_after_h.png
scene_0010,v_after_h,o2>o3,perpendicular,True,True,perpendicular,True,scene_0010__v_after_h.png
scene_0010,v_after_h,o2>o3,in_front_of,True,True,in_front_of,True,scene_0010__v_after_h.png
scene_0010,v_after_h,o2>o3,behind,False,False,behind,True,scene_0010__v_after_h.png
scene_0010,v_after_h,o3>o0,left_of,True,False,right_of,True,scene_0010__v_after_h.png
scene_0010,v_after_h,o3>o0,right_of,False,True,left_of,True,scene_0010__v_after_h.png
scene_0010,v_after_h,o3>o0,above,False,True,below,True,scene_0010__v_after_h.png
scene_0010,v_after_h,o3>o0,below,True,False,above,True,scene_0010__v_after_h.png
scene_0010,v_after_h,o3>o0,parallel,False,False,parallel,True,scene_0010__v_after_h.png
scene_0010,v_after_h,o3>o0,perpendicular,False,False,perpendicular,True,scene_0010__v_after_h.png
scene_0010,v_after_h,o3>o0,in_front_of,False,False,in_front_of,True,scene_0010__v_after_h.png
scene_0010,v_after_h,o3>o0,behind,True,True,behind,True,scene_0010__v_after_h.png
scene_0010,v_after_h,o3>o1,left_of,False,True,right_of,True,scene_0010__v_after_h.png
scene_0010,v_after_h,o3>o1,right_of,True,False,left_of,True,scene_0010__v_after_h.png
scene_0010,v_after_h,o3>o1,above,False,True,below,True,scene_0010__v_after_h.png
scene_0010,v_after_h,o3>o1,below,True,False,above,True,scene_0010__v_after_h.png
scene_0010,v_after_h,o3>o1,parallel,False,False,parallel,True,scene_0010__v_after_h.png
scene_0010,v_after_h,o3>o1,perpendicular,False,False,perpendicular,True,scene_0010__v_after_h.png
scene_0010,v_after_h,o3>o1,in_front_of,False,False,in_front_of,True,scene_0010__v_after_h.png
scene_0010,v_after_h,o3>o1,behind,True,True,behind,True,scene_0010__v_after_h.png
scene_0010,v_after_h,o3>o2,left_of,False,True,right_of,True,scene_0010__v_after_h.png
scene_0010,v_after_h,o3>o2,right_of,True,False,left_of,True,scene_0010__v_after_h.png
scene_0010,v_after_h,o3>o2,above,False,True,below,True,scene_0010__v_after_h.png
scene_0010,v_after_h,o3>o2,below,True,False,above,True,scene_0010__v_after_h.png
scene_0010,v_after_h,o3>o2,parallel,False,False,parallel,True,scene_0010__v_after_h.png
scene_0010,v_after_h,o3>o2,perpendicular,True,True,perpendicular,True,scene_0010__v_after_h.png
scene_0010,v_after_h,o3>o2,in_front_of,False,False,in_front_of,True,scene_0010__v_after_h.png
scene_0010,v_after_h,o3>o2,behind,True,True,behind,True,scene_0010__v_after_h.png
scene_0011,hflip,o0>o1,left_of,True,False,right_of,True,scene_0011__hflip.png
scene_0011,hflip,o0>o1,right_of,False,True,left_of,True,scene_0011__hflip.png
scene_0011,hflip,o0>o1,above,True,True,above,True,scene_0011__hflip.png
scene_0011,hflip,o0>o1,below,False,False,below,True,scene_0011__hflip.png
scene_0011,hflip,o0>o1,parallel,False,False,parallel,True,scene_0011__hflip.png
scene_0011,hflip,o0>o1,perpendicular,False,False,perpendicular,True,scene_0011__hflip.png
scene_0011,hflip,o0>o1,in_front_of,True,True,in_front_of,True,scene_0011__hflip.png
scene_0011,hflip,o0>o1,behind,False,False,behind,True,scene_0011__hflip.png
scene_0011,hflip,o0>o2,left_of,False,True,right_of,True,scene_0011__hflip.png
scene_0011,hflip,o0>o2,right_of,True,False,left_of,True,scene_0011__hflip.png
scene_0011,hflip,o0>o2,above,True,True,above,True,scene_0011__hflip.png
scene_0011,hflip,o0>o2,below,False,False,below,True,scene_0011__hflip.png
scene_0011,hflip,o0>o2,parallel,False,False,parallel,True,scene_0011__hflip.png
scene_0011,hflip,o0>o2,perpendicular,False,False,perpendicular,True,scene_0011__hflip.png
scene_0011,hflip,o0>o2,in_front_of,True,True,in_front_of,True,scene_0011__hflip.png
scene_0011,hflip,o0>o2,behind,False,False,behind,True,scene_0011__hflip.png
scene_0011,hflip,o0>o3,left_of,True,False,right_of,True,scene_0011__hflip.png
scene_0011,hflip,o0>o3,right_of,False,True,left_of,True,scene_0011__hflip.png
scene_0011,hflip,o0>o3,above,True,True,above,True,scene_0011__hflip.png
scene_0011,hflip,o0>o3,below,False,False,below,True,scene_0011__hflip.png
scene_0011,hflip,o0>o3,parallel,False,False,parallel,True,scene_0011__hflip.png
scene_0011,hflip,o0>o3,perpendicular,False,False,perpendicular,True,scene_0011__hflip.png
scene_0011,hflip,o0>o3,in_front_of,True,True,in_front_of,True,scene_0011__hflip.png
scene_0011,hflip,o0>o3,behind,False,False,behind,True,scene_0011__hflip.png
scene_0011,hflip,o1>o0,left_of,False,True,right_of,True,scene_0011__hflip.png
scene_0011,hflip,o1>o0,right_of,True,False,left_of,True,scene_0011__hflip.png
scene_0011,hflip,o1>o0,above,False,False,above,True,scene_0011__hflip.png
scene_0011,hflip,o1>o0,below,True,True,below,True,scene_0011__hflip.png
scene_0011,hflip,o1>o0,parallel,False,False,parallel,True,scene_0011__hflip.png
scene_0011,hflip,o1>o0,perpendicular,False,False,perpendicular,True,scene_0011__hflip.png
scene_0011,hflip,o1>o0,in_front_of,False,False,in_front_of,True,scene_0011__hflip.png
scene_0011,hflip,o1>o0,behind,True,True,behind,True,scene_0011__hflip.png
scene_0011,hflip,o1>o2,left_of,False,True,right_of,True,scene_0011__hflip.png
scene_0011,hflip,o1>o2,right_of,True,False,left_of,True,scene_0011__hflip.png
scene_0011,hflip,o1>o2,above,True,True,above,True,scene_0011__hflip.png
scene_0011,hflip,o1>o2,below,False,False,below,True,scene_0011__hflip.png
scene_0011,hflip,o1>o2,parallel,False,False,parallel,True,scene_0011__hflip.png
scene_0011,hflip,o1>o2,perpendicular,False,False,perpendicular,True,scene_0011__hflip.png
scene_0011,hflip,o1>o2,in_front_of,False,False,in_front_of,True,scene_0011__hflip.png
scene_0011,hflip,o1>o2,behind,True,True,behind,True,scene_0011__hflip.png
scene_0011,hflip,o1>o3,left_of,False,True,right_of,True,scene_0011__hflip.png
scene_0011,hflip,o1>o3,right_of,True,False,left_of,True,scene_0011__hflip.png
scene_0011,hflip,o1>o3,above,True,True,above,True,scene_0011__hflip.png
scene_0011,hflip,o1>o3,below,False,False,below,True,scene_0011__hflip.png
scene_0011,hflip,o1>o3,parallel,False,False,parallel,True,scene_0011__hflip.png
scene_0011,hflip,o1>o3,perpendicular,False,False,perpendicular,True,scene_0011__hflip.png
scene_0011,hflip,o1>o3,in_front_of,True,True,in_front_of,True,scene_0011__hflip.png
scene_0011,hflip,o1>o3,behind,False,False,behind,True,scene_0011__hflip.png
scene_0011,hflip,o2>o0,left_of,True,False,right_of,True,scene_0011__hflip.png
scene_0011,hflip,o2>o0,right_of,False,True,left_of,True,scene_0011__hflip.png
scene_0011,hflip,o2>o0,above,False,False,above,True,scene_0011__hflip.png
scene_0011,hflip,o2>o0,below,True,True,below,True,scene_0011__hflip.png
scene_0011,hflip,o2>o0,parallel,False,False,parallel,True,scene_0011__hflip.png
scene_0011,hflip,o2>o0,perpendicular,False,False,perpendicular,True,scene_0011__hflip.png
scene_0011,hflip,o2>o0,in_front_of,False,False,in_front_of,True,scene_0011__hflip.png
scene_0011,hflip,o2>o0,behind,True,True,behind,True,scene_0011__hflip.png
scene_0011,hflip,o2>o1,left_of,True,False,right_of,True,scene_0011__hflip.png
scene_0011,hflip,o2>o1,right_of,False,True,left_of,True,scene_0011__hflip.png
scene_0011,hflip,o2>o1,above,False,False,above,True,scene_0011__hflip.png
scene_0011,hflip,o2>o1,below,True,True,below,True,scene_0011__hflip.png
scene_0011,hflip,o2>o1,parallel,False,False,parallel,True,scene_0011__hflip.png
scene_0011,hflip,o2>o1,perpendicular,False,False,perpendicular,True,scene_0011__hflip.png
scene_0011,hflip,o2>o1,in_front_of,True,True,in_front_of,True,scene_0011__hflip.png
scene_0011,hflip,o2>o1,behind,False,False,behind,True,scene_0011__hflip.png
scene_0011,hflip,o2>o3,left_of,True,False,right_of,True,scene_0011__hflip.png
scene_0011,hflip,o2>o3,right_of,False,True,left_of,True,scene_0011__hflip.png
scene_0011,hflip,o2>o3,above,True,True,above,True,scene_0011__hflip.png
scene_0011,hflip,o2>o3,below,False,False,below,True,scene_0011__hflip.png
scene_0011,hflip,o2>o3,parallel,False,False,parallel,True,scene_0011__hflip.png
scene_0011,hflip,o2>o3,perpendicular,True,True,perpendicular,True,scene_0011__hflip.png
scene_0011,hflip,o2>o3,in_front_of,True,True,in_front_of,True,scene_0011__hflip.png
scene_0011,hflip,o2>o3,behind,False,False,behind,True,scene_0011__hflip.png
scene_0011,hflip,o3>o0,left_of,False,True,right_of,True,scene_0011__hflip.png
scene_0011,hflip,o3>o0,right_of,True,False,left_of,True,scene_0011__hflip.png
scene_0011,hflip,o3>o0,above,False,False,above,True,scene_0011__hflip.png
scene_0011,hflip,o3>o0,below,True,True,below,True,scene_0011__hflip.png
scene_0011,hflip,o3>o0,parallel,False,False,parallel,True,scene_0011__hflip.png
scene_0011,hflip,o3>o0,perpendicular,False,False,perpendicular,True,scene_0011__hflip.png
scene_0011,hflip,o3>o0,in_front_of,False,False,in_front_of,True,scene_0011__hflip.png
scene_0011,hflip,o3>o0,behind,True,True,behind,True,scene_0011__hflip.png
scene_0011,hflip,o3>o1,left_of,True,False,right_of,True,scene_0011__hflip.png
scene_0011,hflip,o3>o1,right_of,False,True,left_of,True,scene_0011__hflip.png
scene_0011,hflip,o3>o1,above,False,False,above,True,scene_0011__hflip.png
scene_0011,hflip,o3>o1,below,True,True,below,True,scene_0011__hflip.png
scene_0011,hflip,o3>o1,parallel,False,False,parallel,True,scene_0011__hflip.png
scene_0011,hflip,o3>o1,perpendicular,False,False,perpendicular,True,scene_0011__hflip.png
scene_0011,hflip,o3>o1,in_front_of,False,False,in_front_of,True,scene_0011__hflip.png
scene_0011,hflip,o3>o1,behind,True,True,behind,True,scene_0011__hflip.png
scene_0011,hflip,o3>o2,left_of,False,True,right_of,True,scene_0011__hflip.png
scene_0011,hflip,o3>o2,right_of,True,False,left_of,True,scene_0011__hflip.png
scene_0011,hflip,o3>o2,above,False,False,above,True,scene_0011__hflip.png
scene_0011,hflip,o3>o2,below,True,True,below,True,scene_0011__hflip.png
scene_0011,hflip,o3>o2,parallel,False,False,parallel,True,scene_0011__hflip.png
scene_0011,hflip,o3>o2,perpendicular,True,True,perpendicular,True,scene_0011__hflip.png
scene_0011,hflip,o3>o2,in_front_of,False,False,in_front_of,True,scene_0011__hflip.png
scene_0011,hflip,o3>o2,behind,True,True,behind,True,scene_0011__hflip.png
scene_0011,vflip,o0>o1,left_of,True,True,left_of,True,scene_0011__vflip.png
scene_0011,vflip,o0>o1,right_of,False,False,right_of,True,scene_0011__vflip.png
scene_0011,vflip,o0>o1,above,True,False,below,True,scene_0011__vflip.png
scene_0011,vflip,o0>o1,below,False,True,above,True,scene_0011__vflip.png
scene_0011,vflip,o0>o1,parallel,False,False,parallel,True,scene_0011__vflip.png
scene_0011,vflip,o0>o1,perpendicular,False,False,perpendicular,True,scene_0011__vflip.png
scene_0011,vflip,o0>o1,in_front_of,True,True,in_front_of,True,scene_0011__vflip.png
scene_0011,vflip,o0>o1,behind,False,False,behind,True,scene_0011__vflip.png
scene_0011,vflip,o0>o2,left_of,False,False,left_of,True,scene_0011__vflip.png
scene_0011,vflip,o0>o2,right_of,True,True,right_of,True,scene_0011__vflip.png
scene_0011,vflip,o0>o2,above,True,False,below,True,scene_0011__vflip.png
scene_0011,vflip,o0>o2,below,False,True,above,True,scene_0011__vflip.png
scene_0011,vflip,o0>o2,parallel,False,False,parallel,True,scene_0011__vflip.png
scene_0011,vflip,o0>o2,perpendicular,False,False,perpendicular,True,scene_0011__vflip.png
scene_0011,vflip,o0>o2,in_front_of,True,True,in_front_of,True,scene_0011__vflip.png
scene_0011,vflip,o0>o2,behind,False,False,behind,True,scene_0011__vflip.png
scene_0011,vflip,o0>o3,left_of,True,True,left_of,True,scene_0011__vflip.png
scene_0011,vflip,o0>o3,right_of,False,False,right_of,True,scene_0011__vflip.png
scene_0011,vflip,o0>o3,above,True,False,below,True,scene_0011__vflip.png
scene_0011,vflip,o0>o3,below,False,True,above,True,scene_0011__vflip.png
scene_0011,vflip,o0>o3,parallel,False,False,parallel,True,scene_0011__vflip.png
scene_0011,vflip,o0>o3,perpendicular,False,False,perpendicular,True,scene_0011__vflip.png
scene_0011,vflip,o0>o3,in_front_of,True,True,in_front_of,True,scene_0011__vflip.png
scene_0011,vflip,o0>o3,behind,False,False,behind,True,scene_0011__vflip.png
scene_0011,vflip,o1>o0,left_of,False,False,left_of,True,scene_0011__vflip.png
scene_0011,vflip,o1>o0,right_of,True,True,right_of,True,scene_0011__vflip.png
scene_0011,vflip,o1>o0,above,False,True,below,True,scene_0011__vflip.png
scene_0011,vflip,o1>o0,below,True,False,above,True,scene_0011__vflip.png
scene_0011,vflip,o1>o0,parallel,False,False,parallel,True,scene_0011__vflip.png
scene_0011,vflip,o1>o0,perpendicular,False,False,perpendicular,True,scene_0011__vflip.png
scene_0011,vflip,o1>o0,in_front_of,False,False,in_front_of,True,scene_0011__vflip.png
scene_0011,vflip,o1>o0,behind,True,True,behind,True,scene_0011__vflip.png
scene_0011,vflip,o1>o2,left_of,False,False,left_of,True,scene_0011__vflip.png
scene_0011,vflip,o1>o2,right_of,True,True,right_of,True,scene_0011__vflip.png
scene_0011,vflip,o1>o2,above,True,False,below,True,scene_0011__vflip.png
scene_0011,vflip,o1>o2,below,False,True,above,True,scene_0011__vflip.png
scene_0011,vflip,o1>o2,parallel,False,False,parallel,True,scene_0011__vflip.png
scene_0011,vflip,o1>o2,perpendicular,False,False,perpendicular,True,scene_0011__vflip.png
scene_0011,vflip,o1>o2,in_front_of,False,False,in_front_of,True,scene_0011__vflip.png
scene_0011,vflip,o1>o2,behind,True,True,behind,True,scene_0011__vflip.png
scene_0011,vflip,o1>o3,left_of,False,False,left_of,True,scene_0011__vflip.png
scene_0011,vflip,o1>o3,right_of,True,True,right_of,True,scene_0011__vflip.png
scene_0011,vflip,o1>o3,above,True,False,below,True,scene_0011__vflip.png
scene_0011,vflip,o1>o3,below,False,True,above,True,scene_0011__vflip.png
scene_0011,vflip,o1>o3,parallel,False,False,parallel,True,scene_0011__vflip.png
scene_0011,vflip,o1>o3,perpendicular,False,False,perpendicular,True,scene_0011__vflip.png
scene_0011,vflip,o1>o3,in_front_of,True,True,in_front_of,True,scene_0011__vflip.png
scene_0011,vflip,o1>o3,behind,False,False,behind,True,scene_0011__vflip.png
scene_0011,vflip,o2>o0,left_of,True,True,left_of,True,scene_0011__vflip.png
scene_0011,vflip,o2>o0,right_of,False,False,right_of,True,scene_0011__vflip.png
scene_0011,vflip,o2>o0,above,False,True,below,True,scene_0011__vflip.png
scene_0011,vflip,o2>o0,below,True,False,above,True,scene_0011__vflip.png
scene_0011,vflip,o2>o0,parallel,False,False,parallel,True,scene_0011__vflip.png
scene_0011,vflip,o2>o0,perpendicular,False,False,perpendicular,True,scene_0011__vflip.png
scene_0011,vflip,o2>o0,in_front_of,False,False,in_front_of,True,scene_0011__vflip.png
scene_0011,vflip,o2>o0,behind,True,True,behind,True,scene_0011__vflip.png
scene_0011,vflip,o2>o1,left_of,True,True,left_of,True,scene_0011__vflip.png
scene_0011,vflip,o2>o1,right_of,False,False,right_of,True,scene_0011__vflip.png
scene_0011,vflip,o2>o1,above,False,True,below,True,scene_0011__vflip.png
scene_0011,vflip,o2>o1,below,True,False,above,True,scene_0011__vflip.png
scene_0011,vflip,o2>o1,parallel,False,False,parallel,True,scene_0011__vflip.png
scene_0011,vflip,o2>o1,perpendicular,False,False,perpendicular,True,scene_0011__vflip.png
scene_0011,vflip,o2>o1,in_front_of,True,True,in_front_of,True,scene_0011__vflip.png
scene_0011,vflip,o2>o1,behind,False,False,behind,True,scene_0011__vflip.png
scene_0011,vflip,o2>o3,left_of,True,True,left_of,True,scene_0011__vflip.png
scene_0011,vflip,o2>o3,right_of,False,False,right_of,True,scene_0011__vflip.png
scene_0011,vflip,o2>o3,above,True,False,below,True,scene_0011__vflip.png
scene_0011,vflip,o2>o3,below,False,True,above,True,scene_0011__vflip.png
scene_0011,vflip,o2>o3,parallel,False,False,parallel,True,scene_0011__vflip.png
scene_0011,vflip,o2>o3,perpendicular,True,True,perpendicular,True,scene_0011__vflip.png
scene_0011,vflip,o2>o3,in_front_of,True,True,in_front_of,True,scene_0011__vflip.png
scene_0011,vflip,o2>o3,behind,False,False,behind,True,scene_0011__vflip.png
scene_0011,vflip,o3>o0,left_of,False,False,left_of,True,scene_0011__vflip.png
scene_0011,vflip,o3>o0,right_of,True,True,right_of,True,scene_0011__vflip.png
scene_0011,vflip,o3>o0,above,False,True,below,True,scene_0011__vflip.png
scene_0011,vflip,o3>o0,below,True,False,above,True,scene_0011__vflip.png
scene_0011,vflip,o3>o0,parallel,False,False,parallel,True,scene_0011__vflip.png
scene_0011,vflip,o3>o0,perpendicular,False,False,perpendicular,True,scene_0011__vflip.png
scene_0011,vflip,o3>o0,in_front_of,False,False,in_front_of,True,scene_0011__vflip.png
scene_0011,vflip,o3>o0,behind,True,True,behind,True,scene_0011__vflip.png
scene_0011,vflip,o3>o1,left_of,True,True,left_of,True,scene_0011__vflip.png
scene_0011,vflip,o3>o1,right_of,False,False,right_of,True,scene_0011__vflip.png
scene_0011,vflip,o3>o1,above,False,True,below,True,scene_0011__vflip.png
scene_0011,vflip,o3>o1,below,True,False,above,True,scene_0011__vflip.png
scene_0011,vflip,o3>o1,parallel,False,False,parallel,True,scene_0011__vflip.png
scene_0011,vflip,o3>o1,perpendicular,False,False,perpendicular,True,scene_0011__vflip.png
scene_0011,vflip,o3>o1,in_front_of,False,False,in_front_of,True,scene_0011__vflip.png
scene_0011,vflip,o3>o1,behind,True,True,behind,True,scene_0011__vflip.png
scene_0011,vflip,o3>o2,left_of,False,False,left_of,True,scene_0011__vflip.png
scene_0011,vflip,o3>o2,right_of,True,True,right_of,True,scene_0011__vflip.png
scene_0011,vflip,o3>o2,above,False,True,below,True,scene_0011__vflip.png
scene_0011,vflip,o3>o2,below,True,False,above,True,scene_0011__vflip.png
scene_0011,vflip,o3>o2,parallel,False,False,parallel,True,scene_0011__vflip.png
scene_0011,vflip,o3>o2,perpendicular,True,True,perpendicular,True,scene_0011__vflip.png
scene_0011,vflip,o3>o2,in_front_of,False,False,in_front_of,True,scene_0011__vflip.png
scene_0011,vflip,o3>o2,behind,True,True,behind,True,scene_0011__vflip.png
scene_0011,v_after_h,o0>o1,left_of,True,False,right_of,True,scene_0011__v_after_h.png
scene_0011,v_after_h,o0>o1,right_of,False,True,left_of,True,scene_0011__v_after_h.png
scene_0011,v_after_h,o0>o1,above,True,False,below,True,scene_0011__v_after_h.png
scene_0011,v_after_h,o0>o1,below,False,True,above,True,scene_0011__v_after_h.png
scene_0011,v_after_h,o0>o1,parallel,False,False,parallel,True,scene_0011__v_after_h.png
scene_0011,v_after_h,o0>o1,perpendicular,False,False,perpendicular,True,scene_0011__v_after_h.png
scene_0011,v_after_h,o0>o1,in_front_of,True,True,in_front_of,True,scene_0011__v_after_h.png
scene_0011,v_after_h,o0>o1,behind,False,False,behind,True,scene_0011__v_after_h.png
scene_0011,v_after_h,o0>o2,left_of,False,True,right_of,True,scene_0011__v_after_h.png
scene_0011,v_after_h,o0>o2,right_of,True,False,left_of,True,scene_0011__v_after_h.png
scene_0011,v_after_h,o0>o2,above,True,False,below,True,scene_0011__v_after_h.png
scene_0011,v_after_h,o0>o2,below,False,True,above,True,scene_0011__v_after_h.png
scene_0011,v_after_h,o0>o2,parallel,False,False,parallel,True,scene_0011__v_after_h.png
scene_0011,v_after_h,o0>o2,perpendicular,False,False,perpendicular,True,scene_0011__v_after_h.png
scene_0011,v_after_h,o0>o2,in_front_of,True,True,in_front_of,True,scene_0011__v_after_h.png
scene_0011,v_after_h,o0>o2,behind,False,False,behind,True,scene_0011__v_after_h.png
scene_0011,v_after_h,o0>o3,left_of,True,False,right_of,True,scene_0011__v_after_h.png
scene_0011,v_after_h,o0>o3,right_of,False,True,left_of,True,scene_0011__v_after_h.png
scene_0011,v_after_h,o0>o3,above,True,False,below,True,scene_0011__v_after_h.png
scene_0011,v_after_h,o0>o3,below,False,True,above,True,scene_0011__v_after_h.png
scene_0011,v_after_h,o0>o3,parallel,False,False,parallel,True,scene_0011__v_after_h.png
scene_0011,v_after_h,o0>o3,perpendicular,False,False,perpendicular,True,scene_0011__v_after_h.png
scene_0011,v_after_h,o0>o3,in_front_of,True,True,in_front_of,True,scene_0011__v_after_h.png
scene_0011,v_after_h,o0>o3,behind,False,False,behind,True,scene_0011__v_after_h.png
scene_0011,v_after_h,o1>o0,left_of,False,True,right_of,True,scene_0011__v_after_h.png
scene_0011,v_after_h,o1>o0,right_of,True,False,left_of,True,scene_0011__v_after_h.png
scene_0011,v_after_h,o1>o0,above,False,True,below,True,scene_0011__v_after_h.png
scene_0011,v_after_h,o1>o0,below,True,False,above,True,scene_0011__v_after_h.png
scene_0011,v_after_h,o1>o0,parallel,False,False,parallel,True,scene_0011__v_after_h.png
scene_0011,v_after_h,o1>o0,perpendicular,False,False,perpendicular,True,scene_0011__v_after_h.png
scene_0011,v_after_h,o1>o0,in_front_of,False,False,in_front_of,True,scene_0011__v_after_h.png
scene_0011,v_after_h,o1>o0,behind,True,True,behind,True,scene_0011__v_after_h.png
scene_0011,v_after_h,o1>o2,left_of,False,True,right_of,True,scene_0011__v_after_h.png
scene_0011,v_after_h,o1>o2,right_of,True,False,left_of,True,scene_0011__v_after_h.png
scene_0011,v_after_h,o1>o2,above,True,False,below,True,scene_0011__v_after_h.png
scene_0011,v_after_h,o1>o2,below,False,True,above,True,scene_0011__v_after_h.png
scene_0011,v_after_h,o1>o2,parallel,False,False,parallel,True,scene_0011__v_after_h.png
scene_0011,v_after_h,o1>o2,perpendicular,False,False,perpendicular,True,scene_0011__v_after_h.png
scene_0011,v_after_h,o1>o2,in_front_of,False,False,in_front_of,True,scene_0011__v_after_h.png
scene_0011,v_after_h,o1>o2,behind,True,True,behind,True,scene_0011__v_after_h.png
scene_0011,v_after_h,o1>o3,left_of,False,True,right_of,True,scene_0011__v_after_h.png
scene_0011,v_after_h,o1>o3,right_of,True,False,left_of,True,scene_0011__v_after_h.png
scene_0011,v_after_h,o1>o3,above,True,False,below,True,scene_0011__v_after_h.png
scene_0011,v_after_h,o1>o3,below,False,True,above,True,scene_0011__v_after_h.png
scene_0011,v_after_h,o1>o3,parallel,False,False,parallel,True,scene_0011__v_after_h.png
scene_0011,v_after_h,o1>o3,perpendicular,False,False,perpendicular,True,scene_0011__v_after_h.png
scene_0011,v_after_h,o1>o3,in_front_of,True,True,in_front_of,True,scene_0011__v_after_h.png
scene_0011,v_after_h,o1>o3,behind,False,False,behind,True,scene_0011__v_after_h.png
scene_0011,v_after_h,o2>o0,left_of,True,False,right_of,True,scene_0011__v_after_h.png
scene_0011,v_after_h,o2>o0,right_of,False,True,left_of,True,scene_0011__v_after_h.png
scene_0011,v_after_h,o2>o0,above,False,True,below,True,scene_0011__v_after_h.png
scene_0011,v_after_h,o2>o0,below,True,False,above,True,scene_0011__v_after_h.png
scene_0011,v_after_h,o2>o0,parallel,False,False,parallel,True,scene_0011__v_after_h.png
scene_0011,v_after_h,o2>o0,perpendicular,False,False,perpendicular,True,scene_0011__v_after_h.png
scene_0011,v_after_h,o2>o0,in_front_of,False,False,in_front_of,True,scene_0011__v_after_h.png
scene_0011,v_after_h,o2>o0,behind,True,True,behind,True,scene_0011__v_after_h.png
scene_0011,v_after_h,o2>o1,left_of,True,False,right_of,True,scene_0011__v_after_h.png
scene_0011,v_after_h,o2>o1,right_of,False,True,left_of,True,scene_0011__v_after_h.png
scene_0011,v_after_h,o2>o1,above,False,True,below,True,scene_0011__v_after_h.png
scene_0011,v_after_h,o2>o1,below,True,False,above,True,scene_0011__v_after_h.png
scene_0011,v_after_h,o2>o1,parallel,False,False,parallel,True,scene_0011__v_after_h.png
scene_0011,v_after_h,o2>o1,perpendicular,False,False,perpendicular,True,scene_0011__v_after_h.png
scene_0011,v_after_h,o2>o1,in_front_of,True,True,in_front_of,True,scene_0011__v_after_h.png
scene_0011,v_after_h,o2>o1,behind,False,False,behind,True,scene_0011__v_after_h.png
scene_0011,v_after_h,o2>o3,left_of,True,False,right_of,True,scene_0011__v_after_h.png
scene_0011,v_after_h,o2>o3,right_of,False,True,left_of,True,scene_0011__v_after_h.png
scene_0011,v_after_h,o2>o3,above,True,False,below,True,scene_0011__v_after_h.png
scene_0011,v_after_h,o2>o3,below,False,True,above,True,scene_0011__v_after_h.png
scene_0011,v_after_h,o2>o3,parallel,False,False,parallel,True,scene_0011__v_after_h.png
scene_0011,v_after_h,o2>o3,perpendicular,True,True,perpendicular,True,scene_0011__v_after_h.png
scene_0011,v_after_h,o2>o3,in_front_of,True,True,in_front_of,True,scene_0011__v_after_h.png
scene_0011,v_after_h,o2>o3,behind,False,False,behind,True,scene_0011__v_after_h.png
scene_0011,v_after_h,o3>o0,left_of,False,True,right_of,True,scene_0011__v_after_h.png
scene_0011,v_after_h,o3>o0,right_of,True,False,left_of,True,scene_0011__v_after_h.png
scene_0011,v_after_h,o3>o0,above,False,True,below,True,scene_0011__v_after_h.png
scene_0011,v_after_h,o3>o0,below,True,False,above,True,scene_0011__v_after_h.png
scene_0011,v_after_h,o3>o0,parallel,False,False,parallel,True,scene_0011__v_after_h.png
scene_0011,v_after_h,o3>o0,perpendicular,False,False,perpendicular,True,scene_0011__v_after_h.png
scene_0011,v_after_h,o3>o0,in_front_of,False,False,in_front_of,True,scene_0011__v_after_h.png
scene_0011,v_after_h,o3>o0,behind,True,True,behind,True,scene_0011__v_after_h.png
scene_0011,v_after_h,o3>o1,left_of,True,False,right_of,True,scene_0011__v_after_h.png
scene_0011,v_after_h,o3>o1,right_of,False,True,left_of,True,scene_0011__v_after_h.png
scene_0011,v_after_h,o3>o1,above,False,True,below,True,scene_0011__v_after_h.png
scene_0011,v_after_h,o3>o1,below,True,False,above,True,scene_0011__v_after_h.png
scene_0011,v_after_h,o3>o1,parallel,False,False,parallel,True,scene_0011__v_after_h.png
scene_0011,v_after_h,o3>o1,perpendicular,False,False,perpendicular,True,scene_0011__v_after_h.png
scene_0011,v_after_h,o3>o1,in_front_of,False,False,in_front_of,True,scene_0011__v_after_h.png
scene_0011,v_after_h,o3>o1,behind,True,True,behind,True,scene_0011__v_after_h.png
scene_0011,v_after_h,o3>o2,left_of,False,True,right_of,True,scene_0011__v_after_h.png
scene_0011,v_after_h,o3>o2,right_of,True,False,left_of,True,scene_0011__v_after_h.png
scene_0011,v_after_h,o3>o2,above,False,True,below,True,scene_0011__v_after_h.png
scene_0011,v_after_h,o3>o2,below,True,False,above,True,scene_0011__v_after_h.png
scene_0011,v_after_h,o3>o2,parallel,False,False,parallel,True,scene_0011__v_after_h.png
scene_0011,v_after_h,o3>o2,perpendicular,True,True,perpendicular,True,scene_0011__v_after_h.png
scene_0011,v_after_h,o3>o2,in_front_of,False,False,in_front_of,True,scene_0011__v_after_h.png
scene_0011,v_after_h,o3>o2,behind,True,True,behind,True,scene_0011__v_after_h.png
scene_0012,hflip,o0>o1,left_of,False,True,right_of,True,scene_0012__hflip.png
scene_0012,hflip,o0>o1,right_of,True,False,left_of,True,scene_0012__hflip.png
scene_0012,hflip,o0>o1,above,True,True,above,True,scene_0012__hflip.png
scene_0012,hflip,o0>o1,below,False,False,below,True,scene_0012__hflip.png
scene_0012,hflip,o0>o1,parallel,False,False,parallel,True,scene_0012__hflip.png
scene_0012,hflip,o0>o1,perpendicular,False,False,perpendicular,True,scene_0012__hflip.png
scene_0012,hflip,o0>o1,in_front_of,True,True,in_front_of,True,scene_0012__hflip.png
scene_0012,hflip,o0>o1,behind,False,False,behind,True,scene_0012__hflip.png
scene_0012,hflip,o0>o2,left_of,False,True,right_of,True,scene_0012__hflip.png
scene_0012,hflip,o0>o2,right_of,True,False,left_of,True,scene_0012__hflip.png
scene_0012,hflip,o0>o2,above,True,True,above,True,scene_0012__hflip.png
scene_0012,hflip,o0>o2,below,False,False,below,True,scene_0012__hflip.png
scene_0012,hflip,o0>o2,parallel,False,False,parallel,True,scene_0012__hflip.png
scene_0012,hflip,o0>o2,perpendicular,False,False,perpendicular,True,scene_0012__hflip.png
scene_0012,hflip,o0>o2,in_front_of,True,True,in_front_of,True,scene_0012__hflip.png
scene_0012,hflip,o0>o2,behind,False,False,behind,True,scene_0012__hflip.png
scene_0012,hflip,o0>o3,left_of,False,True,right_of,True,scene_0012__hflip.png
scene_0012,hflip,o0>o3,right_of,True,False,left_of,True,scene_0012__hflip.png
scene_0012,hflip,o0>o3,above,True,True,above,True,scene_0012__hflip.png
scene_0012,hflip,o0>o3,below,False,False,below,True,scene_0012__hflip.png
scene_0012,hflip,o0>o3,parallel,False,False,parallel,True,scene_0012__hflip.png
scene_0012,hflip,o0>o3,perpendicular,False,False,perpendicular,True,scene_0012__hflip.png
scene_0012,hflip,o0>o3,in_front_of,True,True,in_front_of,True,scene_0012__hflip.png
scene_0012,hflip,o0>o3,behind,False,False,behind,True,scene_0012__hflip.png
scene_0012,hflip,o1>o0,left_of,True,False,right_of,True,scene_0012__hflip.png
scene_0012,hflip,o1>o0,right_of,False,True,left_of,True,scene_0012__hflip.png
scene_0012,hflip,o1>o0,above,False,False,above,True,scene_0012__hflip.png
scene_0012,hflip,o1>o0,below,True,True,below,True,scene_0012__hflip.png
scene_0012,hflip,o1>o0,parallel,False,False,parallel,True,scene_0012__hflip.png
scene_0012,hflip,o1>o0,perpendicular,False,False,perpendicular,True,scene_0012__hflip.png
scene_0012,hflip,o1>o0,in_front_of,False,False,in_front_of,True,scene_0012__hflip.png
scene_0012,hflip,o1>o0,behind,True,True,behind,True,scene_0012__hflip.png
scene_0012,hflip,o1>o2,left_of,False,True,right_of,True,scene_0012__hflip.png
scene_0012,hflip,o1>o2,right_of,True,False,left_of,True,scene_0012__hflip.png
scene_0012,hflip,o1>o2,above,False,False,above,True,scene_0012__hflip.png
scene_0012,hflip,o1>o2,below,True,True,below,True,scene_0012__hflip.png
scene_0012,hflip,o1>o2,parallel,False,False,parallel,True,scene_0012__hflip.png
scene_0012,hflip,o1>o2,perpendicular,False,False,perpendicular,True,scene_0012__hflip.png
scene_0012,hflip,o1>o2,in_front_of,False,False,in_front_of,True,scene_0012__hflip.png
scene_0012,hflip,o1>o2,behind,True,True,behind,True,scene_0012__hflip.png
scene_0012,hflip,o1>o3,left_of,False,True,right_of,True,scene_0012__hflip.png
scene_0012,hflip,o1>o3,right_of,True,False,left_of,True,scene_0012__hflip.png
scene_0012,hflip,o1>o3,above,False,False,above,True,scene_0012__hflip.png
scene_0012,hflip,o1>o3,below,True,True,below,True,scene_0012__hflip.png
scene_0012,hflip,o1>o3,parallel,False,False,parallel,True,scene_0012__hflip.png
scene_0012,hflip,o1>o3,perpendicular,False,False,perpendicular,True,scene_0012__hflip.png
scene_0012,hflip,o1>o3,in_front_of,True,True,in_front_of,True,scene_0012__hflip.png
scene_0012,hflip,o1>o3,behind,False,False,behind,True,scene_0012__hflip.png
scene_0012,hflip,o2>o0,left_of,True,False,right_of,True,scene_0012__hflip.png
scene_0012,hflip,o2>o0,right_of,False,True,left_of,True,scene_0012__hflip.png
scene_0012,hflip,o2>o0,above,False,False,above,True,scene_0012__hflip.png
scene_0012,hflip,o2>o0,below,True,True,below,True,scene_0012__hflip.png
scene_0012,hflip,o2>o0,parallel,False,False,parallel,True,scene_0012__hflip.png
scene_0012,hflip,o2>o0,perpendicular,False,False,perpendicular,True,scene_0012__hflip.png
scene_0012,hflip,o2>o0,in_front_of,False,False,in_front_of,True,scene_0012__hflip.png
scene_0012,hflip,o2>o0,behind,True,True,behind,True,scene_0012__hflip.png
scene_0012,hflip,o2>o1,left_of,True,False,right_of,True,scene_0012__hflip.png
scene_0012,hflip,o2>o1,right_of,False,True,left_of,True,scene_0012__hflip.png
scene_0012,hflip,o2>o1,above,True,True,above,True,scene_0012__hflip.png
scene_0012,hflip,o2>o1,below,False,False,below,True,scene_0012__hflip.png
scene_0012,hflip,o2>o1,parallel,False,False,parallel,True,scene_0012__hflip.png
scene_0012,hflip,o2>o1,perpendicular,False,False,perpendicular,True,scene_0012__hflip.png
scene_0012,hflip,o2>o1,in_front_of,True,True,in_front_of,True,scene_0012__hflip.png
scene_0012,hflip,o2>o1,behind,False,False,behind,True,scene_0012__hflip.png
scene_0012,hflip,o2>o3,left_of,False,True,right_of,True,scene_0012__hflip.png
scene_0012,hflip,o2>o3,right_of,True,False,left_of,True,scene_0012__hflip.png
scene_0012,hflip,o2>o3,above,False,False,above,True,scene_0012__hflip.png
scene_0012,hflip,o2>o3,below,True,True,below,True,scene_0012__hflip.png
scene_0012,hflip,o2>o3,parallel,True,True,parallel,True,scene_0012__hflip.png
scene_0012,hflip,o2>o3,perpendicular,False,False,perpendicular,True,scene_0012__hflip.png
scene_0012,hflip,o2>o3,in_front_of,True,True,in_front_of,True,scene_0012__hflip.png
scene_0012,hflip,o2>o3,behind,False,False,behind,True,scene_0012__hflip.png
scene_0012,hflip,o3>o0,left_of,True,False,right_of,True,scene_0012__hflip.png
scene_0012,hflip,o3>o0,right_of,False,True,left_of,True,scene_0012__hflip.png
scene_0012,hflip,o3>o0,above,False,False,above,True,scene_0012__hflip.png
scene_0012,hflip,o3>o0,below,True,True,below,True,scene_0012__hflip.png
scene_0012,hflip,o3>o0,parallel,False,False,parallel,True,scene_0012__hflip.png
scene_0012,hflip,o3>o0,perpendicular,False,False,perpendicular,True,scene_0012__hflip.png
scene_0012,hflip,o3>o0,in_front_of,False,False,in_front_of,True,scene_0012__hflip.png
scene_0012,hflip,o3>o0,behind,True,True,behind,True,scene_0012__hflip.png
scene_0012,hflip,o3>o1,left_of,True,False,right_of,True,scene_0012__hflip.png
scene_0012,hflip,o3>o1,right_of,False,True,left_of,True,scene_0012__hflip.png
scene_0012,hflip,o3>o1,above,True,True,above,True,scene_0012__hflip.png
scene_0012,hflip,o3>o1,below,False,False,below,True,scene_0012__hflip.png
scene_0012,hflip,o3>o1,parallel,False,False,parallel,True,scene_0012__hflip.png
scene_0012,hflip,o3>o1,perpendicular,False,False,perpendicular,True,scene_0012__hflip.png
scene_0012,hflip,o3>o1,in_front_of,False,False,in_front_of,True,scene_0012__hflip.png
scene_0012,hflip,o3>o1,behind,True,True,behind,True,scene_0012__hflip.png
scene_0012,hflip,o3>o2,left_of,True,False,right_of,True,scene_0012__hflip.png
scene_0012,hflip,o3>o2,right_of,False,True,left_of,True,scene_0012__hflip.png
scene_0012,hflip,o3>o2,above,True,True,above,True,scene_0012__hflip.png
scene_0012,hflip,o3>o2,below,False,False,below,True,scene_0012__hflip.png
scene_0012,hflip,o3>o2,parallel,True,True,parallel,True,scene_0012__hflip.png
scene_0012,hflip,o3>o2,perpendicular,False,False,perpendicular,True,scene_0012__hflip.png
scene_0012,hflip,o3>o2,in_front_of,False,False,in_front_of,True,scene_0012__hflip.png
scene_0012,hflip,o3>o2,behind,True,True,behind,True,scene_0012__hflip.png
scene_0012,vflip,o0>o1,left_of,False,False,left_of,True,scene_0012__vflip.png
scene_0012,vflip,o0>o1,right_of,True,True,right_of,True,scene_0012__vflip.png
scene_0012,vflip,o0>o1,above,True,False,below,True,scene_0012__vflip.png
scene_0012,vflip,o0>o1,below,False,True,above,True,scene_0012__vflip.png
scene_0012,vflip,o0>o1,parallel,False,False,parallel,True,scene_0012__vflip.png
scene_0012,vflip,o0>o1,perpendicular,False,False,perpendicular,True,scene_0012__vflip.png
scene_0012,vflip,o0>o1,in_front_of,True,True,in_front_of,True,scene_0012__vflip.png
scene_0012,vflip,o0>o1,behind,False,False,behind,True,scene_0012__vflip.png
scene_0012,vflip,o0>o2,left_of,False,False,left_of,True,scene_0012__vflip.png
scene_0012,vflip,o0>o2,right_of,True,True,right_of,True,scene_0012__vflip.png
scene_0012,vflip,o0>o2,above,True,False,below,True,scene_0012__vflip.png
scene_0012,vflip,o0>o2,below,False,True,above,True,scene_0012__vflip.png
scene_0012,vflip,o0>o2,parallel,False,False,parallel,True,scene_0012__vflip.png
scene_0012,vflip,o0>o2,perpendicular,False,False,perpendicular,True,scene_0012__vflip.png
scene_0012,vflip,o0>o2,in_front_of,True,True,in_front_of,True,scene_0012__vflip.png
scene_0012,vflip,o0>o2,behind,False,False,behind,True,scene_0012__vflip.png
scene_0012,vflip,o0>o3,left_of,False,False,left_of,True,scene_0012__vflip.png
scene_0012,vflip,o0>o3,right_of,True,True,right_of,True,scene_0012__vflip.png
scene_0012,vflip,o0>o3,above,True,False,below,True,scene_0012__vflip.png
scene_0012,vflip,o0>o3,below,False,True,above,True,scene_0012__vflip.png
scene_0012,vflip,o0>o3,parallel,False,False,parallel,True,scene_0012__vflip.png
scene_0012,vflip,o0>o3,perpendicular,False,False,perpendicular,True,scene_0012__vflip.png
scene_0012,vflip,o0>o3,in_front_of,True,True,in_front_of,True,scene_0012__vflip.png
scene_0012,vflip,o0>o3,behind,False,False,behind,True,scene_0012__vflip.png
scene_0012,vflip,o1>o0,left_of,True,True,left_of,True,scene_0012__vflip.png
scene_0012,vflip,o1>o0,right_of,False,False,right_of,True,scene_0012__vflip.png
scene_0012,vflip,o1>o0,above,False,True,below,True,scene_0012__vflip.png
scene_0012,vflip,o1>o0,below,True,False,above,True,scene_0012__vflip.png
scene_0012,vflip,o1>o0,parallel,False,False,parallel,True,scene_0012__vflip.png
scene_0012,vflip,o1>o0,perpendicular,False,False,perpendicular,True,scene_0012__vflip.png
scene_0012,vflip,o1>o0,in_front_of,False,False,in_front_of,True,scene_0012__vflip.png
scene_0012,vflip,o1>o0,behind,True,True,behind,True,scene_0012__vflip.png
scene_0012,vflip,o1>o2,left_of,False,False,left_of,True,scene_0012__vflip.png
scene_0012,vflip,o1>o2,right_of,True,True,right_of,True,scene_0012__vflip.png
scene_0012,vflip,o1>o2,above,False,True,below,True,scene_0012__vflip.png
scene_0012,vflip,o1>o2,below,True,False,above,True,scene_0012__vflip.png
scene_0012,vflip,o1>o2,parallel,False,False,parallel,True,scene_0012__vflip.png
scene_0012,vflip,o1>o2,perpendicular,False,False,perpendicular,True,scene_0012__vflip.png
scene_0012,vflip,o1>o2,in_front_of,False,False,in_front_of,True,scene_0012__vflip.png
scene_0012,vflip,o1>o2,behind,True,True,behind,True,scene_0012__vflip.png
scene_0012,vflip,o1>o3,left_of,False,False,left_of,True,scene_0012__vflip.png
scene_0012,vflip,o1>o3,right_of,True,True,right_of,True,scene_0012__vflip.png
scene_0012,vflip,o1>o3,above,False,True,below,True,scene_0012__vflip.png
scene_0012,vflip,o1>o3,below,True,False,above,True,scene_0012__vflip.png
scene_0012,vflip,o1>o3,parallel,False,False,parallel,True,scene_0012__vflip.png
scene_0012,vflip,o1>o3,perpendicular,False,False,perpendicular,True,scene_0012__vflip.png
scene_0012,vflip,o1>o3,in_front_of,True,True,in_front_of,True,scene_0012__vflip.png
scene_0012,vflip,o1>o3,behind,False,False,behind,True,scene_0012__vflip.png
scene_0012,vflip,o2>o0,left_of,True,True,left_of,True,scene_0012__vflip.png
scene_0012,vflip,o2>o0,right_of,False,False,right_of,True,scene_0012__vflip.png
scene_0012,vflip,o2>o0,above,False,True,below,True,scene_0012__vflip.png
scene_0012,vflip,o2>o0,below,True,False,above,True,scene_0012__vflip.png
scene_0012,vflip,o2>o0,parallel,False,False,parallel,True,scene_0012__vflip.png
scene_0012,vflip,o2>o0,perpendicular,False,False,perpendicular,True,scene_0012__vflip.png
scene_0012,vflip,o2>o0,in_front_of,False,False,in_front_of,True,scene_0012__vflip.png
scene_0012,vflip,o2>o0,behind,True,True,behind,True,scene_0012__vflip.png
scene_0012,vflip,o2>o1,left_of,True,True,left_of,True,scene_0012__vflip.png
scene_0012,vflip,o2>o1,right_of,False,False,right_of,True,scene_0012__vflip.png
scene_0012,vflip,o2>o1,above,True,False,below,True,scene_0012__vflip.png
scene_0012,vflip,o2>o1,below,False,True,above,True,scene_0012__vflip.png
scene_0012,vflip,o2>o1,parallel,False,False,parallel,True,scene_0012__vflip.png
scene_0012,vflip,o2>o1,perpendicular,False,False,perpendicular,True,scene_0012__vflip.png
scene_0012,vflip,o2>o1,in_front_of,True,True,in_front_of,True,scene_0012__vflip.png
scene_0012,vflip,o2>o1,behind,False,False,behind,True,scene_0012__vflip.png
scene_0012,vflip,o2>o3,left_of,False,False,left_of,True,scene_0012__vflip.png
scene_0012,vflip,o2>o3,right_of,True,True,right_of,True,scene_0012__vflip.png
scene_0012,vflip,o2>o3,above,False,True,below,True,scene_0012__vflip.png
scene_0012,vflip,o2>o3,below,True,False,above,True,scene_0012__vflip.png
scene_0012,vflip,o2>o3,parallel,True,True,parallel,True,scene_0012__vflip.png
scene_0012,vflip,o2>o3,perpendicular,False,False,perpendicular,True,scene_0012__vflip.png
scene_0012,vflip,o2>o3,in_front_of,True,True,in_front_of,True,scene_0012__vflip.png
scene_0012,vflip,o2>o3,behind,False,False,behind,True,scene_0012__vflip.png
scene_0012,vflip,o3>o0,left_of,True,True,left_of,True,scene_0012__vflip.png
scene_0012,vflip,o3>o0,right_of,False,False,right_of,True,scene_0012__vflip.png
scene_0012,vflip,o3>o0,above,False,True,below,True,scene_0012__vflip.png
scene_0012,vflip,o3>o0,below,True,False,above,True,scene_0012__vflip.png
scene_0012,vflip,o3>o0,parallel,False,False,parallel,True,scene_0012__vflip.png
scene_0012,vflip,o3>o0,perpendicular,False,False,perpendicular,True,scene_0012__vflip.png
scene_0012,vflip,o3>o0,in_front_of,False,False,in_front_of,True,scene_0012__vflip.png
scene_0012,vflip,o3>o0,behind,True,True,behind,True,scene_0012__vflip.png
scene_0012,vflip,o3>o1,left_of,True,True,left_of,True,scene_0012__vflip.png
scene_0012,vflip,o3>o1,right_of,False,False,right_of,True,scene_0012__vflip.png
scene_0012,vflip,o3>o1,above,True,False,below,True,scene_0012__vflip.png
scene_0012,vflip,o3>o1,below,False,True,above,True,scene_0012__vflip.png
scene_0012,vflip,o3>o1,parallel,False,False,parallel,True,scene_0012__vflip.png
scene_0012,vflip,o3>o1,perpendicular,False,False,perpendicular,True,scene_0012__vflip.png
scene_0012,vflip,o3>o1,in_front_of,False,False,in_front_of,True,scene_0012__vflip.png
scene_0012,vflip,o3>o1,behind,True,True,behind,True,scene_0012__vflip.png
scene_0012,vflip,o3>o2,left_of,True,True,left_of,True,scene_0012__vflip.png
scene_0012,vflip,o3>o2,right_of,False,False,right_of,True,scene_0012__vflip.png
scene_0012,vflip,o3>o2,above,True,False,below,True,scene_0012__vflip.png
scene_0012,vflip,o3>o2,below,False,True,above,True,scene_0012__vflip.png
scene_0012,vflip,o3>o2,parallel,True,True,parallel,True,scene_0012__vflip.png
scene_0012,vflip,o3>o2,perpendicular,False,False,perpendicular,True,scene_0012__vflip.png
scene_0012,vflip,o3>o2,in_front_of,False,False,in_front_of,True,scene_0012__vflip.png
scene_0012,vflip,o3>o2,behind,True,True,behind,True,scene_0012__vflip.png
scene_0012,v_after_h,o0>o1,left_of,False,True,right_of,True,scene_0012__v_after_h.png
scene_0012,v_after_h,o0>o1,right_of,True,False,left_of,True,scene_0012__v_after_h.png
scene_0012,v_after_h,o0>o1,above,True,False,below,True,scene_0012__v_after_h.png
scene_0012,v_after_h,o0>o1,below,False,True,above,True,scene_0012__v_after_h.png
scene_0012,v_after_h,o0>o1,parallel,False,False,parallel,True,scene_0012__v_after_h.png
scene_0012,v_after_h,o0>o1,perpendicular,False,False,perpendicular,True,scene_0012__v_after_h.png
scene_0012,v_after_h,o0>o1,in_front_of,True,True,in_front_of,True,scene_0012__v_after_h.png
scene_0012,v_after_h,o0>o1,behind,False,False,behind,True,scene_0012__v_after_h.png
scene_0012,v_after_h,o0>o2,left_of,False,True,right_of,True,scene_0012__v_after_h.png
scene_0012,v_after_h,o0>o2,right_of,True,False,left_of,True,scene_0012__v_after_h.png
scene_0012,v_after_h,o0>o2,above,True,False,below,True,scene_0012__v_after_h.png
scene_0012,v_after_h,o0>o2,below,False,True,above,True,scene_0012__v_after_h.png
scene_0012,v_after_h,o0>o2,parallel,False,False,parallel,True,scene_0012__v_after_h.png
scene_0012,v_after_h,o0>o2,perpendicular,False,False,perpendicular,True,scene_0012__v_after_h.png
scene_0012,v_after_h,o0>o2,in_front_of,True,True,in_front_of,True,scene_0012__v_after_h.png
scene_0012,v_after_h,o0>o2,behind,False,False,behind,True,scene_0012__v_after_h.png
scene_0012,v_after_h,o0>o3,left_of,False,True,right_of,True,scene_0012__v_after_h.png
scene_0012,v_after_h,o0>o3,right_of,True,False,left_of,True,scene_0012__v_after_h.png
scene_0012,v_after_h,o0>o3,above,True,False,below,True,scene_0012__v_after_h.png
scene_0012,v_after_h,o0>o3,below,False,True,above,True,scene_0012__v_after_h.png
scene_0012,v_after_h,o0>o3,parallel,False,False,parallel,True,scene_0012__v_after_h.png
scene_0012,v_after_h,o0>o3,perpendicular,False,False,perpendicular,True,scene_0012__v_after_h.png
scene_0012,v_after_h,o0>o3,in_front_of,True,True,in_front_of,True,scene_0012__v_after_h.png
scene_0012,v_after_h,o0>o3,behind,False,False,behind,True,scene_0012__v_after_h.png
scene_0012,v_after_h,o1>o0,left_of,True,False,right_of,True,scene_0012__v_after_h.png
scene_0012,v_after_h,o1>o0,right_of,False,True,left_of,True,scene_0012__v_after_h.png
scene_0012,v_after_h,o1>o0,above,False,True,below,True,scene_0012__v_after_h.png
scene_0012,v_after_h,o1>o0,below,True,False,above,True,scene_0012__v_after_h.png
scene_0012,v_after_h,o1>o0,parallel,False,False,parallel,True,scene_0012__v_after_h.png
scene_0012,v_after_h,o1>o0,perpendicular,False,False,perpendicular,True,scene_0012__v_after_h.png
scene_0012,v_after_h,o1>o0,in_front_of,False,False,in_front_of,True,scene_0012__v_after_h.png
scene_0012,v_after_h,o1>o0,behind,True,True,behind,True,scene_0012__v_after_h.png
scene_0012,v_after_h,o1>o2,left_of,False,True,right_of,True,scene_0012__v_after_h.png
scene_0012,v_after_h,o1>o2,right_of,True,False,left_of,True,scene_0012__v_after_h.png
scene_0012,v_after_h,o1>o2,above,False,True,below,True,scene_0012__v_after_h.png
scene_0012,v_after_h,o1>o2,below,True,False,above,True,scene_0012__v_after_h.png
scene_0012,v_after_h,o1>o2,parallel,False,False,parallel,True,scene_0012__v_after_h.png
scene_0012,v_after_h,o1>o2,perpendicular,False,False,perpendicular,True,scene_0012__v_after_h.png
scene_0012,v_after_h,o1>o2,in_front_of,False,False,in_front_of,True,scene_0012__v_after_h.png
scene_0012,v_after_h,o1>o2,behind,True,True,behind,True,scene_0012__v_after_h.png
scene_0012,v_after_h,o1>o3,left_of,False,True,right_of,True,scene_0012__v_after_h.png
scene_0012,v_after_h,o1>o3,right_of,True,False,left_of,True,scene_0012__v_after_h.png
scene_0012,v_after_h,o1>o3,above,False,True,below,True,scene_0012__v_after_h.png
scene_0012,v_after_h,o1>o3,below,True,False,above,True,scene_0012__v_after_h.png
scene_0012,v_after_h,o1>o3,parallel,False,False,parallel,True,scene_0012__v_after_h.png
scene_0012,v_after_h,o1>o3,perpendicular,False,False,perpendicular,True,scene_0012__v_after_h.png
scene_0012,v_after_h,o1>o3,in_front_of,True,True,in_front_of,True,scene_0012__v_after_h.png
scene_0012,v_after_h,o1>o3,behind,False,False,behind,True,scene_0012__v_after_h.png
scene_0012,v_after_h,o2>o0,left_of,True,False,right_of,True,scene_0012__v_after_h.png
scene_0012,v_after_h,o2>o0,right_of,False,True,left_of,True,scene_0012__v_after_h.png
scene_0012,v_after_h,o2>o0,above,False,True,below,True,scene_0012__v_after_h.png
scene_0012,v_after_h,o2>o0,below,True,False,above,True,scene_0012__v_after_h.png
scene_0012,v_after_h,o2>o0,parallel,False,False,parallel,True,scene_0012__v_after_h.png
scene_0012,v_after_h,o2>o0,perpendicular,False,False,perpendicular,True,scene_0012__v_after_h.png
scene_0012,v_after_h,o2>o0,in_front_of,False,False,in_front_of,True,scene_0012__v_after_h.png
scene_0012,v_after_h,o2>o0,behind,True,True,behind,True,scene_0012__v_after_h.png
scene_0012,v_after_h,o2>o1,left_of,True,False,right_of,True,scene_0012__v_after_h.png
scene_0012,v_after_h,o2>o1,right_of,False,True,left_of,True,scene_0012__v_after_h.png
scene_0012,v_after_h,o2>o1,above,True,False,below,True,scene_0012__v_after_h.png
scene_0012,v_after_h,o2>o1,below,False,True,above,True,scene_0012__v_after_h.png
scene_0012,v_after_h,o2>o1,parallel,False,False,parallel,True,scene_0012__v_after_h.png
scene_0012,v_after_h,o2>o1,perpendicular,False,False,perpendicular,True,scene_0012__v_after_h.png
scene_0012,v_after_h,o2>o1,in_front_of,True,True,in_front_of,True,scene_0012__v_after_h.png
scene_0012,v_after_h,o2>o1,behind,False,False,behind,True,scene_0012__v_after_h.png
scene_0012,v_after_h,o2>o3,left_of,False,True,right_of,True,scene_0012__v_after_h.png
scene_0012,v_after_h,o2>o3,right_of,True,False,left_of,True,scene_0012__v_after_h.png
scene_0012,v_after_h,o2>o3,above,False,True,below,True,scene_0012__v_after_h.png
scene_0012,v_after_h,o2>o3,below,True,False,above,True,scene_0012__v_after_h.png
scene_0012,v_after_h,o2>o3,parallel,True,True,parallel,True,scene_0012__v_after_h.png
scene_0012,v_after_h,o2>o3,perpendicular,False,False,perpendicular,True,scene_0012__v_after_h.png
scene_0012,v_after_h,o2>o3,in_front_of,True,True,in_front_of,True,scene_0012__v_after_h.png
scene_0012,v_after_h,o2>o3,behind,False,False,behind,True,scene_0012__v_after_h.png
scene_0012,v_after_h,o3>o0,left_of,True,False,right_of,True,scene_0012__v_after_h.png
scene_0012,v_after_h,o3>o0,right_of,False,True,left_of,True,scene_0012__v_after_h.png
scene_0012,v_after_h,o3>o0,above,False,True,below,True,scene_0012__v_after_h.png
scene_0012,v_after_h,o3>o0,below,True,False,above,True,scene_0012__v_after_h.png
scene_0012,v_after_h,o3>o0,parallel,False,False,parallel,True,scene_0012__v_after_h.png
scene_0012,v_after_h,o3>o0,perpendicular,False,False,perpendicular,True,scene_0012__v_after_h.png
scene_0012,v_after_h,o3>o0,in_front_of,False,False,in_front_of,True,scene_0012__v_after_h.png
scene_0012,v_after_h,o3>o0,behind,True,True,behind,True,scene_0012__v_after_h.png
scene_0012,v_after_h,o3>o1,left_of,True,False,right_of,True,scene_0012__v_after_h.png
scene_0012,v_after_h,o3>o1,right_of,False,True,left_of,True,scene_0012__v_after_h.png
scene_0012,v_after_h,o3>o1,above,True,False,below,True,scene_0012__v_after_h.png
scene_0012,v_after_h,o3>o1,below,False,True,above,True,scene_0012__v_after_h.png
scene_0012,v_after_h,o3>o1,parallel,False,False,parallel,True,scene_0012__v_after_h.png
scene_0012,v_after_h,o3>o1,perpendicular,False,False,perpendicular,True,scene_0012__v_after_h.png
scene_0012,v_after_h,o3>o1,in_front_of,False,False,in_front_of,True,scene_0012__v_after_h.png
scene_0012,v_after_h,o3>o1,behind,True,True,behind,True,scene_0012__v_after_h.png
scene_0012,v_after_h,o3>o2,left_of,True,False,right_of,True,scene_0012__v_after_h.png
scene_0012,v_after_h,o3>o2,right_of,False,True,left_of,True,scene_0012__v_after_h.png
scene_0012,v_after_h,o3>o2,above,True,False,below,True,scene_0012__v_after_h.png
scene_0012,v_after_h,o3>o2,below,False,True,above,True,scene_0012__v_after_h.png
scene_0012,v_after_h,o3>o2,parallel,True,True,parallel,True,scene_0012__v_after_h.png
scene_0012,v_after_h,o3>o2,perpendicular,False,False,perpendicular,True,scene_0012__v_after_h.png
scene_0012,v_after_h,o3>o2,in_front_of,False,False,in_front_of,True,scene_0012__v_after_h.png
scene_0012,v_after_h,o3>o2,behind,True,True,behind,True,scene_0012__v_after_h.png
scene_0013,hflip,o0>o1,left_of,True,False,right_of,True,scene_0013__hflip.png
scene_0013,hflip,o0>o1,right_of,False,True,left_of,True,scene_0013__hflip.png
scene_0013,hflip,o0>o1,above,False,False,above,True,scene_0013__hflip.png
scene_0013,hflip,o0>o1,below,True,True,below,True,scene_0013__hflip.png
scene_0013,hflip,o0>o1,parallel,False,False,parallel,True,scene_0013__hflip.png
scene_0013,hflip,o0>o1,perpendicular,False,False,perpendicular,True,scene_0013__hflip.png
scene_0013,hflip,o0>o1,in_front_of,True,True,in_front_of,True,scene_0013__hflip.png
scene_0013,hflip,o0>o1,behind,False,False,behind,True,scene_0013__hflip.png
scene_0013,hflip,o0>o2,left_of,True,False,right_of,True,scene_0013__hflip.png
scene_0013,hflip,o0>o2,right_of,False,True,left_of,True,scene_0013__hflip.png
scene_0013,hflip,o0>o2,above,True,True,above,True,scene_0013__hflip.png
scene_0013,hflip,o0>o2,below,False,False,below,True,scene_0013__hflip.png
scene_0013,hflip,o0>o2,parallel,False,False,parallel,True,scene_0013__hflip.png
scene_0013,hflip,o0>o2,perpendicular,False,False,perpendicular,True,scene_0013__hflip.png
scene_0013,hflip,o0>o2,in_front_of,True,True,in_front_of,True,scene_0013__hflip.png
scene_0013,hflip,o0>o2,behind,False,False,behind,True,scene_0013__hflip.png
scene_0013,hflip,o0>o3,left_of,True,False,right_of,True,scene_0013__hflip.png
scene_0013,hflip,o0>o3,right_of,False,True,left_of,True,scene_0013__hflip.png
scene_0013,hflip,o0>o3,above,False,False,above,True,scene_0013__hflip.png
scene_0013,hflip,o0>o3,below,True,True,below,True,scene_0013__hflip.png
scene_0013,hflip,o0>o3,parallel,False,False,parallel,True,scene_0013__hflip.png
scene_0013,hflip,o0>o3,perpendicular,False,False,perpendicular,True,scene_0013__hflip.png
scene_0013,hflip,o0>o3,in_front_of,True,True,in_front_of,True,scene_0013__hflip.png
scene_0013,hflip,o0>o3,behind,False,False,behind,True,scene_0013__hflip.png
scene_0013,hflip,o1>o0,left_of,False,True,right_of,True,scene_0013__hflip.png
scene_0013,hflip,o1>o0,right_of,True,False,left_of,True,scene_0013__hflip.png
scene_0013,hflip,o1>o0,above,True,True,above,True,scene_0013__hflip.png
scene_0013,hflip,o1>o0,below,False,False,below,True,scene_0013__hflip.png
scene_0013,hflip,o1>o0,parallel,False,False,parallel,True,scene_0013__hflip.png
scene_0013,hflip,o1>o0,perpendicular,False,False,perpendicular,True,scene_0013__hflip.png
scene_0013,hflip,o1>o0,in_front_of,False,False,in_front_of,True,scene_0013__hflip.png
scene_0013,hflip,o1>o0,behind,True,True,behind,True,scene_0013__hflip.png
scene_0013,hflip,o1>o2,left_of,True,False,right_of,True,scene_0013__hflip.png
scene_0013,hflip,o1>o2,right_of,False,True,left_of,True,scene_0013__hflip.png
scene_0013,hflip,o1>o2,above,True,True,above,True,scene_0013__hflip.png
scene_0013,hflip,o1>o2,below,False,False,below,True,scene_0013__hflip.png
scene_0013,hflip,o1>o2,parallel,False,False,parallel,True,scene_0013__hflip.png
scene_0013,hflip,o1>o2,perpendicular,False,False,perpendicular,True,scene_0013__hflip.png
scene_0013,hflip,o1>o2,in_front_of,False,False,in_front_of,True,scene_0013__hflip.png
scene_0013,hflip,o1>o2,behind,True,True,behind,True,scene_0013__hflip.png
scene_0013,hflip,o1>o3,left_of,False,True,right_of,True,scene_0013__hflip.png
scene_0013,hflip,o1>o3,right_of,True,False,left_of,True,scene_0013__hflip.png
scene_0013,hflip,o1>o3,above,True,True,above,True,scene_0013__hflip.png
scene_0013,hflip,o1>o3,below,False,False,below,True,scene_0013__hflip.png
scene_0013,hflip,o1>o3,parallel,False,False,parallel,True,scene_0013__hflip.png
scene_0013,hflip,o1>o3,perpendicular,False,False,perpendicular,True,scene_0013__hflip.png
scene_0013,hflip,o1>o3,in_front_of,True,True,in_front_of,True,scene_0013__hflip.png
scene_0013,hflip,o1>o3,behind,False,False,behind,True,scene_0013__hflip.png
scene_0013,hflip,o2>o0,left_of,False,True,right_of,True,scene_0013__hflip.png
scene_0013,hflip,o2>o0,right_of,True,False,left_of,True,scene_0013__hflip.png
scene_0013,hflip,o2>o0,above,False,False,above,True,scene_0013__hflip.png
scene_0013,hflip,o2>o0,below,True,True,below,True,scene_0013__hflip.png
scene_0013,hflip,o2>o0,parallel,False,False,parallel,True,scene_0013__hflip.png
scene_0013,hflip,o2>o0,perpendicular,False,False,perpendicular,True,scene_0013__hflip.png
scene_0013,hflip,o2>o0,in_front_of,False,False,in_front_of,True,scene_0013__hflip.png
scene_0013,hflip,o2>o0,behind,True,True,behind,True,scene_0013__hflip.png
scene_0013,hflip,o2>o1,left_of,False,True,right_of,True,scene_0013__hflip.png
scene_0013,hflip,o2>o1,right_of,True,False,left_of,True,scene_0013__hflip.png
scene_0013,hflip,o2>o1,above,False,False,above,True,scene_0013__hflip.png
scene_0013,hflip,o2>o1,below,True,True,below,True,scene_0013__hflip.png
scene_0013,hflip,o2>o1,parallel,False,False,parallel,True,scene_0013__hflip.png
scene_0013,hflip,o2>o1,perpendicular,False,False,perpendicular,True,scene_0013__hflip.png
scene_0013,hflip,o2>o1,in_front_of,True,True,in_front_of,True,scene_0013__hflip.png
scene_0013,hflip,o2>o1,behind,False,False,behind,True,scene_0013__hflip.png
scene_0013,hflip,o2>o3,left_of,False,True,right_of,True,scene_0013__hflip.png
scene_0013,hflip,o2>o3,right_of,True,False,left_of,True,scene_0013__hflip.png
scene_0013,hflip,o2>o3,above,False,False,above,True,scene_0013__hflip.png
scene_0013,hflip,o2>o3,below,True,True,below,True,scene_0013__hflip.png
scene_0013,hflip,o2>o3,parallel,True,True,parallel,True,scene_0013__hflip.png
scene_0013,hflip,o2>o3,perpendicular,False,False,perpendicular,True,scene_0013__hflip.png
scene_0013,hflip,o2>o3,in_front_of,True,True,in_front_of,True,scene_0013__hflip.png
scene_0013,hflip,o2>o3,behind,False,False,behind,True,scene_0013__hflip.png
scene_0013,hflip,o3>o0,left_of,False,True,right_of,True,scene_0013__hflip.png
scene_0013,hflip,o3>o0,right_of,True,False,left_of,True,scene_0013__hflip.png
scene_0013,hflip,o3>o0,above,True,True,above,True,scene_0013__hflip.png
scene_0013,hflip,o3>o0,below,False,False,below,True,scene_0013__hflip.png
scene_0013,hflip,o3>o0,parallel,False,False,parallel,True,scene_0013__hflip.png
scene_0013,hflip,o3>o0,perpendicular,False,False,perpendicular,True,scene_0013__hflip.png
scene_0013,hflip,o3>o0,in_front_of,False,False,in_front_of,True,scene_0013__hflip.png
scene_0013,hflip,o3>o0,behind,True,True,behind,True,scene_0013__hflip.png
scene_0013,hflip,o3>o1,left_of,True,False,right_of,True,scene_0013__hflip.png
scene_0013,hflip,o3>o1,right_of,False,True,left_of,True,scene_0013__hflip.png
scene_0013,hflip,o3>o1,above,False,False,above,True,scene_0013__hflip.png
scene_0013,hflip,o3>o1,below,True,True,below,True,scene_0013__hflip.png
scene_0013,hflip,o3>o1,parallel,False,False,parallel,True,scene_0013__hflip.png
scene_0013,hflip,o3>o1,perpendicular,False,False,perpendicular,True,scene_0013__hflip.png
scene_0013,hflip,o3>o1,in_front_of,False,False,in_front_of,True,scene_0013__hflip.png
scene_0013,hflip,o3>o1,behind,True,True,behind,True,scene_0013__hflip.png
scene_0013,hflip,o3>o2,left_of,True,False,right_of,True,scene_0013__hflip.png
scene_0013,hflip,o3>o2,right_of,False,True,left_of,True,scene_0013__hflip.png
scene_0013,hflip,o3>o2,above,True,True,above,True,scene_0013__hflip.png
scene_0013,hflip,o3>o2,below,False,False,below,True,scene_0013__hflip.png
scene_0013,hflip,o3>o2,parallel,True,True,parallel,True,scene_0013__hflip.png
scene_0013,hflip,o3>o2,perpendicular,False,False,perpendicular,True,scene_0013__hflip.png
scene_0013,hflip,o3>o2,in_front_of,False,False,in_front_of,True,scene_0013__hflip.png
scene_0013,hflip,o3>o2,behind,True,True,behind,True,scene_0013__hflip.png
scene_0013,vflip,o0>o1,left_of,True,True,left_of,True,scene_0013__vflip.png
scene_0013,vflip,o0>o1,right_of,False,False,right_of,True,scene_0013__vflip.png
scene_0013,vflip,o0>o1,above,False,True,below,True,scene_0013__vflip.png
scene_0013,vflip,o0>o1,below,True,False,above,True,scene_0013__vflip.png
scene_0013,vflip,o0>o1,parallel,False,False,parallel,True,scene_0013__vflip.png
scene_0013,vflip,o0>o1,perpendicular,False,False,perpendicular,True,scene_0013__vflip.png
scene_0013,vflip,o0>o1,in_front_of,True,True,in_front_of,True,scene_0013__vflip.png
scene_0013,vflip,o0>o1,behind,False,False,behind,True,scene_0013__vflip.png
scene_0013,vflip,o0>o2,left_of,True,True,left_of,True,scene_0013__vflip.png
scene_0013,vflip,o0>o2,right_of,False,False,right_of,True,scene_0013__vflip.png
scene_0013,vflip,o0>o2,above,True,False,below,True,scene_0013__vflip.png
scene_0013,vflip,o0>o2,below,False,True,above,True,scene_0013__vflip.png
scene_0013,vflip,o0>o2,parallel,False,False,parallel,True,scene_0013__vflip.png
scene_0013,vflip,o0>o2,perpendicular,False,False,perpendicular,True,scene_0013__vflip.png
scene_0013,vflip,o0>o2,in_front_of,True,True,in_front_of,True,scene_0013__vflip.png
scene_0013,vflip,o0>o2,behind,False,False,behind,True,scene_0013__vflip.png
scene_0013,vflip,o0>o3,left_of,True,True,left_of,True,scene_0013__vflip.png
scene_0013,vflip,o0>o3,right_of,False,False,right_of,True,scene_0013__vflip.png
scene_0013,vflip,o0>o3,above,False,True,below,True,scene_0013__vflip.png
scene_0013,vflip,o0>o3,below,True,False,above,True,scene_0013__vflip.png
scene_0013,vflip,o0>o3,parallel,False,False,parallel,True,scene_0013__vflip.png
scene_0013,vflip,o0>o3,perpendicular,False,False,perpendicular,True,scene_0013__vflip.png
scene_0013,vflip,o0>o3,in_front_of,True,True,in_front_of,True,scene_0013__vflip.png
scene_0013,vflip,o0>o3,behind,False,False,behind,True,scene_0013__vflip.png
scene_0013,vflip,o1>o0,left_of,False,False,left_of,True,scene_0013__vflip.png
scene_0013,vflip,o1>o0,right_of,True,True,right_of,True,scene_0013__vflip.png
scene_0013,vflip,o1>o0,above,True,False,below,True,scene_0013__vflip.png
scene_0013,vflip,o1>o0,below,False,True,above,True,scene_0013__vflip.png
scene_0013,vflip,o1>o0,parallel,False,False,parallel,True,scene_0013__vflip.png
scene_0013,vflip,o1>o0,perpendicular,False,False,perpendicular,True,scene_0013__vflip.png
scene_0013,vflip,o1>o0,in_front_of,False,False,in_front_of,True,scene_0013__vflip.png
scene_0013,vflip,o1>o0,behind,True,True,behind,True,scene_0013__vflip.png
scene_0013,vflip,o1>o2,left_of,True,True,left_of,True,scene_0013__vflip.png
scene_0013,vflip,o1>o2,right_of,False,False,right_of,True,scene_0013__vflip.png
scene_0013,vflip,o1>o2,above,True,False,below,True,scene_0013__vflip.png
scene_0013,vflip,o1>o2,below,False,True,above,True,scene_0013__vflip.png
scene_0013,vflip,o1>o2,parallel,False,False,parallel,True,scene_0013__vflip.png
scene_0013,vflip,o1>o2,perpendicular,False,False,perpendicular,True,scene_0013__vflip.png
scene_0013,vflip,o1>o2,in_front_of,False,False,in_front_of,True,scene_0013__vflip.png
scene_0013,vflip,o1>o2,behind,True,True,behind,True,scene_0013__vflip.png
scene_0013,vflip,o1>o3,left_of,False,False,left_of,True,scene_0013__vflip.png
scene_0013,vflip,o1>o3,right_of,True,True,right_of,True,scene_0013__vflip.png
scene_0013,vflip,o1>o3,above,True,False,below,True,scene_0013__vflip.png
scene_0013,vflip,o1>o3,below,False,True,above,True,scene_0013__vflip.png
scene_0013,vflip,o1>o3,parallel,False,False,parallel,True,scene_0013__vflip.png
scene_0013,vflip,o1>o3,perpendicular,False,False,perpendicular,True,scene_0013__vflip.png
scene_0013,vflip,o1>o3,in_front_of,True,True,in_front_of,True,scene_0013__vflip.png
scene_0013,vflip,o1>o3,behind,False,False,behind,True,scene_0013__vflip.png
scene_0013,vflip,o2>o0,left_of,False,False,left_of,True,scene_0013__vflip.png
scene_0013,vflip,o2>o0,right_of,True,True,right_of,True,scene_0013__vflip.png
scene_0013,vflip,o2>o0,above,False,True,below,True,scene_0013__vflip.png
scene_0013,vflip,o2>o0,below,True,False,above,True,scene_0013__vflip.png
scene_0013,vflip,o2>o0,parallel,False,False,parallel,True,scene_0013__vflip.png
scene_0013,vflip,o2>o0,perpendicular,False,False,perpendicular,True,scene_0013__vflip.png
scene_0013,vflip,o2>o0,in_front_of,False,False,in_front_of,True,scene_0013__vflip.png
scene_0013,vflip,o2>o0,behind,True,True,behind,True,scene_0013__vflip.png
scene_0013,vflip,o2>o1,left_of,False,False,left_of,True,scene_0013__vflip.png
scene_0013,vflip,o2>o1,right_of,True,True,right_of,True,scene_0013__vflip.png
scene_0013,vflip,o2>o1,above,False,True,below,True,scene_0013__vflip.png
scene_0013,vflip,o2>o1,below,True,False,above,True,scene_0013__vflip.png
scene_0013,vflip,o2>o1,parallel,False,False,parallel,True,scene_0013__vflip.png
scene_0013,vflip,o2>o1,perpendicular,False,False,perpendicular,True,scene_0013__vflip.png
scene_0013,vflip,o2>o1,in_front_of,True,True,in_front_of,True,scene_0013__vflip.png
scene_0013,vflip,o2>o1,behind,False,False,behind,True,scene_0013__vflip.png
scene_0013,vflip,o2>o3,left_of,False,False,left_of,True,scene_0013__vflip.png
scene_0013,vflip,o2>o3,right_of,True,True,right_of,True,scene_0013__vflip.png
scene_0013,vflip,o2>o3,above,False,True,below,True,scene_0013__vflip.png
scene_0013,vflip,o2>o3,below,True,False,above,True,scene_0013__vflip.png
scene_0013,vflip,o2>o3,parallel,True,True,parallel,True,scene_0013__vflip.png
scene_0013,vflip,o2>o3,perpendicular,False,False,perpendicular,True,scene_0013__vflip.png
scene_0013,vflip,o2>o3,in_front_of,True,True,in_front_of,True,scene_0013__vflip.png
scene_0013,vflip,o2>o3,behind,False,False,behind,True,scene_0013__vflip.png
scene_0013,vflip,o3>o0,left_of,False,False,left_of,True,scene_0013__vflip.png
scene_0013,vflip,o3>o0,right_of,True,True,right_of,True,scene_0013__vflip.png
scene_0013,vflip,o3>o0,above,True,False,below,True,scene_0013__vflip.png
scene_0013,vflip,o3>o0,below,False,True,above,True,scene_0013__vflip.png
scene_0013,vflip,o3>o0,parallel,False,False,parallel,True,scene_0013__vflip.png
scene_0013,vflip,o3>o0,perpendicular,False,False,perpendicular,True,scene_0013__vflip.png
scene_0013,vflip,o3>o0,in_front_of,False,False,in_front_of,True,scene_0013__vflip.png
scene_0013,vflip,o3>o0,behind,True,True,behind,True,scene_0013__vflip.png
scene_0013,vflip,o3>o1,left_of,True,True,left_of,True,scene_0013__vflip.png
scene_0013,vflip,o3>o1,right_of,False,False,right_of,True,scene_0013__vflip.png
scene_0013,vflip,o3>o1,above,False,True,below,True,scene_0013__vflip.png
scene_0013,vflip,o3>o1,below,True,False,above,True,scene_0013__vflip.png
scene_0013,vflip,o3>o1,parallel,False,False,parallel,True,scene_0013__vflip.png
scene_0013,vflip,o3>o1,perpendicular,False,False,perpendicular,True,scene_0013__vflip.png
scene_0013,vflip,o3>o1,in_front_of,False,False,in_front_of,True,scene_0013__vflip.png
scene_0013,vflip,o3>o1,behind,True,True,behind,True,scene_0013__vflip.png
scene_0013,vflip,o3>o2,left_of,True,True,left_of,True,scene_0013__vflip.png
scene_0013,vflip,o3>o2,right_of,False,False,right_of,True,scene_0013__vflip.png
scene_0013,vflip,o3>o2,above,True,False,below,True,scene_0013__vflip.png
scene_0013,vflip,o3>o2,below,False,True,above,True,scene_0013__vflip.png
scene_0013,vflip,o3>o2,parallel,True,True,parallel,True,scene_0013__vflip.png
scene_0013,vflip,o3>o2,perpendicular,False,False,perpendicular,True,scene_0013__vflip.png
scene_0013,vflip,o3>o2,in_front_of,False,False,in_front_of,True,scene_0013__vflip.png
scene_0013,vflip,o3>o2,behind,True,True,behind,True,scene_0013__vflip.png
scene_0013,v_after_h,o0>o1,left_of,True,False,right_of,True,scene_0013__v_after_h.png
scene_0013,v_after_h,o0>o1,right_of,False,True,left_of,True,scene_0013__v_after_h.png
scene_0013,v_after_h,o0>o1,above,False,True,below,True,scene_0013__v_after_h.png
scene_0013,v_after_h,o0>o1,below,True,False,above,True,scene_0013__v_after_h.png
scene_0013,v_after_h,o0>o1,parallel,False,False,parallel,True,scene_0013__v_after_h.png
scene_0013,v_after_h,o0>o1,perpendicular,False,False,perpendicular,True,scene_0013__v_after_h.png
scene_0013,v_after_h,o0>o1,in_front_of,True,True,in_front_of,True,scene_0013__v_after_h.png
scene_0013,v_after_h,o0>o1,behind,False,False,behind,True,scene_0013__v_after_h.png
scene_0013,v_after_h,o0>o2,left_of,True,False,right_of,True,scene_0013__v_after_h.png
scene_0013,v_after_h,o0>o2,right_of,False,True,left_of,True,scene_0013__v_after_h.png
scene_0013,v_after_h,o0>o2,above,True,False,below,True,scene_0013__v_after_h.png
scene_0013,v_after_h,o0>o2,below,False,True,above,True,scene_0013__v_after_h.png
scene_0013,v_after_h,o0>o2,parallel,False,False,parallel,True,scene_0013__v_after_h.png
scene_0013,v_after_h,o0>o2,perpendicular,False,False,perpendicular,True,scene_0013__v_after_h.png
scene_0013,v_after_h,o0>o2,in_front_of,True,True,in_front_of,True,scene_0013__v_after_h.png
scene_0013,v_after_h,o0>o2,behind,False,False,behind,True,scene_0013__v_after_h.png
scene_0013,v_after_h,o0>o3,left_of,True,False,right_of,True,scene_0013__v_after_h.png
scene_0013,v_after_h,o0>o3,right_of,False,True,left_of,True,scene_0013__v_after_h.png
scene_0013,v_after_h,o0>o3,above,False,True,below,True,scene_0013__v_after_h.png
scene_0013,v_after_h,o0>o3,below,True,False,above,True,scene_0013__v_after_h.png
scene_0013,v_after_h,o0>o3,parallel,False,False,parallel,True,scene_0013__v_after_h.png
scene_0013,v_after_h,o0>o3,perpendicular,False,False,perpendicular,True,scene_0013__v_after_h.png
scene_0013,v_after_h,o0>o3,in_front_of,True,True,in_front_of,True,scene_0013__v_after_h.png
scene_0013,v_after_h,o0>o3,behind,False,False,behind,True,scene_0013__v_after_h.png
scene_0013,v_after_h,o1>o0,left_of,False,True,right_of,True,scene_0013__v_after_h.png
scene_0013,v_after_h,o1>o0,right_of,True,False,left_of,True,scene_0013__v_after_h.png
scene_0013,v_after_h,o1>o0,above,True,False,below,True,scene_0013__v_after_h.png
scene_0013,v_after_h,o1>o0,below,False,True,above,True,scene_0013__v_after_h.png
scene_0013,v_after_h,o1>o0,parallel,False,False,parallel,True,scene_0013__v_after_h.png
scene_0013,v_after_h,o1>o0,perpendicular,False,False,perpendicular,True,scene_0013__v_after_h.png
scene_0013,v_after_h,o1>o0,in_front_of,False,False,in_front_of,True,scene_0013__v_after_h.png
scene_0013,v_after_h,o1>o0,behind,True,True,behind,True,scene_0013__v_after_h.png
scene_0013,v_after_h,o1>o2,left_of,True,False,right_of,True,scene_0013__v_after_h.png
scene_0013,v_after_h,o1>o2,right_of,False,True,left_of,True,scene_0013__v_after_h.png
scene_0013,v_after_h,o1>o2,above,True,False,below,True,scene_0013__v_after_h.png
scene_0013,v_after_h,o1>o2,below,False,True,above,True,scene_0013__v_after_h.png
scene_0013,v_after_h,o1>o2,parallel,False,False,parallel,True,scene_0013__v_after_h.png
scene_0013,v_after_h,o1>o2,perpendicular,False,False,perpendicular,True,scene_0013__v_after_h.png
scene_0013,v_after_h,o1>o2,in_front_of,False,False,in_front_of,True,scene_0013__v_after_h.png
scene_0013,v_after_h,o1>o2,behind,True,True,behind,True,scene_0013__v_after_h.png
scene_0013,v_after_h,o1>o3,left_of,False,True,right_of,True,scene_0013__v_after_h.png
scene_0013,v_after_h,o1>o3,right_of,True,False,left_of,True,scene_0013__v_after_h.png
scene_0013,v_after_h,o1>o3,above,True,False,below,True,scene_0013__v_after_h.png
scene_0013,v_after_h,o1>o3,below,False,True,above,True,scene_0013__v_after_h.png
scene_0013,v_after_h,o1>o3,parallel,False,False,parallel,True,scene_0013__v_after_h.png
scene_0013,v_after_h,o1>o3,perpendicular,False,False,perpendicular,True,scene_0013__v_after_h.png
scene_0013,v_after_h,o1>o3,in_front_of,True,True,in_front_of,True,scene_0013__v_after_h.png
scene_0013,v_after_h,o1>o3,behind,False,False,behind,True,scene_0013__v_after_h.png
scene_0013,v_after_h,o2>o0,left_of,False,True,right_of,True,scene_0013__v_after_h.png
scene_0013,v_after_h,o2>o0,right_of,True,False,left_of,True,scene_0013__v_after_h.png
scene_0013,v_after_h,o2>o0,above,False,True,below,True,scene_0013__v_after_h.png
scene_0013,v_after_h,o2>o0,below,True,False,above,True,scene_0013__v_after_h.png
scene_0013,v_after_h,o2>o0,parallel,False,False,parallel,True,scene_0013__v_after_h.png
scene_0013,v_after_h,o2>o0,perpendicular,False,False,perpendicular,True,scene_0013__v_after_h.png
scene_0013,v_after_h,o2>o0,in_front_of,False,False,in_front_of,True,scene_0013__v_after_h.png
scene_0013,v_after_h,o2>o0,behind,True,True,behind,True,scene_0013__v_after_h.png
scene_0013,v_after_h,o2>o1,left_of,False,True,right_of,True,scene_0013__v_after_h.png
scene_0013,v_after_h,o2>o1,right_of,True,False,left_of,True,scene_0013__v_after_h.png
scene_0013,v_after_h,o2>o1,above,False,True,below,True,scene_0013__v_after_h.png
scene_0013,v_after_h,o2>o1,below,True,False,above,True,scene_0013__v_after_h.png
scene_0013,v_after_h,o2>o1,parallel,False,False,parallel,True,scene_0013__v_after_h.png
scene_0013,v_after_h,o2>o1,perpendicular,False,False,perpendicular,True,scene_0013__v_after_h.png
scene_0013,v_after_h,o2>o1,in_front_of,True,True,in_front_of,True,scene_0013__v_after_h.png
scene_0013,v_after_h,o2>o1,behind,False,False,behind,True,scene_0013__v_after_h.png
scene_0013,v_after_h,o2>o3,left_of,False,True,right_of,True,scene_0013__v_after_h.png
scene_0013,v_after_h,o2>o3,right_of,True,False,left_of,True,scene_0013__v_after_h.png
scene_0013,v_after_h,o2>o3,above,False,True,below,True,scene_0013__v_after_h.png
scene_0013,v_after_h,o2>o3,below,True,False,above,True,scene_0013__v_after_h.png
scene_0013,v_after_h,o2>o3,parallel,True,True,parallel,True,scene_0013__v_after_h.png
scene_0013,v_after_h,o2>o3,perpendicular,False,False,perpendicular,True,scene_0013__v_after_h.png
scene_0013,v_after_h,o2>o3,in_front_of,True,True,in_front_of,True,scene_0013__v_after_h.png
scene_0013,v_after_h,o2>o3,behind,False,False,behind,True,scene_0013__v_after_h.png
scene_0013,v_after_h,o3>o0,left_of,False,True,right_of,True,scene_0013__v_after_h.png
scene_0013,v_after_h,o3>o0,right_of,True,False,left_of,True,scene_0013__v_after_h.png
scene_0013,v_after_h,o3>o0,above,True,False,below,True,scene_0013__v_after_h.png
scene_0013,v_after_h,o3>o0,below,False,True,above,True,scene_0013__v_after_h.png
scene_0013,v_after_h,o3>o0,parallel,False,False,parallel,True,scene_0013__v_after_h.png
scene_0013,v_after_h,o3>o0,perpendicular,False,False,perpendicular,True,scene_0013__v_after_h.png
scene_0013,v_after_h,o3>o0,in_front_of,False,False,in_front_of,True,scene_0013__v_after_h.png
scene_0013,v_after_h,o3>o0,behind,True,True,behind,True,scene_0013__v_after_h.png
scene_0013,v_after_h,o3>o1,left_of,True,False,right_of,True,scene_0013__v_after_h.png
scene_0013,v_after_h,o3>o1,right_of,False,True,left_of,True,scene_0013__v_after_h.png
scene_0013,v_after_h,o3>o1,above,False,True,below,True,scene_0013__v_after_h.png
scene_0013,v_after_h,o3>o1,below,True,False,above,True,scene_0013__v_after_h.png
scene_0013,v_after_h,o3>o1,parallel,False,False,parallel,True,scene_0013__v_after_h.png
scene_0013,v_after_h,o3>o1,perpendicular,False,False,perpendicular,True,scene_0013__v_after_h.png
scene_0013,v_after_h,o3>o1,in_front_of,False,False,in_front_of,True,scene_0013__v_after_h.png
scene_0013,v_after_h,o3>o1,behind,True,True,behind,True,scene_0013__v_after_h.png
scene_0013,v_after_h,o3>o2,left_of,True,False,right_of,True,scene_0013__v_after_h.png
scene_0013,v_after_h,o3>o2,right_of,False,True,left_of,True,scene_0013__v_after_h.png
scene_0013,v_after_h,o3>o2,above,True,False,below,True,scene_0013__v_after_h.png
scene_0013,v_after_h,o3>o2,below,False,True,above,True,scene_0013__v_after_h.png
scene_0013,v_after_h,o3>o2,parallel,True,True,parallel,True,scene_0013__v_after_h.png
scene_0013,v_after_h,o3>o2,perpendicular,False,False,perpendicular,True,scene_0013__v_after_h.png
scene_0013,v_after_h,o3>o2,in_front_of,False,False,in_front_of,True,scene_0013__v_after_h.png
scene_0013,v_after_h,o3>o2,behind,True,True,behind,True,scene_0013__v_after_h.png
scene_0014,hflip,o0>o1,left_of,True,False,right_of,True,scene_0014__hflip.png
scene_0014,hflip,o0>o1,right_of,False,True,left_of,True,scene_0014__hflip.png
scene_0014,hflip,o0>o1,above,True,True,above,True,scene_0014__hflip.png
scene_0014,hflip,o0>o1,below,False,False,below,True,scene_0014__hflip.png
scene_0014,hflip,o0>o1,parallel,False,False,parallel,True,scene_0014__hflip.png
scene_0014,hflip,o0>o1,perpendicular,False,False,perpendicular,True,scene_0014__hflip.png
scene_0014,hflip,o0>o1,in_front_of,True,True,in_front_of,True,scene_0014__hflip.png
scene_0014,hflip,o0>o1,behind,False,False,behind,True,scene_0014__hflip.png
scene_0014,hflip,o0>o2,left_of,True,False,right_of,True,scene_0014__hflip.png
scene_0014,hflip,o0>o2,right_of,False,True,left_of,True,scene_0014__hflip.png
scene_0014,hflip,o0>o2,above,True,True,above,True,scene_0014__hflip.png
scene_0014,hflip,o0>o2,below,False,False,below,True,scene_0014__hflip.png
scene_0014,hflip,o0>o2,parallel,False,False,parallel,True,scene_0014__hflip.png
scene_0014,hflip,o0>o2,perpendicular,False,False,perpendicular,True,scene_0014__hflip.png
scene_0014,hflip,o0>o2,in_front_of,True,True,in_front_of,True,scene_0014__hflip.png
scene_0014,hflip,o0>o2,behind,False,False,behind,True,scene_0014__hflip.png
scene_0014,hflip,o0>o3,left_of,False,True,right_of,True,scene_0014__hflip.png
scene_0014,hflip,o0>o3,right_of,True,False,left_of,True,scene_0014__hflip.png
scene_0014,hflip,o0>o3,above,True,True,above,True,scene_0014__hflip.png
scene_0014,hflip,o0>o3,below,False,False,below,True,scene_0014__hflip.png
scene_0014,hflip,o0>o3,parallel,False,False,parallel,True,scene_0014__hflip.png
scene_0014,hflip,o0>o3,perpendicular,False,False,perpendicular,True,scene_0014__hflip.png
scene_0014,hflip,o0>o3,in_front_of,True,True,in_front_of,True,scene_0014__hflip.png
scene_0014,hflip,o0>o3,behind,False,False,behind,True,scene_0014__hflip.png
scene_0014,hflip,o1>o0,left_of,False,True,right_of,True,scene_0014__hflip.png
scene_0014,hflip,o1>o0,right_of,True,False,left_of,True,scene_0014__hflip.png
scene_0014,hflip,o1>o0,above,False,False,above,True,scene_0014__hflip.png
scene_0014,hflip,o1>o0,below,True,True,below,True,scene_0014__hflip.png
scene_0014,hflip,o1>o0,parallel,False,False,parallel,True,scene_0014__hflip.png
scene_0014,hflip,o1>o0,perpendicular,False,False,perpendicular,True,scene_0014__hflip.png
scene_0014,hflip,o1>o0,in_front_of,False,False,in_front_of,True,scene_0014__hflip.png
scene_0014,hflip,o1>o0,behind,True,True,behind,True,scene_0014__hflip.png
scene_0014,hflip,o1>o2,left_of,False,True,right_of,True,scene_0014__hflip.png
scene_0014,hflip,o1>o2,right_of,True,False,left_of,True,scene_0014__hflip.png
scene_0014,hflip,o1>o2,above,False,False,above,True,scene_0014__hflip.png
scene_0014,hflip,o1>o2,below,True,True,below,True,scene_0014__hflip.png
scene_0014,hflip,o1>o2,parallel,False,False,parallel,True,scene_0014__hflip.png
scene_0014,hflip,o1>o2,perpendicular,False,False,perpendicular,True,scene_0014__hflip.png
scene_0014,hflip,o1>o2,in_front_of,False,False,in_front_of,True,scene_0014__hflip.png
scene_0014,hflip,o1>o2,behind,True,True,behind,True,scene_0014__hflip.png
scene_0014,hflip,o1>o3,left_of,False,True,right_of,True,scene_0014__hflip.png
scene_0014,hflip,o1>o3,right_of,True,False,left_of,True,scene_0014__hflip.png
scene_0014,hflip,o1>o3,above,False,False,above,True,scene_0014__hflip.png
scene_0014,hflip,o1>o3,below,True,True,below,True,scene_0014__hflip.png
scene_0014,hflip,o1>o3,parallel,False,False,parallel,True,scene_0014__hflip.png
scene_0014,hflip,o1>o3,perpendicular,False,False,perpendicular,True,scene_0014__hflip.png
scene_0014,hflip,o1>o3,in_front_of,True,True,in_front_of,True,scene_0014__hflip.png
scene_0014,hflip,o1>o3,behind,False,False,behind,True,scene_0014__hflip.png
scene_0014,hflip,o2>o0,left_of,False,True,right_of,True,scene_0014__hflip.png
scene_0014,hflip,o2>o0,right_of,True,False,left_of,True,scene_0014__hflip.png
scene_0014,hflip,o2>o0,above,False,False,above,True,scene_0014__hflip.png
scene_0014,hflip,o2>o0,below,True,True,below,True,scene_0014__hflip.png
scene_0014,hflip,o2>o0,parallel,False,False,parallel,True,scene_0014__hflip.png
scene_0014,hflip,o2>o0,perpendicular,False,False,perpendicular,True,scene_0014__hflip.png
scene_0014,hflip,o2>o0,in_front_of,False,False,in_front_of,True,scene_0014__hflip.png
scene_0014,hflip,o2>o0,behind,True,True,behind,True,scene_0014__hflip.png
scene_0014,hflip,o2>o1,left_of,True,False,right_of,True,scene_0014__hflip.png
scene_0014,hflip,o2>o1,right_of,False,True,left_of,True,scene_0014__hflip.png
scene_0014,hflip,o2>o1,above,True,True,above,True,scene_0014__hflip.png
scene_0014,hflip,o2>o1,below,False,False,below,True,scene_0014__hflip.png
scene_0014,hflip,o2>o1,parallel,False,False,parallel,True,scene_0014__hflip.png
scene_0014,hflip,o2>o1,perpendicular,False,False,perpendicular,True,scene_0014__hflip.png
scene_0014,hflip,o2>o1,in_front_of,True,True,in_front_of,True,scene_0014__hflip.png
scene_0014,hflip,o2>o1,behind,False,False,behind,True,scene_0014__hflip.png
scene_0014,hflip,o2>o3,left_of,False,True,right_of,True,scene_0014__hflip.png
scene_0014,hflip,o2>o3,right_of,True,False,left_of,True,scene_0014__hflip.png
scene_0014,hflip,o2>o3,above,True,True,above,True,scene_0014__hflip.png
scene_0014,hflip,o2>o3,below,False,False,below,True,scene_0014__hflip.png
scene_0014,hflip,o2>o3,parallel,True,True,parallel,True,scene_0014__hflip.png
scene_0014,hflip,o2>o3,perpendicular,False,False,perpendicular,True,scene_0014__hflip.png
scene_0014,hflip,o2>o3,in_front_of,True,True,in_front_of,True,scene_0014__hflip.png
scene_0014,hflip,o2>o3,behind,False,False,behind,True,scene_0014__hflip.png
scene_0014,hflip,o3>o0,left_of,True,False,right_of,True,scene_0014__hflip.png
scene_0014,hflip,o3>o0,right_of,False,True,left_of,True,scene_0014__hflip.png
scene_0014,hflip,o3>o0,above,False,False,above,True,scene_0014__hflip.png
scene_0014,hflip,o3>o0,below,True,True,below,True,scene_0014__hflip.png
scene_0014,hflip,o3>o0,parallel,False,False,parallel,True,scene_0014__hflip.png
scene_0014,hflip,o3>o0,perpendicular,False,False,perpendicular,True,scene_0014__hflip.png
scene_0014,hflip,o3>o0,in_front_of,False,False,in_front_of,True,scene_0014__hflip.png
scene_0014,hflip,o3>o0,behind,True,True,behind,True,scene_0014__hflip.png
scene_0014,hflip,o3>o1,left_of,True,False,right_of,True,scene_0014__hflip.png
scene_0014,hflip,o3>o1,right_of,False,True,left_of,True,scene_0014__hflip.png
scene_0014,hflip,o3>o1,above,True,True,above,True,scene_0014__hflip.png
scene_0014,hflip,o3>o1,below,False,False,below,True,scene_0014__hflip.png
scene_0014,hflip,o3>o1,parallel,False,False,parallel,True,scene_0014__hflip.png
scene_0014,hflip,o3>o1,perpendicular,False,False,perpendicular,True,scene_0014__hflip.png
scene_0014,hflip,o3>o1,in_front_of,False,False,in_front_of,True,scene_0014__hflip.png
scene_0014,hflip,o3>o1,behind,True,True,behind,True,scene_0014__hflip.png
scene_0014,hflip,o3>o2,left_of,True,False,right_of,True,scene_0014__hflip.png
scene_0014,hflip,o3>o2,right_of,False,True,left_of,True,scene_0014__hflip.png
scene_0014,hflip,o3>o2,above,False,False,above,True,scene_0014__hflip.png
scene_0014,hflip,o3>o2,below,True,True,below,True,scene_0014__hflip.png
scene_0014,hflip,o3>o2,parallel,True,True,parallel,True,scene_0014__hflip.png
scene_0014,hflip,o3>o2,perpendicular,False,False,perpendicular,True,scene_0014__hflip.png
scene_0014,hflip,o3>o2,in_front_of,False,False,in_front_of,True,scene_0014__hflip.png
scene_0014,hflip,o3>o2,behind,True,True,behind,True,scene_0014__hflip.png
scene_0014,vflip,o0>o1,left_of,True,True,left_of,True,scene_0014__vflip.png
scene_0014,vflip,o0>o1,right_of,False,False,right_of,True,scene_0014__vflip.png
scene_0014,vflip,o0>o1,above,True,False,below,True,scene_0014__vflip.png
scene_0014,vflip,o0>o1,below,False,True,above,True,scene_0014__vflip.png
scene_0014,vflip,o0>o1,parallel,False,False,parallel,True,scene_0014__vflip.png
scene_0014,vflip,o0>o1,perpendicular,False,False,perpendicular,True,scene_0014__vflip.png
scene_0014,vflip,o0>o1,in_front_of,True,True,in_front_of,True,scene_0014__vflip.png
scene_0014,vflip,o0>o1,behind,False,False,behind,True,scene_0014__vflip.png
scene_0014,vflip,o0>o2,left_of,True,True,left_of,True,scene_0014__vflip.png
scene_0014,vflip,o0>o2,right_of,False,False,right_of,True,scene_0014__vflip.png
scene_0014,vflip,o0>o2,above,True,False,below,True,scene_0014__vflip.png
scene_0014,vflip,o0>o2,below,False,True,above,True,scene_0014__vflip.png
scene_0014,vflip,o0>o2,parallel,False,False,parallel,True,scene_0014__vflip.png
scene_0014,vflip,o0>o2,perpendicular,False,False,perpendicular,True,scene_0014__vflip.png
scene_0014,vflip,o0>o2,in_front_of,True,True,in_front_of,True,scene_0014__vflip.png
scene_0014,vflip,o0>o2,behind,False,False,behind,True,scene_0014__vflip.png
scene_0014,vflip,o0>o3,left_of,False,False,left_of,True,scene_0014__vflip.png
scene_0014,vflip,o0>o3,right_of,True,True,right_of,True,scene_0014__vflip.png
scene_0014,vflip,o0>o3,above,True,False,below,True,scene_0014__vflip.png
scene_0014,vflip,o0>o3,below,False,True,above,True,scene_0014__vflip.png
scene_0014,vflip,o0>o3,parallel,False,False,parallel,True,scene_0014__vflip.png
scene_0014,vflip,o0>o3,perpendicular,False,False,perpendicular,True,scene_0014__vflip.png
scene_0014,vflip,o0>o3,in_front_of,True,True,in_front_of,True,scene_0014__vflip.png
scene_0014,vflip,o0>o3,behind,False,False,behind,True,scene_0014__vflip.png
scene_0014,vflip,o1>o0,left_of,False,False,left_of,True,scene_0014__vflip.png
scene_0014,vflip,o1>o0,right_of,True,True,right_of,True,scene_0014__vflip.png
scene_0014,vflip,o1>o0,above,False,True,below,True,scene_0014__vflip.png
scene_0014,vflip,o1>o0,below,True,False,above,True,scene_0014__vflip.png
scene_0014,vflip,o1>o0,parallel,False,False,parallel,True,scene_0014__vflip.png
scene_0014,vflip,o1>o0,perpendicular,False,False,perpendicular,True,scene_0014__vflip.png
scene_0014,vflip,o1>o0,in_front_of,False,False,in_front_of,True,scene_0014__vflip.png
scene_0014,vflip,o1>o0,behind,True,True,behind,True,scene_0014__vflip.png
scene_0014,vflip,o1>o2,left_of,False,False,left_of,True,scene_0014__vflip.png
scene_0014,vflip,o1>o2,right_of,True,True,right_of,True,scene_0014__vflip.png
scene_0014,vflip,o1>o2,above,False,True,below,True,scene_0014__vflip.png
scene_0014,vflip,o1>o2,below,True,False,above,True,scene_0014__vflip.png
scene_0014,vflip,o1>o2,parallel,False,False,parallel,True,scene_0014__vflip.png
scene_0014,vflip,o1>o2,perpendicular,False,False,perpendicular,True,scene_0014__vflip.png
scene_0014,vflip,o1>o2,in_front_of,False,False,in_front_of,True,scene_0014__vflip.png
scene_0014,vflip,o1>o2,behind,True,True,behind,True,scene_0014__vflip.png
scene_0014,vflip,o1>o3,left_of,False,False,left_of,True,scene_0014__vflip.png
scene_0014,vflip,o1>o3,right_of,True,True,right_of,True,scene_0014__vflip.png
scene_0014,vflip,o1>o3,above,False,True,below,True,scene_0014__vflip.png
scene_0014,vflip,o1>o3,below,True,False,above,True,scene_0014__vflip.png
scene_0014,vflip,o1>o3,parallel,False,False,parallel,True,scene_0014__vflip.png
scene_0014,vflip,o1>o3,perpendicular,False,False,perpendicular,True,scene_0014__vflip.png
scene_0014,vflip,o1>o3,in_front_of,True,True,in_front_of,True,scene_0014__vflip.png
scene_0014,vflip,o1>o3,behind,False,False,behind,True,scene_0014__vflip.png
scene_0014,vflip,o2>o0,left_of,False,False,left_of,True,scene_0014__vflip.png
scene_0014,vflip,o2>o0,right_of,True,True,right_of,True,scene_0014__vflip.png
scene_0014,vflip,o2>o0,above,False,True,below,True,scene_0014__vflip.png
scene_0014,vflip,o2>o0,below,True,False,above,True,scene_0014__vflip.png
scene_0014,vflip,o2>o0,parallel,False,False,parallel,True,scene_0014__vflip.png
scene_0014,vflip,o2>o0,perpendicular,False,False,perpendicular,True,scene_0014__vflip.png
scene_0014,vflip,o2>o0,in_front_of,False,False,in_front_of,True,scene_0014__vflip.png
scene_0014,vflip,o2>o0,behind,True,True,behind,True,scene_0014__vflip.png
scene_0014,vflip,o2>o1,left_of,True,True,left_of,True,scene_0014__vflip.png
scene_0014,vflip,o2>o1,right_of,False,False,right_of,True,scene_0014__vflip.png
scene_0014,vflip,o2>o1,above,True,False,below,True,scene_0014__vflip.png
scene_0014,vflip,o2>o1,below,False,True,above,True,scene_0014__vflip.png
scene_0014,vflip,o2>o1,parallel,False,False,parallel,True,scene_0014__vflip.png
scene_0014,vflip,o2>o1,perpendicular,False,False,perpendicular,True,scene_0014__vflip.png
scene_0014,vflip,o2>o1,in_front_of,True,True,in_front_of,True,scene_0014__vflip.png
scene_0014,vflip,o2>o1,behind,False,False,behind,True,scene_0014__vflip.png
scene_0014,vflip,o2>o3,left_of,False,False,left_of,True,scene_0014__vflip.png
scene_0014,vflip,o2>o3,right_of,True,True,right_of,True,scene_0014__vflip.png
scene_0014,vflip,o2>o3,above,True,False,below,True,scene_0014__vflip.png
scene_0014,vflip,o2>o3,below,False,True,above,True,scene_0014__vflip.png
scene_0014,vflip,o2>o3,parallel,True,True,parallel,True,scene_0014__vflip.png
scene_0014,vflip,o2>o3,perpendicular,False,False,perpendicular,True,scene_0014__vflip.png
scene_0014,vflip,o2>o3,in_front_of,True,True,in_front_of,True,scene_0014__vflip.png
scene_0014,vflip,o2>o3,behind,False,False,behind,True,scene_0014__vflip.png
scene_0014,vflip,o3>o0,left_of,True,True,left_of,True,scene_0014__vflip.png
scene_0014,vflip,o3>o0,right_of,False,False,right_of,True,scene_0014__vflip.png
scene_0014,vflip,o3>o0,above,False,True,below,True,scene_0014__vflip.png
scene_0014,vflip,o3>o0,below,True,False,above,True,scene_0014__vflip.png
scene_0014,vflip,o3>o0,parallel,False,False,parallel,True,scene_0014__vflip.png
scene_0014,vflip,o3>o0,perpendicular,False,False,perpendicular,True,scene_0014__vflip.png
scene_0014,vflip,o3>o0,in_front_of,False,False,in_front_of,True,scene_0014__vflip.png
scene_0014,vflip,o3>o0,behind,True,True,behind,True,scene_0014__vflip.png
scene_0014,vflip,o3>o1,left_of,True,True,left_of,True,scene_0014__vflip.png
scene_0014,vflip,o3>o1,right_of,False,False,right_of,True,scene_0014__vflip.png
scene_0014,vflip,o3>o1,above,True,False,below,True,scene_0014__vflip.png
scene_0014,vflip,o3>o1,below,False,True,above,True,scene_0014__vflip.png
scene_0014,vflip,o3>o1,parallel,False,False,parallel,True,scene_0014__vflip.png
scene_0014,vflip,o3>o1,perpendicular,False,False,perpendicular,True,scene_0014__vflip.png
scene_0014,vflip,o3>o1,in_front_of,False,False,in_front_of,True,scene_0014__vflip.png
scene_0014,vflip,o3>o1,behind,True,True,behind,True,scene_0014__vflip.png
scene_0014,vflip,o3>o2,left_of,True,True,left_of,True,scene_0014__vflip.png
scene_0014,vflip,o3>o2,right_of,False,False,right_of,True,scene_0014__vflip.png
scene_0014,vflip,o3>o2,above,False,True,below,True,scene_0014__vflip.png
scene_0014,vflip,o3>o2,below,True,False,above,True,scene_0014__vflip.png
scene_0014,vflip,o3>o2,parallel,True,True,parallel,True,scene_0014__vflip.png
scene_0014,vflip,o3>o2,perpendicular,False,False,perpendicular,True,scene_0014__vflip.png
scene_0014,vflip,o3>o2,in_front_of,False,False,in_front_of,True,scene_0014__vflip.png
scene_0014,vflip,o3>o2,behind,True,True,behind,True,scene_0014__vflip.png
scene_0014,v_after_h,o0>o1,left_of,True,False,right_of,True,scene_0014__v_after_h.png
scene_0014,v_after_h,o0>o1,right_of,False,True,left_of,True,scene_0014__v_after_h.png
scene_0014,v_after_h,o0>o1,above,True,False,below,True,scene_0014__v_after_h.png
scene_0014,v_after_h,o0>o1,below,False,True,above,True,scene_0014__v_after_h.png
scene_0014,v_after_h,o0>o1,parallel,False,False,parallel,True,scene_0014__v_after_h.png
scene_0014,v_after_h,o0>o1,perpendicular,False,False,perpendicular,True,scene_0014__v_after_h.png
scene_0014,v_after_h,o0>o1,in_front_of,True,True,in_front_of,True,scene_0014__v_after_h.png
scene_0014,v_after_h,o0>o1,behind,False,False,behind,True,scene_0014__v_after_h.png
scene_0014,v_after_h,o0>o2,left_of,True,False,right_of,True,scene_0014__v_after_h.png
scene_0014,v_after_h,o0>o2,right_of,False,True,left_of,True,scene_0014__v_after_h.png
scene_0014,v_after_h,o0>o2,above,True,False,below,True,scene_0014__v_after_h.png
scene_0014,v_after_h,o0>o2,below,False,True,above,True,scene_0014__v_after_h.png
scene_0014,v_after_h,o0>o2,parallel,False,False,parallel,True,scene_0014__v_after_h.png
scene_0014,v_after_h,o0>o2,perpendicular,False,False,perpendicular,True,scene_0014__v_after_h.png
scene_0014,v_after_h,o0>o2,in_front_of,True,True,in_front_of,True,scene_0014__v_after_h.png
scene_0014,v_after_h,o0>o2,behind,False,False,behind,True,scene_0014__v_after_h.png
scene_0014,v_after_h,o0>o3,left_of,False,True,right_of,True,scene_0014__v_after_h.png
scene_0014,v_after_h,o0>o3,right_of,True,False,left_of,True,scene_0014__v_after_h.png
scene_0014,v_after_h,o0>o3,above,True,False,below,True,scene_0014__v_after_h.png
scene_0014,v_after_h,o0>o3,below,False,True,above,True,scene_0014__v_after_h.png
scene_0014,v_after_h,o0>o3,parallel,False,False,parallel,True,scene_0014__v_after_h.png
scene_0014,v_after_h,o0>o3,perpendicular,False,False,perpendicular,True,scene_0014__v_after_h.png
scene_0014,v_after_h,o0>o3,in_front_of,True,True,in_front_of,True,scene_0014__v_after_h.png
scene_0014,v_after_h,o0>o3,behind,False,False,behind,True,scene_0014__v_after_h.png
scene_0014,v_after_h,o1>o0,left_of,False,True,right_of,True,scene_0014__v_after_h.png
scene_0014,v_after_h,o1>o0,right_of,True,False,left_of,True,scene_0014__v_after_h.png
scene_0014,v_after_h,o1>o0,above,False,True,below,True,scene_0014__v_after_h.png
scene_0014,v_after_h,o1>o0,below,True,False,above,True,scene_0014__v_after_h.png
scene_0014,v_after_h,o1>o0,parallel,False,False,parallel,True,scene_0014__v_after_h.png
scene_0014,v_after_h,o1>o0,perpendicular,False,False,perpendicular,True,scene_0014__v_after_h.png
scene_0014,v_after_h,o1>o0,in_front_of,False,False,in_front_of,True,scene_0014__v_after_h.png
scene_0014,v_after_h,o1>o0,behind,True,True,behind,True,scene_0014__v_after_h.png
scene_0014,v_after_h,o1>o2,left_of,False,True,right_of,True,scene_0014__v_after_h.png
scene_0014,v_after_h,o1>o2,right_of,True,False,left_of,True,scene_0014__v_after_h.png
scene_0014,v_after_h,o1>o2,above,False,True,below,True,scene_0014__v_after_h.png
scene_0014,v_after_h,o1>o2,below,True,False,above,True,scene_0014__v_after_h.png
scene_0014,v_after_h,o1>o2,parallel,False,False,parallel,True,scene_0014__v_after_h.png
scene_0014,v_after_h,o1>o2,perpendicular,False,False,perpendicular,True,scene_0014__v_after_h.png
scene_0014,v_after_h,o1>o2,in_front_of,False,False,in_front_of,True,scene_0014__v_after_h.png
scene_0014,v_after_h,o1>o2,behind,True,True,behind,True,scene_0014__v_after_h.png
scene_0014,v_after_h,o1>o3,left_of,False,True,right_of,True,scene_0014__v_after_h.png
scene_0014,v_after_h,o1>o3,right_of,True,False,left_of,True,scene_0014__v_after_h.png
scene_0014,v_after_h,o1>o3,above,False,True,below,True,scene_0014__v_after_h.png
scene_0014,v_after_h,o1>o3,below,True,False,above,True,scene_0014__v_after_h.png
scene_0014,v_after_h,o1>o3,parallel,False,False,parallel,True,scene_0014__v_after_h.png
scene_0014,v_after_h,o1>o3,perpendicular,False,False,perpendicular,True,scene_0014__v_after_h.png
scene_0014,v_after_h,o1>o3,in_front_of,True,True,in_front_of,True,scene_0014__v_after_h.png
scene_0014,v_after_h,o1>o3,behind,False,False,behind,True,scene_0014__v_after_h.png
scene_0014,v_after_h,o2>o0,left_of,False,True,right_of,True,scene_0014__v_after_h.png
scene_0014,v_after_h,o2>o0,right_of,True,False,left_of,True,scene_0014__v_after_h.png
scene_0014,v_after_h,o2>o0,above,False,True,below,True,scene_0014__v_after_h.png
scene_0014,v_after_h,o2>o0,below,True,False,above,True,scene_0014__v_after_h.png
scene_0014,v_after_h,o2>o0,parallel,False,False,parallel,True,scene_0014__v_after_h.png
scene_0014,v_after_h,o2>o0,perpendicular,False,False,perpendicular,True,scene_0014__v_after_h.png
scene_0014,v_after_h,o2>o0,in_front_of,False,False,in_front_of,True,scene_0014__v_after_h.png
scene_0014,v_after_h,o2>o0,behind,True,True,behind,True,scene_0014__v_after_h.png
scene_0014,v_after_h,o2>o1,left_of,True,False,right_of,True,scene_0014__v_after_h.png
scene_0014,v_after_h,o2>o1,right_of,False,True,left_of,True,scene_0014__v_after_h.png
scene_0014,v_after_h,o2>o1,above,True,False,below,True,scene_0014__v_after_h.png
scene_0014,v_after_h,o2>o1,below,False,True,above,True,scene_0014__v_after_h.png
scene_0014,v_after_h,o2>o1,parallel,False,False,parallel,True,scene_0014__v_after_h.png
scene_0014,v_after_h,o2>o1,perpendicular,False,False,perpendicular,True,scene_0014__v_after_h.png
scene_0014,v_after_h,o2>o1,in_front_of,True,True,in_front_of,True,scene_0014__v_after_h.png
scene_0014,v_after_h,o2>o1,behind,False,False,behind,True,scene_0014__v_after_h.png
scene_0014,v_after_h,o2>o3,left_of,False,True,right_of,True,scene_0014__v_after_h.png
scene_0014,v_after_h,o2>o3,right_of,True,False,left_of,True,scene_0014__v_after_h.png
scene_0014,v_after_h,o2>o3,above,True,False,below,True,scene_0014__v_after_h.png
scene_0014,v_after_h,o2>o3,below,False,True,above,True,scene_0014__v_after_h.png
scene_0014,v_after_h,o2>o3,parallel,True,True,parallel,True,scene_0014__v_after_h.png
scene_0014,v_after_h,o2>o3,perpendicular,False,False,perpendicular,True,scene_0014__v_after_h.png
scene_0014,v_after_h,o2>o3,in_front_of,True,True,in_front_of,True,scene_0014__v_after_h.png
scene_0014,v_after_h,o2>o3,behind,False,False,behind,True,scene_0014__v_after_h.png
scene_0014,v_after_h,o3>o0,left_of,True,False,right_of,True,scene_0014__v_after_h.png
scene_0014,v_after_h,o3>o0,right_of,False,True,left_of,True,scene_0014__v_after_h.png
scene_0014,v_after_h,o3>o0,above,False,True,below,True,scene_0014__v_after_h.png
scene_0014,v_after_h,o3>o0,below,True,False,above,True,scene_0014__v_after_h.png
scene_0014,v_after_h,o3>o0,parallel,False,False,parallel,True,scene_0014__v_after_h.png
scene_0014,v_after_h,o3>o0,perpendicular,False,False,perpendicular,True,scene_0014__v_after_h.png
scene_0014,v_after_h,o3>o0,in_front_of,False,False,in_front_of,True,scene_0014__v_after_h.png
scene_0014,v_after_h,o3>o0,behind,True,True,behind,True,scene_0014__v_after_h.png
scene_0014,v_after_h,o3>o1,left_of,True,False,right_of,True,scene_0014__v_after_h.png
scene_0014,v_after_h,o3>o1,right_of,False,True,left_of,True,scene_0014__v_after_h.png
scene_0014,v_after_h,o3>o1,above,True,False,below,True,scene_0014__v_after_h.png
scene_0014,v_after_h,o3>o1,below,False,True,above,True,scene_0014__v_after_h.png
scene_0014,v_after_h,o3>o1,parallel,False,False,parallel,True,scene_0014__v_after_h.png
scene_0014,v_after_h,o3>o1,perpendicular,False,False,perpendicular,True,scene_0014__v_after_h.png
scene_0014,v_after_h,o3>o1,in_front_of,False,False,in_front_of,True,scene_0014__v_after_h.png
scene_0014,v_after_h,o3>o1,behind,True,True,behind,True,scene_0014__v_after_h.png
scene_0014,v_after_h,o3>o2,left_of,True,False,right_of,True,scene_0014__v_after_h.png
scene_0014,v_after_h,o3>o2,right_of,False,True,left_of,True,scene_0014__v_after_h.png
scene_0014,v_after_h,o3>o2,above,False,True,below,True,scene_0014__v_after_h.png
scene_0014,v_after_h,o3>o2,below,True,False,above,True,scene_0014__v_after_h.png
scene_0014,v_after_h,o3>o2,parallel,True,True,parallel,True,scene_0014__v_after_h.png
scene_0014,v_after_h,o3>o2,perpendicular,False,False,perpendicular,True,scene_0014__v_after_h.png
scene_0014,v_after_h,o3>o2,in_front_of,False,False,in_front_of,True,scene_0014__v_after_h.png
scene_0014,v_after_h,o3>o2,behind,True,True,behind,True,scene_0014__v_after_h.png
scene_0015,hflip,o0>o1,left_of,False,True,right_of,True,scene_0015__hflip.png
scene_0015,hflip,o0>o1,right_of,True,False,left_of,True,scene_0015__hflip.png
scene_0015,hflip,o0>o1,above,True,True,above,True,scene_0015__hflip.png
scene_0015,hflip,o0>o1,below,False,False,below,True,scene_0015__hflip.png
scene_0015,hflip,o0>o1,parallel,False,False,parallel,True,scene_0015__hflip.png
scene_0015,hflip,o0>o1,perpendicular,False,False,perpendicular,True,scene_0015__hflip.png
scene_0015,hflip,o0>o1,in_front_of,True,True,in_front_of,True,scene_0015__hflip.png
scene_0015,hflip,o0>o1,behind,False,False,behind,True,scene_0015__hflip.png
scene_0015,hflip,o0>o2,left_of,True,False,right_of,True,scene_0015__hflip.png
scene_0015,hflip,o0>o2,right_of,False,True,left_of,True,scene_0015__hflip.png
scene_0015,hflip,o0>o2,above,True,True,above,True,scene_0015__hflip.png
scene_0015,hflip,o0>o2,below,False,False,below,True,scene_0015__hflip.png
scene_0015,hflip,o0>o2,parallel,False,False,parallel,True,scene_0015__hflip.png
scene_0015,hflip,o0>o2,perpendicular,False,False,perpendicular,True,scene_0015__hflip.png
scene_0015,hflip,o0>o2,in_front_of,True,True,in_front_of,True,scene_0015__hflip.png
scene_0015,hflip,o0>o2,behind,False,False,behind,True,scene_0015__hflip.png
scene_0015,hflip,o0>o3,left_of,False,True,right_of,True,scene_0015__hflip.png
scene_0015,hflip,o0>o3,right_of,True,False,left_of,True,scene_0015__hflip.png
scene_0015,hflip,o0>o3,above,True,True,above,True,scene_0015__hflip.png
scene_0015,hflip,o0>o3,below,False,False,below,True,scene_0015__hflip.png
scene_0015,hflip,o0>o3,parallel,False,False,parallel,True,scene_0015__hflip.png
scene_0015,hflip,o0>o3,perpendicular,False,False,perpendicular,True,scene_0015__hflip.png
scene_0015,hflip,o0>o3,in_front_of,True,True,in_front_of,True,scene_0015__hflip.png
scene_0015,hflip,o0>o3,behind,False,False,behind,True,scene_0015__hflip.png
scene_0015,hflip,o1>o0,left_of,True,False,right_of,True,scene_0015__hflip.png
scene_0015,hflip,o1>o0,right_of,False,True,left_of,True,scene_0015__hflip.png
scene_0015,hflip,o1>o0,above,False,False,above,True,scene_0015__hflip.png
scene_0015,hflip,o1>o0,below,True,True,below,True,scene_0015__hflip.png
scene_0015,hflip,o1>o0,parallel,False,False,parallel,True,scene_0015__hflip.png
scene_0015,hflip,o1>o0,perpendicular,False,False,perpendicular,True,scene_0015__hflip.png
scene_0015,hflip,o1>o0,in_front_of,False,False,in_front_of,True,scene_0015__hflip.png
scene_0015,hflip,o1>o0,behind,True,True,behind,True,scene_0015__hflip.png
scene_0015,hflip,o1>o2,left_of,True,False,right_of,True,scene_0015__hflip.png
scene_0015,hflip,o1>o2,right_of,False,True,left_of,True,scene_0015__hflip.png
scene_0015,hflip,o1>o2,above,False,False,above,True,scene_0015__hflip.png
scene_0015,hflip,o1>o2,below,True,True,below,True,scene_0015__hflip.png
scene_0015,hflip,o1>o2,parallel,False,False,parallel,True,scene_0015__hflip.png
scene_0015,hflip,o1>o2,perpendicular,False,False,perpendicular,True,scene_0015__hflip.png
scene_0015,hflip,o1>o2,in_front_of,False,False,in_front_of,True,scene_0015__hflip.png
scene_0015,hflip,o1>o2,behind,True,True,behind,True,scene_0015__hflip.png
scene_0015,hflip,o1>o3,left_of,True,False,right_of,True,scene_0015__hflip.png
scene_0015,hflip,o1>o3,right_of,False,True,left_of,True,scene_0015__hflip.png
scene_0015,hflip,o1>o3,above,True,True,above,True,scene_0015__hflip.png
scene_0015,hflip,o1>o3,below,False,False,below,True,scene_0015__hflip.png
scene_0015,hflip,o1>o3,parallel,False,False,parallel,True,scene_0015__hflip.png
scene_0015,hflip,o1>o3,perpendicular,False,False,perpendicular,True,scene_0015__hflip.png
scene_0015,hflip,o1>o3,in_front_of,True,True,in_front_of,True,scene_0015__hflip.png
scene_0015,hflip,o1>o3,behind,False,False,behind,True,scene_0015__hflip.png
scene_0015,hflip,o2>o0,left_of,False,True,right_of,True,scene_0015__hflip.png
scene_0015,hflip,o2>o0,right_of,True,False,left_of,True,scene_0015__hflip.png
scene_0015,hflip,o2>o0,above,False,False,above,True,scene_0015__hflip.png
scene_0015,hflip,o2>o0,below,True,True,below,True,scene_0015__hflip.png
scene_0015,hflip,o2>o0,parallel,False,False,parallel,True,scene_0015__hflip.png
scene_0015,hflip,o2>o0,perpendicular,False,False,perpendicular,True,scene_0015__hflip.png
scene_0015,hflip,o2>o0,in_front_of,False,False,in_front_of,True,scene_0015__hflip.png
scene_0015,hflip,o2>o0,behind,True,True,behind,True,scene_0015__hflip.png
scene_0015,hflip,o2>o1,left_of,False,True,right_of,True,scene_0015__hflip.png
scene_0015,hflip,o2>o1,right_of,True,False,left_of,True,scene_0015__hflip.png
scene_0015,hflip,o2>o1,above,True,True,above,True,scene_0015__hflip.png
scene_0015,hflip,o2>o1,below,False,False,below,True,scene_0015__hflip.png
scene_0015,hflip,o2>o1,parallel,False,False,parallel,True,scene_0015__hflip.png
scene_0015,hflip,o2>o1,perpendicular,False,False,perpendicular,True,scene_0015__hflip.png
scene_0015,hflip,o2>o1,in_front_of,True,True,in_front_of,True,scene_0015__hflip.png
scene_0015,hflip,o2>o1,behind,False,False,behind,True,scene_0015__hflip.png
scene_0015,hflip,o2>o3,left_of,False,True,right_of,True,scene_0015__hflip.png
scene_0015,hflip,o2>o3,right_of,True,False,left_of,True,scene_0015__hflip.png
scene_0015,hflip,o2>o3,above,True,True,above,True,scene_0015__hflip.png
scene_0015,hflip,o2>o3,below,False,False,below,True,scene_0015__hflip.png
scene_0015,hflip,o2>o3,parallel,True,True,parallel,True,scene_0015__hflip.png
scene_0015,hflip,o2>o3,perpendicular,False,False,perpendicular,True,scene_0015__hflip.png
scene_0015,hflip,o2>o3,in_front_of,True,True,in_front_of,True,scene_0015__hflip.png
scene_0015,hflip,o2>o3,behind,False,False,behind,True,scene_0015__hflip.png
scene_0015,hflip,o3>o0,left_of,True,False,right_of,True,scene_0015__hflip.png
scene_0015,hflip,o3>o0,right_of,False,True,left_of,True,scene_0015__hflip.png
scene_0015,hflip,o3>o0,above,False,False,above,True,scene_0015__hflip.png
scene_0015,hflip,o3>o0,below,True,True,below,True,scene_0015__hflip.png
scene_0015,hflip,o3>o0,parallel,False,False,parallel,True,scene_0015__hflip.png
scene_0015,hflip,o3>o0,perpendicular,False,False,perpendicular,True,scene_0015__hflip.png
scene_0015,hflip,o3>o0,in_front_of,False,False,in_front_of,True,scene_0015__hflip.png
scene_0015,hflip,o3>o0,behind,True,True,behind,True,scene_0015__hflip.png
scene_0015,hflip,o3>o1,left_of,False,True,right_of,True,scene_0015__hflip.png
scene_0015,hflip,o3>o1,right_of,True,False,left_of,True,scene_0015__hflip.png
scene_0015,hflip,o3>o1,above,False,False,above,True,scene_0015__hflip.png
scene_0015,hflip,o3>o1,below,True,True,below,True,scene_0015__hflip.png
scene_0015,hflip,o3>o1,parallel,False,False,parallel,True,scene_0015__hflip.png
scene_0015,hflip,o3>o1,perpendicular,False,False,perpendicular,True,scene_0015__hflip.png
scene_0015,hflip,o3>o1,in_front_of,False,False,in_front_of,True,scene_0015__hflip.png
scene_0015,hflip,o3>o1,behind,True,True,behind,True,scene_0015__hflip.png
scene_0015,hflip,o3>o2,left_of,True,False,right_of,True,scene_0015__hflip.png
scene_0015,hflip,o3>o2,right_of,False,True,left_of,True,scene_0015__hflip.png
scene_0015,hflip,o3>o2,above,False,False,above,True,scene_0015__hflip.png
scene_0015,hflip,o3>o2,below,True,True,below,True,scene_0015__hflip.png
scene_0015,hflip,o3>o2,parallel,True,True,parallel,True,scene_0015__hflip.png
scene_0015,hflip,o3>o2,perpendicular,False,False,perpendicular,True,scene_0015__hflip.png
scene_0015,hflip,o3>o2,in_front_of,False,False,in_front_of,True,scene_0015__hflip.png
scene_0015,hflip,o3>o2,behind,True,True,behind,True,scene_0015__hflip.png
scene_0015,vflip,o0>o1,left_of,False,False,left_of,True,scene_0015__vflip.png
scene_0015,vflip,o0>o1,right_of,True,True,right_of,True,scene_0015__vflip.png
scene_0015,vflip,o0>o1,above,True,False,below,True,scene_0015__vflip.png
scene_0015,vflip,o0>o1,below,False,True,above,True,scene_0015__vflip.png
scene_0015,vflip,o0>o1,parallel,False,False,parallel,True,scene_0015__vflip.png
scene_0015,vflip,o0>o1,perpendicular,False,False,perpendicular,True,scene_0015__vflip.png
scene_0015,vflip,o0>o1,in_front_of,True,True,in_front_of,True,scene_0015__vflip.png
scene_0015,vflip,o0>o1,behind,False,False,behind,True,scene_0015__vflip.png
scene_0015,vflip,o0>o2,left_of,True,True,left_of,True,scene_0015__vflip.png
scene_0015,vflip,o0>o2,right_of,False,False,right_of,True,scene_0015__vflip.png
scene_0015,vflip,o0>o2,above,True,False,below,True,scene_0015__vflip.png
scene_0015,vflip,o0>o2,below,False,True,above,True,scene_0015__vflip.png
scene_0015,vflip,o0>o2,parallel,False,False,parallel,True,scene_0015__vflip.png
scene_0015,vflip,o0>o2,perpendicular,False,False,perpendicular,True,scene_0015__vflip.png
scene_0015,vflip,o0>o2,in_front_of,True,True,in_front_of,True,scene_0015__vflip.png
scene_0015,vflip,o0>o2,behind,False,False,behind,True,scene_0015__vflip.png
scene_0015,vflip,o0>o3,left_of,False,False,left_of,True,scene_0015__vflip.png
scene_0015,vflip,o0>o3,right_of,True,True,right_of,True,scene_0015__vflip.png
scene_0015,vflip,o0>o3,above,True,False,below,True,scene_0015__vflip.png
scene_0015,vflip,o0>o3,below,False,True,above,True,scene_0015__vflip.png
scene_0015,vflip,o0>o3,parallel,False,False,parallel,True,scene_0015__vflip.png
scene_0015,vflip,o0>o3,perpendicular,False,False,perpendicular,True,scene_0015__vflip.png
scene_0015,vflip,o0>o3,in_front_of,True,True,in_front_of,True,scene_0015__vflip.png
scene_0015,vflip,o0>o3,behind,False,False,behind,True,scene_0015__vflip.png
scene_0015,vflip,o1>o0,left_of,True,True,left_of,True,scene_0015__vflip.png
scene_0015,vflip,o1>o0,right_of,False,False,right_of,True,scene_0015__vflip.png
scene_0015,vflip,o1>o0,above,False,True,below,True,scene_0015__vflip.png
scene_0015,vflip,o1>o0,below,True,False,above,True,scene_0015__vflip.png
scene_0015,vflip,o1>o0,parallel,False,False,parallel,True,scene_0015__vflip.png
scene_0015,vflip,o1>o0,perpendicular,False,False,perpendicular,True,scene_0015__vflip.png
scene_0015,vflip,o1>o0,in_front_of,False,False,in_front_of,True,scene_0015__vflip.png
scene_0015,vflip,o1>o0,behind,True,True,behind,True,scene_0015__vflip.png
scene_0015,vflip,o1>o2,left_of,True,True,left_of,True,scene_0015__vflip.png
scene_0015,vflip,o1>o2,right_of,False,False,right_of,True,scene_0015__vflip.png
scene_0015,vflip,o1>o2,above,False,True,below,True,scene_0015__vflip.png
scene_0015,vflip,o1>o2,below,True,False,above,True,scene_0015__vflip.png
scene_0015,vflip,o1>o2,parallel,False,False,parallel,True,scene_0015__vflip.png
scene_0015,vflip,o1>o2,perpendicular,False,False,perpendicular,True,scene_0015__vflip.png
scene_0015,vflip,o1>o2,in_front_of,False,False,in_front_of,True,scene_0015__vflip.png
scene_0015,vflip,o1>o2,behind,True,True,behind,True,scene_0015__vflip.png
scene_0015,vflip,o1>o3,left_of,True,True,left_of,True,scene_0015__vflip.png
scene_0015,vflip,o1>o3,right_of,False,False,right_of,True,scene_0015__vflip.png
scene_0015,vflip,o1>o3,above,True,False,below,True,scene_0015__vflip.png
scene_0015,vflip,o1>o3,below,False,True,above,True,scene_0015__vflip.png
scene_0015,vflip,o1>o3,parallel,False,False,parallel,True,scene_0015__vflip.png
scene_0015,vflip,o1>o3,perpendicular,False,False,perpendicular,True,scene_0015__vflip.png
scene_0015,vflip,o1>o3,in_front_of,True,True,in_front_of,True,scene_0015__vflip.png
scene_0015,vflip,o1>o3,behind,False,False,behind,True,scene_0015__vflip.png
scene_0015,vflip,o2>o0,left_of,False,False,left_of,True,scene_0015__vflip.png
scene_0015,vflip,o2>o0,right_of,True,True,right_of,True,scene_0015__vflip.png
scene_0015,vflip,o2>o0,above,False,True,below,True,scene_0015__vflip.png
scene_0015,vflip,o2>o0,below,True,False,above,True,scene_0015__vflip.png
scene_0015,vflip,o2>o0,parallel,False,False,parallel,True,scene_0015__vflip.png
scene_0015,vflip,o2>o0,perpendicular,False,False,perpendicular,True,scene_0015__vflip.png
scene_0015,vflip,o2>o0,in_front_of,False,False,in_front_of,True,scene_0015__vflip.png
scene_0015,vflip,o2>o0,behind,True,True,behind,True,scene_0015__vflip.png
scene_0015,vflip,o2>o1,left_of,False,False,left_of,True,scene_0015__vflip.png
scene_0015,vflip,o2>o1,right_of,True,True,right_of,True,scene_0015__vflip.png
scene_0015,vflip,o2>o1,above,True,False,below,True,scene_0015__vflip.png
scene_0015,vflip,o2>o1,below,False,True,above,True,scene_0015__vflip.png
scene_0015,vflip,o2>o1,parallel,False,False,parallel,True,scene_0015__vflip.png
scene_0015,vflip,o2>o1,perpendicular,False,False,perpendicular,True,scene_0015__vflip.png
scene_0015,vflip,o2>o1,in_front_of,True,True,in_front_of,True,scene_0015__vflip.png
scene_0015,vflip,o2>o1,behind,False,False,behind,True,scene_0015__vflip.png
scene_0015,vflip,o2>o3,left_of,False,False,left_of,True,scene_0015__vflip.png
scene_0015,vflip,o2>o3,right_of,True,True,right_of,True,scene_0015__vflip.png
scene_0015,vflip,o2>o3,above,True,False,below,True,scene_0015__vflip.png
scene_0015,vflip,o2>o3,below,False,True,above,True,scene_0015__vflip.png
scene_0015,vflip,o2>o3,parallel,True,True,parallel,True,scene_0015__vflip.png
scene_0015,vflip,o2>o3,perpendicular,False,False,perpendicular,True,scene_0015__vflip.png
scene_0015,vflip,o2>o3,in_front_of,True,True,in_front_of,True,scene_0015__vflip.png
scene_0015,vflip,o2>o3,behind,False,False,behind,True,scene_0015__vflip.png
scene_0015,vflip,o3>o0,left_of,True,True,left_of,True,scene_0015__vflip.png
scene_0015,vflip,o3>o0,right_of,False,False,right_of,True,scene_0015__vflip.png
scene_0015,vflip,o3>o0,above,False,True,below,True,scene_0015__vflip.png
scene_0015,vflip,o3>o0,below,True,False,above,True,scene_0015__vflip.png
scene_0015,vflip,o3>o0,parallel,False,False,parallel,True,scene_0015__vflip.png
scene_0015,vflip,o3>o0,perpendicular,False,False,perpendicular,True,scene_0015__vflip.png
scene_0015,vflip,o3>o0,in_front_of,False,False,in_front_of,True,scene_0015__vflip.png
scene_0015,vflip,o3>o0,behind,True,True,behind,True,scene_0015__vflip.png
scene_0015,vflip,o3>o1,left_of,False,False,left_of,True,scene_0015__vflip.png
scene_0015,vflip,o3>o1,right_of,True,True,right_of,True,scene_0015__vflip.png
scene_0015,vflip,o3>o1,above,False,True,below,True,scene_0015__vflip.png
scene_0015,vflip,o3>o1,below,True,False,above,True,scene_0015__vflip.png
scene_0015,vflip,o3>o1,parallel,False,False,parallel,True,scene_0015__vflip.png
scene_0015,vflip,o3>o1,perpendicular,False,False,perpendicular,True,scene_0015__vflip.png
scene_0015,vflip,o3>o1,in_front_of,False,False,in_front_of,True,scene_0015__vflip.png
scene_0015,vflip,o3>o1,behind,True,True,behind,True,scene_0015__vflip.png
scene_0015,vflip,o3>o2,left_of,True,True,left_of,True,scene_0015__vflip.png
scene_0015,vflip,o3>o2,right_of,False,False,right_of,True,scene_0015__vflip.png
scene_0015,vflip,o3>o2,above,False,True,below,True,scene_0015__vflip.png
scene_0015,vflip,o3>o2,below,True,False,above,True,scene_0015__vflip.png
scene_0015,vflip,o3>o2,parallel,True,True,parallel,True,scene_0015__vflip.png
scene_0015,vflip,o3>o2,perpendicular,False,False,perpendicular,True,scene_0015__vflip.png
scene_0015,vflip,o3>o2,in_front_of,False,False,in_front_of,True,scene_0015__vflip.png
scene_0015,vflip,o3>o2,behind,True,True,behind,True,scene_0015__vflip.png
scene_0015,v_after_h,o0>o1,left_of,False,True,right_of,True,scene_0015__v_after_h.png
scene_0015,v_after_h,o0>o1,right_of,True,False,left_of,True,scene_0015__v_after_h.png
scene_0015,v_after_h,o0>o1,above,True,False,below,True,scene_0015__v_after_h.png
scene_0015,v_after_h,o0>o1,below,False,True,above,True,scene_0015__v_after_h.png
scene_0015,v_after_h,o0>o1,parallel,False,False,parallel,True,scene_0015__v_after_h.png
scene_0015,v_after_h,o0>o1,perpendicular,False,False,perpendicular,True,scene_0015__v_after_h.png
scene_0015,v_after_h,o0>o1,in_front_of,True,True,in_front_of,True,scene_0015__v_after_h.png
scene_0015,v_after_h,o0>o1,behind,False,False,behind,True,scene_0015__v_after_h.png
scene_0015,v_after_h,o0>o2,left_of,True,False,right_of,True,scene_0015__v_after_h.png
scene_0015,v_after_h,o0>o2,right_of,False,True,left_of,True,scene_0015__v_after_h.png
scene_0015,v_after_h,o0>o2,above,True,False,below,True,scene_0015__v_after_h.png
scene_0015,v_after_h,o0>o2,below,False,True,above,True,scene_0015__v_after_h.png
scene_0015,v_after_h,o0>o2,parallel,False,False,parallel,True,scene_0015__v_after_h.png
scene_0015,v_after_h,o0>o2,perpendicular,False,False,perpendicular,True,scene_0015__v_after_h.png
scene_0015,v_after_h,o0>o2,in_front_of,True,True,in_front_of,True,scene_0015__v_after_h.png
scene_0015,v_after_h,o0>o2,behind,False,False,behind,True,scene_0015__v_after_h.png
scene_0015,v_after_h,o0>o3,left_of,False,True,right_of,True,scene_0015__v_after_h.png
scene_0015,v_after_h,o0>o3,right_of,True,False,left_of,True,scene_0015__v_after_h.png
scene_0015,v_after_h,o0>o3,above,True,False,below,True,scene_0015__v_after_h.png
scene_0015,v_after_h,o0>o3,below,False,True,above,True,scene_0015__v_after_h.png
scene_0015,v_after_h,o0>o3,parallel,False,False,parallel,True,scene_0015__v_after_h.png
scene_0015,v_after_h,o0>o3,perpendicular,False,False,perpendicular,True,scene_0015__v_after_h.png
scene_0015,v_after_h,o0>o3,in_front_of,True,True,in_front_of,True,scene_0015__v_after_h.png
scene_0015,v_after_h,o0>o3,behind,False,False,behind,True,scene_0015__v_after_h.png
scene_0015,v_after_h,o1>o0,left_of,True,False,right_of,True,scene_0015__v_after_h.png
scene_0015,v_after_h,o1>o0,right_of,False,True,left_of,True,scene_0015__v_after_h.png
scene_0015,v_after_h,o1>o0,above,False,True,below,True,scene_0015__v_after_h.png
scene_0015,v_after_h,o1>o0,below,True,False,above,True,scene_0015__v_after_h.png
scene_0015,v_after_h,o1>o0,parallel,False,False,parallel,True,scene_0015__v_after_h.png
scene_0015,v_after_h,o1>o0,perpendicular,False,False,perpendicular,True,scene_0015__v_after_h.png
scene_0015,v_after_h,o1>o0,in_front_of,False,False,in_front_of,True,scene_0015__v_after_h.png
scene_0015,v_after_h,o1>o0,behind,True,True,behind,True,scene_0015__v_after_h.png
scene_0015,v_after_h,o1>o2,left_of,True,False,right_of,True,scene_0015__v_after_h.png
scene_0015,v_after_h,o1>o2,right_of,False,True,left_of,True,scene_0015__v_after_h.png
scene_0015,v_after_h,o1>o2,above,False,True,below,True,scene_0015__v_after_h.png
scene_0015,v_after_h,o1>o2,below,True,False,above,True,scene_0015__v_after_h.png
scene_0015,v_after_h,o1>o2,parallel,False,False,parallel,True,scene_0015__v_after_h.png
scene_0015,v_after_h,o1>o2,perpendicular,False,False,perpendicular,True,scene_0015__v_after_h.png
scene_0015,v_after_h,o1>o2,in_front_of,False,False,in_front_of,True,scene_0015__v_after_h.png
scene_0015,v_after_h,o1>o2,behind,True,True,behind,True,scene_0015__v_after_h.png
scene_0015,v_after_h,o1>o3,left_of,True,False,right_of,True,scene_0015__v_after_h.png
scene_0015,v_after_h,o1>o3,right_of,False,True,left_of,True,scene_0015__v_after_h.png
scene_0015,v_after_h,o1>o3,above,True,False,below,True,scene_0015__v_after_h.png
scene_0015,v_after_h,o1>o3,below,False,True,above,True,scene_0015__v_after_h.png
scene_0015,v_after_h,o1>o3,parallel,False,False,parallel,True,scene_0015__v_after_h.png
scene_0015,v_after_h,o1>o3,perpendicular,False,False,perpendicular,True,scene_0015__v_after_h.png
scene_0015,v_after_h,o1>o3,in_front_of,True,True,in_front_of,True,scene_0015__v_after_h.png
scene_0015,v_after_h,o1>o3,behind,False,False,behind,True,scene_0015__v_after_h.png
scene_0015,v_after_h,o2>o0,left_of,False,True,right_of,True,scene_0015__v_after_h.png
scene_0015,v_after_h,o2>o0,right_of,True,False,left_of,True,scene_0015__v_after_h.png
scene_0015,v_after_h,o2>o0,above,False,True,below,True,scene_0015__v_after_h.png
scene_0015,v_after_h,o2>o0,below,True,False,above,True,scene_0015__v_after_h.png
scene_0015,v_after_h,o2>o0,parallel,False,False,parallel,True,scene_0015__v_after_h.png
scene_0015,v_after_h,o2>o0,perpendicular,False,False,perpendicular,True,scene_0015__v_after_h.png
scene_0015,v_after_h,o2>o0,in_front_of,False,False,in_front_of,True,scene_0015__v_after_h.png
scene_0015,v_after_h,o2>o0,behind,True,True,behind,True,scene_0015__v_after_h.png
scene_0015,v_after_h,o2>o1,left_of,False,True,right_of,True,scene_0015__v_after_h.png
scene_0015,v_after_h,o2>o1,right_of,True,False,left_of,True,scene_0015__v_after_h.png
scene_0015,v_after_h,o2>o1,above,True,False,below,True,scene_0015__v_after_h.png
scene_0015,v_after_h,o2>o1,below,False,True,above,True,scene_0015__v_after_h.png
scene_0015,v_after_h,o2>o1,parallel,False,False,parallel,True,scene_0015__v_after_h.png
scene_0015,v_after_h,o2>o1,perpendicular,False,False,perpendicular,True,scene_0015__v_after_h.png
scene_0015,v_after_h,o2>o1,in_front_of,True,True,in_front_of,True,scene_0015__v_after_h.png
scene_0015,v_after_h,o2>o1,behind,False,False,behind,True,scene_0015__v_after_h.png
scene_0015,v_after_h,o2>o3,left_of,False,True,right_of,True,scene_0015__v_after_h.png
scene_0015,v_after_h,o2>o3,right_of,True,False,left_of,True,scene_0015__v_after_h.png
scene_0015,v_after_h,o2>o3,above,True,False,below,True,scene_0015__v_after_h.png
scene_0015,v_after_h,o2>o3,below,False,True,above,True,scene_0015__v_after_h.png
scene_0015,v_after_h,o2>o3,parallel,True,True,parallel,True,scene_0015__v_after_h.png
scene_0015,v_after_h,o2>o3,perpendicular,False,False,perpendicular,True,scene_0015__v_after_h.png
scene_0015,v_after_h,o2>o3,in_front_of,True,True,in_front_of,True,scene_0015__v_after_h.png
scene_0015,v_after_h,o2>o3,behind,False,False,behind,True,scene_0015__v_after_h.png
scene_0015,v_after_h,o3>o0,left_of,True,False,right_of,True,scene_0015__v_after_h.png
scene_0015,v_after_h,o3>o0,right_of,False,True,left_of,True,scene_0015__v_after_h.png
scene_0015,v_after_h,o3>o0,above,False,True,below,True,scene_0015__v_after_h.png
scene_0015,v_after_h,o3>o0,below,True,False,above,True,scene_0015__v_after_h.png
scene_0015,v_after_h,o3>o0,parallel,False,False,parallel,True,scene_0015__v_after_h.png
scene_0015,v_after_h,o3>o0,perpendicular,False,False,perpendicular,True,scene_0015__v_after_h.png
scene_0015,v_after_h,o3>o0,in_front_of,False,False,in_front_of,True,scene_0015__v_after_h.png
scene_0015,v_after_h,o3>o0,behind,True,True,behind,True,scene_0015__v_after_h.png
scene_0015,v_after_h,o3>o1,left_of,False,True,right_of,True,scene_0015__v_after_h.png
scene_0015,v_after_h,o3>o1,right_of,True,False,left_of,True,scene_0015__v_after_h.png
scene_0015,v_after_h,o3>o1,above,False,True,below,True,scene_0015__v_after_h.png
scene_0015,v_after_h,o3>o1,below,True,False,above,True,scene_0015__v_after_h.png
scene_0015,v_after_h,o3>o1,parallel,False,False,parallel,True,scene_0015__v_after_h.png
scene_0015,v_after_h,o3>o1,perpendicular,False,False,perpendicular,True,scene_0015__v_after_h.png
scene_0015,v_after_h,o3>o1,in_front_of,False,False,in_front_of,True,scene_0015__v_after_h.png
scene_0015,v_after_h,o3>o1,behind,True,True,behind,True,scene_0015__v_after_h.png
scene_0015,v_after_h,o3>o2,left_of,True,False,right_of,True,scene_0015__v_after_h.png
scene_0015,v_after_h,o3>o2,right_of,False,True,left_of,True,scene_0015__v_after_h.png
scene_0015,v_after_h,o3>o2,above,False,True,below,True,scene_0015__v_after_h.png
scene_0015,v_after_h,o3>o2,below,True,False,above,True,scene_0015__v_after_h.png
scene_0015,v_after_h,o3>o2,parallel,True,True,parallel,True,scene_0015__v_after_h.png
scene_0015,v_after_h,o3>o2,perpendicular,False,False,perpendicular,True,scene_0015__v_after_h.png
scene_0015,v_after_h,o3>o2,in_front_of,False,False,in_front_of,True,scene_0015__v_after_h.png
scene_0015,v_after_h,o3>o2,behind,True,True,behind,True,scene_0015__v_after_h.png
scene_0016,hflip,o0>o1,left_of,False,True,right_of,True,scene_0016__hflip.png
scene_0016,hflip,o0>o1,right_of,True,False,left_of,True,scene_0016__hflip.png
scene_0016,hflip,o0>o1,above,True,True,above,True,scene_0016__hflip.png
scene_0016,hflip,o0>o1,below,False,False,below,True,scene_0016__hflip.png
scene_0016,hflip,o0>o1,parallel,False,False,parallel,True,scene_0016__hflip.png
scene_0016,hflip,o0>o1,perpendicular,False,False,perpendicular,True,scene_0016__hflip.png
scene_0016,hflip,o0>o1,in_front_of,True,True,in_front_of,True,scene_0016__hflip.png
scene_0016,hflip,o0>o1,behind,False,False,behind,True,scene_0016__hflip.png
scene_0016,hflip,o0>o2,left_of,False,True,right_of,True,scene_0016__hflip.png
scene_0016,hflip,o0>o2,right_of,True,False,left_of,True,scene_0016__hflip.png
scene_0016,hflip,o0>o2,above,False,False,above,True,scene_0016__hflip.png
scene_0016,hflip,o0>o2,below,True,True,below,True,scene_0016__hflip.png
scene_0016,hflip,o0>o2,parallel,False,False,parallel,True,scene_0016__hflip.png
scene_0016,hflip,o0>o2,perpendicular,False,False,perpendicular,True,scene_0016__hflip.png
scene_0016,hflip,o0>o2,in_front_of,True,True,in_front_of,True,scene_0016__hflip.png
scene_0016,hflip,o0>o2,behind,False,False,behind,True,scene_0016__hflip.png
scene_0016,hflip,o0>o3,left_of,True,False,right_of,True,scene_0016__hflip.png
scene_0016,hflip,o0>o3,right_of,False,True,left_of,True,scene_0016__hflip.png
scene_0016,hflip,o0>o3,above,False,False,above,True,scene_0016__hflip.png
scene_0016,hflip,o0>o3,below,True,True,below,True,scene_0016__hflip.png
scene_0016,hflip,o0>o3,parallel,False,False,parallel,True,scene_0016__hflip.png
scene_0016,hflip,o0>o3,perpendicular,False,False,perpendicular,True,scene_0016__hflip.png
scene_0016,hflip,o0>o3,in_front_of,True,True,in_front_of,True,scene_0016__hflip.png
scene_0016,hflip,o0>o3,behind,False,False,behind,True,scene_0016__hflip.png
scene_0016,hflip,o1>o0,left_of,True,False,right_of,True,scene_0016__hflip.png
scene_0016,hflip,o1>o0,right_of,False,True,left_of,True,scene_0016__hflip.png
scene_0016,hflip,o1>o0,above,False,False,above,True,scene_0016__hflip.png
scene_0016,hflip,o1>o0,below,True,True,below,True,scene_0016__hflip.png
scene_0016,hflip,o1>o0,parallel,False,False,parallel,True,scene_0016__hflip.png
scene_0016,hflip,o1>o0,perpendicular,False,False,perpendicular,True,scene_0016__hflip.png
scene_0016,hflip,o1>o0,in_front_of,False,False,in_front_of,True,scene_0016__hflip.png
scene_0016,hflip,o1>o0,behind,True,True,behind,True,scene_0016__hflip.png
scene_0016,hflip,o1>o2,left_of,True,False,right_of,True,scene_0016__hflip.png
scene_0016,hflip,o1>o2,right_of,False,True,left_of,True,scene_0016__hflip.png
scene_0016,hflip,o1>o2,above,False,False,above,True,scene_0016__hflip.png
scene_0016,hflip,o1>o2,below,True,True,below,True,scene_0016__hflip.png
scene_0016,hflip,o1>o2,parallel,False,False,parallel,True,scene_0016__hflip.png
scene_0016,hflip,o1>o2,perpendicular,False,False,perpendicular,True,scene_0016__hflip.png
scene_0016,hflip,o1>o2,in_front_of,False,False,in_front_of,True,scene_0016__hflip.png
scene_0016,hflip,o1>o2,behind,True,True,behind,True,scene_0016__hflip.png
scene_0016,hflip,o1>o3,left_of,True,False,right_of,True,scene_0016__hflip.png
scene_0016,hflip,o1>o3,right_of,False,True,left_of,True,scene_0016__hflip.png
scene_0016,hflip,o1>o3,above,False,False,above,True,scene_0016__hflip.png
scene_0016,hflip,o1>o3,below,True,True,below,True,scene_0016__hflip.png
scene_0016,hflip,o1>o3,parallel,False,False,parallel,True,scene_0016__hflip.png
scene_0016,hflip,o1>o3,perpendicular,False,False,perpendicular,True,scene_0016__hflip.png
scene_0016,hflip,o1>o3,in_front_of,True,True,in_front_of,True,scene_0016__hflip.png
scene_0016,hflip,o1>o3,behind,False,False,behind,True,scene_0016__hflip.png
scene_0016,hflip,o2>o0,left_of,True,False,right_of,True,scene_0016__hflip.png
scene_0016,hflip,o2>o0,right_of,False,True,left_of,True,scene_0016__hflip.png
scene_0016,hflip,o2>o0,above,True,True,above,True,scene_0016__hflip.png
scene_0016,hflip,o2>o0,below,False,False,below,True,scene_0016__hflip.png
scene_0016,hflip,o2>o0,parallel,False,False,parallel,True,scene_0016__hflip.png
scene_0016,hflip,o2>o0,perpendicular,False,False,perpendicular,True,scene_0016__hflip.png
scene_0016,hflip,o2>o0,in_front_of,False,False,in_front_of,True,scene_0016__hflip.png
scene_0016,hflip,o2>o0,behind,True,True,behind,True,scene_0016__hflip.png
scene_0016,hflip,o2>o1,left_of,False,True,right_of,True,scene_0016__hflip.png
scene_0016,hflip,o2>o1,right_of,True,False,left_of,True,scene_0016__hflip.png
scene_0016,hflip,o2>o1,above,True,True,above,True,scene_0016__hflip.png
scene_0016,hflip,o2>o1,below,False,False,below,True,scene_0016__hflip.png
scene_0016,hflip,o2>o1,parallel,False,False,parallel,True,scene_0016__hflip.png
scene_0016,hflip,o2>o1,perpendicular,False,False,perpendicular,True,scene_0016__hflip.png
scene_0016,hflip,o2>o1,in_front_of,True,True,in_front_of,True,scene_0016__hflip.png
scene_0016,hflip,o2>o1,behind,False,False,behind,True,scene_0016__hflip.png
scene_0016,hflip,o2>o3,left_of,True,False,right_of,True,scene_0016__hflip.png
scene_0016,hflip,o2>o3,right_of,False,True,left_of,True,scene_0016__hflip.png
scene_0016,hflip,o2>o3,above,False,False,above,True,scene_0016__hflip.png
scene_0016,hflip,o2>o3,below,True,True,below,True,scene_0016__hflip.png
scene_0016,hflip,o2>o3,parallel,False,False,parallel,True,scene_0016__hflip.png
scene_0016,hflip,o2>o3,perpendicular,True,True,perpendicular,True,scene_0016__hflip.png
scene_0016,hflip,o2>o3,in_front_of,True,True,in_front_of,True,scene_0016__hflip.png
scene_0016,hflip,o2>o3,behind,False,False,behind,True,scene_0016__hflip.png
scene_0016,hflip,o3>o0,left_of,False,True,right_of,True,scene_0016__hflip.png
scene_0016,hflip,o3>o0,right_of,True,False,left_of,True,scene_0016__hflip.png
scene_0016,hflip,o3>o0,above,True,True,above,True,scene_0016__hflip.png
scene_0016,hflip,o3>o0,below,False,False,below,True,scene_0016__hflip.png
scene_0016,hflip,o3>o0,parallel,False,False,parallel,True,scene_0016__hflip.png
scene_0016,hflip,o3>o0,perpendicular,False,False,perpendicular,True,scene_0016__hflip.png
scene_0016,hflip,o3>o0,in_front_of,False,False,in_front_of,True,scene_0016__hflip.png
scene_0016,hflip,o3>o0,behind,True,True,behind,True,scene_0016__hflip.png
scene_0016,hflip,o3>o1,left_of,False,True,right_of,True,scene_0016__hflip.png
scene_0016,hflip,o3>o1,right_of,True,False,left_of,True,scene_0016__hflip.png
scene_0016,hflip,o3>o1,above,True,True,above,True,scene_0016__hflip.png
scene_0016,hflip,o3>o1,below,False,False,below,True,scene_0016__hflip.png
scene_0016,hflip,o3>o1,parallel,False,False,parallel,True,scene_0016__hflip.png
scene_0016,hflip,o3>o1,perpendicular,False,False,perpendicular,True,scene_0016__hflip.png
scene_0016,hflip,o3>o1,in_front_of,False,False,in_front_of,True,scene_0016__hflip.png
scene_0016,hflip,o3>o1,behind,True,True,behind,True,scene_0016__hflip.png
scene_0016,hflip,o3>o2,left_of,False,True,right_of,True,scene_0016__hflip.png
scene_0016,hflip,o3>o2,right_of,True,False,left_of,True,scene_0016__hflip.png
scene_0016,hflip,o3>o2,above,True,True,above,True,scene_0016__hflip.png
scene_0016,hflip,o3>o2,below,False,False,below,True,scene_0016__hflip.png
scene_0016,hflip,o3>o2,parallel,False,False,parallel,True,scene_0016__hflip.png
scene_0016,hflip,o3>o2,perpendicular,True,True,perpendicular,True,scene_0016__hflip.png
scene_0016,hflip,o3>o2,in_front_of,False,False,in_front_of,True,scene_0016__hflip.png
scene_0016,hflip,o3>o2,behind,True,True,behind,True,scene_0016__hflip.png
scene_0016,vflip,o0>o1,left_of,False,False,left_of,True,scene_0016__vflip.png
scene_0016,vflip,o0>o1,right_of,True,True,right_of,True,scene_0016__vflip.png
scene_0016,vflip,o0>o1,above,True,False,below,True,scene_0016__vflip.png
scene_0016,vflip,o0>o1,below,False,True,above,True,scene_0016__vflip.png
scene_0016,vflip,o0>o1,parallel,False,False,parallel,True,scene_0016__vflip.png
scene_0016,vflip,o0>o1,perpendicular,False,False,perpendicular,True,scene_0016__vflip.png
scene_0016,vflip,o0>o1,in_front_of,True,True,in_front_of,True,scene_0016__vflip.png
scene_0016,vflip,o0>o1,behind,False,False,behind,True,scene_0016__vflip.png
scene_0016,vflip,o0>o2,left_of,False,False,left_of,True,scene_0016__vflip.png
scene_0016,vflip,o0>o2,right_of,True,True,right_of,True,scene_0016__vflip.png
scene_0016,vflip,o0>o2,above,False,True,below,True,scene_0016__vflip.png
scene_0016,vflip,o0>o2,below,True,False,above,True,scene_0016__vflip.png
scene_0016,vflip,o0>o2,parallel,False,False,parallel,True,scene_0016__vflip.png
scene_0016,vflip,o0>o2,perpendicular,False,False,perpendicular,True,scene_0016__vflip.png
scene_0016,vflip,o0>o2,in_front_of,True,True,in_front_of,True,scene_0016__vflip.png
scene_0016,vflip,o0>o2,behind,False,False,behind,True,scene_0016__vflip.png
scene_0016,vflip,o0>o3,left_of,True,True,left_of,True,scene_0016__vflip.png
scene_0016,vflip,o0>o3,right_of,False,False,right_of,True,scene_0016__vflip.png
scene_0016,vflip,o0>o3,above,False,True,below,True,scene_0016__vflip.png
scene_0016,vflip,o0>o3,below,True,False,above,True,scene_0016__vflip.png
scene_0016,vflip,o0>o3,parallel,False,False,parallel,True,scene_0016__vflip.png
scene_0016,vflip,o0>o3,perpendicular,False,False,perpendicular,True,scene_0016__vflip.png
scene_0016,vflip,o0>o3,in_front_of,True,True,in_front_of,True,scene_0016__vflip.png
scene_0016,vflip,o0>o3,behind,False,False,behind,True,scene_0016__vflip.png
scene_0016,vflip,o1>o0,left_of,True,True,left_of,True,scene_0016__vflip.png
scene_0016,vflip,o1>o0,right_of,False,False,right_of,True,scene_0016__vflip.png
scene_0016,vflip,o1>o0,above,False,True,below,True,scene_0016__vflip.png
scene_0016,vflip,o1>o0,below,True,False,above,True,scene_0016__vflip.png
scene_0016,vflip,o1>o0,parallel,False,False,parallel,True,scene_0016__vflip.png
scene_0016,vflip,o1>o0,perpendicular,False,False,perpendicular,True,scene_0016__vflip.png
scene_0016,vflip,o1>o0,in_front_of,False,False,in_front_of,True,scene_0016__vflip.png
scene_0016,vflip,o1>o0,behind,True,True,behind,True,scene_0016__vflip.png
scene_0016,vflip,o1>o2,left_of,True,True,left_of,True,scene_0016__vflip.png
scene_0016,vflip,o1>o2,right_of,False,False,right_of,True,scene_0016__vflip.png
scene_0016,vflip,o1>o2,above,False,True,below,True,scene_0016__vflip.png
scene_0016,vflip,o1>o2,below,True,False,above,True,scene_0016__vflip.png
scene_0016,vflip,o1>o2,parallel,False,False,parallel,True,scene_0016__vflip.png
scene_0016,vflip,o1>o2,perpendicular,False,False,perpendicular,True,scene_0016__vflip.png
scene_0016,vflip,o1>o2,in_front_of,False,False,in_front_of,True,scene_0016__vflip.png
scene_0016,vflip,o1>o2,behind,True,True,behind,True,scene_0016__vflip.png
scene_0016,vflip,o1>o3,left_of,True,True,left_of,True,scene_0016__vflip.png
scene_0016,vflip,o1>o3,right_of,False,False,right_of,True,scene_0016__vflip.png
scene_0016,vflip,o1>o3,above,False,True,below,True,scene_0016__vflip.png
scene_0016,vflip,o1>o3,below,True,False,above,True,scene_0016__vflip.png
scene_0016,vflip,o1>o3,parallel,False,False,parallel,True,scene_0016__vflip.png
scene_0016,vflip,o1>o3,perpendicular,False,False,perpendicular,True,scene_0016__vflip.png
scene_0016,vflip,o1>o3,in_front_of,True,True,in_front_of,True,scene_0016__vflip.png
scene_0016,vflip,o1>o3,behind,False,False,behind,True,scene_0016__vflip.png
scene_0016,vflip,o2>o0,left_of,True,True,left_of,True,scene_0016__vflip.png
scene_0016,vflip,o2>o0,right_of,False,False,right_of,True,scene_0016__vflip.png
scene_0016,vflip,o2>o0,above,True,False,below,True,scene_0016__vflip.png
scene_0016,vflip,o2>o0,below,False,True,above,True,scene_0016__vflip.png
scene_0016,vflip,o2>o0,parallel,False,False,parallel,True,scene_0016__vflip.png
scene_0016,vflip,o2>o0,perpendicular,False,False,perpendicular,True,scene_0016__vflip.png
scene_0016,vflip,o2>o0,in_front_of,False,False,in_front_of,True,scene_0016__vflip.png
scene_0016,vflip,o2>o0,behind,True,True,behind,True,scene_0016__vflip.png
scene_0016,vflip,o2>o1,left_of,False,False,left_of,True,scene_0016__vflip.png
scene_0016,vflip,o2>o1,right_of,True,True,right_of,True,scene_0016__vflip.png
scene_0016,vflip,o2>o1,above,True,False,below,True,scene_0016__vflip.png
scene_0016,vflip,o2>o1,below,False,True,above,True,scene_0016__vflip.png
scene_0016,vflip,o2>o1,parallel,False,False,parallel,True,scene_0016__vflip.png
scene_0016,vflip,o2>o1,perpendicular,False,False,perpendicular,True,scene_0016__vflip.png
scene_0016,vflip,o2>o1,in_front_of,True,True,in_front_of,True,scene_0016__vflip.png
scene_0016,vflip,o2>o1,behind,False,False,behind,True,scene_0016__vflip.png
scene_0016,vflip,o2>o3,left_of,True,True,left_of,True,scene_0016__vflip.png
scene_0016,vflip,o2>o3,right_of,False,False,right_of,True,scene_0016__vflip.png
scene_0016,vflip,o2>o3,above,False,True,below,True,scene_0016__vflip.png
scene_0016,vflip,o2>o3,below,True,False,above,True,scene_0016__vflip.png
scene_0016,vflip,o2>o3,parallel,False,False,parallel,True,scene_0016__vflip.png
scene_0016,vflip,o2>o3,perpendicular,True,True,perpendicular,True,scene_0016__vflip.png
scene_0016,vflip,o2>o3,in_front_of,True,True,in_front_of,True,scene_0016__vflip.png
scene_0016,vflip,o2>o3,behind,False,False,behind,True,scene_0016__vflip.png
scene_0016,vflip,o3>o0,left_of,False,False,left_of,True,scene_0016__vflip.png
scene_0016,vflip,o3>o0,right_of,True,True,right_of,True,scene_0016__vflip.png
scene_0016,vflip,o3>o0,above,True,False,below,True,scene_0016__vflip.png
scene_0016,vflip,o3>o0,below,False,True,above,True,scene_0016__vflip.png
scene_0016,vflip,o3>o0,parallel,False,False,parallel,True,scene_0016__vflip.png
scene_0016,vflip,o3>o0,perpendicular,False,False,perpendicular,True,scene_0016__vflip.png
scene_0016,vflip,o3>o0,in_front_of,False,False,in_front_of,True,scene_0016__vflip.png
scene_0016,vflip,o3>o0,behind,True,True,behind,True,scene_0016__vflip.png
scene_0016,vflip,o3>o1,left_of,False,False,left_of,True,scene_0016__vflip.png
scene_0016,vflip,o3>o1,right_of,True,True,right_of,True,scene_0016__vflip.png
scene_0016,vflip,o3>o1,above,True,False,below,True,scene_0016__vflip.png
scene_0016,vflip,o3>o1,below,False,True,above,True,scene_0016__vflip.png
scene_0016,vflip,o3>o1,parallel,False,False,parallel,True,scene_0016__vflip.png
scene_0016,vflip,o3>o1,perpendicular,False,False,perpendicular,True,scene_0016__vflip.png
scene_0016,vflip,o3>o1,in_front_of,False,False,in_front_of,True,scene_0016__vflip.png
scene_0016,vflip,o3>o1,behind,True,True,behind,True,scene_0016__vflip.png
scene_0016,vflip,o3>o2,left_of,False,False,left_of,True,scene_0016__vflip.png
scene_0016,vflip,o3>o2,right_of,True,True,right_of,True,scene_0016__vflip.png
scene_0016,vflip,o3>o2,above,True,False,below,True,scene_0016__vflip.png
scene_0016,vflip,o3>o2,below,False,True,above,True,scene_0016__vflip.png
scene_0016,vflip,o3>o2,parallel,False,False,parallel,True,scene_0016__vflip.png
scene_0016,vflip,o3>o2,perpendicular,True,True,perpendicular,True,scene_0016__vflip.png
scene_0016,vflip,o3>o2,in_front_of,False,False,in_front_of,True,scene_0016__vflip.png
scene_0016,vflip,o3>o2,behind,True,True,behind,True,scene_0016__vflip.png
scene_0016,v_after_h,o0>o1,left_of,False,True,right_of,True,scene_0016__v_after_h.png
scene_0016,v_after_h,o0>o1,right_of,True,False,left_of,True,scene_0016__v_after_h.png
scene_0016,v_after_h,o0>o1,above,True,False,below,True,scene_0016__v_after_h.png
scene_0016,v_after_h,o0>o1,below,False,True,above,True,scene_0016__v_after_h.png
scene_0016,v_after_h,o0>o1,parallel,False,False,parallel,True,scene_0016__v_after_h.png
scene_0016,v_after_h,o0>o1,perpendicular,False,False,perpendicular,True,scene_0016__v_after_h.png
scene_0016,v_after_h,o0>o1,in_front_of,True,True,in_front_of,True,scene_0016__v_after_h.png
scene_0016,v_after_h,o0>o1,behind,False,False,behind,True,scene_0016__v_after_h.png
scene_0016,v_after_h,o0>o2,left_of,False,True,right_of,True,scene_0016__v_after_h.png
scene_0016,v_after_h,o0>o2,right_of,True,False,left_of,True,scene_0016__v_after_h.png
scene_0016,v_after_h,o0>o2,above,False,True,below,True,scene_0016__v_after_h.png
scene_0016,v_after_h,o0>o2,below,True,False,above,True,scene_0016__v_after_h.png
scene_0016,v_after_h,o0>o2,parallel,False,False,parallel,True,scene_0016__v_after_h.png
scene_0016,v_after_h,o0>o2,perpendicular,False,False,perpendicular,True,scene_0016__v_after_h.png
scene_0016,v_after_h,o0>o2,in_front_of,True,True,in_front_of,True,scene_0016__v_after_h.png
scene_0016,v_after_h,o0>o2,behind,False,False,behind,True,scene_0016__v_after_h.png
scene_0016,v_after_h,o0>o3,left_of,True,False,right_of,True,scene_0016__v_after_h.png
scene_0016,v_after_h,o0>o3,right_of,False,True,left_of,True,scene_0016__v_after_h.png
scene_0016,v_after_h,o0>o3,above,False,True,below,True,scene_0016__v_after_h.png
scene_0016,v_after_h,o0>o3,below,True,False,above,True,scene_0016__v_after_h.png
scene_0016,v_after_h,o0>o3,parallel,False,False,parallel,True,scene_0016__v_after_h.png
scene_0016,v_after_h,o0>o3,perpendicular,False,False,perpendicular,True,scene_0016__v_after_h.png
scene_0016,v_after_h,o0>o3,in_front_of,True,True,in_front_of,True,scene_0016__v_after_h.png
scene_0016,v_after_h,o0>o3,behind,False,False,behind,True,scene_0016__v_after_h.png
scene_0016,v_after_h,o1>o0,left_of,True,False,right_of,True,scene_0016__v_after_h.png
scene_0016,v_after_h,o1>o0,right_of,False,True,left_of,True,scene_0016__v_after_h.png
scene_0016,v_after_h,o1>o0,above,False,True,below,True,scene_0016__v_after_h.png
scene_0016,v_after_h,o1>o0,below,True,False,above,True,scene_0016__v_after_h.png
scene_0016,v_after_h,o1>o0,parallel,False,False,parallel,True,scene_0016__v_after_h.png
scene_0016,v_after_h,o1>o0,perpendicular,False,False,perpendicular,True,scene_0016__v_after_h.png
scene_0016,v_after_h,o1>o0,in_front_of,False,False,in_front_of,True,scene_0016__v_after_h.png
scene_0016,v_after_h,o1>o0,behind,True,True,behind,True,scene_0016__v_after_h.png
scene_0016,v_after_h,o1>o2,left_of,True,False,right_of,True,scene_0016__v_after_h.png
scene_0016,v_after_h,o1>o2,right_of,False,True,left_of,True,scene_0016__v_after_h.png
scene_0016,v_after_h,o1>o2,above,False,True,below,True,scene_0016__v_after_h.png
scene_0016,v_after_h,o1>o2,below,True,False,above,True,scene_0016__v_after_h.png
scene_0016,v_after_h,o1>o2,parallel,False,False,parallel,True,scene_0016__v_after_h.png
scene_0016,v_after_h,o1>o2,perpendicular,False,False,perpendicular,True,scene_0016__v_after_h.png
scene_0016,v_after_h,o1>o2,in_front_of,False,False,in_front_of,True,scene_0016__v_after_h.png
scene_0016,v_after_h,o1>o2,behind,True,True,behind,True,scene_0016__v_after_h.png
scene_0016,v_after_h,o1>o3,left_of,True,False,right_of,True,scene_0016__v_after_h.png
scene_0016,v_after_h,o1>o3,right_of,False,True,left_of,True,scene_0016__v_after_h.png
scene_0016,v_after_h,o1>o3,above,False,True,below,True,scene_0016__v_after_h.png
scene_0016,v_after_h,o1>o3,below,True,False,above,True,scene_0016__v_after_h.png
scene_0016,v_after_h,o1>o3,parallel,False,False,parallel,True,scene_0016__v_after_h.png
scene_0016,v_after_h,o1>o3,perpendicular,False,False,perpendicular,True,scene_0016__v_after_h.png
scene_0016,v_after_h,o1>o3,in_front_of,True,True,in_front_of,True,scene_0016__v_after_h.png
scene_0016,v_after_h,o1>o3,behind,False,False,behind,True,scene_0016__v_after_h.png
scene_0016,v_after_h,o2>o0,left_of,True,False,right_of,True,scene_0016__v_after_h.png
scene_0016,v_after_h,o2>o0,right_of,False,True,left_of,True,scene_0016__v_after_h.png
scene_0016,v_after_h,o2>o0,above,True,False,below,True,scene_0016__v_after_h.png
scene_0016,v_after_h,o2>o0,below,False,True,above,True,scene_0016__v_after_h.png
scene_0016,v_after_h,o2>o0,parallel,False,False,parallel,True,scene_0016__v_after_h.png
scene_0016,v_after_h,o2>o0,perpendicular,False,False,perpendicular,True,scene_0016__v_after_h.png
scene_0016,v_after_h,o2>o0,in_front_of,False,False,in_front_of,True,scene_0016__v_after_h.png
scene_0016,v_after_h,o2>o0,behind,True,True,behind,True,scene_0016__v_after_h.png
scene_0016,v_after_h,o2>o1,left_of,False,True,right_of,True,scene_0016__v_after_h.png
scene_0016,v_after_h,o2>o1,right_of,True,False,left_of,True,scene_0016__v_after_h.png
scene_0016,v_after_h,o2>o1,above,True,False,below,True,scene_0016__v_after_h.png
scene_0016,v_after_h,o2>o1,below,False,True,above,True,scene_0016__v_after_h.png
scene_0016,v_after_h,o2>o1,parallel,False,False,parallel,True,scene_0016__v_after_h.png
scene_0016,v_after_h,o2>o1,perpendicular,False,False,perpendicular,True,scene_0016__v_after_h.png
scene_0016,v_after_h,o2>o1,in_front_of,True,True,in_front_of,True,scene_0016__v_after_h.png
scene_0016,v_after_h,o2>o1,behind,False,False,behind,True,scene_0016__v_after_h.png
scene_0016,v_after_h,o2>o3,left_of,True,False,right_of,True,scene_0016__v_after_h.png
scene_0016,v_after_h,o2>o3,right_of,False,True,left_of,True,scene_0016__v_after_h.png
scene_0016,v_after_h,o2>o3,above,False,True,below,True,scene_0016__v_after_h.png
scene_0016,v_after_h,o2>o3,below,True,False,above,True,scene_0016__v_after_h.png
scene_0016,v_after_h,o2>o3,parallel,False,False,parallel,True,scene_0016__v_after_h.png
scene_0016,v_after_h,o2>o3,perpendicular,True,True,perpendicular,True,scene_0016__v_after_h.png
scene_0016,v_after_h,o2>o3,in_front_of,True,True,in_front_of,True,scene_0016__v_after_h.png
scene_0016,v_after_h,o2>o3,behind,False,False,behind,True,scene_0016__v_after_h.png
scene_0016,v_after_h,o3>o0,left_of,False,True,right_of,True,scene_0016__v_after_h.png
scene_0016,v_after_h,o3>o0,right_of,True,False,left_of,True,scene_0016__v_after_h.png
scene_0016,v_after_h,o3>o0,above,True,False,below,True,scene_0016__v_after_h.png
scene_0016,v_after_h,o3>o0,below,False,True,above,True,scene_0016__v_after_h.png
scene_0016,v_after_h,o3>o0,parallel,False,False,parallel,True,scene_0016__v_after_h.png
scene_0016,v_after_h,o3>o0,perpendicular,False,False,perpendicular,True,scene_0016__v_after_h.png
scene_0016,v_after_h,o3>o0,in_front_of,False,False,in_front_of,True,scene_0016__v_after_h.png
scene_0016,v_after_h,o3>o0,behind,True,True,behind,True,scene_0016__v_after_h.png
scene_0016,v_after_h,o3>o1,left_of,False,True,right_of,True,scene_0016__v_after_h.png
scene_0016,v_after_h,o3>o1,right_of,True,False,left_of,True,scene_0016__v_after_h.png
scene_0016,v_after_h,o3>o1,above,True,False,below,True,scene_0016__v_after_h.png
scene_0016,v_after_h,o3>o1,below,False,True,above,True,scene_0016__v_after_h.png
scene_0016,v_after_h,o3>o1,parallel,False,False,parallel,True,scene_0016__v_after_h.png
scene_0016,v_after_h,o3>o1,perpendicular,False,False,perpendicular,True,scene_0016__v_after_h.png
scene_0016,v_after_h,o3>o1,in_front_of,False,False,in_front_of,True,scene_0016__v_after_h.png
scene_0016,v_after_h,o3>o1,behind,True,True,behind,True,scene_0016__v_after_h.png
scene_0016,v_after_h,o3>o2,left_of,False,True,right_of,True,scene_0016__v_after_h.png
scene_0016,v_after_h,o3>o2,right_of,True,False,left_of,True,scene_0016__v_after_h.png
scene_0016,v_after_h,o3>o2,above,True,False,below,True,scene_0016__v_after_h.png
scene_0016,v_after_h,o3>o2,below,False,True,above,True,scene_0016__v_after_h.png
scene_0016,v_after_h,o3>o2,parallel,False,False,parallel,True,scene_0016__v_after_h.png
scene_0016,v_after_h,o3>o2,perpendicular,True,True,perpendicular,True,scene_0016__v_after_h.png
scene_0016,v_after_h,o3>o2,in_front_of,False,False,in_front_of,True,scene_0016__v_after_h.png
scene_0016,v_after_h,o3>o2,behind,True,True,behind,True,scene_0016__v_after_h.png
