example_id,paired_parent_id,split,condition,intervention_axis,statement,original_statement,relation,relation_family,subject,object,ground_truth,expected_transformed_label,expected_prediction_behavior,prediction,correct,raw_output,model_id,model_revision,model_condition,adapter_path,adapter_hash,training_seed,prompt_version,parser_version,image_id,source_image_id,replacement_image_id,transformed_image_id,transform_name,transform_version,transform_metadata,shuffle_seed,generation_settings,run_id,git_commit,protocol_version
vsr_test:0000,vsr_test:0000,test,shuffle,evidence,The person is inside the refrigerator.,The person is inside the refrigerator.,inside,containment,person,refrigerator,True,,,False,False, False.,Qwen/Qwen2-VL-7B-Instruct,,7B_general_lora,/home/ubuntu/vlm-spatial-reasoning/checkpoints/qwen2vl_7b_general_lora/final,"{""README.md"": ""ad67fbd14e29a7dae114b54d70c840eab4d917c7d4bbce31d8e923429325d12b"", ""adapter_config.json"": ""4cc863971496d11551ef4f7a943764405400230a371c1c74ab1690589d27af4b"", ""adapter_model.safetensors"": ""109a8f8284daa35887b309c03f53b03079e51e39ec821afd41f4653d983c56f8"", ""chat_template.jinja"": ""a0bc6f6fc7a29a80017a433e8f03a1cc1236e838a944a2d034295a60c4f2fddb"", ""processor_config.json"": ""edb8dd5001f02dd3a488fd63d664fcdc5514c4a93962bf1be534a0acf6e2c714"", ""tokenizer.json"": ""ff8cce547abc110590d19c6b5b6e0c6a7b4c8d1012d78b9c42131bae7f494a02"", ""tokenizer_config.json"": ""5afec58078ec072cdc9ad190a63c8657f9c47ec71068ff9c77423f1ea0422364""}",,7f29cebb9d06eca06ad0d6c690e4d5a083b71a9c42008f88e92474e3ff0eb98a,eb4075c77285da02c52794154760fa969fb21ab3dcceb0820cb7d2ba27d27471,http://images.cocodataset.org/train2017/000000451431.jpg,http://images.cocodataset.org/train2017/000000451431.jpg,vsr_test:1605,http://images.cocodataset.org/train2017/000000473676.jpg,shuffle_image,tier_a_v0.1,"{""algorithm"": ""cycle derangement"", ""axis"": ""evidence"", ""condition"": ""shuffle"", ""forbid_self_pair"": true, ""mapping_file_sha256"": ""d0ca3efb893c3338c12823430a9c1007d019eb79f432c51851ff7c318e1eb171"", ""replacement_example_id"": ""vsr_test:1605"", ""seed"": 20260810}",20260810,"{""do_sample"": false, ""max_new_tokens"": 5}",tier_a_pilot200,2f047945e4a22ea8774c8172826991930be36ad0,v0.1
vsr_test:0001,vsr_test:0001,test,shuffle,evidence,The cake consists of the dog.,The cake consists of the dog.,consists of,compositional,,dog,True,,,False,False, False,Qwen/Qwen2-VL-7B-Instruct,,7B_general_lora,/home/ubuntu/vlm-spatial-reasoning/checkpoints/qwen2vl_7b_general_lora/final,"{""README.md"": ""ad67fbd14e29a7dae114b54d70c840eab4d917c7d4bbce31d8e923429325d12b"", ""adapter_config.json"": ""4cc863971496d11551ef4f7a943764405400230a371c1c74ab1690589d27af4b"", ""adapter_model.safetensors"": ""109a8f8284daa35887b309c03f53b03079e51e39ec821afd41f4653d983c56f8"", ""chat_template.jinja"": ""a0bc6f6fc7a29a80017a433e8f03a1cc1236e838a944a2d034295a60c4f2fddb"", ""processor_config.json"": ""edb8dd5001f02dd3a488fd63d664fcdc5514c4a93962bf1be534a0acf6e2c714"", ""tokenizer.json"": ""ff8cce547abc110590d19c6b5b6e0c6a7b4c8d1012d78b9c42131bae7f494a02"", ""tokenizer_config.json"": ""5afec58078ec072cdc9ad190a63c8657f9c47ec71068ff9c77423f1ea0422364""}",,7f29cebb9d06eca06ad0d6c690e4d5a083b71a9c42008f88e92474e3ff0eb98a,eb4075c77285da02c52794154760fa969fb21ab3dcceb0820cb7d2ba27d27471,http://images.cocodataset.org/train2017/000000287427.jpg,http://images.cocodataset.org/train2017/000000287427.jpg,vsr_test:0288,http://images.cocodataset.org/train2017/000000262118.jpg,shuffle_image,tier_a_v0.1,"{""algorithm"": ""cycle derangement"", ""axis"": ""evidence"", ""condition"": ""shuffle"", ""forbid_self_pair"": true, ""mapping_file_sha256"": ""d0ca3efb893c3338c12823430a9c1007d019eb79f432c51851ff7c318e1eb171"", ""replacement_example_id"": ""vsr_test:0288"", ""seed"": 20260810}",20260810,"{""do_sample"": false, ""max_new_tokens"": 5}",tier_a_pilot200,2f047945e4a22ea8774c8172826991930be36ad0,v0.1
vsr_test:0002,vsr_test:0002,test,shuffle,evidence,The bird is above the cat.,The bird is above the cat.,above,vertical,bird,cat,False,,,False,True, False.,Qwen/Qwen2-VL-7B-Instruct,,7B_general_lora,/home/ubuntu/vlm-spatial-reasoning/checkpoints/qwen2vl_7b_general_lora/final,"{""README.md"": ""ad67fbd14e29a7dae114b54d70c840eab4d917c7d4bbce31d8e923429325d12b"", ""adapter_config.json"": ""4cc863971496d11551ef4f7a943764405400230a371c1c74ab1690589d27af4b"", ""adapter_model.safetensors"": ""109a8f8284daa35887b309c03f53b03079e51e39ec821afd41f4653d983c56f8"", ""chat_template.jinja"": ""a0bc6f6fc7a29a80017a433e8f03a1cc1236e838a944a2d034295a60c4f2fddb"", ""processor_config.json"": ""edb8dd5001f02dd3a488fd63d664fcdc5514c4a93962bf1be534a0acf6e2c714"", ""tokenizer.json"": ""ff8cce547abc110590d19c6b5b6e0c6a7b4c8d1012d78b9c42131bae7f494a02"", ""tokenizer_config.json"": ""5afec58078ec072cdc9ad190a63c8657f9c47ec71068ff9c77423f1ea0422364""}",,7f29cebb9d06eca06ad0d6c690e4d5a083b71a9c42008f88e92474e3ff0eb98a,eb4075c77285da02c52794154760fa969fb21ab3dcceb0820cb7d2ba27d27471,http://images.cocodataset.org/train2017/000000072556.jpg,http://images.cocodataset.org/train2017/000000072556.jpg,vsr_test:0391,http://images.cocodataset.org/train2017/000000316563.jpg,shuffle_image,tier_a_v0.1,"{""algorithm"": ""cycle derangement"", ""axis"": ""evidence"", ""condition"": ""shuffle"", ""forbid_self_pair"": true, ""mapping_file_sha256"": ""d0ca3efb893c3338c12823430a9c1007d019eb79f432c51851ff7c318e1eb171"", ""replacement_example_id"": ""vsr_test:0391"", ""seed"": 20260810}",20260810,"{""do_sample"": false, ""max_new_tokens"": 5}",tier_a_pilot200,2f047945e4a22ea8774c8172826991930be36ad0,v0.1
vsr_test:0003,vsr_test:0003,test,shuffle,evidence,The laptop is facing the sandwich.,The laptop is facing the sandwich.,facing,orientation,laptop,sandwich,False,,,False,True, False.,Qwen/Qwen2-VL-7B-Instruct,,7B_general_lora,/home/ubuntu/vlm-spatial-reasoning/checkpoints/qwen2vl_7b_general_lora/final,"{""README.md"": ""ad67fbd14e29a7dae114b54d70c840eab4d917c7d4bbce31d8e923429325d12b"", ""adapter_config.json"": ""4cc863971496d11551ef4f7a943764405400230a371c1c74ab1690589d27af4b"", ""adapter_model.safetensors"": ""109a8f8284daa35887b309c03f53b03079e51e39ec821afd41f4653d983c56f8"", ""chat_template.jinja"": ""a0bc6f6fc7a29a80017a433e8f03a1cc1236e838a944a2d034295a60c4f2fddb"", ""processor_config.json"": ""edb8dd5001f02dd3a488fd63d664fcdc5514c4a93962bf1be534a0acf6e2c714"", ""tokenizer.json"": ""ff8cce547abc110590d19c6b5b6e0c6a7b4c8d1012d78b9c42131bae7f494a02"", ""tokenizer_config.json"": ""5afec58078ec072cdc9ad190a63c8657f9c47ec71068ff9c77423f1ea0422364""}",,7f29cebb9d06eca06ad0d6c690e4d5a083b71a9c42008f88e92474e3ff0eb98a,eb4075c77285da02c52794154760fa969fb21ab3dcceb0820cb7d2ba27d27471,http://images.cocodataset.org/train2017/000000519404.jpg,http://images.cocodataset.org/train2017/000000519404.jpg,vsr_test:1221,http://images.cocodataset.org/train2017/000000007961.jpg,shuffle_image,tier_a_v0.1,"{""algorithm"": ""cycle derangement"", ""axis"": ""evidence"", ""condition"": ""shuffle"", ""forbid_self_pair"": true, ""mapping_file_sha256"": ""d0ca3efb893c3338c12823430a9c1007d019eb79f432c51851ff7c318e1eb171"", ""replacement_example_id"": ""vsr_test:1221"", ""seed"": 20260810}",20260810,"{""do_sample"": false, ""max_new_tokens"": 5}",tier_a_pilot200,2f047945e4a22ea8774c8172826991930be36ad0,v0.1
vsr_test:0004,vsr_test:0004,test,shuffle,evidence,The elephant is inside the truck.,The elephant is inside the truck.,inside,containment,elephant,truck,False,,,False,True, False.,Qwen/Qwen2-VL-7B-Instruct,,7B_general_lora,/home/ubuntu/vlm-spatial-reasoning/checkpoints/qwen2vl_7b_general_lora/final,"{""README.md"": ""ad67fbd14e29a7dae114b54d70c840eab4d917c7d4bbce31d8e923429325d12b"", ""adapter_config.json"": ""4cc863971496d11551ef4f7a943764405400230a371c1c74ab1690589d27af4b"", ""adapter_model.safetensors"": ""109a8f8284daa35887b309c03f53b03079e51e39ec821afd41f4653d983c56f8"", ""chat_template.jinja"": ""a0bc6f6fc7a29a80017a433e8f03a1cc1236e838a944a2d034295a60c4f2fddb"", ""processor_config.json"": ""edb8dd5001f02dd3a488fd63d664fcdc5514c4a93962bf1be534a0acf6e2c714"", ""tokenizer.json"": ""ff8cce547abc110590d19c6b5b6e0c6a7b4c8d1012d78b9c42131bae7f494a02"", ""tokenizer_config.json"": ""5afec58078ec072cdc9ad190a63c8657f9c47ec71068ff9c77423f1ea0422364""}",,7f29cebb9d06eca06ad0d6c690e4d5a083b71a9c42008f88e92474e3ff0eb98a,eb4075c77285da02c52794154760fa969fb21ab3dcceb0820cb7d2ba27d27471,http://images.cocodataset.org/train2017/000000294749.jpg,http://images.cocodataset.org/train2017/000000294749.jpg,vsr_test:1632,http://images.cocodataset.org/train2017/000000178890.jpg,shuffle_image,tier_a_v0.1,"{""algorithm"": ""cycle derangement"", ""axis"": ""evidence"", ""condition"": ""shuffle"", ""forbid_self_pair"": true, ""mapping_file_sha256"": ""d0ca3efb893c3338c12823430a9c1007d019eb79f432c51851ff7c318e1eb171"", ""replacement_example_id"": ""vsr_test:1632"", ""seed"": 20260810}",20260810,"{""do_sample"": false, ""max_new_tokens"": 5}",tier_a_pilot200,2f047945e4a22ea8774c8172826991930be36ad0,v0.1
vsr_test:0005,vsr_test:0005,test,shuffle,evidence,The cat is at the edge of the dining table.,The cat is at the edge of the dining table.,at the edge of,topology_contact,cat,dining table,False,,,False,True, False.,Qwen/Qwen2-VL-7B-Instruct,,7B_general_lora,/home/ubuntu/vlm-spatial-reasoning/checkpoints/qwen2vl_7b_general_lora/final,"{""README.md"": ""ad67fbd14e29a7dae114b54d70c840eab4d917c7d4bbce31d8e923429325d12b"", ""adapter_config.json"": ""4cc863971496d11551ef4f7a943764405400230a371c1c74ab1690589d27af4b"", ""adapter_model.safetensors"": ""109a8f8284daa35887b309c03f53b03079e51e39ec821afd41f4653d983c56f8"", ""chat_template.jinja"": ""a0bc6f6fc7a29a80017a433e8f03a1cc1236e838a944a2d034295a60c4f2fddb"", ""processor_config.json"": ""edb8dd5001f02dd3a488fd63d664fcdc5514c4a93962bf1be534a0acf6e2c714"", ""tokenizer.json"": ""ff8cce547abc110590d19c6b5b6e0c6a7b4c8d1012d78b9c42131bae7f494a02"", ""tokenizer_config.json"": ""5afec58078ec072cdc9ad190a63c8657f9c47ec71068ff9c77423f1ea0422364""}",,7f29cebb9d06eca06ad0d6c690e4d5a083b71a9c42008f88e92474e3ff0eb98a,eb4075c77285da02c52794154760fa969fb21ab3dcceb0820cb7d2ba27d27471,http://images.cocodataset.org/train2017/000000572993.jpg,http://images.cocodataset.org/train2017/000000572993.jpg,vsr_test:1245,http://images.cocodataset.org/train2017/000000222716.jpg,shuffle_image,tier_a_v0.1,"{""algorithm"": ""cycle derangement"", ""axis"": ""evidence"", ""condition"": ""shuffle"", ""forbid_self_pair"": true, ""mapping_file_sha256"": ""d0ca3efb893c3338c12823430a9c1007d019eb79f432c51851ff7c318e1eb171"", ""replacement_example_id"": ""vsr_test:1245"", ""seed"": 20260810}",20260810,"{""do_sample"": false, ""max_new_tokens"": 5}",tier_a_pilot200,2f047945e4a22ea8774c8172826991930be36ad0,v0.1
vsr_test:0006,vsr_test:0006,test,shuffle,evidence,The bench is touching the dining table.,The bench is touching the dining table.,touching,topology_contact,bench,dining table,True,,,False,False, False.,Qwen/Qwen2-VL-7B-Instruct,,7B_general_lora,/home/ubuntu/vlm-spatial-reasoning/checkpoints/qwen2vl_7b_general_lora/final,"{""README.md"": ""ad67fbd14e29a7dae114b54d70c840eab4d917c7d4bbce31d8e923429325d12b"", ""adapter_config.json"": ""4cc863971496d11551ef4f7a943764405400230a371c1c74ab1690589d27af4b"", ""adapter_model.safetensors"": ""109a8f8284daa35887b309c03f53b03079e51e39ec821afd41f4653d983c56f8"", ""chat_template.jinja"": ""a0bc6f6fc7a29a80017a433e8f03a1cc1236e838a944a2d034295a60c4f2fddb"", ""processor_config.json"": ""edb8dd5001f02dd3a488fd63d664fcdc5514c4a93962bf1be534a0acf6e2c714"", ""tokenizer.json"": ""ff8cce547abc110590d19c6b5b6e0c6a7b4c8d1012d78b9c42131bae7f494a02"", ""tokenizer_config.json"": ""5afec58078ec072cdc9ad190a63c8657f9c47ec71068ff9c77423f1ea0422364""}",,7f29cebb9d06eca06ad0d6c690e4d5a083b71a9c42008f88e92474e3ff0eb98a,eb4075c77285da02c52794154760fa969fb21ab3dcceb0820cb7d2ba27d27471,http://images.cocodataset.org/train2017/000000550405.jpg,http://images.cocodataset.org/train2017/000000550405.jpg,vsr_test:1758,http://images.cocodataset.org/train2017/000000300631.jpg,shuffle_image,tier_a_v0.1,"{""algorithm"": ""cycle derangement"", ""axis"": ""evidence"", ""condition"": ""shuffle"", ""forbid_self_pair"": true, ""mapping_file_sha256"": ""d0ca3efb893c3338c12823430a9c1007d019eb79f432c51851ff7c318e1eb171"", ""replacement_example_id"": ""vsr_test:1758"", ""seed"": 20260810}",20260810,"{""do_sample"": false, ""max_new_tokens"": 5}",tier_a_pilot200,2f047945e4a22ea8774c8172826991930be36ad0,v0.1
vsr_test:0007,vsr_test:0007,test,shuffle,evidence,The motorcycle is in front of the truck.,The motorcycle is in front of the truck.,in front of,depth,motorcycle,truck,True,,,False,False, False.,Qwen/Qwen2-VL-7B-Instruct,,7B_general_lora,/home/ubuntu/vlm-spatial-reasoning/checkpoints/qwen2vl_7b_general_lora/final,"{""README.md"": ""ad67fbd14e29a7dae114b54d70c840eab4d917c7d4bbce31d8e923429325d12b"", ""adapter_config.json"": ""4cc863971496d11551ef4f7a943764405400230a371c1c74ab1690589d27af4b"", ""adapter_model.safetensors"": ""109a8f8284daa35887b309c03f53b03079e51e39ec821afd41f4653d983c56f8"", ""chat_template.jinja"": ""a0bc6f6fc7a29a80017a433e8f03a1cc1236e838a944a2d034295a60c4f2fddb"", ""processor_config.json"": ""edb8dd5001f02dd3a488fd63d664fcdc5514c4a93962bf1be534a0acf6e2c714"", ""tokenizer.json"": ""ff8cce547abc110590d19c6b5b6e0c6a7b4c8d1012d78b9c42131bae7f494a02"", ""tokenizer_config.json"": ""5afec58078ec072cdc9ad190a63c8657f9c47ec71068ff9c77423f1ea0422364""}",,7f29cebb9d06eca06ad0d6c690e4d5a083b71a9c42008f88e92474e3ff0eb98a,eb4075c77285da02c52794154760fa969fb21ab3dcceb0820cb7d2ba27d27471,http://images.cocodataset.org/train2017/000000057381.jpg,http://images.cocodataset.org/train2017/000000057381.jpg,vsr_test:1609,http://images.cocodataset.org/train2017/000000246831.jpg,shuffle_image,tier_a_v0.1,"{""algorithm"": ""cycle derangement"", ""axis"": ""evidence"", ""condition"": ""shuffle"", ""forbid_self_pair"": true, ""mapping_file_sha256"": ""d0ca3efb893c3338c12823430a9c1007d019eb79f432c51851ff7c318e1eb171"", ""replacement_example_id"": ""vsr_test:1609"", ""seed"": 20260810}",20260810,"{""do_sample"": false, ""max_new_tokens"": 5}",tier_a_pilot200,2f047945e4a22ea8774c8172826991930be36ad0,v0.1
vsr_test:0008,vsr_test:0008,test,shuffle,evidence,The bench is beside the bed.,The bench is beside the bed.,beside,horizontal,bench,bed,True,,,False,False, False.,Qwen/Qwen2-VL-7B-Instruct,,7B_general_lora,/home/ubuntu/vlm-spatial-reasoning/checkpoints/qwen2vl_7b_general_lora/final,"{""README.md"": ""ad67fbd14e29a7dae114b54d70c840eab4d917c7d4bbce31d8e923429325d12b"", ""adapter_config.json"": ""4cc863971496d11551ef4f7a943764405400230a371c1c74ab1690589d27af4b"", ""adapter_model.safetensors"": ""109a8f8284daa35887b309c03f53b03079e51e39ec821afd41f4653d983c56f8"", ""chat_template.jinja"": ""a0bc6f6fc7a29a80017a433e8f03a1cc1236e838a944a2d034295a60c4f2fddb"", ""processor_config.json"": ""edb8dd5001f02dd3a488fd63d664fcdc5514c4a93962bf1be534a0acf6e2c714"", ""tokenizer.json"": ""ff8cce547abc110590d19c6b5b6e0c6a7b4c8d1012d78b9c42131bae7f494a02"", ""tokenizer_config.json"": ""5afec58078ec072cdc9ad190a63c8657f9c47ec71068ff9c77423f1ea0422364""}",,7f29cebb9d06eca06ad0d6c690e4d5a083b71a9c42008f88e92474e3ff0eb98a,eb4075c77285da02c52794154760fa969fb21ab3dcceb0820cb7d2ba27d27471,http://images.cocodataset.org/train2017/000000268227.jpg,http://images.cocodataset.org/train2017/000000268227.jpg,vsr_test:0990,http://images.cocodataset.org/train2017/000000268570.jpg,shuffle_image,tier_a_v0.1,"{""algorithm"": ""cycle derangement"", ""axis"": ""evidence"", ""condition"": ""shuffle"", ""forbid_self_pair"": true, ""mapping_file_sha256"": ""d0ca3efb893c3338c12823430a9c1007d019eb79f432c51851ff7c318e1eb171"", ""replacement_example_id"": ""vsr_test:0990"", ""seed"": 20260810}",20260810,"{""do_sample"": false, ""max_new_tokens"": 5}",tier_a_pilot200,2f047945e4a22ea8774c8172826991930be36ad0,v0.1
vsr_test:0009,vsr_test:0009,test,shuffle,evidence,The bench is behind the teddy bear.,The bench is behind the teddy bear.,behind,depth,bench,teddy bear,False,,,False,True, False.,Qwen/Qwen2-VL-7B-Instruct,,7B_general_lora,/home/ubuntu/vlm-spatial-reasoning/checkpoints/qwen2vl_7b_general_lora/final,"{""README.md"": ""ad67fbd14e29a7dae114b54d70c840eab4d917c7d4bbce31d8e923429325d12b"", ""adapter_config.json"": ""4cc863971496d11551ef4f7a943764405400230a371c1c74ab1690589d27af4b"", ""adapter_model.safetensors"": ""109a8f8284daa35887b309c03f53b03079e51e39ec821afd41f4653d983c56f8"", ""chat_template.jinja"": ""a0bc6f6fc7a29a80017a433e8f03a1cc1236e838a944a2d034295a60c4f2fddb"", ""processor_config.json"": ""edb8dd5001f02dd3a488fd63d664fcdc5514c4a93962bf1be534a0acf6e2c714"", ""tokenizer.json"": ""ff8cce547abc110590d19c6b5b6e0c6a7b4c8d1012d78b9c42131bae7f494a02"", ""tokenizer_config.json"": ""5afec58078ec072cdc9ad190a63c8657f9c47ec71068ff9c77423f1ea0422364""}",,7f29cebb9d06eca06ad0d6c690e4d5a083b71a9c42008f88e92474e3ff0eb98a,eb4075c77285da02c52794154760fa969fb21ab3dcceb0820cb7d2ba27d27471,http://images.cocodataset.org/train2017/000000395531.jpg,http://images.cocodataset.org/train2017/000000395531.jpg,vsr_test:1678,http://images.cocodataset.org/train2017/000000168173.jpg,shuffle_image,tier_a_v0.1,"{""algorithm"": ""cycle derangement"", ""axis"": ""evidence"", ""condition"": ""shuffle"", ""forbid_self_pair"": true, ""mapping_file_sha256"": ""d0ca3efb893c3338c12823430a9c1007d019eb79f432c51851ff7c318e1eb171"", ""replacement_example_id"": ""vsr_test:1678"", ""seed"": 20260810}",20260810,"{""do_sample"": false, ""max_new_tokens"": 5}",tier_a_pilot200,2f047945e4a22ea8774c8172826991930be36ad0,v0.1
vsr_test:0010,vsr_test:0010,test,shuffle,evidence,The motorcycle is in front of the truck.,The motorcycle is in front of the truck.,in front of,depth,motorcycle,truck,False,,,False,True, False.,Qwen/Qwen2-VL-7B-Instruct,,7B_general_lora,/home/ubuntu/vlm-spatial-reasoning/checkpoints/qwen2vl_7b_general_lora/final,"{""README.md"": ""ad67fbd14e29a7dae114b54d70c840eab4d917c7d4bbce31d8e923429325d12b"", ""adapter_config.json"": ""4cc863971496d11551ef4f7a943764405400230a371c1c74ab1690589d27af4b"", ""adapter_model.safetensors"": ""109a8f8284daa35887b309c03f53b03079e51e39ec821afd41f4653d983c56f8"", ""chat_template.jinja"": ""a0bc6f6fc7a29a80017a433e8f03a1cc1236e838a944a2d034295a60c4f2fddb"", ""processor_config.json"": ""edb8dd5001f02dd3a488fd63d664fcdc5514c4a93962bf1be534a0acf6e2c714"", ""tokenizer.json"": ""ff8cce547abc110590d19c6b5b6e0c6a7b4c8d1012d78b9c42131bae7f494a02"", ""tokenizer_config.json"": ""5afec58078ec072cdc9ad190a63c8657f9c47ec71068ff9c77423f1ea0422364""}",,7f29cebb9d06eca06ad0d6c690e4d5a083b71a9c42008f88e92474e3ff0eb98a,eb4075c77285da02c52794154760fa969fb21ab3dcceb0820cb7d2ba27d27471,http://images.cocodataset.org/train2017/000000120207.jpg,http://images.cocodataset.org/train2017/000000120207.jpg,vsr_test:0696,http://images.cocodataset.org/train2017/000000411384.jpg,shuffle_image,tier_a_v0.1,"{""algorithm"": ""cycle derangement"", ""axis"": ""evidence"", ""condition"": ""shuffle"", ""forbid_self_pair"": true, ""mapping_file_sha256"": ""d0ca3efb893c3338c12823430a9c1007d019eb79f432c51851ff7c318e1eb171"", ""replacement_example_id"": ""vsr_test:0696"", ""seed"": 20260810}",20260810,"{""do_sample"": false, ""max_new_tokens"": 5}",tier_a_pilot200,2f047945e4a22ea8774c8172826991930be36ad0,v0.1
vsr_test:0011,vsr_test:0011,test,shuffle,evidence,The bed is at the left side of the bench.,The bed is at the left side of the bench.,at the left side of,horizontal,bed,bench,True,,,False,False, False.,Qwen/Qwen2-VL-7B-Instruct,,7B_general_lora,/home/ubuntu/vlm-spatial-reasoning/checkpoints/qwen2vl_7b_general_lora/final,"{""README.md"": ""ad67fbd14e29a7dae114b54d70c840eab4d917c7d4bbce31d8e923429325d12b"", ""adapter_config.json"": ""4cc863971496d11551ef4f7a943764405400230a371c1c74ab1690589d27af4b"", ""adapter_model.safetensors"": ""109a8f8284daa35887b309c03f53b03079e51e39ec821afd41f4653d983c56f8"", ""chat_template.jinja"": ""a0bc6f6fc7a29a80017a433e8f03a1cc1236e838a944a2d034295a60c4f2fddb"", ""processor_config.json"": ""edb8dd5001f02dd3a488fd63d664fcdc5514c4a93962bf1be534a0acf6e2c714"", ""tokenizer.json"": ""ff8cce547abc110590d19c6b5b6e0c6a7b4c8d1012d78b9c42131bae7f494a02"", ""tokenizer_config.json"": ""5afec58078ec072cdc9ad190a63c8657f9c47ec71068ff9c77423f1ea0422364""}",,7f29cebb9d06eca06ad0d6c690e4d5a083b71a9c42008f88e92474e3ff0eb98a,eb4075c77285da02c52794154760fa969fb21ab3dcceb0820cb7d2ba27d27471,http://images.cocodataset.org/train2017/000000262118.jpg,http://images.cocodataset.org/train2017/000000262118.jpg,vsr_test:1183,http://images.cocodataset.org/train2017/000000084959.jpg,shuffle_image,tier_a_v0.1,"{""algorithm"": ""cycle derangement"", ""axis"": ""evidence"", ""condition"": ""shuffle"", ""forbid_self_pair"": true, ""mapping_file_sha256"": ""d0ca3efb893c3338c12823430a9c1007d019eb79f432c51851ff7c318e1eb171"", ""replacement_example_id"": ""vsr_test:1183"", ""seed"": 20260810}",20260810,"{""do_sample"": false, ""max_new_tokens"": 5}",tier_a_pilot200,2f047945e4a22ea8774c8172826991930be36ad0,v0.1
vsr_test:0012,vsr_test:0012,test,shuffle,evidence,The potted plant is behind the fire hydrant.,The potted plant is behind the fire hydrant.,behind,depth,potted plant,fire hydrant,True,,,False,False, False.,Qwen/Qwen2-VL-7B-Instruct,,7B_general_lora,/home/ubuntu/vlm-spatial-reasoning/checkpoints/qwen2vl_7b_general_lora/final,"{""README.md"": ""ad67fbd14e29a7dae114b54d70c840eab4d917c7d4bbce31d8e923429325d12b"", ""adapter_config.json"": ""4cc863971496d11551ef4f7a943764405400230a371c1c74ab1690589d27af4b"", ""adapter_model.safetensors"": ""109a8f8284daa35887b309c03f53b03079e51e39ec821afd41f4653d983c56f8"", ""chat_template.jinja"": ""a0bc6f6fc7a29a80017a433e8f03a1cc1236e838a944a2d034295a60c4f2fddb"", ""processor_config.json"": ""edb8dd5001f02dd3a488fd63d664fcdc5514c4a93962bf1be534a0acf6e2c714"", ""tokenizer.json"": ""ff8cce547abc110590d19c6b5b6e0c6a7b4c8d1012d78b9c42131bae7f494a02"", ""tokenizer_config.json"": ""5afec58078ec072cdc9ad190a63c8657f9c47ec71068ff9c77423f1ea0422364""}",,7f29cebb9d06eca06ad0d6c690e4d5a083b71a9c42008f88e92474e3ff0eb98a,eb4075c77285da02c52794154760fa969fb21ab3dcceb0820cb7d2ba27d27471,http://images.cocodataset.org/train2017/000000408351.jpg,http://images.cocodataset.org/train2017/000000408351.jpg,vsr_test:0665,http://images.cocodataset.org/train2017/000000284873.jpg,shuffle_image,tier_a_v0.1,"{""algorithm"": ""cycle derangement"", ""axis"": ""evidence"", ""condition"": ""shuffle"", ""forbid_self_pair"": true, ""mapping_file_sha256"": ""d0ca3efb893c3338c12823430a9c1007d019eb79f432c51851ff7c318e1eb171"", ""replacement_example_id"": ""vsr_test:0665"", ""seed"": 20260810}",20260810,"{""do_sample"": false, ""max_new_tokens"": 5}",tier_a_pilot200,2f047945e4a22ea8774c8172826991930be36ad0,v0.1
vsr_test:0013,vsr_test:0013,test,shuffle,evidence,The cat is inside the vase.,The cat is inside the vase.,inside,containment,cat,vase,True,,,False,False, False,Qwen/Qwen2-VL-7B-Instruct,,7B_general_lora,/home/ubuntu/vlm-spatial-reasoning/checkpoints/qwen2vl_7b_general_lora/final,"{""README.md"": ""ad67fbd14e29a7dae114b54d70c840eab4d917c7d4bbce31d8e923429325d12b"", ""adapter_config.json"": ""4cc863971496d11551ef4f7a943764405400230a371c1c74ab1690589d27af4b"", ""adapter_model.safetensors"": ""109a8f8284daa35887b309c03f53b03079e51e39ec821afd41f4653d983c56f8"", ""chat_template.jinja"": ""a0bc6f6fc7a29a80017a433e8f03a1cc1236e838a944a2d034295a60c4f2fddb"", ""processor_config.json"": ""edb8dd5001f02dd3a488fd63d664fcdc5514c4a93962bf1be534a0acf6e2c714"", ""tokenizer.json"": ""ff8cce547abc110590d19c6b5b6e0c6a7b4c8d1012d78b9c42131bae7f494a02"", ""tokenizer_config.json"": ""5afec58078ec072cdc9ad190a63c8657f9c47ec71068ff9c77423f1ea0422364""}",,7f29cebb9d06eca06ad0d6c690e4d5a083b71a9c42008f88e92474e3ff0eb98a,eb4075c77285da02c52794154760fa969fb21ab3dcceb0820cb7d2ba27d27471,http://images.cocodataset.org/train2017/000000261225.jpg,http://images.cocodataset.org/train2017/000000261225.jpg,vsr_test:1887,http://images.cocodataset.org/train2017/000000093469.jpg,shuffle_image,tier_a_v0.1,"{""algorithm"": ""cycle derangement"", ""axis"": ""evidence"", ""condition"": ""shuffle"", ""forbid_self_pair"": true, ""mapping_file_sha256"": ""d0ca3efb893c3338c12823430a9c1007d019eb79f432c51851ff7c318e1eb171"", ""replacement_example_id"": ""vsr_test:1887"", ""seed"": 20260810}",20260810,"{""do_sample"": false, ""max_new_tokens"": 5}",tier_a_pilot200,2f047945e4a22ea8774c8172826991930be36ad0,v0.1
vsr_test:0014,vsr_test:0014,test,shuffle,evidence,The airplane is perpendicular to the truck.,The airplane is perpendicular to the truck.,perpendicular to,orientation,airplane,truck,True,,,False,False, False,Qwen/Qwen2-VL-7B-Instruct,,7B_general_lora,/home/ubuntu/vlm-spatial-reasoning/checkpoints/qwen2vl_7b_general_lora/final,"{""README.md"": ""ad67fbd14e29a7dae114b54d70c840eab4d917c7d4bbce31d8e923429325d12b"", ""adapter_config.json"": ""4cc863971496d11551ef4f7a943764405400230a371c1c74ab1690589d27af4b"", ""adapter_model.safetensors"": ""109a8f8284daa35887b309c03f53b03079e51e39ec821afd41f4653d983c56f8"", ""chat_template.jinja"": ""a0bc6f6fc7a29a80017a433e8f03a1cc1236e838a944a2d034295a60c4f2fddb"", ""processor_config.json"": ""edb8dd5001f02dd3a488fd63d664fcdc5514c4a93962bf1be534a0acf6e2c714"", ""tokenizer.json"": ""ff8cce547abc110590d19c6b5b6e0c6a7b4c8d1012d78b9c42131bae7f494a02"", ""tokenizer_config.json"": ""5afec58078ec072cdc9ad190a63c8657f9c47ec71068ff9c77423f1ea0422364""}",,7f29cebb9d06eca06ad0d6c690e4d5a083b71a9c42008f88e92474e3ff0eb98a,eb4075c77285da02c52794154760fa969fb21ab3dcceb0820cb7d2ba27d27471,http://images.cocodataset.org/train2017/000000538194.jpg,http://images.cocodataset.org/train2017/000000538194.jpg,vsr_test:0037,http://images.cocodataset.org/train2017/000000260248.jpg,shuffle_image,tier_a_v0.1,"{""algorithm"": ""cycle derangement"", ""axis"": ""evidence"", ""condition"": ""shuffle"", ""forbid_self_pair"": true, ""mapping_file_sha256"": ""d0ca3efb893c3338c12823430a9c1007d019eb79f432c51851ff7c318e1eb171"", ""replacement_example_id"": ""vsr_test:0037"", ""seed"": 20260810}",20260810,"{""do_sample"": false, ""max_new_tokens"": 5}",tier_a_pilot200,2f047945e4a22ea8774c8172826991930be36ad0,v0.1
vsr_test:0015,vsr_test:0015,test,shuffle,evidence,The bowl contains the apple.,The bowl contains the apple.,contains,containment,,apple,False,,,False,True, False,Qwen/Qwen2-VL-7B-Instruct,,7B_general_lora,/home/ubuntu/vlm-spatial-reasoning/checkpoints/qwen2vl_7b_general_lora/final,"{""README.md"": ""ad67fbd14e29a7dae114b54d70c840eab4d917c7d4bbce31d8e923429325d12b"", ""adapter_config.json"": ""4cc863971496d11551ef4f7a943764405400230a371c1c74ab1690589d27af4b"", ""adapter_model.safetensors"": ""109a8f8284daa35887b309c03f53b03079e51e39ec821afd41f4653d983c56f8"", ""chat_template.jinja"": ""a0bc6f6fc7a29a80017a433e8f03a1cc1236e838a944a2d034295a60c4f2fddb"", ""processor_config.json"": ""edb8dd5001f02dd3a488fd63d664fcdc5514c4a93962bf1be534a0acf6e2c714"", ""tokenizer.json"": ""ff8cce547abc110590d19c6b5b6e0c6a7b4c8d1012d78b9c42131bae7f494a02"", ""tokenizer_config.json"": ""5afec58078ec072cdc9ad190a63c8657f9c47ec71068ff9c77423f1ea0422364""}",,7f29cebb9d06eca06ad0d6c690e4d5a083b71a9c42008f88e92474e3ff0eb98a,eb4075c77285da02c52794154760fa969fb21ab3dcceb0820cb7d2ba27d27471,http://images.cocodataset.org/val2017/000000407825.jpg,http://images.cocodataset.org/val2017/000000407825.jpg,vsr_test:2145,http://images.cocodataset.org/train2017/000000461300.jpg,shuffle_image,tier_a_v0.1,"{""algorithm"": ""cycle derangement"", ""axis"": ""evidence"", ""condition"": ""shuffle"", ""forbid_self_pair"": true, ""mapping_file_sha256"": ""d0ca3efb893c3338c12823430a9c1007d019eb79f432c51851ff7c318e1eb171"", ""replacement_example_id"": ""vsr_test:2145"", ""seed"": 20260810}",20260810,"{""do_sample"": false, ""max_new_tokens"": 5}",tier_a_pilot200,2f047945e4a22ea8774c8172826991930be36ad0,v0.1
vsr_test:0016,vsr_test:0016,test,shuffle,evidence,The cat is at the edge of the sink.,The cat is at the edge of the sink.,at the edge of,topology_contact,cat,sink,False,,,False,True, False.,Qwen/Qwen2-VL-7B-Instruct,,7B_general_lora,/home/ubuntu/vlm-spatial-reasoning/checkpoints/qwen2vl_7b_general_lora/final,"{""README.md"": ""ad67fbd14e29a7dae114b54d70c840eab4d917c7d4bbce31d8e923429325d12b"", ""adapter_config.json"": ""4cc863971496d11551ef4f7a943764405400230a371c1c74ab1690589d27af4b"", ""adapter_model.safetensors"": ""109a8f8284daa35887b309c03f53b03079e51e39ec821afd41f4653d983c56f8"", ""chat_template.jinja"": ""a0bc6f6fc7a29a80017a433e8f03a1cc1236e838a944a2d034295a60c4f2fddb"", ""processor_config.json"": ""edb8dd5001f02dd3a488fd63d664fcdc5514c4a93962bf1be534a0acf6e2c714"", ""tokenizer.json"": ""ff8cce547abc110590d19c6b5b6e0c6a7b4c8d1012d78b9c42131bae7f494a02"", ""tokenizer_config.json"": ""5afec58078ec072cdc9ad190a63c8657f9c47ec71068ff9c77423f1ea0422364""}",,7f29cebb9d06eca06ad0d6c690e4d5a083b71a9c42008f88e92474e3ff0eb98a,eb4075c77285da02c52794154760fa969fb21ab3dcceb0820cb7d2ba27d27471,http://images.cocodataset.org/train2017/000000419051.jpg,http://images.cocodataset.org/train2017/000000419051.jpg,vsr_test:1072,http://images.cocodataset.org/train2017/000000296471.jpg,shuffle_image,tier_a_v0.1,"{""algorithm"": ""cycle derangement"", ""axis"": ""evidence"", ""condition"": ""shuffle"", ""forbid_self_pair"": true, ""mapping_file_sha256"": ""d0ca3efb893c3338c12823430a9c1007d019eb79f432c51851ff7c318e1eb171"", ""replacement_example_id"": ""vsr_test:1072"", ""seed"": 20260810}",20260810,"{""do_sample"": false, ""max_new_tokens"": 5}",tier_a_pilot200,2f047945e4a22ea8774c8172826991930be36ad0,v0.1
vsr_test:0017,vsr_test:0017,test,shuffle,evidence,The potted plant is touching the teddy bear.,The potted plant is touching the teddy bear.,touching,topology_contact,potted plant,teddy bear,True,,,False,False, False.,Qwen/Qwen2-VL-7B-Instruct,,7B_general_lora,/home/ubuntu/vlm-spatial-reasoning/checkpoints/qwen2vl_7b_general_lora/final,"{""README.md"": ""ad67fbd14e29a7dae114b54d70c840eab4d917c7d4bbce31d8e923429325d12b"", ""adapter_config.json"": ""4cc863971496d11551ef4f7a943764405400230a371c1c74ab1690589d27af4b"", ""adapter_model.safetensors"": ""109a8f8284daa35887b309c03f53b03079e51e39ec821afd41f4653d983c56f8"", ""chat_template.jinja"": ""a0bc6f6fc7a29a80017a433e8f03a1cc1236e838a944a2d034295a60c4f2fddb"", ""processor_config.json"": ""edb8dd5001f02dd3a488fd63d664fcdc5514c4a93962bf1be534a0acf6e2c714"", ""tokenizer.json"": ""ff8cce547abc110590d19c6b5b6e0c6a7b4c8d1012d78b9c42131bae7f494a02"", ""tokenizer_config.json"": ""5afec58078ec072cdc9ad190a63c8657f9c47ec71068ff9c77423f1ea0422364""}",,7f29cebb9d06eca06ad0d6c690e4d5a083b71a9c42008f88e92474e3ff0eb98a,eb4075c77285da02c52794154760fa969fb21ab3dcceb0820cb7d2ba27d27471,http://images.cocodataset.org/train2017/000000380299.jpg,http://images.cocodataset.org/train2017/000000380299.jpg,vsr_test:2149,http://images.cocodataset.org/train2017/000000524196.jpg,shuffle_image,tier_a_v0.1,"{""algorithm"": ""cycle derangement"", ""axis"": ""evidence"", ""condition"": ""shuffle"", ""forbid_self_pair"": true, ""mapping_file_sha256"": ""d0ca3efb893c3338c12823430a9c1007d019eb79f432c51851ff7c318e1eb171"", ""replacement_example_id"": ""vsr_test:2149"", ""seed"": 20260810}",20260810,"{""do_sample"": false, ""max_new_tokens"": 5}",tier_a_pilot200,2f047945e4a22ea8774c8172826991930be36ad0,v0.1
vsr_test:0018,vsr_test:0018,test,shuffle,evidence,The bowl contains the banana.,The bowl contains the banana.,contains,containment,,banana,False,,,False,True, False,Qwen/Qwen2-VL-7B-Instruct,,7B_general_lora,/home/ubuntu/vlm-spatial-reasoning/checkpoints/qwen2vl_7b_general_lora/final,"{""README.md"": ""ad67fbd14e29a7dae114b54d70c840eab4d917c7d4bbce31d8e923429325d12b"", ""adapter_config.json"": ""4cc863971496d11551ef4f7a943764405400230a371c1c74ab1690589d27af4b"", ""adapter_model.safetensors"": ""109a8f8284daa35887b309c03f53b03079e51e39ec821afd41f4653d983c56f8"", ""chat_template.jinja"": ""a0bc6f6fc7a29a80017a433e8f03a1cc1236e838a944a2d034295a60c4f2fddb"", ""processor_config.json"": ""edb8dd5001f02dd3a488fd63d664fcdc5514c4a93962bf1be534a0acf6e2c714"", ""tokenizer.json"": ""ff8cce547abc110590d19c6b5b6e0c6a7b4c8d1012d78b9c42131bae7f494a02"", ""tokenizer_config.json"": ""5afec58078ec072cdc9ad190a63c8657f9c47ec71068ff9c77423f1ea0422364""}",,7f29cebb9d06eca06ad0d6c690e4d5a083b71a9c42008f88e92474e3ff0eb98a,eb4075c77285da02c52794154760fa969fb21ab3dcceb0820cb7d2ba27d27471,http://images.cocodataset.org/train2017/000000266622.jpg,http://images.cocodataset.org/train2017/000000266622.jpg,vsr_test:1453,http://images.cocodataset.org/train2017/000000188109.jpg,shuffle_image,tier_a_v0.1,"{""algorithm"": ""cycle derangement"", ""axis"": ""evidence"", ""condition"": ""shuffle"", ""forbid_self_pair"": true, ""mapping_file_sha256"": ""d0ca3efb893c3338c12823430a9c1007d019eb79f432c51851ff7c318e1eb171"", ""replacement_example_id"": ""vsr_test:1453"", ""seed"": 20260810}",20260810,"{""do_sample"": false, ""max_new_tokens"": 5}",tier_a_pilot200,2f047945e4a22ea8774c8172826991930be36ad0,v0.1
vsr_test:0019,vsr_test:0019,test,shuffle,evidence,The truck is parallel to the motorcycle.,The truck is parallel to the motorcycle.,parallel to,orientation,truck,motorcycle,False,,,False,True, False,Qwen/Qwen2-VL-7B-Instruct,,7B_general_lora,/home/ubuntu/vlm-spatial-reasoning/checkpoints/qwen2vl_7b_general_lora/final,"{""README.md"": ""ad67fbd14e29a7dae114b54d70c840eab4d917c7d4bbce31d8e923429325d12b"", ""adapter_config.json"": ""4cc863971496d11551ef4f7a943764405400230a371c1c74ab1690589d27af4b"", ""adapter_model.safetensors"": ""109a8f8284daa35887b309c03f53b03079e51e39ec821afd41f4653d983c56f8"", ""chat_template.jinja"": ""a0bc6f6fc7a29a80017a433e8f03a1cc1236e838a944a2d034295a60c4f2fddb"", ""processor_config.json"": ""edb8dd5001f02dd3a488fd63d664fcdc5514c4a93962bf1be534a0acf6e2c714"", ""tokenizer.json"": ""ff8cce547abc110590d19c6b5b6e0c6a7b4c8d1012d78b9c42131bae7f494a02"", ""tokenizer_config.json"": ""5afec58078ec072cdc9ad190a63c8657f9c47ec71068ff9c77423f1ea0422364""}",,7f29cebb9d06eca06ad0d6c690e4d5a083b71a9c42008f88e92474e3ff0eb98a,eb4075c77285da02c52794154760fa969fb21ab3dcceb0820cb7d2ba27d27471,http://images.cocodataset.org/train2017/000000302514.jpg,http://images.cocodataset.org/train2017/000000302514.jpg,vsr_test:1099,http://images.cocodataset.org/train2017/000000557451.jpg,shuffle_image,tier_a_v0.1,"{""algorithm"": ""cycle derangement"", ""axis"": ""evidence"", ""condition"": ""shuffle"", ""forbid_self_pair"": true, ""mapping_file_sha256"": ""d0ca3efb893c3338c12823430a9c1007d019eb79f432c51851ff7c318e1eb171"", ""replacement_example_id"": ""vsr_test:1099"", ""seed"": 20260810}",20260810,"{""do_sample"": false, ""max_new_tokens"": 5}",tier_a_pilot200,2f047945e4a22ea8774c8172826991930be36ad0,v0.1
vsr_test:0020,vsr_test:0020,test,shuffle,evidence,The bus is away from the cup.,The bus is away from the cup.,away from,proximity,bus,cup,True,,,False,False, False,Qwen/Qwen2-VL-7B-Instruct,,7B_general_lora,/home/ubuntu/vlm-spatial-reasoning/checkpoints/qwen2vl_7b_general_lora/final,"{""README.md"": ""ad67fbd14e29a7dae114b54d70c840eab4d917c7d4bbce31d8e923429325d12b"", ""adapter_config.json"": ""4cc863971496d11551ef4f7a943764405400230a371c1c74ab1690589d27af4b"", ""adapter_model.safetensors"": ""109a8f8284daa35887b309c03f53b03079e51e39ec821afd41f4653d983c56f8"", ""chat_template.jinja"": ""a0bc6f6fc7a29a80017a433e8f03a1cc1236e838a944a2d034295a60c4f2fddb"", ""processor_config.json"": ""edb8dd5001f02dd3a488fd63d664fcdc5514c4a93962bf1be534a0acf6e2c714"", ""tokenizer.json"": ""ff8cce547abc110590d19c6b5b6e0c6a7b4c8d1012d78b9c42131bae7f494a02"", ""tokenizer_config.json"": ""5afec58078ec072cdc9ad190a63c8657f9c47ec71068ff9c77423f1ea0422364""}",,7f29cebb9d06eca06ad0d6c690e4d5a083b71a9c42008f88e92474e3ff0eb98a,eb4075c77285da02c52794154760fa969fb21ab3dcceb0820cb7d2ba27d27471,http://images.cocodataset.org/train2017/000000067373.jpg,http://images.cocodataset.org/train2017/000000067373.jpg,vsr_test:0880,http://images.cocodataset.org/train2017/000000126514.jpg,shuffle_image,tier_a_v0.1,"{""algorithm"": ""cycle derangement"", ""axis"": ""evidence"", ""condition"": ""shuffle"", ""forbid_self_pair"": true, ""mapping_file_sha256"": ""d0ca3efb893c3338c12823430a9c1007d019eb79f432c51851ff7c318e1eb171"", ""replacement_example_id"": ""vsr_test:0880"", ""seed"": 20260810}",20260810,"{""do_sample"": false, ""max_new_tokens"": 5}",tier_a_pilot200,2f047945e4a22ea8774c8172826991930be36ad0,v0.1
vsr_test:0021,vsr_test:0021,test,shuffle,evidence,The toilet is in the train.,The toilet is in the train.,in,containment,toilet,train,False,,,False,True, False,Qwen/Qwen2-VL-7B-Instruct,,7B_general_lora,/home/ubuntu/vlm-spatial-reasoning/checkpoints/qwen2vl_7b_general_lora/final,"{""README.md"": ""ad67fbd14e29a7dae114b54d70c840eab4d917c7d4bbce31d8e923429325d12b"", ""adapter_config.json"": ""4cc863971496d11551ef4f7a943764405400230a371c1c74ab1690589d27af4b"", ""adapter_model.safetensors"": ""109a8f8284daa35887b309c03f53b03079e51e39ec821afd41f4653d983c56f8"", ""chat_template.jinja"": ""a0bc6f6fc7a29a80017a433e8f03a1cc1236e838a944a2d034295a60c4f2fddb"", ""processor_config.json"": ""edb8dd5001f02dd3a488fd63d664fcdc5514c4a93962bf1be534a0acf6e2c714"", ""tokenizer.json"": ""ff8cce547abc110590d19c6b5b6e0c6a7b4c8d1012d78b9c42131bae7f494a02"", ""tokenizer_config.json"": ""5afec58078ec072cdc9ad190a63c8657f9c47ec71068ff9c77423f1ea0422364""}",,7f29cebb9d06eca06ad0d6c690e4d5a083b71a9c42008f88e92474e3ff0eb98a,eb4075c77285da02c52794154760fa969fb21ab3dcceb0820cb7d2ba27d27471,http://images.cocodataset.org/train2017/000000391774.jpg,http://images.cocodataset.org/train2017/000000391774.jpg,vsr_test:1395,http://images.cocodataset.org/train2017/000000329421.jpg,shuffle_image,tier_a_v0.1,"{""algorithm"": ""cycle derangement"", ""axis"": ""evidence"", ""condition"": ""shuffle"", ""forbid_self_pair"": true, ""mapping_file_sha256"": ""d0ca3efb893c3338c12823430a9c1007d019eb79f432c51851ff7c318e1eb171"", ""replacement_example_id"": ""vsr_test:1395"", ""seed"": 20260810}",20260810,"{""do_sample"": false, ""max_new_tokens"": 5}",tier_a_pilot200,2f047945e4a22ea8774c8172826991930be36ad0,v0.1
vsr_test:0022,vsr_test:0022,test,shuffle,evidence,The teddy bear is perpendicular to the cake.,The teddy bear is perpendicular to the cake.,perpendicular to,orientation,teddy bear,cake,True,,,False,False, False.,Qwen/Qwen2-VL-7B-Instruct,,7B_general_lora,/home/ubuntu/vlm-spatial-reasoning/checkpoints/qwen2vl_7b_general_lora/final,"{""README.md"": ""ad67fbd14e29a7dae114b54d70c840eab4d917c7d4bbce31d8e923429325d12b"", ""adapter_config.json"": ""4cc863971496d11551ef4f7a943764405400230a371c1c74ab1690589d27af4b"", ""adapter_model.safetensors"": ""109a8f8284daa35887b309c03f53b03079e51e39ec821afd41f4653d983c56f8"", ""chat_template.jinja"": ""a0bc6f6fc7a29a80017a433e8f03a1cc1236e838a944a2d034295a60c4f2fddb"", ""processor_config.json"": ""edb8dd5001f02dd3a488fd63d664fcdc5514c4a93962bf1be534a0acf6e2c714"", ""tokenizer.json"": ""ff8cce547abc110590d19c6b5b6e0c6a7b4c8d1012d78b9c42131bae7f494a02"", ""tokenizer_config.json"": ""5afec58078ec072cdc9ad190a63c8657f9c47ec71068ff9c77423f1ea0422364""}",,7f29cebb9d06eca06ad0d6c690e4d5a083b71a9c42008f88e92474e3ff0eb98a,eb4075c77285da02c52794154760fa969fb21ab3dcceb0820cb7d2ba27d27471,http://images.cocodataset.org/train2017/000000033372.jpg,http://images.cocodataset.org/train2017/000000033372.jpg,vsr_test:1951,http://images.cocodataset.org/train2017/000000209493.jpg,shuffle_image,tier_a_v0.1,"{""algorithm"": ""cycle derangement"", ""axis"": ""evidence"", ""condition"": ""shuffle"", ""forbid_self_pair"": true, ""mapping_file_sha256"": ""d0ca3efb893c3338c12823430a9c1007d019eb79f432c51851ff7c318e1eb171"", ""replacement_example_id"": ""vsr_test:1951"", ""seed"": 20260810}",20260810,"{""do_sample"": false, ""max_new_tokens"": 5}",tier_a_pilot200,2f047945e4a22ea8774c8172826991930be36ad0,v0.1
vsr_test:0023,vsr_test:0023,test,shuffle,evidence,The cat is on top of the umbrella.,The cat is on top of the umbrella.,on top of,vertical,cat,umbrella,True,,,False,False, False.,Qwen/Qwen2-VL-7B-Instruct,,7B_general_lora,/home/ubuntu/vlm-spatial-reasoning/checkpoints/qwen2vl_7b_general_lora/final,"{""README.md"": ""ad67fbd14e29a7dae114b54d70c840eab4d917c7d4bbce31d8e923429325d12b"", ""adapter_config.json"": ""4cc863971496d11551ef4f7a943764405400230a371c1c74ab1690589d27af4b"", ""adapter_model.safetensors"": ""109a8f8284daa35887b309c03f53b03079e51e39ec821afd41f4653d983c56f8"", ""chat_template.jinja"": ""a0bc6f6fc7a29a80017a433e8f03a1cc1236e838a944a2d034295a60c4f2fddb"", ""processor_config.json"": ""edb8dd5001f02dd3a488fd63d664fcdc5514c4a93962bf1be534a0acf6e2c714"", ""tokenizer.json"": ""ff8cce547abc110590d19c6b5b6e0c6a7b4c8d1012d78b9c42131bae7f494a02"", ""tokenizer_config.json"": ""5afec58078ec072cdc9ad190a63c8657f9c47ec71068ff9c77423f1ea0422364""}",,7f29cebb9d06eca06ad0d6c690e4d5a083b71a9c42008f88e92474e3ff0eb98a,eb4075c77285da02c52794154760fa969fb21ab3dcceb0820cb7d2ba27d27471,http://images.cocodataset.org/train2017/000000001139.jpg,http://images.cocodataset.org/train2017/000000001139.jpg,vsr_test:1963,http://images.cocodataset.org/train2017/000000196307.jpg,shuffle_image,tier_a_v0.1,"{""algorithm"": ""cycle derangement"", ""axis"": ""evidence"", ""condition"": ""shuffle"", ""forbid_self_pair"": true, ""mapping_file_sha256"": ""d0ca3efb893c3338c12823430a9c1007d019eb79f432c51851ff7c318e1eb171"", ""replacement_example_id"": ""vsr_test:1963"", ""seed"": 20260810}",20260810,"{""do_sample"": false, ""max_new_tokens"": 5}",tier_a_pilot200,2f047945e4a22ea8774c8172826991930be36ad0,v0.1
vsr_test:0024,vsr_test:0024,test,shuffle,evidence,The cup is beside the sandwich.,The cup is beside the sandwich.,beside,horizontal,cup,sandwich,True,,,False,False, False.,Qwen/Qwen2-VL-7B-Instruct,,7B_general_lora,/home/ubuntu/vlm-spatial-reasoning/checkpoints/qwen2vl_7b_general_lora/final,"{""README.md"": ""ad67fbd14e29a7dae114b54d70c840eab4d917c7d4bbce31d8e923429325d12b"", ""adapter_config.json"": ""4cc863971496d11551ef4f7a943764405400230a371c1c74ab1690589d27af4b"", ""adapter_model.safetensors"": ""109a8f8284daa35887b309c03f53b03079e51e39ec821afd41f4653d983c56f8"", ""chat_template.jinja"": ""a0bc6f6fc7a29a80017a433e8f03a1cc1236e838a944a2d034295a60c4f2fddb"", ""processor_config.json"": ""edb8dd5001f02dd3a488fd63d664fcdc5514c4a93962bf1be534a0acf6e2c714"", ""tokenizer.json"": ""ff8cce547abc110590d19c6b5b6e0c6a7b4c8d1012d78b9c42131bae7f494a02"", ""tokenizer_config.json"": ""5afec58078ec072cdc9ad190a63c8657f9c47ec71068ff9c77423f1ea0422364""}",,7f29cebb9d06eca06ad0d6c690e4d5a083b71a9c42008f88e92474e3ff0eb98a,eb4075c77285da02c52794154760fa969fb21ab3dcceb0820cb7d2ba27d27471,http://images.cocodataset.org/train2017/000000202998.jpg,http://images.cocodataset.org/train2017/000000202998.jpg,vsr_test:0922,http://images.cocodataset.org/train2017/000000258020.jpg,shuffle_image,tier_a_v0.1,"{""algorithm"": ""cycle derangement"", ""axis"": ""evidence"", ""condition"": ""shuffle"", ""forbid_self_pair"": true, ""mapping_file_sha256"": ""d0ca3efb893c3338c12823430a9c1007d019eb79f432c51851ff7c318e1eb171"", ""replacement_example_id"": ""vsr_test:0922"", ""seed"": 20260810}",20260810,"{""do_sample"": false, ""max_new_tokens"": 5}",tier_a_pilot200,2f047945e4a22ea8774c8172826991930be36ad0,v0.1
vsr_test:0025,vsr_test:0025,test,shuffle,evidence,The laptop is at the left side of the cake.,The laptop is at the left side of the cake.,at the left side of,horizontal,laptop,cake,False,,,False,True, False.,Qwen/Qwen2-VL-7B-Instruct,,7B_general_lora,/home/ubuntu/vlm-spatial-reasoning/checkpoints/qwen2vl_7b_general_lora/final,"{""README.md"": ""ad67fbd14e29a7dae114b54d70c840eab4d917c7d4bbce31d8e923429325d12b"", ""adapter_config.json"": ""4cc863971496d11551ef4f7a943764405400230a371c1c74ab1690589d27af4b"", ""adapter_model.safetensors"": ""109a8f8284daa35887b309c03f53b03079e51e39ec821afd41f4653d983c56f8"", ""chat_template.jinja"": ""a0bc6f6fc7a29a80017a433e8f03a1cc1236e838a944a2d034295a60c4f2fddb"", ""processor_config.json"": ""edb8dd5001f02dd3a488fd63d664fcdc5514c4a93962bf1be534a0acf6e2c714"", ""tokenizer.json"": ""ff8cce547abc110590d19c6b5b6e0c6a7b4c8d1012d78b9c42131bae7f494a02"", ""tokenizer_config.json"": ""5afec58078ec072cdc9ad190a63c8657f9c47ec71068ff9c77423f1ea0422364""}",,7f29cebb9d06eca06ad0d6c690e4d5a083b71a9c42008f88e92474e3ff0eb98a,eb4075c77285da02c52794154760fa969fb21ab3dcceb0820cb7d2ba27d27471,http://images.cocodataset.org/train2017/000000512569.jpg,http://images.cocodataset.org/train2017/000000512569.jpg,vsr_test:1192,http://images.cocodataset.org/train2017/000000581451.jpg,shuffle_image,tier_a_v0.1,"{""algorithm"": ""cycle derangement"", ""axis"": ""evidence"", ""condition"": ""shuffle"", ""forbid_self_pair"": true, ""mapping_file_sha256"": ""d0ca3efb893c3338c12823430a9c1007d019eb79f432c51851ff7c318e1eb171"", ""replacement_example_id"": ""vsr_test:1192"", ""seed"": 20260810}",20260810,"{""do_sample"": false, ""max_new_tokens"": 5}",tier_a_pilot200,2f047945e4a22ea8774c8172826991930be36ad0,v0.1
vsr_test:0026,vsr_test:0026,test,shuffle,evidence,The umbrella is attached to the banana.,The umbrella is attached to the banana.,attached to,topology_contact,umbrella,banana,False,,,False,True, False,Qwen/Qwen2-VL-7B-Instruct,,7B_general_lora,/home/ubuntu/vlm-spatial-reasoning/checkpoints/qwen2vl_7b_general_lora/final,"{""README.md"": ""ad67fbd14e29a7dae114b54d70c840eab4d917c7d4bbce31d8e923429325d12b"", ""adapter_config.json"": ""4cc863971496d11551ef4f7a943764405400230a371c1c74ab1690589d27af4b"", ""adapter_model.safetensors"": ""109a8f8284daa35887b309c03f53b03079e51e39ec821afd41f4653d983c56f8"", ""chat_template.jinja"": ""a0bc6f6fc7a29a80017a433e8f03a1cc1236e838a944a2d034295a60c4f2fddb"", ""processor_config.json"": ""edb8dd5001f02dd3a488fd63d664fcdc5514c4a93962bf1be534a0acf6e2c714"", ""tokenizer.json"": ""ff8cce547abc110590d19c6b5b6e0c6a7b4c8d1012d78b9c42131bae7f494a02"", ""tokenizer_config.json"": ""5afec58078ec072cdc9ad190a63c8657f9c47ec71068ff9c77423f1ea0422364""}",,7f29cebb9d06eca06ad0d6c690e4d5a083b71a9c42008f88e92474e3ff0eb98a,eb4075c77285da02c52794154760fa969fb21ab3dcceb0820cb7d2ba27d27471,http://images.cocodataset.org/train2017/000000159296.jpg,http://images.cocodataset.org/train2017/000000159296.jpg,vsr_test:1295,http://images.cocodataset.org/train2017/000000300280.jpg,shuffle_image,tier_a_v0.1,"{""algorithm"": ""cycle derangement"", ""axis"": ""evidence"", ""condition"": ""shuffle"", ""forbid_self_pair"": true, ""mapping_file_sha256"": ""d0ca3efb893c3338c12823430a9c1007d019eb79f432c51851ff7c318e1eb171"", ""replacement_example_id"": ""vsr_test:1295"", ""seed"": 20260810}",20260810,"{""do_sample"": false, ""max_new_tokens"": 5}",tier_a_pilot200,2f047945e4a22ea8774c8172826991930be36ad0,v0.1
vsr_test:0027,vsr_test:0027,test,shuffle,evidence,The apple is above the orange.,The apple is above the orange.,above,vertical,apple,orange,False,,,False,True, False.,Qwen/Qwen2-VL-7B-Instruct,,7B_general_lora,/home/ubuntu/vlm-spatial-reasoning/checkpoints/qwen2vl_7b_general_lora/final,"{""README.md"": ""ad67fbd14e29a7dae114b54d70c840eab4d917c7d4bbce31d8e923429325d12b"", ""adapter_config.json"": ""4cc863971496d11551ef4f7a943764405400230a371c1c74ab1690589d27af4b"", ""adapter_model.safetensors"": ""109a8f8284daa35887b309c03f53b03079e51e39ec821afd41f4653d983c56f8"", ""chat_template.jinja"": ""a0bc6f6fc7a29a80017a433e8f03a1cc1236e838a944a2d034295a60c4f2fddb"", ""processor_config.json"": ""edb8dd5001f02dd3a488fd63d664fcdc5514c4a93962bf1be534a0acf6e2c714"", ""tokenizer.json"": ""ff8cce547abc110590d19c6b5b6e0c6a7b4c8d1012d78b9c42131bae7f494a02"", ""tokenizer_config.json"": ""5afec58078ec072cdc9ad190a63c8657f9c47ec71068ff9c77423f1ea0422364""}",,7f29cebb9d06eca06ad0d6c690e4d5a083b71a9c42008f88e92474e3ff0eb98a,eb4075c77285da02c52794154760fa969fb21ab3dcceb0820cb7d2ba27d27471,http://images.cocodataset.org/train2017/000000508412.jpg,http://images.cocodataset.org/train2017/000000508412.jpg,vsr_test:0753,http://images.cocodataset.org/train2017/000000166631.jpg,shuffle_image,tier_a_v0.1,"{""algorithm"": ""cycle derangement"", ""axis"": ""evidence"", ""condition"": ""shuffle"", ""forbid_self_pair"": true, ""mapping_file_sha256"": ""d0ca3efb893c3338c12823430a9c1007d019eb79f432c51851ff7c318e1eb171"", ""replacement_example_id"": ""vsr_test:0753"", ""seed"": 20260810}",20260810,"{""do_sample"": false, ""max_new_tokens"": 5}",tier_a_pilot200,2f047945e4a22ea8774c8172826991930be36ad0,v0.1
vsr_test:0028,vsr_test:0028,test,shuffle,evidence,The truck is below the elephant.,The truck is below the elephant.,below,vertical,truck,elephant,True,,,False,False, False.,Qwen/Qwen2-VL-7B-Instruct,,7B_general_lora,/home/ubuntu/vlm-spatial-reasoning/checkpoints/qwen2vl_7b_general_lora/final,"{""README.md"": ""ad67fbd14e29a7dae114b54d70c840eab4d917c7d4bbce31d8e923429325d12b"", ""adapter_config.json"": ""4cc863971496d11551ef4f7a943764405400230a371c1c74ab1690589d27af4b"", ""adapter_model.safetensors"": ""109a8f8284daa35887b309c03f53b03079e51e39ec821afd41f4653d983c56f8"", ""chat_template.jinja"": ""a0bc6f6fc7a29a80017a433e8f03a1cc1236e838a944a2d034295a60c4f2fddb"", ""processor_config.json"": ""edb8dd5001f02dd3a488fd63d664fcdc5514c4a93962bf1be534a0acf6e2c714"", ""tokenizer.json"": ""ff8cce547abc110590d19c6b5b6e0c6a7b4c8d1012d78b9c42131bae7f494a02"", ""tokenizer_config.json"": ""5afec58078ec072cdc9ad190a63c8657f9c47ec71068ff9c77423f1ea0422364""}",,7f29cebb9d06eca06ad0d6c690e4d5a083b71a9c42008f88e92474e3ff0eb98a,eb4075c77285da02c52794154760fa969fb21ab3dcceb0820cb7d2ba27d27471,http://images.cocodataset.org/train2017/000000461902.jpg,http://images.cocodataset.org/train2017/000000461902.jpg,vsr_test:0069,http://images.cocodataset.org/train2017/000000014766.jpg,shuffle_image,tier_a_v0.1,"{""algorithm"": ""cycle derangement"", ""axis"": ""evidence"", ""condition"": ""shuffle"", ""forbid_self_pair"": true, ""mapping_file_sha256"": ""d0ca3efb893c3338c12823430a9c1007d019eb79f432c51851ff7c318e1eb171"", ""replacement_example_id"": ""vsr_test:0069"", ""seed"": 20260810}",20260810,"{""do_sample"": false, ""max_new_tokens"": 5}",tier_a_pilot200,2f047945e4a22ea8774c8172826991930be36ad0,v0.1
vsr_test:0029,vsr_test:0029,test,shuffle,evidence,The bicycle is in front of the cat.,The bicycle is in front of the cat.,in front of,depth,bicycle,cat,True,,,False,False, False,Qwen/Qwen2-VL-7B-Instruct,,7B_general_lora,/home/ubuntu/vlm-spatial-reasoning/checkpoints/qwen2vl_7b_general_lora/final,"{""README.md"": ""ad67fbd14e29a7dae114b54d70c840eab4d917c7d4bbce31d8e923429325d12b"", ""adapter_config.json"": ""4cc863971496d11551ef4f7a943764405400230a371c1c74ab1690589d27af4b"", ""adapter_model.safetensors"": ""109a8f8284daa35887b309c03f53b03079e51e39ec821afd41f4653d983c56f8"", ""chat_template.jinja"": ""a0bc6f6fc7a29a80017a433e8f03a1cc1236e838a944a2d034295a60c4f2fddb"", ""processor_config.json"": ""edb8dd5001f02dd3a488fd63d664fcdc5514c4a93962bf1be534a0acf6e2c714"", ""tokenizer.json"": ""ff8cce547abc110590d19c6b5b6e0c6a7b4c8d1012d78b9c42131bae7f494a02"", ""tokenizer_config.json"": ""5afec58078ec072cdc9ad190a63c8657f9c47ec71068ff9c77423f1ea0422364""}",,7f29cebb9d06eca06ad0d6c690e4d5a083b71a9c42008f88e92474e3ff0eb98a,eb4075c77285da02c52794154760fa969fb21ab3dcceb0820cb7d2ba27d27471,http://images.cocodataset.org/train2017/000000193488.jpg,http://images.cocodataset.org/train2017/000000193488.jpg,vsr_test:0659,http://images.cocodataset.org/train2017/000000010547.jpg,shuffle_image,tier_a_v0.1,"{""algorithm"": ""cycle derangement"", ""axis"": ""evidence"", ""condition"": ""shuffle"", ""forbid_self_pair"": true, ""mapping_file_sha256"": ""d0ca3efb893c3338c12823430a9c1007d019eb79f432c51851ff7c318e1eb171"", ""replacement_example_id"": ""vsr_test:0659"", ""seed"": 20260810}",20260810,"{""do_sample"": false, ""max_new_tokens"": 5}",tier_a_pilot200,2f047945e4a22ea8774c8172826991930be36ad0,v0.1
vsr_test:0030,vsr_test:0030,test,shuffle,evidence,The pizza is touching the person.,The pizza is touching the person.,touching,topology_contact,pizza,person,True,,,False,False, False.,Qwen/Qwen2-VL-7B-Instruct,,7B_general_lora,/home/ubuntu/vlm-spatial-reasoning/checkpoints/qwen2vl_7b_general_lora/final,"{""README.md"": ""ad67fbd14e29a7dae114b54d70c840eab4d917c7d4bbce31d8e923429325d12b"", ""adapter_config.json"": ""4cc863971496d11551ef4f7a943764405400230a371c1c74ab1690589d27af4b"", ""adapter_model.safetensors"": ""109a8f8284daa35887b309c03f53b03079e51e39ec821afd41f4653d983c56f8"", ""chat_template.jinja"": ""a0bc6f6fc7a29a80017a433e8f03a1cc1236e838a944a2d034295a60c4f2fddb"", ""processor_config.json"": ""edb8dd5001f02dd3a488fd63d664fcdc5514c4a93962bf1be534a0acf6e2c714"", ""tokenizer.json"": ""ff8cce547abc110590d19c6b5b6e0c6a7b4c8d1012d78b9c42131bae7f494a02"", ""tokenizer_config.json"": ""5afec58078ec072cdc9ad190a63c8657f9c47ec71068ff9c77423f1ea0422364""}",,7f29cebb9d06eca06ad0d6c690e4d5a083b71a9c42008f88e92474e3ff0eb98a,eb4075c77285da02c52794154760fa969fb21ab3dcceb0820cb7d2ba27d27471,http://images.cocodataset.org/train2017/000000114169.jpg,http://images.cocodataset.org/train2017/000000114169.jpg,vsr_test:0621,http://images.cocodataset.org/train2017/000000375086.jpg,shuffle_image,tier_a_v0.1,"{""algorithm"": ""cycle derangement"", ""axis"": ""evidence"", ""condition"": ""shuffle"", ""forbid_self_pair"": true, ""mapping_file_sha256"": ""d0ca3efb893c3338c12823430a9c1007d019eb79f432c51851ff7c318e1eb171"", ""replacement_example_id"": ""vsr_test:0621"", ""seed"": 20260810}",20260810,"{""do_sample"": false, ""max_new_tokens"": 5}",tier_a_pilot200,2f047945e4a22ea8774c8172826991930be36ad0,v0.1
vsr_test:0031,vsr_test:0031,test,shuffle,evidence,The sheep is at the edge of the cake.,The sheep is at the edge of the cake.,at the edge of,topology_contact,sheep,cake,True,,,False,False, False,Qwen/Qwen2-VL-7B-Instruct,,7B_general_lora,/home/ubuntu/vlm-spatial-reasoning/checkpoints/qwen2vl_7b_general_lora/final,"{""README.md"": ""ad67fbd14e29a7dae114b54d70c840eab4d917c7d4bbce31d8e923429325d12b"", ""adapter_config.json"": ""4cc863971496d11551ef4f7a943764405400230a371c1c74ab1690589d27af4b"", ""adapter_model.safetensors"": ""109a8f8284daa35887b309c03f53b03079e51e39ec821afd41f4653d983c56f8"", ""chat_template.jinja"": ""a0bc6f6fc7a29a80017a433e8f03a1cc1236e838a944a2d034295a60c4f2fddb"", ""processor_config.json"": ""edb8dd5001f02dd3a488fd63d664fcdc5514c4a93962bf1be534a0acf6e2c714"", ""tokenizer.json"": ""ff8cce547abc110590d19c6b5b6e0c6a7b4c8d1012d78b9c42131bae7f494a02"", ""tokenizer_config.json"": ""5afec58078ec072cdc9ad190a63c8657f9c47ec71068ff9c77423f1ea0422364""}",,7f29cebb9d06eca06ad0d6c690e4d5a083b71a9c42008f88e92474e3ff0eb98a,eb4075c77285da02c52794154760fa969fb21ab3dcceb0820cb7d2ba27d27471,http://images.cocodataset.org/train2017/000000409808.jpg,http://images.cocodataset.org/train2017/000000409808.jpg,vsr_test:1369,http://images.cocodataset.org/train2017/000000453400.jpg,shuffle_image,tier_a_v0.1,"{""algorithm"": ""cycle derangement"", ""axis"": ""evidence"", ""condition"": ""shuffle"", ""forbid_self_pair"": true, ""mapping_file_sha256"": ""d0ca3efb893c3338c12823430a9c1007d019eb79f432c51851ff7c318e1eb171"", ""replacement_example_id"": ""vsr_test:1369"", ""seed"": 20260810}",20260810,"{""do_sample"": false, ""max_new_tokens"": 5}",tier_a_pilot200,2f047945e4a22ea8774c8172826991930be36ad0,v0.1
vsr_test:0032,vsr_test:0032,test,shuffle,evidence,The teddy bear is at the side of the person.,The teddy bear is at the side of the person.,at the side of,horizontal,teddy bear,person,False,,,True,False, True.,Qwen/Qwen2-VL-7B-Instruct,,7B_general_lora,/home/ubuntu/vlm-spatial-reasoning/checkpoints/qwen2vl_7b_general_lora/final,"{""README.md"": ""ad67fbd14e29a7dae114b54d70c840eab4d917c7d4bbce31d8e923429325d12b"", ""adapter_config.json"": ""4cc863971496d11551ef4f7a943764405400230a371c1c74ab1690589d27af4b"", ""adapter_model.safetensors"": ""109a8f8284daa35887b309c03f53b03079e51e39ec821afd41f4653d983c56f8"", ""chat_template.jinja"": ""a0bc6f6fc7a29a80017a433e8f03a1cc1236e838a944a2d034295a60c4f2fddb"", ""processor_config.json"": ""edb8dd5001f02dd3a488fd63d664fcdc5514c4a93962bf1be534a0acf6e2c714"", ""tokenizer.json"": ""ff8cce547abc110590d19c6b5b6e0c6a7b4c8d1012d78b9c42131bae7f494a02"", ""tokenizer_config.json"": ""5afec58078ec072cdc9ad190a63c8657f9c47ec71068ff9c77423f1ea0422364""}",,7f29cebb9d06eca06ad0d6c690e4d5a083b71a9c42008f88e92474e3ff0eb98a,eb4075c77285da02c52794154760fa969fb21ab3dcceb0820cb7d2ba27d27471,http://images.cocodataset.org/train2017/000000451680.jpg,http://images.cocodataset.org/train2017/000000451680.jpg,vsr_test:0949,http://images.cocodataset.org/train2017/000000369763.jpg,shuffle_image,tier_a_v0.1,"{""algorithm"": ""cycle derangement"", ""axis"": ""evidence"", ""condition"": ""shuffle"", ""forbid_self_pair"": true, ""mapping_file_sha256"": ""d0ca3efb893c3338c12823430a9c1007d019eb79f432c51851ff7c318e1eb171"", ""replacement_example_id"": ""vsr_test:0949"", ""seed"": 20260810}",20260810,"{""do_sample"": false, ""max_new_tokens"": 5}",tier_a_pilot200,2f047945e4a22ea8774c8172826991930be36ad0,v0.1
vsr_test:0033,vsr_test:0033,test,shuffle,evidence,The cat is facing away from the sink.,The cat is facing away from the sink.,facing away from,orientation,cat,sink,True,,,False,False, False.,Qwen/Qwen2-VL-7B-Instruct,,7B_general_lora,/home/ubuntu/vlm-spatial-reasoning/checkpoints/qwen2vl_7b_general_lora/final,"{""README.md"": ""ad67fbd14e29a7dae114b54d70c840eab4d917c7d4bbce31d8e923429325d12b"", ""adapter_config.json"": ""4cc863971496d11551ef4f7a943764405400230a371c1c74ab1690589d27af4b"", ""adapter_model.safetensors"": ""109a8f8284daa35887b309c03f53b03079e51e39ec821afd41f4653d983c56f8"", ""chat_template.jinja"": ""a0bc6f6fc7a29a80017a433e8f03a1cc1236e838a944a2d034295a60c4f2fddb"", ""processor_config.json"": ""edb8dd5001f02dd3a488fd63d664fcdc5514c4a93962bf1be534a0acf6e2c714"", ""tokenizer.json"": ""ff8cce547abc110590d19c6b5b6e0c6a7b4c8d1012d78b9c42131bae7f494a02"", ""tokenizer_config.json"": ""5afec58078ec072cdc9ad190a63c8657f9c47ec71068ff9c77423f1ea0422364""}",,7f29cebb9d06eca06ad0d6c690e4d5a083b71a9c42008f88e92474e3ff0eb98a,eb4075c77285da02c52794154760fa969fb21ab3dcceb0820cb7d2ba27d27471,http://images.cocodataset.org/train2017/000000508846.jpg,http://images.cocodataset.org/train2017/000000508846.jpg,vsr_test:1499,http://images.cocodataset.org/train2017/000000145544.jpg,shuffle_image,tier_a_v0.1,"{""algorithm"": ""cycle derangement"", ""axis"": ""evidence"", ""condition"": ""shuffle"", ""forbid_self_pair"": true, ""mapping_file_sha256"": ""d0ca3efb893c3338c12823430a9c1007d019eb79f432c51851ff7c318e1eb171"", ""replacement_example_id"": ""vsr_test:1499"", ""seed"": 20260810}",20260810,"{""do_sample"": false, ""max_new_tokens"": 5}",tier_a_pilot200,2f047945e4a22ea8774c8172826991930be36ad0,v0.1
vsr_test:0034,vsr_test:0034,test,shuffle,evidence,The cat is facing away from the toilet.,The cat is facing away from the toilet.,facing away from,orientation,cat,toilet,True,,,True,True, True,Qwen/Qwen2-VL-7B-Instruct,,7B_general_lora,/home/ubuntu/vlm-spatial-reasoning/checkpoints/qwen2vl_7b_general_lora/final,"{""README.md"": ""ad67fbd14e29a7dae114b54d70c840eab4d917c7d4bbce31d8e923429325d12b"", ""adapter_config.json"": ""4cc863971496d11551ef4f7a943764405400230a371c1c74ab1690589d27af4b"", ""adapter_model.safetensors"": ""109a8f8284daa35887b309c03f53b03079e51e39ec821afd41f4653d983c56f8"", ""chat_template.jinja"": ""a0bc6f6fc7a29a80017a433e8f03a1cc1236e838a944a2d034295a60c4f2fddb"", ""processor_config.json"": ""edb8dd5001f02dd3a488fd63d664fcdc5514c4a93962bf1be534a0acf6e2c714"", ""tokenizer.json"": ""ff8cce547abc110590d19c6b5b6e0c6a7b4c8d1012d78b9c42131bae7f494a02"", ""tokenizer_config.json"": ""5afec58078ec072cdc9ad190a63c8657f9c47ec71068ff9c77423f1ea0422364""}",,7f29cebb9d06eca06ad0d6c690e4d5a083b71a9c42008f88e92474e3ff0eb98a,eb4075c77285da02c52794154760fa969fb21ab3dcceb0820cb7d2ba27d27471,http://images.cocodataset.org/train2017/000000455365.jpg,http://images.cocodataset.org/train2017/000000455365.jpg,vsr_test:1944,http://images.cocodataset.org/train2017/000000018233.jpg,shuffle_image,tier_a_v0.1,"{""algorithm"": ""cycle derangement"", ""axis"": ""evidence"", ""condition"": ""shuffle"", ""forbid_self_pair"": true, ""mapping_file_sha256"": ""d0ca3efb893c3338c12823430a9c1007d019eb79f432c51851ff7c318e1eb171"", ""replacement_example_id"": ""vsr_test:1944"", ""seed"": 20260810}",20260810,"{""do_sample"": false, ""max_new_tokens"": 5}",tier_a_pilot200,2f047945e4a22ea8774c8172826991930be36ad0,v0.1
vsr_test:0035,vsr_test:0035,test,shuffle,evidence,The cat is on top of the umbrella.,The cat is on top of the umbrella.,on top of,vertical,cat,umbrella,False,,,False,True, False,Qwen/Qwen2-VL-7B-Instruct,,7B_general_lora,/home/ubuntu/vlm-spatial-reasoning/checkpoints/qwen2vl_7b_general_lora/final,"{""README.md"": ""ad67fbd14e29a7dae114b54d70c840eab4d917c7d4bbce31d8e923429325d12b"", ""adapter_config.json"": ""4cc863971496d11551ef4f7a943764405400230a371c1c74ab1690589d27af4b"", ""adapter_model.safetensors"": ""109a8f8284daa35887b309c03f53b03079e51e39ec821afd41f4653d983c56f8"", ""chat_template.jinja"": ""a0bc6f6fc7a29a80017a433e8f03a1cc1236e838a944a2d034295a60c4f2fddb"", ""processor_config.json"": ""edb8dd5001f02dd3a488fd63d664fcdc5514c4a93962bf1be534a0acf6e2c714"", ""tokenizer.json"": ""ff8cce547abc110590d19c6b5b6e0c6a7b4c8d1012d78b9c42131bae7f494a02"", ""tokenizer_config.json"": ""5afec58078ec072cdc9ad190a63c8657f9c47ec71068ff9c77423f1ea0422364""}",,7f29cebb9d06eca06ad0d6c690e4d5a083b71a9c42008f88e92474e3ff0eb98a,eb4075c77285da02c52794154760fa969fb21ab3dcceb0820cb7d2ba27d27471,http://images.cocodataset.org/train2017/000000466789.jpg,http://images.cocodataset.org/train2017/000000466789.jpg,vsr_test:0757,http://images.cocodataset.org/train2017/000000021365.jpg,shuffle_image,tier_a_v0.1,"{""algorithm"": ""cycle derangement"", ""axis"": ""evidence"", ""condition"": ""shuffle"", ""forbid_self_pair"": true, ""mapping_file_sha256"": ""d0ca3efb893c3338c12823430a9c1007d019eb79f432c51851ff7c318e1eb171"", ""replacement_example_id"": ""vsr_test:0757"", ""seed"": 20260810}",20260810,"{""do_sample"": false, ""max_new_tokens"": 5}",tier_a_pilot200,2f047945e4a22ea8774c8172826991930be36ad0,v0.1
vsr_test:0036,vsr_test:0036,test,shuffle,evidence,The truck is under the couch.,The truck is under the couch.,under,vertical,truck,couch,True,,,False,False, False.,Qwen/Qwen2-VL-7B-Instruct,,7B_general_lora,/home/ubuntu/vlm-spatial-reasoning/checkpoints/qwen2vl_7b_general_lora/final,"{""README.md"": ""ad67fbd14e29a7dae114b54d70c840eab4d917c7d4bbce31d8e923429325d12b"", ""adapter_config.json"": ""4cc863971496d11551ef4f7a943764405400230a371c1c74ab1690589d27af4b"", ""adapter_model.safetensors"": ""109a8f8284daa35887b309c03f53b03079e51e39ec821afd41f4653d983c56f8"", ""chat_template.jinja"": ""a0bc6f6fc7a29a80017a433e8f03a1cc1236e838a944a2d034295a60c4f2fddb"", ""processor_config.json"": ""edb8dd5001f02dd3a488fd63d664fcdc5514c4a93962bf1be534a0acf6e2c714"", ""tokenizer.json"": ""ff8cce547abc110590d19c6b5b6e0c6a7b4c8d1012d78b9c42131bae7f494a02"", ""tokenizer_config.json"": ""5afec58078ec072cdc9ad190a63c8657f9c47ec71068ff9c77423f1ea0422364""}",,7f29cebb9d06eca06ad0d6c690e4d5a083b71a9c42008f88e92474e3ff0eb98a,eb4075c77285da02c52794154760fa969fb21ab3dcceb0820cb7d2ba27d27471,http://images.cocodataset.org/train2017/000000358630.jpg,http://images.cocodataset.org/train2017/000000358630.jpg,vsr_test:1297,http://images.cocodataset.org/train2017/000000548608.jpg,shuffle_image,tier_a_v0.1,"{""algorithm"": ""cycle derangement"", ""axis"": ""evidence"", ""condition"": ""shuffle"", ""forbid_self_pair"": true, ""mapping_file_sha256"": ""d0ca3efb893c3338c12823430a9c1007d019eb79f432c51851ff7c318e1eb171"", ""replacement_example_id"": ""vsr_test:1297"", ""seed"": 20260810}",20260810,"{""do_sample"": false, ""max_new_tokens"": 5}",tier_a_pilot200,2f047945e4a22ea8774c8172826991930be36ad0,v0.1
vsr_test:0037,vsr_test:0037,test,shuffle,evidence,The orange is at the right side of the sandwich.,The orange is at the right side of the sandwich.,at the right side of,horizontal,orange,sandwich,True,,,False,False, False.,Qwen/Qwen2-VL-7B-Instruct,,7B_general_lora,/home/ubuntu/vlm-spatial-reasoning/checkpoints/qwen2vl_7b_general_lora/final,"{""README.md"": ""ad67fbd14e29a7dae114b54d70c840eab4d917c7d4bbce31d8e923429325d12b"", ""adapter_config.json"": ""4cc863971496d11551ef4f7a943764405400230a371c1c74ab1690589d27af4b"", ""adapter_model.safetensors"": ""109a8f8284daa35887b309c03f53b03079e51e39ec821afd41f4653d983c56f8"", ""chat_template.jinja"": ""a0bc6f6fc7a29a80017a433e8f03a1cc1236e838a944a2d034295a60c4f2fddb"", ""processor_config.json"": ""edb8dd5001f02dd3a488fd63d664fcdc5514c4a93962bf1be534a0acf6e2c714"", ""tokenizer.json"": ""ff8cce547abc110590d19c6b5b6e0c6a7b4c8d1012d78b9c42131bae7f494a02"", ""tokenizer_config.json"": ""5afec58078ec072cdc9ad190a63c8657f9c47ec71068ff9c77423f1ea0422364""}",,7f29cebb9d06eca06ad0d6c690e4d5a083b71a9c42008f88e92474e3ff0eb98a,eb4075c77285da02c52794154760fa969fb21ab3dcceb0820cb7d2ba27d27471,http://images.cocodataset.org/train2017/000000260248.jpg,http://images.cocodataset.org/train2017/000000260248.jpg,vsr_test:0930,http://images.cocodataset.org/train2017/000000026908.jpg,shuffle_image,tier_a_v0.1,"{""algorithm"": ""cycle derangement"", ""axis"": ""evidence"", ""condition"": ""shuffle"", ""forbid_self_pair"": true, ""mapping_file_sha256"": ""d0ca3efb893c3338c12823430a9c1007d019eb79f432c51851ff7c318e1eb171"", ""replacement_example_id"": ""vsr_test:0930"", ""seed"": 20260810}",20260810,"{""do_sample"": false, ""max_new_tokens"": 5}",tier_a_pilot200,2f047945e4a22ea8774c8172826991930be36ad0,v0.1
vsr_test:0038,vsr_test:0038,test,shuffle,evidence,The train contains the bicycle.,The train contains the bicycle.,contains,containment,,bicycle,True,,,False,False, False,Qwen/Qwen2-VL-7B-Instruct,,7B_general_lora,/home/ubuntu/vlm-spatial-reasoning/checkpoints/qwen2vl_7b_general_lora/final,"{""README.md"": ""ad67fbd14e29a7dae114b54d70c840eab4d917c7d4bbce31d8e923429325d12b"", ""adapter_config.json"": ""4cc863971496d11551ef4f7a943764405400230a371c1c74ab1690589d27af4b"", ""adapter_model.safetensors"": ""109a8f8284daa35887b309c03f53b03079e51e39ec821afd41f4653d983c56f8"", ""chat_template.jinja"": ""a0bc6f6fc7a29a80017a433e8f03a1cc1236e838a944a2d034295a60c4f2fddb"", ""processor_config.json"": ""edb8dd5001f02dd3a488fd63d664fcdc5514c4a93962bf1be534a0acf6e2c714"", ""tokenizer.json"": ""ff8cce547abc110590d19c6b5b6e0c6a7b4c8d1012d78b9c42131bae7f494a02"", ""tokenizer_config.json"": ""5afec58078ec072cdc9ad190a63c8657f9c47ec71068ff9c77423f1ea0422364""}",,7f29cebb9d06eca06ad0d6c690e4d5a083b71a9c42008f88e92474e3ff0eb98a,eb4075c77285da02c52794154760fa969fb21ab3dcceb0820cb7d2ba27d27471,http://images.cocodataset.org/train2017/000000344271.jpg,http://images.cocodataset.org/train2017/000000344271.jpg,vsr_test:1815,http://images.cocodataset.org/train2017/000000223930.jpg,shuffle_image,tier_a_v0.1,"{""algorithm"": ""cycle derangement"", ""axis"": ""evidence"", ""condition"": ""shuffle"", ""forbid_self_pair"": true, ""mapping_file_sha256"": ""d0ca3efb893c3338c12823430a9c1007d019eb79f432c51851ff7c318e1eb171"", ""replacement_example_id"": ""vsr_test:1815"", ""seed"": 20260810}",20260810,"{""do_sample"": false, ""max_new_tokens"": 5}",tier_a_pilot200,2f047945e4a22ea8774c8172826991930be36ad0,v0.1
vsr_test:0039,vsr_test:0039,test,shuffle,evidence,The oven is in front of the cake.,The oven is in front of the cake.,in front of,depth,oven,cake,True,,,False,False, False,Qwen/Qwen2-VL-7B-Instruct,,7B_general_lora,/home/ubuntu/vlm-spatial-reasoning/checkpoints/qwen2vl_7b_general_lora/final,"{""README.md"": ""ad67fbd14e29a7dae114b54d70c840eab4d917c7d4bbce31d8e923429325d12b"", ""adapter_config.json"": ""4cc863971496d11551ef4f7a943764405400230a371c1c74ab1690589d27af4b"", ""adapter_model.safetensors"": ""109a8f8284daa35887b309c03f53b03079e51e39ec821afd41f4653d983c56f8"", ""chat_template.jinja"": ""a0bc6f6fc7a29a80017a433e8f03a1cc1236e838a944a2d034295a60c4f2fddb"", ""processor_config.json"": ""edb8dd5001f02dd3a488fd63d664fcdc5514c4a93962bf1be534a0acf6e2c714"", ""tokenizer.json"": ""ff8cce547abc110590d19c6b5b6e0c6a7b4c8d1012d78b9c42131bae7f494a02"", ""tokenizer_config.json"": ""5afec58078ec072cdc9ad190a63c8657f9c47ec71068ff9c77423f1ea0422364""}",,7f29cebb9d06eca06ad0d6c690e4d5a083b71a9c42008f88e92474e3ff0eb98a,eb4075c77285da02c52794154760fa969fb21ab3dcceb0820cb7d2ba27d27471,http://images.cocodataset.org/train2017/000000185777.jpg,http://images.cocodataset.org/train2017/000000185777.jpg,vsr_test:2178,http://images.cocodataset.org/train2017/000000465695.jpg,shuffle_image,tier_a_v0.1,"{""algorithm"": ""cycle derangement"", ""axis"": ""evidence"", ""condition"": ""shuffle"", ""forbid_self_pair"": true, ""mapping_file_sha256"": ""d0ca3efb893c3338c12823430a9c1007d019eb79f432c51851ff7c318e1eb171"", ""replacement_example_id"": ""vsr_test:2178"", ""seed"": 20260810}",20260810,"{""do_sample"": false, ""max_new_tokens"": 5}",tier_a_pilot200,2f047945e4a22ea8774c8172826991930be36ad0,v0.1
vsr_test:0040,vsr_test:0040,test,shuffle,evidence,The boat is in the tv.,The boat is in the tv.,in,containment,boat,tv,False,,,False,True, False.,Qwen/Qwen2-VL-7B-Instruct,,7B_general_lora,/home/ubuntu/vlm-spatial-reasoning/checkpoints/qwen2vl_7b_general_lora/final,"{""README.md"": ""ad67fbd14e29a7dae114b54d70c840eab4d917c7d4bbce31d8e923429325d12b"", ""adapter_config.json"": ""4cc863971496d11551ef4f7a943764405400230a371c1c74ab1690589d27af4b"", ""adapter_model.safetensors"": ""109a8f8284daa35887b309c03f53b03079e51e39ec821afd41f4653d983c56f8"", ""chat_template.jinja"": ""a0bc6f6fc7a29a80017a433e8f03a1cc1236e838a944a2d034295a60c4f2fddb"", ""processor_config.json"": ""edb8dd5001f02dd3a488fd63d664fcdc5514c4a93962bf1be534a0acf6e2c714"", ""tokenizer.json"": ""ff8cce547abc110590d19c6b5b6e0c6a7b4c8d1012d78b9c42131bae7f494a02"", ""tokenizer_config.json"": ""5afec58078ec072cdc9ad190a63c8657f9c47ec71068ff9c77423f1ea0422364""}",,7f29cebb9d06eca06ad0d6c690e4d5a083b71a9c42008f88e92474e3ff0eb98a,eb4075c77285da02c52794154760fa969fb21ab3dcceb0820cb7d2ba27d27471,http://images.cocodataset.org/train2017/000000024215.jpg,http://images.cocodataset.org/train2017/000000024215.jpg,vsr_test:1142,http://images.cocodataset.org/train2017/000000145722.jpg,shuffle_image,tier_a_v0.1,"{""algorithm"": ""cycle derangement"", ""axis"": ""evidence"", ""condition"": ""shuffle"", ""forbid_self_pair"": true, ""mapping_file_sha256"": ""d0ca3efb893c3338c12823430a9c1007d019eb79f432c51851ff7c318e1eb171"", ""replacement_example_id"": ""vsr_test:1142"", ""seed"": 20260810}",20260810,"{""do_sample"": false, ""max_new_tokens"": 5}",tier_a_pilot200,2f047945e4a22ea8774c8172826991930be36ad0,v0.1
vsr_test:0041,vsr_test:0041,test,shuffle,evidence,The teddy bear is beneath the dog.,The teddy bear is beneath the dog.,beneath,vertical,teddy bear,dog,True,,,False,False, False.,Qwen/Qwen2-VL-7B-Instruct,,7B_general_lora,/home/ubuntu/vlm-spatial-reasoning/checkpoints/qwen2vl_7b_general_lora/final,"{""README.md"": ""ad67fbd14e29a7dae114b54d70c840eab4d917c7d4bbce31d8e923429325d12b"", ""adapter_config.json"": ""4cc863971496d11551ef4f7a943764405400230a371c1c74ab1690589d27af4b"", ""adapter_model.safetensors"": ""109a8f8284daa35887b309c03f53b03079e51e39ec821afd41f4653d983c56f8"", ""chat_template.jinja"": ""a0bc6f6fc7a29a80017a433e8f03a1cc1236e838a944a2d034295a60c4f2fddb"", ""processor_config.json"": ""edb8dd5001f02dd3a488fd63d664fcdc5514c4a93962bf1be534a0acf6e2c714"", ""tokenizer.json"": ""ff8cce547abc110590d19c6b5b6e0c6a7b4c8d1012d78b9c42131bae7f494a02"", ""tokenizer_config.json"": ""5afec58078ec072cdc9ad190a63c8657f9c47ec71068ff9c77423f1ea0422364""}",,7f29cebb9d06eca06ad0d6c690e4d5a083b71a9c42008f88e92474e3ff0eb98a,eb4075c77285da02c52794154760fa969fb21ab3dcceb0820cb7d2ba27d27471,http://images.cocodataset.org/train2017/000000054643.jpg,http://images.cocodataset.org/train2017/000000054643.jpg,vsr_test:1291,http://images.cocodataset.org/train2017/000000022041.jpg,shuffle_image,tier_a_v0.1,"{""algorithm"": ""cycle derangement"", ""axis"": ""evidence"", ""condition"": ""shuffle"", ""forbid_self_pair"": true, ""mapping_file_sha256"": ""d0ca3efb893c3338c12823430a9c1007d019eb79f432c51851ff7c318e1eb171"", ""replacement_example_id"": ""vsr_test:1291"", ""seed"": 20260810}",20260810,"{""do_sample"": false, ""max_new_tokens"": 5}",tier_a_pilot200,2f047945e4a22ea8774c8172826991930be36ad0,v0.1
vsr_test:0042,vsr_test:0042,test,shuffle,evidence,The bench is part of the train.,The bench is part of the train.,part of,compositional,bench,train,True,,,False,False, False.,Qwen/Qwen2-VL-7B-Instruct,,7B_general_lora,/home/ubuntu/vlm-spatial-reasoning/checkpoints/qwen2vl_7b_general_lora/final,"{""README.md"": ""ad67fbd14e29a7dae114b54d70c840eab4d917c7d4bbce31d8e923429325d12b"", ""adapter_config.json"": ""4cc863971496d11551ef4f7a943764405400230a371c1c74ab1690589d27af4b"", ""adapter_model.safetensors"": ""109a8f8284daa35887b309c03f53b03079e51e39ec821afd41f4653d983c56f8"", ""chat_template.jinja"": ""a0bc6f6fc7a29a80017a433e8f03a1cc1236e838a944a2d034295a60c4f2fddb"", ""processor_config.json"": ""edb8dd5001f02dd3a488fd63d664fcdc5514c4a93962bf1be534a0acf6e2c714"", ""tokenizer.json"": ""ff8cce547abc110590d19c6b5b6e0c6a7b4c8d1012d78b9c42131bae7f494a02"", ""tokenizer_config.json"": ""5afec58078ec072cdc9ad190a63c8657f9c47ec71068ff9c77423f1ea0422364""}",,7f29cebb9d06eca06ad0d6c690e4d5a083b71a9c42008f88e92474e3ff0eb98a,eb4075c77285da02c52794154760fa969fb21ab3dcceb0820cb7d2ba27d27471,http://images.cocodataset.org/train2017/000000245450.jpg,http://images.cocodataset.org/train2017/000000245450.jpg,vsr_test:2060,http://images.cocodataset.org/train2017/000000385980.jpg,shuffle_image,tier_a_v0.1,"{""algorithm"": ""cycle derangement"", ""axis"": ""evidence"", ""condition"": ""shuffle"", ""forbid_self_pair"": true, ""mapping_file_sha256"": ""d0ca3efb893c3338c12823430a9c1007d019eb79f432c51851ff7c318e1eb171"", ""replacement_example_id"": ""vsr_test:2060"", ""seed"": 20260810}",20260810,"{""do_sample"": false, ""max_new_tokens"": 5}",tier_a_pilot200,2f047945e4a22ea8774c8172826991930be36ad0,v0.1
vsr_test:0043,vsr_test:0043,test,shuffle,evidence,The truck is below the elephant.,The truck is below the elephant.,below,vertical,truck,elephant,True,,,False,False, False.,Qwen/Qwen2-VL-7B-Instruct,,7B_general_lora,/home/ubuntu/vlm-spatial-reasoning/checkpoints/qwen2vl_7b_general_lora/final,"{""README.md"": ""ad67fbd14e29a7dae114b54d70c840eab4d917c7d4bbce31d8e923429325d12b"", ""adapter_config.json"": ""4cc863971496d11551ef4f7a943764405400230a371c1c74ab1690589d27af4b"", ""adapter_model.safetensors"": ""109a8f8284daa35887b309c03f53b03079e51e39ec821afd41f4653d983c56f8"", ""chat_template.jinja"": ""a0bc6f6fc7a29a80017a433e8f03a1cc1236e838a944a2d034295a60c4f2fddb"", ""processor_config.json"": ""edb8dd5001f02dd3a488fd63d664fcdc5514c4a93962bf1be534a0acf6e2c714"", ""tokenizer.json"": ""ff8cce547abc110590d19c6b5b6e0c6a7b4c8d1012d78b9c42131bae7f494a02"", ""tokenizer_config.json"": ""5afec58078ec072cdc9ad190a63c8657f9c47ec71068ff9c77423f1ea0422364""}",,7f29cebb9d06eca06ad0d6c690e4d5a083b71a9c42008f88e92474e3ff0eb98a,eb4075c77285da02c52794154760fa969fb21ab3dcceb0820cb7d2ba27d27471,http://images.cocodataset.org/train2017/000000027989.jpg,http://images.cocodataset.org/train2017/000000027989.jpg,vsr_test:1354,http://images.cocodataset.org/train2017/000000018873.jpg,shuffle_image,tier_a_v0.1,"{""algorithm"": ""cycle derangement"", ""axis"": ""evidence"", ""condition"": ""shuffle"", ""forbid_self_pair"": true, ""mapping_file_sha256"": ""d0ca3efb893c3338c12823430a9c1007d019eb79f432c51851ff7c318e1eb171"", ""replacement_example_id"": ""vsr_test:1354"", ""seed"": 20260810}",20260810,"{""do_sample"": false, ""max_new_tokens"": 5}",tier_a_pilot200,2f047945e4a22ea8774c8172826991930be36ad0,v0.1
vsr_test:0044,vsr_test:0044,test,shuffle,evidence,The chair is touching the teddy bear.,The chair is touching the teddy bear.,touching,topology_contact,chair,teddy bear,False,,,False,True, False.,Qwen/Qwen2-VL-7B-Instruct,,7B_general_lora,/home/ubuntu/vlm-spatial-reasoning/checkpoints/qwen2vl_7b_general_lora/final,"{""README.md"": ""ad67fbd14e29a7dae114b54d70c840eab4d917c7d4bbce31d8e923429325d12b"", ""adapter_config.json"": ""4cc863971496d11551ef4f7a943764405400230a371c1c74ab1690589d27af4b"", ""adapter_model.safetensors"": ""109a8f8284daa35887b309c03f53b03079e51e39ec821afd41f4653d983c56f8"", ""chat_template.jinja"": ""a0bc6f6fc7a29a80017a433e8f03a1cc1236e838a944a2d034295a60c4f2fddb"", ""processor_config.json"": ""edb8dd5001f02dd3a488fd63d664fcdc5514c4a93962bf1be534a0acf6e2c714"", ""tokenizer.json"": ""ff8cce547abc110590d19c6b5b6e0c6a7b4c8d1012d78b9c42131bae7f494a02"", ""tokenizer_config.json"": ""5afec58078ec072cdc9ad190a63c8657f9c47ec71068ff9c77423f1ea0422364""}",,7f29cebb9d06eca06ad0d6c690e4d5a083b71a9c42008f88e92474e3ff0eb98a,eb4075c77285da02c52794154760fa969fb21ab3dcceb0820cb7d2ba27d27471,http://images.cocodataset.org/train2017/000000364722.jpg,http://images.cocodataset.org/train2017/000000364722.jpg,vsr_test:1479,http://images.cocodataset.org/train2017/000000108113.jpg,shuffle_image,tier_a_v0.1,"{""algorithm"": ""cycle derangement"", ""axis"": ""evidence"", ""condition"": ""shuffle"", ""forbid_self_pair"": true, ""mapping_file_sha256"": ""d0ca3efb893c3338c12823430a9c1007d019eb79f432c51851ff7c318e1eb171"", ""replacement_example_id"": ""vsr_test:1479"", ""seed"": 20260810}",20260810,"{""do_sample"": false, ""max_new_tokens"": 5}",tier_a_pilot200,2f047945e4a22ea8774c8172826991930be36ad0,v0.1
vsr_test:0045,vsr_test:0045,test,shuffle,evidence,The person is alongside the oven.,The person is alongside the oven.,alongside,horizontal,person,oven,True,,,False,False, False.,Qwen/Qwen2-VL-7B-Instruct,,7B_general_lora,/home/ubuntu/vlm-spatial-reasoning/checkpoints/qwen2vl_7b_general_lora/final,"{""README.md"": ""ad67fbd14e29a7dae114b54d70c840eab4d917c7d4bbce31d8e923429325d12b"", ""adapter_config.json"": ""4cc863971496d11551ef4f7a943764405400230a371c1c74ab1690589d27af4b"", ""adapter_model.safetensors"": ""109a8f8284daa35887b309c03f53b03079e51e39ec821afd41f4653d983c56f8"", ""chat_template.jinja"": ""a0bc6f6fc7a29a80017a433e8f03a1cc1236e838a944a2d034295a60c4f2fddb"", ""processor_config.json"": ""edb8dd5001f02dd3a488fd63d664fcdc5514c4a93962bf1be534a0acf6e2c714"", ""tokenizer.json"": ""ff8cce547abc110590d19c6b5b6e0c6a7b4c8d1012d78b9c42131bae7f494a02"", ""tokenizer_config.json"": ""5afec58078ec072cdc9ad190a63c8657f9c47ec71068ff9c77423f1ea0422364""}",,7f29cebb9d06eca06ad0d6c690e4d5a083b71a9c42008f88e92474e3ff0eb98a,eb4075c77285da02c52794154760fa969fb21ab3dcceb0820cb7d2ba27d27471,http://images.cocodataset.org/train2017/000000281111.jpg,http://images.cocodataset.org/train2017/000000281111.jpg,vsr_test:0870,http://images.cocodataset.org/train2017/000000454172.jpg,shuffle_image,tier_a_v0.1,"{""algorithm"": ""cycle derangement"", ""axis"": ""evidence"", ""condition"": ""shuffle"", ""forbid_self_pair"": true, ""mapping_file_sha256"": ""d0ca3efb893c3338c12823430a9c1007d019eb79f432c51851ff7c318e1eb171"", ""replacement_example_id"": ""vsr_test:0870"", ""seed"": 20260810}",20260810,"{""do_sample"": false, ""max_new_tokens"": 5}",tier_a_pilot200,2f047945e4a22ea8774c8172826991930be36ad0,v0.1
vsr_test:0046,vsr_test:0046,test,shuffle,evidence,The fire hydrant is near the car.,The fire hydrant is near the car.,near,proximity,fire hydrant,car,False,,,False,True, False.,Qwen/Qwen2-VL-7B-Instruct,,7B_general_lora,/home/ubuntu/vlm-spatial-reasoning/checkpoints/qwen2vl_7b_general_lora/final,"{""README.md"": ""ad67fbd14e29a7dae114b54d70c840eab4d917c7d4bbce31d8e923429325d12b"", ""adapter_config.json"": ""4cc863971496d11551ef4f7a943764405400230a371c1c74ab1690589d27af4b"", ""adapter_model.safetensors"": ""109a8f8284daa35887b309c03f53b03079e51e39ec821afd41f4653d983c56f8"", ""chat_template.jinja"": ""a0bc6f6fc7a29a80017a433e8f03a1cc1236e838a944a2d034295a60c4f2fddb"", ""processor_config.json"": ""edb8dd5001f02dd3a488fd63d664fcdc5514c4a93962bf1be534a0acf6e2c714"", ""tokenizer.json"": ""ff8cce547abc110590d19c6b5b6e0c6a7b4c8d1012d78b9c42131bae7f494a02"", ""tokenizer_config.json"": ""5afec58078ec072cdc9ad190a63c8657f9c47ec71068ff9c77423f1ea0422364""}",,7f29cebb9d06eca06ad0d6c690e4d5a083b71a9c42008f88e92474e3ff0eb98a,eb4075c77285da02c52794154760fa969fb21ab3dcceb0820cb7d2ba27d27471,http://images.cocodataset.org/train2017/000000035814.jpg,http://images.cocodataset.org/train2017/000000035814.jpg,vsr_test:1521,http://images.cocodataset.org/train2017/000000135023.jpg,shuffle_image,tier_a_v0.1,"{""algorithm"": ""cycle derangement"", ""axis"": ""evidence"", ""condition"": ""shuffle"", ""forbid_self_pair"": true, ""mapping_file_sha256"": ""d0ca3efb893c3338c12823430a9c1007d019eb79f432c51851ff7c318e1eb171"", ""replacement_example_id"": ""vsr_test:1521"", ""seed"": 20260810}",20260810,"{""do_sample"": false, ""max_new_tokens"": 5}",tier_a_pilot200,2f047945e4a22ea8774c8172826991930be36ad0,v0.1
vsr_test:0047,vsr_test:0047,test,shuffle,evidence,The car has as a part the bed.,The car has as a part the bed.,has as a part,compositional,,bed,True,,,False,False, False,Qwen/Qwen2-VL-7B-Instruct,,7B_general_lora,/home/ubuntu/vlm-spatial-reasoning/checkpoints/qwen2vl_7b_general_lora/final,"{""README.md"": ""ad67fbd14e29a7dae114b54d70c840eab4d917c7d4bbce31d8e923429325d12b"", ""adapter_config.json"": ""4cc863971496d11551ef4f7a943764405400230a371c1c74ab1690589d27af4b"", ""adapter_model.safetensors"": ""109a8f8284daa35887b309c03f53b03079e51e39ec821afd41f4653d983c56f8"", ""chat_template.jinja"": ""a0bc6f6fc7a29a80017a433e8f03a1cc1236e838a944a2d034295a60c4f2fddb"", ""processor_config.json"": ""edb8dd5001f02dd3a488fd63d664fcdc5514c4a93962bf1be534a0acf6e2c714"", ""tokenizer.json"": ""ff8cce547abc110590d19c6b5b6e0c6a7b4c8d1012d78b9c42131bae7f494a02"", ""tokenizer_config.json"": ""5afec58078ec072cdc9ad190a63c8657f9c47ec71068ff9c77423f1ea0422364""}",,7f29cebb9d06eca06ad0d6c690e4d5a083b71a9c42008f88e92474e3ff0eb98a,eb4075c77285da02c52794154760fa969fb21ab3dcceb0820cb7d2ba27d27471,http://images.cocodataset.org/train2017/000000477061.jpg,http://images.cocodataset.org/train2017/000000477061.jpg,vsr_test:2143,http://images.cocodataset.org/train2017/000000070211.jpg,shuffle_image,tier_a_v0.1,"{""algorithm"": ""cycle derangement"", ""axis"": ""evidence"", ""condition"": ""shuffle"", ""forbid_self_pair"": true, ""mapping_file_sha256"": ""d0ca3efb893c3338c12823430a9c1007d019eb79f432c51851ff7c318e1eb171"", ""replacement_example_id"": ""vsr_test:2143"", ""seed"": 20260810}",20260810,"{""do_sample"": false, ""max_new_tokens"": 5}",tier_a_pilot200,2f047945e4a22ea8774c8172826991930be36ad0,v0.1
vsr_test:0048,vsr_test:0048,test,shuffle,evidence,The apple is on the dining table.,The apple is on the dining table.,on,topology_contact,apple,dining table,False,,,False,True, False.,Qwen/Qwen2-VL-7B-Instruct,,7B_general_lora,/home/ubuntu/vlm-spatial-reasoning/checkpoints/qwen2vl_7b_general_lora/final,"{""README.md"": ""ad67fbd14e29a7dae114b54d70c840eab4d917c7d4bbce31d8e923429325d12b"", ""adapter_config.json"": ""4cc863971496d11551ef4f7a943764405400230a371c1c74ab1690589d27af4b"", ""adapter_model.safetensors"": ""109a8f8284daa35887b309c03f53b03079e51e39ec821afd41f4653d983c56f8"", ""chat_template.jinja"": ""a0bc6f6fc7a29a80017a433e8f03a1cc1236e838a944a2d034295a60c4f2fddb"", ""processor_config.json"": ""edb8dd5001f02dd3a488fd63d664fcdc5514c4a93962bf1be534a0acf6e2c714"", ""tokenizer.json"": ""ff8cce547abc110590d19c6b5b6e0c6a7b4c8d1012d78b9c42131bae7f494a02"", ""tokenizer_config.json"": ""5afec58078ec072cdc9ad190a63c8657f9c47ec71068ff9c77423f1ea0422364""}",,7f29cebb9d06eca06ad0d6c690e4d5a083b71a9c42008f88e92474e3ff0eb98a,eb4075c77285da02c52794154760fa969fb21ab3dcceb0820cb7d2ba27d27471,http://images.cocodataset.org/train2017/000000333796.jpg,http://images.cocodataset.org/train2017/000000333796.jpg,vsr_test:0642,http://images.cocodataset.org/train2017/000000040419.jpg,shuffle_image,tier_a_v0.1,"{""algorithm"": ""cycle derangement"", ""axis"": ""evidence"", ""condition"": ""shuffle"", ""forbid_self_pair"": true, ""mapping_file_sha256"": ""d0ca3efb893c3338c12823430a9c1007d019eb79f432c51851ff7c318e1eb171"", ""replacement_example_id"": ""vsr_test:0642"", ""seed"": 20260810}",20260810,"{""do_sample"": false, ""max_new_tokens"": 5}",tier_a_pilot200,2f047945e4a22ea8774c8172826991930be36ad0,v0.1
vsr_test:0049,vsr_test:0049,test,shuffle,evidence,The chair is behind the cat.,The chair is behind the cat.,behind,depth,chair,cat,True,,,False,False, False,Qwen/Qwen2-VL-7B-Instruct,,7B_general_lora,/home/ubuntu/vlm-spatial-reasoning/checkpoints/qwen2vl_7b_general_lora/final,"{""README.md"": ""ad67fbd14e29a7dae114b54d70c840eab4d917c7d4bbce31d8e923429325d12b"", ""adapter_config.json"": ""4cc863971496d11551ef4f7a943764405400230a371c1c74ab1690589d27af4b"", ""adapter_model.safetensors"": ""109a8f8284daa35887b309c03f53b03079e51e39ec821afd41f4653d983c56f8"", ""chat_template.jinja"": ""a0bc6f6fc7a29a80017a433e8f03a1cc1236e838a944a2d034295a60c4f2fddb"", ""processor_config.json"": ""edb8dd5001f02dd3a488fd63d664fcdc5514c4a93962bf1be534a0acf6e2c714"", ""tokenizer.json"": ""ff8cce547abc110590d19c6b5b6e0c6a7b4c8d1012d78b9c42131bae7f494a02"", ""tokenizer_config.json"": ""5afec58078ec072cdc9ad190a63c8657f9c47ec71068ff9c77423f1ea0422364""}",,7f29cebb9d06eca06ad0d6c690e4d5a083b71a9c42008f88e92474e3ff0eb98a,eb4075c77285da02c52794154760fa969fb21ab3dcceb0820cb7d2ba27d27471,http://images.cocodataset.org/train2017/000000421689.jpg,http://images.cocodataset.org/train2017/000000421689.jpg,vsr_test:0109,http://images.cocodataset.org/train2017/000000205613.jpg,shuffle_image,tier_a_v0.1,"{""algorithm"": ""cycle derangement"", ""axis"": ""evidence"", ""condition"": ""shuffle"", ""forbid_self_pair"": true, ""mapping_file_sha256"": ""d0ca3efb893c3338c12823430a9c1007d019eb79f432c51851ff7c318e1eb171"", ""replacement_example_id"": ""vsr_test:0109"", ""seed"": 20260810}",20260810,"{""do_sample"": false, ""max_new_tokens"": 5}",tier_a_pilot200,2f047945e4a22ea8774c8172826991930be36ad0,v0.1
vsr_test:0050,vsr_test:0050,test,shuffle,evidence,The cow contains the tv.,The cow contains the tv.,contains,containment,,tv,True,,,False,False, False.,Qwen/Qwen2-VL-7B-Instruct,,7B_general_lora,/home/ubuntu/vlm-spatial-reasoning/checkpoints/qwen2vl_7b_general_lora/final,"{""README.md"": ""ad67fbd14e29a7dae114b54d70c840eab4d917c7d4bbce31d8e923429325d12b"", ""adapter_config.json"": ""4cc863971496d11551ef4f7a943764405400230a371c1c74ab1690589d27af4b"", ""adapter_model.safetensors"": ""109a8f8284daa35887b309c03f53b03079e51e39ec821afd41f4653d983c56f8"", ""chat_template.jinja"": ""a0bc6f6fc7a29a80017a433e8f03a1cc1236e838a944a2d034295a60c4f2fddb"", ""processor_config.json"": ""edb8dd5001f02dd3a488fd63d664fcdc5514c4a93962bf1be534a0acf6e2c714"", ""tokenizer.json"": ""ff8cce547abc110590d19c6b5b6e0c6a7b4c8d1012d78b9c42131bae7f494a02"", ""tokenizer_config.json"": ""5afec58078ec072cdc9ad190a63c8657f9c47ec71068ff9c77423f1ea0422364""}",,7f29cebb9d06eca06ad0d6c690e4d5a083b71a9c42008f88e92474e3ff0eb98a,eb4075c77285da02c52794154760fa969fb21ab3dcceb0820cb7d2ba27d27471,http://images.cocodataset.org/val2017/000000180383.jpg,http://images.cocodataset.org/val2017/000000180383.jpg,vsr_test:1415,http://images.cocodataset.org/train2017/000000329551.jpg,shuffle_image,tier_a_v0.1,"{""algorithm"": ""cycle derangement"", ""axis"": ""evidence"", ""condition"": ""shuffle"", ""forbid_self_pair"": true, ""mapping_file_sha256"": ""d0ca3efb893c3338c12823430a9c1007d019eb79f432c51851ff7c318e1eb171"", ""replacement_example_id"": ""vsr_test:1415"", ""seed"": 20260810}",20260810,"{""do_sample"": false, ""max_new_tokens"": 5}",tier_a_pilot200,2f047945e4a22ea8774c8172826991930be36ad0,v0.1
vsr_test:0051,vsr_test:0051,test,shuffle,evidence,The bowl is beneath the spoon.,The bowl is beneath the spoon.,beneath,vertical,bowl,spoon,False,,,False,True, False.,Qwen/Qwen2-VL-7B-Instruct,,7B_general_lora,/home/ubuntu/vlm-spatial-reasoning/checkpoints/qwen2vl_7b_general_lora/final,"{""README.md"": ""ad67fbd14e29a7dae114b54d70c840eab4d917c7d4bbce31d8e923429325d12b"", ""adapter_config.json"": ""4cc863971496d11551ef4f7a943764405400230a371c1c74ab1690589d27af4b"", ""adapter_model.safetensors"": ""109a8f8284daa35887b309c03f53b03079e51e39ec821afd41f4653d983c56f8"", ""chat_template.jinja"": ""a0bc6f6fc7a29a80017a433e8f03a1cc1236e838a944a2d034295a60c4f2fddb"", ""processor_config.json"": ""edb8dd5001f02dd3a488fd63d664fcdc5514c4a93962bf1be534a0acf6e2c714"", ""tokenizer.json"": ""ff8cce547abc110590d19c6b5b6e0c6a7b4c8d1012d78b9c42131bae7f494a02"", ""tokenizer_config.json"": ""5afec58078ec072cdc9ad190a63c8657f9c47ec71068ff9c77423f1ea0422364""}",,7f29cebb9d06eca06ad0d6c690e4d5a083b71a9c42008f88e92474e3ff0eb98a,eb4075c77285da02c52794154760fa969fb21ab3dcceb0820cb7d2ba27d27471,http://images.cocodataset.org/train2017/000000326594.jpg,http://images.cocodataset.org/train2017/000000326594.jpg,vsr_test:1134,http://images.cocodataset.org/train2017/000000249086.jpg,shuffle_image,tier_a_v0.1,"{""algorithm"": ""cycle derangement"", ""axis"": ""evidence"", ""condition"": ""shuffle"", ""forbid_self_pair"": true, ""mapping_file_sha256"": ""d0ca3efb893c3338c12823430a9c1007d019eb79f432c51851ff7c318e1eb171"", ""replacement_example_id"": ""vsr_test:1134"", ""seed"": 20260810}",20260810,"{""do_sample"": false, ""max_new_tokens"": 5}",tier_a_pilot200,2f047945e4a22ea8774c8172826991930be36ad0,v0.1
vsr_test:0052,vsr_test:0052,test,shuffle,evidence,The cat is in the toilet.,The cat is in the toilet.,in,containment,cat,toilet,False,,,False,True, False,Qwen/Qwen2-VL-7B-Instruct,,7B_general_lora,/home/ubuntu/vlm-spatial-reasoning/checkpoints/qwen2vl_7b_general_lora/final,"{""README.md"": ""ad67fbd14e29a7dae114b54d70c840eab4d917c7d4bbce31d8e923429325d12b"", ""adapter_config.json"": ""4cc863971496d11551ef4f7a943764405400230a371c1c74ab1690589d27af4b"", ""adapter_model.safetensors"": ""109a8f8284daa35887b309c03f53b03079e51e39ec821afd41f4653d983c56f8"", ""chat_template.jinja"": ""a0bc6f6fc7a29a80017a433e8f03a1cc1236e838a944a2d034295a60c4f2fddb"", ""processor_config.json"": ""edb8dd5001f02dd3a488fd63d664fcdc5514c4a93962bf1be534a0acf6e2c714"", ""tokenizer.json"": ""ff8cce547abc110590d19c6b5b6e0c6a7b4c8d1012d78b9c42131bae7f494a02"", ""tokenizer_config.json"": ""5afec58078ec072cdc9ad190a63c8657f9c47ec71068ff9c77423f1ea0422364""}",,7f29cebb9d06eca06ad0d6c690e4d5a083b71a9c42008f88e92474e3ff0eb98a,eb4075c77285da02c52794154760fa969fb21ab3dcceb0820cb7d2ba27d27471,http://images.cocodataset.org/train2017/000000225322.jpg,http://images.cocodataset.org/train2017/000000225322.jpg,vsr_test:0801,http://images.cocodataset.org/train2017/000000189737.jpg,shuffle_image,tier_a_v0.1,"{""algorithm"": ""cycle derangement"", ""axis"": ""evidence"", ""condition"": ""shuffle"", ""forbid_self_pair"": true, ""mapping_file_sha256"": ""d0ca3efb893c3338c12823430a9c1007d019eb79f432c51851ff7c318e1eb171"", ""replacement_example_id"": ""vsr_test:0801"", ""seed"": 20260810}",20260810,"{""do_sample"": false, ""max_new_tokens"": 5}",tier_a_pilot200,2f047945e4a22ea8774c8172826991930be36ad0,v0.1
vsr_test:0053,vsr_test:0053,test,shuffle,evidence,The zebra is at the back of the truck.,The zebra is at the back of the truck.,at the back of,depth,zebra,truck,True,,,False,False, False.,Qwen/Qwen2-VL-7B-Instruct,,7B_general_lora,/home/ubuntu/vlm-spatial-reasoning/checkpoints/qwen2vl_7b_general_lora/final,"{""README.md"": ""ad67fbd14e29a7dae114b54d70c840eab4d917c7d4bbce31d8e923429325d12b"", ""adapter_config.json"": ""4cc863971496d11551ef4f7a943764405400230a371c1c74ab1690589d27af4b"", ""adapter_model.safetensors"": ""109a8f8284daa35887b309c03f53b03079e51e39ec821afd41f4653d983c56f8"", ""chat_template.jinja"": ""a0bc6f6fc7a29a80017a433e8f03a1cc1236e838a944a2d034295a60c4f2fddb"", ""processor_config.json"": ""edb8dd5001f02dd3a488fd63d664fcdc5514c4a93962bf1be534a0acf6e2c714"", ""tokenizer.json"": ""ff8cce547abc110590d19c6b5b6e0c6a7b4c8d1012d78b9c42131bae7f494a02"", ""tokenizer_config.json"": ""5afec58078ec072cdc9ad190a63c8657f9c47ec71068ff9c77423f1ea0422364""}",,7f29cebb9d06eca06ad0d6c690e4d5a083b71a9c42008f88e92474e3ff0eb98a,eb4075c77285da02c52794154760fa969fb21ab3dcceb0820cb7d2ba27d27471,http://images.cocodataset.org/train2017/000000319902.jpg,http://images.cocodataset.org/train2017/000000319902.jpg,vsr_test:1868,http://images.cocodataset.org/train2017/000000456825.jpg,shuffle_image,tier_a_v0.1,"{""algorithm"": ""cycle derangement"", ""axis"": ""evidence"", ""condition"": ""shuffle"", ""forbid_self_pair"": true, ""mapping_file_sha256"": ""d0ca3efb893c3338c12823430a9c1007d019eb79f432c51851ff7c318e1eb171"", ""replacement_example_id"": ""vsr_test:1868"", ""seed"": 20260810}",20260810,"{""do_sample"": false, ""max_new_tokens"": 5}",tier_a_pilot200,2f047945e4a22ea8774c8172826991930be36ad0,v0.1
vsr_test:0054,vsr_test:0054,test,shuffle,evidence,The bed is beside the person.,The bed is beside the person.,beside,horizontal,bed,person,True,,,False,False, False.,Qwen/Qwen2-VL-7B-Instruct,,7B_general_lora,/home/ubuntu/vlm-spatial-reasoning/checkpoints/qwen2vl_7b_general_lora/final,"{""README.md"": ""ad67fbd14e29a7dae114b54d70c840eab4d917c7d4bbce31d8e923429325d12b"", ""adapter_config.json"": ""4cc863971496d11551ef4f7a943764405400230a371c1c74ab1690589d27af4b"", ""adapter_model.safetensors"": ""109a8f8284daa35887b309c03f53b03079e51e39ec821afd41f4653d983c56f8"", ""chat_template.jinja"": ""a0bc6f6fc7a29a80017a433e8f03a1cc1236e838a944a2d034295a60c4f2fddb"", ""processor_config.json"": ""edb8dd5001f02dd3a488fd63d664fcdc5514c4a93962bf1be534a0acf6e2c714"", ""tokenizer.json"": ""ff8cce547abc110590d19c6b5b6e0c6a7b4c8d1012d78b9c42131bae7f494a02"", ""tokenizer_config.json"": ""5afec58078ec072cdc9ad190a63c8657f9c47ec71068ff9c77423f1ea0422364""}",,7f29cebb9d06eca06ad0d6c690e4d5a083b71a9c42008f88e92474e3ff0eb98a,eb4075c77285da02c52794154760fa969fb21ab3dcceb0820cb7d2ba27d27471,http://images.cocodataset.org/train2017/000000160890.jpg,http://images.cocodataset.org/train2017/000000160890.jpg,vsr_test:1317,http://images.cocodataset.org/train2017/000000425381.jpg,shuffle_image,tier_a_v0.1,"{""algorithm"": ""cycle derangement"", ""axis"": ""evidence"", ""condition"": ""shuffle"", ""forbid_self_pair"": true, ""mapping_file_sha256"": ""d0ca3efb893c3338c12823430a9c1007d019eb79f432c51851ff7c318e1eb171"", ""replacement_example_id"": ""vsr_test:1317"", ""seed"": 20260810}",20260810,"{""do_sample"": false, ""max_new_tokens"": 5}",tier_a_pilot200,2f047945e4a22ea8774c8172826991930be36ad0,v0.1
vsr_test:0055,vsr_test:0055,test,shuffle,evidence,The car is far away from the stop sign.,The car is far away from the stop sign.,far away from,proximity,car,stop sign,True,,,False,False, False,Qwen/Qwen2-VL-7B-Instruct,,7B_general_lora,/home/ubuntu/vlm-spatial-reasoning/checkpoints/qwen2vl_7b_general_lora/final,"{""README.md"": ""ad67fbd14e29a7dae114b54d70c840eab4d917c7d4bbce31d8e923429325d12b"", ""adapter_config.json"": ""4cc863971496d11551ef4f7a943764405400230a371c1c74ab1690589d27af4b"", ""adapter_model.safetensors"": ""109a8f8284daa35887b309c03f53b03079e51e39ec821afd41f4653d983c56f8"", ""chat_template.jinja"": ""a0bc6f6fc7a29a80017a433e8f03a1cc1236e838a944a2d034295a60c4f2fddb"", ""processor_config.json"": ""edb8dd5001f02dd3a488fd63d664fcdc5514c4a93962bf1be534a0acf6e2c714"", ""tokenizer.json"": ""ff8cce547abc110590d19c6b5b6e0c6a7b4c8d1012d78b9c42131bae7f494a02"", ""tokenizer_config.json"": ""5afec58078ec072cdc9ad190a63c8657f9c47ec71068ff9c77423f1ea0422364""}",,7f29cebb9d06eca06ad0d6c690e4d5a083b71a9c42008f88e92474e3ff0eb98a,eb4075c77285da02c52794154760fa969fb21ab3dcceb0820cb7d2ba27d27471,http://images.cocodataset.org/val2017/000000283038.jpg,http://images.cocodataset.org/val2017/000000283038.jpg,vsr_test:1550,http://images.cocodataset.org/train2017/000000376946.jpg,shuffle_image,tier_a_v0.1,"{""algorithm"": ""cycle derangement"", ""axis"": ""evidence"", ""condition"": ""shuffle"", ""forbid_self_pair"": true, ""mapping_file_sha256"": ""d0ca3efb893c3338c12823430a9c1007d019eb79f432c51851ff7c318e1eb171"", ""replacement_example_id"": ""vsr_test:1550"", ""seed"": 20260810}",20260810,"{""do_sample"": false, ""max_new_tokens"": 5}",tier_a_pilot200,2f047945e4a22ea8774c8172826991930be36ad0,v0.1
vsr_test:0056,vsr_test:0056,test,shuffle,evidence,The laptop is at the left side of the banana.,The laptop is at the left side of the banana.,at the left side of,horizontal,laptop,banana,True,,,False,False, False.,Qwen/Qwen2-VL-7B-Instruct,,7B_general_lora,/home/ubuntu/vlm-spatial-reasoning/checkpoints/qwen2vl_7b_general_lora/final,"{""README.md"": ""ad67fbd14e29a7dae114b54d70c840eab4d917c7d4bbce31d8e923429325d12b"", ""adapter_config.json"": ""4cc863971496d11551ef4f7a943764405400230a371c1c74ab1690589d27af4b"", ""adapter_model.safetensors"": ""109a8f8284daa35887b309c03f53b03079e51e39ec821afd41f4653d983c56f8"", ""chat_template.jinja"": ""a0bc6f6fc7a29a80017a433e8f03a1cc1236e838a944a2d034295a60c4f2fddb"", ""processor_config.json"": ""edb8dd5001f02dd3a488fd63d664fcdc5514c4a93962bf1be534a0acf6e2c714"", ""tokenizer.json"": ""ff8cce547abc110590d19c6b5b6e0c6a7b4c8d1012d78b9c42131bae7f494a02"", ""tokenizer_config.json"": ""5afec58078ec072cdc9ad190a63c8657f9c47ec71068ff9c77423f1ea0422364""}",,7f29cebb9d06eca06ad0d6c690e4d5a083b71a9c42008f88e92474e3ff0eb98a,eb4075c77285da02c52794154760fa969fb21ab3dcceb0820cb7d2ba27d27471,http://images.cocodataset.org/train2017/000000093469.jpg,http://images.cocodataset.org/train2017/000000093469.jpg,vsr_test:0443,http://images.cocodataset.org/train2017/000000054723.jpg,shuffle_image,tier_a_v0.1,"{""algorithm"": ""cycle derangement"", ""axis"": ""evidence"", ""condition"": ""shuffle"", ""forbid_self_pair"": true, ""mapping_file_sha256"": ""d0ca3efb893c3338c12823430a9c1007d019eb79f432c51851ff7c318e1eb171"", ""replacement_example_id"": ""vsr_test:0443"", ""seed"": 20260810}",20260810,"{""do_sample"": false, ""max_new_tokens"": 5}",tier_a_pilot200,2f047945e4a22ea8774c8172826991930be36ad0,v0.1
vsr_test:0057,vsr_test:0057,test,shuffle,evidence,The bus contains the dog.,The bus contains the dog.,contains,containment,,dog,False,,,False,True, False,Qwen/Qwen2-VL-7B-Instruct,,7B_general_lora,/home/ubuntu/vlm-spatial-reasoning/checkpoints/qwen2vl_7b_general_lora/final,"{""README.md"": ""ad67fbd14e29a7dae114b54d70c840eab4d917c7d4bbce31d8e923429325d12b"", ""adapter_config.json"": ""4cc863971496d11551ef4f7a943764405400230a371c1c74ab1690589d27af4b"", ""adapter_model.safetensors"": ""109a8f8284daa35887b309c03f53b03079e51e39ec821afd41f4653d983c56f8"", ""chat_template.jinja"": ""a0bc6f6fc7a29a80017a433e8f03a1cc1236e838a944a2d034295a60c4f2fddb"", ""processor_config.json"": ""edb8dd5001f02dd3a488fd63d664fcdc5514c4a93962bf1be534a0acf6e2c714"", ""tokenizer.json"": ""ff8cce547abc110590d19c6b5b6e0c6a7b4c8d1012d78b9c42131bae7f494a02"", ""tokenizer_config.json"": ""5afec58078ec072cdc9ad190a63c8657f9c47ec71068ff9c77423f1ea0422364""}",,7f29cebb9d06eca06ad0d6c690e4d5a083b71a9c42008f88e92474e3ff0eb98a,eb4075c77285da02c52794154760fa969fb21ab3dcceb0820cb7d2ba27d27471,http://images.cocodataset.org/train2017/000000569177.jpg,http://images.cocodataset.org/train2017/000000569177.jpg,vsr_test:1625,http://images.cocodataset.org/train2017/000000127809.jpg,shuffle_image,tier_a_v0.1,"{""algorithm"": ""cycle derangement"", ""axis"": ""evidence"", ""condition"": ""shuffle"", ""forbid_self_pair"": true, ""mapping_file_sha256"": ""d0ca3efb893c3338c12823430a9c1007d019eb79f432c51851ff7c318e1eb171"", ""replacement_example_id"": ""vsr_test:1625"", ""seed"": 20260810}",20260810,"{""do_sample"": false, ""max_new_tokens"": 5}",tier_a_pilot200,2f047945e4a22ea8774c8172826991930be36ad0,v0.1
vsr_test:0058,vsr_test:0058,test,shuffle,evidence,The horse is at the back of the truck.,The horse is at the back of the truck.,at the back of,depth,horse,truck,True,,,False,False, False.,Qwen/Qwen2-VL-7B-Instruct,,7B_general_lora,/home/ubuntu/vlm-spatial-reasoning/checkpoints/qwen2vl_7b_general_lora/final,"{""README.md"": ""ad67fbd14e29a7dae114b54d70c840eab4d917c7d4bbce31d8e923429325d12b"", ""adapter_config.json"": ""4cc863971496d11551ef4f7a943764405400230a371c1c74ab1690589d27af4b"", ""adapter_model.safetensors"": ""109a8f8284daa35887b309c03f53b03079e51e39ec821afd41f4653d983c56f8"", ""chat_template.jinja"": ""a0bc6f6fc7a29a80017a433e8f03a1cc1236e838a944a2d034295a60c4f2fddb"", ""processor_config.json"": ""edb8dd5001f02dd3a488fd63d664fcdc5514c4a93962bf1be534a0acf6e2c714"", ""tokenizer.json"": ""ff8cce547abc110590d19c6b5b6e0c6a7b4c8d1012d78b9c42131bae7f494a02"", ""tokenizer_config.json"": ""5afec58078ec072cdc9ad190a63c8657f9c47ec71068ff9c77423f1ea0422364""}",,7f29cebb9d06eca06ad0d6c690e4d5a083b71a9c42008f88e92474e3ff0eb98a,eb4075c77285da02c52794154760fa969fb21ab3dcceb0820cb7d2ba27d27471,http://images.cocodataset.org/train2017/000000295460.jpg,http://images.cocodataset.org/train2017/000000295460.jpg,vsr_test:0437,http://images.cocodataset.org/train2017/000000490689.jpg,shuffle_image,tier_a_v0.1,"{""algorithm"": ""cycle derangement"", ""axis"": ""evidence"", ""condition"": ""shuffle"", ""forbid_self_pair"": true, ""mapping_file_sha256"": ""d0ca3efb893c3338c12823430a9c1007d019eb79f432c51851ff7c318e1eb171"", ""replacement_example_id"": ""vsr_test:0437"", ""seed"": 20260810}",20260810,"{""do_sample"": false, ""max_new_tokens"": 5}",tier_a_pilot200,2f047945e4a22ea8774c8172826991930be36ad0,v0.1
vsr_test:0059,vsr_test:0059,test,shuffle,evidence,The cat is at the left side of the laptop.,The cat is at the left side of the laptop.,at the left side of,horizontal,cat,laptop,False,,,False,True, False.,Qwen/Qwen2-VL-7B-Instruct,,7B_general_lora,/home/ubuntu/vlm-spatial-reasoning/checkpoints/qwen2vl_7b_general_lora/final,"{""README.md"": ""ad67fbd14e29a7dae114b54d70c840eab4d917c7d4bbce31d8e923429325d12b"", ""adapter_config.json"": ""4cc863971496d11551ef4f7a943764405400230a371c1c74ab1690589d27af4b"", ""adapter_model.safetensors"": ""109a8f8284daa35887b309c03f53b03079e51e39ec821afd41f4653d983c56f8"", ""chat_template.jinja"": ""a0bc6f6fc7a29a80017a433e8f03a1cc1236e838a944a2d034295a60c4f2fddb"", ""processor_config.json"": ""edb8dd5001f02dd3a488fd63d664fcdc5514c4a93962bf1be534a0acf6e2c714"", ""tokenizer.json"": ""ff8cce547abc110590d19c6b5b6e0c6a7b4c8d1012d78b9c42131bae7f494a02"", ""tokenizer_config.json"": ""5afec58078ec072cdc9ad190a63c8657f9c47ec71068ff9c77423f1ea0422364""}",,7f29cebb9d06eca06ad0d6c690e4d5a083b71a9c42008f88e92474e3ff0eb98a,eb4075c77285da02c52794154760fa969fb21ab3dcceb0820cb7d2ba27d27471,http://images.cocodataset.org/train2017/000000232394.jpg,http://images.cocodataset.org/train2017/000000232394.jpg,vsr_test:1331,http://images.cocodataset.org/train2017/000000414258.jpg,shuffle_image,tier_a_v0.1,"{""algorithm"": ""cycle derangement"", ""axis"": ""evidence"", ""condition"": ""shuffle"", ""forbid_self_pair"": true, ""mapping_file_sha256"": ""d0ca3efb893c3338c12823430a9c1007d019eb79f432c51851ff7c318e1eb171"", ""replacement_example_id"": ""vsr_test:1331"", ""seed"": 20260810}",20260810,"{""do_sample"": false, ""max_new_tokens"": 5}",tier_a_pilot200,2f047945e4a22ea8774c8172826991930be36ad0,v0.1
vsr_test:0060,vsr_test:0060,test,shuffle,evidence,The suitcase is far from the cat.,The suitcase is far from the cat.,far from,proximity,suitcase,cat,False,,,False,True, False.,Qwen/Qwen2-VL-7B-Instruct,,7B_general_lora,/home/ubuntu/vlm-spatial-reasoning/checkpoints/qwen2vl_7b_general_lora/final,"{""README.md"": ""ad67fbd14e29a7dae114b54d70c840eab4d917c7d4bbce31d8e923429325d12b"", ""adapter_config.json"": ""4cc863971496d11551ef4f7a943764405400230a371c1c74ab1690589d27af4b"", ""adapter_model.safetensors"": ""109a8f8284daa35887b309c03f53b03079e51e39ec821afd41f4653d983c56f8"", ""chat_template.jinja"": ""a0bc6f6fc7a29a80017a433e8f03a1cc1236e838a944a2d034295a60c4f2fddb"", ""processor_config.json"": ""edb8dd5001f02dd3a488fd63d664fcdc5514c4a93962bf1be534a0acf6e2c714"", ""tokenizer.json"": ""ff8cce547abc110590d19c6b5b6e0c6a7b4c8d1012d78b9c42131bae7f494a02"", ""tokenizer_config.json"": ""5afec58078ec072cdc9ad190a63c8657f9c47ec71068ff9c77423f1ea0422364""}",,7f29cebb9d06eca06ad0d6c690e4d5a083b71a9c42008f88e92474e3ff0eb98a,eb4075c77285da02c52794154760fa969fb21ab3dcceb0820cb7d2ba27d27471,http://images.cocodataset.org/train2017/000000067307.jpg,http://images.cocodataset.org/train2017/000000067307.jpg,vsr_test:0261,http://images.cocodataset.org/train2017/000000147333.jpg,shuffle_image,tier_a_v0.1,"{""algorithm"": ""cycle derangement"", ""axis"": ""evidence"", ""condition"": ""shuffle"", ""forbid_self_pair"": true, ""mapping_file_sha256"": ""d0ca3efb893c3338c12823430a9c1007d019eb79f432c51851ff7c318e1eb171"", ""replacement_example_id"": ""vsr_test:0261"", ""seed"": 20260810}",20260810,"{""do_sample"": false, ""max_new_tokens"": 5}",tier_a_pilot200,2f047945e4a22ea8774c8172826991930be36ad0,v0.1
vsr_test:0061,vsr_test:0061,test,shuffle,evidence,The cake is in front of the dog.,The cake is in front of the dog.,in front of,depth,cake,dog,False,,,False,True, False.,Qwen/Qwen2-VL-7B-Instruct,,7B_general_lora,/home/ubuntu/vlm-spatial-reasoning/checkpoints/qwen2vl_7b_general_lora/final,"{""README.md"": ""ad67fbd14e29a7dae114b54d70c840eab4d917c7d4bbce31d8e923429325d12b"", ""adapter_config.json"": ""4cc863971496d11551ef4f7a943764405400230a371c1c74ab1690589d27af4b"", ""adapter_model.safetensors"": ""109a8f8284daa35887b309c03f53b03079e51e39ec821afd41f4653d983c56f8"", ""chat_template.jinja"": ""a0bc6f6fc7a29a80017a433e8f03a1cc1236e838a944a2d034295a60c4f2fddb"", ""processor_config.json"": ""edb8dd5001f02dd3a488fd63d664fcdc5514c4a93962bf1be534a0acf6e2c714"", ""tokenizer.json"": ""ff8cce547abc110590d19c6b5b6e0c6a7b4c8d1012d78b9c42131bae7f494a02"", ""tokenizer_config.json"": ""5afec58078ec072cdc9ad190a63c8657f9c47ec71068ff9c77423f1ea0422364""}",,7f29cebb9d06eca06ad0d6c690e4d5a083b71a9c42008f88e92474e3ff0eb98a,eb4075c77285da02c52794154760fa969fb21ab3dcceb0820cb7d2ba27d27471,http://images.cocodataset.org/train2017/000000113326.jpg,http://images.cocodataset.org/train2017/000000113326.jpg,vsr_test:0104,http://images.cocodataset.org/train2017/000000435920.jpg,shuffle_image,tier_a_v0.1,"{""algorithm"": ""cycle derangement"", ""axis"": ""evidence"", ""condition"": ""shuffle"", ""forbid_self_pair"": true, ""mapping_file_sha256"": ""d0ca3efb893c3338c12823430a9c1007d019eb79f432c51851ff7c318e1eb171"", ""replacement_example_id"": ""vsr_test:0104"", ""seed"": 20260810}",20260810,"{""do_sample"": false, ""max_new_tokens"": 5}",tier_a_pilot200,2f047945e4a22ea8774c8172826991930be36ad0,v0.1
vsr_test:0062,vsr_test:0062,test,shuffle,evidence,The teddy bear is in the car.,The teddy bear is in the car.,in,containment,teddy bear,car,True,,,False,False, False,Qwen/Qwen2-VL-7B-Instruct,,7B_general_lora,/home/ubuntu/vlm-spatial-reasoning/checkpoints/qwen2vl_7b_general_lora/final,"{""README.md"": ""ad67fbd14e29a7dae114b54d70c840eab4d917c7d4bbce31d8e923429325d12b"", ""adapter_config.json"": ""4cc863971496d11551ef4f7a943764405400230a371c1c74ab1690589d27af4b"", ""adapter_model.safetensors"": ""109a8f8284daa35887b309c03f53b03079e51e39ec821afd41f4653d983c56f8"", ""chat_template.jinja"": ""a0bc6f6fc7a29a80017a433e8f03a1cc1236e838a944a2d034295a60c4f2fddb"", ""processor_config.json"": ""edb8dd5001f02dd3a488fd63d664fcdc5514c4a93962bf1be534a0acf6e2c714"", ""tokenizer.json"": ""ff8cce547abc110590d19c6b5b6e0c6a7b4c8d1012d78b9c42131bae7f494a02"", ""tokenizer_config.json"": ""5afec58078ec072cdc9ad190a63c8657f9c47ec71068ff9c77423f1ea0422364""}",,7f29cebb9d06eca06ad0d6c690e4d5a083b71a9c42008f88e92474e3ff0eb98a,eb4075c77285da02c52794154760fa969fb21ab3dcceb0820cb7d2ba27d27471,http://images.cocodataset.org/train2017/000000274657.jpg,http://images.cocodataset.org/train2017/000000274657.jpg,vsr_test:0372,http://images.cocodataset.org/train2017/000000113412.jpg,shuffle_image,tier_a_v0.1,"{""algorithm"": ""cycle derangement"", ""axis"": ""evidence"", ""condition"": ""shuffle"", ""forbid_self_pair"": true, ""mapping_file_sha256"": ""d0ca3efb893c3338c12823430a9c1007d019eb79f432c51851ff7c318e1eb171"", ""replacement_example_id"": ""vsr_test:0372"", ""seed"": 20260810}",20260810,"{""do_sample"": false, ""max_new_tokens"": 5}",tier_a_pilot200,2f047945e4a22ea8774c8172826991930be36ad0,v0.1
vsr_test:0063,vsr_test:0063,test,shuffle,evidence,The bench is touching the dining table.,The bench is touching the dining table.,touching,topology_contact,bench,dining table,False,,,False,True, False.,Qwen/Qwen2-VL-7B-Instruct,,7B_general_lora,/home/ubuntu/vlm-spatial-reasoning/checkpoints/qwen2vl_7b_general_lora/final,"{""README.md"": ""ad67fbd14e29a7dae114b54d70c840eab4d917c7d4bbce31d8e923429325d12b"", ""adapter_config.json"": ""4cc863971496d11551ef4f7a943764405400230a371c1c74ab1690589d27af4b"", ""adapter_model.safetensors"": ""109a8f8284daa35887b309c03f53b03079e51e39ec821afd41f4653d983c56f8"", ""chat_template.jinja"": ""a0bc6f6fc7a29a80017a433e8f03a1cc1236e838a944a2d034295a60c4f2fddb"", ""processor_config.json"": ""edb8dd5001f02dd3a488fd63d664fcdc5514c4a93962bf1be534a0acf6e2c714"", ""tokenizer.json"": ""ff8cce547abc110590d19c6b5b6e0c6a7b4c8d1012d78b9c42131bae7f494a02"", ""tokenizer_config.json"": ""5afec58078ec072cdc9ad190a63c8657f9c47ec71068ff9c77423f1ea0422364""}",,7f29cebb9d06eca06ad0d6c690e4d5a083b71a9c42008f88e92474e3ff0eb98a,eb4075c77285da02c52794154760fa969fb21ab3dcceb0820cb7d2ba27d27471,http://images.cocodataset.org/train2017/000000462023.jpg,http://images.cocodataset.org/train2017/000000462023.jpg,vsr_test:1992,http://images.cocodataset.org/train2017/000000031345.jpg,shuffle_image,tier_a_v0.1,"{""algorithm"": ""cycle derangement"", ""axis"": ""evidence"", ""condition"": ""shuffle"", ""forbid_self_pair"": true, ""mapping_file_sha256"": ""d0ca3efb893c3338c12823430a9c1007d019eb79f432c51851ff7c318e1eb171"", ""replacement_example_id"": ""vsr_test:1992"", ""seed"": 20260810}",20260810,"{""do_sample"": false, ""max_new_tokens"": 5}",tier_a_pilot200,2f047945e4a22ea8774c8172826991930be36ad0,v0.1
vsr_test:0064,vsr_test:0064,test,shuffle,evidence,The cat is at the left side of the teddy bear.,The cat is at the left side of the teddy bear.,at the left side of,horizontal,cat,teddy bear,False,,,False,True, False.,Qwen/Qwen2-VL-7B-Instruct,,7B_general_lora,/home/ubuntu/vlm-spatial-reasoning/checkpoints/qwen2vl_7b_general_lora/final,"{""README.md"": ""ad67fbd14e29a7dae114b54d70c840eab4d917c7d4bbce31d8e923429325d12b"", ""adapter_config.json"": ""4cc863971496d11551ef4f7a943764405400230a371c1c74ab1690589d27af4b"", ""adapter_model.safetensors"": ""109a8f8284daa35887b309c03f53b03079e51e39ec821afd41f4653d983c56f8"", ""chat_template.jinja"": ""a0bc6f6fc7a29a80017a433e8f03a1cc1236e838a944a2d034295a60c4f2fddb"", ""processor_config.json"": ""edb8dd5001f02dd3a488fd63d664fcdc5514c4a93962bf1be534a0acf6e2c714"", ""tokenizer.json"": ""ff8cce547abc110590d19c6b5b6e0c6a7b4c8d1012d78b9c42131bae7f494a02"", ""tokenizer_config.json"": ""5afec58078ec072cdc9ad190a63c8657f9c47ec71068ff9c77423f1ea0422364""}",,7f29cebb9d06eca06ad0d6c690e4d5a083b71a9c42008f88e92474e3ff0eb98a,eb4075c77285da02c52794154760fa969fb21ab3dcceb0820cb7d2ba27d27471,http://images.cocodataset.org/train2017/000000555951.jpg,http://images.cocodataset.org/train2017/000000555951.jpg,vsr_test:1114,http://images.cocodataset.org/train2017/000000349230.jpg,shuffle_image,tier_a_v0.1,"{""algorithm"": ""cycle derangement"", ""axis"": ""evidence"", ""condition"": ""shuffle"", ""forbid_self_pair"": true, ""mapping_file_sha256"": ""d0ca3efb893c3338c12823430a9c1007d019eb79f432c51851ff7c318e1eb171"", ""replacement_example_id"": ""vsr_test:1114"", ""seed"": 20260810}",20260810,"{""do_sample"": false, ""max_new_tokens"": 5}",tier_a_pilot200,2f047945e4a22ea8774c8172826991930be36ad0,v0.1
vsr_test:0065,vsr_test:0065,test,shuffle,evidence,The car contains the dog.,The car contains the dog.,contains,containment,,dog,False,,,False,True, False,Qwen/Qwen2-VL-7B-Instruct,,7B_general_lora,/home/ubuntu/vlm-spatial-reasoning/checkpoints/qwen2vl_7b_general_lora/final,"{""README.md"": ""ad67fbd14e29a7dae114b54d70c840eab4d917c7d4bbce31d8e923429325d12b"", ""adapter_config.json"": ""4cc863971496d11551ef4f7a943764405400230a371c1c74ab1690589d27af4b"", ""adapter_model.safetensors"": ""109a8f8284daa35887b309c03f53b03079e51e39ec821afd41f4653d983c56f8"", ""chat_template.jinja"": ""a0bc6f6fc7a29a80017a433e8f03a1cc1236e838a944a2d034295a60c4f2fddb"", ""processor_config.json"": ""edb8dd5001f02dd3a488fd63d664fcdc5514c4a93962bf1be534a0acf6e2c714"", ""tokenizer.json"": ""ff8cce547abc110590d19c6b5b6e0c6a7b4c8d1012d78b9c42131bae7f494a02"", ""tokenizer_config.json"": ""5afec58078ec072cdc9ad190a63c8657f9c47ec71068ff9c77423f1ea0422364""}",,7f29cebb9d06eca06ad0d6c690e4d5a083b71a9c42008f88e92474e3ff0eb98a,eb4075c77285da02c52794154760fa969fb21ab3dcceb0820cb7d2ba27d27471,http://images.cocodataset.org/train2017/000000374922.jpg,http://images.cocodataset.org/train2017/000000374922.jpg,vsr_test:0740,http://images.cocodataset.org/train2017/000000282002.jpg,shuffle_image,tier_a_v0.1,"{""algorithm"": ""cycle derangement"", ""axis"": ""evidence"", ""condition"": ""shuffle"", ""forbid_self_pair"": true, ""mapping_file_sha256"": ""d0ca3efb893c3338c12823430a9c1007d019eb79f432c51851ff7c318e1eb171"", ""replacement_example_id"": ""vsr_test:0740"", ""seed"": 20260810}",20260810,"{""do_sample"": false, ""max_new_tokens"": 5}",tier_a_pilot200,2f047945e4a22ea8774c8172826991930be36ad0,v0.1
vsr_test:0066,vsr_test:0066,test,shuffle,evidence,The person is touching the pizza.,The person is touching the pizza.,touching,topology_contact,person,pizza,False,,,False,True, False.,Qwen/Qwen2-VL-7B-Instruct,,7B_general_lora,/home/ubuntu/vlm-spatial-reasoning/checkpoints/qwen2vl_7b_general_lora/final,"{""README.md"": ""ad67fbd14e29a7dae114b54d70c840eab4d917c7d4bbce31d8e923429325d12b"", ""adapter_config.json"": ""4cc863971496d11551ef4f7a943764405400230a371c1c74ab1690589d27af4b"", ""adapter_model.safetensors"": ""109a8f8284daa35887b309c03f53b03079e51e39ec821afd41f4653d983c56f8"", ""chat_template.jinja"": ""a0bc6f6fc7a29a80017a433e8f03a1cc1236e838a944a2d034295a60c4f2fddb"", ""processor_config.json"": ""edb8dd5001f02dd3a488fd63d664fcdc5514c4a93962bf1be534a0acf6e2c714"", ""tokenizer.json"": ""ff8cce547abc110590d19c6b5b6e0c6a7b4c8d1012d78b9c42131bae7f494a02"", ""tokenizer_config.json"": ""5afec58078ec072cdc9ad190a63c8657f9c47ec71068ff9c77423f1ea0422364""}",,7f29cebb9d06eca06ad0d6c690e4d5a083b71a9c42008f88e92474e3ff0eb98a,eb4075c77285da02c52794154760fa969fb21ab3dcceb0820cb7d2ba27d27471,http://images.cocodataset.org/train2017/000000144641.jpg,http://images.cocodataset.org/train2017/000000144641.jpg,vsr_test:2049,http://images.cocodataset.org/train2017/000000216664.jpg,shuffle_image,tier_a_v0.1,"{""algorithm"": ""cycle derangement"", ""axis"": ""evidence"", ""condition"": ""shuffle"", ""forbid_self_pair"": true, ""mapping_file_sha256"": ""d0ca3efb893c3338c12823430a9c1007d019eb79f432c51851ff7c318e1eb171"", ""replacement_example_id"": ""vsr_test:2049"", ""seed"": 20260810}",20260810,"{""do_sample"": false, ""max_new_tokens"": 5}",tier_a_pilot200,2f047945e4a22ea8774c8172826991930be36ad0,v0.1
vsr_test:0067,vsr_test:0067,test,shuffle,evidence,The dining table is below the truck.,The dining table is below the truck.,below,vertical,dining table,truck,False,,,False,True, False.,Qwen/Qwen2-VL-7B-Instruct,,7B_general_lora,/home/ubuntu/vlm-spatial-reasoning/checkpoints/qwen2vl_7b_general_lora/final,"{""README.md"": ""ad67fbd14e29a7dae114b54d70c840eab4d917c7d4bbce31d8e923429325d12b"", ""adapter_config.json"": ""4cc863971496d11551ef4f7a943764405400230a371c1c74ab1690589d27af4b"", ""adapter_model.safetensors"": ""109a8f8284daa35887b309c03f53b03079e51e39ec821afd41f4653d983c56f8"", ""chat_template.jinja"": ""a0bc6f6fc7a29a80017a433e8f03a1cc1236e838a944a2d034295a60c4f2fddb"", ""processor_config.json"": ""edb8dd5001f02dd3a488fd63d664fcdc5514c4a93962bf1be534a0acf6e2c714"", ""tokenizer.json"": ""ff8cce547abc110590d19c6b5b6e0c6a7b4c8d1012d78b9c42131bae7f494a02"", ""tokenizer_config.json"": ""5afec58078ec072cdc9ad190a63c8657f9c47ec71068ff9c77423f1ea0422364""}",,7f29cebb9d06eca06ad0d6c690e4d5a083b71a9c42008f88e92474e3ff0eb98a,eb4075c77285da02c52794154760fa969fb21ab3dcceb0820cb7d2ba27d27471,http://images.cocodataset.org/train2017/000000082894.jpg,http://images.cocodataset.org/train2017/000000082894.jpg,vsr_test:1964,http://images.cocodataset.org/train2017/000000206255.jpg,shuffle_image,tier_a_v0.1,"{""algorithm"": ""cycle derangement"", ""axis"": ""evidence"", ""condition"": ""shuffle"", ""forbid_self_pair"": true, ""mapping_file_sha256"": ""d0ca3efb893c3338c12823430a9c1007d019eb79f432c51851ff7c318e1eb171"", ""replacement_example_id"": ""vsr_test:1964"", ""seed"": 20260810}",20260810,"{""do_sample"": false, ""max_new_tokens"": 5}",tier_a_pilot200,2f047945e4a22ea8774c8172826991930be36ad0,v0.1
vsr_test:0068,vsr_test:0068,test,shuffle,evidence,The dining table is beneath the pizza.,The dining table is beneath the pizza.,beneath,vertical,dining table,pizza,True,,,False,False, False.,Qwen/Qwen2-VL-7B-Instruct,,7B_general_lora,/home/ubuntu/vlm-spatial-reasoning/checkpoints/qwen2vl_7b_general_lora/final,"{""README.md"": ""ad67fbd14e29a7dae114b54d70c840eab4d917c7d4bbce31d8e923429325d12b"", ""adapter_config.json"": ""4cc863971496d11551ef4f7a943764405400230a371c1c74ab1690589d27af4b"", ""adapter_model.safetensors"": ""109a8f8284daa35887b309c03f53b03079e51e39ec821afd41f4653d983c56f8"", ""chat_template.jinja"": ""a0bc6f6fc7a29a80017a433e8f03a1cc1236e838a944a2d034295a60c4f2fddb"", ""processor_config.json"": ""edb8dd5001f02dd3a488fd63d664fcdc5514c4a93962bf1be534a0acf6e2c714"", ""tokenizer.json"": ""ff8cce547abc110590d19c6b5b6e0c6a7b4c8d1012d78b9c42131bae7f494a02"", ""tokenizer_config.json"": ""5afec58078ec072cdc9ad190a63c8657f9c47ec71068ff9c77423f1ea0422364""}",,7f29cebb9d06eca06ad0d6c690e4d5a083b71a9c42008f88e92474e3ff0eb98a,eb4075c77285da02c52794154760fa969fb21ab3dcceb0820cb7d2ba27d27471,http://images.cocodataset.org/train2017/000000334085.jpg,http://images.cocodataset.org/train2017/000000334085.jpg,vsr_test:2003,http://images.cocodataset.org/train2017/000000306581.jpg,shuffle_image,tier_a_v0.1,"{""algorithm"": ""cycle derangement"", ""axis"": ""evidence"", ""condition"": ""shuffle"", ""forbid_self_pair"": true, ""mapping_file_sha256"": ""d0ca3efb893c3338c12823430a9c1007d019eb79f432c51851ff7c318e1eb171"", ""replacement_example_id"": ""vsr_test:2003"", ""seed"": 20260810}",20260810,"{""do_sample"": false, ""max_new_tokens"": 5}",tier_a_pilot200,2f047945e4a22ea8774c8172826991930be36ad0,v0.1
vsr_test:0069,vsr_test:0069,test,shuffle,evidence,The book is behind the cat.,The book is behind the cat.,behind,depth,book,cat,False,,,False,True, False.,Qwen/Qwen2-VL-7B-Instruct,,7B_general_lora,/home/ubuntu/vlm-spatial-reasoning/checkpoints/qwen2vl_7b_general_lora/final,"{""README.md"": ""ad67fbd14e29a7dae114b54d70c840eab4d917c7d4bbce31d8e923429325d12b"", ""adapter_config.json"": ""4cc863971496d11551ef4f7a943764405400230a371c1c74ab1690589d27af4b"", ""adapter_model.safetensors"": ""109a8f8284daa35887b309c03f53b03079e51e39ec821afd41f4653d983c56f8"", ""chat_template.jinja"": ""a0bc6f6fc7a29a80017a433e8f03a1cc1236e838a944a2d034295a60c4f2fddb"", ""processor_config.json"": ""edb8dd5001f02dd3a488fd63d664fcdc5514c4a93962bf1be534a0acf6e2c714"", ""tokenizer.json"": ""ff8cce547abc110590d19c6b5b6e0c6a7b4c8d1012d78b9c42131bae7f494a02"", ""tokenizer_config.json"": ""5afec58078ec072cdc9ad190a63c8657f9c47ec71068ff9c77423f1ea0422364""}",,7f29cebb9d06eca06ad0d6c690e4d5a083b71a9c42008f88e92474e3ff0eb98a,eb4075c77285da02c52794154760fa969fb21ab3dcceb0820cb7d2ba27d27471,http://images.cocodataset.org/train2017/000000014766.jpg,http://images.cocodataset.org/train2017/000000014766.jpg,vsr_test:0900,http://images.cocodataset.org/train2017/000000271759.jpg,shuffle_image,tier_a_v0.1,"{""algorithm"": ""cycle derangement"", ""axis"": ""evidence"", ""condition"": ""shuffle"", ""forbid_self_pair"": true, ""mapping_file_sha256"": ""d0ca3efb893c3338c12823430a9c1007d019eb79f432c51851ff7c318e1eb171"", ""replacement_example_id"": ""vsr_test:0900"", ""seed"": 20260810}",20260810,"{""do_sample"": false, ""max_new_tokens"": 5}",tier_a_pilot200,2f047945e4a22ea8774c8172826991930be36ad0,v0.1
vsr_test:0070,vsr_test:0070,test,shuffle,evidence,The person is touching the hot dog.,The person is touching the hot dog.,touching,topology_contact,person,hot dog,True,,,False,False, False.,Qwen/Qwen2-VL-7B-Instruct,,7B_general_lora,/home/ubuntu/vlm-spatial-reasoning/checkpoints/qwen2vl_7b_general_lora/final,"{""README.md"": ""ad67fbd14e29a7dae114b54d70c840eab4d917c7d4bbce31d8e923429325d12b"", ""adapter_config.json"": ""4cc863971496d11551ef4f7a943764405400230a371c1c74ab1690589d27af4b"", ""adapter_model.safetensors"": ""109a8f8284daa35887b309c03f53b03079e51e39ec821afd41f4653d983c56f8"", ""chat_template.jinja"": ""a0bc6f6fc7a29a80017a433e8f03a1cc1236e838a944a2d034295a60c4f2fddb"", ""processor_config.json"": ""edb8dd5001f02dd3a488fd63d664fcdc5514c4a93962bf1be534a0acf6e2c714"", ""tokenizer.json"": ""ff8cce547abc110590d19c6b5b6e0c6a7b4c8d1012d78b9c42131bae7f494a02"", ""tokenizer_config.json"": ""5afec58078ec072cdc9ad190a63c8657f9c47ec71068ff9c77423f1ea0422364""}",,7f29cebb9d06eca06ad0d6c690e4d5a083b71a9c42008f88e92474e3ff0eb98a,eb4075c77285da02c52794154760fa969fb21ab3dcceb0820cb7d2ba27d27471,http://images.cocodataset.org/train2017/000000325473.jpg,http://images.cocodataset.org/train2017/000000325473.jpg,vsr_test:0172,http://images.cocodataset.org/train2017/000000389011.jpg,shuffle_image,tier_a_v0.1,"{""algorithm"": ""cycle derangement"", ""axis"": ""evidence"", ""condition"": ""shuffle"", ""forbid_self_pair"": true, ""mapping_file_sha256"": ""d0ca3efb893c3338c12823430a9c1007d019eb79f432c51851ff7c318e1eb171"", ""replacement_example_id"": ""vsr_test:0172"", ""seed"": 20260810}",20260810,"{""do_sample"": false, ""max_new_tokens"": 5}",tier_a_pilot200,2f047945e4a22ea8774c8172826991930be36ad0,v0.1
vsr_test:0071,vsr_test:0071,test,shuffle,evidence,The broccoli is beside the bowl.,The broccoli is beside the bowl.,beside,horizontal,broccoli,bowl,False,,,False,True, False,Qwen/Qwen2-VL-7B-Instruct,,7B_general_lora,/home/ubuntu/vlm-spatial-reasoning/checkpoints/qwen2vl_7b_general_lora/final,"{""README.md"": ""ad67fbd14e29a7dae114b54d70c840eab4d917c7d4bbce31d8e923429325d12b"", ""adapter_config.json"": ""4cc863971496d11551ef4f7a943764405400230a371c1c74ab1690589d27af4b"", ""adapter_model.safetensors"": ""109a8f8284daa35887b309c03f53b03079e51e39ec821afd41f4653d983c56f8"", ""chat_template.jinja"": ""a0bc6f6fc7a29a80017a433e8f03a1cc1236e838a944a2d034295a60c4f2fddb"", ""processor_config.json"": ""edb8dd5001f02dd3a488fd63d664fcdc5514c4a93962bf1be534a0acf6e2c714"", ""tokenizer.json"": ""ff8cce547abc110590d19c6b5b6e0c6a7b4c8d1012d78b9c42131bae7f494a02"", ""tokenizer_config.json"": ""5afec58078ec072cdc9ad190a63c8657f9c47ec71068ff9c77423f1ea0422364""}",,7f29cebb9d06eca06ad0d6c690e4d5a083b71a9c42008f88e92474e3ff0eb98a,eb4075c77285da02c52794154760fa969fb21ab3dcceb0820cb7d2ba27d27471,http://images.cocodataset.org/train2017/000000355881.jpg,http://images.cocodataset.org/train2017/000000355881.jpg,vsr_test:1344,http://images.cocodataset.org/train2017/000000198981.jpg,shuffle_image,tier_a_v0.1,"{""algorithm"": ""cycle derangement"", ""axis"": ""evidence"", ""condition"": ""shuffle"", ""forbid_self_pair"": true, ""mapping_file_sha256"": ""d0ca3efb893c3338c12823430a9c1007d019eb79f432c51851ff7c318e1eb171"", ""replacement_example_id"": ""vsr_test:1344"", ""seed"": 20260810}",20260810,"{""do_sample"": false, ""max_new_tokens"": 5}",tier_a_pilot200,2f047945e4a22ea8774c8172826991930be36ad0,v0.1
vsr_test:0072,vsr_test:0072,test,shuffle,evidence,The dog is touching the cat.,The dog is touching the cat.,touching,topology_contact,dog,cat,True,,,False,False, False,Qwen/Qwen2-VL-7B-Instruct,,7B_general_lora,/home/ubuntu/vlm-spatial-reasoning/checkpoints/qwen2vl_7b_general_lora/final,"{""README.md"": ""ad67fbd14e29a7dae114b54d70c840eab4d917c7d4bbce31d8e923429325d12b"", ""adapter_config.json"": ""4cc863971496d11551ef4f7a943764405400230a371c1c74ab1690589d27af4b"", ""adapter_model.safetensors"": ""109a8f8284daa35887b309c03f53b03079e51e39ec821afd41f4653d983c56f8"", ""chat_template.jinja"": ""a0bc6f6fc7a29a80017a433e8f03a1cc1236e838a944a2d034295a60c4f2fddb"", ""processor_config.json"": ""edb8dd5001f02dd3a488fd63d664fcdc5514c4a93962bf1be534a0acf6e2c714"", ""tokenizer.json"": ""ff8cce547abc110590d19c6b5b6e0c6a7b4c8d1012d78b9c42131bae7f494a02"", ""tokenizer_config.json"": ""5afec58078ec072cdc9ad190a63c8657f9c47ec71068ff9c77423f1ea0422364""}",,7f29cebb9d06eca06ad0d6c690e4d5a083b71a9c42008f88e92474e3ff0eb98a,eb4075c77285da02c52794154760fa969fb21ab3dcceb0820cb7d2ba27d27471,http://images.cocodataset.org/train2017/000000456376.jpg,http://images.cocodataset.org/train2017/000000456376.jpg,vsr_test:1024,http://images.cocodataset.org/train2017/000000089930.jpg,shuffle_image,tier_a_v0.1,"{""algorithm"": ""cycle derangement"", ""axis"": ""evidence"", ""condition"": ""shuffle"", ""forbid_self_pair"": true, ""mapping_file_sha256"": ""d0ca3efb893c3338c12823430a9c1007d019eb79f432c51851ff7c318e1eb171"", ""replacement_example_id"": ""vsr_test:1024"", ""seed"": 20260810}",20260810,"{""do_sample"": false, ""max_new_tokens"": 5}",tier_a_pilot200,2f047945e4a22ea8774c8172826991930be36ad0,v0.1
vsr_test:0073,vsr_test:0073,test,shuffle,evidence,The suitcase is on top of the person.,The suitcase is on top of the person.,on top of,vertical,suitcase,person,False,,,False,True, False,Qwen/Qwen2-VL-7B-Instruct,,7B_general_lora,/home/ubuntu/vlm-spatial-reasoning/checkpoints/qwen2vl_7b_general_lora/final,"{""README.md"": ""ad67fbd14e29a7dae114b54d70c840eab4d917c7d4bbce31d8e923429325d12b"", ""adapter_config.json"": ""4cc863971496d11551ef4f7a943764405400230a371c1c74ab1690589d27af4b"", ""adapter_model.safetensors"": ""109a8f8284daa35887b309c03f53b03079e51e39ec821afd41f4653d983c56f8"", ""chat_template.jinja"": ""a0bc6f6fc7a29a80017a433e8f03a1cc1236e838a944a2d034295a60c4f2fddb"", ""processor_config.json"": ""edb8dd5001f02dd3a488fd63d664fcdc5514c4a93962bf1be534a0acf6e2c714"", ""tokenizer.json"": ""ff8cce547abc110590d19c6b5b6e0c6a7b4c8d1012d78b9c42131bae7f494a02"", ""tokenizer_config.json"": ""5afec58078ec072cdc9ad190a63c8657f9c47ec71068ff9c77423f1ea0422364""}",,7f29cebb9d06eca06ad0d6c690e4d5a083b71a9c42008f88e92474e3ff0eb98a,eb4075c77285da02c52794154760fa969fb21ab3dcceb0820cb7d2ba27d27471,http://images.cocodataset.org/train2017/000000435986.jpg,http://images.cocodataset.org/train2017/000000435986.jpg,vsr_test:0983,http://images.cocodataset.org/train2017/000000151567.jpg,shuffle_image,tier_a_v0.1,"{""algorithm"": ""cycle derangement"", ""axis"": ""evidence"", ""condition"": ""shuffle"", ""forbid_self_pair"": true, ""mapping_file_sha256"": ""d0ca3efb893c3338c12823430a9c1007d019eb79f432c51851ff7c318e1eb171"", ""replacement_example_id"": ""vsr_test:0983"", ""seed"": 20260810}",20260810,"{""do_sample"": false, ""max_new_tokens"": 5}",tier_a_pilot200,2f047945e4a22ea8774c8172826991930be36ad0,v0.1
vsr_test:0074,vsr_test:0074,test,shuffle,evidence,The handbag is attached to the person.,The handbag is attached to the person.,attached to,topology_contact,handbag,person,False,,,False,True, False,Qwen/Qwen2-VL-7B-Instruct,,7B_general_lora,/home/ubuntu/vlm-spatial-reasoning/checkpoints/qwen2vl_7b_general_lora/final,"{""README.md"": ""ad67fbd14e29a7dae114b54d70c840eab4d917c7d4bbce31d8e923429325d12b"", ""adapter_config.json"": ""4cc863971496d11551ef4f7a943764405400230a371c1c74ab1690589d27af4b"", ""adapter_model.safetensors"": ""109a8f8284daa35887b309c03f53b03079e51e39ec821afd41f4653d983c56f8"", ""chat_template.jinja"": ""a0bc6f6fc7a29a80017a433e8f03a1cc1236e838a944a2d034295a60c4f2fddb"", ""processor_config.json"": ""edb8dd5001f02dd3a488fd63d664fcdc5514c4a93962bf1be534a0acf6e2c714"", ""tokenizer.json"": ""ff8cce547abc110590d19c6b5b6e0c6a7b4c8d1012d78b9c42131bae7f494a02"", ""tokenizer_config.json"": ""5afec58078ec072cdc9ad190a63c8657f9c47ec71068ff9c77423f1ea0422364""}",,7f29cebb9d06eca06ad0d6c690e4d5a083b71a9c42008f88e92474e3ff0eb98a,eb4075c77285da02c52794154760fa969fb21ab3dcceb0820cb7d2ba27d27471,http://images.cocodataset.org/train2017/000000398305.jpg,http://images.cocodataset.org/train2017/000000398305.jpg,vsr_test:1102,http://images.cocodataset.org/train2017/000000025138.jpg,shuffle_image,tier_a_v0.1,"{""algorithm"": ""cycle derangement"", ""axis"": ""evidence"", ""condition"": ""shuffle"", ""forbid_self_pair"": true, ""mapping_file_sha256"": ""d0ca3efb893c3338c12823430a9c1007d019eb79f432c51851ff7c318e1eb171"", ""replacement_example_id"": ""vsr_test:1102"", ""seed"": 20260810}",20260810,"{""do_sample"": false, ""max_new_tokens"": 5}",tier_a_pilot200,2f047945e4a22ea8774c8172826991930be36ad0,v0.1
vsr_test:0075,vsr_test:0075,test,shuffle,evidence,The person is at the left side of the truck.,The person is at the left side of the truck.,at the left side of,horizontal,person,truck,True,,,False,False, False,Qwen/Qwen2-VL-7B-Instruct,,7B_general_lora,/home/ubuntu/vlm-spatial-reasoning/checkpoints/qwen2vl_7b_general_lora/final,"{""README.md"": ""ad67fbd14e29a7dae114b54d70c840eab4d917c7d4bbce31d8e923429325d12b"", ""adapter_config.json"": ""4cc863971496d11551ef4f7a943764405400230a371c1c74ab1690589d27af4b"", ""adapter_model.safetensors"": ""109a8f8284daa35887b309c03f53b03079e51e39ec821afd41f4653d983c56f8"", ""chat_template.jinja"": ""a0bc6f6fc7a29a80017a433e8f03a1cc1236e838a944a2d034295a60c4f2fddb"", ""processor_config.json"": ""edb8dd5001f02dd3a488fd63d664fcdc5514c4a93962bf1be534a0acf6e2c714"", ""tokenizer.json"": ""ff8cce547abc110590d19c6b5b6e0c6a7b4c8d1012d78b9c42131bae7f494a02"", ""tokenizer_config.json"": ""5afec58078ec072cdc9ad190a63c8657f9c47ec71068ff9c77423f1ea0422364""}",,7f29cebb9d06eca06ad0d6c690e4d5a083b71a9c42008f88e92474e3ff0eb98a,eb4075c77285da02c52794154760fa969fb21ab3dcceb0820cb7d2ba27d27471,http://images.cocodataset.org/train2017/000000570956.jpg,http://images.cocodataset.org/train2017/000000570956.jpg,vsr_test:0378,http://images.cocodataset.org/train2017/000000157991.jpg,shuffle_image,tier_a_v0.1,"{""algorithm"": ""cycle derangement"", ""axis"": ""evidence"", ""condition"": ""shuffle"", ""forbid_self_pair"": true, ""mapping_file_sha256"": ""d0ca3efb893c3338c12823430a9c1007d019eb79f432c51851ff7c318e1eb171"", ""replacement_example_id"": ""vsr_test:0378"", ""seed"": 20260810}",20260810,"{""do_sample"": false, ""max_new_tokens"": 5}",tier_a_pilot200,2f047945e4a22ea8774c8172826991930be36ad0,v0.1
vsr_test:0076,vsr_test:0076,test,shuffle,evidence,The microwave is under the cat.,The microwave is under the cat.,under,vertical,microwave,cat,False,,,False,True, False.,Qwen/Qwen2-VL-7B-Instruct,,7B_general_lora,/home/ubuntu/vlm-spatial-reasoning/checkpoints/qwen2vl_7b_general_lora/final,"{""README.md"": ""ad67fbd14e29a7dae114b54d70c840eab4d917c7d4bbce31d8e923429325d12b"", ""adapter_config.json"": ""4cc863971496d11551ef4f7a943764405400230a371c1c74ab1690589d27af4b"", ""adapter_model.safetensors"": ""109a8f8284daa35887b309c03f53b03079e51e39ec821afd41f4653d983c56f8"", ""chat_template.jinja"": ""a0bc6f6fc7a29a80017a433e8f03a1cc1236e838a944a2d034295a60c4f2fddb"", ""processor_config.json"": ""edb8dd5001f02dd3a488fd63d664fcdc5514c4a93962bf1be534a0acf6e2c714"", ""tokenizer.json"": ""ff8cce547abc110590d19c6b5b6e0c6a7b4c8d1012d78b9c42131bae7f494a02"", ""tokenizer_config.json"": ""5afec58078ec072cdc9ad190a63c8657f9c47ec71068ff9c77423f1ea0422364""}",,7f29cebb9d06eca06ad0d6c690e4d5a083b71a9c42008f88e92474e3ff0eb98a,eb4075c77285da02c52794154760fa969fb21ab3dcceb0820cb7d2ba27d27471,http://images.cocodataset.org/train2017/000000019131.jpg,http://images.cocodataset.org/train2017/000000019131.jpg,vsr_test:0124,http://images.cocodataset.org/train2017/000000244421.jpg,shuffle_image,tier_a_v0.1,"{""algorithm"": ""cycle derangement"", ""axis"": ""evidence"", ""condition"": ""shuffle"", ""forbid_self_pair"": true, ""mapping_file_sha256"": ""d0ca3efb893c3338c12823430a9c1007d019eb79f432c51851ff7c318e1eb171"", ""replacement_example_id"": ""vsr_test:0124"", ""seed"": 20260810}",20260810,"{""do_sample"": false, ""max_new_tokens"": 5}",tier_a_pilot200,2f047945e4a22ea8774c8172826991930be36ad0,v0.1
vsr_test:0077,vsr_test:0077,test,shuffle,evidence,The handbag is beside the sink.,The handbag is beside the sink.,beside,horizontal,handbag,sink,True,,,False,False, False.,Qwen/Qwen2-VL-7B-Instruct,,7B_general_lora,/home/ubuntu/vlm-spatial-reasoning/checkpoints/qwen2vl_7b_general_lora/final,"{""README.md"": ""ad67fbd14e29a7dae114b54d70c840eab4d917c7d4bbce31d8e923429325d12b"", ""adapter_config.json"": ""4cc863971496d11551ef4f7a943764405400230a371c1c74ab1690589d27af4b"", ""adapter_model.safetensors"": ""109a8f8284daa35887b309c03f53b03079e51e39ec821afd41f4653d983c56f8"", ""chat_template.jinja"": ""a0bc6f6fc7a29a80017a433e8f03a1cc1236e838a944a2d034295a60c4f2fddb"", ""processor_config.json"": ""edb8dd5001f02dd3a488fd63d664fcdc5514c4a93962bf1be534a0acf6e2c714"", ""tokenizer.json"": ""ff8cce547abc110590d19c6b5b6e0c6a7b4c8d1012d78b9c42131bae7f494a02"", ""tokenizer_config.json"": ""5afec58078ec072cdc9ad190a63c8657f9c47ec71068ff9c77423f1ea0422364""}",,7f29cebb9d06eca06ad0d6c690e4d5a083b71a9c42008f88e92474e3ff0eb98a,eb4075c77285da02c52794154760fa969fb21ab3dcceb0820cb7d2ba27d27471,http://images.cocodataset.org/train2017/000000022656.jpg,http://images.cocodataset.org/train2017/000000022656.jpg,vsr_test:1872,http://images.cocodataset.org/train2017/000000058677.jpg,shuffle_image,tier_a_v0.1,"{""algorithm"": ""cycle derangement"", ""axis"": ""evidence"", ""condition"": ""shuffle"", ""forbid_self_pair"": true, ""mapping_file_sha256"": ""d0ca3efb893c3338c12823430a9c1007d019eb79f432c51851ff7c318e1eb171"", ""replacement_example_id"": ""vsr_test:1872"", ""seed"": 20260810}",20260810,"{""do_sample"": false, ""max_new_tokens"": 5}",tier_a_pilot200,2f047945e4a22ea8774c8172826991930be36ad0,v0.1
vsr_test:0078,vsr_test:0078,test,shuffle,evidence,The bench is far from the teddy bear.,The bench is far from the teddy bear.,far from,proximity,bench,teddy bear,True,,,False,False, False.,Qwen/Qwen2-VL-7B-Instruct,,7B_general_lora,/home/ubuntu/vlm-spatial-reasoning/checkpoints/qwen2vl_7b_general_lora/final,"{""README.md"": ""ad67fbd14e29a7dae114b54d70c840eab4d917c7d4bbce31d8e923429325d12b"", ""adapter_config.json"": ""4cc863971496d11551ef4f7a943764405400230a371c1c74ab1690589d27af4b"", ""adapter_model.safetensors"": ""109a8f8284daa35887b309c03f53b03079e51e39ec821afd41f4653d983c56f8"", ""chat_template.jinja"": ""a0bc6f6fc7a29a80017a433e8f03a1cc1236e838a944a2d034295a60c4f2fddb"", ""processor_config.json"": ""edb8dd5001f02dd3a488fd63d664fcdc5514c4a93962bf1be534a0acf6e2c714"", ""tokenizer.json"": ""ff8cce547abc110590d19c6b5b6e0c6a7b4c8d1012d78b9c42131bae7f494a02"", ""tokenizer_config.json"": ""5afec58078ec072cdc9ad190a63c8657f9c47ec71068ff9c77423f1ea0422364""}",,7f29cebb9d06eca06ad0d6c690e4d5a083b71a9c42008f88e92474e3ff0eb98a,eb4075c77285da02c52794154760fa969fb21ab3dcceb0820cb7d2ba27d27471,http://images.cocodataset.org/train2017/000000306749.jpg,http://images.cocodataset.org/train2017/000000306749.jpg,vsr_test:0517,http://images.cocodataset.org/train2017/000000116675.jpg,shuffle_image,tier_a_v0.1,"{""algorithm"": ""cycle derangement"", ""axis"": ""evidence"", ""condition"": ""shuffle"", ""forbid_self_pair"": true, ""mapping_file_sha256"": ""d0ca3efb893c3338c12823430a9c1007d019eb79f432c51851ff7c318e1eb171"", ""replacement_example_id"": ""vsr_test:0517"", ""seed"": 20260810}",20260810,"{""do_sample"": false, ""max_new_tokens"": 5}",tier_a_pilot200,2f047945e4a22ea8774c8172826991930be36ad0,v0.1
vsr_test:0079,vsr_test:0079,test,shuffle,evidence,The pizza is in the dog.,The pizza is in the dog.,in,containment,pizza,dog,True,,,False,False, False,Qwen/Qwen2-VL-7B-Instruct,,7B_general_lora,/home/ubuntu/vlm-spatial-reasoning/checkpoints/qwen2vl_7b_general_lora/final,"{""README.md"": ""ad67fbd14e29a7dae114b54d70c840eab4d917c7d4bbce31d8e923429325d12b"", ""adapter_config.json"": ""4cc863971496d11551ef4f7a943764405400230a371c1c74ab1690589d27af4b"", ""adapter_model.safetensors"": ""109a8f8284daa35887b309c03f53b03079e51e39ec821afd41f4653d983c56f8"", ""chat_template.jinja"": ""a0bc6f6fc7a29a80017a433e8f03a1cc1236e838a944a2d034295a60c4f2fddb"", ""processor_config.json"": ""edb8dd5001f02dd3a488fd63d664fcdc5514c4a93962bf1be534a0acf6e2c714"", ""tokenizer.json"": ""ff8cce547abc110590d19c6b5b6e0c6a7b4c8d1012d78b9c42131bae7f494a02"", ""tokenizer_config.json"": ""5afec58078ec072cdc9ad190a63c8657f9c47ec71068ff9c77423f1ea0422364""}",,7f29cebb9d06eca06ad0d6c690e4d5a083b71a9c42008f88e92474e3ff0eb98a,eb4075c77285da02c52794154760fa969fb21ab3dcceb0820cb7d2ba27d27471,http://images.cocodataset.org/train2017/000000091057.jpg,http://images.cocodataset.org/train2017/000000091057.jpg,vsr_test:0723,http://images.cocodataset.org/train2017/000000270922.jpg,shuffle_image,tier_a_v0.1,"{""algorithm"": ""cycle derangement"", ""axis"": ""evidence"", ""condition"": ""shuffle"", ""forbid_self_pair"": true, ""mapping_file_sha256"": ""d0ca3efb893c3338c12823430a9c1007d019eb79f432c51851ff7c318e1eb171"", ""replacement_example_id"": ""vsr_test:0723"", ""seed"": 20260810}",20260810,"{""do_sample"": false, ""max_new_tokens"": 5}",tier_a_pilot200,2f047945e4a22ea8774c8172826991930be36ad0,v0.1
vsr_test:0080,vsr_test:0080,test,shuffle,evidence,The person is in front of the refrigerator.,The person is in front of the refrigerator.,in front of,depth,person,refrigerator,True,,,True,True, True.,Qwen/Qwen2-VL-7B-Instruct,,7B_general_lora,/home/ubuntu/vlm-spatial-reasoning/checkpoints/qwen2vl_7b_general_lora/final,"{""README.md"": ""ad67fbd14e29a7dae114b54d70c840eab4d917c7d4bbce31d8e923429325d12b"", ""adapter_config.json"": ""4cc863971496d11551ef4f7a943764405400230a371c1c74ab1690589d27af4b"", ""adapter_model.safetensors"": ""109a8f8284daa35887b309c03f53b03079e51e39ec821afd41f4653d983c56f8"", ""chat_template.jinja"": ""a0bc6f6fc7a29a80017a433e8f03a1cc1236e838a944a2d034295a60c4f2fddb"", ""processor_config.json"": ""edb8dd5001f02dd3a488fd63d664fcdc5514c4a93962bf1be534a0acf6e2c714"", ""tokenizer.json"": ""ff8cce547abc110590d19c6b5b6e0c6a7b4c8d1012d78b9c42131bae7f494a02"", ""tokenizer_config.json"": ""5afec58078ec072cdc9ad190a63c8657f9c47ec71068ff9c77423f1ea0422364""}",,7f29cebb9d06eca06ad0d6c690e4d5a083b71a9c42008f88e92474e3ff0eb98a,eb4075c77285da02c52794154760fa969fb21ab3dcceb0820cb7d2ba27d27471,http://images.cocodataset.org/train2017/000000261305.jpg,http://images.cocodataset.org/train2017/000000261305.jpg,vsr_test:2142,http://images.cocodataset.org/train2017/000000328270.jpg,shuffle_image,tier_a_v0.1,"{""algorithm"": ""cycle derangement"", ""axis"": ""evidence"", ""condition"": ""shuffle"", ""forbid_self_pair"": true, ""mapping_file_sha256"": ""d0ca3efb893c3338c12823430a9c1007d019eb79f432c51851ff7c318e1eb171"", ""replacement_example_id"": ""vsr_test:2142"", ""seed"": 20260810}",20260810,"{""do_sample"": false, ""max_new_tokens"": 5}",tier_a_pilot200,2f047945e4a22ea8774c8172826991930be36ad0,v0.1
vsr_test:0081,vsr_test:0081,test,shuffle,evidence,The cat is facing away from the tv.,The cat is facing away from the tv.,facing away from,orientation,cat,tv,False,,,False,True, False,Qwen/Qwen2-VL-7B-Instruct,,7B_general_lora,/home/ubuntu/vlm-spatial-reasoning/checkpoints/qwen2vl_7b_general_lora/final,"{""README.md"": ""ad67fbd14e29a7dae114b54d70c840eab4d917c7d4bbce31d8e923429325d12b"", ""adapter_config.json"": ""4cc863971496d11551ef4f7a943764405400230a371c1c74ab1690589d27af4b"", ""adapter_model.safetensors"": ""109a8f8284daa35887b309c03f53b03079e51e39ec821afd41f4653d983c56f8"", ""chat_template.jinja"": ""a0bc6f6fc7a29a80017a433e8f03a1cc1236e838a944a2d034295a60c4f2fddb"", ""processor_config.json"": ""edb8dd5001f02dd3a488fd63d664fcdc5514c4a93962bf1be534a0acf6e2c714"", ""tokenizer.json"": ""ff8cce547abc110590d19c6b5b6e0c6a7b4c8d1012d78b9c42131bae7f494a02"", ""tokenizer_config.json"": ""5afec58078ec072cdc9ad190a63c8657f9c47ec71068ff9c77423f1ea0422364""}",,7f29cebb9d06eca06ad0d6c690e4d5a083b71a9c42008f88e92474e3ff0eb98a,eb4075c77285da02c52794154760fa969fb21ab3dcceb0820cb7d2ba27d27471,http://images.cocodataset.org/train2017/000000469661.jpg,http://images.cocodataset.org/train2017/000000469661.jpg,vsr_test:1436,http://images.cocodataset.org/train2017/000000278347.jpg,shuffle_image,tier_a_v0.1,"{""algorithm"": ""cycle derangement"", ""axis"": ""evidence"", ""condition"": ""shuffle"", ""forbid_self_pair"": true, ""mapping_file_sha256"": ""d0ca3efb893c3338c12823430a9c1007d019eb79f432c51851ff7c318e1eb171"", ""replacement_example_id"": ""vsr_test:1436"", ""seed"": 20260810}",20260810,"{""do_sample"": false, ""max_new_tokens"": 5}",tier_a_pilot200,2f047945e4a22ea8774c8172826991930be36ad0,v0.1
vsr_test:0082,vsr_test:0082,test,shuffle,evidence,The bed is beneath the suitcase.,The bed is beneath the suitcase.,beneath,vertical,bed,suitcase,True,,,False,False, False.,Qwen/Qwen2-VL-7B-Instruct,,7B_general_lora,/home/ubuntu/vlm-spatial-reasoning/checkpoints/qwen2vl_7b_general_lora/final,"{""README.md"": ""ad67fbd14e29a7dae114b54d70c840eab4d917c7d4bbce31d8e923429325d12b"", ""adapter_config.json"": ""4cc863971496d11551ef4f7a943764405400230a371c1c74ab1690589d27af4b"", ""adapter_model.safetensors"": ""109a8f8284daa35887b309c03f53b03079e51e39ec821afd41f4653d983c56f8"", ""chat_template.jinja"": ""a0bc6f6fc7a29a80017a433e8f03a1cc1236e838a944a2d034295a60c4f2fddb"", ""processor_config.json"": ""edb8dd5001f02dd3a488fd63d664fcdc5514c4a93962bf1be534a0acf6e2c714"", ""tokenizer.json"": ""ff8cce547abc110590d19c6b5b6e0c6a7b4c8d1012d78b9c42131bae7f494a02"", ""tokenizer_config.json"": ""5afec58078ec072cdc9ad190a63c8657f9c47ec71068ff9c77423f1ea0422364""}",,7f29cebb9d06eca06ad0d6c690e4d5a083b71a9c42008f88e92474e3ff0eb98a,eb4075c77285da02c52794154760fa969fb21ab3dcceb0820cb7d2ba27d27471,http://images.cocodataset.org/train2017/000000103582.jpg,http://images.cocodataset.org/train2017/000000103582.jpg,vsr_test:1069,http://images.cocodataset.org/train2017/000000494785.jpg,shuffle_image,tier_a_v0.1,"{""algorithm"": ""cycle derangement"", ""axis"": ""evidence"", ""condition"": ""shuffle"", ""forbid_self_pair"": true, ""mapping_file_sha256"": ""d0ca3efb893c3338c12823430a9c1007d019eb79f432c51851ff7c318e1eb171"", ""replacement_example_id"": ""vsr_test:1069"", ""seed"": 20260810}",20260810,"{""do_sample"": false, ""max_new_tokens"": 5}",tier_a_pilot200,2f047945e4a22ea8774c8172826991930be36ad0,v0.1
vsr_test:0083,vsr_test:0083,test,shuffle,evidence,The person is inside the boat.,The person is inside the boat.,inside,containment,person,boat,True,,,False,False, False,Qwen/Qwen2-VL-7B-Instruct,,7B_general_lora,/home/ubuntu/vlm-spatial-reasoning/checkpoints/qwen2vl_7b_general_lora/final,"{""README.md"": ""ad67fbd14e29a7dae114b54d70c840eab4d917c7d4bbce31d8e923429325d12b"", ""adapter_config.json"": ""4cc863971496d11551ef4f7a943764405400230a371c1c74ab1690589d27af4b"", ""adapter_model.safetensors"": ""109a8f8284daa35887b309c03f53b03079e51e39ec821afd41f4653d983c56f8"", ""chat_template.jinja"": ""a0bc6f6fc7a29a80017a433e8f03a1cc1236e838a944a2d034295a60c4f2fddb"", ""processor_config.json"": ""edb8dd5001f02dd3a488fd63d664fcdc5514c4a93962bf1be534a0acf6e2c714"", ""tokenizer.json"": ""ff8cce547abc110590d19c6b5b6e0c6a7b4c8d1012d78b9c42131bae7f494a02"", ""tokenizer_config.json"": ""5afec58078ec072cdc9ad190a63c8657f9c47ec71068ff9c77423f1ea0422364""}",,7f29cebb9d06eca06ad0d6c690e4d5a083b71a9c42008f88e92474e3ff0eb98a,eb4075c77285da02c52794154760fa969fb21ab3dcceb0820cb7d2ba27d27471,http://images.cocodataset.org/train2017/000000450711.jpg,http://images.cocodataset.org/train2017/000000450711.jpg,vsr_test:0026,http://images.cocodataset.org/train2017/000000159296.jpg,shuffle_image,tier_a_v0.1,"{""algorithm"": ""cycle derangement"", ""axis"": ""evidence"", ""condition"": ""shuffle"", ""forbid_self_pair"": true, ""mapping_file_sha256"": ""d0ca3efb893c3338c12823430a9c1007d019eb79f432c51851ff7c318e1eb171"", ""replacement_example_id"": ""vsr_test:0026"", ""seed"": 20260810}",20260810,"{""do_sample"": false, ""max_new_tokens"": 5}",tier_a_pilot200,2f047945e4a22ea8774c8172826991930be36ad0,v0.1
vsr_test:0084,vsr_test:0084,test,shuffle,evidence,The clock is at the left side of the bird.,The clock is at the left side of the bird.,at the left side of,horizontal,clock,bird,False,,,False,True, False,Qwen/Qwen2-VL-7B-Instruct,,7B_general_lora,/home/ubuntu/vlm-spatial-reasoning/checkpoints/qwen2vl_7b_general_lora/final,"{""README.md"": ""ad67fbd14e29a7dae114b54d70c840eab4d917c7d4bbce31d8e923429325d12b"", ""adapter_config.json"": ""4cc863971496d11551ef4f7a943764405400230a371c1c74ab1690589d27af4b"", ""adapter_model.safetensors"": ""109a8f8284daa35887b309c03f53b03079e51e39ec821afd41f4653d983c56f8"", ""chat_template.jinja"": ""a0bc6f6fc7a29a80017a433e8f03a1cc1236e838a944a2d034295a60c4f2fddb"", ""processor_config.json"": ""edb8dd5001f02dd3a488fd63d664fcdc5514c4a93962bf1be534a0acf6e2c714"", ""tokenizer.json"": ""ff8cce547abc110590d19c6b5b6e0c6a7b4c8d1012d78b9c42131bae7f494a02"", ""tokenizer_config.json"": ""5afec58078ec072cdc9ad190a63c8657f9c47ec71068ff9c77423f1ea0422364""}",,7f29cebb9d06eca06ad0d6c690e4d5a083b71a9c42008f88e92474e3ff0eb98a,eb4075c77285da02c52794154760fa969fb21ab3dcceb0820cb7d2ba27d27471,http://images.cocodataset.org/train2017/000000171067.jpg,http://images.cocodataset.org/train2017/000000171067.jpg,vsr_test:0129,http://images.cocodataset.org/train2017/000000572296.jpg,shuffle_image,tier_a_v0.1,"{""algorithm"": ""cycle derangement"", ""axis"": ""evidence"", ""condition"": ""shuffle"", ""forbid_self_pair"": true, ""mapping_file_sha256"": ""d0ca3efb893c3338c12823430a9c1007d019eb79f432c51851ff7c318e1eb171"", ""replacement_example_id"": ""vsr_test:0129"", ""seed"": 20260810}",20260810,"{""do_sample"": false, ""max_new_tokens"": 5}",tier_a_pilot200,2f047945e4a22ea8774c8172826991930be36ad0,v0.1
vsr_test:0085,vsr_test:0085,test,shuffle,evidence,The pizza is at the left side of the dog.,The pizza is at the left side of the dog.,at the left side of,horizontal,pizza,dog,True,,,False,False, False.,Qwen/Qwen2-VL-7B-Instruct,,7B_general_lora,/home/ubuntu/vlm-spatial-reasoning/checkpoints/qwen2vl_7b_general_lora/final,"{""README.md"": ""ad67fbd14e29a7dae114b54d70c840eab4d917c7d4bbce31d8e923429325d12b"", ""adapter_config.json"": ""4cc863971496d11551ef4f7a943764405400230a371c1c74ab1690589d27af4b"", ""adapter_model.safetensors"": ""109a8f8284daa35887b309c03f53b03079e51e39ec821afd41f4653d983c56f8"", ""chat_template.jinja"": ""a0bc6f6fc7a29a80017a433e8f03a1cc1236e838a944a2d034295a60c4f2fddb"", ""processor_config.json"": ""edb8dd5001f02dd3a488fd63d664fcdc5514c4a93962bf1be534a0acf6e2c714"", ""tokenizer.json"": ""ff8cce547abc110590d19c6b5b6e0c6a7b4c8d1012d78b9c42131bae7f494a02"", ""tokenizer_config.json"": ""5afec58078ec072cdc9ad190a63c8657f9c47ec71068ff9c77423f1ea0422364""}",,7f29cebb9d06eca06ad0d6c690e4d5a083b71a9c42008f88e92474e3ff0eb98a,eb4075c77285da02c52794154760fa969fb21ab3dcceb0820cb7d2ba27d27471,http://images.cocodataset.org/train2017/000000508555.jpg,http://images.cocodataset.org/train2017/000000508555.jpg,vsr_test:0605,http://images.cocodataset.org/train2017/000000098302.jpg,shuffle_image,tier_a_v0.1,"{""algorithm"": ""cycle derangement"", ""axis"": ""evidence"", ""condition"": ""shuffle"", ""forbid_self_pair"": true, ""mapping_file_sha256"": ""d0ca3efb893c3338c12823430a9c1007d019eb79f432c51851ff7c318e1eb171"", ""replacement_example_id"": ""vsr_test:0605"", ""seed"": 20260810}",20260810,"{""do_sample"": false, ""max_new_tokens"": 5}",tier_a_pilot200,2f047945e4a22ea8774c8172826991930be36ad0,v0.1
vsr_test:0086,vsr_test:0086,test,shuffle,evidence,The person is above the cell phone.,The person is above the cell phone.,above,vertical,person,cell phone,False,,,False,True, False.,Qwen/Qwen2-VL-7B-Instruct,,7B_general_lora,/home/ubuntu/vlm-spatial-reasoning/checkpoints/qwen2vl_7b_general_lora/final,"{""README.md"": ""ad67fbd14e29a7dae114b54d70c840eab4d917c7d4bbce31d8e923429325d12b"", ""adapter_config.json"": ""4cc863971496d11551ef4f7a943764405400230a371c1c74ab1690589d27af4b"", ""adapter_model.safetensors"": ""109a8f8284daa35887b309c03f53b03079e51e39ec821afd41f4653d983c56f8"", ""chat_template.jinja"": ""a0bc6f6fc7a29a80017a433e8f03a1cc1236e838a944a2d034295a60c4f2fddb"", ""processor_config.json"": ""edb8dd5001f02dd3a488fd63d664fcdc5514c4a93962bf1be534a0acf6e2c714"", ""tokenizer.json"": ""ff8cce547abc110590d19c6b5b6e0c6a7b4c8d1012d78b9c42131bae7f494a02"", ""tokenizer_config.json"": ""5afec58078ec072cdc9ad190a63c8657f9c47ec71068ff9c77423f1ea0422364""}",,7f29cebb9d06eca06ad0d6c690e4d5a083b71a9c42008f88e92474e3ff0eb98a,eb4075c77285da02c52794154760fa969fb21ab3dcceb0820cb7d2ba27d27471,http://images.cocodataset.org/train2017/000000574776.jpg,http://images.cocodataset.org/train2017/000000574776.jpg,vsr_test:0100,http://images.cocodataset.org/train2017/000000403231.jpg,shuffle_image,tier_a_v0.1,"{""algorithm"": ""cycle derangement"", ""axis"": ""evidence"", ""condition"": ""shuffle"", ""forbid_self_pair"": true, ""mapping_file_sha256"": ""d0ca3efb893c3338c12823430a9c1007d019eb79f432c51851ff7c318e1eb171"", ""replacement_example_id"": ""vsr_test:0100"", ""seed"": 20260810}",20260810,"{""do_sample"": false, ""max_new_tokens"": 5}",tier_a_pilot200,2f047945e4a22ea8774c8172826991930be36ad0,v0.1
vsr_test:0087,vsr_test:0087,test,shuffle,evidence,The bus is far away from the train.,The bus is far away from the train.,far away from,proximity,bus,train,False,,,False,True, False,Qwen/Qwen2-VL-7B-Instruct,,7B_general_lora,/home/ubuntu/vlm-spatial-reasoning/checkpoints/qwen2vl_7b_general_lora/final,"{""README.md"": ""ad67fbd14e29a7dae114b54d70c840eab4d917c7d4bbce31d8e923429325d12b"", ""adapter_config.json"": ""4cc863971496d11551ef4f7a943764405400230a371c1c74ab1690589d27af4b"", ""adapter_model.safetensors"": ""109a8f8284daa35887b309c03f53b03079e51e39ec821afd41f4653d983c56f8"", ""chat_template.jinja"": ""a0bc6f6fc7a29a80017a433e8f03a1cc1236e838a944a2d034295a60c4f2fddb"", ""processor_config.json"": ""edb8dd5001f02dd3a488fd63d664fcdc5514c4a93962bf1be534a0acf6e2c714"", ""tokenizer.json"": ""ff8cce547abc110590d19c6b5b6e0c6a7b4c8d1012d78b9c42131bae7f494a02"", ""tokenizer_config.json"": ""5afec58078ec072cdc9ad190a63c8657f9c47ec71068ff9c77423f1ea0422364""}",,7f29cebb9d06eca06ad0d6c690e4d5a083b71a9c42008f88e92474e3ff0eb98a,eb4075c77285da02c52794154760fa969fb21ab3dcceb0820cb7d2ba27d27471,http://images.cocodataset.org/train2017/000000434867.jpg,http://images.cocodataset.org/train2017/000000434867.jpg,vsr_test:0275,http://images.cocodataset.org/train2017/000000534124.jpg,shuffle_image,tier_a_v0.1,"{""algorithm"": ""cycle derangement"", ""axis"": ""evidence"", ""condition"": ""shuffle"", ""forbid_self_pair"": true, ""mapping_file_sha256"": ""d0ca3efb893c3338c12823430a9c1007d019eb79f432c51851ff7c318e1eb171"", ""replacement_example_id"": ""vsr_test:0275"", ""seed"": 20260810}",20260810,"{""do_sample"": false, ""max_new_tokens"": 5}",tier_a_pilot200,2f047945e4a22ea8774c8172826991930be36ad0,v0.1
vsr_test:0088,vsr_test:0088,test,shuffle,evidence,The laptop is inside the train.,The laptop is inside the train.,inside,containment,laptop,train,True,,,False,False, False,Qwen/Qwen2-VL-7B-Instruct,,7B_general_lora,/home/ubuntu/vlm-spatial-reasoning/checkpoints/qwen2vl_7b_general_lora/final,"{""README.md"": ""ad67fbd14e29a7dae114b54d70c840eab4d917c7d4bbce31d8e923429325d12b"", ""adapter_config.json"": ""4cc863971496d11551ef4f7a943764405400230a371c1c74ab1690589d27af4b"", ""adapter_model.safetensors"": ""109a8f8284daa35887b309c03f53b03079e51e39ec821afd41f4653d983c56f8"", ""chat_template.jinja"": ""a0bc6f6fc7a29a80017a433e8f03a1cc1236e838a944a2d034295a60c4f2fddb"", ""processor_config.json"": ""edb8dd5001f02dd3a488fd63d664fcdc5514c4a93962bf1be534a0acf6e2c714"", ""tokenizer.json"": ""ff8cce547abc110590d19c6b5b6e0c6a7b4c8d1012d78b9c42131bae7f494a02"", ""tokenizer_config.json"": ""5afec58078ec072cdc9ad190a63c8657f9c47ec71068ff9c77423f1ea0422364""}",,7f29cebb9d06eca06ad0d6c690e4d5a083b71a9c42008f88e92474e3ff0eb98a,eb4075c77285da02c52794154760fa969fb21ab3dcceb0820cb7d2ba27d27471,http://images.cocodataset.org/train2017/000000224670.jpg,http://images.cocodataset.org/train2017/000000224670.jpg,vsr_test:0597,http://images.cocodataset.org/train2017/000000335581.jpg,shuffle_image,tier_a_v0.1,"{""algorithm"": ""cycle derangement"", ""axis"": ""evidence"", ""condition"": ""shuffle"", ""forbid_self_pair"": true, ""mapping_file_sha256"": ""d0ca3efb893c3338c12823430a9c1007d019eb79f432c51851ff7c318e1eb171"", ""replacement_example_id"": ""vsr_test:0597"", ""seed"": 20260810}",20260810,"{""do_sample"": false, ""max_new_tokens"": 5}",tier_a_pilot200,2f047945e4a22ea8774c8172826991930be36ad0,v0.1
vsr_test:0089,vsr_test:0089,test,shuffle,evidence,The cat is at the edge of the umbrella.,The cat is at the edge of the umbrella.,at the edge of,topology_contact,cat,umbrella,True,,,False,False, False.,Qwen/Qwen2-VL-7B-Instruct,,7B_general_lora,/home/ubuntu/vlm-spatial-reasoning/checkpoints/qwen2vl_7b_general_lora/final,"{""README.md"": ""ad67fbd14e29a7dae114b54d70c840eab4d917c7d4bbce31d8e923429325d12b"", ""adapter_config.json"": ""4cc863971496d11551ef4f7a943764405400230a371c1c74ab1690589d27af4b"", ""adapter_model.safetensors"": ""109a8f8284daa35887b309c03f53b03079e51e39ec821afd41f4653d983c56f8"", ""chat_template.jinja"": ""a0bc6f6fc7a29a80017a433e8f03a1cc1236e838a944a2d034295a60c4f2fddb"", ""processor_config.json"": ""edb8dd5001f02dd3a488fd63d664fcdc5514c4a93962bf1be534a0acf6e2c714"", ""tokenizer.json"": ""ff8cce547abc110590d19c6b5b6e0c6a7b4c8d1012d78b9c42131bae7f494a02"", ""tokenizer_config.json"": ""5afec58078ec072cdc9ad190a63c8657f9c47ec71068ff9c77423f1ea0422364""}",,7f29cebb9d06eca06ad0d6c690e4d5a083b71a9c42008f88e92474e3ff0eb98a,eb4075c77285da02c52794154760fa969fb21ab3dcceb0820cb7d2ba27d27471,http://images.cocodataset.org/train2017/000000158798.jpg,http://images.cocodataset.org/train2017/000000158798.jpg,vsr_test:0872,http://images.cocodataset.org/train2017/000000443589.jpg,shuffle_image,tier_a_v0.1,"{""algorithm"": ""cycle derangement"", ""axis"": ""evidence"", ""condition"": ""shuffle"", ""forbid_self_pair"": true, ""mapping_file_sha256"": ""d0ca3efb893c3338c12823430a9c1007d019eb79f432c51851ff7c318e1eb171"", ""replacement_example_id"": ""vsr_test:0872"", ""seed"": 20260810}",20260810,"{""do_sample"": false, ""max_new_tokens"": 5}",tier_a_pilot200,2f047945e4a22ea8774c8172826991930be36ad0,v0.1
vsr_test:0090,vsr_test:0090,test,shuffle,evidence,The person is touching the dining table.,The person is touching the dining table.,touching,topology_contact,person,dining table,False,,,False,True, False.,Qwen/Qwen2-VL-7B-Instruct,,7B_general_lora,/home/ubuntu/vlm-spatial-reasoning/checkpoints/qwen2vl_7b_general_lora/final,"{""README.md"": ""ad67fbd14e29a7dae114b54d70c840eab4d917c7d4bbce31d8e923429325d12b"", ""adapter_config.json"": ""4cc863971496d11551ef4f7a943764405400230a371c1c74ab1690589d27af4b"", ""adapter_model.safetensors"": ""109a8f8284daa35887b309c03f53b03079e51e39ec821afd41f4653d983c56f8"", ""chat_template.jinja"": ""a0bc6f6fc7a29a80017a433e8f03a1cc1236e838a944a2d034295a60c4f2fddb"", ""processor_config.json"": ""edb8dd5001f02dd3a488fd63d664fcdc5514c4a93962bf1be534a0acf6e2c714"", ""tokenizer.json"": ""ff8cce547abc110590d19c6b5b6e0c6a7b4c8d1012d78b9c42131bae7f494a02"", ""tokenizer_config.json"": ""5afec58078ec072cdc9ad190a63c8657f9c47ec71068ff9c77423f1ea0422364""}",,7f29cebb9d06eca06ad0d6c690e4d5a083b71a9c42008f88e92474e3ff0eb98a,eb4075c77285da02c52794154760fa969fb21ab3dcceb0820cb7d2ba27d27471,http://images.cocodataset.org/train2017/000000243970.jpg,http://images.cocodataset.org/train2017/000000243970.jpg,vsr_test:0568,http://images.cocodataset.org/train2017/000000326801.jpg,shuffle_image,tier_a_v0.1,"{""algorithm"": ""cycle derangement"", ""axis"": ""evidence"", ""condition"": ""shuffle"", ""forbid_self_pair"": true, ""mapping_file_sha256"": ""d0ca3efb893c3338c12823430a9c1007d019eb79f432c51851ff7c318e1eb171"", ""replacement_example_id"": ""vsr_test:0568"", ""seed"": 20260810}",20260810,"{""do_sample"": false, ""max_new_tokens"": 5}",tier_a_pilot200,2f047945e4a22ea8774c8172826991930be36ad0,v0.1
vsr_test:0091,vsr_test:0091,test,shuffle,evidence,The toilet is below the cat.,The toilet is below the cat.,below,vertical,toilet,cat,True,,,False,False, False.,Qwen/Qwen2-VL-7B-Instruct,,7B_general_lora,/home/ubuntu/vlm-spatial-reasoning/checkpoints/qwen2vl_7b_general_lora/final,"{""README.md"": ""ad67fbd14e29a7dae114b54d70c840eab4d917c7d4bbce31d8e923429325d12b"", ""adapter_config.json"": ""4cc863971496d11551ef4f7a943764405400230a371c1c74ab1690589d27af4b"", ""adapter_model.safetensors"": ""109a8f8284daa35887b309c03f53b03079e51e39ec821afd41f4653d983c56f8"", ""chat_template.jinja"": ""a0bc6f6fc7a29a80017a433e8f03a1cc1236e838a944a2d034295a60c4f2fddb"", ""processor_config.json"": ""edb8dd5001f02dd3a488fd63d664fcdc5514c4a93962bf1be534a0acf6e2c714"", ""tokenizer.json"": ""ff8cce547abc110590d19c6b5b6e0c6a7b4c8d1012d78b9c42131bae7f494a02"", ""tokenizer_config.json"": ""5afec58078ec072cdc9ad190a63c8657f9c47ec71068ff9c77423f1ea0422364""}",,7f29cebb9d06eca06ad0d6c690e4d5a083b71a9c42008f88e92474e3ff0eb98a,eb4075c77285da02c52794154760fa969fb21ab3dcceb0820cb7d2ba27d27471,http://images.cocodataset.org/train2017/000000258523.jpg,http://images.cocodataset.org/train2017/000000258523.jpg,vsr_test:0750,http://images.cocodataset.org/train2017/000000141441.jpg,shuffle_image,tier_a_v0.1,"{""algorithm"": ""cycle derangement"", ""axis"": ""evidence"", ""condition"": ""shuffle"", ""forbid_self_pair"": true, ""mapping_file_sha256"": ""d0ca3efb893c3338c12823430a9c1007d019eb79f432c51851ff7c318e1eb171"", ""replacement_example_id"": ""vsr_test:0750"", ""seed"": 20260810}",20260810,"{""do_sample"": false, ""max_new_tokens"": 5}",tier_a_pilot200,2f047945e4a22ea8774c8172826991930be36ad0,v0.1
vsr_test:0092,vsr_test:0092,test,shuffle,evidence,The dog is in the car.,The dog is in the car.,in,containment,dog,car,True,,,False,False, False.,Qwen/Qwen2-VL-7B-Instruct,,7B_general_lora,/home/ubuntu/vlm-spatial-reasoning/checkpoints/qwen2vl_7b_general_lora/final,"{""README.md"": ""ad67fbd14e29a7dae114b54d70c840eab4d917c7d4bbce31d8e923429325d12b"", ""adapter_config.json"": ""4cc863971496d11551ef4f7a943764405400230a371c1c74ab1690589d27af4b"", ""adapter_model.safetensors"": ""109a8f8284daa35887b309c03f53b03079e51e39ec821afd41f4653d983c56f8"", ""chat_template.jinja"": ""a0bc6f6fc7a29a80017a433e8f03a1cc1236e838a944a2d034295a60c4f2fddb"", ""processor_config.json"": ""edb8dd5001f02dd3a488fd63d664fcdc5514c4a93962bf1be534a0acf6e2c714"", ""tokenizer.json"": ""ff8cce547abc110590d19c6b5b6e0c6a7b4c8d1012d78b9c42131bae7f494a02"", ""tokenizer_config.json"": ""5afec58078ec072cdc9ad190a63c8657f9c47ec71068ff9c77423f1ea0422364""}",,7f29cebb9d06eca06ad0d6c690e4d5a083b71a9c42008f88e92474e3ff0eb98a,eb4075c77285da02c52794154760fa969fb21ab3dcceb0820cb7d2ba27d27471,http://images.cocodataset.org/val2017/000000151962.jpg,http://images.cocodataset.org/val2017/000000151962.jpg,vsr_test:1487,http://images.cocodataset.org/train2017/000000312056.jpg,shuffle_image,tier_a_v0.1,"{""algorithm"": ""cycle derangement"", ""axis"": ""evidence"", ""condition"": ""shuffle"", ""forbid_self_pair"": true, ""mapping_file_sha256"": ""d0ca3efb893c3338c12823430a9c1007d019eb79f432c51851ff7c318e1eb171"", ""replacement_example_id"": ""vsr_test:1487"", ""seed"": 20260810}",20260810,"{""do_sample"": false, ""max_new_tokens"": 5}",tier_a_pilot200,2f047945e4a22ea8774c8172826991930be36ad0,v0.1
vsr_test:0093,vsr_test:0093,test,shuffle,evidence,The bed is under the umbrella.,The bed is under the umbrella.,under,vertical,bed,umbrella,True,,,False,False, False,Qwen/Qwen2-VL-7B-Instruct,,7B_general_lora,/home/ubuntu/vlm-spatial-reasoning/checkpoints/qwen2vl_7b_general_lora/final,"{""README.md"": ""ad67fbd14e29a7dae114b54d70c840eab4d917c7d4bbce31d8e923429325d12b"", ""adapter_config.json"": ""4cc863971496d11551ef4f7a943764405400230a371c1c74ab1690589d27af4b"", ""adapter_model.safetensors"": ""109a8f8284daa35887b309c03f53b03079e51e39ec821afd41f4653d983c56f8"", ""chat_template.jinja"": ""a0bc6f6fc7a29a80017a433e8f03a1cc1236e838a944a2d034295a60c4f2fddb"", ""processor_config.json"": ""edb8dd5001f02dd3a488fd63d664fcdc5514c4a93962bf1be534a0acf6e2c714"", ""tokenizer.json"": ""ff8cce547abc110590d19c6b5b6e0c6a7b4c8d1012d78b9c42131bae7f494a02"", ""tokenizer_config.json"": ""5afec58078ec072cdc9ad190a63c8657f9c47ec71068ff9c77423f1ea0422364""}",,7f29cebb9d06eca06ad0d6c690e4d5a083b71a9c42008f88e92474e3ff0eb98a,eb4075c77285da02c52794154760fa969fb21ab3dcceb0820cb7d2ba27d27471,http://images.cocodataset.org/train2017/000000263968.jpg,http://images.cocodataset.org/train2017/000000263968.jpg,vsr_test:0435,http://images.cocodataset.org/train2017/000000490871.jpg,shuffle_image,tier_a_v0.1,"{""algorithm"": ""cycle derangement"", ""axis"": ""evidence"", ""condition"": ""shuffle"", ""forbid_self_pair"": true, ""mapping_file_sha256"": ""d0ca3efb893c3338c12823430a9c1007d019eb79f432c51851ff7c318e1eb171"", ""replacement_example_id"": ""vsr_test:0435"", ""seed"": 20260810}",20260810,"{""do_sample"": false, ""max_new_tokens"": 5}",tier_a_pilot200,2f047945e4a22ea8774c8172826991930be36ad0,v0.1
vsr_test:0094,vsr_test:0094,test,shuffle,evidence,The laptop is above the cat.,The laptop is above the cat.,above,vertical,laptop,cat,False,,,False,True, False.,Qwen/Qwen2-VL-7B-Instruct,,7B_general_lora,/home/ubuntu/vlm-spatial-reasoning/checkpoints/qwen2vl_7b_general_lora/final,"{""README.md"": ""ad67fbd14e29a7dae114b54d70c840eab4d917c7d4bbce31d8e923429325d12b"", ""adapter_config.json"": ""4cc863971496d11551ef4f7a943764405400230a371c1c74ab1690589d27af4b"", ""adapter_model.safetensors"": ""109a8f8284daa35887b309c03f53b03079e51e39ec821afd41f4653d983c56f8"", ""chat_template.jinja"": ""a0bc6f6fc7a29a80017a433e8f03a1cc1236e838a944a2d034295a60c4f2fddb"", ""processor_config.json"": ""edb8dd5001f02dd3a488fd63d664fcdc5514c4a93962bf1be534a0acf6e2c714"", ""tokenizer.json"": ""ff8cce547abc110590d19c6b5b6e0c6a7b4c8d1012d78b9c42131bae7f494a02"", ""tokenizer_config.json"": ""5afec58078ec072cdc9ad190a63c8657f9c47ec71068ff9c77423f1ea0422364""}",,7f29cebb9d06eca06ad0d6c690e4d5a083b71a9c42008f88e92474e3ff0eb98a,eb4075c77285da02c52794154760fa969fb21ab3dcceb0820cb7d2ba27d27471,http://images.cocodataset.org/train2017/000000047848.jpg,http://images.cocodataset.org/train2017/000000047848.jpg,vsr_test:0827,http://images.cocodataset.org/train2017/000000434385.jpg,shuffle_image,tier_a_v0.1,"{""algorithm"": ""cycle derangement"", ""axis"": ""evidence"", ""condition"": ""shuffle"", ""forbid_self_pair"": true, ""mapping_file_sha256"": ""d0ca3efb893c3338c12823430a9c1007d019eb79f432c51851ff7c318e1eb171"", ""replacement_example_id"": ""vsr_test:0827"", ""seed"": 20260810}",20260810,"{""do_sample"": false, ""max_new_tokens"": 5}",tier_a_pilot200,2f047945e4a22ea8774c8172826991930be36ad0,v0.1
vsr_test:0095,vsr_test:0095,test,shuffle,evidence,The teddy bear is at the right side of the dog.,The teddy bear is at the right side of the dog.,at the right side of,horizontal,teddy bear,dog,False,,,False,True, False.,Qwen/Qwen2-VL-7B-Instruct,,7B_general_lora,/home/ubuntu/vlm-spatial-reasoning/checkpoints/qwen2vl_7b_general_lora/final,"{""README.md"": ""ad67fbd14e29a7dae114b54d70c840eab4d917c7d4bbce31d8e923429325d12b"", ""adapter_config.json"": ""4cc863971496d11551ef4f7a943764405400230a371c1c74ab1690589d27af4b"", ""adapter_model.safetensors"": ""109a8f8284daa35887b309c03f53b03079e51e39ec821afd41f4653d983c56f8"", ""chat_template.jinja"": ""a0bc6f6fc7a29a80017a433e8f03a1cc1236e838a944a2d034295a60c4f2fddb"", ""processor_config.json"": ""edb8dd5001f02dd3a488fd63d664fcdc5514c4a93962bf1be534a0acf6e2c714"", ""tokenizer.json"": ""ff8cce547abc110590d19c6b5b6e0c6a7b4c8d1012d78b9c42131bae7f494a02"", ""tokenizer_config.json"": ""5afec58078ec072cdc9ad190a63c8657f9c47ec71068ff9c77423f1ea0422364""}",,7f29cebb9d06eca06ad0d6c690e4d5a083b71a9c42008f88e92474e3ff0eb98a,eb4075c77285da02c52794154760fa969fb21ab3dcceb0820cb7d2ba27d27471,http://images.cocodataset.org/train2017/000000157616.jpg,http://images.cocodataset.org/train2017/000000157616.jpg,vsr_test:0629,http://images.cocodataset.org/train2017/000000279479.jpg,shuffle_image,tier_a_v0.1,"{""algorithm"": ""cycle derangement"", ""axis"": ""evidence"", ""condition"": ""shuffle"", ""forbid_self_pair"": true, ""mapping_file_sha256"": ""d0ca3efb893c3338c12823430a9c1007d019eb79f432c51851ff7c318e1eb171"", ""replacement_example_id"": ""vsr_test:0629"", ""seed"": 20260810}",20260810,"{""do_sample"": false, ""max_new_tokens"": 5}",tier_a_pilot200,2f047945e4a22ea8774c8172826991930be36ad0,v0.1
vsr_test:0096,vsr_test:0096,test,shuffle,evidence,The backpack is away from the bed.,The backpack is away from the bed.,away from,proximity,backpack,bed,False,,,False,True, False,Qwen/Qwen2-VL-7B-Instruct,,7B_general_lora,/home/ubuntu/vlm-spatial-reasoning/checkpoints/qwen2vl_7b_general_lora/final,"{""README.md"": ""ad67fbd14e29a7dae114b54d70c840eab4d917c7d4bbce31d8e923429325d12b"", ""adapter_config.json"": ""4cc863971496d11551ef4f7a943764405400230a371c1c74ab1690589d27af4b"", ""adapter_model.safetensors"": ""109a8f8284daa35887b309c03f53b03079e51e39ec821afd41f4653d983c56f8"", ""chat_template.jinja"": ""a0bc6f6fc7a29a80017a433e8f03a1cc1236e838a944a2d034295a60c4f2fddb"", ""processor_config.json"": ""edb8dd5001f02dd3a488fd63d664fcdc5514c4a93962bf1be534a0acf6e2c714"", ""tokenizer.json"": ""ff8cce547abc110590d19c6b5b6e0c6a7b4c8d1012d78b9c42131bae7f494a02"", ""tokenizer_config.json"": ""5afec58078ec072cdc9ad190a63c8657f9c47ec71068ff9c77423f1ea0422364""}",,7f29cebb9d06eca06ad0d6c690e4d5a083b71a9c42008f88e92474e3ff0eb98a,eb4075c77285da02c52794154760fa969fb21ab3dcceb0820cb7d2ba27d27471,http://images.cocodataset.org/train2017/000000296696.jpg,http://images.cocodataset.org/train2017/000000296696.jpg,vsr_test:0541,http://images.cocodataset.org/train2017/000000494896.jpg,shuffle_image,tier_a_v0.1,"{""algorithm"": ""cycle derangement"", ""axis"": ""evidence"", ""condition"": ""shuffle"", ""forbid_self_pair"": true, ""mapping_file_sha256"": ""d0ca3efb893c3338c12823430a9c1007d019eb79f432c51851ff7c318e1eb171"", ""replacement_example_id"": ""vsr_test:0541"", ""seed"": 20260810}",20260810,"{""do_sample"": false, ""max_new_tokens"": 5}",tier_a_pilot200,2f047945e4a22ea8774c8172826991930be36ad0,v0.1
vsr_test:0097,vsr_test:0097,test,shuffle,evidence,The surfboard is on the truck.,The surfboard is on the truck.,on,topology_contact,surfboard,truck,True,,,False,False, False,Qwen/Qwen2-VL-7B-Instruct,,7B_general_lora,/home/ubuntu/vlm-spatial-reasoning/checkpoints/qwen2vl_7b_general_lora/final,"{""README.md"": ""ad67fbd14e29a7dae114b54d70c840eab4d917c7d4bbce31d8e923429325d12b"", ""adapter_config.json"": ""4cc863971496d11551ef4f7a943764405400230a371c1c74ab1690589d27af4b"", ""adapter_model.safetensors"": ""109a8f8284daa35887b309c03f53b03079e51e39ec821afd41f4653d983c56f8"", ""chat_template.jinja"": ""a0bc6f6fc7a29a80017a433e8f03a1cc1236e838a944a2d034295a60c4f2fddb"", ""processor_config.json"": ""edb8dd5001f02dd3a488fd63d664fcdc5514c4a93962bf1be534a0acf6e2c714"", ""tokenizer.json"": ""ff8cce547abc110590d19c6b5b6e0c6a7b4c8d1012d78b9c42131bae7f494a02"", ""tokenizer_config.json"": ""5afec58078ec072cdc9ad190a63c8657f9c47ec71068ff9c77423f1ea0422364""}",,7f29cebb9d06eca06ad0d6c690e4d5a083b71a9c42008f88e92474e3ff0eb98a,eb4075c77285da02c52794154760fa969fb21ab3dcceb0820cb7d2ba27d27471,http://images.cocodataset.org/train2017/000000313957.jpg,http://images.cocodataset.org/train2017/000000313957.jpg,vsr_test:0955,http://images.cocodataset.org/val2017/000000084362.jpg,shuffle_image,tier_a_v0.1,"{""algorithm"": ""cycle derangement"", ""axis"": ""evidence"", ""condition"": ""shuffle"", ""forbid_self_pair"": true, ""mapping_file_sha256"": ""d0ca3efb893c3338c12823430a9c1007d019eb79f432c51851ff7c318e1eb171"", ""replacement_example_id"": ""vsr_test:0955"", ""seed"": 20260810}",20260810,"{""do_sample"": false, ""max_new_tokens"": 5}",tier_a_pilot200,2f047945e4a22ea8774c8172826991930be36ad0,v0.1
vsr_test:0098,vsr_test:0098,test,shuffle,evidence,The pizza is at the edge of the dining table.,The pizza is at the edge of the dining table.,at the edge of,topology_contact,pizza,dining table,False,,,False,True, False.,Qwen/Qwen2-VL-7B-Instruct,,7B_general_lora,/home/ubuntu/vlm-spatial-reasoning/checkpoints/qwen2vl_7b_general_lora/final,"{""README.md"": ""ad67fbd14e29a7dae114b54d70c840eab4d917c7d4bbce31d8e923429325d12b"", ""adapter_config.json"": ""4cc863971496d11551ef4f7a943764405400230a371c1c74ab1690589d27af4b"", ""adapter_model.safetensors"": ""109a8f8284daa35887b309c03f53b03079e51e39ec821afd41f4653d983c56f8"", ""chat_template.jinja"": ""a0bc6f6fc7a29a80017a433e8f03a1cc1236e838a944a2d034295a60c4f2fddb"", ""processor_config.json"": ""edb8dd5001f02dd3a488fd63d664fcdc5514c4a93962bf1be534a0acf6e2c714"", ""tokenizer.json"": ""ff8cce547abc110590d19c6b5b6e0c6a7b4c8d1012d78b9c42131bae7f494a02"", ""tokenizer_config.json"": ""5afec58078ec072cdc9ad190a63c8657f9c47ec71068ff9c77423f1ea0422364""}",,7f29cebb9d06eca06ad0d6c690e4d5a083b71a9c42008f88e92474e3ff0eb98a,eb4075c77285da02c52794154760fa969fb21ab3dcceb0820cb7d2ba27d27471,http://images.cocodataset.org/train2017/000000021563.jpg,http://images.cocodataset.org/train2017/000000021563.jpg,vsr_test:0008,http://images.cocodataset.org/train2017/000000268227.jpg,shuffle_image,tier_a_v0.1,"{""algorithm"": ""cycle derangement"", ""axis"": ""evidence"", ""condition"": ""shuffle"", ""forbid_self_pair"": true, ""mapping_file_sha256"": ""d0ca3efb893c3338c12823430a9c1007d019eb79f432c51851ff7c318e1eb171"", ""replacement_example_id"": ""vsr_test:0008"", ""seed"": 20260810}",20260810,"{""do_sample"": false, ""max_new_tokens"": 5}",tier_a_pilot200,2f047945e4a22ea8774c8172826991930be36ad0,v0.1
vsr_test:0099,vsr_test:0099,test,shuffle,evidence,The suitcase is beside the cat.,The suitcase is beside the cat.,beside,horizontal,suitcase,cat,True,,,False,False, False,Qwen/Qwen2-VL-7B-Instruct,,7B_general_lora,/home/ubuntu/vlm-spatial-reasoning/checkpoints/qwen2vl_7b_general_lora/final,"{""README.md"": ""ad67fbd14e29a7dae114b54d70c840eab4d917c7d4bbce31d8e923429325d12b"", ""adapter_config.json"": ""4cc863971496d11551ef4f7a943764405400230a371c1c74ab1690589d27af4b"", ""adapter_model.safetensors"": ""109a8f8284daa35887b309c03f53b03079e51e39ec821afd41f4653d983c56f8"", ""chat_template.jinja"": ""a0bc6f6fc7a29a80017a433e8f03a1cc1236e838a944a2d034295a60c4f2fddb"", ""processor_config.json"": ""edb8dd5001f02dd3a488fd63d664fcdc5514c4a93962bf1be534a0acf6e2c714"", ""tokenizer.json"": ""ff8cce547abc110590d19c6b5b6e0c6a7b4c8d1012d78b9c42131bae7f494a02"", ""tokenizer_config.json"": ""5afec58078ec072cdc9ad190a63c8657f9c47ec71068ff9c77423f1ea0422364""}",,7f29cebb9d06eca06ad0d6c690e4d5a083b71a9c42008f88e92474e3ff0eb98a,eb4075c77285da02c52794154760fa969fb21ab3dcceb0820cb7d2ba27d27471,http://images.cocodataset.org/train2017/000000468951.jpg,http://images.cocodataset.org/train2017/000000468951.jpg,vsr_test:2127,http://images.cocodataset.org/train2017/000000177572.jpg,shuffle_image,tier_a_v0.1,"{""algorithm"": ""cycle derangement"", ""axis"": ""evidence"", ""condition"": ""shuffle"", ""forbid_self_pair"": true, ""mapping_file_sha256"": ""d0ca3efb893c3338c12823430a9c1007d019eb79f432c51851ff7c318e1eb171"", ""replacement_example_id"": ""vsr_test:2127"", ""seed"": 20260810}",20260810,"{""do_sample"": false, ""max_new_tokens"": 5}",tier_a_pilot200,2f047945e4a22ea8774c8172826991930be36ad0,v0.1
vsr_test:0100,vsr_test:0100,test,shuffle,evidence,The book is beside the cat.,The book is beside the cat.,beside,horizontal,book,cat,True,,,False,False, False.,Qwen/Qwen2-VL-7B-Instruct,,7B_general_lora,/home/ubuntu/vlm-spatial-reasoning/checkpoints/qwen2vl_7b_general_lora/final,"{""README.md"": ""ad67fbd14e29a7dae114b54d70c840eab4d917c7d4bbce31d8e923429325d12b"", ""adapter_config.json"": ""4cc863971496d11551ef4f7a943764405400230a371c1c74ab1690589d27af4b"", ""adapter_model.safetensors"": ""109a8f8284daa35887b309c03f53b03079e51e39ec821afd41f4653d983c56f8"", ""chat_template.jinja"": ""a0bc6f6fc7a29a80017a433e8f03a1cc1236e838a944a2d034295a60c4f2fddb"", ""processor_config.json"": ""edb8dd5001f02dd3a488fd63d664fcdc5514c4a93962bf1be534a0acf6e2c714"", ""tokenizer.json"": ""ff8cce547abc110590d19c6b5b6e0c6a7b4c8d1012d78b9c42131bae7f494a02"", ""tokenizer_config.json"": ""5afec58078ec072cdc9ad190a63c8657f9c47ec71068ff9c77423f1ea0422364""}",,7f29cebb9d06eca06ad0d6c690e4d5a083b71a9c42008f88e92474e3ff0eb98a,eb4075c77285da02c52794154760fa969fb21ab3dcceb0820cb7d2ba27d27471,http://images.cocodataset.org/train2017/000000403231.jpg,http://images.cocodataset.org/train2017/000000403231.jpg,vsr_test:0319,http://images.cocodataset.org/train2017/000000170401.jpg,shuffle_image,tier_a_v0.1,"{""algorithm"": ""cycle derangement"", ""axis"": ""evidence"", ""condition"": ""shuffle"", ""forbid_self_pair"": true, ""mapping_file_sha256"": ""d0ca3efb893c3338c12823430a9c1007d019eb79f432c51851ff7c318e1eb171"", ""replacement_example_id"": ""vsr_test:0319"", ""seed"": 20260810}",20260810,"{""do_sample"": false, ""max_new_tokens"": 5}",tier_a_pilot200,2f047945e4a22ea8774c8172826991930be36ad0,v0.1
vsr_test:0101,vsr_test:0101,test,shuffle,evidence,The cat is in the sink.,The cat is in the sink.,in,containment,cat,sink,False,,,False,True, False,Qwen/Qwen2-VL-7B-Instruct,,7B_general_lora,/home/ubuntu/vlm-spatial-reasoning/checkpoints/qwen2vl_7b_general_lora/final,"{""README.md"": ""ad67fbd14e29a7dae114b54d70c840eab4d917c7d4bbce31d8e923429325d12b"", ""adapter_config.json"": ""4cc863971496d11551ef4f7a943764405400230a371c1c74ab1690589d27af4b"", ""adapter_model.safetensors"": ""109a8f8284daa35887b309c03f53b03079e51e39ec821afd41f4653d983c56f8"", ""chat_template.jinja"": ""a0bc6f6fc7a29a80017a433e8f03a1cc1236e838a944a2d034295a60c4f2fddb"", ""processor_config.json"": ""edb8dd5001f02dd3a488fd63d664fcdc5514c4a93962bf1be534a0acf6e2c714"", ""tokenizer.json"": ""ff8cce547abc110590d19c6b5b6e0c6a7b4c8d1012d78b9c42131bae7f494a02"", ""tokenizer_config.json"": ""5afec58078ec072cdc9ad190a63c8657f9c47ec71068ff9c77423f1ea0422364""}",,7f29cebb9d06eca06ad0d6c690e4d5a083b71a9c42008f88e92474e3ff0eb98a,eb4075c77285da02c52794154760fa969fb21ab3dcceb0820cb7d2ba27d27471,http://images.cocodataset.org/train2017/000000018819.jpg,http://images.cocodataset.org/train2017/000000018819.jpg,vsr_test:0533,http://images.cocodataset.org/train2017/000000328326.jpg,shuffle_image,tier_a_v0.1,"{""algorithm"": ""cycle derangement"", ""axis"": ""evidence"", ""condition"": ""shuffle"", ""forbid_self_pair"": true, ""mapping_file_sha256"": ""d0ca3efb893c3338c12823430a9c1007d019eb79f432c51851ff7c318e1eb171"", ""replacement_example_id"": ""vsr_test:0533"", ""seed"": 20260810}",20260810,"{""do_sample"": false, ""max_new_tokens"": 5}",tier_a_pilot200,2f047945e4a22ea8774c8172826991930be36ad0,v0.1
vsr_test:0102,vsr_test:0102,test,shuffle,evidence,The refrigerator contains the dog.,The refrigerator contains the dog.,contains,containment,,dog,True,,,False,False, False,Qwen/Qwen2-VL-7B-Instruct,,7B_general_lora,/home/ubuntu/vlm-spatial-reasoning/checkpoints/qwen2vl_7b_general_lora/final,"{""README.md"": ""ad67fbd14e29a7dae114b54d70c840eab4d917c7d4bbce31d8e923429325d12b"", ""adapter_config.json"": ""4cc863971496d11551ef4f7a943764405400230a371c1c74ab1690589d27af4b"", ""adapter_model.safetensors"": ""109a8f8284daa35887b309c03f53b03079e51e39ec821afd41f4653d983c56f8"", ""chat_template.jinja"": ""a0bc6f6fc7a29a80017a433e8f03a1cc1236e838a944a2d034295a60c4f2fddb"", ""processor_config.json"": ""edb8dd5001f02dd3a488fd63d664fcdc5514c4a93962bf1be534a0acf6e2c714"", ""tokenizer.json"": ""ff8cce547abc110590d19c6b5b6e0c6a7b4c8d1012d78b9c42131bae7f494a02"", ""tokenizer_config.json"": ""5afec58078ec072cdc9ad190a63c8657f9c47ec71068ff9c77423f1ea0422364""}",,7f29cebb9d06eca06ad0d6c690e4d5a083b71a9c42008f88e92474e3ff0eb98a,eb4075c77285da02c52794154760fa969fb21ab3dcceb0820cb7d2ba27d27471,http://images.cocodataset.org/train2017/000000350851.jpg,http://images.cocodataset.org/train2017/000000350851.jpg,vsr_test:1467,http://images.cocodataset.org/train2017/000000328810.jpg,shuffle_image,tier_a_v0.1,"{""algorithm"": ""cycle derangement"", ""axis"": ""evidence"", ""condition"": ""shuffle"", ""forbid_self_pair"": true, ""mapping_file_sha256"": ""d0ca3efb893c3338c12823430a9c1007d019eb79f432c51851ff7c318e1eb171"", ""replacement_example_id"": ""vsr_test:1467"", ""seed"": 20260810}",20260810,"{""do_sample"": false, ""max_new_tokens"": 5}",tier_a_pilot200,2f047945e4a22ea8774c8172826991930be36ad0,v0.1
vsr_test:0103,vsr_test:0103,test,shuffle,evidence,The couch is near the dog.,The couch is near the dog.,near,proximity,couch,dog,True,,,False,False, False,Qwen/Qwen2-VL-7B-Instruct,,7B_general_lora,/home/ubuntu/vlm-spatial-reasoning/checkpoints/qwen2vl_7b_general_lora/final,"{""README.md"": ""ad67fbd14e29a7dae114b54d70c840eab4d917c7d4bbce31d8e923429325d12b"", ""adapter_config.json"": ""4cc863971496d11551ef4f7a943764405400230a371c1c74ab1690589d27af4b"", ""adapter_model.safetensors"": ""109a8f8284daa35887b309c03f53b03079e51e39ec821afd41f4653d983c56f8"", ""chat_template.jinja"": ""a0bc6f6fc7a29a80017a433e8f03a1cc1236e838a944a2d034295a60c4f2fddb"", ""processor_config.json"": ""edb8dd5001f02dd3a488fd63d664fcdc5514c4a93962bf1be534a0acf6e2c714"", ""tokenizer.json"": ""ff8cce547abc110590d19c6b5b6e0c6a7b4c8d1012d78b9c42131bae7f494a02"", ""tokenizer_config.json"": ""5afec58078ec072cdc9ad190a63c8657f9c47ec71068ff9c77423f1ea0422364""}",,7f29cebb9d06eca06ad0d6c690e4d5a083b71a9c42008f88e92474e3ff0eb98a,eb4075c77285da02c52794154760fa969fb21ab3dcceb0820cb7d2ba27d27471,http://images.cocodataset.org/train2017/000000286480.jpg,http://images.cocodataset.org/train2017/000000286480.jpg,vsr_test:0208,http://images.cocodataset.org/train2017/000000009735.jpg,shuffle_image,tier_a_v0.1,"{""algorithm"": ""cycle derangement"", ""axis"": ""evidence"", ""condition"": ""shuffle"", ""forbid_self_pair"": true, ""mapping_file_sha256"": ""d0ca3efb893c3338c12823430a9c1007d019eb79f432c51851ff7c318e1eb171"", ""replacement_example_id"": ""vsr_test:0208"", ""seed"": 20260810}",20260810,"{""do_sample"": false, ""max_new_tokens"": 5}",tier_a_pilot200,2f047945e4a22ea8774c8172826991930be36ad0,v0.1
vsr_test:0104,vsr_test:0104,test,shuffle,evidence,The pizza is below the cell phone.,The pizza is below the cell phone.,below,vertical,pizza,cell phone,False,,,False,True, False.,Qwen/Qwen2-VL-7B-Instruct,,7B_general_lora,/home/ubuntu/vlm-spatial-reasoning/checkpoints/qwen2vl_7b_general_lora/final,"{""README.md"": ""ad67fbd14e29a7dae114b54d70c840eab4d917c7d4bbce31d8e923429325d12b"", ""adapter_config.json"": ""4cc863971496d11551ef4f7a943764405400230a371c1c74ab1690589d27af4b"", ""adapter_model.safetensors"": ""109a8f8284daa35887b309c03f53b03079e51e39ec821afd41f4653d983c56f8"", ""chat_template.jinja"": ""a0bc6f6fc7a29a80017a433e8f03a1cc1236e838a944a2d034295a60c4f2fddb"", ""processor_config.json"": ""edb8dd5001f02dd3a488fd63d664fcdc5514c4a93962bf1be534a0acf6e2c714"", ""tokenizer.json"": ""ff8cce547abc110590d19c6b5b6e0c6a7b4c8d1012d78b9c42131bae7f494a02"", ""tokenizer_config.json"": ""5afec58078ec072cdc9ad190a63c8657f9c47ec71068ff9c77423f1ea0422364""}",,7f29cebb9d06eca06ad0d6c690e4d5a083b71a9c42008f88e92474e3ff0eb98a,eb4075c77285da02c52794154760fa969fb21ab3dcceb0820cb7d2ba27d27471,http://images.cocodataset.org/train2017/000000435920.jpg,http://images.cocodataset.org/train2017/000000435920.jpg,vsr_test:0328,http://images.cocodataset.org/train2017/000000503456.jpg,shuffle_image,tier_a_v0.1,"{""algorithm"": ""cycle derangement"", ""axis"": ""evidence"", ""condition"": ""shuffle"", ""forbid_self_pair"": true, ""mapping_file_sha256"": ""d0ca3efb893c3338c12823430a9c1007d019eb79f432c51851ff7c318e1eb171"", ""replacement_example_id"": ""vsr_test:0328"", ""seed"": 20260810}",20260810,"{""do_sample"": false, ""max_new_tokens"": 5}",tier_a_pilot200,2f047945e4a22ea8774c8172826991930be36ad0,v0.1
vsr_test:0105,vsr_test:0105,test,shuffle,evidence,The person is above the giraffe.,The person is above the giraffe.,above,vertical,person,giraffe,True,,,False,False, False.,Qwen/Qwen2-VL-7B-Instruct,,7B_general_lora,/home/ubuntu/vlm-spatial-reasoning/checkpoints/qwen2vl_7b_general_lora/final,"{""README.md"": ""ad67fbd14e29a7dae114b54d70c840eab4d917c7d4bbce31d8e923429325d12b"", ""adapter_config.json"": ""4cc863971496d11551ef4f7a943764405400230a371c1c74ab1690589d27af4b"", ""adapter_model.safetensors"": ""109a8f8284daa35887b309c03f53b03079e51e39ec821afd41f4653d983c56f8"", ""chat_template.jinja"": ""a0bc6f6fc7a29a80017a433e8f03a1cc1236e838a944a2d034295a60c4f2fddb"", ""processor_config.json"": ""edb8dd5001f02dd3a488fd63d664fcdc5514c4a93962bf1be534a0acf6e2c714"", ""tokenizer.json"": ""ff8cce547abc110590d19c6b5b6e0c6a7b4c8d1012d78b9c42131bae7f494a02"", ""tokenizer_config.json"": ""5afec58078ec072cdc9ad190a63c8657f9c47ec71068ff9c77423f1ea0422364""}",,7f29cebb9d06eca06ad0d6c690e4d5a083b71a9c42008f88e92474e3ff0eb98a,eb4075c77285da02c52794154760fa969fb21ab3dcceb0820cb7d2ba27d27471,http://images.cocodataset.org/train2017/000000578671.jpg,http://images.cocodataset.org/train2017/000000578671.jpg,vsr_test:1237,http://images.cocodataset.org/train2017/000000055412.jpg,shuffle_image,tier_a_v0.1,"{""algorithm"": ""cycle derangement"", ""axis"": ""evidence"", ""condition"": ""shuffle"", ""forbid_self_pair"": true, ""mapping_file_sha256"": ""d0ca3efb893c3338c12823430a9c1007d019eb79f432c51851ff7c318e1eb171"", ""replacement_example_id"": ""vsr_test:1237"", ""seed"": 20260810}",20260810,"{""do_sample"": false, ""max_new_tokens"": 5}",tier_a_pilot200,2f047945e4a22ea8774c8172826991930be36ad0,v0.1
vsr_test:0106,vsr_test:0106,test,shuffle,evidence,The parking meter is facing away from the person.,The parking meter is facing away from the person.,facing away from,orientation,parking meter,person,False,,,False,True, False.,Qwen/Qwen2-VL-7B-Instruct,,7B_general_lora,/home/ubuntu/vlm-spatial-reasoning/checkpoints/qwen2vl_7b_general_lora/final,"{""README.md"": ""ad67fbd14e29a7dae114b54d70c840eab4d917c7d4bbce31d8e923429325d12b"", ""adapter_config.json"": ""4cc863971496d11551ef4f7a943764405400230a371c1c74ab1690589d27af4b"", ""adapter_model.safetensors"": ""109a8f8284daa35887b309c03f53b03079e51e39ec821afd41f4653d983c56f8"", ""chat_template.jinja"": ""a0bc6f6fc7a29a80017a433e8f03a1cc1236e838a944a2d034295a60c4f2fddb"", ""processor_config.json"": ""edb8dd5001f02dd3a488fd63d664fcdc5514c4a93962bf1be534a0acf6e2c714"", ""tokenizer.json"": ""ff8cce547abc110590d19c6b5b6e0c6a7b4c8d1012d78b9c42131bae7f494a02"", ""tokenizer_config.json"": ""5afec58078ec072cdc9ad190a63c8657f9c47ec71068ff9c77423f1ea0422364""}",,7f29cebb9d06eca06ad0d6c690e4d5a083b71a9c42008f88e92474e3ff0eb98a,eb4075c77285da02c52794154760fa969fb21ab3dcceb0820cb7d2ba27d27471,http://images.cocodataset.org/train2017/000000567205.jpg,http://images.cocodataset.org/train2017/000000567205.jpg,vsr_test:1292,http://images.cocodataset.org/train2017/000000297631.jpg,shuffle_image,tier_a_v0.1,"{""algorithm"": ""cycle derangement"", ""axis"": ""evidence"", ""condition"": ""shuffle"", ""forbid_self_pair"": true, ""mapping_file_sha256"": ""d0ca3efb893c3338c12823430a9c1007d019eb79f432c51851ff7c318e1eb171"", ""replacement_example_id"": ""vsr_test:1292"", ""seed"": 20260810}",20260810,"{""do_sample"": false, ""max_new_tokens"": 5}",tier_a_pilot200,2f047945e4a22ea8774c8172826991930be36ad0,v0.1
vsr_test:0107,vsr_test:0107,test,shuffle,evidence,The dining table is at the right side of the refrigerator.,The dining table is at the right side of the refrigerator.,at the right side of,horizontal,dining table,refrigerator,True,,,False,False, False.,Qwen/Qwen2-VL-7B-Instruct,,7B_general_lora,/home/ubuntu/vlm-spatial-reasoning/checkpoints/qwen2vl_7b_general_lora/final,"{""README.md"": ""ad67fbd14e29a7dae114b54d70c840eab4d917c7d4bbce31d8e923429325d12b"", ""adapter_config.json"": ""4cc863971496d11551ef4f7a943764405400230a371c1c74ab1690589d27af4b"", ""adapter_model.safetensors"": ""109a8f8284daa35887b309c03f53b03079e51e39ec821afd41f4653d983c56f8"", ""chat_template.jinja"": ""a0bc6f6fc7a29a80017a433e8f03a1cc1236e838a944a2d034295a60c4f2fddb"", ""processor_config.json"": ""edb8dd5001f02dd3a488fd63d664fcdc5514c4a93962bf1be534a0acf6e2c714"", ""tokenizer.json"": ""ff8cce547abc110590d19c6b5b6e0c6a7b4c8d1012d78b9c42131bae7f494a02"", ""tokenizer_config.json"": ""5afec58078ec072cdc9ad190a63c8657f9c47ec71068ff9c77423f1ea0422364""}",,7f29cebb9d06eca06ad0d6c690e4d5a083b71a9c42008f88e92474e3ff0eb98a,eb4075c77285da02c52794154760fa969fb21ab3dcceb0820cb7d2ba27d27471,http://images.cocodataset.org/train2017/000000240709.jpg,http://images.cocodataset.org/train2017/000000240709.jpg,vsr_test:2082,http://images.cocodataset.org/train2017/000000374072.jpg,shuffle_image,tier_a_v0.1,"{""algorithm"": ""cycle derangement"", ""axis"": ""evidence"", ""condition"": ""shuffle"", ""forbid_self_pair"": true, ""mapping_file_sha256"": ""d0ca3efb893c3338c12823430a9c1007d019eb79f432c51851ff7c318e1eb171"", ""replacement_example_id"": ""vsr_test:2082"", ""seed"": 20260810}",20260810,"{""do_sample"": false, ""max_new_tokens"": 5}",tier_a_pilot200,2f047945e4a22ea8774c8172826991930be36ad0,v0.1
vsr_test:0108,vsr_test:0108,test,shuffle,evidence,The cake is ahead of the apple.,The cake is ahead of the apple.,ahead of,depth,cake,apple,True,,,False,False, False.,Qwen/Qwen2-VL-7B-Instruct,,7B_general_lora,/home/ubuntu/vlm-spatial-reasoning/checkpoints/qwen2vl_7b_general_lora/final,"{""README.md"": ""ad67fbd14e29a7dae114b54d70c840eab4d917c7d4bbce31d8e923429325d12b"", ""adapter_config.json"": ""4cc863971496d11551ef4f7a943764405400230a371c1c74ab1690589d27af4b"", ""adapter_model.safetensors"": ""109a8f8284daa35887b309c03f53b03079e51e39ec821afd41f4653d983c56f8"", ""chat_template.jinja"": ""a0bc6f6fc7a29a80017a433e8f03a1cc1236e838a944a2d034295a60c4f2fddb"", ""processor_config.json"": ""edb8dd5001f02dd3a488fd63d664fcdc5514c4a93962bf1be534a0acf6e2c714"", ""tokenizer.json"": ""ff8cce547abc110590d19c6b5b6e0c6a7b4c8d1012d78b9c42131bae7f494a02"", ""tokenizer_config.json"": ""5afec58078ec072cdc9ad190a63c8657f9c47ec71068ff9c77423f1ea0422364""}",,7f29cebb9d06eca06ad0d6c690e4d5a083b71a9c42008f88e92474e3ff0eb98a,eb4075c77285da02c52794154760fa969fb21ab3dcceb0820cb7d2ba27d27471,http://images.cocodataset.org/train2017/000000020908.jpg,http://images.cocodataset.org/train2017/000000020908.jpg,vsr_test:1784,http://images.cocodataset.org/train2017/000000416960.jpg,shuffle_image,tier_a_v0.1,"{""algorithm"": ""cycle derangement"", ""axis"": ""evidence"", ""condition"": ""shuffle"", ""forbid_self_pair"": true, ""mapping_file_sha256"": ""d0ca3efb893c3338c12823430a9c1007d019eb79f432c51851ff7c318e1eb171"", ""replacement_example_id"": ""vsr_test:1784"", ""seed"": 20260810}",20260810,"{""do_sample"": false, ""max_new_tokens"": 5}",tier_a_pilot200,2f047945e4a22ea8774c8172826991930be36ad0,v0.1
vsr_test:0109,vsr_test:0109,test,shuffle,evidence,The bicycle is in front of the umbrella.,The bicycle is in front of the umbrella.,in front of,depth,bicycle,umbrella,True,,,False,False, False.,Qwen/Qwen2-VL-7B-Instruct,,7B_general_lora,/home/ubuntu/vlm-spatial-reasoning/checkpoints/qwen2vl_7b_general_lora/final,"{""README.md"": ""ad67fbd14e29a7dae114b54d70c840eab4d917c7d4bbce31d8e923429325d12b"", ""adapter_config.json"": ""4cc863971496d11551ef4f7a943764405400230a371c1c74ab1690589d27af4b"", ""adapter_model.safetensors"": ""109a8f8284daa35887b309c03f53b03079e51e39ec821afd41f4653d983c56f8"", ""chat_template.jinja"": ""a0bc6f6fc7a29a80017a433e8f03a1cc1236e838a944a2d034295a60c4f2fddb"", ""processor_config.json"": ""edb8dd5001f02dd3a488fd63d664fcdc5514c4a93962bf1be534a0acf6e2c714"", ""tokenizer.json"": ""ff8cce547abc110590d19c6b5b6e0c6a7b4c8d1012d78b9c42131bae7f494a02"", ""tokenizer_config.json"": ""5afec58078ec072cdc9ad190a63c8657f9c47ec71068ff9c77423f1ea0422364""}",,7f29cebb9d06eca06ad0d6c690e4d5a083b71a9c42008f88e92474e3ff0eb98a,eb4075c77285da02c52794154760fa969fb21ab3dcceb0820cb7d2ba27d27471,http://images.cocodataset.org/train2017/000000205613.jpg,http://images.cocodataset.org/train2017/000000205613.jpg,vsr_test:1439,http://images.cocodataset.org/train2017/000000381051.jpg,shuffle_image,tier_a_v0.1,"{""algorithm"": ""cycle derangement"", ""axis"": ""evidence"", ""condition"": ""shuffle"", ""forbid_self_pair"": true, ""mapping_file_sha256"": ""d0ca3efb893c3338c12823430a9c1007d019eb79f432c51851ff7c318e1eb171"", ""replacement_example_id"": ""vsr_test:1439"", ""seed"": 20260810}",20260810,"{""do_sample"": false, ""max_new_tokens"": 5}",tier_a_pilot200,2f047945e4a22ea8774c8172826991930be36ad0,v0.1
vsr_test:0110,vsr_test:0110,test,shuffle,evidence,The keyboard is at the right side of the apple.,The keyboard is at the right side of the apple.,at the right side of,horizontal,keyboard,apple,True,,,False,False, False.,Qwen/Qwen2-VL-7B-Instruct,,7B_general_lora,/home/ubuntu/vlm-spatial-reasoning/checkpoints/qwen2vl_7b_general_lora/final,"{""README.md"": ""ad67fbd14e29a7dae114b54d70c840eab4d917c7d4bbce31d8e923429325d12b"", ""adapter_config.json"": ""4cc863971496d11551ef4f7a943764405400230a371c1c74ab1690589d27af4b"", ""adapter_model.safetensors"": ""109a8f8284daa35887b309c03f53b03079e51e39ec821afd41f4653d983c56f8"", ""chat_template.jinja"": ""a0bc6f6fc7a29a80017a433e8f03a1cc1236e838a944a2d034295a60c4f2fddb"", ""processor_config.json"": ""edb8dd5001f02dd3a488fd63d664fcdc5514c4a93962bf1be534a0acf6e2c714"", ""tokenizer.json"": ""ff8cce547abc110590d19c6b5b6e0c6a7b4c8d1012d78b9c42131bae7f494a02"", ""tokenizer_config.json"": ""5afec58078ec072cdc9ad190a63c8657f9c47ec71068ff9c77423f1ea0422364""}",,7f29cebb9d06eca06ad0d6c690e4d5a083b71a9c42008f88e92474e3ff0eb98a,eb4075c77285da02c52794154760fa969fb21ab3dcceb0820cb7d2ba27d27471,http://images.cocodataset.org/train2017/000000511644.jpg,http://images.cocodataset.org/train2017/000000511644.jpg,vsr_test:1583,http://images.cocodataset.org/train2017/000000387136.jpg,shuffle_image,tier_a_v0.1,"{""algorithm"": ""cycle derangement"", ""axis"": ""evidence"", ""condition"": ""shuffle"", ""forbid_self_pair"": true, ""mapping_file_sha256"": ""d0ca3efb893c3338c12823430a9c1007d019eb79f432c51851ff7c318e1eb171"", ""replacement_example_id"": ""vsr_test:1583"", ""seed"": 20260810}",20260810,"{""do_sample"": false, ""max_new_tokens"": 5}",tier_a_pilot200,2f047945e4a22ea8774c8172826991930be36ad0,v0.1
vsr_test:0111,vsr_test:0111,test,shuffle,evidence,The person is surrounding the banana.,The person is surrounding the banana.,surrounding,compositional,person,,False,,,False,True, False.,Qwen/Qwen2-VL-7B-Instruct,,7B_general_lora,/home/ubuntu/vlm-spatial-reasoning/checkpoints/qwen2vl_7b_general_lora/final,"{""README.md"": ""ad67fbd14e29a7dae114b54d70c840eab4d917c7d4bbce31d8e923429325d12b"", ""adapter_config.json"": ""4cc863971496d11551ef4f7a943764405400230a371c1c74ab1690589d27af4b"", ""adapter_model.safetensors"": ""109a8f8284daa35887b309c03f53b03079e51e39ec821afd41f4653d983c56f8"", ""chat_template.jinja"": ""a0bc6f6fc7a29a80017a433e8f03a1cc1236e838a944a2d034295a60c4f2fddb"", ""processor_config.json"": ""edb8dd5001f02dd3a488fd63d664fcdc5514c4a93962bf1be534a0acf6e2c714"", ""tokenizer.json"": ""ff8cce547abc110590d19c6b5b6e0c6a7b4c8d1012d78b9c42131bae7f494a02"", ""tokenizer_config.json"": ""5afec58078ec072cdc9ad190a63c8657f9c47ec71068ff9c77423f1ea0422364""}",,7f29cebb9d06eca06ad0d6c690e4d5a083b71a9c42008f88e92474e3ff0eb98a,eb4075c77285da02c52794154760fa969fb21ab3dcceb0820cb7d2ba27d27471,http://images.cocodataset.org/train2017/000000119729.jpg,http://images.cocodataset.org/train2017/000000119729.jpg,vsr_test:1677,http://images.cocodataset.org/train2017/000000292232.jpg,shuffle_image,tier_a_v0.1,"{""algorithm"": ""cycle derangement"", ""axis"": ""evidence"", ""condition"": ""shuffle"", ""forbid_self_pair"": true, ""mapping_file_sha256"": ""d0ca3efb893c3338c12823430a9c1007d019eb79f432c51851ff7c318e1eb171"", ""replacement_example_id"": ""vsr_test:1677"", ""seed"": 20260810}",20260810,"{""do_sample"": false, ""max_new_tokens"": 5}",tier_a_pilot200,2f047945e4a22ea8774c8172826991930be36ad0,v0.1
vsr_test:0112,vsr_test:0112,test,shuffle,evidence,The dog is in the middle of the bed.,The dog is in the middle of the bed.,in the middle of,compositional,dog,bed,True,,,True,True, True.,Qwen/Qwen2-VL-7B-Instruct,,7B_general_lora,/home/ubuntu/vlm-spatial-reasoning/checkpoints/qwen2vl_7b_general_lora/final,"{""README.md"": ""ad67fbd14e29a7dae114b54d70c840eab4d917c7d4bbce31d8e923429325d12b"", ""adapter_config.json"": ""4cc863971496d11551ef4f7a943764405400230a371c1c74ab1690589d27af4b"", ""adapter_model.safetensors"": ""109a8f8284daa35887b309c03f53b03079e51e39ec821afd41f4653d983c56f8"", ""chat_template.jinja"": ""a0bc6f6fc7a29a80017a433e8f03a1cc1236e838a944a2d034295a60c4f2fddb"", ""processor_config.json"": ""edb8dd5001f02dd3a488fd63d664fcdc5514c4a93962bf1be534a0acf6e2c714"", ""tokenizer.json"": ""ff8cce547abc110590d19c6b5b6e0c6a7b4c8d1012d78b9c42131bae7f494a02"", ""tokenizer_config.json"": ""5afec58078ec072cdc9ad190a63c8657f9c47ec71068ff9c77423f1ea0422364""}",,7f29cebb9d06eca06ad0d6c690e4d5a083b71a9c42008f88e92474e3ff0eb98a,eb4075c77285da02c52794154760fa969fb21ab3dcceb0820cb7d2ba27d27471,http://images.cocodataset.org/train2017/000000016297.jpg,http://images.cocodataset.org/train2017/000000016297.jpg,vsr_test:0652,http://images.cocodataset.org/train2017/000000128346.jpg,shuffle_image,tier_a_v0.1,"{""algorithm"": ""cycle derangement"", ""axis"": ""evidence"", ""condition"": ""shuffle"", ""forbid_self_pair"": true, ""mapping_file_sha256"": ""d0ca3efb893c3338c12823430a9c1007d019eb79f432c51851ff7c318e1eb171"", ""replacement_example_id"": ""vsr_test:0652"", ""seed"": 20260810}",20260810,"{""do_sample"": false, ""max_new_tokens"": 5}",tier_a_pilot200,2f047945e4a22ea8774c8172826991930be36ad0,v0.1
vsr_test:0113,vsr_test:0113,test,shuffle,evidence,The person is touching the cat.,The person is touching the cat.,touching,topology_contact,person,cat,True,,,False,False, False.,Qwen/Qwen2-VL-7B-Instruct,,7B_general_lora,/home/ubuntu/vlm-spatial-reasoning/checkpoints/qwen2vl_7b_general_lora/final,"{""README.md"": ""ad67fbd14e29a7dae114b54d70c840eab4d917c7d4bbce31d8e923429325d12b"", ""adapter_config.json"": ""4cc863971496d11551ef4f7a943764405400230a371c1c74ab1690589d27af4b"", ""adapter_model.safetensors"": ""109a8f8284daa35887b309c03f53b03079e51e39ec821afd41f4653d983c56f8"", ""chat_template.jinja"": ""a0bc6f6fc7a29a80017a433e8f03a1cc1236e838a944a2d034295a60c4f2fddb"", ""processor_config.json"": ""edb8dd5001f02dd3a488fd63d664fcdc5514c4a93962bf1be534a0acf6e2c714"", ""tokenizer.json"": ""ff8cce547abc110590d19c6b5b6e0c6a7b4c8d1012d78b9c42131bae7f494a02"", ""tokenizer_config.json"": ""5afec58078ec072cdc9ad190a63c8657f9c47ec71068ff9c77423f1ea0422364""}",,7f29cebb9d06eca06ad0d6c690e4d5a083b71a9c42008f88e92474e3ff0eb98a,eb4075c77285da02c52794154760fa969fb21ab3dcceb0820cb7d2ba27d27471,http://images.cocodataset.org/train2017/000000101348.jpg,http://images.cocodataset.org/train2017/000000101348.jpg,vsr_test:1943,http://images.cocodataset.org/train2017/000000087739.jpg,shuffle_image,tier_a_v0.1,"{""algorithm"": ""cycle derangement"", ""axis"": ""evidence"", ""condition"": ""shuffle"", ""forbid_self_pair"": true, ""mapping_file_sha256"": ""d0ca3efb893c3338c12823430a9c1007d019eb79f432c51851ff7c318e1eb171"", ""replacement_example_id"": ""vsr_test:1943"", ""seed"": 20260810}",20260810,"{""do_sample"": false, ""max_new_tokens"": 5}",tier_a_pilot200,2f047945e4a22ea8774c8172826991930be36ad0,v0.1
vsr_test:0114,vsr_test:0114,test,shuffle,evidence,The person is facing the book.,The person is facing the book.,facing,orientation,person,book,False,,,False,True, False.,Qwen/Qwen2-VL-7B-Instruct,,7B_general_lora,/home/ubuntu/vlm-spatial-reasoning/checkpoints/qwen2vl_7b_general_lora/final,"{""README.md"": ""ad67fbd14e29a7dae114b54d70c840eab4d917c7d4bbce31d8e923429325d12b"", ""adapter_config.json"": ""4cc863971496d11551ef4f7a943764405400230a371c1c74ab1690589d27af4b"", ""adapter_model.safetensors"": ""109a8f8284daa35887b309c03f53b03079e51e39ec821afd41f4653d983c56f8"", ""chat_template.jinja"": ""a0bc6f6fc7a29a80017a433e8f03a1cc1236e838a944a2d034295a60c4f2fddb"", ""processor_config.json"": ""edb8dd5001f02dd3a488fd63d664fcdc5514c4a93962bf1be534a0acf6e2c714"", ""tokenizer.json"": ""ff8cce547abc110590d19c6b5b6e0c6a7b4c8d1012d78b9c42131bae7f494a02"", ""tokenizer_config.json"": ""5afec58078ec072cdc9ad190a63c8657f9c47ec71068ff9c77423f1ea0422364""}",,7f29cebb9d06eca06ad0d6c690e4d5a083b71a9c42008f88e92474e3ff0eb98a,eb4075c77285da02c52794154760fa969fb21ab3dcceb0820cb7d2ba27d27471,http://images.cocodataset.org/train2017/000000040114.jpg,http://images.cocodataset.org/train2017/000000040114.jpg,vsr_test:1526,http://images.cocodataset.org/train2017/000000428407.jpg,shuffle_image,tier_a_v0.1,"{""algorithm"": ""cycle derangement"", ""axis"": ""evidence"", ""condition"": ""shuffle"", ""forbid_self_pair"": true, ""mapping_file_sha256"": ""d0ca3efb893c3338c12823430a9c1007d019eb79f432c51851ff7c318e1eb171"", ""replacement_example_id"": ""vsr_test:1526"", ""seed"": 20260810}",20260810,"{""do_sample"": false, ""max_new_tokens"": 5}",tier_a_pilot200,2f047945e4a22ea8774c8172826991930be36ad0,v0.1
vsr_test:0115,vsr_test:0115,test,shuffle,evidence,The handbag is on the person.,The handbag is on the person.,on,topology_contact,handbag,person,False,,,False,True, False.,Qwen/Qwen2-VL-7B-Instruct,,7B_general_lora,/home/ubuntu/vlm-spatial-reasoning/checkpoints/qwen2vl_7b_general_lora/final,"{""README.md"": ""ad67fbd14e29a7dae114b54d70c840eab4d917c7d4bbce31d8e923429325d12b"", ""adapter_config.json"": ""4cc863971496d11551ef4f7a943764405400230a371c1c74ab1690589d27af4b"", ""adapter_model.safetensors"": ""109a8f8284daa35887b309c03f53b03079e51e39ec821afd41f4653d983c56f8"", ""chat_template.jinja"": ""a0bc6f6fc7a29a80017a433e8f03a1cc1236e838a944a2d034295a60c4f2fddb"", ""processor_config.json"": ""edb8dd5001f02dd3a488fd63d664fcdc5514c4a93962bf1be534a0acf6e2c714"", ""tokenizer.json"": ""ff8cce547abc110590d19c6b5b6e0c6a7b4c8d1012d78b9c42131bae7f494a02"", ""tokenizer_config.json"": ""5afec58078ec072cdc9ad190a63c8657f9c47ec71068ff9c77423f1ea0422364""}",,7f29cebb9d06eca06ad0d6c690e4d5a083b71a9c42008f88e92474e3ff0eb98a,eb4075c77285da02c52794154760fa969fb21ab3dcceb0820cb7d2ba27d27471,http://images.cocodataset.org/train2017/000000570560.jpg,http://images.cocodataset.org/train2017/000000570560.jpg,vsr_test:1706,http://images.cocodataset.org/train2017/000000443410.jpg,shuffle_image,tier_a_v0.1,"{""algorithm"": ""cycle derangement"", ""axis"": ""evidence"", ""condition"": ""shuffle"", ""forbid_self_pair"": true, ""mapping_file_sha256"": ""d0ca3efb893c3338c12823430a9c1007d019eb79f432c51851ff7c318e1eb171"", ""replacement_example_id"": ""vsr_test:1706"", ""seed"": 20260810}",20260810,"{""do_sample"": false, ""max_new_tokens"": 5}",tier_a_pilot200,2f047945e4a22ea8774c8172826991930be36ad0,v0.1
vsr_test:0116,vsr_test:0116,test,shuffle,evidence,The person is touching the teddy bear.,The person is touching the teddy bear.,touching,topology_contact,person,teddy bear,True,,,False,False, False,Qwen/Qwen2-VL-7B-Instruct,,7B_general_lora,/home/ubuntu/vlm-spatial-reasoning/checkpoints/qwen2vl_7b_general_lora/final,"{""README.md"": ""ad67fbd14e29a7dae114b54d70c840eab4d917c7d4bbce31d8e923429325d12b"", ""adapter_config.json"": ""4cc863971496d11551ef4f7a943764405400230a371c1c74ab1690589d27af4b"", ""adapter_model.safetensors"": ""109a8f8284daa35887b309c03f53b03079e51e39ec821afd41f4653d983c56f8"", ""chat_template.jinja"": ""a0bc6f6fc7a29a80017a433e8f03a1cc1236e838a944a2d034295a60c4f2fddb"", ""processor_config.json"": ""edb8dd5001f02dd3a488fd63d664fcdc5514c4a93962bf1be534a0acf6e2c714"", ""tokenizer.json"": ""ff8cce547abc110590d19c6b5b6e0c6a7b4c8d1012d78b9c42131bae7f494a02"", ""tokenizer_config.json"": ""5afec58078ec072cdc9ad190a63c8657f9c47ec71068ff9c77423f1ea0422364""}",,7f29cebb9d06eca06ad0d6c690e4d5a083b71a9c42008f88e92474e3ff0eb98a,eb4075c77285da02c52794154760fa969fb21ab3dcceb0820cb7d2ba27d27471,http://images.cocodataset.org/train2017/000000387358.jpg,http://images.cocodataset.org/train2017/000000387358.jpg,vsr_test:1078,http://images.cocodataset.org/train2017/000000331503.jpg,shuffle_image,tier_a_v0.1,"{""algorithm"": ""cycle derangement"", ""axis"": ""evidence"", ""condition"": ""shuffle"", ""forbid_self_pair"": true, ""mapping_file_sha256"": ""d0ca3efb893c3338c12823430a9c1007d019eb79f432c51851ff7c318e1eb171"", ""replacement_example_id"": ""vsr_test:1078"", ""seed"": 20260810}",20260810,"{""do_sample"": false, ""max_new_tokens"": 5}",tier_a_pilot200,2f047945e4a22ea8774c8172826991930be36ad0,v0.1
vsr_test:0117,vsr_test:0117,test,shuffle,evidence,The teddy bear is beneath the person.,The teddy bear is beneath the person.,beneath,vertical,teddy bear,person,True,,,False,False, False.,Qwen/Qwen2-VL-7B-Instruct,,7B_general_lora,/home/ubuntu/vlm-spatial-reasoning/checkpoints/qwen2vl_7b_general_lora/final,"{""README.md"": ""ad67fbd14e29a7dae114b54d70c840eab4d917c7d4bbce31d8e923429325d12b"", ""adapter_config.json"": ""4cc863971496d11551ef4f7a943764405400230a371c1c74ab1690589d27af4b"", ""adapter_model.safetensors"": ""109a8f8284daa35887b309c03f53b03079e51e39ec821afd41f4653d983c56f8"", ""chat_template.jinja"": ""a0bc6f6fc7a29a80017a433e8f03a1cc1236e838a944a2d034295a60c4f2fddb"", ""processor_config.json"": ""edb8dd5001f02dd3a488fd63d664fcdc5514c4a93962bf1be534a0acf6e2c714"", ""tokenizer.json"": ""ff8cce547abc110590d19c6b5b6e0c6a7b4c8d1012d78b9c42131bae7f494a02"", ""tokenizer_config.json"": ""5afec58078ec072cdc9ad190a63c8657f9c47ec71068ff9c77423f1ea0422364""}",,7f29cebb9d06eca06ad0d6c690e4d5a083b71a9c42008f88e92474e3ff0eb98a,eb4075c77285da02c52794154760fa969fb21ab3dcceb0820cb7d2ba27d27471,http://images.cocodataset.org/train2017/000000332833.jpg,http://images.cocodataset.org/train2017/000000332833.jpg,vsr_test:0607,http://images.cocodataset.org/train2017/000000337660.jpg,shuffle_image,tier_a_v0.1,"{""algorithm"": ""cycle derangement"", ""axis"": ""evidence"", ""condition"": ""shuffle"", ""forbid_self_pair"": true, ""mapping_file_sha256"": ""d0ca3efb893c3338c12823430a9c1007d019eb79f432c51851ff7c318e1eb171"", ""replacement_example_id"": ""vsr_test:0607"", ""seed"": 20260810}",20260810,"{""do_sample"": false, ""max_new_tokens"": 5}",tier_a_pilot200,2f047945e4a22ea8774c8172826991930be36ad0,v0.1
vsr_test:0118,vsr_test:0118,test,shuffle,evidence,The cell phone is at the right side of the person.,The cell phone is at the right side of the person.,at the right side of,horizontal,cell phone,person,False,,,False,True, False.,Qwen/Qwen2-VL-7B-Instruct,,7B_general_lora,/home/ubuntu/vlm-spatial-reasoning/checkpoints/qwen2vl_7b_general_lora/final,"{""README.md"": ""ad67fbd14e29a7dae114b54d70c840eab4d917c7d4bbce31d8e923429325d12b"", ""adapter_config.json"": ""4cc863971496d11551ef4f7a943764405400230a371c1c74ab1690589d27af4b"", ""adapter_model.safetensors"": ""109a8f8284daa35887b309c03f53b03079e51e39ec821afd41f4653d983c56f8"", ""chat_template.jinja"": ""a0bc6f6fc7a29a80017a433e8f03a1cc1236e838a944a2d034295a60c4f2fddb"", ""processor_config.json"": ""edb8dd5001f02dd3a488fd63d664fcdc5514c4a93962bf1be534a0acf6e2c714"", ""tokenizer.json"": ""ff8cce547abc110590d19c6b5b6e0c6a7b4c8d1012d78b9c42131bae7f494a02"", ""tokenizer_config.json"": ""5afec58078ec072cdc9ad190a63c8657f9c47ec71068ff9c77423f1ea0422364""}",,7f29cebb9d06eca06ad0d6c690e4d5a083b71a9c42008f88e92474e3ff0eb98a,eb4075c77285da02c52794154760fa969fb21ab3dcceb0820cb7d2ba27d27471,http://images.cocodataset.org/train2017/000000109488.jpg,http://images.cocodataset.org/train2017/000000109488.jpg,vsr_test:1098,http://images.cocodataset.org/train2017/000000109924.jpg,shuffle_image,tier_a_v0.1,"{""algorithm"": ""cycle derangement"", ""axis"": ""evidence"", ""condition"": ""shuffle"", ""forbid_self_pair"": true, ""mapping_file_sha256"": ""d0ca3efb893c3338c12823430a9c1007d019eb79f432c51851ff7c318e1eb171"", ""replacement_example_id"": ""vsr_test:1098"", ""seed"": 20260810}",20260810,"{""do_sample"": false, ""max_new_tokens"": 5}",tier_a_pilot200,2f047945e4a22ea8774c8172826991930be36ad0,v0.1
vsr_test:0119,vsr_test:0119,test,shuffle,evidence,The dog is on the surfboard.,The dog is on the surfboard.,on,topology_contact,dog,surfboard,True,,,False,False, False.,Qwen/Qwen2-VL-7B-Instruct,,7B_general_lora,/home/ubuntu/vlm-spatial-reasoning/checkpoints/qwen2vl_7b_general_lora/final,"{""README.md"": ""ad67fbd14e29a7dae114b54d70c840eab4d917c7d4bbce31d8e923429325d12b"", ""adapter_config.json"": ""4cc863971496d11551ef4f7a943764405400230a371c1c74ab1690589d27af4b"", ""adapter_model.safetensors"": ""109a8f8284daa35887b309c03f53b03079e51e39ec821afd41f4653d983c56f8"", ""chat_template.jinja"": ""a0bc6f6fc7a29a80017a433e8f03a1cc1236e838a944a2d034295a60c4f2fddb"", ""processor_config.json"": ""edb8dd5001f02dd3a488fd63d664fcdc5514c4a93962bf1be534a0acf6e2c714"", ""tokenizer.json"": ""ff8cce547abc110590d19c6b5b6e0c6a7b4c8d1012d78b9c42131bae7f494a02"", ""tokenizer_config.json"": ""5afec58078ec072cdc9ad190a63c8657f9c47ec71068ff9c77423f1ea0422364""}",,7f29cebb9d06eca06ad0d6c690e4d5a083b71a9c42008f88e92474e3ff0eb98a,eb4075c77285da02c52794154760fa969fb21ab3dcceb0820cb7d2ba27d27471,http://images.cocodataset.org/train2017/000000372029.jpg,http://images.cocodataset.org/train2017/000000372029.jpg,vsr_test:0738,http://images.cocodataset.org/train2017/000000501126.jpg,shuffle_image,tier_a_v0.1,"{""algorithm"": ""cycle derangement"", ""axis"": ""evidence"", ""condition"": ""shuffle"", ""forbid_self_pair"": true, ""mapping_file_sha256"": ""d0ca3efb893c3338c12823430a9c1007d019eb79f432c51851ff7c318e1eb171"", ""replacement_example_id"": ""vsr_test:0738"", ""seed"": 20260810}",20260810,"{""do_sample"": false, ""max_new_tokens"": 5}",tier_a_pilot200,2f047945e4a22ea8774c8172826991930be36ad0,v0.1
vsr_test:0120,vsr_test:0120,test,shuffle,evidence,The cake is alongside the laptop.,The cake is alongside the laptop.,alongside,horizontal,cake,laptop,True,,,False,False, False.,Qwen/Qwen2-VL-7B-Instruct,,7B_general_lora,/home/ubuntu/vlm-spatial-reasoning/checkpoints/qwen2vl_7b_general_lora/final,"{""README.md"": ""ad67fbd14e29a7dae114b54d70c840eab4d917c7d4bbce31d8e923429325d12b"", ""adapter_config.json"": ""4cc863971496d11551ef4f7a943764405400230a371c1c74ab1690589d27af4b"", ""adapter_model.safetensors"": ""109a8f8284daa35887b309c03f53b03079e51e39ec821afd41f4653d983c56f8"", ""chat_template.jinja"": ""a0bc6f6fc7a29a80017a433e8f03a1cc1236e838a944a2d034295a60c4f2fddb"", ""processor_config.json"": ""edb8dd5001f02dd3a488fd63d664fcdc5514c4a93962bf1be534a0acf6e2c714"", ""tokenizer.json"": ""ff8cce547abc110590d19c6b5b6e0c6a7b4c8d1012d78b9c42131bae7f494a02"", ""tokenizer_config.json"": ""5afec58078ec072cdc9ad190a63c8657f9c47ec71068ff9c77423f1ea0422364""}",,7f29cebb9d06eca06ad0d6c690e4d5a083b71a9c42008f88e92474e3ff0eb98a,eb4075c77285da02c52794154760fa969fb21ab3dcceb0820cb7d2ba27d27471,http://images.cocodataset.org/train2017/000000518592.jpg,http://images.cocodataset.org/train2017/000000518592.jpg,vsr_test:2064,http://images.cocodataset.org/train2017/000000338289.jpg,shuffle_image,tier_a_v0.1,"{""algorithm"": ""cycle derangement"", ""axis"": ""evidence"", ""condition"": ""shuffle"", ""forbid_self_pair"": true, ""mapping_file_sha256"": ""d0ca3efb893c3338c12823430a9c1007d019eb79f432c51851ff7c318e1eb171"", ""replacement_example_id"": ""vsr_test:2064"", ""seed"": 20260810}",20260810,"{""do_sample"": false, ""max_new_tokens"": 5}",tier_a_pilot200,2f047945e4a22ea8774c8172826991930be36ad0,v0.1
vsr_test:0121,vsr_test:0121,test,shuffle,evidence,The bed is touching the cat.,The bed is touching the cat.,touching,topology_contact,bed,cat,True,,,False,False, False,Qwen/Qwen2-VL-7B-Instruct,,7B_general_lora,/home/ubuntu/vlm-spatial-reasoning/checkpoints/qwen2vl_7b_general_lora/final,"{""README.md"": ""ad67fbd14e29a7dae114b54d70c840eab4d917c7d4bbce31d8e923429325d12b"", ""adapter_config.json"": ""4cc863971496d11551ef4f7a943764405400230a371c1c74ab1690589d27af4b"", ""adapter_model.safetensors"": ""109a8f8284daa35887b309c03f53b03079e51e39ec821afd41f4653d983c56f8"", ""chat_template.jinja"": ""a0bc6f6fc7a29a80017a433e8f03a1cc1236e838a944a2d034295a60c4f2fddb"", ""processor_config.json"": ""edb8dd5001f02dd3a488fd63d664fcdc5514c4a93962bf1be534a0acf6e2c714"", ""tokenizer.json"": ""ff8cce547abc110590d19c6b5b6e0c6a7b4c8d1012d78b9c42131bae7f494a02"", ""tokenizer_config.json"": ""5afec58078ec072cdc9ad190a63c8657f9c47ec71068ff9c77423f1ea0422364""}",,7f29cebb9d06eca06ad0d6c690e4d5a083b71a9c42008f88e92474e3ff0eb98a,eb4075c77285da02c52794154760fa969fb21ab3dcceb0820cb7d2ba27d27471,http://images.cocodataset.org/train2017/000000067995.jpg,http://images.cocodataset.org/train2017/000000067995.jpg,vsr_test:1579,http://images.cocodataset.org/train2017/000000039010.jpg,shuffle_image,tier_a_v0.1,"{""algorithm"": ""cycle derangement"", ""axis"": ""evidence"", ""condition"": ""shuffle"", ""forbid_self_pair"": true, ""mapping_file_sha256"": ""d0ca3efb893c3338c12823430a9c1007d019eb79f432c51851ff7c318e1eb171"", ""replacement_example_id"": ""vsr_test:1579"", ""seed"": 20260810}",20260810,"{""do_sample"": false, ""max_new_tokens"": 5}",tier_a_pilot200,2f047945e4a22ea8774c8172826991930be36ad0,v0.1
vsr_test:0122,vsr_test:0122,test,shuffle,evidence,The tv is across from the boat.,The tv is across from the boat.,across from,horizontal,tv,boat,True,,,False,False, False.,Qwen/Qwen2-VL-7B-Instruct,,7B_general_lora,/home/ubuntu/vlm-spatial-reasoning/checkpoints/qwen2vl_7b_general_lora/final,"{""README.md"": ""ad67fbd14e29a7dae114b54d70c840eab4d917c7d4bbce31d8e923429325d12b"", ""adapter_config.json"": ""4cc863971496d11551ef4f7a943764405400230a371c1c74ab1690589d27af4b"", ""adapter_model.safetensors"": ""109a8f8284daa35887b309c03f53b03079e51e39ec821afd41f4653d983c56f8"", ""chat_template.jinja"": ""a0bc6f6fc7a29a80017a433e8f03a1cc1236e838a944a2d034295a60c4f2fddb"", ""processor_config.json"": ""edb8dd5001f02dd3a488fd63d664fcdc5514c4a93962bf1be534a0acf6e2c714"", ""tokenizer.json"": ""ff8cce547abc110590d19c6b5b6e0c6a7b4c8d1012d78b9c42131bae7f494a02"", ""tokenizer_config.json"": ""5afec58078ec072cdc9ad190a63c8657f9c47ec71068ff9c77423f1ea0422364""}",,7f29cebb9d06eca06ad0d6c690e4d5a083b71a9c42008f88e92474e3ff0eb98a,eb4075c77285da02c52794154760fa969fb21ab3dcceb0820cb7d2ba27d27471,http://images.cocodataset.org/train2017/000000024215.jpg,http://images.cocodataset.org/train2017/000000024215.jpg,vsr_test:0263,http://images.cocodataset.org/train2017/000000575931.jpg,shuffle_image,tier_a_v0.1,"{""algorithm"": ""cycle derangement"", ""axis"": ""evidence"", ""condition"": ""shuffle"", ""forbid_self_pair"": true, ""mapping_file_sha256"": ""d0ca3efb893c3338c12823430a9c1007d019eb79f432c51851ff7c318e1eb171"", ""replacement_example_id"": ""vsr_test:0263"", ""seed"": 20260810}",20260810,"{""do_sample"": false, ""max_new_tokens"": 5}",tier_a_pilot200,2f047945e4a22ea8774c8172826991930be36ad0,v0.1
vsr_test:0123,vsr_test:0123,test,shuffle,evidence,The bed is inside the truck.,The bed is inside the truck.,inside,containment,bed,truck,True,,,False,False, False,Qwen/Qwen2-VL-7B-Instruct,,7B_general_lora,/home/ubuntu/vlm-spatial-reasoning/checkpoints/qwen2vl_7b_general_lora/final,"{""README.md"": ""ad67fbd14e29a7dae114b54d70c840eab4d917c7d4bbce31d8e923429325d12b"", ""adapter_config.json"": ""4cc863971496d11551ef4f7a943764405400230a371c1c74ab1690589d27af4b"", ""adapter_model.safetensors"": ""109a8f8284daa35887b309c03f53b03079e51e39ec821afd41f4653d983c56f8"", ""chat_template.jinja"": ""a0bc6f6fc7a29a80017a433e8f03a1cc1236e838a944a2d034295a60c4f2fddb"", ""processor_config.json"": ""edb8dd5001f02dd3a488fd63d664fcdc5514c4a93962bf1be534a0acf6e2c714"", ""tokenizer.json"": ""ff8cce547abc110590d19c6b5b6e0c6a7b4c8d1012d78b9c42131bae7f494a02"", ""tokenizer_config.json"": ""5afec58078ec072cdc9ad190a63c8657f9c47ec71068ff9c77423f1ea0422364""}",,7f29cebb9d06eca06ad0d6c690e4d5a083b71a9c42008f88e92474e3ff0eb98a,eb4075c77285da02c52794154760fa969fb21ab3dcceb0820cb7d2ba27d27471,http://images.cocodataset.org/val2017/000000235399.jpg,http://images.cocodataset.org/val2017/000000235399.jpg,vsr_test:0379,http://images.cocodataset.org/train2017/000000451400.jpg,shuffle_image,tier_a_v0.1,"{""algorithm"": ""cycle derangement"", ""axis"": ""evidence"", ""condition"": ""shuffle"", ""forbid_self_pair"": true, ""mapping_file_sha256"": ""d0ca3efb893c3338c12823430a9c1007d019eb79f432c51851ff7c318e1eb171"", ""replacement_example_id"": ""vsr_test:0379"", ""seed"": 20260810}",20260810,"{""do_sample"": false, ""max_new_tokens"": 5}",tier_a_pilot200,2f047945e4a22ea8774c8172826991930be36ad0,v0.1
vsr_test:0124,vsr_test:0124,test,shuffle,evidence,The bus is in front of the car.,The bus is in front of the car.,in front of,depth,bus,car,False,,,False,True, False,Qwen/Qwen2-VL-7B-Instruct,,7B_general_lora,/home/ubuntu/vlm-spatial-reasoning/checkpoints/qwen2vl_7b_general_lora/final,"{""README.md"": ""ad67fbd14e29a7dae114b54d70c840eab4d917c7d4bbce31d8e923429325d12b"", ""adapter_config.json"": ""4cc863971496d11551ef4f7a943764405400230a371c1c74ab1690589d27af4b"", ""adapter_model.safetensors"": ""109a8f8284daa35887b309c03f53b03079e51e39ec821afd41f4653d983c56f8"", ""chat_template.jinja"": ""a0bc6f6fc7a29a80017a433e8f03a1cc1236e838a944a2d034295a60c4f2fddb"", ""processor_config.json"": ""edb8dd5001f02dd3a488fd63d664fcdc5514c4a93962bf1be534a0acf6e2c714"", ""tokenizer.json"": ""ff8cce547abc110590d19c6b5b6e0c6a7b4c8d1012d78b9c42131bae7f494a02"", ""tokenizer_config.json"": ""5afec58078ec072cdc9ad190a63c8657f9c47ec71068ff9c77423f1ea0422364""}",,7f29cebb9d06eca06ad0d6c690e4d5a083b71a9c42008f88e92474e3ff0eb98a,eb4075c77285da02c52794154760fa969fb21ab3dcceb0820cb7d2ba27d27471,http://images.cocodataset.org/train2017/000000244421.jpg,http://images.cocodataset.org/train2017/000000244421.jpg,vsr_test:0763,http://images.cocodataset.org/train2017/000000067906.jpg,shuffle_image,tier_a_v0.1,"{""algorithm"": ""cycle derangement"", ""axis"": ""evidence"", ""condition"": ""shuffle"", ""forbid_self_pair"": true, ""mapping_file_sha256"": ""d0ca3efb893c3338c12823430a9c1007d019eb79f432c51851ff7c318e1eb171"", ""replacement_example_id"": ""vsr_test:0763"", ""seed"": 20260810}",20260810,"{""do_sample"": false, ""max_new_tokens"": 5}",tier_a_pilot200,2f047945e4a22ea8774c8172826991930be36ad0,v0.1
vsr_test:0125,vsr_test:0125,test,shuffle,evidence,The horse is right of the person.,The horse is right of the person.,right of,horizontal,horse,,False,,,False,True, False.,Qwen/Qwen2-VL-7B-Instruct,,7B_general_lora,/home/ubuntu/vlm-spatial-reasoning/checkpoints/qwen2vl_7b_general_lora/final,"{""README.md"": ""ad67fbd14e29a7dae114b54d70c840eab4d917c7d4bbce31d8e923429325d12b"", ""adapter_config.json"": ""4cc863971496d11551ef4f7a943764405400230a371c1c74ab1690589d27af4b"", ""adapter_model.safetensors"": ""109a8f8284daa35887b309c03f53b03079e51e39ec821afd41f4653d983c56f8"", ""chat_template.jinja"": ""a0bc6f6fc7a29a80017a433e8f03a1cc1236e838a944a2d034295a60c4f2fddb"", ""processor_config.json"": ""edb8dd5001f02dd3a488fd63d664fcdc5514c4a93962bf1be534a0acf6e2c714"", ""tokenizer.json"": ""ff8cce547abc110590d19c6b5b6e0c6a7b4c8d1012d78b9c42131bae7f494a02"", ""tokenizer_config.json"": ""5afec58078ec072cdc9ad190a63c8657f9c47ec71068ff9c77423f1ea0422364""}",,7f29cebb9d06eca06ad0d6c690e4d5a083b71a9c42008f88e92474e3ff0eb98a,eb4075c77285da02c52794154760fa969fb21ab3dcceb0820cb7d2ba27d27471,http://images.cocodataset.org/train2017/000000532748.jpg,http://images.cocodataset.org/train2017/000000532748.jpg,vsr_test:1785,http://images.cocodataset.org/train2017/000000420404.jpg,shuffle_image,tier_a_v0.1,"{""algorithm"": ""cycle derangement"", ""axis"": ""evidence"", ""condition"": ""shuffle"", ""forbid_self_pair"": true, ""mapping_file_sha256"": ""d0ca3efb893c3338c12823430a9c1007d019eb79f432c51851ff7c318e1eb171"", ""replacement_example_id"": ""vsr_test:1785"", ""seed"": 20260810}",20260810,"{""do_sample"": false, ""max_new_tokens"": 5}",tier_a_pilot200,2f047945e4a22ea8774c8172826991930be36ad0,v0.1
vsr_test:0126,vsr_test:0126,test,shuffle,evidence,The couch is in front of the bed.,The couch is in front of the bed.,in front of,depth,couch,bed,True,,,False,False, False.,Qwen/Qwen2-VL-7B-Instruct,,7B_general_lora,/home/ubuntu/vlm-spatial-reasoning/checkpoints/qwen2vl_7b_general_lora/final,"{""README.md"": ""ad67fbd14e29a7dae114b54d70c840eab4d917c7d4bbce31d8e923429325d12b"", ""adapter_config.json"": ""4cc863971496d11551ef4f7a943764405400230a371c1c74ab1690589d27af4b"", ""adapter_model.safetensors"": ""109a8f8284daa35887b309c03f53b03079e51e39ec821afd41f4653d983c56f8"", ""chat_template.jinja"": ""a0bc6f6fc7a29a80017a433e8f03a1cc1236e838a944a2d034295a60c4f2fddb"", ""processor_config.json"": ""edb8dd5001f02dd3a488fd63d664fcdc5514c4a93962bf1be534a0acf6e2c714"", ""tokenizer.json"": ""ff8cce547abc110590d19c6b5b6e0c6a7b4c8d1012d78b9c42131bae7f494a02"", ""tokenizer_config.json"": ""5afec58078ec072cdc9ad190a63c8657f9c47ec71068ff9c77423f1ea0422364""}",,7f29cebb9d06eca06ad0d6c690e4d5a083b71a9c42008f88e92474e3ff0eb98a,eb4075c77285da02c52794154760fa969fb21ab3dcceb0820cb7d2ba27d27471,http://images.cocodataset.org/train2017/000000305660.jpg,http://images.cocodataset.org/train2017/000000305660.jpg,vsr_test:1032,http://images.cocodataset.org/train2017/000000500921.jpg,shuffle_image,tier_a_v0.1,"{""algorithm"": ""cycle derangement"", ""axis"": ""evidence"", ""condition"": ""shuffle"", ""forbid_self_pair"": true, ""mapping_file_sha256"": ""d0ca3efb893c3338c12823430a9c1007d019eb79f432c51851ff7c318e1eb171"", ""replacement_example_id"": ""vsr_test:1032"", ""seed"": 20260810}",20260810,"{""do_sample"": false, ""max_new_tokens"": 5}",tier_a_pilot200,2f047945e4a22ea8774c8172826991930be36ad0,v0.1
vsr_test:0127,vsr_test:0127,test,shuffle,evidence,The cat is close to the tv.,The cat is close to the tv.,close to,proximity,cat,tv,False,,,False,True, False,Qwen/Qwen2-VL-7B-Instruct,,7B_general_lora,/home/ubuntu/vlm-spatial-reasoning/checkpoints/qwen2vl_7b_general_lora/final,"{""README.md"": ""ad67fbd14e29a7dae114b54d70c840eab4d917c7d4bbce31d8e923429325d12b"", ""adapter_config.json"": ""4cc863971496d11551ef4f7a943764405400230a371c1c74ab1690589d27af4b"", ""adapter_model.safetensors"": ""109a8f8284daa35887b309c03f53b03079e51e39ec821afd41f4653d983c56f8"", ""chat_template.jinja"": ""a0bc6f6fc7a29a80017a433e8f03a1cc1236e838a944a2d034295a60c4f2fddb"", ""processor_config.json"": ""edb8dd5001f02dd3a488fd63d664fcdc5514c4a93962bf1be534a0acf6e2c714"", ""tokenizer.json"": ""ff8cce547abc110590d19c6b5b6e0c6a7b4c8d1012d78b9c42131bae7f494a02"", ""tokenizer_config.json"": ""5afec58078ec072cdc9ad190a63c8657f9c47ec71068ff9c77423f1ea0422364""}",,7f29cebb9d06eca06ad0d6c690e4d5a083b71a9c42008f88e92474e3ff0eb98a,eb4075c77285da02c52794154760fa969fb21ab3dcceb0820cb7d2ba27d27471,http://images.cocodataset.org/train2017/000000004622.jpg,http://images.cocodataset.org/train2017/000000004622.jpg,vsr_test:1064,http://images.cocodataset.org/train2017/000000039669.jpg,shuffle_image,tier_a_v0.1,"{""algorithm"": ""cycle derangement"", ""axis"": ""evidence"", ""condition"": ""shuffle"", ""forbid_self_pair"": true, ""mapping_file_sha256"": ""d0ca3efb893c3338c12823430a9c1007d019eb79f432c51851ff7c318e1eb171"", ""replacement_example_id"": ""vsr_test:1064"", ""seed"": 20260810}",20260810,"{""do_sample"": false, ""max_new_tokens"": 5}",tier_a_pilot200,2f047945e4a22ea8774c8172826991930be36ad0,v0.1
vsr_test:0128,vsr_test:0128,test,shuffle,evidence,The laptop is off the pizza.,The laptop is off the pizza.,off,other,laptop,,False,,,False,True, False,Qwen/Qwen2-VL-7B-Instruct,,7B_general_lora,/home/ubuntu/vlm-spatial-reasoning/checkpoints/qwen2vl_7b_general_lora/final,"{""README.md"": ""ad67fbd14e29a7dae114b54d70c840eab4d917c7d4bbce31d8e923429325d12b"", ""adapter_config.json"": ""4cc863971496d11551ef4f7a943764405400230a371c1c74ab1690589d27af4b"", ""adapter_model.safetensors"": ""109a8f8284daa35887b309c03f53b03079e51e39ec821afd41f4653d983c56f8"", ""chat_template.jinja"": ""a0bc6f6fc7a29a80017a433e8f03a1cc1236e838a944a2d034295a60c4f2fddb"", ""processor_config.json"": ""edb8dd5001f02dd3a488fd63d664fcdc5514c4a93962bf1be534a0acf6e2c714"", ""tokenizer.json"": ""ff8cce547abc110590d19c6b5b6e0c6a7b4c8d1012d78b9c42131bae7f494a02"", ""tokenizer_config.json"": ""5afec58078ec072cdc9ad190a63c8657f9c47ec71068ff9c77423f1ea0422364""}",,7f29cebb9d06eca06ad0d6c690e4d5a083b71a9c42008f88e92474e3ff0eb98a,eb4075c77285da02c52794154760fa969fb21ab3dcceb0820cb7d2ba27d27471,http://images.cocodataset.org/train2017/000000022953.jpg,http://images.cocodataset.org/train2017/000000022953.jpg,vsr_test:1801,http://images.cocodataset.org/train2017/000000159075.jpg,shuffle_image,tier_a_v0.1,"{""algorithm"": ""cycle derangement"", ""axis"": ""evidence"", ""condition"": ""shuffle"", ""forbid_self_pair"": true, ""mapping_file_sha256"": ""d0ca3efb893c3338c12823430a9c1007d019eb79f432c51851ff7c318e1eb171"", ""replacement_example_id"": ""vsr_test:1801"", ""seed"": 20260810}",20260810,"{""do_sample"": false, ""max_new_tokens"": 5}",tier_a_pilot200,2f047945e4a22ea8774c8172826991930be36ad0,v0.1
vsr_test:0129,vsr_test:0129,test,shuffle,evidence,The person is beneath the remote.,The person is beneath the remote.,beneath,vertical,person,remote,False,,,False,True, False,Qwen/Qwen2-VL-7B-Instruct,,7B_general_lora,/home/ubuntu/vlm-spatial-reasoning/checkpoints/qwen2vl_7b_general_lora/final,"{""README.md"": ""ad67fbd14e29a7dae114b54d70c840eab4d917c7d4bbce31d8e923429325d12b"", ""adapter_config.json"": ""4cc863971496d11551ef4f7a943764405400230a371c1c74ab1690589d27af4b"", ""adapter_model.safetensors"": ""109a8f8284daa35887b309c03f53b03079e51e39ec821afd41f4653d983c56f8"", ""chat_template.jinja"": ""a0bc6f6fc7a29a80017a433e8f03a1cc1236e838a944a2d034295a60c4f2fddb"", ""processor_config.json"": ""edb8dd5001f02dd3a488fd63d664fcdc5514c4a93962bf1be534a0acf6e2c714"", ""tokenizer.json"": ""ff8cce547abc110590d19c6b5b6e0c6a7b4c8d1012d78b9c42131bae7f494a02"", ""tokenizer_config.json"": ""5afec58078ec072cdc9ad190a63c8657f9c47ec71068ff9c77423f1ea0422364""}",,7f29cebb9d06eca06ad0d6c690e4d5a083b71a9c42008f88e92474e3ff0eb98a,eb4075c77285da02c52794154760fa969fb21ab3dcceb0820cb7d2ba27d27471,http://images.cocodataset.org/train2017/000000572296.jpg,http://images.cocodataset.org/train2017/000000572296.jpg,vsr_test:1523,http://images.cocodataset.org/train2017/000000039368.jpg,shuffle_image,tier_a_v0.1,"{""algorithm"": ""cycle derangement"", ""axis"": ""evidence"", ""condition"": ""shuffle"", ""forbid_self_pair"": true, ""mapping_file_sha256"": ""d0ca3efb893c3338c12823430a9c1007d019eb79f432c51851ff7c318e1eb171"", ""replacement_example_id"": ""vsr_test:1523"", ""seed"": 20260810}",20260810,"{""do_sample"": false, ""max_new_tokens"": 5}",tier_a_pilot200,2f047945e4a22ea8774c8172826991930be36ad0,v0.1
vsr_test:0130,vsr_test:0130,test,shuffle,evidence,The hot dog is in the bowl.,The hot dog is in the bowl.,in,containment,hot dog,bowl,True,,,False,False, False,Qwen/Qwen2-VL-7B-Instruct,,7B_general_lora,/home/ubuntu/vlm-spatial-reasoning/checkpoints/qwen2vl_7b_general_lora/final,"{""README.md"": ""ad67fbd14e29a7dae114b54d70c840eab4d917c7d4bbce31d8e923429325d12b"", ""adapter_config.json"": ""4cc863971496d11551ef4f7a943764405400230a371c1c74ab1690589d27af4b"", ""adapter_model.safetensors"": ""109a8f8284daa35887b309c03f53b03079e51e39ec821afd41f4653d983c56f8"", ""chat_template.jinja"": ""a0bc6f6fc7a29a80017a433e8f03a1cc1236e838a944a2d034295a60c4f2fddb"", ""processor_config.json"": ""edb8dd5001f02dd3a488fd63d664fcdc5514c4a93962bf1be534a0acf6e2c714"", ""tokenizer.json"": ""ff8cce547abc110590d19c6b5b6e0c6a7b4c8d1012d78b9c42131bae7f494a02"", ""tokenizer_config.json"": ""5afec58078ec072cdc9ad190a63c8657f9c47ec71068ff9c77423f1ea0422364""}",,7f29cebb9d06eca06ad0d6c690e4d5a083b71a9c42008f88e92474e3ff0eb98a,eb4075c77285da02c52794154760fa969fb21ab3dcceb0820cb7d2ba27d27471,http://images.cocodataset.org/train2017/000000428299.jpg,http://images.cocodataset.org/train2017/000000428299.jpg,vsr_test:1081,http://images.cocodataset.org/train2017/000000367471.jpg,shuffle_image,tier_a_v0.1,"{""algorithm"": ""cycle derangement"", ""axis"": ""evidence"", ""condition"": ""shuffle"", ""forbid_self_pair"": true, ""mapping_file_sha256"": ""d0ca3efb893c3338c12823430a9c1007d019eb79f432c51851ff7c318e1eb171"", ""replacement_example_id"": ""vsr_test:1081"", ""seed"": 20260810}",20260810,"{""do_sample"": false, ""max_new_tokens"": 5}",tier_a_pilot200,2f047945e4a22ea8774c8172826991930be36ad0,v0.1
vsr_test:0131,vsr_test:0131,test,shuffle,evidence,The cat is on top of the suitcase.,The cat is on top of the suitcase.,on top of,vertical,cat,suitcase,False,,,False,True, False.,Qwen/Qwen2-VL-7B-Instruct,,7B_general_lora,/home/ubuntu/vlm-spatial-reasoning/checkpoints/qwen2vl_7b_general_lora/final,"{""README.md"": ""ad67fbd14e29a7dae114b54d70c840eab4d917c7d4bbce31d8e923429325d12b"", ""adapter_config.json"": ""4cc863971496d11551ef4f7a943764405400230a371c1c74ab1690589d27af4b"", ""adapter_model.safetensors"": ""109a8f8284daa35887b309c03f53b03079e51e39ec821afd41f4653d983c56f8"", ""chat_template.jinja"": ""a0bc6f6fc7a29a80017a433e8f03a1cc1236e838a944a2d034295a60c4f2fddb"", ""processor_config.json"": ""edb8dd5001f02dd3a488fd63d664fcdc5514c4a93962bf1be534a0acf6e2c714"", ""tokenizer.json"": ""ff8cce547abc110590d19c6b5b6e0c6a7b4c8d1012d78b9c42131bae7f494a02"", ""tokenizer_config.json"": ""5afec58078ec072cdc9ad190a63c8657f9c47ec71068ff9c77423f1ea0422364""}",,7f29cebb9d06eca06ad0d6c690e4d5a083b71a9c42008f88e92474e3ff0eb98a,eb4075c77285da02c52794154760fa969fb21ab3dcceb0820cb7d2ba27d27471,http://images.cocodataset.org/train2017/000000137413.jpg,http://images.cocodataset.org/train2017/000000137413.jpg,vsr_test:1059,http://images.cocodataset.org/train2017/000000560436.jpg,shuffle_image,tier_a_v0.1,"{""algorithm"": ""cycle derangement"", ""axis"": ""evidence"", ""condition"": ""shuffle"", ""forbid_self_pair"": true, ""mapping_file_sha256"": ""d0ca3efb893c3338c12823430a9c1007d019eb79f432c51851ff7c318e1eb171"", ""replacement_example_id"": ""vsr_test:1059"", ""seed"": 20260810}",20260810,"{""do_sample"": false, ""max_new_tokens"": 5}",tier_a_pilot200,2f047945e4a22ea8774c8172826991930be36ad0,v0.1
vsr_test:0132,vsr_test:0132,test,shuffle,evidence,The person is against the couch.,The person is against the couch.,against,topology_contact,person,,True,,,False,False, False.,Qwen/Qwen2-VL-7B-Instruct,,7B_general_lora,/home/ubuntu/vlm-spatial-reasoning/checkpoints/qwen2vl_7b_general_lora/final,"{""README.md"": ""ad67fbd14e29a7dae114b54d70c840eab4d917c7d4bbce31d8e923429325d12b"", ""adapter_config.json"": ""4cc863971496d11551ef4f7a943764405400230a371c1c74ab1690589d27af4b"", ""adapter_model.safetensors"": ""109a8f8284daa35887b309c03f53b03079e51e39ec821afd41f4653d983c56f8"", ""chat_template.jinja"": ""a0bc6f6fc7a29a80017a433e8f03a1cc1236e838a944a2d034295a60c4f2fddb"", ""processor_config.json"": ""edb8dd5001f02dd3a488fd63d664fcdc5514c4a93962bf1be534a0acf6e2c714"", ""tokenizer.json"": ""ff8cce547abc110590d19c6b5b6e0c6a7b4c8d1012d78b9c42131bae7f494a02"", ""tokenizer_config.json"": ""5afec58078ec072cdc9ad190a63c8657f9c47ec71068ff9c77423f1ea0422364""}",,7f29cebb9d06eca06ad0d6c690e4d5a083b71a9c42008f88e92474e3ff0eb98a,eb4075c77285da02c52794154760fa969fb21ab3dcceb0820cb7d2ba27d27471,http://images.cocodataset.org/train2017/000000465143.jpg,http://images.cocodataset.org/train2017/000000465143.jpg,vsr_test:0039,http://images.cocodataset.org/train2017/000000185777.jpg,shuffle_image,tier_a_v0.1,"{""algorithm"": ""cycle derangement"", ""axis"": ""evidence"", ""condition"": ""shuffle"", ""forbid_self_pair"": true, ""mapping_file_sha256"": ""d0ca3efb893c3338c12823430a9c1007d019eb79f432c51851ff7c318e1eb171"", ""replacement_example_id"": ""vsr_test:0039"", ""seed"": 20260810}",20260810,"{""do_sample"": false, ""max_new_tokens"": 5}",tier_a_pilot200,2f047945e4a22ea8774c8172826991930be36ad0,v0.1
vsr_test:0133,vsr_test:0133,test,shuffle,evidence,The chair is touching the bird.,The chair is touching the bird.,touching,topology_contact,chair,bird,False,,,False,True, False,Qwen/Qwen2-VL-7B-Instruct,,7B_general_lora,/home/ubuntu/vlm-spatial-reasoning/checkpoints/qwen2vl_7b_general_lora/final,"{""README.md"": ""ad67fbd14e29a7dae114b54d70c840eab4d917c7d4bbce31d8e923429325d12b"", ""adapter_config.json"": ""4cc863971496d11551ef4f7a943764405400230a371c1c74ab1690589d27af4b"", ""adapter_model.safetensors"": ""109a8f8284daa35887b309c03f53b03079e51e39ec821afd41f4653d983c56f8"", ""chat_template.jinja"": ""a0bc6f6fc7a29a80017a433e8f03a1cc1236e838a944a2d034295a60c4f2fddb"", ""processor_config.json"": ""edb8dd5001f02dd3a488fd63d664fcdc5514c4a93962bf1be534a0acf6e2c714"", ""tokenizer.json"": ""ff8cce547abc110590d19c6b5b6e0c6a7b4c8d1012d78b9c42131bae7f494a02"", ""tokenizer_config.json"": ""5afec58078ec072cdc9ad190a63c8657f9c47ec71068ff9c77423f1ea0422364""}",,7f29cebb9d06eca06ad0d6c690e4d5a083b71a9c42008f88e92474e3ff0eb98a,eb4075c77285da02c52794154760fa969fb21ab3dcceb0820cb7d2ba27d27471,http://images.cocodataset.org/train2017/000000430238.jpg,http://images.cocodataset.org/train2017/000000430238.jpg,vsr_test:0878,http://images.cocodataset.org/train2017/000000457906.jpg,shuffle_image,tier_a_v0.1,"{""algorithm"": ""cycle derangement"", ""axis"": ""evidence"", ""condition"": ""shuffle"", ""forbid_self_pair"": true, ""mapping_file_sha256"": ""d0ca3efb893c3338c12823430a9c1007d019eb79f432c51851ff7c318e1eb171"", ""replacement_example_id"": ""vsr_test:0878"", ""seed"": 20260810}",20260810,"{""do_sample"": false, ""max_new_tokens"": 5}",tier_a_pilot200,2f047945e4a22ea8774c8172826991930be36ad0,v0.1
vsr_test:0134,vsr_test:0134,test,shuffle,evidence,The bench is under the dog.,The bench is under the dog.,under,vertical,bench,dog,False,,,False,True, False.,Qwen/Qwen2-VL-7B-Instruct,,7B_general_lora,/home/ubuntu/vlm-spatial-reasoning/checkpoints/qwen2vl_7b_general_lora/final,"{""README.md"": ""ad67fbd14e29a7dae114b54d70c840eab4d917c7d4bbce31d8e923429325d12b"", ""adapter_config.json"": ""4cc863971496d11551ef4f7a943764405400230a371c1c74ab1690589d27af4b"", ""adapter_model.safetensors"": ""109a8f8284daa35887b309c03f53b03079e51e39ec821afd41f4653d983c56f8"", ""chat_template.jinja"": ""a0bc6f6fc7a29a80017a433e8f03a1cc1236e838a944a2d034295a60c4f2fddb"", ""processor_config.json"": ""edb8dd5001f02dd3a488fd63d664fcdc5514c4a93962bf1be534a0acf6e2c714"", ""tokenizer.json"": ""ff8cce547abc110590d19c6b5b6e0c6a7b4c8d1012d78b9c42131bae7f494a02"", ""tokenizer_config.json"": ""5afec58078ec072cdc9ad190a63c8657f9c47ec71068ff9c77423f1ea0422364""}",,7f29cebb9d06eca06ad0d6c690e4d5a083b71a9c42008f88e92474e3ff0eb98a,eb4075c77285da02c52794154760fa969fb21ab3dcceb0820cb7d2ba27d27471,http://images.cocodataset.org/val2017/000000549220.jpg,http://images.cocodataset.org/val2017/000000549220.jpg,vsr_test:2073,http://images.cocodataset.org/train2017/000000276753.jpg,shuffle_image,tier_a_v0.1,"{""algorithm"": ""cycle derangement"", ""axis"": ""evidence"", ""condition"": ""shuffle"", ""forbid_self_pair"": true, ""mapping_file_sha256"": ""d0ca3efb893c3338c12823430a9c1007d019eb79f432c51851ff7c318e1eb171"", ""replacement_example_id"": ""vsr_test:2073"", ""seed"": 20260810}",20260810,"{""do_sample"": false, ""max_new_tokens"": 5}",tier_a_pilot200,2f047945e4a22ea8774c8172826991930be36ad0,v0.1
vsr_test:0135,vsr_test:0135,test,shuffle,evidence,The teddy bear is on top of the cake.,The teddy bear is on top of the cake.,on top of,vertical,teddy bear,cake,True,,,False,False, False,Qwen/Qwen2-VL-7B-Instruct,,7B_general_lora,/home/ubuntu/vlm-spatial-reasoning/checkpoints/qwen2vl_7b_general_lora/final,"{""README.md"": ""ad67fbd14e29a7dae114b54d70c840eab4d917c7d4bbce31d8e923429325d12b"", ""adapter_config.json"": ""4cc863971496d11551ef4f7a943764405400230a371c1c74ab1690589d27af4b"", ""adapter_model.safetensors"": ""109a8f8284daa35887b309c03f53b03079e51e39ec821afd41f4653d983c56f8"", ""chat_template.jinja"": ""a0bc6f6fc7a29a80017a433e8f03a1cc1236e838a944a2d034295a60c4f2fddb"", ""processor_config.json"": ""edb8dd5001f02dd3a488fd63d664fcdc5514c4a93962bf1be534a0acf6e2c714"", ""tokenizer.json"": ""ff8cce547abc110590d19c6b5b6e0c6a7b4c8d1012d78b9c42131bae7f494a02"", ""tokenizer_config.json"": ""5afec58078ec072cdc9ad190a63c8657f9c47ec71068ff9c77423f1ea0422364""}",,7f29cebb9d06eca06ad0d6c690e4d5a083b71a9c42008f88e92474e3ff0eb98a,eb4075c77285da02c52794154760fa969fb21ab3dcceb0820cb7d2ba27d27471,http://images.cocodataset.org/train2017/000000479563.jpg,http://images.cocodataset.org/train2017/000000479563.jpg,vsr_test:0571,http://images.cocodataset.org/train2017/000000230238.jpg,shuffle_image,tier_a_v0.1,"{""algorithm"": ""cycle derangement"", ""axis"": ""evidence"", ""condition"": ""shuffle"", ""forbid_self_pair"": true, ""mapping_file_sha256"": ""d0ca3efb893c3338c12823430a9c1007d019eb79f432c51851ff7c318e1eb171"", ""replacement_example_id"": ""vsr_test:0571"", ""seed"": 20260810}",20260810,"{""do_sample"": false, ""max_new_tokens"": 5}",tier_a_pilot200,2f047945e4a22ea8774c8172826991930be36ad0,v0.1
vsr_test:0136,vsr_test:0136,test,shuffle,evidence,The hot dog is far away from the bench.,The hot dog is far away from the bench.,far away from,proximity,hot dog,bench,False,,,False,True, False.,Qwen/Qwen2-VL-7B-Instruct,,7B_general_lora,/home/ubuntu/vlm-spatial-reasoning/checkpoints/qwen2vl_7b_general_lora/final,"{""README.md"": ""ad67fbd14e29a7dae114b54d70c840eab4d917c7d4bbce31d8e923429325d12b"", ""adapter_config.json"": ""4cc863971496d11551ef4f7a943764405400230a371c1c74ab1690589d27af4b"", ""adapter_model.safetensors"": ""109a8f8284daa35887b309c03f53b03079e51e39ec821afd41f4653d983c56f8"", ""chat_template.jinja"": ""a0bc6f6fc7a29a80017a433e8f03a1cc1236e838a944a2d034295a60c4f2fddb"", ""processor_config.json"": ""edb8dd5001f02dd3a488fd63d664fcdc5514c4a93962bf1be534a0acf6e2c714"", ""tokenizer.json"": ""ff8cce547abc110590d19c6b5b6e0c6a7b4c8d1012d78b9c42131bae7f494a02"", ""tokenizer_config.json"": ""5afec58078ec072cdc9ad190a63c8657f9c47ec71068ff9c77423f1ea0422364""}",,7f29cebb9d06eca06ad0d6c690e4d5a083b71a9c42008f88e92474e3ff0eb98a,eb4075c77285da02c52794154760fa969fb21ab3dcceb0820cb7d2ba27d27471,http://images.cocodataset.org/train2017/000000292661.jpg,http://images.cocodataset.org/train2017/000000292661.jpg,vsr_test:1598,http://images.cocodataset.org/train2017/000000268570.jpg,shuffle_image,tier_a_v0.1,"{""algorithm"": ""cycle derangement"", ""axis"": ""evidence"", ""condition"": ""shuffle"", ""forbid_self_pair"": true, ""mapping_file_sha256"": ""d0ca3efb893c3338c12823430a9c1007d019eb79f432c51851ff7c318e1eb171"", ""replacement_example_id"": ""vsr_test:1598"", ""seed"": 20260810}",20260810,"{""do_sample"": false, ""max_new_tokens"": 5}",tier_a_pilot200,2f047945e4a22ea8774c8172826991930be36ad0,v0.1
vsr_test:0137,vsr_test:0137,test,shuffle,evidence,The person is touching the refrigerator.,The person is touching the refrigerator.,touching,topology_contact,person,refrigerator,False,,,False,True, False.,Qwen/Qwen2-VL-7B-Instruct,,7B_general_lora,/home/ubuntu/vlm-spatial-reasoning/checkpoints/qwen2vl_7b_general_lora/final,"{""README.md"": ""ad67fbd14e29a7dae114b54d70c840eab4d917c7d4bbce31d8e923429325d12b"", ""adapter_config.json"": ""4cc863971496d11551ef4f7a943764405400230a371c1c74ab1690589d27af4b"", ""adapter_model.safetensors"": ""109a8f8284daa35887b309c03f53b03079e51e39ec821afd41f4653d983c56f8"", ""chat_template.jinja"": ""a0bc6f6fc7a29a80017a433e8f03a1cc1236e838a944a2d034295a60c4f2fddb"", ""processor_config.json"": ""edb8dd5001f02dd3a488fd63d664fcdc5514c4a93962bf1be534a0acf6e2c714"", ""tokenizer.json"": ""ff8cce547abc110590d19c6b5b6e0c6a7b4c8d1012d78b9c42131bae7f494a02"", ""tokenizer_config.json"": ""5afec58078ec072cdc9ad190a63c8657f9c47ec71068ff9c77423f1ea0422364""}",,7f29cebb9d06eca06ad0d6c690e4d5a083b71a9c42008f88e92474e3ff0eb98a,eb4075c77285da02c52794154760fa969fb21ab3dcceb0820cb7d2ba27d27471,http://images.cocodataset.org/train2017/000000518321.jpg,http://images.cocodataset.org/train2017/000000518321.jpg,vsr_test:1846,http://images.cocodataset.org/train2017/000000157344.jpg,shuffle_image,tier_a_v0.1,"{""algorithm"": ""cycle derangement"", ""axis"": ""evidence"", ""condition"": ""shuffle"", ""forbid_self_pair"": true, ""mapping_file_sha256"": ""d0ca3efb893c3338c12823430a9c1007d019eb79f432c51851ff7c318e1eb171"", ""replacement_example_id"": ""vsr_test:1846"", ""seed"": 20260810}",20260810,"{""do_sample"": false, ""max_new_tokens"": 5}",tier_a_pilot200,2f047945e4a22ea8774c8172826991930be36ad0,v0.1
vsr_test:0138,vsr_test:0138,test,shuffle,evidence,The book is on the teddy bear.,The book is on the teddy bear.,on,topology_contact,book,teddy bear,False,,,False,True, False.,Qwen/Qwen2-VL-7B-Instruct,,7B_general_lora,/home/ubuntu/vlm-spatial-reasoning/checkpoints/qwen2vl_7b_general_lora/final,"{""README.md"": ""ad67fbd14e29a7dae114b54d70c840eab4d917c7d4bbce31d8e923429325d12b"", ""adapter_config.json"": ""4cc863971496d11551ef4f7a943764405400230a371c1c74ab1690589d27af4b"", ""adapter_model.safetensors"": ""109a8f8284daa35887b309c03f53b03079e51e39ec821afd41f4653d983c56f8"", ""chat_template.jinja"": ""a0bc6f6fc7a29a80017a433e8f03a1cc1236e838a944a2d034295a60c4f2fddb"", ""processor_config.json"": ""edb8dd5001f02dd3a488fd63d664fcdc5514c4a93962bf1be534a0acf6e2c714"", ""tokenizer.json"": ""ff8cce547abc110590d19c6b5b6e0c6a7b4c8d1012d78b9c42131bae7f494a02"", ""tokenizer_config.json"": ""5afec58078ec072cdc9ad190a63c8657f9c47ec71068ff9c77423f1ea0422364""}",,7f29cebb9d06eca06ad0d6c690e4d5a083b71a9c42008f88e92474e3ff0eb98a,eb4075c77285da02c52794154760fa969fb21ab3dcceb0820cb7d2ba27d27471,http://images.cocodataset.org/train2017/000000434672.jpg,http://images.cocodataset.org/train2017/000000434672.jpg,vsr_test:1174,http://images.cocodataset.org/train2017/000000434593.jpg,shuffle_image,tier_a_v0.1,"{""algorithm"": ""cycle derangement"", ""axis"": ""evidence"", ""condition"": ""shuffle"", ""forbid_self_pair"": true, ""mapping_file_sha256"": ""d0ca3efb893c3338c12823430a9c1007d019eb79f432c51851ff7c318e1eb171"", ""replacement_example_id"": ""vsr_test:1174"", ""seed"": 20260810}",20260810,"{""do_sample"": false, ""max_new_tokens"": 5}",tier_a_pilot200,2f047945e4a22ea8774c8172826991930be36ad0,v0.1
vsr_test:0139,vsr_test:0139,test,shuffle,evidence,The pizza is behind the sandwich.,The pizza is behind the sandwich.,behind,depth,pizza,sandwich,False,,,False,True, False,Qwen/Qwen2-VL-7B-Instruct,,7B_general_lora,/home/ubuntu/vlm-spatial-reasoning/checkpoints/qwen2vl_7b_general_lora/final,"{""README.md"": ""ad67fbd14e29a7dae114b54d70c840eab4d917c7d4bbce31d8e923429325d12b"", ""adapter_config.json"": ""4cc863971496d11551ef4f7a943764405400230a371c1c74ab1690589d27af4b"", ""adapter_model.safetensors"": ""109a8f8284daa35887b309c03f53b03079e51e39ec821afd41f4653d983c56f8"", ""chat_template.jinja"": ""a0bc6f6fc7a29a80017a433e8f03a1cc1236e838a944a2d034295a60c4f2fddb"", ""processor_config.json"": ""edb8dd5001f02dd3a488fd63d664fcdc5514c4a93962bf1be534a0acf6e2c714"", ""tokenizer.json"": ""ff8cce547abc110590d19c6b5b6e0c6a7b4c8d1012d78b9c42131bae7f494a02"", ""tokenizer_config.json"": ""5afec58078ec072cdc9ad190a63c8657f9c47ec71068ff9c77423f1ea0422364""}",,7f29cebb9d06eca06ad0d6c690e4d5a083b71a9c42008f88e92474e3ff0eb98a,eb4075c77285da02c52794154760fa969fb21ab3dcceb0820cb7d2ba27d27471,http://images.cocodataset.org/train2017/000000501756.jpg,http://images.cocodataset.org/train2017/000000501756.jpg,vsr_test:0292,http://images.cocodataset.org/train2017/000000452072.jpg,shuffle_image,tier_a_v0.1,"{""algorithm"": ""cycle derangement"", ""axis"": ""evidence"", ""condition"": ""shuffle"", ""forbid_self_pair"": true, ""mapping_file_sha256"": ""d0ca3efb893c3338c12823430a9c1007d019eb79f432c51851ff7c318e1eb171"", ""replacement_example_id"": ""vsr_test:0292"", ""seed"": 20260810}",20260810,"{""do_sample"": false, ""max_new_tokens"": 5}",tier_a_pilot200,2f047945e4a22ea8774c8172826991930be36ad0,v0.1
vsr_test:0140,vsr_test:0140,test,shuffle,evidence,The bench is on the boat.,The bench is on the boat.,on,topology_contact,bench,boat,True,,,False,False, False,Qwen/Qwen2-VL-7B-Instruct,,7B_general_lora,/home/ubuntu/vlm-spatial-reasoning/checkpoints/qwen2vl_7b_general_lora/final,"{""README.md"": ""ad67fbd14e29a7dae114b54d70c840eab4d917c7d4bbce31d8e923429325d12b"", ""adapter_config.json"": ""4cc863971496d11551ef4f7a943764405400230a371c1c74ab1690589d27af4b"", ""adapter_model.safetensors"": ""109a8f8284daa35887b309c03f53b03079e51e39ec821afd41f4653d983c56f8"", ""chat_template.jinja"": ""a0bc6f6fc7a29a80017a433e8f03a1cc1236e838a944a2d034295a60c4f2fddb"", ""processor_config.json"": ""edb8dd5001f02dd3a488fd63d664fcdc5514c4a93962bf1be534a0acf6e2c714"", ""tokenizer.json"": ""ff8cce547abc110590d19c6b5b6e0c6a7b4c8d1012d78b9c42131bae7f494a02"", ""tokenizer_config.json"": ""5afec58078ec072cdc9ad190a63c8657f9c47ec71068ff9c77423f1ea0422364""}",,7f29cebb9d06eca06ad0d6c690e4d5a083b71a9c42008f88e92474e3ff0eb98a,eb4075c77285da02c52794154760fa969fb21ab3dcceb0820cb7d2ba27d27471,http://images.cocodataset.org/train2017/000000082678.jpg,http://images.cocodataset.org/train2017/000000082678.jpg,vsr_test:1739,http://images.cocodataset.org/train2017/000000399480.jpg,shuffle_image,tier_a_v0.1,"{""algorithm"": ""cycle derangement"", ""axis"": ""evidence"", ""condition"": ""shuffle"", ""forbid_self_pair"": true, ""mapping_file_sha256"": ""d0ca3efb893c3338c12823430a9c1007d019eb79f432c51851ff7c318e1eb171"", ""replacement_example_id"": ""vsr_test:1739"", ""seed"": 20260810}",20260810,"{""do_sample"": false, ""max_new_tokens"": 5}",tier_a_pilot200,2f047945e4a22ea8774c8172826991930be36ad0,v0.1
vsr_test:0141,vsr_test:0141,test,shuffle,evidence,The cat is into the handbag.,The cat is into the handbag.,into,other,cat,,True,,,False,False, False,Qwen/Qwen2-VL-7B-Instruct,,7B_general_lora,/home/ubuntu/vlm-spatial-reasoning/checkpoints/qwen2vl_7b_general_lora/final,"{""README.md"": ""ad67fbd14e29a7dae114b54d70c840eab4d917c7d4bbce31d8e923429325d12b"", ""adapter_config.json"": ""4cc863971496d11551ef4f7a943764405400230a371c1c74ab1690589d27af4b"", ""adapter_model.safetensors"": ""109a8f8284daa35887b309c03f53b03079e51e39ec821afd41f4653d983c56f8"", ""chat_template.jinja"": ""a0bc6f6fc7a29a80017a433e8f03a1cc1236e838a944a2d034295a60c4f2fddb"", ""processor_config.json"": ""edb8dd5001f02dd3a488fd63d664fcdc5514c4a93962bf1be534a0acf6e2c714"", ""tokenizer.json"": ""ff8cce547abc110590d19c6b5b6e0c6a7b4c8d1012d78b9c42131bae7f494a02"", ""tokenizer_config.json"": ""5afec58078ec072cdc9ad190a63c8657f9c47ec71068ff9c77423f1ea0422364""}",,7f29cebb9d06eca06ad0d6c690e4d5a083b71a9c42008f88e92474e3ff0eb98a,eb4075c77285da02c52794154760fa969fb21ab3dcceb0820cb7d2ba27d27471,http://images.cocodataset.org/train2017/000000527529.jpg,http://images.cocodataset.org/train2017/000000527529.jpg,vsr_test:1899,http://images.cocodataset.org/train2017/000000383494.jpg,shuffle_image,tier_a_v0.1,"{""algorithm"": ""cycle derangement"", ""axis"": ""evidence"", ""condition"": ""shuffle"", ""forbid_self_pair"": true, ""mapping_file_sha256"": ""d0ca3efb893c3338c12823430a9c1007d019eb79f432c51851ff7c318e1eb171"", ""replacement_example_id"": ""vsr_test:1899"", ""seed"": 20260810}",20260810,"{""do_sample"": false, ""max_new_tokens"": 5}",tier_a_pilot200,2f047945e4a22ea8774c8172826991930be36ad0,v0.1
vsr_test:0142,vsr_test:0142,test,shuffle,evidence,The horse is behind the cat.,The horse is behind the cat.,behind,depth,horse,cat,True,,,False,False, False.,Qwen/Qwen2-VL-7B-Instruct,,7B_general_lora,/home/ubuntu/vlm-spatial-reasoning/checkpoints/qwen2vl_7b_general_lora/final,"{""README.md"": ""ad67fbd14e29a7dae114b54d70c840eab4d917c7d4bbce31d8e923429325d12b"", ""adapter_config.json"": ""4cc863971496d11551ef4f7a943764405400230a371c1c74ab1690589d27af4b"", ""adapter_model.safetensors"": ""109a8f8284daa35887b309c03f53b03079e51e39ec821afd41f4653d983c56f8"", ""chat_template.jinja"": ""a0bc6f6fc7a29a80017a433e8f03a1cc1236e838a944a2d034295a60c4f2fddb"", ""processor_config.json"": ""edb8dd5001f02dd3a488fd63d664fcdc5514c4a93962bf1be534a0acf6e2c714"", ""tokenizer.json"": ""ff8cce547abc110590d19c6b5b6e0c6a7b4c8d1012d78b9c42131bae7f494a02"", ""tokenizer_config.json"": ""5afec58078ec072cdc9ad190a63c8657f9c47ec71068ff9c77423f1ea0422364""}",,7f29cebb9d06eca06ad0d6c690e4d5a083b71a9c42008f88e92474e3ff0eb98a,eb4075c77285da02c52794154760fa969fb21ab3dcceb0820cb7d2ba27d27471,http://images.cocodataset.org/train2017/000000485148.jpg,http://images.cocodataset.org/train2017/000000485148.jpg,vsr_test:0481,http://images.cocodataset.org/train2017/000000089579.jpg,shuffle_image,tier_a_v0.1,"{""algorithm"": ""cycle derangement"", ""axis"": ""evidence"", ""condition"": ""shuffle"", ""forbid_self_pair"": true, ""mapping_file_sha256"": ""d0ca3efb893c3338c12823430a9c1007d019eb79f432c51851ff7c318e1eb171"", ""replacement_example_id"": ""vsr_test:0481"", ""seed"": 20260810}",20260810,"{""do_sample"": false, ""max_new_tokens"": 5}",tier_a_pilot200,2f047945e4a22ea8774c8172826991930be36ad0,v0.1
vsr_test:0143,vsr_test:0143,test,shuffle,evidence,The cow is below the person.,The cow is below the person.,below,vertical,cow,person,True,,,False,False, False.,Qwen/Qwen2-VL-7B-Instruct,,7B_general_lora,/home/ubuntu/vlm-spatial-reasoning/checkpoints/qwen2vl_7b_general_lora/final,"{""README.md"": ""ad67fbd14e29a7dae114b54d70c840eab4d917c7d4bbce31d8e923429325d12b"", ""adapter_config.json"": ""4cc863971496d11551ef4f7a943764405400230a371c1c74ab1690589d27af4b"", ""adapter_model.safetensors"": ""109a8f8284daa35887b309c03f53b03079e51e39ec821afd41f4653d983c56f8"", ""chat_template.jinja"": ""a0bc6f6fc7a29a80017a433e8f03a1cc1236e838a944a2d034295a60c4f2fddb"", ""processor_config.json"": ""edb8dd5001f02dd3a488fd63d664fcdc5514c4a93962bf1be534a0acf6e2c714"", ""tokenizer.json"": ""ff8cce547abc110590d19c6b5b6e0c6a7b4c8d1012d78b9c42131bae7f494a02"", ""tokenizer_config.json"": ""5afec58078ec072cdc9ad190a63c8657f9c47ec71068ff9c77423f1ea0422364""}",,7f29cebb9d06eca06ad0d6c690e4d5a083b71a9c42008f88e92474e3ff0eb98a,eb4075c77285da02c52794154760fa969fb21ab3dcceb0820cb7d2ba27d27471,http://images.cocodataset.org/train2017/000000120007.jpg,http://images.cocodataset.org/train2017/000000120007.jpg,vsr_test:0879,http://images.cocodataset.org/train2017/000000046090.jpg,shuffle_image,tier_a_v0.1,"{""algorithm"": ""cycle derangement"", ""axis"": ""evidence"", ""condition"": ""shuffle"", ""forbid_self_pair"": true, ""mapping_file_sha256"": ""d0ca3efb893c3338c12823430a9c1007d019eb79f432c51851ff7c318e1eb171"", ""replacement_example_id"": ""vsr_test:0879"", ""seed"": 20260810}",20260810,"{""do_sample"": false, ""max_new_tokens"": 5}",tier_a_pilot200,2f047945e4a22ea8774c8172826991930be36ad0,v0.1
vsr_test:0144,vsr_test:0144,test,shuffle,evidence,The oven is below the pizza.,The oven is below the pizza.,below,vertical,oven,pizza,True,,,False,False, False.,Qwen/Qwen2-VL-7B-Instruct,,7B_general_lora,/home/ubuntu/vlm-spatial-reasoning/checkpoints/qwen2vl_7b_general_lora/final,"{""README.md"": ""ad67fbd14e29a7dae114b54d70c840eab4d917c7d4bbce31d8e923429325d12b"", ""adapter_config.json"": ""4cc863971496d11551ef4f7a943764405400230a371c1c74ab1690589d27af4b"", ""adapter_model.safetensors"": ""109a8f8284daa35887b309c03f53b03079e51e39ec821afd41f4653d983c56f8"", ""chat_template.jinja"": ""a0bc6f6fc7a29a80017a433e8f03a1cc1236e838a944a2d034295a60c4f2fddb"", ""processor_config.json"": ""edb8dd5001f02dd3a488fd63d664fcdc5514c4a93962bf1be534a0acf6e2c714"", ""tokenizer.json"": ""ff8cce547abc110590d19c6b5b6e0c6a7b4c8d1012d78b9c42131bae7f494a02"", ""tokenizer_config.json"": ""5afec58078ec072cdc9ad190a63c8657f9c47ec71068ff9c77423f1ea0422364""}",,7f29cebb9d06eca06ad0d6c690e4d5a083b71a9c42008f88e92474e3ff0eb98a,eb4075c77285da02c52794154760fa969fb21ab3dcceb0820cb7d2ba27d27471,http://images.cocodataset.org/train2017/000000001536.jpg,http://images.cocodataset.org/train2017/000000001536.jpg,vsr_test:1180,http://images.cocodataset.org/train2017/000000058836.jpg,shuffle_image,tier_a_v0.1,"{""algorithm"": ""cycle derangement"", ""axis"": ""evidence"", ""condition"": ""shuffle"", ""forbid_self_pair"": true, ""mapping_file_sha256"": ""d0ca3efb893c3338c12823430a9c1007d019eb79f432c51851ff7c318e1eb171"", ""replacement_example_id"": ""vsr_test:1180"", ""seed"": 20260810}",20260810,"{""do_sample"": false, ""max_new_tokens"": 5}",tier_a_pilot200,2f047945e4a22ea8774c8172826991930be36ad0,v0.1
vsr_test:0145,vsr_test:0145,test,shuffle,evidence,The bench is over the cat.,The bench is over the cat.,over,vertical,bench,cat,False,,,False,True, False.,Qwen/Qwen2-VL-7B-Instruct,,7B_general_lora,/home/ubuntu/vlm-spatial-reasoning/checkpoints/qwen2vl_7b_general_lora/final,"{""README.md"": ""ad67fbd14e29a7dae114b54d70c840eab4d917c7d4bbce31d8e923429325d12b"", ""adapter_config.json"": ""4cc863971496d11551ef4f7a943764405400230a371c1c74ab1690589d27af4b"", ""adapter_model.safetensors"": ""109a8f8284daa35887b309c03f53b03079e51e39ec821afd41f4653d983c56f8"", ""chat_template.jinja"": ""a0bc6f6fc7a29a80017a433e8f03a1cc1236e838a944a2d034295a60c4f2fddb"", ""processor_config.json"": ""edb8dd5001f02dd3a488fd63d664fcdc5514c4a93962bf1be534a0acf6e2c714"", ""tokenizer.json"": ""ff8cce547abc110590d19c6b5b6e0c6a7b4c8d1012d78b9c42131bae7f494a02"", ""tokenizer_config.json"": ""5afec58078ec072cdc9ad190a63c8657f9c47ec71068ff9c77423f1ea0422364""}",,7f29cebb9d06eca06ad0d6c690e4d5a083b71a9c42008f88e92474e3ff0eb98a,eb4075c77285da02c52794154760fa969fb21ab3dcceb0820cb7d2ba27d27471,http://images.cocodataset.org/train2017/000000107188.jpg,http://images.cocodataset.org/train2017/000000107188.jpg,vsr_test:1171,http://images.cocodataset.org/train2017/000000197551.jpg,shuffle_image,tier_a_v0.1,"{""algorithm"": ""cycle derangement"", ""axis"": ""evidence"", ""condition"": ""shuffle"", ""forbid_self_pair"": true, ""mapping_file_sha256"": ""d0ca3efb893c3338c12823430a9c1007d019eb79f432c51851ff7c318e1eb171"", ""replacement_example_id"": ""vsr_test:1171"", ""seed"": 20260810}",20260810,"{""do_sample"": false, ""max_new_tokens"": 5}",tier_a_pilot200,2f047945e4a22ea8774c8172826991930be36ad0,v0.1
vsr_test:0146,vsr_test:0146,test,shuffle,evidence,The dog is under the chair.,The dog is under the chair.,under,vertical,dog,chair,False,,,False,True, False.,Qwen/Qwen2-VL-7B-Instruct,,7B_general_lora,/home/ubuntu/vlm-spatial-reasoning/checkpoints/qwen2vl_7b_general_lora/final,"{""README.md"": ""ad67fbd14e29a7dae114b54d70c840eab4d917c7d4bbce31d8e923429325d12b"", ""adapter_config.json"": ""4cc863971496d11551ef4f7a943764405400230a371c1c74ab1690589d27af4b"", ""adapter_model.safetensors"": ""109a8f8284daa35887b309c03f53b03079e51e39ec821afd41f4653d983c56f8"", ""chat_template.jinja"": ""a0bc6f6fc7a29a80017a433e8f03a1cc1236e838a944a2d034295a60c4f2fddb"", ""processor_config.json"": ""edb8dd5001f02dd3a488fd63d664fcdc5514c4a93962bf1be534a0acf6e2c714"", ""tokenizer.json"": ""ff8cce547abc110590d19c6b5b6e0c6a7b4c8d1012d78b9c42131bae7f494a02"", ""tokenizer_config.json"": ""5afec58078ec072cdc9ad190a63c8657f9c47ec71068ff9c77423f1ea0422364""}",,7f29cebb9d06eca06ad0d6c690e4d5a083b71a9c42008f88e92474e3ff0eb98a,eb4075c77285da02c52794154760fa969fb21ab3dcceb0820cb7d2ba27d27471,http://images.cocodataset.org/train2017/000000146623.jpg,http://images.cocodataset.org/train2017/000000146623.jpg,vsr_test:1790,http://images.cocodataset.org/train2017/000000371890.jpg,shuffle_image,tier_a_v0.1,"{""algorithm"": ""cycle derangement"", ""axis"": ""evidence"", ""condition"": ""shuffle"", ""forbid_self_pair"": true, ""mapping_file_sha256"": ""d0ca3efb893c3338c12823430a9c1007d019eb79f432c51851ff7c318e1eb171"", ""replacement_example_id"": ""vsr_test:1790"", ""seed"": 20260810}",20260810,"{""do_sample"": false, ""max_new_tokens"": 5}",tier_a_pilot200,2f047945e4a22ea8774c8172826991930be36ad0,v0.1
vsr_test:0147,vsr_test:0147,test,shuffle,evidence,The person is touching the refrigerator.,The person is touching the refrigerator.,touching,topology_contact,person,refrigerator,False,,,False,True, False,Qwen/Qwen2-VL-7B-Instruct,,7B_general_lora,/home/ubuntu/vlm-spatial-reasoning/checkpoints/qwen2vl_7b_general_lora/final,"{""README.md"": ""ad67fbd14e29a7dae114b54d70c840eab4d917c7d4bbce31d8e923429325d12b"", ""adapter_config.json"": ""4cc863971496d11551ef4f7a943764405400230a371c1c74ab1690589d27af4b"", ""adapter_model.safetensors"": ""109a8f8284daa35887b309c03f53b03079e51e39ec821afd41f4653d983c56f8"", ""chat_template.jinja"": ""a0bc6f6fc7a29a80017a433e8f03a1cc1236e838a944a2d034295a60c4f2fddb"", ""processor_config.json"": ""edb8dd5001f02dd3a488fd63d664fcdc5514c4a93962bf1be534a0acf6e2c714"", ""tokenizer.json"": ""ff8cce547abc110590d19c6b5b6e0c6a7b4c8d1012d78b9c42131bae7f494a02"", ""tokenizer_config.json"": ""5afec58078ec072cdc9ad190a63c8657f9c47ec71068ff9c77423f1ea0422364""}",,7f29cebb9d06eca06ad0d6c690e4d5a083b71a9c42008f88e92474e3ff0eb98a,eb4075c77285da02c52794154760fa969fb21ab3dcceb0820cb7d2ba27d27471,http://images.cocodataset.org/train2017/000000407617.jpg,http://images.cocodataset.org/train2017/000000407617.jpg,vsr_test:1552,http://images.cocodataset.org/train2017/000000292242.jpg,shuffle_image,tier_a_v0.1,"{""algorithm"": ""cycle derangement"", ""axis"": ""evidence"", ""condition"": ""shuffle"", ""forbid_self_pair"": true, ""mapping_file_sha256"": ""d0ca3efb893c3338c12823430a9c1007d019eb79f432c51851ff7c318e1eb171"", ""replacement_example_id"": ""vsr_test:1552"", ""seed"": 20260810}",20260810,"{""do_sample"": false, ""max_new_tokens"": 5}",tier_a_pilot200,2f047945e4a22ea8774c8172826991930be36ad0,v0.1
vsr_test:0148,vsr_test:0148,test,shuffle,evidence,The handbag is under the cat.,The handbag is under the cat.,under,vertical,handbag,cat,False,,,False,True, False.,Qwen/Qwen2-VL-7B-Instruct,,7B_general_lora,/home/ubuntu/vlm-spatial-reasoning/checkpoints/qwen2vl_7b_general_lora/final,"{""README.md"": ""ad67fbd14e29a7dae114b54d70c840eab4d917c7d4bbce31d8e923429325d12b"", ""adapter_config.json"": ""4cc863971496d11551ef4f7a943764405400230a371c1c74ab1690589d27af4b"", ""adapter_model.safetensors"": ""109a8f8284daa35887b309c03f53b03079e51e39ec821afd41f4653d983c56f8"", ""chat_template.jinja"": ""a0bc6f6fc7a29a80017a433e8f03a1cc1236e838a944a2d034295a60c4f2fddb"", ""processor_config.json"": ""edb8dd5001f02dd3a488fd63d664fcdc5514c4a93962bf1be534a0acf6e2c714"", ""tokenizer.json"": ""ff8cce547abc110590d19c6b5b6e0c6a7b4c8d1012d78b9c42131bae7f494a02"", ""tokenizer_config.json"": ""5afec58078ec072cdc9ad190a63c8657f9c47ec71068ff9c77423f1ea0422364""}",,7f29cebb9d06eca06ad0d6c690e4d5a083b71a9c42008f88e92474e3ff0eb98a,eb4075c77285da02c52794154760fa969fb21ab3dcceb0820cb7d2ba27d27471,http://images.cocodataset.org/train2017/000000470862.jpg,http://images.cocodataset.org/train2017/000000470862.jpg,vsr_test:0726,http://images.cocodataset.org/train2017/000000419439.jpg,shuffle_image,tier_a_v0.1,"{""algorithm"": ""cycle derangement"", ""axis"": ""evidence"", ""condition"": ""shuffle"", ""forbid_self_pair"": true, ""mapping_file_sha256"": ""d0ca3efb893c3338c12823430a9c1007d019eb79f432c51851ff7c318e1eb171"", ""replacement_example_id"": ""vsr_test:0726"", ""seed"": 20260810}",20260810,"{""do_sample"": false, ""max_new_tokens"": 5}",tier_a_pilot200,2f047945e4a22ea8774c8172826991930be36ad0,v0.1
vsr_test:0149,vsr_test:0149,test,shuffle,evidence,The sandwich is touching the person.,The sandwich is touching the person.,touching,topology_contact,sandwich,person,True,,,False,False, False,Qwen/Qwen2-VL-7B-Instruct,,7B_general_lora,/home/ubuntu/vlm-spatial-reasoning/checkpoints/qwen2vl_7b_general_lora/final,"{""README.md"": ""ad67fbd14e29a7dae114b54d70c840eab4d917c7d4bbce31d8e923429325d12b"", ""adapter_config.json"": ""4cc863971496d11551ef4f7a943764405400230a371c1c74ab1690589d27af4b"", ""adapter_model.safetensors"": ""109a8f8284daa35887b309c03f53b03079e51e39ec821afd41f4653d983c56f8"", ""chat_template.jinja"": ""a0bc6f6fc7a29a80017a433e8f03a1cc1236e838a944a2d034295a60c4f2fddb"", ""processor_config.json"": ""edb8dd5001f02dd3a488fd63d664fcdc5514c4a93962bf1be534a0acf6e2c714"", ""tokenizer.json"": ""ff8cce547abc110590d19c6b5b6e0c6a7b4c8d1012d78b9c42131bae7f494a02"", ""tokenizer_config.json"": ""5afec58078ec072cdc9ad190a63c8657f9c47ec71068ff9c77423f1ea0422364""}",,7f29cebb9d06eca06ad0d6c690e4d5a083b71a9c42008f88e92474e3ff0eb98a,eb4075c77285da02c52794154760fa969fb21ab3dcceb0820cb7d2ba27d27471,http://images.cocodataset.org/train2017/000000492164.jpg,http://images.cocodataset.org/train2017/000000492164.jpg,vsr_test:1402,http://images.cocodataset.org/train2017/000000370857.jpg,shuffle_image,tier_a_v0.1,"{""algorithm"": ""cycle derangement"", ""axis"": ""evidence"", ""condition"": ""shuffle"", ""forbid_self_pair"": true, ""mapping_file_sha256"": ""d0ca3efb893c3338c12823430a9c1007d019eb79f432c51851ff7c318e1eb171"", ""replacement_example_id"": ""vsr_test:1402"", ""seed"": 20260810}",20260810,"{""do_sample"": false, ""max_new_tokens"": 5}",tier_a_pilot200,2f047945e4a22ea8774c8172826991930be36ad0,v0.1
vsr_test:0150,vsr_test:0150,test,shuffle,evidence,The bed is under the teddy bear.,The bed is under the teddy bear.,under,vertical,bed,teddy bear,True,,,False,False, False,Qwen/Qwen2-VL-7B-Instruct,,7B_general_lora,/home/ubuntu/vlm-spatial-reasoning/checkpoints/qwen2vl_7b_general_lora/final,"{""README.md"": ""ad67fbd14e29a7dae114b54d70c840eab4d917c7d4bbce31d8e923429325d12b"", ""adapter_config.json"": ""4cc863971496d11551ef4f7a943764405400230a371c1c74ab1690589d27af4b"", ""adapter_model.safetensors"": ""109a8f8284daa35887b309c03f53b03079e51e39ec821afd41f4653d983c56f8"", ""chat_template.jinja"": ""a0bc6f6fc7a29a80017a433e8f03a1cc1236e838a944a2d034295a60c4f2fddb"", ""processor_config.json"": ""edb8dd5001f02dd3a488fd63d664fcdc5514c4a93962bf1be534a0acf6e2c714"", ""tokenizer.json"": ""ff8cce547abc110590d19c6b5b6e0c6a7b4c8d1012d78b9c42131bae7f494a02"", ""tokenizer_config.json"": ""5afec58078ec072cdc9ad190a63c8657f9c47ec71068ff9c77423f1ea0422364""}",,7f29cebb9d06eca06ad0d6c690e4d5a083b71a9c42008f88e92474e3ff0eb98a,eb4075c77285da02c52794154760fa969fb21ab3dcceb0820cb7d2ba27d27471,http://images.cocodataset.org/train2017/000000580274.jpg,http://images.cocodataset.org/train2017/000000580274.jpg,vsr_test:0616,http://images.cocodataset.org/train2017/000000364937.jpg,shuffle_image,tier_a_v0.1,"{""algorithm"": ""cycle derangement"", ""axis"": ""evidence"", ""condition"": ""shuffle"", ""forbid_self_pair"": true, ""mapping_file_sha256"": ""d0ca3efb893c3338c12823430a9c1007d019eb79f432c51851ff7c318e1eb171"", ""replacement_example_id"": ""vsr_test:0616"", ""seed"": 20260810}",20260810,"{""do_sample"": false, ""max_new_tokens"": 5}",tier_a_pilot200,2f047945e4a22ea8774c8172826991930be36ad0,v0.1
vsr_test:0151,vsr_test:0151,test,shuffle,evidence,The pizza is off the dining table.,The pizza is off the dining table.,off,other,pizza,,False,,,False,True, False,Qwen/Qwen2-VL-7B-Instruct,,7B_general_lora,/home/ubuntu/vlm-spatial-reasoning/checkpoints/qwen2vl_7b_general_lora/final,"{""README.md"": ""ad67fbd14e29a7dae114b54d70c840eab4d917c7d4bbce31d8e923429325d12b"", ""adapter_config.json"": ""4cc863971496d11551ef4f7a943764405400230a371c1c74ab1690589d27af4b"", ""adapter_model.safetensors"": ""109a8f8284daa35887b309c03f53b03079e51e39ec821afd41f4653d983c56f8"", ""chat_template.jinja"": ""a0bc6f6fc7a29a80017a433e8f03a1cc1236e838a944a2d034295a60c4f2fddb"", ""processor_config.json"": ""edb8dd5001f02dd3a488fd63d664fcdc5514c4a93962bf1be534a0acf6e2c714"", ""tokenizer.json"": ""ff8cce547abc110590d19c6b5b6e0c6a7b4c8d1012d78b9c42131bae7f494a02"", ""tokenizer_config.json"": ""5afec58078ec072cdc9ad190a63c8657f9c47ec71068ff9c77423f1ea0422364""}",,7f29cebb9d06eca06ad0d6c690e4d5a083b71a9c42008f88e92474e3ff0eb98a,eb4075c77285da02c52794154760fa969fb21ab3dcceb0820cb7d2ba27d27471,http://images.cocodataset.org/train2017/000000432035.jpg,http://images.cocodataset.org/train2017/000000432035.jpg,vsr_test:0348,http://images.cocodataset.org/train2017/000000082512.jpg,shuffle_image,tier_a_v0.1,"{""algorithm"": ""cycle derangement"", ""axis"": ""evidence"", ""condition"": ""shuffle"", ""forbid_self_pair"": true, ""mapping_file_sha256"": ""d0ca3efb893c3338c12823430a9c1007d019eb79f432c51851ff7c318e1eb171"", ""replacement_example_id"": ""vsr_test:0348"", ""seed"": 20260810}",20260810,"{""do_sample"": false, ""max_new_tokens"": 5}",tier_a_pilot200,2f047945e4a22ea8774c8172826991930be36ad0,v0.1
vsr_test:0152,vsr_test:0152,test,shuffle,evidence,The boat is on the truck.,The boat is on the truck.,on,topology_contact,boat,truck,False,,,False,True, False,Qwen/Qwen2-VL-7B-Instruct,,7B_general_lora,/home/ubuntu/vlm-spatial-reasoning/checkpoints/qwen2vl_7b_general_lora/final,"{""README.md"": ""ad67fbd14e29a7dae114b54d70c840eab4d917c7d4bbce31d8e923429325d12b"", ""adapter_config.json"": ""4cc863971496d11551ef4f7a943764405400230a371c1c74ab1690589d27af4b"", ""adapter_model.safetensors"": ""109a8f8284daa35887b309c03f53b03079e51e39ec821afd41f4653d983c56f8"", ""chat_template.jinja"": ""a0bc6f6fc7a29a80017a433e8f03a1cc1236e838a944a2d034295a60c4f2fddb"", ""processor_config.json"": ""edb8dd5001f02dd3a488fd63d664fcdc5514c4a93962bf1be534a0acf6e2c714"", ""tokenizer.json"": ""ff8cce547abc110590d19c6b5b6e0c6a7b4c8d1012d78b9c42131bae7f494a02"", ""tokenizer_config.json"": ""5afec58078ec072cdc9ad190a63c8657f9c47ec71068ff9c77423f1ea0422364""}",,7f29cebb9d06eca06ad0d6c690e4d5a083b71a9c42008f88e92474e3ff0eb98a,eb4075c77285da02c52794154760fa969fb21ab3dcceb0820cb7d2ba27d27471,http://images.cocodataset.org/train2017/000000246233.jpg,http://images.cocodataset.org/train2017/000000246233.jpg,vsr_test:1367,http://images.cocodataset.org/train2017/000000017311.jpg,shuffle_image,tier_a_v0.1,"{""algorithm"": ""cycle derangement"", ""axis"": ""evidence"", ""condition"": ""shuffle"", ""forbid_self_pair"": true, ""mapping_file_sha256"": ""d0ca3efb893c3338c12823430a9c1007d019eb79f432c51851ff7c318e1eb171"", ""replacement_example_id"": ""vsr_test:1367"", ""seed"": 20260810}",20260810,"{""do_sample"": false, ""max_new_tokens"": 5}",tier_a_pilot200,2f047945e4a22ea8774c8172826991930be36ad0,v0.1
vsr_test:0153,vsr_test:0153,test,shuffle,evidence,The cat is in front of the refrigerator.,The cat is in front of the refrigerator.,in front of,depth,cat,refrigerator,True,,,False,False, False,Qwen/Qwen2-VL-7B-Instruct,,7B_general_lora,/home/ubuntu/vlm-spatial-reasoning/checkpoints/qwen2vl_7b_general_lora/final,"{""README.md"": ""ad67fbd14e29a7dae114b54d70c840eab4d917c7d4bbce31d8e923429325d12b"", ""adapter_config.json"": ""4cc863971496d11551ef4f7a943764405400230a371c1c74ab1690589d27af4b"", ""adapter_model.safetensors"": ""109a8f8284daa35887b309c03f53b03079e51e39ec821afd41f4653d983c56f8"", ""chat_template.jinja"": ""a0bc6f6fc7a29a80017a433e8f03a1cc1236e838a944a2d034295a60c4f2fddb"", ""processor_config.json"": ""edb8dd5001f02dd3a488fd63d664fcdc5514c4a93962bf1be534a0acf6e2c714"", ""tokenizer.json"": ""ff8cce547abc110590d19c6b5b6e0c6a7b4c8d1012d78b9c42131bae7f494a02"", ""tokenizer_config.json"": ""5afec58078ec072cdc9ad190a63c8657f9c47ec71068ff9c77423f1ea0422364""}",,7f29cebb9d06eca06ad0d6c690e4d5a083b71a9c42008f88e92474e3ff0eb98a,eb4075c77285da02c52794154760fa969fb21ab3dcceb0820cb7d2ba27d27471,http://images.cocodataset.org/train2017/000000117774.jpg,http://images.cocodataset.org/train2017/000000117774.jpg,vsr_test:0915,http://images.cocodataset.org/train2017/000000407548.jpg,shuffle_image,tier_a_v0.1,"{""algorithm"": ""cycle derangement"", ""axis"": ""evidence"", ""condition"": ""shuffle"", ""forbid_self_pair"": true, ""mapping_file_sha256"": ""d0ca3efb893c3338c12823430a9c1007d019eb79f432c51851ff7c318e1eb171"", ""replacement_example_id"": ""vsr_test:0915"", ""seed"": 20260810}",20260810,"{""do_sample"": false, ""max_new_tokens"": 5}",tier_a_pilot200,2f047945e4a22ea8774c8172826991930be36ad0,v0.1
vsr_test:0154,vsr_test:0154,test,shuffle,evidence,The bus is behind the bicycle.,The bus is behind the bicycle.,behind,depth,bus,bicycle,True,,,False,False, False.,Qwen/Qwen2-VL-7B-Instruct,,7B_general_lora,/home/ubuntu/vlm-spatial-reasoning/checkpoints/qwen2vl_7b_general_lora/final,"{""README.md"": ""ad67fbd14e29a7dae114b54d70c840eab4d917c7d4bbce31d8e923429325d12b"", ""adapter_config.json"": ""4cc863971496d11551ef4f7a943764405400230a371c1c74ab1690589d27af4b"", ""adapter_model.safetensors"": ""109a8f8284daa35887b309c03f53b03079e51e39ec821afd41f4653d983c56f8"", ""chat_template.jinja"": ""a0bc6f6fc7a29a80017a433e8f03a1cc1236e838a944a2d034295a60c4f2fddb"", ""processor_config.json"": ""edb8dd5001f02dd3a488fd63d664fcdc5514c4a93962bf1be534a0acf6e2c714"", ""tokenizer.json"": ""ff8cce547abc110590d19c6b5b6e0c6a7b4c8d1012d78b9c42131bae7f494a02"", ""tokenizer_config.json"": ""5afec58078ec072cdc9ad190a63c8657f9c47ec71068ff9c77423f1ea0422364""}",,7f29cebb9d06eca06ad0d6c690e4d5a083b71a9c42008f88e92474e3ff0eb98a,eb4075c77285da02c52794154760fa969fb21ab3dcceb0820cb7d2ba27d27471,http://images.cocodataset.org/train2017/000000469728.jpg,http://images.cocodataset.org/train2017/000000469728.jpg,vsr_test:0857,http://images.cocodataset.org/train2017/000000422755.jpg,shuffle_image,tier_a_v0.1,"{""algorithm"": ""cycle derangement"", ""axis"": ""evidence"", ""condition"": ""shuffle"", ""forbid_self_pair"": true, ""mapping_file_sha256"": ""d0ca3efb893c3338c12823430a9c1007d019eb79f432c51851ff7c318e1eb171"", ""replacement_example_id"": ""vsr_test:0857"", ""seed"": 20260810}",20260810,"{""do_sample"": false, ""max_new_tokens"": 5}",tier_a_pilot200,2f047945e4a22ea8774c8172826991930be36ad0,v0.1
vsr_test:0155,vsr_test:0155,test,shuffle,evidence,The person is on the horse.,The person is on the horse.,on,topology_contact,person,horse,True,,,False,False, False.,Qwen/Qwen2-VL-7B-Instruct,,7B_general_lora,/home/ubuntu/vlm-spatial-reasoning/checkpoints/qwen2vl_7b_general_lora/final,"{""README.md"": ""ad67fbd14e29a7dae114b54d70c840eab4d917c7d4bbce31d8e923429325d12b"", ""adapter_config.json"": ""4cc863971496d11551ef4f7a943764405400230a371c1c74ab1690589d27af4b"", ""adapter_model.safetensors"": ""109a8f8284daa35887b309c03f53b03079e51e39ec821afd41f4653d983c56f8"", ""chat_template.jinja"": ""a0bc6f6fc7a29a80017a433e8f03a1cc1236e838a944a2d034295a60c4f2fddb"", ""processor_config.json"": ""edb8dd5001f02dd3a488fd63d664fcdc5514c4a93962bf1be534a0acf6e2c714"", ""tokenizer.json"": ""ff8cce547abc110590d19c6b5b6e0c6a7b4c8d1012d78b9c42131bae7f494a02"", ""tokenizer_config.json"": ""5afec58078ec072cdc9ad190a63c8657f9c47ec71068ff9c77423f1ea0422364""}",,7f29cebb9d06eca06ad0d6c690e4d5a083b71a9c42008f88e92474e3ff0eb98a,eb4075c77285da02c52794154760fa969fb21ab3dcceb0820cb7d2ba27d27471,http://images.cocodataset.org/train2017/000000460033.jpg,http://images.cocodataset.org/train2017/000000460033.jpg,vsr_test:0237,http://images.cocodataset.org/train2017/000000467675.jpg,shuffle_image,tier_a_v0.1,"{""algorithm"": ""cycle derangement"", ""axis"": ""evidence"", ""condition"": ""shuffle"", ""forbid_self_pair"": true, ""mapping_file_sha256"": ""d0ca3efb893c3338c12823430a9c1007d019eb79f432c51851ff7c318e1eb171"", ""replacement_example_id"": ""vsr_test:0237"", ""seed"": 20260810}",20260810,"{""do_sample"": false, ""max_new_tokens"": 5}",tier_a_pilot200,2f047945e4a22ea8774c8172826991930be36ad0,v0.1
vsr_test:0156,vsr_test:0156,test,shuffle,evidence,The person is facing away from the horse.,The person is facing away from the horse.,facing away from,orientation,person,horse,True,,,False,False, False.,Qwen/Qwen2-VL-7B-Instruct,,7B_general_lora,/home/ubuntu/vlm-spatial-reasoning/checkpoints/qwen2vl_7b_general_lora/final,"{""README.md"": ""ad67fbd14e29a7dae114b54d70c840eab4d917c7d4bbce31d8e923429325d12b"", ""adapter_config.json"": ""4cc863971496d11551ef4f7a943764405400230a371c1c74ab1690589d27af4b"", ""adapter_model.safetensors"": ""109a8f8284daa35887b309c03f53b03079e51e39ec821afd41f4653d983c56f8"", ""chat_template.jinja"": ""a0bc6f6fc7a29a80017a433e8f03a1cc1236e838a944a2d034295a60c4f2fddb"", ""processor_config.json"": ""edb8dd5001f02dd3a488fd63d664fcdc5514c4a93962bf1be534a0acf6e2c714"", ""tokenizer.json"": ""ff8cce547abc110590d19c6b5b6e0c6a7b4c8d1012d78b9c42131bae7f494a02"", ""tokenizer_config.json"": ""5afec58078ec072cdc9ad190a63c8657f9c47ec71068ff9c77423f1ea0422364""}",,7f29cebb9d06eca06ad0d6c690e4d5a083b71a9c42008f88e92474e3ff0eb98a,eb4075c77285da02c52794154760fa969fb21ab3dcceb0820cb7d2ba27d27471,http://images.cocodataset.org/train2017/000000004972.jpg,http://images.cocodataset.org/train2017/000000004972.jpg,vsr_test:1339,http://images.cocodataset.org/train2017/000000284873.jpg,shuffle_image,tier_a_v0.1,"{""algorithm"": ""cycle derangement"", ""axis"": ""evidence"", ""condition"": ""shuffle"", ""forbid_self_pair"": true, ""mapping_file_sha256"": ""d0ca3efb893c3338c12823430a9c1007d019eb79f432c51851ff7c318e1eb171"", ""replacement_example_id"": ""vsr_test:1339"", ""seed"": 20260810}",20260810,"{""do_sample"": false, ""max_new_tokens"": 5}",tier_a_pilot200,2f047945e4a22ea8774c8172826991930be36ad0,v0.1
vsr_test:0157,vsr_test:0157,test,shuffle,evidence,The chair is left of the teddy bear.,The chair is left of the teddy bear.,left of,horizontal,chair,,True,,,False,False, False.,Qwen/Qwen2-VL-7B-Instruct,,7B_general_lora,/home/ubuntu/vlm-spatial-reasoning/checkpoints/qwen2vl_7b_general_lora/final,"{""README.md"": ""ad67fbd14e29a7dae114b54d70c840eab4d917c7d4bbce31d8e923429325d12b"", ""adapter_config.json"": ""4cc863971496d11551ef4f7a943764405400230a371c1c74ab1690589d27af4b"", ""adapter_model.safetensors"": ""109a8f8284daa35887b309c03f53b03079e51e39ec821afd41f4653d983c56f8"", ""chat_template.jinja"": ""a0bc6f6fc7a29a80017a433e8f03a1cc1236e838a944a2d034295a60c4f2fddb"", ""processor_config.json"": ""edb8dd5001f02dd3a488fd63d664fcdc5514c4a93962bf1be534a0acf6e2c714"", ""tokenizer.json"": ""ff8cce547abc110590d19c6b5b6e0c6a7b4c8d1012d78b9c42131bae7f494a02"", ""tokenizer_config.json"": ""5afec58078ec072cdc9ad190a63c8657f9c47ec71068ff9c77423f1ea0422364""}",,7f29cebb9d06eca06ad0d6c690e4d5a083b71a9c42008f88e92474e3ff0eb98a,eb4075c77285da02c52794154760fa969fb21ab3dcceb0820cb7d2ba27d27471,http://images.cocodataset.org/train2017/000000531568.jpg,http://images.cocodataset.org/train2017/000000531568.jpg,vsr_test:1154,http://images.cocodataset.org/train2017/000000504158.jpg,shuffle_image,tier_a_v0.1,"{""algorithm"": ""cycle derangement"", ""axis"": ""evidence"", ""condition"": ""shuffle"", ""forbid_self_pair"": true, ""mapping_file_sha256"": ""d0ca3efb893c3338c12823430a9c1007d019eb79f432c51851ff7c318e1eb171"", ""replacement_example_id"": ""vsr_test:1154"", ""seed"": 20260810}",20260810,"{""do_sample"": false, ""max_new_tokens"": 5}",tier_a_pilot200,2f047945e4a22ea8774c8172826991930be36ad0,v0.1
vsr_test:0158,vsr_test:0158,test,shuffle,evidence,The cow is far away from the truck.,The cow is far away from the truck.,far away from,proximity,cow,truck,True,,,False,False, False,Qwen/Qwen2-VL-7B-Instruct,,7B_general_lora,/home/ubuntu/vlm-spatial-reasoning/checkpoints/qwen2vl_7b_general_lora/final,"{""README.md"": ""ad67fbd14e29a7dae114b54d70c840eab4d917c7d4bbce31d8e923429325d12b"", ""adapter_config.json"": ""4cc863971496d11551ef4f7a943764405400230a371c1c74ab1690589d27af4b"", ""adapter_model.safetensors"": ""109a8f8284daa35887b309c03f53b03079e51e39ec821afd41f4653d983c56f8"", ""chat_template.jinja"": ""a0bc6f6fc7a29a80017a433e8f03a1cc1236e838a944a2d034295a60c4f2fddb"", ""processor_config.json"": ""edb8dd5001f02dd3a488fd63d664fcdc5514c4a93962bf1be534a0acf6e2c714"", ""tokenizer.json"": ""ff8cce547abc110590d19c6b5b6e0c6a7b4c8d1012d78b9c42131bae7f494a02"", ""tokenizer_config.json"": ""5afec58078ec072cdc9ad190a63c8657f9c47ec71068ff9c77423f1ea0422364""}",,7f29cebb9d06eca06ad0d6c690e4d5a083b71a9c42008f88e92474e3ff0eb98a,eb4075c77285da02c52794154760fa969fb21ab3dcceb0820cb7d2ba27d27471,http://images.cocodataset.org/train2017/000000484341.jpg,http://images.cocodataset.org/train2017/000000484341.jpg,vsr_test:1897,http://images.cocodataset.org/train2017/000000016458.jpg,shuffle_image,tier_a_v0.1,"{""algorithm"": ""cycle derangement"", ""axis"": ""evidence"", ""condition"": ""shuffle"", ""forbid_self_pair"": true, ""mapping_file_sha256"": ""d0ca3efb893c3338c12823430a9c1007d019eb79f432c51851ff7c318e1eb171"", ""replacement_example_id"": ""vsr_test:1897"", ""seed"": 20260810}",20260810,"{""do_sample"": false, ""max_new_tokens"": 5}",tier_a_pilot200,2f047945e4a22ea8774c8172826991930be36ad0,v0.1
vsr_test:0159,vsr_test:0159,test,shuffle,evidence,The teddy bear is next to the wine glass.,The teddy bear is next to the wine glass.,next to,horizontal,teddy bear,wine glass,False,,,False,True, False.,Qwen/Qwen2-VL-7B-Instruct,,7B_general_lora,/home/ubuntu/vlm-spatial-reasoning/checkpoints/qwen2vl_7b_general_lora/final,"{""README.md"": ""ad67fbd14e29a7dae114b54d70c840eab4d917c7d4bbce31d8e923429325d12b"", ""adapter_config.json"": ""4cc863971496d11551ef4f7a943764405400230a371c1c74ab1690589d27af4b"", ""adapter_model.safetensors"": ""109a8f8284daa35887b309c03f53b03079e51e39ec821afd41f4653d983c56f8"", ""chat_template.jinja"": ""a0bc6f6fc7a29a80017a433e8f03a1cc1236e838a944a2d034295a60c4f2fddb"", ""processor_config.json"": ""edb8dd5001f02dd3a488fd63d664fcdc5514c4a93962bf1be534a0acf6e2c714"", ""tokenizer.json"": ""ff8cce547abc110590d19c6b5b6e0c6a7b4c8d1012d78b9c42131bae7f494a02"", ""tokenizer_config.json"": ""5afec58078ec072cdc9ad190a63c8657f9c47ec71068ff9c77423f1ea0422364""}",,7f29cebb9d06eca06ad0d6c690e4d5a083b71a9c42008f88e92474e3ff0eb98a,eb4075c77285da02c52794154760fa969fb21ab3dcceb0820cb7d2ba27d27471,http://images.cocodataset.org/train2017/000000439117.jpg,http://images.cocodataset.org/train2017/000000439117.jpg,vsr_test:0590,http://images.cocodataset.org/val2017/000000492937.jpg,shuffle_image,tier_a_v0.1,"{""algorithm"": ""cycle derangement"", ""axis"": ""evidence"", ""condition"": ""shuffle"", ""forbid_self_pair"": true, ""mapping_file_sha256"": ""d0ca3efb893c3338c12823430a9c1007d019eb79f432c51851ff7c318e1eb171"", ""replacement_example_id"": ""vsr_test:0590"", ""seed"": 20260810}",20260810,"{""do_sample"": false, ""max_new_tokens"": 5}",tier_a_pilot200,2f047945e4a22ea8774c8172826991930be36ad0,v0.1
vsr_test:0160,vsr_test:0160,test,shuffle,evidence,The vase is behind the cat.,The vase is behind the cat.,behind,depth,vase,cat,False,,,False,True, False.,Qwen/Qwen2-VL-7B-Instruct,,7B_general_lora,/home/ubuntu/vlm-spatial-reasoning/checkpoints/qwen2vl_7b_general_lora/final,"{""README.md"": ""ad67fbd14e29a7dae114b54d70c840eab4d917c7d4bbce31d8e923429325d12b"", ""adapter_config.json"": ""4cc863971496d11551ef4f7a943764405400230a371c1c74ab1690589d27af4b"", ""adapter_model.safetensors"": ""109a8f8284daa35887b309c03f53b03079e51e39ec821afd41f4653d983c56f8"", ""chat_template.jinja"": ""a0bc6f6fc7a29a80017a433e8f03a1cc1236e838a944a2d034295a60c4f2fddb"", ""processor_config.json"": ""edb8dd5001f02dd3a488fd63d664fcdc5514c4a93962bf1be534a0acf6e2c714"", ""tokenizer.json"": ""ff8cce547abc110590d19c6b5b6e0c6a7b4c8d1012d78b9c42131bae7f494a02"", ""tokenizer_config.json"": ""5afec58078ec072cdc9ad190a63c8657f9c47ec71068ff9c77423f1ea0422364""}",,7f29cebb9d06eca06ad0d6c690e4d5a083b71a9c42008f88e92474e3ff0eb98a,eb4075c77285da02c52794154760fa969fb21ab3dcceb0820cb7d2ba27d27471,http://images.cocodataset.org/train2017/000000261225.jpg,http://images.cocodataset.org/train2017/000000261225.jpg,vsr_test:0184,http://images.cocodataset.org/train2017/000000344507.jpg,shuffle_image,tier_a_v0.1,"{""algorithm"": ""cycle derangement"", ""axis"": ""evidence"", ""condition"": ""shuffle"", ""forbid_self_pair"": true, ""mapping_file_sha256"": ""d0ca3efb893c3338c12823430a9c1007d019eb79f432c51851ff7c318e1eb171"", ""replacement_example_id"": ""vsr_test:0184"", ""seed"": 20260810}",20260810,"{""do_sample"": false, ""max_new_tokens"": 5}",tier_a_pilot200,2f047945e4a22ea8774c8172826991930be36ad0,v0.1
vsr_test:0161,vsr_test:0161,test,shuffle,evidence,The cat is at the edge of the laptop.,The cat is at the edge of the laptop.,at the edge of,topology_contact,cat,laptop,True,,,False,False, False.,Qwen/Qwen2-VL-7B-Instruct,,7B_general_lora,/home/ubuntu/vlm-spatial-reasoning/checkpoints/qwen2vl_7b_general_lora/final,"{""README.md"": ""ad67fbd14e29a7dae114b54d70c840eab4d917c7d4bbce31d8e923429325d12b"", ""adapter_config.json"": ""4cc863971496d11551ef4f7a943764405400230a371c1c74ab1690589d27af4b"", ""adapter_model.safetensors"": ""109a8f8284daa35887b309c03f53b03079e51e39ec821afd41f4653d983c56f8"", ""chat_template.jinja"": ""a0bc6f6fc7a29a80017a433e8f03a1cc1236e838a944a2d034295a60c4f2fddb"", ""processor_config.json"": ""edb8dd5001f02dd3a488fd63d664fcdc5514c4a93962bf1be534a0acf6e2c714"", ""tokenizer.json"": ""ff8cce547abc110590d19c6b5b6e0c6a7b4c8d1012d78b9c42131bae7f494a02"", ""tokenizer_config.json"": ""5afec58078ec072cdc9ad190a63c8657f9c47ec71068ff9c77423f1ea0422364""}",,7f29cebb9d06eca06ad0d6c690e4d5a083b71a9c42008f88e92474e3ff0eb98a,eb4075c77285da02c52794154760fa969fb21ab3dcceb0820cb7d2ba27d27471,http://images.cocodataset.org/train2017/000000569310.jpg,http://images.cocodataset.org/train2017/000000569310.jpg,vsr_test:1205,http://images.cocodataset.org/train2017/000000281764.jpg,shuffle_image,tier_a_v0.1,"{""algorithm"": ""cycle derangement"", ""axis"": ""evidence"", ""condition"": ""shuffle"", ""forbid_self_pair"": true, ""mapping_file_sha256"": ""d0ca3efb893c3338c12823430a9c1007d019eb79f432c51851ff7c318e1eb171"", ""replacement_example_id"": ""vsr_test:1205"", ""seed"": 20260810}",20260810,"{""do_sample"": false, ""max_new_tokens"": 5}",tier_a_pilot200,2f047945e4a22ea8774c8172826991930be36ad0,v0.1
vsr_test:0162,vsr_test:0162,test,shuffle,evidence,The laptop is at the edge of the dining table.,The laptop is at the edge of the dining table.,at the edge of,topology_contact,laptop,dining table,False,,,False,True, False.,Qwen/Qwen2-VL-7B-Instruct,,7B_general_lora,/home/ubuntu/vlm-spatial-reasoning/checkpoints/qwen2vl_7b_general_lora/final,"{""README.md"": ""ad67fbd14e29a7dae114b54d70c840eab4d917c7d4bbce31d8e923429325d12b"", ""adapter_config.json"": ""4cc863971496d11551ef4f7a943764405400230a371c1c74ab1690589d27af4b"", ""adapter_model.safetensors"": ""109a8f8284daa35887b309c03f53b03079e51e39ec821afd41f4653d983c56f8"", ""chat_template.jinja"": ""a0bc6f6fc7a29a80017a433e8f03a1cc1236e838a944a2d034295a60c4f2fddb"", ""processor_config.json"": ""edb8dd5001f02dd3a488fd63d664fcdc5514c4a93962bf1be534a0acf6e2c714"", ""tokenizer.json"": ""ff8cce547abc110590d19c6b5b6e0c6a7b4c8d1012d78b9c42131bae7f494a02"", ""tokenizer_config.json"": ""5afec58078ec072cdc9ad190a63c8657f9c47ec71068ff9c77423f1ea0422364""}",,7f29cebb9d06eca06ad0d6c690e4d5a083b71a9c42008f88e92474e3ff0eb98a,eb4075c77285da02c52794154760fa969fb21ab3dcceb0820cb7d2ba27d27471,http://images.cocodataset.org/train2017/000000372381.jpg,http://images.cocodataset.org/train2017/000000372381.jpg,vsr_test:1510,http://images.cocodataset.org/train2017/000000233005.jpg,shuffle_image,tier_a_v0.1,"{""algorithm"": ""cycle derangement"", ""axis"": ""evidence"", ""condition"": ""shuffle"", ""forbid_self_pair"": true, ""mapping_file_sha256"": ""d0ca3efb893c3338c12823430a9c1007d019eb79f432c51851ff7c318e1eb171"", ""replacement_example_id"": ""vsr_test:1510"", ""seed"": 20260810}",20260810,"{""do_sample"": false, ""max_new_tokens"": 5}",tier_a_pilot200,2f047945e4a22ea8774c8172826991930be36ad0,v0.1
vsr_test:0163,vsr_test:0163,test,shuffle,evidence,The hot dog is far away from the bench.,The hot dog is far away from the bench.,far away from,proximity,hot dog,bench,False,,,False,True, False,Qwen/Qwen2-VL-7B-Instruct,,7B_general_lora,/home/ubuntu/vlm-spatial-reasoning/checkpoints/qwen2vl_7b_general_lora/final,"{""README.md"": ""ad67fbd14e29a7dae114b54d70c840eab4d917c7d4bbce31d8e923429325d12b"", ""adapter_config.json"": ""4cc863971496d11551ef4f7a943764405400230a371c1c74ab1690589d27af4b"", ""adapter_model.safetensors"": ""109a8f8284daa35887b309c03f53b03079e51e39ec821afd41f4653d983c56f8"", ""chat_template.jinja"": ""a0bc6f6fc7a29a80017a433e8f03a1cc1236e838a944a2d034295a60c4f2fddb"", ""processor_config.json"": ""edb8dd5001f02dd3a488fd63d664fcdc5514c4a93962bf1be534a0acf6e2c714"", ""tokenizer.json"": ""ff8cce547abc110590d19c6b5b6e0c6a7b4c8d1012d78b9c42131bae7f494a02"", ""tokenizer_config.json"": ""5afec58078ec072cdc9ad190a63c8657f9c47ec71068ff9c77423f1ea0422364""}",,7f29cebb9d06eca06ad0d6c690e4d5a083b71a9c42008f88e92474e3ff0eb98a,eb4075c77285da02c52794154760fa969fb21ab3dcceb0820cb7d2ba27d27471,http://images.cocodataset.org/train2017/000000330955.jpg,http://images.cocodataset.org/train2017/000000330955.jpg,vsr_test:1388,http://images.cocodataset.org/train2017/000000037059.jpg,shuffle_image,tier_a_v0.1,"{""algorithm"": ""cycle derangement"", ""axis"": ""evidence"", ""condition"": ""shuffle"", ""forbid_self_pair"": true, ""mapping_file_sha256"": ""d0ca3efb893c3338c12823430a9c1007d019eb79f432c51851ff7c318e1eb171"", ""replacement_example_id"": ""vsr_test:1388"", ""seed"": 20260810}",20260810,"{""do_sample"": false, ""max_new_tokens"": 5}",tier_a_pilot200,2f047945e4a22ea8774c8172826991930be36ad0,v0.1
vsr_test:0164,vsr_test:0164,test,shuffle,evidence,The bed is under the suitcase.,The bed is under the suitcase.,under,vertical,bed,suitcase,False,,,False,True, False,Qwen/Qwen2-VL-7B-Instruct,,7B_general_lora,/home/ubuntu/vlm-spatial-reasoning/checkpoints/qwen2vl_7b_general_lora/final,"{""README.md"": ""ad67fbd14e29a7dae114b54d70c840eab4d917c7d4bbce31d8e923429325d12b"", ""adapter_config.json"": ""4cc863971496d11551ef4f7a943764405400230a371c1c74ab1690589d27af4b"", ""adapter_model.safetensors"": ""109a8f8284daa35887b309c03f53b03079e51e39ec821afd41f4653d983c56f8"", ""chat_template.jinja"": ""a0bc6f6fc7a29a80017a433e8f03a1cc1236e838a944a2d034295a60c4f2fddb"", ""processor_config.json"": ""edb8dd5001f02dd3a488fd63d664fcdc5514c4a93962bf1be534a0acf6e2c714"", ""tokenizer.json"": ""ff8cce547abc110590d19c6b5b6e0c6a7b4c8d1012d78b9c42131bae7f494a02"", ""tokenizer_config.json"": ""5afec58078ec072cdc9ad190a63c8657f9c47ec71068ff9c77423f1ea0422364""}",,7f29cebb9d06eca06ad0d6c690e4d5a083b71a9c42008f88e92474e3ff0eb98a,eb4075c77285da02c52794154760fa969fb21ab3dcceb0820cb7d2ba27d27471,http://images.cocodataset.org/train2017/000000348816.jpg,http://images.cocodataset.org/train2017/000000348816.jpg,vsr_test:0152,http://images.cocodataset.org/train2017/000000246233.jpg,shuffle_image,tier_a_v0.1,"{""algorithm"": ""cycle derangement"", ""axis"": ""evidence"", ""condition"": ""shuffle"", ""forbid_self_pair"": true, ""mapping_file_sha256"": ""d0ca3efb893c3338c12823430a9c1007d019eb79f432c51851ff7c318e1eb171"", ""replacement_example_id"": ""vsr_test:0152"", ""seed"": 20260810}",20260810,"{""do_sample"": false, ""max_new_tokens"": 5}",tier_a_pilot200,2f047945e4a22ea8774c8172826991930be36ad0,v0.1
vsr_test:0165,vsr_test:0165,test,shuffle,evidence,The elephant is in front of the truck.,The elephant is in front of the truck.,in front of,depth,elephant,truck,False,,,False,True, False.,Qwen/Qwen2-VL-7B-Instruct,,7B_general_lora,/home/ubuntu/vlm-spatial-reasoning/checkpoints/qwen2vl_7b_general_lora/final,"{""README.md"": ""ad67fbd14e29a7dae114b54d70c840eab4d917c7d4bbce31d8e923429325d12b"", ""adapter_config.json"": ""4cc863971496d11551ef4f7a943764405400230a371c1c74ab1690589d27af4b"", ""adapter_model.safetensors"": ""109a8f8284daa35887b309c03f53b03079e51e39ec821afd41f4653d983c56f8"", ""chat_template.jinja"": ""a0bc6f6fc7a29a80017a433e8f03a1cc1236e838a944a2d034295a60c4f2fddb"", ""processor_config.json"": ""edb8dd5001f02dd3a488fd63d664fcdc5514c4a93962bf1be534a0acf6e2c714"", ""tokenizer.json"": ""ff8cce547abc110590d19c6b5b6e0c6a7b4c8d1012d78b9c42131bae7f494a02"", ""tokenizer_config.json"": ""5afec58078ec072cdc9ad190a63c8657f9c47ec71068ff9c77423f1ea0422364""}",,7f29cebb9d06eca06ad0d6c690e4d5a083b71a9c42008f88e92474e3ff0eb98a,eb4075c77285da02c52794154760fa969fb21ab3dcceb0820cb7d2ba27d27471,http://images.cocodataset.org/train2017/000000027989.jpg,http://images.cocodataset.org/train2017/000000027989.jpg,vsr_test:1386,http://images.cocodataset.org/train2017/000000500228.jpg,shuffle_image,tier_a_v0.1,"{""algorithm"": ""cycle derangement"", ""axis"": ""evidence"", ""condition"": ""shuffle"", ""forbid_self_pair"": true, ""mapping_file_sha256"": ""d0ca3efb893c3338c12823430a9c1007d019eb79f432c51851ff7c318e1eb171"", ""replacement_example_id"": ""vsr_test:1386"", ""seed"": 20260810}",20260810,"{""do_sample"": false, ""max_new_tokens"": 5}",tier_a_pilot200,2f047945e4a22ea8774c8172826991930be36ad0,v0.1
vsr_test:0166,vsr_test:0166,test,shuffle,evidence,The bed is beside the bench.,The bed is beside the bench.,beside,horizontal,bed,bench,True,,,False,False, False.,Qwen/Qwen2-VL-7B-Instruct,,7B_general_lora,/home/ubuntu/vlm-spatial-reasoning/checkpoints/qwen2vl_7b_general_lora/final,"{""README.md"": ""ad67fbd14e29a7dae114b54d70c840eab4d917c7d4bbce31d8e923429325d12b"", ""adapter_config.json"": ""4cc863971496d11551ef4f7a943764405400230a371c1c74ab1690589d27af4b"", ""adapter_model.safetensors"": ""109a8f8284daa35887b309c03f53b03079e51e39ec821afd41f4653d983c56f8"", ""chat_template.jinja"": ""a0bc6f6fc7a29a80017a433e8f03a1cc1236e838a944a2d034295a60c4f2fddb"", ""processor_config.json"": ""edb8dd5001f02dd3a488fd63d664fcdc5514c4a93962bf1be534a0acf6e2c714"", ""tokenizer.json"": ""ff8cce547abc110590d19c6b5b6e0c6a7b4c8d1012d78b9c42131bae7f494a02"", ""tokenizer_config.json"": ""5afec58078ec072cdc9ad190a63c8657f9c47ec71068ff9c77423f1ea0422364""}",,7f29cebb9d06eca06ad0d6c690e4d5a083b71a9c42008f88e92474e3ff0eb98a,eb4075c77285da02c52794154760fa969fb21ab3dcceb0820cb7d2ba27d27471,http://images.cocodataset.org/train2017/000000268227.jpg,http://images.cocodataset.org/train2017/000000268227.jpg,vsr_test:1203,http://images.cocodataset.org/train2017/000000019528.jpg,shuffle_image,tier_a_v0.1,"{""algorithm"": ""cycle derangement"", ""axis"": ""evidence"", ""condition"": ""shuffle"", ""forbid_self_pair"": true, ""mapping_file_sha256"": ""d0ca3efb893c3338c12823430a9c1007d019eb79f432c51851ff7c318e1eb171"", ""replacement_example_id"": ""vsr_test:1203"", ""seed"": 20260810}",20260810,"{""do_sample"": false, ""max_new_tokens"": 5}",tier_a_pilot200,2f047945e4a22ea8774c8172826991930be36ad0,v0.1
vsr_test:0167,vsr_test:0167,test,shuffle,evidence,The person is touching the suitcase.,The person is touching the suitcase.,touching,topology_contact,person,suitcase,False,,,False,True, False,Qwen/Qwen2-VL-7B-Instruct,,7B_general_lora,/home/ubuntu/vlm-spatial-reasoning/checkpoints/qwen2vl_7b_general_lora/final,"{""README.md"": ""ad67fbd14e29a7dae114b54d70c840eab4d917c7d4bbce31d8e923429325d12b"", ""adapter_config.json"": ""4cc863971496d11551ef4f7a943764405400230a371c1c74ab1690589d27af4b"", ""adapter_model.safetensors"": ""109a8f8284daa35887b309c03f53b03079e51e39ec821afd41f4653d983c56f8"", ""chat_template.jinja"": ""a0bc6f6fc7a29a80017a433e8f03a1cc1236e838a944a2d034295a60c4f2fddb"", ""processor_config.json"": ""edb8dd5001f02dd3a488fd63d664fcdc5514c4a93962bf1be534a0acf6e2c714"", ""tokenizer.json"": ""ff8cce547abc110590d19c6b5b6e0c6a7b4c8d1012d78b9c42131bae7f494a02"", ""tokenizer_config.json"": ""5afec58078ec072cdc9ad190a63c8657f9c47ec71068ff9c77423f1ea0422364""}",,7f29cebb9d06eca06ad0d6c690e4d5a083b71a9c42008f88e92474e3ff0eb98a,eb4075c77285da02c52794154760fa969fb21ab3dcceb0820cb7d2ba27d27471,http://images.cocodataset.org/val2017/000000375278.jpg,http://images.cocodataset.org/val2017/000000375278.jpg,vsr_test:1512,http://images.cocodataset.org/train2017/000000152724.jpg,shuffle_image,tier_a_v0.1,"{""algorithm"": ""cycle derangement"", ""axis"": ""evidence"", ""condition"": ""shuffle"", ""forbid_self_pair"": true, ""mapping_file_sha256"": ""d0ca3efb893c3338c12823430a9c1007d019eb79f432c51851ff7c318e1eb171"", ""replacement_example_id"": ""vsr_test:1512"", ""seed"": 20260810}",20260810,"{""do_sample"": false, ""max_new_tokens"": 5}",tier_a_pilot200,2f047945e4a22ea8774c8172826991930be36ad0,v0.1
vsr_test:0168,vsr_test:0168,test,shuffle,evidence,The surfboard is connected to the truck.,The surfboard is connected to the truck.,connected to,topology_contact,surfboard,truck,False,,,False,True, False,Qwen/Qwen2-VL-7B-Instruct,,7B_general_lora,/home/ubuntu/vlm-spatial-reasoning/checkpoints/qwen2vl_7b_general_lora/final,"{""README.md"": ""ad67fbd14e29a7dae114b54d70c840eab4d917c7d4bbce31d8e923429325d12b"", ""adapter_config.json"": ""4cc863971496d11551ef4f7a943764405400230a371c1c74ab1690589d27af4b"", ""adapter_model.safetensors"": ""109a8f8284daa35887b309c03f53b03079e51e39ec821afd41f4653d983c56f8"", ""chat_template.jinja"": ""a0bc6f6fc7a29a80017a433e8f03a1cc1236e838a944a2d034295a60c4f2fddb"", ""processor_config.json"": ""edb8dd5001f02dd3a488fd63d664fcdc5514c4a93962bf1be534a0acf6e2c714"", ""tokenizer.json"": ""ff8cce547abc110590d19c6b5b6e0c6a7b4c8d1012d78b9c42131bae7f494a02"", ""tokenizer_config.json"": ""5afec58078ec072cdc9ad190a63c8657f9c47ec71068ff9c77423f1ea0422364""}",,7f29cebb9d06eca06ad0d6c690e4d5a083b71a9c42008f88e92474e3ff0eb98a,eb4075c77285da02c52794154760fa969fb21ab3dcceb0820cb7d2ba27d27471,http://images.cocodataset.org/train2017/000000083580.jpg,http://images.cocodataset.org/train2017/000000083580.jpg,vsr_test:1027,http://images.cocodataset.org/train2017/000000445500.jpg,shuffle_image,tier_a_v0.1,"{""algorithm"": ""cycle derangement"", ""axis"": ""evidence"", ""condition"": ""shuffle"", ""forbid_self_pair"": true, ""mapping_file_sha256"": ""d0ca3efb893c3338c12823430a9c1007d019eb79f432c51851ff7c318e1eb171"", ""replacement_example_id"": ""vsr_test:1027"", ""seed"": 20260810}",20260810,"{""do_sample"": false, ""max_new_tokens"": 5}",tier_a_pilot200,2f047945e4a22ea8774c8172826991930be36ad0,v0.1
vsr_test:0169,vsr_test:0169,test,shuffle,evidence,The potted plant is at the side of the bench.,The potted plant is at the side of the bench.,at the side of,horizontal,potted plant,bench,True,,,False,False, False.,Qwen/Qwen2-VL-7B-Instruct,,7B_general_lora,/home/ubuntu/vlm-spatial-reasoning/checkpoints/qwen2vl_7b_general_lora/final,"{""README.md"": ""ad67fbd14e29a7dae114b54d70c840eab4d917c7d4bbce31d8e923429325d12b"", ""adapter_config.json"": ""4cc863971496d11551ef4f7a943764405400230a371c1c74ab1690589d27af4b"", ""adapter_model.safetensors"": ""109a8f8284daa35887b309c03f53b03079e51e39ec821afd41f4653d983c56f8"", ""chat_template.jinja"": ""a0bc6f6fc7a29a80017a433e8f03a1cc1236e838a944a2d034295a60c4f2fddb"", ""processor_config.json"": ""edb8dd5001f02dd3a488fd63d664fcdc5514c4a93962bf1be534a0acf6e2c714"", ""tokenizer.json"": ""ff8cce547abc110590d19c6b5b6e0c6a7b4c8d1012d78b9c42131bae7f494a02"", ""tokenizer_config.json"": ""5afec58078ec072cdc9ad190a63c8657f9c47ec71068ff9c77423f1ea0422364""}",,7f29cebb9d06eca06ad0d6c690e4d5a083b71a9c42008f88e92474e3ff0eb98a,eb4075c77285da02c52794154760fa969fb21ab3dcceb0820cb7d2ba27d27471,http://images.cocodataset.org/train2017/000000139967.jpg,http://images.cocodataset.org/train2017/000000139967.jpg,vsr_test:0582,http://images.cocodataset.org/train2017/000000481313.jpg,shuffle_image,tier_a_v0.1,"{""algorithm"": ""cycle derangement"", ""axis"": ""evidence"", ""condition"": ""shuffle"", ""forbid_self_pair"": true, ""mapping_file_sha256"": ""d0ca3efb893c3338c12823430a9c1007d019eb79f432c51851ff7c318e1eb171"", ""replacement_example_id"": ""vsr_test:0582"", ""seed"": 20260810}",20260810,"{""do_sample"": false, ""max_new_tokens"": 5}",tier_a_pilot200,2f047945e4a22ea8774c8172826991930be36ad0,v0.1
vsr_test:0170,vsr_test:0170,test,shuffle,evidence,The person is facing away from the cow.,The person is facing away from the cow.,facing away from,orientation,person,cow,False,,,False,True, False,Qwen/Qwen2-VL-7B-Instruct,,7B_general_lora,/home/ubuntu/vlm-spatial-reasoning/checkpoints/qwen2vl_7b_general_lora/final,"{""README.md"": ""ad67fbd14e29a7dae114b54d70c840eab4d917c7d4bbce31d8e923429325d12b"", ""adapter_config.json"": ""4cc863971496d11551ef4f7a943764405400230a371c1c74ab1690589d27af4b"", ""adapter_model.safetensors"": ""109a8f8284daa35887b309c03f53b03079e51e39ec821afd41f4653d983c56f8"", ""chat_template.jinja"": ""a0bc6f6fc7a29a80017a433e8f03a1cc1236e838a944a2d034295a60c4f2fddb"", ""processor_config.json"": ""edb8dd5001f02dd3a488fd63d664fcdc5514c4a93962bf1be534a0acf6e2c714"", ""tokenizer.json"": ""ff8cce547abc110590d19c6b5b6e0c6a7b4c8d1012d78b9c42131bae7f494a02"", ""tokenizer_config.json"": ""5afec58078ec072cdc9ad190a63c8657f9c47ec71068ff9c77423f1ea0422364""}",,7f29cebb9d06eca06ad0d6c690e4d5a083b71a9c42008f88e92474e3ff0eb98a,eb4075c77285da02c52794154760fa969fb21ab3dcceb0820cb7d2ba27d27471,http://images.cocodataset.org/train2017/000000221771.jpg,http://images.cocodataset.org/train2017/000000221771.jpg,vsr_test:1350,http://images.cocodataset.org/train2017/000000320471.jpg,shuffle_image,tier_a_v0.1,"{""algorithm"": ""cycle derangement"", ""axis"": ""evidence"", ""condition"": ""shuffle"", ""forbid_self_pair"": true, ""mapping_file_sha256"": ""d0ca3efb893c3338c12823430a9c1007d019eb79f432c51851ff7c318e1eb171"", ""replacement_example_id"": ""vsr_test:1350"", ""seed"": 20260810}",20260810,"{""do_sample"": false, ""max_new_tokens"": 5}",tier_a_pilot200,2f047945e4a22ea8774c8172826991930be36ad0,v0.1
vsr_test:0171,vsr_test:0171,test,shuffle,evidence,The teddy bear is facing the cow.,The teddy bear is facing the cow.,facing,orientation,teddy bear,cow,True,,,False,False, False,Qwen/Qwen2-VL-7B-Instruct,,7B_general_lora,/home/ubuntu/vlm-spatial-reasoning/checkpoints/qwen2vl_7b_general_lora/final,"{""README.md"": ""ad67fbd14e29a7dae114b54d70c840eab4d917c7d4bbce31d8e923429325d12b"", ""adapter_config.json"": ""4cc863971496d11551ef4f7a943764405400230a371c1c74ab1690589d27af4b"", ""adapter_model.safetensors"": ""109a8f8284daa35887b309c03f53b03079e51e39ec821afd41f4653d983c56f8"", ""chat_template.jinja"": ""a0bc6f6fc7a29a80017a433e8f03a1cc1236e838a944a2d034295a60c4f2fddb"", ""processor_config.json"": ""edb8dd5001f02dd3a488fd63d664fcdc5514c4a93962bf1be534a0acf6e2c714"", ""tokenizer.json"": ""ff8cce547abc110590d19c6b5b6e0c6a7b4c8d1012d78b9c42131bae7f494a02"", ""tokenizer_config.json"": ""5afec58078ec072cdc9ad190a63c8657f9c47ec71068ff9c77423f1ea0422364""}",,7f29cebb9d06eca06ad0d6c690e4d5a083b71a9c42008f88e92474e3ff0eb98a,eb4075c77285da02c52794154760fa969fb21ab3dcceb0820cb7d2ba27d27471,http://images.cocodataset.org/train2017/000000459644.jpg,http://images.cocodataset.org/train2017/000000459644.jpg,vsr_test:0562,http://images.cocodataset.org/train2017/000000061389.jpg,shuffle_image,tier_a_v0.1,"{""algorithm"": ""cycle derangement"", ""axis"": ""evidence"", ""condition"": ""shuffle"", ""forbid_self_pair"": true, ""mapping_file_sha256"": ""d0ca3efb893c3338c12823430a9c1007d019eb79f432c51851ff7c318e1eb171"", ""replacement_example_id"": ""vsr_test:0562"", ""seed"": 20260810}",20260810,"{""do_sample"": false, ""max_new_tokens"": 5}",tier_a_pilot200,2f047945e4a22ea8774c8172826991930be36ad0,v0.1
vsr_test:0172,vsr_test:0172,test,shuffle,evidence,The cat is away from the apple.,The cat is away from the apple.,away from,proximity,cat,apple,True,,,False,False, False.,Qwen/Qwen2-VL-7B-Instruct,,7B_general_lora,/home/ubuntu/vlm-spatial-reasoning/checkpoints/qwen2vl_7b_general_lora/final,"{""README.md"": ""ad67fbd14e29a7dae114b54d70c840eab4d917c7d4bbce31d8e923429325d12b"", ""adapter_config.json"": ""4cc863971496d11551ef4f7a943764405400230a371c1c74ab1690589d27af4b"", ""adapter_model.safetensors"": ""109a8f8284daa35887b309c03f53b03079e51e39ec821afd41f4653d983c56f8"", ""chat_template.jinja"": ""a0bc6f6fc7a29a80017a433e8f03a1cc1236e838a944a2d034295a60c4f2fddb"", ""processor_config.json"": ""edb8dd5001f02dd3a488fd63d664fcdc5514c4a93962bf1be534a0acf6e2c714"", ""tokenizer.json"": ""ff8cce547abc110590d19c6b5b6e0c6a7b4c8d1012d78b9c42131bae7f494a02"", ""tokenizer_config.json"": ""5afec58078ec072cdc9ad190a63c8657f9c47ec71068ff9c77423f1ea0422364""}",,7f29cebb9d06eca06ad0d6c690e4d5a083b71a9c42008f88e92474e3ff0eb98a,eb4075c77285da02c52794154760fa969fb21ab3dcceb0820cb7d2ba27d27471,http://images.cocodataset.org/train2017/000000389011.jpg,http://images.cocodataset.org/train2017/000000389011.jpg,vsr_test:1906,http://images.cocodataset.org/train2017/000000075283.jpg,shuffle_image,tier_a_v0.1,"{""algorithm"": ""cycle derangement"", ""axis"": ""evidence"", ""condition"": ""shuffle"", ""forbid_self_pair"": true, ""mapping_file_sha256"": ""d0ca3efb893c3338c12823430a9c1007d019eb79f432c51851ff7c318e1eb171"", ""replacement_example_id"": ""vsr_test:1906"", ""seed"": 20260810}",20260810,"{""do_sample"": false, ""max_new_tokens"": 5}",tier_a_pilot200,2f047945e4a22ea8774c8172826991930be36ad0,v0.1
vsr_test:0173,vsr_test:0173,test,shuffle,evidence,The cat is touching the keyboard.,The cat is touching the keyboard.,touching,topology_contact,cat,keyboard,False,,,False,True, False.,Qwen/Qwen2-VL-7B-Instruct,,7B_general_lora,/home/ubuntu/vlm-spatial-reasoning/checkpoints/qwen2vl_7b_general_lora/final,"{""README.md"": ""ad67fbd14e29a7dae114b54d70c840eab4d917c7d4bbce31d8e923429325d12b"", ""adapter_config.json"": ""4cc863971496d11551ef4f7a943764405400230a371c1c74ab1690589d27af4b"", ""adapter_model.safetensors"": ""109a8f8284daa35887b309c03f53b03079e51e39ec821afd41f4653d983c56f8"", ""chat_template.jinja"": ""a0bc6f6fc7a29a80017a433e8f03a1cc1236e838a944a2d034295a60c4f2fddb"", ""processor_config.json"": ""edb8dd5001f02dd3a488fd63d664fcdc5514c4a93962bf1be534a0acf6e2c714"", ""tokenizer.json"": ""ff8cce547abc110590d19c6b5b6e0c6a7b4c8d1012d78b9c42131bae7f494a02"", ""tokenizer_config.json"": ""5afec58078ec072cdc9ad190a63c8657f9c47ec71068ff9c77423f1ea0422364""}",,7f29cebb9d06eca06ad0d6c690e4d5a083b71a9c42008f88e92474e3ff0eb98a,eb4075c77285da02c52794154760fa969fb21ab3dcceb0820cb7d2ba27d27471,http://images.cocodataset.org/train2017/000000407390.jpg,http://images.cocodataset.org/train2017/000000407390.jpg,vsr_test:0543,http://images.cocodataset.org/train2017/000000192835.jpg,shuffle_image,tier_a_v0.1,"{""algorithm"": ""cycle derangement"", ""axis"": ""evidence"", ""condition"": ""shuffle"", ""forbid_self_pair"": true, ""mapping_file_sha256"": ""d0ca3efb893c3338c12823430a9c1007d019eb79f432c51851ff7c318e1eb171"", ""replacement_example_id"": ""vsr_test:0543"", ""seed"": 20260810}",20260810,"{""do_sample"": false, ""max_new_tokens"": 5}",tier_a_pilot200,2f047945e4a22ea8774c8172826991930be36ad0,v0.1
vsr_test:0174,vsr_test:0174,test,shuffle,evidence,The cat is on top of the laptop.,The cat is on top of the laptop.,on top of,vertical,cat,laptop,False,,,False,True, False.,Qwen/Qwen2-VL-7B-Instruct,,7B_general_lora,/home/ubuntu/vlm-spatial-reasoning/checkpoints/qwen2vl_7b_general_lora/final,"{""README.md"": ""ad67fbd14e29a7dae114b54d70c840eab4d917c7d4bbce31d8e923429325d12b"", ""adapter_config.json"": ""4cc863971496d11551ef4f7a943764405400230a371c1c74ab1690589d27af4b"", ""adapter_model.safetensors"": ""109a8f8284daa35887b309c03f53b03079e51e39ec821afd41f4653d983c56f8"", ""chat_template.jinja"": ""a0bc6f6fc7a29a80017a433e8f03a1cc1236e838a944a2d034295a60c4f2fddb"", ""processor_config.json"": ""edb8dd5001f02dd3a488fd63d664fcdc5514c4a93962bf1be534a0acf6e2c714"", ""tokenizer.json"": ""ff8cce547abc110590d19c6b5b6e0c6a7b4c8d1012d78b9c42131bae7f494a02"", ""tokenizer_config.json"": ""5afec58078ec072cdc9ad190a63c8657f9c47ec71068ff9c77423f1ea0422364""}",,7f29cebb9d06eca06ad0d6c690e4d5a083b71a9c42008f88e92474e3ff0eb98a,eb4075c77285da02c52794154760fa969fb21ab3dcceb0820cb7d2ba27d27471,http://images.cocodataset.org/train2017/000000452072.jpg,http://images.cocodataset.org/train2017/000000452072.jpg,vsr_test:1804,http://images.cocodataset.org/train2017/000000290246.jpg,shuffle_image,tier_a_v0.1,"{""algorithm"": ""cycle derangement"", ""axis"": ""evidence"", ""condition"": ""shuffle"", ""forbid_self_pair"": true, ""mapping_file_sha256"": ""d0ca3efb893c3338c12823430a9c1007d019eb79f432c51851ff7c318e1eb171"", ""replacement_example_id"": ""vsr_test:1804"", ""seed"": 20260810}",20260810,"{""do_sample"": false, ""max_new_tokens"": 5}",tier_a_pilot200,2f047945e4a22ea8774c8172826991930be36ad0,v0.1
vsr_test:0175,vsr_test:0175,test,shuffle,evidence,The person is away from the cake.,The person is away from the cake.,away from,proximity,person,cake,True,,,True,True, True,Qwen/Qwen2-VL-7B-Instruct,,7B_general_lora,/home/ubuntu/vlm-spatial-reasoning/checkpoints/qwen2vl_7b_general_lora/final,"{""README.md"": ""ad67fbd14e29a7dae114b54d70c840eab4d917c7d4bbce31d8e923429325d12b"", ""adapter_config.json"": ""4cc863971496d11551ef4f7a943764405400230a371c1c74ab1690589d27af4b"", ""adapter_model.safetensors"": ""109a8f8284daa35887b309c03f53b03079e51e39ec821afd41f4653d983c56f8"", ""chat_template.jinja"": ""a0bc6f6fc7a29a80017a433e8f03a1cc1236e838a944a2d034295a60c4f2fddb"", ""processor_config.json"": ""edb8dd5001f02dd3a488fd63d664fcdc5514c4a93962bf1be534a0acf6e2c714"", ""tokenizer.json"": ""ff8cce547abc110590d19c6b5b6e0c6a7b4c8d1012d78b9c42131bae7f494a02"", ""tokenizer_config.json"": ""5afec58078ec072cdc9ad190a63c8657f9c47ec71068ff9c77423f1ea0422364""}",,7f29cebb9d06eca06ad0d6c690e4d5a083b71a9c42008f88e92474e3ff0eb98a,eb4075c77285da02c52794154760fa969fb21ab3dcceb0820cb7d2ba27d27471,http://images.cocodataset.org/train2017/000000398153.jpg,http://images.cocodataset.org/train2017/000000398153.jpg,vsr_test:1426,http://images.cocodataset.org/train2017/000000449279.jpg,shuffle_image,tier_a_v0.1,"{""algorithm"": ""cycle derangement"", ""axis"": ""evidence"", ""condition"": ""shuffle"", ""forbid_self_pair"": true, ""mapping_file_sha256"": ""d0ca3efb893c3338c12823430a9c1007d019eb79f432c51851ff7c318e1eb171"", ""replacement_example_id"": ""vsr_test:1426"", ""seed"": 20260810}",20260810,"{""do_sample"": false, ""max_new_tokens"": 5}",tier_a_pilot200,2f047945e4a22ea8774c8172826991930be36ad0,v0.1
vsr_test:0176,vsr_test:0176,test,shuffle,evidence,The couch is touching the cat.,The couch is touching the cat.,touching,topology_contact,couch,cat,True,,,False,False, False.,Qwen/Qwen2-VL-7B-Instruct,,7B_general_lora,/home/ubuntu/vlm-spatial-reasoning/checkpoints/qwen2vl_7b_general_lora/final,"{""README.md"": ""ad67fbd14e29a7dae114b54d70c840eab4d917c7d4bbce31d8e923429325d12b"", ""adapter_config.json"": ""4cc863971496d11551ef4f7a943764405400230a371c1c74ab1690589d27af4b"", ""adapter_model.safetensors"": ""109a8f8284daa35887b309c03f53b03079e51e39ec821afd41f4653d983c56f8"", ""chat_template.jinja"": ""a0bc6f6fc7a29a80017a433e8f03a1cc1236e838a944a2d034295a60c4f2fddb"", ""processor_config.json"": ""edb8dd5001f02dd3a488fd63d664fcdc5514c4a93962bf1be534a0acf6e2c714"", ""tokenizer.json"": ""ff8cce547abc110590d19c6b5b6e0c6a7b4c8d1012d78b9c42131bae7f494a02"", ""tokenizer_config.json"": ""5afec58078ec072cdc9ad190a63c8657f9c47ec71068ff9c77423f1ea0422364""}",,7f29cebb9d06eca06ad0d6c690e4d5a083b71a9c42008f88e92474e3ff0eb98a,eb4075c77285da02c52794154760fa969fb21ab3dcceb0820cb7d2ba27d27471,http://images.cocodataset.org/train2017/000000404754.jpg,http://images.cocodataset.org/train2017/000000404754.jpg,vsr_test:0919,http://images.cocodataset.org/train2017/000000288106.jpg,shuffle_image,tier_a_v0.1,"{""algorithm"": ""cycle derangement"", ""axis"": ""evidence"", ""condition"": ""shuffle"", ""forbid_self_pair"": true, ""mapping_file_sha256"": ""d0ca3efb893c3338c12823430a9c1007d019eb79f432c51851ff7c318e1eb171"", ""replacement_example_id"": ""vsr_test:0919"", ""seed"": 20260810}",20260810,"{""do_sample"": false, ""max_new_tokens"": 5}",tier_a_pilot200,2f047945e4a22ea8774c8172826991930be36ad0,v0.1
vsr_test:0177,vsr_test:0177,test,shuffle,evidence,The bicycle is in front of the cat.,The bicycle is in front of the cat.,in front of,depth,bicycle,cat,True,,,False,False, False.,Qwen/Qwen2-VL-7B-Instruct,,7B_general_lora,/home/ubuntu/vlm-spatial-reasoning/checkpoints/qwen2vl_7b_general_lora/final,"{""README.md"": ""ad67fbd14e29a7dae114b54d70c840eab4d917c7d4bbce31d8e923429325d12b"", ""adapter_config.json"": ""4cc863971496d11551ef4f7a943764405400230a371c1c74ab1690589d27af4b"", ""adapter_model.safetensors"": ""109a8f8284daa35887b309c03f53b03079e51e39ec821afd41f4653d983c56f8"", ""chat_template.jinja"": ""a0bc6f6fc7a29a80017a433e8f03a1cc1236e838a944a2d034295a60c4f2fddb"", ""processor_config.json"": ""edb8dd5001f02dd3a488fd63d664fcdc5514c4a93962bf1be534a0acf6e2c714"", ""tokenizer.json"": ""ff8cce547abc110590d19c6b5b6e0c6a7b4c8d1012d78b9c42131bae7f494a02"", ""tokenizer_config.json"": ""5afec58078ec072cdc9ad190a63c8657f9c47ec71068ff9c77423f1ea0422364""}",,7f29cebb9d06eca06ad0d6c690e4d5a083b71a9c42008f88e92474e3ff0eb98a,eb4075c77285da02c52794154760fa969fb21ab3dcceb0820cb7d2ba27d27471,http://images.cocodataset.org/val2017/000000109055.jpg,http://images.cocodataset.org/val2017/000000109055.jpg,vsr_test:1506,http://images.cocodataset.org/train2017/000000275855.jpg,shuffle_image,tier_a_v0.1,"{""algorithm"": ""cycle derangement"", ""axis"": ""evidence"", ""condition"": ""shuffle"", ""forbid_self_pair"": true, ""mapping_file_sha256"": ""d0ca3efb893c3338c12823430a9c1007d019eb79f432c51851ff7c318e1eb171"", ""replacement_example_id"": ""vsr_test:1506"", ""seed"": 20260810}",20260810,"{""do_sample"": false, ""max_new_tokens"": 5}",tier_a_pilot200,2f047945e4a22ea8774c8172826991930be36ad0,v0.1
vsr_test:0178,vsr_test:0178,test,shuffle,evidence,The toilet is in front of the truck.,The toilet is in front of the truck.,in front of,depth,toilet,truck,True,,,False,False, False.,Qwen/Qwen2-VL-7B-Instruct,,7B_general_lora,/home/ubuntu/vlm-spatial-reasoning/checkpoints/qwen2vl_7b_general_lora/final,"{""README.md"": ""ad67fbd14e29a7dae114b54d70c840eab4d917c7d4bbce31d8e923429325d12b"", ""adapter_config.json"": ""4cc863971496d11551ef4f7a943764405400230a371c1c74ab1690589d27af4b"", ""adapter_model.safetensors"": ""109a8f8284daa35887b309c03f53b03079e51e39ec821afd41f4653d983c56f8"", ""chat_template.jinja"": ""a0bc6f6fc7a29a80017a433e8f03a1cc1236e838a944a2d034295a60c4f2fddb"", ""processor_config.json"": ""edb8dd5001f02dd3a488fd63d664fcdc5514c4a93962bf1be534a0acf6e2c714"", ""tokenizer.json"": ""ff8cce547abc110590d19c6b5b6e0c6a7b4c8d1012d78b9c42131bae7f494a02"", ""tokenizer_config.json"": ""5afec58078ec072cdc9ad190a63c8657f9c47ec71068ff9c77423f1ea0422364""}",,7f29cebb9d06eca06ad0d6c690e4d5a083b71a9c42008f88e92474e3ff0eb98a,eb4075c77285da02c52794154760fa969fb21ab3dcceb0820cb7d2ba27d27471,http://images.cocodataset.org/train2017/000000127871.jpg,http://images.cocodataset.org/train2017/000000127871.jpg,vsr_test:1087,http://images.cocodataset.org/train2017/000000226597.jpg,shuffle_image,tier_a_v0.1,"{""algorithm"": ""cycle derangement"", ""axis"": ""evidence"", ""condition"": ""shuffle"", ""forbid_self_pair"": true, ""mapping_file_sha256"": ""d0ca3efb893c3338c12823430a9c1007d019eb79f432c51851ff7c318e1eb171"", ""replacement_example_id"": ""vsr_test:1087"", ""seed"": 20260810}",20260810,"{""do_sample"": false, ""max_new_tokens"": 5}",tier_a_pilot200,2f047945e4a22ea8774c8172826991930be36ad0,v0.1
vsr_test:0179,vsr_test:0179,test,shuffle,evidence,The bicycle is touching the bed.,The bicycle is touching the bed.,touching,topology_contact,bicycle,bed,True,,,False,False, False,Qwen/Qwen2-VL-7B-Instruct,,7B_general_lora,/home/ubuntu/vlm-spatial-reasoning/checkpoints/qwen2vl_7b_general_lora/final,"{""README.md"": ""ad67fbd14e29a7dae114b54d70c840eab4d917c7d4bbce31d8e923429325d12b"", ""adapter_config.json"": ""4cc863971496d11551ef4f7a943764405400230a371c1c74ab1690589d27af4b"", ""adapter_model.safetensors"": ""109a8f8284daa35887b309c03f53b03079e51e39ec821afd41f4653d983c56f8"", ""chat_template.jinja"": ""a0bc6f6fc7a29a80017a433e8f03a1cc1236e838a944a2d034295a60c4f2fddb"", ""processor_config.json"": ""edb8dd5001f02dd3a488fd63d664fcdc5514c4a93962bf1be534a0acf6e2c714"", ""tokenizer.json"": ""ff8cce547abc110590d19c6b5b6e0c6a7b4c8d1012d78b9c42131bae7f494a02"", ""tokenizer_config.json"": ""5afec58078ec072cdc9ad190a63c8657f9c47ec71068ff9c77423f1ea0422364""}",,7f29cebb9d06eca06ad0d6c690e4d5a083b71a9c42008f88e92474e3ff0eb98a,eb4075c77285da02c52794154760fa969fb21ab3dcceb0820cb7d2ba27d27471,http://images.cocodataset.org/val2017/000000274687.jpg,http://images.cocodataset.org/val2017/000000274687.jpg,vsr_test:0144,http://images.cocodataset.org/train2017/000000001536.jpg,shuffle_image,tier_a_v0.1,"{""algorithm"": ""cycle derangement"", ""axis"": ""evidence"", ""condition"": ""shuffle"", ""forbid_self_pair"": true, ""mapping_file_sha256"": ""d0ca3efb893c3338c12823430a9c1007d019eb79f432c51851ff7c318e1eb171"", ""replacement_example_id"": ""vsr_test:0144"", ""seed"": 20260810}",20260810,"{""do_sample"": false, ""max_new_tokens"": 5}",tier_a_pilot200,2f047945e4a22ea8774c8172826991930be36ad0,v0.1
vsr_test:0180,vsr_test:0180,test,shuffle,evidence,The suitcase is beneath the cat.,The suitcase is beneath the cat.,beneath,vertical,suitcase,cat,True,,,False,False, False.,Qwen/Qwen2-VL-7B-Instruct,,7B_general_lora,/home/ubuntu/vlm-spatial-reasoning/checkpoints/qwen2vl_7b_general_lora/final,"{""README.md"": ""ad67fbd14e29a7dae114b54d70c840eab4d917c7d4bbce31d8e923429325d12b"", ""adapter_config.json"": ""4cc863971496d11551ef4f7a943764405400230a371c1c74ab1690589d27af4b"", ""adapter_model.safetensors"": ""109a8f8284daa35887b309c03f53b03079e51e39ec821afd41f4653d983c56f8"", ""chat_template.jinja"": ""a0bc6f6fc7a29a80017a433e8f03a1cc1236e838a944a2d034295a60c4f2fddb"", ""processor_config.json"": ""edb8dd5001f02dd3a488fd63d664fcdc5514c4a93962bf1be534a0acf6e2c714"", ""tokenizer.json"": ""ff8cce547abc110590d19c6b5b6e0c6a7b4c8d1012d78b9c42131bae7f494a02"", ""tokenizer_config.json"": ""5afec58078ec072cdc9ad190a63c8657f9c47ec71068ff9c77423f1ea0422364""}",,7f29cebb9d06eca06ad0d6c690e4d5a083b71a9c42008f88e92474e3ff0eb98a,eb4075c77285da02c52794154760fa969fb21ab3dcceb0820cb7d2ba27d27471,http://images.cocodataset.org/train2017/000000391632.jpg,http://images.cocodataset.org/train2017/000000391632.jpg,vsr_test:1175,http://images.cocodataset.org/train2017/000000350017.jpg,shuffle_image,tier_a_v0.1,"{""algorithm"": ""cycle derangement"", ""axis"": ""evidence"", ""condition"": ""shuffle"", ""forbid_self_pair"": true, ""mapping_file_sha256"": ""d0ca3efb893c3338c12823430a9c1007d019eb79f432c51851ff7c318e1eb171"", ""replacement_example_id"": ""vsr_test:1175"", ""seed"": 20260810}",20260810,"{""do_sample"": false, ""max_new_tokens"": 5}",tier_a_pilot200,2f047945e4a22ea8774c8172826991930be36ad0,v0.1
vsr_test:0181,vsr_test:0181,test,shuffle,evidence,The cup is at the right side of the cat.,The cup is at the right side of the cat.,at the right side of,horizontal,cup,cat,True,,,False,False, False.,Qwen/Qwen2-VL-7B-Instruct,,7B_general_lora,/home/ubuntu/vlm-spatial-reasoning/checkpoints/qwen2vl_7b_general_lora/final,"{""README.md"": ""ad67fbd14e29a7dae114b54d70c840eab4d917c7d4bbce31d8e923429325d12b"", ""adapter_config.json"": ""4cc863971496d11551ef4f7a943764405400230a371c1c74ab1690589d27af4b"", ""adapter_model.safetensors"": ""109a8f8284daa35887b309c03f53b03079e51e39ec821afd41f4653d983c56f8"", ""chat_template.jinja"": ""a0bc6f6fc7a29a80017a433e8f03a1cc1236e838a944a2d034295a60c4f2fddb"", ""processor_config.json"": ""edb8dd5001f02dd3a488fd63d664fcdc5514c4a93962bf1be534a0acf6e2c714"", ""tokenizer.json"": ""ff8cce547abc110590d19c6b5b6e0c6a7b4c8d1012d78b9c42131bae7f494a02"", ""tokenizer_config.json"": ""5afec58078ec072cdc9ad190a63c8657f9c47ec71068ff9c77423f1ea0422364""}",,7f29cebb9d06eca06ad0d6c690e4d5a083b71a9c42008f88e92474e3ff0eb98a,eb4075c77285da02c52794154760fa969fb21ab3dcceb0820cb7d2ba27d27471,http://images.cocodataset.org/train2017/000000248461.jpg,http://images.cocodataset.org/train2017/000000248461.jpg,vsr_test:1143,http://images.cocodataset.org/train2017/000000319487.jpg,shuffle_image,tier_a_v0.1,"{""algorithm"": ""cycle derangement"", ""axis"": ""evidence"", ""condition"": ""shuffle"", ""forbid_self_pair"": true, ""mapping_file_sha256"": ""d0ca3efb893c3338c12823430a9c1007d019eb79f432c51851ff7c318e1eb171"", ""replacement_example_id"": ""vsr_test:1143"", ""seed"": 20260810}",20260810,"{""do_sample"": false, ""max_new_tokens"": 5}",tier_a_pilot200,2f047945e4a22ea8774c8172826991930be36ad0,v0.1
vsr_test:0182,vsr_test:0182,test,shuffle,evidence,The suitcase is within the cat.,The suitcase is within the cat.,within,containment,suitcase,cat,False,,,False,True, False,Qwen/Qwen2-VL-7B-Instruct,,7B_general_lora,/home/ubuntu/vlm-spatial-reasoning/checkpoints/qwen2vl_7b_general_lora/final,"{""README.md"": ""ad67fbd14e29a7dae114b54d70c840eab4d917c7d4bbce31d8e923429325d12b"", ""adapter_config.json"": ""4cc863971496d11551ef4f7a943764405400230a371c1c74ab1690589d27af4b"", ""adapter_model.safetensors"": ""109a8f8284daa35887b309c03f53b03079e51e39ec821afd41f4653d983c56f8"", ""chat_template.jinja"": ""a0bc6f6fc7a29a80017a433e8f03a1cc1236e838a944a2d034295a60c4f2fddb"", ""processor_config.json"": ""edb8dd5001f02dd3a488fd63d664fcdc5514c4a93962bf1be534a0acf6e2c714"", ""tokenizer.json"": ""ff8cce547abc110590d19c6b5b6e0c6a7b4c8d1012d78b9c42131bae7f494a02"", ""tokenizer_config.json"": ""5afec58078ec072cdc9ad190a63c8657f9c47ec71068ff9c77423f1ea0422364""}",,7f29cebb9d06eca06ad0d6c690e4d5a083b71a9c42008f88e92474e3ff0eb98a,eb4075c77285da02c52794154760fa969fb21ab3dcceb0820cb7d2ba27d27471,http://images.cocodataset.org/train2017/000000103582.jpg,http://images.cocodataset.org/train2017/000000103582.jpg,vsr_test:0842,http://images.cocodataset.org/train2017/000000410704.jpg,shuffle_image,tier_a_v0.1,"{""algorithm"": ""cycle derangement"", ""axis"": ""evidence"", ""condition"": ""shuffle"", ""forbid_self_pair"": true, ""mapping_file_sha256"": ""d0ca3efb893c3338c12823430a9c1007d019eb79f432c51851ff7c318e1eb171"", ""replacement_example_id"": ""vsr_test:0842"", ""seed"": 20260810}",20260810,"{""do_sample"": false, ""max_new_tokens"": 5}",tier_a_pilot200,2f047945e4a22ea8774c8172826991930be36ad0,v0.1
vsr_test:0183,vsr_test:0183,test,shuffle,evidence,The cat is at the pizza.,The cat is at the pizza.,at,topology_contact,cat,pizza,True,,,False,False, False.,Qwen/Qwen2-VL-7B-Instruct,,7B_general_lora,/home/ubuntu/vlm-spatial-reasoning/checkpoints/qwen2vl_7b_general_lora/final,"{""README.md"": ""ad67fbd14e29a7dae114b54d70c840eab4d917c7d4bbce31d8e923429325d12b"", ""adapter_config.json"": ""4cc863971496d11551ef4f7a943764405400230a371c1c74ab1690589d27af4b"", ""adapter_model.safetensors"": ""109a8f8284daa35887b309c03f53b03079e51e39ec821afd41f4653d983c56f8"", ""chat_template.jinja"": ""a0bc6f6fc7a29a80017a433e8f03a1cc1236e838a944a2d034295a60c4f2fddb"", ""processor_config.json"": ""edb8dd5001f02dd3a488fd63d664fcdc5514c4a93962bf1be534a0acf6e2c714"", ""tokenizer.json"": ""ff8cce547abc110590d19c6b5b6e0c6a7b4c8d1012d78b9c42131bae7f494a02"", ""tokenizer_config.json"": ""5afec58078ec072cdc9ad190a63c8657f9c47ec71068ff9c77423f1ea0422364""}",,7f29cebb9d06eca06ad0d6c690e4d5a083b71a9c42008f88e92474e3ff0eb98a,eb4075c77285da02c52794154760fa969fb21ab3dcceb0820cb7d2ba27d27471,http://images.cocodataset.org/train2017/000000437857.jpg,http://images.cocodataset.org/train2017/000000437857.jpg,vsr_test:1108,http://images.cocodataset.org/train2017/000000054598.jpg,shuffle_image,tier_a_v0.1,"{""algorithm"": ""cycle derangement"", ""axis"": ""evidence"", ""condition"": ""shuffle"", ""forbid_self_pair"": true, ""mapping_file_sha256"": ""d0ca3efb893c3338c12823430a9c1007d019eb79f432c51851ff7c318e1eb171"", ""replacement_example_id"": ""vsr_test:1108"", ""seed"": 20260810}",20260810,"{""do_sample"": false, ""max_new_tokens"": 5}",tier_a_pilot200,2f047945e4a22ea8774c8172826991930be36ad0,v0.1
vsr_test:0184,vsr_test:0184,test,shuffle,evidence,The boat is in the tv.,The boat is in the tv.,in,containment,boat,tv,True,,,False,False, False.,Qwen/Qwen2-VL-7B-Instruct,,7B_general_lora,/home/ubuntu/vlm-spatial-reasoning/checkpoints/qwen2vl_7b_general_lora/final,"{""README.md"": ""ad67fbd14e29a7dae114b54d70c840eab4d917c7d4bbce31d8e923429325d12b"", ""adapter_config.json"": ""4cc863971496d11551ef4f7a943764405400230a371c1c74ab1690589d27af4b"", ""adapter_model.safetensors"": ""109a8f8284daa35887b309c03f53b03079e51e39ec821afd41f4653d983c56f8"", ""chat_template.jinja"": ""a0bc6f6fc7a29a80017a433e8f03a1cc1236e838a944a2d034295a60c4f2fddb"", ""processor_config.json"": ""edb8dd5001f02dd3a488fd63d664fcdc5514c4a93962bf1be534a0acf6e2c714"", ""tokenizer.json"": ""ff8cce547abc110590d19c6b5b6e0c6a7b4c8d1012d78b9c42131bae7f494a02"", ""tokenizer_config.json"": ""5afec58078ec072cdc9ad190a63c8657f9c47ec71068ff9c77423f1ea0422364""}",,7f29cebb9d06eca06ad0d6c690e4d5a083b71a9c42008f88e92474e3ff0eb98a,eb4075c77285da02c52794154760fa969fb21ab3dcceb0820cb7d2ba27d27471,http://images.cocodataset.org/train2017/000000344507.jpg,http://images.cocodataset.org/train2017/000000344507.jpg,vsr_test:2141,http://images.cocodataset.org/train2017/000000002139.jpg,shuffle_image,tier_a_v0.1,"{""algorithm"": ""cycle derangement"", ""axis"": ""evidence"", ""condition"": ""shuffle"", ""forbid_self_pair"": true, ""mapping_file_sha256"": ""d0ca3efb893c3338c12823430a9c1007d019eb79f432c51851ff7c318e1eb171"", ""replacement_example_id"": ""vsr_test:2141"", ""seed"": 20260810}",20260810,"{""do_sample"": false, ""max_new_tokens"": 5}",tier_a_pilot200,2f047945e4a22ea8774c8172826991930be36ad0,v0.1
vsr_test:0185,vsr_test:0185,test,shuffle,evidence,The truck is beneath the couch.,The truck is beneath the couch.,beneath,vertical,truck,couch,True,,,False,False, False,Qwen/Qwen2-VL-7B-Instruct,,7B_general_lora,/home/ubuntu/vlm-spatial-reasoning/checkpoints/qwen2vl_7b_general_lora/final,"{""README.md"": ""ad67fbd14e29a7dae114b54d70c840eab4d917c7d4bbce31d8e923429325d12b"", ""adapter_config.json"": ""4cc863971496d11551ef4f7a943764405400230a371c1c74ab1690589d27af4b"", ""adapter_model.safetensors"": ""109a8f8284daa35887b309c03f53b03079e51e39ec821afd41f4653d983c56f8"", ""chat_template.jinja"": ""a0bc6f6fc7a29a80017a433e8f03a1cc1236e838a944a2d034295a60c4f2fddb"", ""processor_config.json"": ""edb8dd5001f02dd3a488fd63d664fcdc5514c4a93962bf1be534a0acf6e2c714"", ""tokenizer.json"": ""ff8cce547abc110590d19c6b5b6e0c6a7b4c8d1012d78b9c42131bae7f494a02"", ""tokenizer_config.json"": ""5afec58078ec072cdc9ad190a63c8657f9c47ec71068ff9c77423f1ea0422364""}",,7f29cebb9d06eca06ad0d6c690e4d5a083b71a9c42008f88e92474e3ff0eb98a,eb4075c77285da02c52794154760fa969fb21ab3dcceb0820cb7d2ba27d27471,http://images.cocodataset.org/train2017/000000357537.jpg,http://images.cocodataset.org/train2017/000000357537.jpg,vsr_test:1258,http://images.cocodataset.org/train2017/000000407699.jpg,shuffle_image,tier_a_v0.1,"{""algorithm"": ""cycle derangement"", ""axis"": ""evidence"", ""condition"": ""shuffle"", ""forbid_self_pair"": true, ""mapping_file_sha256"": ""d0ca3efb893c3338c12823430a9c1007d019eb79f432c51851ff7c318e1eb171"", ""replacement_example_id"": ""vsr_test:1258"", ""seed"": 20260810}",20260810,"{""do_sample"": false, ""max_new_tokens"": 5}",tier_a_pilot200,2f047945e4a22ea8774c8172826991930be36ad0,v0.1
vsr_test:0186,vsr_test:0186,test,shuffle,evidence,The couch is on top of the truck.,The couch is on top of the truck.,on top of,vertical,couch,truck,True,,,False,False, False,Qwen/Qwen2-VL-7B-Instruct,,7B_general_lora,/home/ubuntu/vlm-spatial-reasoning/checkpoints/qwen2vl_7b_general_lora/final,"{""README.md"": ""ad67fbd14e29a7dae114b54d70c840eab4d917c7d4bbce31d8e923429325d12b"", ""adapter_config.json"": ""4cc863971496d11551ef4f7a943764405400230a371c1c74ab1690589d27af4b"", ""adapter_model.safetensors"": ""109a8f8284daa35887b309c03f53b03079e51e39ec821afd41f4653d983c56f8"", ""chat_template.jinja"": ""a0bc6f6fc7a29a80017a433e8f03a1cc1236e838a944a2d034295a60c4f2fddb"", ""processor_config.json"": ""edb8dd5001f02dd3a488fd63d664fcdc5514c4a93962bf1be534a0acf6e2c714"", ""tokenizer.json"": ""ff8cce547abc110590d19c6b5b6e0c6a7b4c8d1012d78b9c42131bae7f494a02"", ""tokenizer_config.json"": ""5afec58078ec072cdc9ad190a63c8657f9c47ec71068ff9c77423f1ea0422364""}",,7f29cebb9d06eca06ad0d6c690e4d5a083b71a9c42008f88e92474e3ff0eb98a,eb4075c77285da02c52794154760fa969fb21ab3dcceb0820cb7d2ba27d27471,http://images.cocodataset.org/train2017/000000408975.jpg,http://images.cocodataset.org/train2017/000000408975.jpg,vsr_test:0192,http://images.cocodataset.org/train2017/000000221515.jpg,shuffle_image,tier_a_v0.1,"{""algorithm"": ""cycle derangement"", ""axis"": ""evidence"", ""condition"": ""shuffle"", ""forbid_self_pair"": true, ""mapping_file_sha256"": ""d0ca3efb893c3338c12823430a9c1007d019eb79f432c51851ff7c318e1eb171"", ""replacement_example_id"": ""vsr_test:0192"", ""seed"": 20260810}",20260810,"{""do_sample"": false, ""max_new_tokens"": 5}",tier_a_pilot200,2f047945e4a22ea8774c8172826991930be36ad0,v0.1
vsr_test:0187,vsr_test:0187,test,shuffle,evidence,The dog is in front of the sports ball.,The dog is in front of the sports ball.,in front of,depth,dog,sports ball,True,,,False,False, False.,Qwen/Qwen2-VL-7B-Instruct,,7B_general_lora,/home/ubuntu/vlm-spatial-reasoning/checkpoints/qwen2vl_7b_general_lora/final,"{""README.md"": ""ad67fbd14e29a7dae114b54d70c840eab4d917c7d4bbce31d8e923429325d12b"", ""adapter_config.json"": ""4cc863971496d11551ef4f7a943764405400230a371c1c74ab1690589d27af4b"", ""adapter_model.safetensors"": ""109a8f8284daa35887b309c03f53b03079e51e39ec821afd41f4653d983c56f8"", ""chat_template.jinja"": ""a0bc6f6fc7a29a80017a433e8f03a1cc1236e838a944a2d034295a60c4f2fddb"", ""processor_config.json"": ""edb8dd5001f02dd3a488fd63d664fcdc5514c4a93962bf1be534a0acf6e2c714"", ""tokenizer.json"": ""ff8cce547abc110590d19c6b5b6e0c6a7b4c8d1012d78b9c42131bae7f494a02"", ""tokenizer_config.json"": ""5afec58078ec072cdc9ad190a63c8657f9c47ec71068ff9c77423f1ea0422364""}",,7f29cebb9d06eca06ad0d6c690e4d5a083b71a9c42008f88e92474e3ff0eb98a,eb4075c77285da02c52794154760fa969fb21ab3dcceb0820cb7d2ba27d27471,http://images.cocodataset.org/train2017/000000284772.jpg,http://images.cocodataset.org/train2017/000000284772.jpg,vsr_test:1850,http://images.cocodataset.org/train2017/000000460143.jpg,shuffle_image,tier_a_v0.1,"{""algorithm"": ""cycle derangement"", ""axis"": ""evidence"", ""condition"": ""shuffle"", ""forbid_self_pair"": true, ""mapping_file_sha256"": ""d0ca3efb893c3338c12823430a9c1007d019eb79f432c51851ff7c318e1eb171"", ""replacement_example_id"": ""vsr_test:1850"", ""seed"": 20260810}",20260810,"{""do_sample"": false, ""max_new_tokens"": 5}",tier_a_pilot200,2f047945e4a22ea8774c8172826991930be36ad0,v0.1
vsr_test:0188,vsr_test:0188,test,shuffle,evidence,The person is touching the dining table.,The person is touching the dining table.,touching,topology_contact,person,dining table,True,,,False,False, False.,Qwen/Qwen2-VL-7B-Instruct,,7B_general_lora,/home/ubuntu/vlm-spatial-reasoning/checkpoints/qwen2vl_7b_general_lora/final,"{""README.md"": ""ad67fbd14e29a7dae114b54d70c840eab4d917c7d4bbce31d8e923429325d12b"", ""adapter_config.json"": ""4cc863971496d11551ef4f7a943764405400230a371c1c74ab1690589d27af4b"", ""adapter_model.safetensors"": ""109a8f8284daa35887b309c03f53b03079e51e39ec821afd41f4653d983c56f8"", ""chat_template.jinja"": ""a0bc6f6fc7a29a80017a433e8f03a1cc1236e838a944a2d034295a60c4f2fddb"", ""processor_config.json"": ""edb8dd5001f02dd3a488fd63d664fcdc5514c4a93962bf1be534a0acf6e2c714"", ""tokenizer.json"": ""ff8cce547abc110590d19c6b5b6e0c6a7b4c8d1012d78b9c42131bae7f494a02"", ""tokenizer_config.json"": ""5afec58078ec072cdc9ad190a63c8657f9c47ec71068ff9c77423f1ea0422364""}",,7f29cebb9d06eca06ad0d6c690e4d5a083b71a9c42008f88e92474e3ff0eb98a,eb4075c77285da02c52794154760fa969fb21ab3dcceb0820cb7d2ba27d27471,http://images.cocodataset.org/train2017/000000207475.jpg,http://images.cocodataset.org/train2017/000000207475.jpg,vsr_test:0888,http://images.cocodataset.org/train2017/000000375483.jpg,shuffle_image,tier_a_v0.1,"{""algorithm"": ""cycle derangement"", ""axis"": ""evidence"", ""condition"": ""shuffle"", ""forbid_self_pair"": true, ""mapping_file_sha256"": ""d0ca3efb893c3338c12823430a9c1007d019eb79f432c51851ff7c318e1eb171"", ""replacement_example_id"": ""vsr_test:0888"", ""seed"": 20260810}",20260810,"{""do_sample"": false, ""max_new_tokens"": 5}",tier_a_pilot200,2f047945e4a22ea8774c8172826991930be36ad0,v0.1
vsr_test:0189,vsr_test:0189,test,shuffle,evidence,The bus is parallel to the motorcycle.,The bus is parallel to the motorcycle.,parallel to,orientation,bus,motorcycle,True,,,False,False, False.,Qwen/Qwen2-VL-7B-Instruct,,7B_general_lora,/home/ubuntu/vlm-spatial-reasoning/checkpoints/qwen2vl_7b_general_lora/final,"{""README.md"": ""ad67fbd14e29a7dae114b54d70c840eab4d917c7d4bbce31d8e923429325d12b"", ""adapter_config.json"": ""4cc863971496d11551ef4f7a943764405400230a371c1c74ab1690589d27af4b"", ""adapter_model.safetensors"": ""109a8f8284daa35887b309c03f53b03079e51e39ec821afd41f4653d983c56f8"", ""chat_template.jinja"": ""a0bc6f6fc7a29a80017a433e8f03a1cc1236e838a944a2d034295a60c4f2fddb"", ""processor_config.json"": ""edb8dd5001f02dd3a488fd63d664fcdc5514c4a93962bf1be534a0acf6e2c714"", ""tokenizer.json"": ""ff8cce547abc110590d19c6b5b6e0c6a7b4c8d1012d78b9c42131bae7f494a02"", ""tokenizer_config.json"": ""5afec58078ec072cdc9ad190a63c8657f9c47ec71068ff9c77423f1ea0422364""}",,7f29cebb9d06eca06ad0d6c690e4d5a083b71a9c42008f88e92474e3ff0eb98a,eb4075c77285da02c52794154760fa969fb21ab3dcceb0820cb7d2ba27d27471,http://images.cocodataset.org/train2017/000000087705.jpg,http://images.cocodataset.org/train2017/000000087705.jpg,vsr_test:1908,http://images.cocodataset.org/train2017/000000412680.jpg,shuffle_image,tier_a_v0.1,"{""algorithm"": ""cycle derangement"", ""axis"": ""evidence"", ""condition"": ""shuffle"", ""forbid_self_pair"": true, ""mapping_file_sha256"": ""d0ca3efb893c3338c12823430a9c1007d019eb79f432c51851ff7c318e1eb171"", ""replacement_example_id"": ""vsr_test:1908"", ""seed"": 20260810}",20260810,"{""do_sample"": false, ""max_new_tokens"": 5}",tier_a_pilot200,2f047945e4a22ea8774c8172826991930be36ad0,v0.1
vsr_test:0190,vsr_test:0190,test,shuffle,evidence,The banana is at the left side of the cat.,The banana is at the left side of the cat.,at the left side of,horizontal,banana,cat,True,,,False,False, False.,Qwen/Qwen2-VL-7B-Instruct,,7B_general_lora,/home/ubuntu/vlm-spatial-reasoning/checkpoints/qwen2vl_7b_general_lora/final,"{""README.md"": ""ad67fbd14e29a7dae114b54d70c840eab4d917c7d4bbce31d8e923429325d12b"", ""adapter_config.json"": ""4cc863971496d11551ef4f7a943764405400230a371c1c74ab1690589d27af4b"", ""adapter_model.safetensors"": ""109a8f8284daa35887b309c03f53b03079e51e39ec821afd41f4653d983c56f8"", ""chat_template.jinja"": ""a0bc6f6fc7a29a80017a433e8f03a1cc1236e838a944a2d034295a60c4f2fddb"", ""processor_config.json"": ""edb8dd5001f02dd3a488fd63d664fcdc5514c4a93962bf1be534a0acf6e2c714"", ""tokenizer.json"": ""ff8cce547abc110590d19c6b5b6e0c6a7b4c8d1012d78b9c42131bae7f494a02"", ""tokenizer_config.json"": ""5afec58078ec072cdc9ad190a63c8657f9c47ec71068ff9c77423f1ea0422364""}",,7f29cebb9d06eca06ad0d6c690e4d5a083b71a9c42008f88e92474e3ff0eb98a,eb4075c77285da02c52794154760fa969fb21ab3dcceb0820cb7d2ba27d27471,http://images.cocodataset.org/train2017/000000259475.jpg,http://images.cocodataset.org/train2017/000000259475.jpg,vsr_test:1996,http://images.cocodataset.org/train2017/000000311167.jpg,shuffle_image,tier_a_v0.1,"{""algorithm"": ""cycle derangement"", ""axis"": ""evidence"", ""condition"": ""shuffle"", ""forbid_self_pair"": true, ""mapping_file_sha256"": ""d0ca3efb893c3338c12823430a9c1007d019eb79f432c51851ff7c318e1eb171"", ""replacement_example_id"": ""vsr_test:1996"", ""seed"": 20260810}",20260810,"{""do_sample"": false, ""max_new_tokens"": 5}",tier_a_pilot200,2f047945e4a22ea8774c8172826991930be36ad0,v0.1
vsr_test:0191,vsr_test:0191,test,shuffle,evidence,The sheep is inside the bottle.,The sheep is inside the bottle.,inside,containment,sheep,bottle,True,,,False,False, False.,Qwen/Qwen2-VL-7B-Instruct,,7B_general_lora,/home/ubuntu/vlm-spatial-reasoning/checkpoints/qwen2vl_7b_general_lora/final,"{""README.md"": ""ad67fbd14e29a7dae114b54d70c840eab4d917c7d4bbce31d8e923429325d12b"", ""adapter_config.json"": ""4cc863971496d11551ef4f7a943764405400230a371c1c74ab1690589d27af4b"", ""adapter_model.safetensors"": ""109a8f8284daa35887b309c03f53b03079e51e39ec821afd41f4653d983c56f8"", ""chat_template.jinja"": ""a0bc6f6fc7a29a80017a433e8f03a1cc1236e838a944a2d034295a60c4f2fddb"", ""processor_config.json"": ""edb8dd5001f02dd3a488fd63d664fcdc5514c4a93962bf1be534a0acf6e2c714"", ""tokenizer.json"": ""ff8cce547abc110590d19c6b5b6e0c6a7b4c8d1012d78b9c42131bae7f494a02"", ""tokenizer_config.json"": ""5afec58078ec072cdc9ad190a63c8657f9c47ec71068ff9c77423f1ea0422364""}",,7f29cebb9d06eca06ad0d6c690e4d5a083b71a9c42008f88e92474e3ff0eb98a,eb4075c77285da02c52794154760fa969fb21ab3dcceb0820cb7d2ba27d27471,http://images.cocodataset.org/train2017/000000192236.jpg,http://images.cocodataset.org/train2017/000000192236.jpg,vsr_test:0988,http://images.cocodataset.org/train2017/000000005883.jpg,shuffle_image,tier_a_v0.1,"{""algorithm"": ""cycle derangement"", ""axis"": ""evidence"", ""condition"": ""shuffle"", ""forbid_self_pair"": true, ""mapping_file_sha256"": ""d0ca3efb893c3338c12823430a9c1007d019eb79f432c51851ff7c318e1eb171"", ""replacement_example_id"": ""vsr_test:0988"", ""seed"": 20260810}",20260810,"{""do_sample"": false, ""max_new_tokens"": 5}",tier_a_pilot200,2f047945e4a22ea8774c8172826991930be36ad0,v0.1
vsr_test:0192,vsr_test:0192,test,shuffle,evidence,The bed is adjacent to the couch.,The bed is adjacent to the couch.,adjacent to,other,bed,,False,,,False,True, False.,Qwen/Qwen2-VL-7B-Instruct,,7B_general_lora,/home/ubuntu/vlm-spatial-reasoning/checkpoints/qwen2vl_7b_general_lora/final,"{""README.md"": ""ad67fbd14e29a7dae114b54d70c840eab4d917c7d4bbce31d8e923429325d12b"", ""adapter_config.json"": ""4cc863971496d11551ef4f7a943764405400230a371c1c74ab1690589d27af4b"", ""adapter_model.safetensors"": ""109a8f8284daa35887b309c03f53b03079e51e39ec821afd41f4653d983c56f8"", ""chat_template.jinja"": ""a0bc6f6fc7a29a80017a433e8f03a1cc1236e838a944a2d034295a60c4f2fddb"", ""processor_config.json"": ""edb8dd5001f02dd3a488fd63d664fcdc5514c4a93962bf1be534a0acf6e2c714"", ""tokenizer.json"": ""ff8cce547abc110590d19c6b5b6e0c6a7b4c8d1012d78b9c42131bae7f494a02"", ""tokenizer_config.json"": ""5afec58078ec072cdc9ad190a63c8657f9c47ec71068ff9c77423f1ea0422364""}",,7f29cebb9d06eca06ad0d6c690e4d5a083b71a9c42008f88e92474e3ff0eb98a,eb4075c77285da02c52794154760fa969fb21ab3dcceb0820cb7d2ba27d27471,http://images.cocodataset.org/train2017/000000221515.jpg,http://images.cocodataset.org/train2017/000000221515.jpg,vsr_test:0202,http://images.cocodataset.org/train2017/000000522360.jpg,shuffle_image,tier_a_v0.1,"{""algorithm"": ""cycle derangement"", ""axis"": ""evidence"", ""condition"": ""shuffle"", ""forbid_self_pair"": true, ""mapping_file_sha256"": ""d0ca3efb893c3338c12823430a9c1007d019eb79f432c51851ff7c318e1eb171"", ""replacement_example_id"": ""vsr_test:0202"", ""seed"": 20260810}",20260810,"{""do_sample"": false, ""max_new_tokens"": 5}",tier_a_pilot200,2f047945e4a22ea8774c8172826991930be36ad0,v0.1
vsr_test:0193,vsr_test:0193,test,shuffle,evidence,The dog is next to the book.,The dog is next to the book.,next to,horizontal,dog,book,True,,,False,False, False.,Qwen/Qwen2-VL-7B-Instruct,,7B_general_lora,/home/ubuntu/vlm-spatial-reasoning/checkpoints/qwen2vl_7b_general_lora/final,"{""README.md"": ""ad67fbd14e29a7dae114b54d70c840eab4d917c7d4bbce31d8e923429325d12b"", ""adapter_config.json"": ""4cc863971496d11551ef4f7a943764405400230a371c1c74ab1690589d27af4b"", ""adapter_model.safetensors"": ""109a8f8284daa35887b309c03f53b03079e51e39ec821afd41f4653d983c56f8"", ""chat_template.jinja"": ""a0bc6f6fc7a29a80017a433e8f03a1cc1236e838a944a2d034295a60c4f2fddb"", ""processor_config.json"": ""edb8dd5001f02dd3a488fd63d664fcdc5514c4a93962bf1be534a0acf6e2c714"", ""tokenizer.json"": ""ff8cce547abc110590d19c6b5b6e0c6a7b4c8d1012d78b9c42131bae7f494a02"", ""tokenizer_config.json"": ""5afec58078ec072cdc9ad190a63c8657f9c47ec71068ff9c77423f1ea0422364""}",,7f29cebb9d06eca06ad0d6c690e4d5a083b71a9c42008f88e92474e3ff0eb98a,eb4075c77285da02c52794154760fa969fb21ab3dcceb0820cb7d2ba27d27471,http://images.cocodataset.org/train2017/000000183453.jpg,http://images.cocodataset.org/train2017/000000183453.jpg,vsr_test:0702,http://images.cocodataset.org/train2017/000000518613.jpg,shuffle_image,tier_a_v0.1,"{""algorithm"": ""cycle derangement"", ""axis"": ""evidence"", ""condition"": ""shuffle"", ""forbid_self_pair"": true, ""mapping_file_sha256"": ""d0ca3efb893c3338c12823430a9c1007d019eb79f432c51851ff7c318e1eb171"", ""replacement_example_id"": ""vsr_test:0702"", ""seed"": 20260810}",20260810,"{""do_sample"": false, ""max_new_tokens"": 5}",tier_a_pilot200,2f047945e4a22ea8774c8172826991930be36ad0,v0.1
vsr_test:0194,vsr_test:0194,test,shuffle,evidence,The couch is at the right side of the umbrella.,The couch is at the right side of the umbrella.,at the right side of,horizontal,couch,umbrella,False,,,False,True, False.,Qwen/Qwen2-VL-7B-Instruct,,7B_general_lora,/home/ubuntu/vlm-spatial-reasoning/checkpoints/qwen2vl_7b_general_lora/final,"{""README.md"": ""ad67fbd14e29a7dae114b54d70c840eab4d917c7d4bbce31d8e923429325d12b"", ""adapter_config.json"": ""4cc863971496d11551ef4f7a943764405400230a371c1c74ab1690589d27af4b"", ""adapter_model.safetensors"": ""109a8f8284daa35887b309c03f53b03079e51e39ec821afd41f4653d983c56f8"", ""chat_template.jinja"": ""a0bc6f6fc7a29a80017a433e8f03a1cc1236e838a944a2d034295a60c4f2fddb"", ""processor_config.json"": ""edb8dd5001f02dd3a488fd63d664fcdc5514c4a93962bf1be534a0acf6e2c714"", ""tokenizer.json"": ""ff8cce547abc110590d19c6b5b6e0c6a7b4c8d1012d78b9c42131bae7f494a02"", ""tokenizer_config.json"": ""5afec58078ec072cdc9ad190a63c8657f9c47ec71068ff9c77423f1ea0422364""}",,7f29cebb9d06eca06ad0d6c690e4d5a083b71a9c42008f88e92474e3ff0eb98a,eb4075c77285da02c52794154760fa969fb21ab3dcceb0820cb7d2ba27d27471,http://images.cocodataset.org/train2017/000000428329.jpg,http://images.cocodataset.org/train2017/000000428329.jpg,vsr_test:0667,http://images.cocodataset.org/train2017/000000024260.jpg,shuffle_image,tier_a_v0.1,"{""algorithm"": ""cycle derangement"", ""axis"": ""evidence"", ""condition"": ""shuffle"", ""forbid_self_pair"": true, ""mapping_file_sha256"": ""d0ca3efb893c3338c12823430a9c1007d019eb79f432c51851ff7c318e1eb171"", ""replacement_example_id"": ""vsr_test:0667"", ""seed"": 20260810}",20260810,"{""do_sample"": false, ""max_new_tokens"": 5}",tier_a_pilot200,2f047945e4a22ea8774c8172826991930be36ad0,v0.1
vsr_test:0195,vsr_test:0195,test,shuffle,evidence,The toilet is left of the cat.,The toilet is left of the cat.,left of,horizontal,toilet,,True,,,False,False, False.,Qwen/Qwen2-VL-7B-Instruct,,7B_general_lora,/home/ubuntu/vlm-spatial-reasoning/checkpoints/qwen2vl_7b_general_lora/final,"{""README.md"": ""ad67fbd14e29a7dae114b54d70c840eab4d917c7d4bbce31d8e923429325d12b"", ""adapter_config.json"": ""4cc863971496d11551ef4f7a943764405400230a371c1c74ab1690589d27af4b"", ""adapter_model.safetensors"": ""109a8f8284daa35887b309c03f53b03079e51e39ec821afd41f4653d983c56f8"", ""chat_template.jinja"": ""a0bc6f6fc7a29a80017a433e8f03a1cc1236e838a944a2d034295a60c4f2fddb"", ""processor_config.json"": ""edb8dd5001f02dd3a488fd63d664fcdc5514c4a93962bf1be534a0acf6e2c714"", ""tokenizer.json"": ""ff8cce547abc110590d19c6b5b6e0c6a7b4c8d1012d78b9c42131bae7f494a02"", ""tokenizer_config.json"": ""5afec58078ec072cdc9ad190a63c8657f9c47ec71068ff9c77423f1ea0422364""}",,7f29cebb9d06eca06ad0d6c690e4d5a083b71a9c42008f88e92474e3ff0eb98a,eb4075c77285da02c52794154760fa969fb21ab3dcceb0820cb7d2ba27d27471,http://images.cocodataset.org/train2017/000000063950.jpg,http://images.cocodataset.org/train2017/000000063950.jpg,vsr_test:1731,http://images.cocodataset.org/train2017/000000364722.jpg,shuffle_image,tier_a_v0.1,"{""algorithm"": ""cycle derangement"", ""axis"": ""evidence"", ""condition"": ""shuffle"", ""forbid_self_pair"": true, ""mapping_file_sha256"": ""d0ca3efb893c3338c12823430a9c1007d019eb79f432c51851ff7c318e1eb171"", ""replacement_example_id"": ""vsr_test:1731"", ""seed"": 20260810}",20260810,"{""do_sample"": false, ""max_new_tokens"": 5}",tier_a_pilot200,2f047945e4a22ea8774c8172826991930be36ad0,v0.1
vsr_test:0196,vsr_test:0196,test,shuffle,evidence,The banana is over the person.,The banana is over the person.,over,vertical,banana,person,False,,,False,True, False.,Qwen/Qwen2-VL-7B-Instruct,,7B_general_lora,/home/ubuntu/vlm-spatial-reasoning/checkpoints/qwen2vl_7b_general_lora/final,"{""README.md"": ""ad67fbd14e29a7dae114b54d70c840eab4d917c7d4bbce31d8e923429325d12b"", ""adapter_config.json"": ""4cc863971496d11551ef4f7a943764405400230a371c1c74ab1690589d27af4b"", ""adapter_model.safetensors"": ""109a8f8284daa35887b309c03f53b03079e51e39ec821afd41f4653d983c56f8"", ""chat_template.jinja"": ""a0bc6f6fc7a29a80017a433e8f03a1cc1236e838a944a2d034295a60c4f2fddb"", ""processor_config.json"": ""edb8dd5001f02dd3a488fd63d664fcdc5514c4a93962bf1be534a0acf6e2c714"", ""tokenizer.json"": ""ff8cce547abc110590d19c6b5b6e0c6a7b4c8d1012d78b9c42131bae7f494a02"", ""tokenizer_config.json"": ""5afec58078ec072cdc9ad190a63c8657f9c47ec71068ff9c77423f1ea0422364""}",,7f29cebb9d06eca06ad0d6c690e4d5a083b71a9c42008f88e92474e3ff0eb98a,eb4075c77285da02c52794154760fa969fb21ab3dcceb0820cb7d2ba27d27471,http://images.cocodataset.org/train2017/000000182812.jpg,http://images.cocodataset.org/train2017/000000182812.jpg,vsr_test:1881,http://images.cocodataset.org/train2017/000000299643.jpg,shuffle_image,tier_a_v0.1,"{""algorithm"": ""cycle derangement"", ""axis"": ""evidence"", ""condition"": ""shuffle"", ""forbid_self_pair"": true, ""mapping_file_sha256"": ""d0ca3efb893c3338c12823430a9c1007d019eb79f432c51851ff7c318e1eb171"", ""replacement_example_id"": ""vsr_test:1881"", ""seed"": 20260810}",20260810,"{""do_sample"": false, ""max_new_tokens"": 5}",tier_a_pilot200,2f047945e4a22ea8774c8172826991930be36ad0,v0.1
vsr_test:0197,vsr_test:0197,test,shuffle,evidence,The person is touching the cow.,The person is touching the cow.,touching,topology_contact,person,cow,False,,,False,True, False.,Qwen/Qwen2-VL-7B-Instruct,,7B_general_lora,/home/ubuntu/vlm-spatial-reasoning/checkpoints/qwen2vl_7b_general_lora/final,"{""README.md"": ""ad67fbd14e29a7dae114b54d70c840eab4d917c7d4bbce31d8e923429325d12b"", ""adapter_config.json"": ""4cc863971496d11551ef4f7a943764405400230a371c1c74ab1690589d27af4b"", ""adapter_model.safetensors"": ""109a8f8284daa35887b309c03f53b03079e51e39ec821afd41f4653d983c56f8"", ""chat_template.jinja"": ""a0bc6f6fc7a29a80017a433e8f03a1cc1236e838a944a2d034295a60c4f2fddb"", ""processor_config.json"": ""edb8dd5001f02dd3a488fd63d664fcdc5514c4a93962bf1be534a0acf6e2c714"", ""tokenizer.json"": ""ff8cce547abc110590d19c6b5b6e0c6a7b4c8d1012d78b9c42131bae7f494a02"", ""tokenizer_config.json"": ""5afec58078ec072cdc9ad190a63c8657f9c47ec71068ff9c77423f1ea0422364""}",,7f29cebb9d06eca06ad0d6c690e4d5a083b71a9c42008f88e92474e3ff0eb98a,eb4075c77285da02c52794154760fa969fb21ab3dcceb0820cb7d2ba27d27471,http://images.cocodataset.org/train2017/000000515186.jpg,http://images.cocodataset.org/train2017/000000515186.jpg,vsr_test:0914,http://images.cocodataset.org/val2017/000000175443.jpg,shuffle_image,tier_a_v0.1,"{""algorithm"": ""cycle derangement"", ""axis"": ""evidence"", ""condition"": ""shuffle"", ""forbid_self_pair"": true, ""mapping_file_sha256"": ""d0ca3efb893c3338c12823430a9c1007d019eb79f432c51851ff7c318e1eb171"", ""replacement_example_id"": ""vsr_test:0914"", ""seed"": 20260810}",20260810,"{""do_sample"": false, ""max_new_tokens"": 5}",tier_a_pilot200,2f047945e4a22ea8774c8172826991930be36ad0,v0.1
vsr_test:0198,vsr_test:0198,test,shuffle,evidence,The dining table is at the right side of the person.,The dining table is at the right side of the person.,at the right side of,horizontal,dining table,person,False,,,False,True, False.,Qwen/Qwen2-VL-7B-Instruct,,7B_general_lora,/home/ubuntu/vlm-spatial-reasoning/checkpoints/qwen2vl_7b_general_lora/final,"{""README.md"": ""ad67fbd14e29a7dae114b54d70c840eab4d917c7d4bbce31d8e923429325d12b"", ""adapter_config.json"": ""4cc863971496d11551ef4f7a943764405400230a371c1c74ab1690589d27af4b"", ""adapter_model.safetensors"": ""109a8f8284daa35887b309c03f53b03079e51e39ec821afd41f4653d983c56f8"", ""chat_template.jinja"": ""a0bc6f6fc7a29a80017a433e8f03a1cc1236e838a944a2d034295a60c4f2fddb"", ""processor_config.json"": ""edb8dd5001f02dd3a488fd63d664fcdc5514c4a93962bf1be534a0acf6e2c714"", ""tokenizer.json"": ""ff8cce547abc110590d19c6b5b6e0c6a7b4c8d1012d78b9c42131bae7f494a02"", ""tokenizer_config.json"": ""5afec58078ec072cdc9ad190a63c8657f9c47ec71068ff9c77423f1ea0422364""}",,7f29cebb9d06eca06ad0d6c690e4d5a083b71a9c42008f88e92474e3ff0eb98a,eb4075c77285da02c52794154760fa969fb21ab3dcceb0820cb7d2ba27d27471,http://images.cocodataset.org/train2017/000000362966.jpg,http://images.cocodataset.org/train2017/000000362966.jpg,vsr_test:1786,http://images.cocodataset.org/train2017/000000115626.jpg,shuffle_image,tier_a_v0.1,"{""algorithm"": ""cycle derangement"", ""axis"": ""evidence"", ""condition"": ""shuffle"", ""forbid_self_pair"": true, ""mapping_file_sha256"": ""d0ca3efb893c3338c12823430a9c1007d019eb79f432c51851ff7c318e1eb171"", ""replacement_example_id"": ""vsr_test:1786"", ""seed"": 20260810}",20260810,"{""do_sample"": false, ""max_new_tokens"": 5}",tier_a_pilot200,2f047945e4a22ea8774c8172826991930be36ad0,v0.1
vsr_test:0199,vsr_test:0199,test,shuffle,evidence,The keyboard is below the apple.,The keyboard is below the apple.,below,vertical,keyboard,apple,True,,,False,False, False.,Qwen/Qwen2-VL-7B-Instruct,,7B_general_lora,/home/ubuntu/vlm-spatial-reasoning/checkpoints/qwen2vl_7b_general_lora/final,"{""README.md"": ""ad67fbd14e29a7dae114b54d70c840eab4d917c7d4bbce31d8e923429325d12b"", ""adapter_config.json"": ""4cc863971496d11551ef4f7a943764405400230a371c1c74ab1690589d27af4b"", ""adapter_model.safetensors"": ""109a8f8284daa35887b309c03f53b03079e51e39ec821afd41f4653d983c56f8"", ""chat_template.jinja"": ""a0bc6f6fc7a29a80017a433e8f03a1cc1236e838a944a2d034295a60c4f2fddb"", ""processor_config.json"": ""edb8dd5001f02dd3a488fd63d664fcdc5514c4a93962bf1be534a0acf6e2c714"", ""tokenizer.json"": ""ff8cce547abc110590d19c6b5b6e0c6a7b4c8d1012d78b9c42131bae7f494a02"", ""tokenizer_config.json"": ""5afec58078ec072cdc9ad190a63c8657f9c47ec71068ff9c77423f1ea0422364""}",,7f29cebb9d06eca06ad0d6c690e4d5a083b71a9c42008f88e92474e3ff0eb98a,eb4075c77285da02c52794154760fa969fb21ab3dcceb0820cb7d2ba27d27471,http://images.cocodataset.org/train2017/000000203673.jpg,http://images.cocodataset.org/train2017/000000203673.jpg,vsr_test:1322,http://images.cocodataset.org/val2017/000000403817.jpg,shuffle_image,tier_a_v0.1,"{""algorithm"": ""cycle derangement"", ""axis"": ""evidence"", ""condition"": ""shuffle"", ""forbid_self_pair"": true, ""mapping_file_sha256"": ""d0ca3efb893c3338c12823430a9c1007d019eb79f432c51851ff7c318e1eb171"", ""replacement_example_id"": ""vsr_test:1322"", ""seed"": 20260810}",20260810,"{""do_sample"": false, ""max_new_tokens"": 5}",tier_a_pilot200,2f047945e4a22ea8774c8172826991930be36ad0,v0.1
