example_id,paired_parent_id,split,condition,intervention_axis,statement,original_statement,relation,relation_family,subject,object,ground_truth,expected_transformed_label,expected_prediction_behavior,prediction,correct,raw_output,model_id,model_revision,model_condition,adapter_path,adapter_hash,training_seed,prompt_version,parser_version,image_id,source_image_id,replacement_image_id,transformed_image_id,transform_name,transform_version,transform_metadata,shuffle_seed,generation_settings,run_id,git_commit,protocol_version
vsr_test:0000,vsr_test:0000,test,normal,evidence,The person is inside the refrigerator.,The person is inside the refrigerator.,inside,containment,person,refrigerator,True,,,False,False,False,Qwen/Qwen2-VL-7B-Instruct,,7B_zero_shot,,,,7f29cebb9d06eca06ad0d6c690e4d5a083b71a9c42008f88e92474e3ff0eb98a,eb4075c77285da02c52794154760fa969fb21ab3dcceb0820cb7d2ba27d27471,http://images.cocodataset.org/train2017/000000451431.jpg,http://images.cocodataset.org/train2017/000000451431.jpg,,http://images.cocodataset.org/train2017/000000451431.jpg,normal,tier_a_v0.1,"{""axis"": ""evidence"", ""condition"": ""normal""}",,"{""do_sample"": false, ""max_new_tokens"": 5}",tier_a_pilot200,2f047945e4a22ea8774c8172826991930be36ad0,v0.1
vsr_test:0001,vsr_test:0001,test,normal,evidence,The cake consists of the dog.,The cake consists of the dog.,consists of,compositional,,dog,True,,,False,False,False,Qwen/Qwen2-VL-7B-Instruct,,7B_zero_shot,,,,7f29cebb9d06eca06ad0d6c690e4d5a083b71a9c42008f88e92474e3ff0eb98a,eb4075c77285da02c52794154760fa969fb21ab3dcceb0820cb7d2ba27d27471,http://images.cocodataset.org/train2017/000000287427.jpg,http://images.cocodataset.org/train2017/000000287427.jpg,,http://images.cocodataset.org/train2017/000000287427.jpg,normal,tier_a_v0.1,"{""axis"": ""evidence"", ""condition"": ""normal""}",,"{""do_sample"": false, ""max_new_tokens"": 5}",tier_a_pilot200,2f047945e4a22ea8774c8172826991930be36ad0,v0.1
vsr_test:0002,vsr_test:0002,test,normal,evidence,The bird is above the cat.,The bird is above the cat.,above,vertical,bird,cat,False,,,True,False,True.,Qwen/Qwen2-VL-7B-Instruct,,7B_zero_shot,,,,7f29cebb9d06eca06ad0d6c690e4d5a083b71a9c42008f88e92474e3ff0eb98a,eb4075c77285da02c52794154760fa969fb21ab3dcceb0820cb7d2ba27d27471,http://images.cocodataset.org/train2017/000000072556.jpg,http://images.cocodataset.org/train2017/000000072556.jpg,,http://images.cocodataset.org/train2017/000000072556.jpg,normal,tier_a_v0.1,"{""axis"": ""evidence"", ""condition"": ""normal""}",,"{""do_sample"": false, ""max_new_tokens"": 5}",tier_a_pilot200,2f047945e4a22ea8774c8172826991930be36ad0,v0.1
vsr_test:0003,vsr_test:0003,test,normal,evidence,The laptop is facing the sandwich.,The laptop is facing the sandwich.,facing,orientation,laptop,sandwich,False,,,False,True,False.,Qwen/Qwen2-VL-7B-Instruct,,7B_zero_shot,,,,7f29cebb9d06eca06ad0d6c690e4d5a083b71a9c42008f88e92474e3ff0eb98a,eb4075c77285da02c52794154760fa969fb21ab3dcceb0820cb7d2ba27d27471,http://images.cocodataset.org/train2017/000000519404.jpg,http://images.cocodataset.org/train2017/000000519404.jpg,,http://images.cocodataset.org/train2017/000000519404.jpg,normal,tier_a_v0.1,"{""axis"": ""evidence"", ""condition"": ""normal""}",,"{""do_sample"": false, ""max_new_tokens"": 5}",tier_a_pilot200,2f047945e4a22ea8774c8172826991930be36ad0,v0.1
vsr_test:0004,vsr_test:0004,test,normal,evidence,The elephant is inside the truck.,The elephant is inside the truck.,inside,containment,elephant,truck,False,,,False,True,False,Qwen/Qwen2-VL-7B-Instruct,,7B_zero_shot,,,,7f29cebb9d06eca06ad0d6c690e4d5a083b71a9c42008f88e92474e3ff0eb98a,eb4075c77285da02c52794154760fa969fb21ab3dcceb0820cb7d2ba27d27471,http://images.cocodataset.org/train2017/000000294749.jpg,http://images.cocodataset.org/train2017/000000294749.jpg,,http://images.cocodataset.org/train2017/000000294749.jpg,normal,tier_a_v0.1,"{""axis"": ""evidence"", ""condition"": ""normal""}",,"{""do_sample"": false, ""max_new_tokens"": 5}",tier_a_pilot200,2f047945e4a22ea8774c8172826991930be36ad0,v0.1
vsr_test:0005,vsr_test:0005,test,normal,evidence,The cat is at the edge of the dining table.,The cat is at the edge of the dining table.,at the edge of,topology_contact,cat,dining table,False,,,False,True,False,Qwen/Qwen2-VL-7B-Instruct,,7B_zero_shot,,,,7f29cebb9d06eca06ad0d6c690e4d5a083b71a9c42008f88e92474e3ff0eb98a,eb4075c77285da02c52794154760fa969fb21ab3dcceb0820cb7d2ba27d27471,http://images.cocodataset.org/train2017/000000572993.jpg,http://images.cocodataset.org/train2017/000000572993.jpg,,http://images.cocodataset.org/train2017/000000572993.jpg,normal,tier_a_v0.1,"{""axis"": ""evidence"", ""condition"": ""normal""}",,"{""do_sample"": false, ""max_new_tokens"": 5}",tier_a_pilot200,2f047945e4a22ea8774c8172826991930be36ad0,v0.1
vsr_test:0006,vsr_test:0006,test,normal,evidence,The bench is touching the dining table.,The bench is touching the dining table.,touching,topology_contact,bench,dining table,True,,,False,False,False.,Qwen/Qwen2-VL-7B-Instruct,,7B_zero_shot,,,,7f29cebb9d06eca06ad0d6c690e4d5a083b71a9c42008f88e92474e3ff0eb98a,eb4075c77285da02c52794154760fa969fb21ab3dcceb0820cb7d2ba27d27471,http://images.cocodataset.org/train2017/000000550405.jpg,http://images.cocodataset.org/train2017/000000550405.jpg,,http://images.cocodataset.org/train2017/000000550405.jpg,normal,tier_a_v0.1,"{""axis"": ""evidence"", ""condition"": ""normal""}",,"{""do_sample"": false, ""max_new_tokens"": 5}",tier_a_pilot200,2f047945e4a22ea8774c8172826991930be36ad0,v0.1
vsr_test:0007,vsr_test:0007,test,normal,evidence,The motorcycle is in front of the truck.,The motorcycle is in front of the truck.,in front of,depth,motorcycle,truck,True,,,True,True,True,Qwen/Qwen2-VL-7B-Instruct,,7B_zero_shot,,,,7f29cebb9d06eca06ad0d6c690e4d5a083b71a9c42008f88e92474e3ff0eb98a,eb4075c77285da02c52794154760fa969fb21ab3dcceb0820cb7d2ba27d27471,http://images.cocodataset.org/train2017/000000057381.jpg,http://images.cocodataset.org/train2017/000000057381.jpg,,http://images.cocodataset.org/train2017/000000057381.jpg,normal,tier_a_v0.1,"{""axis"": ""evidence"", ""condition"": ""normal""}",,"{""do_sample"": false, ""max_new_tokens"": 5}",tier_a_pilot200,2f047945e4a22ea8774c8172826991930be36ad0,v0.1
vsr_test:0008,vsr_test:0008,test,normal,evidence,The bench is beside the bed.,The bench is beside the bed.,beside,horizontal,bench,bed,True,,,True,True,True.,Qwen/Qwen2-VL-7B-Instruct,,7B_zero_shot,,,,7f29cebb9d06eca06ad0d6c690e4d5a083b71a9c42008f88e92474e3ff0eb98a,eb4075c77285da02c52794154760fa969fb21ab3dcceb0820cb7d2ba27d27471,http://images.cocodataset.org/train2017/000000268227.jpg,http://images.cocodataset.org/train2017/000000268227.jpg,,http://images.cocodataset.org/train2017/000000268227.jpg,normal,tier_a_v0.1,"{""axis"": ""evidence"", ""condition"": ""normal""}",,"{""do_sample"": false, ""max_new_tokens"": 5}",tier_a_pilot200,2f047945e4a22ea8774c8172826991930be36ad0,v0.1
vsr_test:0009,vsr_test:0009,test,normal,evidence,The bench is behind the teddy bear.,The bench is behind the teddy bear.,behind,depth,bench,teddy bear,False,,,False,True,False.,Qwen/Qwen2-VL-7B-Instruct,,7B_zero_shot,,,,7f29cebb9d06eca06ad0d6c690e4d5a083b71a9c42008f88e92474e3ff0eb98a,eb4075c77285da02c52794154760fa969fb21ab3dcceb0820cb7d2ba27d27471,http://images.cocodataset.org/train2017/000000395531.jpg,http://images.cocodataset.org/train2017/000000395531.jpg,,http://images.cocodataset.org/train2017/000000395531.jpg,normal,tier_a_v0.1,"{""axis"": ""evidence"", ""condition"": ""normal""}",,"{""do_sample"": false, ""max_new_tokens"": 5}",tier_a_pilot200,2f047945e4a22ea8774c8172826991930be36ad0,v0.1
vsr_test:0010,vsr_test:0010,test,normal,evidence,The motorcycle is in front of the truck.,The motorcycle is in front of the truck.,in front of,depth,motorcycle,truck,False,,,True,False,True.,Qwen/Qwen2-VL-7B-Instruct,,7B_zero_shot,,,,7f29cebb9d06eca06ad0d6c690e4d5a083b71a9c42008f88e92474e3ff0eb98a,eb4075c77285da02c52794154760fa969fb21ab3dcceb0820cb7d2ba27d27471,http://images.cocodataset.org/train2017/000000120207.jpg,http://images.cocodataset.org/train2017/000000120207.jpg,,http://images.cocodataset.org/train2017/000000120207.jpg,normal,tier_a_v0.1,"{""axis"": ""evidence"", ""condition"": ""normal""}",,"{""do_sample"": false, ""max_new_tokens"": 5}",tier_a_pilot200,2f047945e4a22ea8774c8172826991930be36ad0,v0.1
vsr_test:0011,vsr_test:0011,test,normal,evidence,The bed is at the left side of the bench.,The bed is at the left side of the bench.,at the left side of,horizontal,bed,bench,True,,,True,True,True.,Qwen/Qwen2-VL-7B-Instruct,,7B_zero_shot,,,,7f29cebb9d06eca06ad0d6c690e4d5a083b71a9c42008f88e92474e3ff0eb98a,eb4075c77285da02c52794154760fa969fb21ab3dcceb0820cb7d2ba27d27471,http://images.cocodataset.org/train2017/000000262118.jpg,http://images.cocodataset.org/train2017/000000262118.jpg,,http://images.cocodataset.org/train2017/000000262118.jpg,normal,tier_a_v0.1,"{""axis"": ""evidence"", ""condition"": ""normal""}",,"{""do_sample"": false, ""max_new_tokens"": 5}",tier_a_pilot200,2f047945e4a22ea8774c8172826991930be36ad0,v0.1
vsr_test:0012,vsr_test:0012,test,normal,evidence,The potted plant is behind the fire hydrant.,The potted plant is behind the fire hydrant.,behind,depth,potted plant,fire hydrant,True,,,True,True,True.,Qwen/Qwen2-VL-7B-Instruct,,7B_zero_shot,,,,7f29cebb9d06eca06ad0d6c690e4d5a083b71a9c42008f88e92474e3ff0eb98a,eb4075c77285da02c52794154760fa969fb21ab3dcceb0820cb7d2ba27d27471,http://images.cocodataset.org/train2017/000000408351.jpg,http://images.cocodataset.org/train2017/000000408351.jpg,,http://images.cocodataset.org/train2017/000000408351.jpg,normal,tier_a_v0.1,"{""axis"": ""evidence"", ""condition"": ""normal""}",,"{""do_sample"": false, ""max_new_tokens"": 5}",tier_a_pilot200,2f047945e4a22ea8774c8172826991930be36ad0,v0.1
vsr_test:0013,vsr_test:0013,test,normal,evidence,The cat is inside the vase.,The cat is inside the vase.,inside,containment,cat,vase,True,,,False,False,False.,Qwen/Qwen2-VL-7B-Instruct,,7B_zero_shot,,,,7f29cebb9d06eca06ad0d6c690e4d5a083b71a9c42008f88e92474e3ff0eb98a,eb4075c77285da02c52794154760fa969fb21ab3dcceb0820cb7d2ba27d27471,http://images.cocodataset.org/train2017/000000261225.jpg,http://images.cocodataset.org/train2017/000000261225.jpg,,http://images.cocodataset.org/train2017/000000261225.jpg,normal,tier_a_v0.1,"{""axis"": ""evidence"", ""condition"": ""normal""}",,"{""do_sample"": false, ""max_new_tokens"": 5}",tier_a_pilot200,2f047945e4a22ea8774c8172826991930be36ad0,v0.1
vsr_test:0014,vsr_test:0014,test,normal,evidence,The airplane is perpendicular to the truck.,The airplane is perpendicular to the truck.,perpendicular to,orientation,airplane,truck,True,,,False,False,False,Qwen/Qwen2-VL-7B-Instruct,,7B_zero_shot,,,,7f29cebb9d06eca06ad0d6c690e4d5a083b71a9c42008f88e92474e3ff0eb98a,eb4075c77285da02c52794154760fa969fb21ab3dcceb0820cb7d2ba27d27471,http://images.cocodataset.org/train2017/000000538194.jpg,http://images.cocodataset.org/train2017/000000538194.jpg,,http://images.cocodataset.org/train2017/000000538194.jpg,normal,tier_a_v0.1,"{""axis"": ""evidence"", ""condition"": ""normal""}",,"{""do_sample"": false, ""max_new_tokens"": 5}",tier_a_pilot200,2f047945e4a22ea8774c8172826991930be36ad0,v0.1
vsr_test:0015,vsr_test:0015,test,normal,evidence,The bowl contains the apple.,The bowl contains the apple.,contains,containment,,apple,False,,,False,True,False,Qwen/Qwen2-VL-7B-Instruct,,7B_zero_shot,,,,7f29cebb9d06eca06ad0d6c690e4d5a083b71a9c42008f88e92474e3ff0eb98a,eb4075c77285da02c52794154760fa969fb21ab3dcceb0820cb7d2ba27d27471,http://images.cocodataset.org/val2017/000000407825.jpg,http://images.cocodataset.org/val2017/000000407825.jpg,,http://images.cocodataset.org/val2017/000000407825.jpg,normal,tier_a_v0.1,"{""axis"": ""evidence"", ""condition"": ""normal""}",,"{""do_sample"": false, ""max_new_tokens"": 5}",tier_a_pilot200,2f047945e4a22ea8774c8172826991930be36ad0,v0.1
vsr_test:0016,vsr_test:0016,test,normal,evidence,The cat is at the edge of the sink.,The cat is at the edge of the sink.,at the edge of,topology_contact,cat,sink,False,,,True,False,True.,Qwen/Qwen2-VL-7B-Instruct,,7B_zero_shot,,,,7f29cebb9d06eca06ad0d6c690e4d5a083b71a9c42008f88e92474e3ff0eb98a,eb4075c77285da02c52794154760fa969fb21ab3dcceb0820cb7d2ba27d27471,http://images.cocodataset.org/train2017/000000419051.jpg,http://images.cocodataset.org/train2017/000000419051.jpg,,http://images.cocodataset.org/train2017/000000419051.jpg,normal,tier_a_v0.1,"{""axis"": ""evidence"", ""condition"": ""normal""}",,"{""do_sample"": false, ""max_new_tokens"": 5}",tier_a_pilot200,2f047945e4a22ea8774c8172826991930be36ad0,v0.1
vsr_test:0017,vsr_test:0017,test,normal,evidence,The potted plant is touching the teddy bear.,The potted plant is touching the teddy bear.,touching,topology_contact,potted plant,teddy bear,True,,,True,True,True.,Qwen/Qwen2-VL-7B-Instruct,,7B_zero_shot,,,,7f29cebb9d06eca06ad0d6c690e4d5a083b71a9c42008f88e92474e3ff0eb98a,eb4075c77285da02c52794154760fa969fb21ab3dcceb0820cb7d2ba27d27471,http://images.cocodataset.org/train2017/000000380299.jpg,http://images.cocodataset.org/train2017/000000380299.jpg,,http://images.cocodataset.org/train2017/000000380299.jpg,normal,tier_a_v0.1,"{""axis"": ""evidence"", ""condition"": ""normal""}",,"{""do_sample"": false, ""max_new_tokens"": 5}",tier_a_pilot200,2f047945e4a22ea8774c8172826991930be36ad0,v0.1
vsr_test:0018,vsr_test:0018,test,normal,evidence,The bowl contains the banana.,The bowl contains the banana.,contains,containment,,banana,False,,,False,True,False,Qwen/Qwen2-VL-7B-Instruct,,7B_zero_shot,,,,7f29cebb9d06eca06ad0d6c690e4d5a083b71a9c42008f88e92474e3ff0eb98a,eb4075c77285da02c52794154760fa969fb21ab3dcceb0820cb7d2ba27d27471,http://images.cocodataset.org/train2017/000000266622.jpg,http://images.cocodataset.org/train2017/000000266622.jpg,,http://images.cocodataset.org/train2017/000000266622.jpg,normal,tier_a_v0.1,"{""axis"": ""evidence"", ""condition"": ""normal""}",,"{""do_sample"": false, ""max_new_tokens"": 5}",tier_a_pilot200,2f047945e4a22ea8774c8172826991930be36ad0,v0.1
vsr_test:0019,vsr_test:0019,test,normal,evidence,The truck is parallel to the motorcycle.,The truck is parallel to the motorcycle.,parallel to,orientation,truck,motorcycle,False,,,False,True,False,Qwen/Qwen2-VL-7B-Instruct,,7B_zero_shot,,,,7f29cebb9d06eca06ad0d6c690e4d5a083b71a9c42008f88e92474e3ff0eb98a,eb4075c77285da02c52794154760fa969fb21ab3dcceb0820cb7d2ba27d27471,http://images.cocodataset.org/train2017/000000302514.jpg,http://images.cocodataset.org/train2017/000000302514.jpg,,http://images.cocodataset.org/train2017/000000302514.jpg,normal,tier_a_v0.1,"{""axis"": ""evidence"", ""condition"": ""normal""}",,"{""do_sample"": false, ""max_new_tokens"": 5}",tier_a_pilot200,2f047945e4a22ea8774c8172826991930be36ad0,v0.1
vsr_test:0020,vsr_test:0020,test,normal,evidence,The bus is away from the cup.,The bus is away from the cup.,away from,proximity,bus,cup,True,,,True,True,True.,Qwen/Qwen2-VL-7B-Instruct,,7B_zero_shot,,,,7f29cebb9d06eca06ad0d6c690e4d5a083b71a9c42008f88e92474e3ff0eb98a,eb4075c77285da02c52794154760fa969fb21ab3dcceb0820cb7d2ba27d27471,http://images.cocodataset.org/train2017/000000067373.jpg,http://images.cocodataset.org/train2017/000000067373.jpg,,http://images.cocodataset.org/train2017/000000067373.jpg,normal,tier_a_v0.1,"{""axis"": ""evidence"", ""condition"": ""normal""}",,"{""do_sample"": false, ""max_new_tokens"": 5}",tier_a_pilot200,2f047945e4a22ea8774c8172826991930be36ad0,v0.1
vsr_test:0021,vsr_test:0021,test,normal,evidence,The toilet is in the train.,The toilet is in the train.,in,containment,toilet,train,False,,,False,True,False,Qwen/Qwen2-VL-7B-Instruct,,7B_zero_shot,,,,7f29cebb9d06eca06ad0d6c690e4d5a083b71a9c42008f88e92474e3ff0eb98a,eb4075c77285da02c52794154760fa969fb21ab3dcceb0820cb7d2ba27d27471,http://images.cocodataset.org/train2017/000000391774.jpg,http://images.cocodataset.org/train2017/000000391774.jpg,,http://images.cocodataset.org/train2017/000000391774.jpg,normal,tier_a_v0.1,"{""axis"": ""evidence"", ""condition"": ""normal""}",,"{""do_sample"": false, ""max_new_tokens"": 5}",tier_a_pilot200,2f047945e4a22ea8774c8172826991930be36ad0,v0.1
vsr_test:0022,vsr_test:0022,test,normal,evidence,The teddy bear is perpendicular to the cake.,The teddy bear is perpendicular to the cake.,perpendicular to,orientation,teddy bear,cake,True,,,False,False,False,Qwen/Qwen2-VL-7B-Instruct,,7B_zero_shot,,,,7f29cebb9d06eca06ad0d6c690e4d5a083b71a9c42008f88e92474e3ff0eb98a,eb4075c77285da02c52794154760fa969fb21ab3dcceb0820cb7d2ba27d27471,http://images.cocodataset.org/train2017/000000033372.jpg,http://images.cocodataset.org/train2017/000000033372.jpg,,http://images.cocodataset.org/train2017/000000033372.jpg,normal,tier_a_v0.1,"{""axis"": ""evidence"", ""condition"": ""normal""}",,"{""do_sample"": false, ""max_new_tokens"": 5}",tier_a_pilot200,2f047945e4a22ea8774c8172826991930be36ad0,v0.1
vsr_test:0023,vsr_test:0023,test,normal,evidence,The cat is on top of the umbrella.,The cat is on top of the umbrella.,on top of,vertical,cat,umbrella,True,,,True,True,True.,Qwen/Qwen2-VL-7B-Instruct,,7B_zero_shot,,,,7f29cebb9d06eca06ad0d6c690e4d5a083b71a9c42008f88e92474e3ff0eb98a,eb4075c77285da02c52794154760fa969fb21ab3dcceb0820cb7d2ba27d27471,http://images.cocodataset.org/train2017/000000001139.jpg,http://images.cocodataset.org/train2017/000000001139.jpg,,http://images.cocodataset.org/train2017/000000001139.jpg,normal,tier_a_v0.1,"{""axis"": ""evidence"", ""condition"": ""normal""}",,"{""do_sample"": false, ""max_new_tokens"": 5}",tier_a_pilot200,2f047945e4a22ea8774c8172826991930be36ad0,v0.1
vsr_test:0024,vsr_test:0024,test,normal,evidence,The cup is beside the sandwich.,The cup is beside the sandwich.,beside,horizontal,cup,sandwich,True,,,True,True,True.,Qwen/Qwen2-VL-7B-Instruct,,7B_zero_shot,,,,7f29cebb9d06eca06ad0d6c690e4d5a083b71a9c42008f88e92474e3ff0eb98a,eb4075c77285da02c52794154760fa969fb21ab3dcceb0820cb7d2ba27d27471,http://images.cocodataset.org/train2017/000000202998.jpg,http://images.cocodataset.org/train2017/000000202998.jpg,,http://images.cocodataset.org/train2017/000000202998.jpg,normal,tier_a_v0.1,"{""axis"": ""evidence"", ""condition"": ""normal""}",,"{""do_sample"": false, ""max_new_tokens"": 5}",tier_a_pilot200,2f047945e4a22ea8774c8172826991930be36ad0,v0.1
vsr_test:0025,vsr_test:0025,test,normal,evidence,The laptop is at the left side of the cake.,The laptop is at the left side of the cake.,at the left side of,horizontal,laptop,cake,False,,,False,True,False.,Qwen/Qwen2-VL-7B-Instruct,,7B_zero_shot,,,,7f29cebb9d06eca06ad0d6c690e4d5a083b71a9c42008f88e92474e3ff0eb98a,eb4075c77285da02c52794154760fa969fb21ab3dcceb0820cb7d2ba27d27471,http://images.cocodataset.org/train2017/000000512569.jpg,http://images.cocodataset.org/train2017/000000512569.jpg,,http://images.cocodataset.org/train2017/000000512569.jpg,normal,tier_a_v0.1,"{""axis"": ""evidence"", ""condition"": ""normal""}",,"{""do_sample"": false, ""max_new_tokens"": 5}",tier_a_pilot200,2f047945e4a22ea8774c8172826991930be36ad0,v0.1
vsr_test:0026,vsr_test:0026,test,normal,evidence,The umbrella is attached to the banana.,The umbrella is attached to the banana.,attached to,topology_contact,umbrella,banana,False,,,False,True,False,Qwen/Qwen2-VL-7B-Instruct,,7B_zero_shot,,,,7f29cebb9d06eca06ad0d6c690e4d5a083b71a9c42008f88e92474e3ff0eb98a,eb4075c77285da02c52794154760fa969fb21ab3dcceb0820cb7d2ba27d27471,http://images.cocodataset.org/train2017/000000159296.jpg,http://images.cocodataset.org/train2017/000000159296.jpg,,http://images.cocodataset.org/train2017/000000159296.jpg,normal,tier_a_v0.1,"{""axis"": ""evidence"", ""condition"": ""normal""}",,"{""do_sample"": false, ""max_new_tokens"": 5}",tier_a_pilot200,2f047945e4a22ea8774c8172826991930be36ad0,v0.1
vsr_test:0027,vsr_test:0027,test,normal,evidence,The apple is above the orange.,The apple is above the orange.,above,vertical,apple,orange,False,,,False,True,False,Qwen/Qwen2-VL-7B-Instruct,,7B_zero_shot,,,,7f29cebb9d06eca06ad0d6c690e4d5a083b71a9c42008f88e92474e3ff0eb98a,eb4075c77285da02c52794154760fa969fb21ab3dcceb0820cb7d2ba27d27471,http://images.cocodataset.org/train2017/000000508412.jpg,http://images.cocodataset.org/train2017/000000508412.jpg,,http://images.cocodataset.org/train2017/000000508412.jpg,normal,tier_a_v0.1,"{""axis"": ""evidence"", ""condition"": ""normal""}",,"{""do_sample"": false, ""max_new_tokens"": 5}",tier_a_pilot200,2f047945e4a22ea8774c8172826991930be36ad0,v0.1
vsr_test:0028,vsr_test:0028,test,normal,evidence,The truck is below the elephant.,The truck is below the elephant.,below,vertical,truck,elephant,True,,,True,True,True.,Qwen/Qwen2-VL-7B-Instruct,,7B_zero_shot,,,,7f29cebb9d06eca06ad0d6c690e4d5a083b71a9c42008f88e92474e3ff0eb98a,eb4075c77285da02c52794154760fa969fb21ab3dcceb0820cb7d2ba27d27471,http://images.cocodataset.org/train2017/000000461902.jpg,http://images.cocodataset.org/train2017/000000461902.jpg,,http://images.cocodataset.org/train2017/000000461902.jpg,normal,tier_a_v0.1,"{""axis"": ""evidence"", ""condition"": ""normal""}",,"{""do_sample"": false, ""max_new_tokens"": 5}",tier_a_pilot200,2f047945e4a22ea8774c8172826991930be36ad0,v0.1
vsr_test:0029,vsr_test:0029,test,normal,evidence,The bicycle is in front of the cat.,The bicycle is in front of the cat.,in front of,depth,bicycle,cat,True,,,True,True,True.,Qwen/Qwen2-VL-7B-Instruct,,7B_zero_shot,,,,7f29cebb9d06eca06ad0d6c690e4d5a083b71a9c42008f88e92474e3ff0eb98a,eb4075c77285da02c52794154760fa969fb21ab3dcceb0820cb7d2ba27d27471,http://images.cocodataset.org/train2017/000000193488.jpg,http://images.cocodataset.org/train2017/000000193488.jpg,,http://images.cocodataset.org/train2017/000000193488.jpg,normal,tier_a_v0.1,"{""axis"": ""evidence"", ""condition"": ""normal""}",,"{""do_sample"": false, ""max_new_tokens"": 5}",tier_a_pilot200,2f047945e4a22ea8774c8172826991930be36ad0,v0.1
vsr_test:0030,vsr_test:0030,test,normal,evidence,The pizza is touching the person.,The pizza is touching the person.,touching,topology_contact,pizza,person,True,,,False,False,False.,Qwen/Qwen2-VL-7B-Instruct,,7B_zero_shot,,,,7f29cebb9d06eca06ad0d6c690e4d5a083b71a9c42008f88e92474e3ff0eb98a,eb4075c77285da02c52794154760fa969fb21ab3dcceb0820cb7d2ba27d27471,http://images.cocodataset.org/train2017/000000114169.jpg,http://images.cocodataset.org/train2017/000000114169.jpg,,http://images.cocodataset.org/train2017/000000114169.jpg,normal,tier_a_v0.1,"{""axis"": ""evidence"", ""condition"": ""normal""}",,"{""do_sample"": false, ""max_new_tokens"": 5}",tier_a_pilot200,2f047945e4a22ea8774c8172826991930be36ad0,v0.1
vsr_test:0031,vsr_test:0031,test,normal,evidence,The sheep is at the edge of the cake.,The sheep is at the edge of the cake.,at the edge of,topology_contact,sheep,cake,True,,,False,False,False,Qwen/Qwen2-VL-7B-Instruct,,7B_zero_shot,,,,7f29cebb9d06eca06ad0d6c690e4d5a083b71a9c42008f88e92474e3ff0eb98a,eb4075c77285da02c52794154760fa969fb21ab3dcceb0820cb7d2ba27d27471,http://images.cocodataset.org/train2017/000000409808.jpg,http://images.cocodataset.org/train2017/000000409808.jpg,,http://images.cocodataset.org/train2017/000000409808.jpg,normal,tier_a_v0.1,"{""axis"": ""evidence"", ""condition"": ""normal""}",,"{""do_sample"": false, ""max_new_tokens"": 5}",tier_a_pilot200,2f047945e4a22ea8774c8172826991930be36ad0,v0.1
vsr_test:0032,vsr_test:0032,test,normal,evidence,The teddy bear is at the side of the person.,The teddy bear is at the side of the person.,at the side of,horizontal,teddy bear,person,False,,,False,True,False.,Qwen/Qwen2-VL-7B-Instruct,,7B_zero_shot,,,,7f29cebb9d06eca06ad0d6c690e4d5a083b71a9c42008f88e92474e3ff0eb98a,eb4075c77285da02c52794154760fa969fb21ab3dcceb0820cb7d2ba27d27471,http://images.cocodataset.org/train2017/000000451680.jpg,http://images.cocodataset.org/train2017/000000451680.jpg,,http://images.cocodataset.org/train2017/000000451680.jpg,normal,tier_a_v0.1,"{""axis"": ""evidence"", ""condition"": ""normal""}",,"{""do_sample"": false, ""max_new_tokens"": 5}",tier_a_pilot200,2f047945e4a22ea8774c8172826991930be36ad0,v0.1
vsr_test:0033,vsr_test:0033,test,normal,evidence,The cat is facing away from the sink.,The cat is facing away from the sink.,facing away from,orientation,cat,sink,True,,,False,False,False.,Qwen/Qwen2-VL-7B-Instruct,,7B_zero_shot,,,,7f29cebb9d06eca06ad0d6c690e4d5a083b71a9c42008f88e92474e3ff0eb98a,eb4075c77285da02c52794154760fa969fb21ab3dcceb0820cb7d2ba27d27471,http://images.cocodataset.org/train2017/000000508846.jpg,http://images.cocodataset.org/train2017/000000508846.jpg,,http://images.cocodataset.org/train2017/000000508846.jpg,normal,tier_a_v0.1,"{""axis"": ""evidence"", ""condition"": ""normal""}",,"{""do_sample"": false, ""max_new_tokens"": 5}",tier_a_pilot200,2f047945e4a22ea8774c8172826991930be36ad0,v0.1
vsr_test:0034,vsr_test:0034,test,normal,evidence,The cat is facing away from the toilet.,The cat is facing away from the toilet.,facing away from,orientation,cat,toilet,True,,,False,False,False.,Qwen/Qwen2-VL-7B-Instruct,,7B_zero_shot,,,,7f29cebb9d06eca06ad0d6c690e4d5a083b71a9c42008f88e92474e3ff0eb98a,eb4075c77285da02c52794154760fa969fb21ab3dcceb0820cb7d2ba27d27471,http://images.cocodataset.org/train2017/000000455365.jpg,http://images.cocodataset.org/train2017/000000455365.jpg,,http://images.cocodataset.org/train2017/000000455365.jpg,normal,tier_a_v0.1,"{""axis"": ""evidence"", ""condition"": ""normal""}",,"{""do_sample"": false, ""max_new_tokens"": 5}",tier_a_pilot200,2f047945e4a22ea8774c8172826991930be36ad0,v0.1
vsr_test:0035,vsr_test:0035,test,normal,evidence,The cat is on top of the umbrella.,The cat is on top of the umbrella.,on top of,vertical,cat,umbrella,False,,,False,True,False.,Qwen/Qwen2-VL-7B-Instruct,,7B_zero_shot,,,,7f29cebb9d06eca06ad0d6c690e4d5a083b71a9c42008f88e92474e3ff0eb98a,eb4075c77285da02c52794154760fa969fb21ab3dcceb0820cb7d2ba27d27471,http://images.cocodataset.org/train2017/000000466789.jpg,http://images.cocodataset.org/train2017/000000466789.jpg,,http://images.cocodataset.org/train2017/000000466789.jpg,normal,tier_a_v0.1,"{""axis"": ""evidence"", ""condition"": ""normal""}",,"{""do_sample"": false, ""max_new_tokens"": 5}",tier_a_pilot200,2f047945e4a22ea8774c8172826991930be36ad0,v0.1
vsr_test:0036,vsr_test:0036,test,normal,evidence,The truck is under the couch.,The truck is under the couch.,under,vertical,truck,couch,True,,,False,False,False.,Qwen/Qwen2-VL-7B-Instruct,,7B_zero_shot,,,,7f29cebb9d06eca06ad0d6c690e4d5a083b71a9c42008f88e92474e3ff0eb98a,eb4075c77285da02c52794154760fa969fb21ab3dcceb0820cb7d2ba27d27471,http://images.cocodataset.org/train2017/000000358630.jpg,http://images.cocodataset.org/train2017/000000358630.jpg,,http://images.cocodataset.org/train2017/000000358630.jpg,normal,tier_a_v0.1,"{""axis"": ""evidence"", ""condition"": ""normal""}",,"{""do_sample"": false, ""max_new_tokens"": 5}",tier_a_pilot200,2f047945e4a22ea8774c8172826991930be36ad0,v0.1
vsr_test:0037,vsr_test:0037,test,normal,evidence,The orange is at the right side of the sandwich.,The orange is at the right side of the sandwich.,at the right side of,horizontal,orange,sandwich,True,,,False,False,False.,Qwen/Qwen2-VL-7B-Instruct,,7B_zero_shot,,,,7f29cebb9d06eca06ad0d6c690e4d5a083b71a9c42008f88e92474e3ff0eb98a,eb4075c77285da02c52794154760fa969fb21ab3dcceb0820cb7d2ba27d27471,http://images.cocodataset.org/train2017/000000260248.jpg,http://images.cocodataset.org/train2017/000000260248.jpg,,http://images.cocodataset.org/train2017/000000260248.jpg,normal,tier_a_v0.1,"{""axis"": ""evidence"", ""condition"": ""normal""}",,"{""do_sample"": false, ""max_new_tokens"": 5}",tier_a_pilot200,2f047945e4a22ea8774c8172826991930be36ad0,v0.1
vsr_test:0038,vsr_test:0038,test,normal,evidence,The train contains the bicycle.,The train contains the bicycle.,contains,containment,,bicycle,True,,,True,True,True.,Qwen/Qwen2-VL-7B-Instruct,,7B_zero_shot,,,,7f29cebb9d06eca06ad0d6c690e4d5a083b71a9c42008f88e92474e3ff0eb98a,eb4075c77285da02c52794154760fa969fb21ab3dcceb0820cb7d2ba27d27471,http://images.cocodataset.org/train2017/000000344271.jpg,http://images.cocodataset.org/train2017/000000344271.jpg,,http://images.cocodataset.org/train2017/000000344271.jpg,normal,tier_a_v0.1,"{""axis"": ""evidence"", ""condition"": ""normal""}",,"{""do_sample"": false, ""max_new_tokens"": 5}",tier_a_pilot200,2f047945e4a22ea8774c8172826991930be36ad0,v0.1
vsr_test:0039,vsr_test:0039,test,normal,evidence,The oven is in front of the cake.,The oven is in front of the cake.,in front of,depth,oven,cake,True,,,True,True,True.,Qwen/Qwen2-VL-7B-Instruct,,7B_zero_shot,,,,7f29cebb9d06eca06ad0d6c690e4d5a083b71a9c42008f88e92474e3ff0eb98a,eb4075c77285da02c52794154760fa969fb21ab3dcceb0820cb7d2ba27d27471,http://images.cocodataset.org/train2017/000000185777.jpg,http://images.cocodataset.org/train2017/000000185777.jpg,,http://images.cocodataset.org/train2017/000000185777.jpg,normal,tier_a_v0.1,"{""axis"": ""evidence"", ""condition"": ""normal""}",,"{""do_sample"": false, ""max_new_tokens"": 5}",tier_a_pilot200,2f047945e4a22ea8774c8172826991930be36ad0,v0.1
vsr_test:0040,vsr_test:0040,test,normal,evidence,The boat is in the tv.,The boat is in the tv.,in,containment,boat,tv,False,,,False,True,False,Qwen/Qwen2-VL-7B-Instruct,,7B_zero_shot,,,,7f29cebb9d06eca06ad0d6c690e4d5a083b71a9c42008f88e92474e3ff0eb98a,eb4075c77285da02c52794154760fa969fb21ab3dcceb0820cb7d2ba27d27471,http://images.cocodataset.org/train2017/000000024215.jpg,http://images.cocodataset.org/train2017/000000024215.jpg,,http://images.cocodataset.org/train2017/000000024215.jpg,normal,tier_a_v0.1,"{""axis"": ""evidence"", ""condition"": ""normal""}",,"{""do_sample"": false, ""max_new_tokens"": 5}",tier_a_pilot200,2f047945e4a22ea8774c8172826991930be36ad0,v0.1
vsr_test:0041,vsr_test:0041,test,normal,evidence,The teddy bear is beneath the dog.,The teddy bear is beneath the dog.,beneath,vertical,teddy bear,dog,True,,,True,True,True,Qwen/Qwen2-VL-7B-Instruct,,7B_zero_shot,,,,7f29cebb9d06eca06ad0d6c690e4d5a083b71a9c42008f88e92474e3ff0eb98a,eb4075c77285da02c52794154760fa969fb21ab3dcceb0820cb7d2ba27d27471,http://images.cocodataset.org/train2017/000000054643.jpg,http://images.cocodataset.org/train2017/000000054643.jpg,,http://images.cocodataset.org/train2017/000000054643.jpg,normal,tier_a_v0.1,"{""axis"": ""evidence"", ""condition"": ""normal""}",,"{""do_sample"": false, ""max_new_tokens"": 5}",tier_a_pilot200,2f047945e4a22ea8774c8172826991930be36ad0,v0.1
vsr_test:0042,vsr_test:0042,test,normal,evidence,The bench is part of the train.,The bench is part of the train.,part of,compositional,bench,train,True,,,True,True,True.,Qwen/Qwen2-VL-7B-Instruct,,7B_zero_shot,,,,7f29cebb9d06eca06ad0d6c690e4d5a083b71a9c42008f88e92474e3ff0eb98a,eb4075c77285da02c52794154760fa969fb21ab3dcceb0820cb7d2ba27d27471,http://images.cocodataset.org/train2017/000000245450.jpg,http://images.cocodataset.org/train2017/000000245450.jpg,,http://images.cocodataset.org/train2017/000000245450.jpg,normal,tier_a_v0.1,"{""axis"": ""evidence"", ""condition"": ""normal""}",,"{""do_sample"": false, ""max_new_tokens"": 5}",tier_a_pilot200,2f047945e4a22ea8774c8172826991930be36ad0,v0.1
vsr_test:0043,vsr_test:0043,test,normal,evidence,The truck is below the elephant.,The truck is below the elephant.,below,vertical,truck,elephant,True,,,True,True,True.,Qwen/Qwen2-VL-7B-Instruct,,7B_zero_shot,,,,7f29cebb9d06eca06ad0d6c690e4d5a083b71a9c42008f88e92474e3ff0eb98a,eb4075c77285da02c52794154760fa969fb21ab3dcceb0820cb7d2ba27d27471,http://images.cocodataset.org/train2017/000000027989.jpg,http://images.cocodataset.org/train2017/000000027989.jpg,,http://images.cocodataset.org/train2017/000000027989.jpg,normal,tier_a_v0.1,"{""axis"": ""evidence"", ""condition"": ""normal""}",,"{""do_sample"": false, ""max_new_tokens"": 5}",tier_a_pilot200,2f047945e4a22ea8774c8172826991930be36ad0,v0.1
vsr_test:0044,vsr_test:0044,test,normal,evidence,The chair is touching the teddy bear.,The chair is touching the teddy bear.,touching,topology_contact,chair,teddy bear,False,,,False,True,False,Qwen/Qwen2-VL-7B-Instruct,,7B_zero_shot,,,,7f29cebb9d06eca06ad0d6c690e4d5a083b71a9c42008f88e92474e3ff0eb98a,eb4075c77285da02c52794154760fa969fb21ab3dcceb0820cb7d2ba27d27471,http://images.cocodataset.org/train2017/000000364722.jpg,http://images.cocodataset.org/train2017/000000364722.jpg,,http://images.cocodataset.org/train2017/000000364722.jpg,normal,tier_a_v0.1,"{""axis"": ""evidence"", ""condition"": ""normal""}",,"{""do_sample"": false, ""max_new_tokens"": 5}",tier_a_pilot200,2f047945e4a22ea8774c8172826991930be36ad0,v0.1
vsr_test:0045,vsr_test:0045,test,normal,evidence,The person is alongside the oven.,The person is alongside the oven.,alongside,horizontal,person,oven,True,,,True,True,True.,Qwen/Qwen2-VL-7B-Instruct,,7B_zero_shot,,,,7f29cebb9d06eca06ad0d6c690e4d5a083b71a9c42008f88e92474e3ff0eb98a,eb4075c77285da02c52794154760fa969fb21ab3dcceb0820cb7d2ba27d27471,http://images.cocodataset.org/train2017/000000281111.jpg,http://images.cocodataset.org/train2017/000000281111.jpg,,http://images.cocodataset.org/train2017/000000281111.jpg,normal,tier_a_v0.1,"{""axis"": ""evidence"", ""condition"": ""normal""}",,"{""do_sample"": false, ""max_new_tokens"": 5}",tier_a_pilot200,2f047945e4a22ea8774c8172826991930be36ad0,v0.1
vsr_test:0046,vsr_test:0046,test,normal,evidence,The fire hydrant is near the car.,The fire hydrant is near the car.,near,proximity,fire hydrant,car,False,,,False,True,False,Qwen/Qwen2-VL-7B-Instruct,,7B_zero_shot,,,,7f29cebb9d06eca06ad0d6c690e4d5a083b71a9c42008f88e92474e3ff0eb98a,eb4075c77285da02c52794154760fa969fb21ab3dcceb0820cb7d2ba27d27471,http://images.cocodataset.org/train2017/000000035814.jpg,http://images.cocodataset.org/train2017/000000035814.jpg,,http://images.cocodataset.org/train2017/000000035814.jpg,normal,tier_a_v0.1,"{""axis"": ""evidence"", ""condition"": ""normal""}",,"{""do_sample"": false, ""max_new_tokens"": 5}",tier_a_pilot200,2f047945e4a22ea8774c8172826991930be36ad0,v0.1
vsr_test:0047,vsr_test:0047,test,normal,evidence,The car has as a part the bed.,The car has as a part the bed.,has as a part,compositional,,bed,True,,,True,True,True.,Qwen/Qwen2-VL-7B-Instruct,,7B_zero_shot,,,,7f29cebb9d06eca06ad0d6c690e4d5a083b71a9c42008f88e92474e3ff0eb98a,eb4075c77285da02c52794154760fa969fb21ab3dcceb0820cb7d2ba27d27471,http://images.cocodataset.org/train2017/000000477061.jpg,http://images.cocodataset.org/train2017/000000477061.jpg,,http://images.cocodataset.org/train2017/000000477061.jpg,normal,tier_a_v0.1,"{""axis"": ""evidence"", ""condition"": ""normal""}",,"{""do_sample"": false, ""max_new_tokens"": 5}",tier_a_pilot200,2f047945e4a22ea8774c8172826991930be36ad0,v0.1
vsr_test:0048,vsr_test:0048,test,normal,evidence,The apple is on the dining table.,The apple is on the dining table.,on,topology_contact,apple,dining table,False,,,False,True,False,Qwen/Qwen2-VL-7B-Instruct,,7B_zero_shot,,,,7f29cebb9d06eca06ad0d6c690e4d5a083b71a9c42008f88e92474e3ff0eb98a,eb4075c77285da02c52794154760fa969fb21ab3dcceb0820cb7d2ba27d27471,http://images.cocodataset.org/train2017/000000333796.jpg,http://images.cocodataset.org/train2017/000000333796.jpg,,http://images.cocodataset.org/train2017/000000333796.jpg,normal,tier_a_v0.1,"{""axis"": ""evidence"", ""condition"": ""normal""}",,"{""do_sample"": false, ""max_new_tokens"": 5}",tier_a_pilot200,2f047945e4a22ea8774c8172826991930be36ad0,v0.1
vsr_test:0049,vsr_test:0049,test,normal,evidence,The chair is behind the cat.,The chair is behind the cat.,behind,depth,chair,cat,True,,,True,True,True.,Qwen/Qwen2-VL-7B-Instruct,,7B_zero_shot,,,,7f29cebb9d06eca06ad0d6c690e4d5a083b71a9c42008f88e92474e3ff0eb98a,eb4075c77285da02c52794154760fa969fb21ab3dcceb0820cb7d2ba27d27471,http://images.cocodataset.org/train2017/000000421689.jpg,http://images.cocodataset.org/train2017/000000421689.jpg,,http://images.cocodataset.org/train2017/000000421689.jpg,normal,tier_a_v0.1,"{""axis"": ""evidence"", ""condition"": ""normal""}",,"{""do_sample"": false, ""max_new_tokens"": 5}",tier_a_pilot200,2f047945e4a22ea8774c8172826991930be36ad0,v0.1
vsr_test:0050,vsr_test:0050,test,normal,evidence,The cow contains the tv.,The cow contains the tv.,contains,containment,,tv,True,,,True,True,True.,Qwen/Qwen2-VL-7B-Instruct,,7B_zero_shot,,,,7f29cebb9d06eca06ad0d6c690e4d5a083b71a9c42008f88e92474e3ff0eb98a,eb4075c77285da02c52794154760fa969fb21ab3dcceb0820cb7d2ba27d27471,http://images.cocodataset.org/val2017/000000180383.jpg,http://images.cocodataset.org/val2017/000000180383.jpg,,http://images.cocodataset.org/val2017/000000180383.jpg,normal,tier_a_v0.1,"{""axis"": ""evidence"", ""condition"": ""normal""}",,"{""do_sample"": false, ""max_new_tokens"": 5}",tier_a_pilot200,2f047945e4a22ea8774c8172826991930be36ad0,v0.1
vsr_test:0051,vsr_test:0051,test,normal,evidence,The bowl is beneath the spoon.,The bowl is beneath the spoon.,beneath,vertical,bowl,spoon,False,,,False,True,False,Qwen/Qwen2-VL-7B-Instruct,,7B_zero_shot,,,,7f29cebb9d06eca06ad0d6c690e4d5a083b71a9c42008f88e92474e3ff0eb98a,eb4075c77285da02c52794154760fa969fb21ab3dcceb0820cb7d2ba27d27471,http://images.cocodataset.org/train2017/000000326594.jpg,http://images.cocodataset.org/train2017/000000326594.jpg,,http://images.cocodataset.org/train2017/000000326594.jpg,normal,tier_a_v0.1,"{""axis"": ""evidence"", ""condition"": ""normal""}",,"{""do_sample"": false, ""max_new_tokens"": 5}",tier_a_pilot200,2f047945e4a22ea8774c8172826991930be36ad0,v0.1
vsr_test:0052,vsr_test:0052,test,normal,evidence,The cat is in the toilet.,The cat is in the toilet.,in,containment,cat,toilet,False,,,True,False,True.,Qwen/Qwen2-VL-7B-Instruct,,7B_zero_shot,,,,7f29cebb9d06eca06ad0d6c690e4d5a083b71a9c42008f88e92474e3ff0eb98a,eb4075c77285da02c52794154760fa969fb21ab3dcceb0820cb7d2ba27d27471,http://images.cocodataset.org/train2017/000000225322.jpg,http://images.cocodataset.org/train2017/000000225322.jpg,,http://images.cocodataset.org/train2017/000000225322.jpg,normal,tier_a_v0.1,"{""axis"": ""evidence"", ""condition"": ""normal""}",,"{""do_sample"": false, ""max_new_tokens"": 5}",tier_a_pilot200,2f047945e4a22ea8774c8172826991930be36ad0,v0.1
vsr_test:0053,vsr_test:0053,test,normal,evidence,The zebra is at the back of the truck.,The zebra is at the back of the truck.,at the back of,depth,zebra,truck,True,,,False,False,False.,Qwen/Qwen2-VL-7B-Instruct,,7B_zero_shot,,,,7f29cebb9d06eca06ad0d6c690e4d5a083b71a9c42008f88e92474e3ff0eb98a,eb4075c77285da02c52794154760fa969fb21ab3dcceb0820cb7d2ba27d27471,http://images.cocodataset.org/train2017/000000319902.jpg,http://images.cocodataset.org/train2017/000000319902.jpg,,http://images.cocodataset.org/train2017/000000319902.jpg,normal,tier_a_v0.1,"{""axis"": ""evidence"", ""condition"": ""normal""}",,"{""do_sample"": false, ""max_new_tokens"": 5}",tier_a_pilot200,2f047945e4a22ea8774c8172826991930be36ad0,v0.1
vsr_test:0054,vsr_test:0054,test,normal,evidence,The bed is beside the person.,The bed is beside the person.,beside,horizontal,bed,person,True,,,False,False,False,Qwen/Qwen2-VL-7B-Instruct,,7B_zero_shot,,,,7f29cebb9d06eca06ad0d6c690e4d5a083b71a9c42008f88e92474e3ff0eb98a,eb4075c77285da02c52794154760fa969fb21ab3dcceb0820cb7d2ba27d27471,http://images.cocodataset.org/train2017/000000160890.jpg,http://images.cocodataset.org/train2017/000000160890.jpg,,http://images.cocodataset.org/train2017/000000160890.jpg,normal,tier_a_v0.1,"{""axis"": ""evidence"", ""condition"": ""normal""}",,"{""do_sample"": false, ""max_new_tokens"": 5}",tier_a_pilot200,2f047945e4a22ea8774c8172826991930be36ad0,v0.1
vsr_test:0055,vsr_test:0055,test,normal,evidence,The car is far away from the stop sign.,The car is far away from the stop sign.,far away from,proximity,car,stop sign,True,,,False,False,False,Qwen/Qwen2-VL-7B-Instruct,,7B_zero_shot,,,,7f29cebb9d06eca06ad0d6c690e4d5a083b71a9c42008f88e92474e3ff0eb98a,eb4075c77285da02c52794154760fa969fb21ab3dcceb0820cb7d2ba27d27471,http://images.cocodataset.org/val2017/000000283038.jpg,http://images.cocodataset.org/val2017/000000283038.jpg,,http://images.cocodataset.org/val2017/000000283038.jpg,normal,tier_a_v0.1,"{""axis"": ""evidence"", ""condition"": ""normal""}",,"{""do_sample"": false, ""max_new_tokens"": 5}",tier_a_pilot200,2f047945e4a22ea8774c8172826991930be36ad0,v0.1
vsr_test:0056,vsr_test:0056,test,normal,evidence,The laptop is at the left side of the banana.,The laptop is at the left side of the banana.,at the left side of,horizontal,laptop,banana,True,,,True,True,True.,Qwen/Qwen2-VL-7B-Instruct,,7B_zero_shot,,,,7f29cebb9d06eca06ad0d6c690e4d5a083b71a9c42008f88e92474e3ff0eb98a,eb4075c77285da02c52794154760fa969fb21ab3dcceb0820cb7d2ba27d27471,http://images.cocodataset.org/train2017/000000093469.jpg,http://images.cocodataset.org/train2017/000000093469.jpg,,http://images.cocodataset.org/train2017/000000093469.jpg,normal,tier_a_v0.1,"{""axis"": ""evidence"", ""condition"": ""normal""}",,"{""do_sample"": false, ""max_new_tokens"": 5}",tier_a_pilot200,2f047945e4a22ea8774c8172826991930be36ad0,v0.1
vsr_test:0057,vsr_test:0057,test,normal,evidence,The bus contains the dog.,The bus contains the dog.,contains,containment,,dog,False,,,False,True,False.,Qwen/Qwen2-VL-7B-Instruct,,7B_zero_shot,,,,7f29cebb9d06eca06ad0d6c690e4d5a083b71a9c42008f88e92474e3ff0eb98a,eb4075c77285da02c52794154760fa969fb21ab3dcceb0820cb7d2ba27d27471,http://images.cocodataset.org/train2017/000000569177.jpg,http://images.cocodataset.org/train2017/000000569177.jpg,,http://images.cocodataset.org/train2017/000000569177.jpg,normal,tier_a_v0.1,"{""axis"": ""evidence"", ""condition"": ""normal""}",,"{""do_sample"": false, ""max_new_tokens"": 5}",tier_a_pilot200,2f047945e4a22ea8774c8172826991930be36ad0,v0.1
vsr_test:0058,vsr_test:0058,test,normal,evidence,The horse is at the back of the truck.,The horse is at the back of the truck.,at the back of,depth,horse,truck,True,,,True,True,True.,Qwen/Qwen2-VL-7B-Instruct,,7B_zero_shot,,,,7f29cebb9d06eca06ad0d6c690e4d5a083b71a9c42008f88e92474e3ff0eb98a,eb4075c77285da02c52794154760fa969fb21ab3dcceb0820cb7d2ba27d27471,http://images.cocodataset.org/train2017/000000295460.jpg,http://images.cocodataset.org/train2017/000000295460.jpg,,http://images.cocodataset.org/train2017/000000295460.jpg,normal,tier_a_v0.1,"{""axis"": ""evidence"", ""condition"": ""normal""}",,"{""do_sample"": false, ""max_new_tokens"": 5}",tier_a_pilot200,2f047945e4a22ea8774c8172826991930be36ad0,v0.1
vsr_test:0059,vsr_test:0059,test,normal,evidence,The cat is at the left side of the laptop.,The cat is at the left side of the laptop.,at the left side of,horizontal,cat,laptop,False,,,True,False,True.,Qwen/Qwen2-VL-7B-Instruct,,7B_zero_shot,,,,7f29cebb9d06eca06ad0d6c690e4d5a083b71a9c42008f88e92474e3ff0eb98a,eb4075c77285da02c52794154760fa969fb21ab3dcceb0820cb7d2ba27d27471,http://images.cocodataset.org/train2017/000000232394.jpg,http://images.cocodataset.org/train2017/000000232394.jpg,,http://images.cocodataset.org/train2017/000000232394.jpg,normal,tier_a_v0.1,"{""axis"": ""evidence"", ""condition"": ""normal""}",,"{""do_sample"": false, ""max_new_tokens"": 5}",tier_a_pilot200,2f047945e4a22ea8774c8172826991930be36ad0,v0.1
vsr_test:0060,vsr_test:0060,test,normal,evidence,The suitcase is far from the cat.,The suitcase is far from the cat.,far from,proximity,suitcase,cat,False,,,False,True,False.,Qwen/Qwen2-VL-7B-Instruct,,7B_zero_shot,,,,7f29cebb9d06eca06ad0d6c690e4d5a083b71a9c42008f88e92474e3ff0eb98a,eb4075c77285da02c52794154760fa969fb21ab3dcceb0820cb7d2ba27d27471,http://images.cocodataset.org/train2017/000000067307.jpg,http://images.cocodataset.org/train2017/000000067307.jpg,,http://images.cocodataset.org/train2017/000000067307.jpg,normal,tier_a_v0.1,"{""axis"": ""evidence"", ""condition"": ""normal""}",,"{""do_sample"": false, ""max_new_tokens"": 5}",tier_a_pilot200,2f047945e4a22ea8774c8172826991930be36ad0,v0.1
vsr_test:0061,vsr_test:0061,test,normal,evidence,The cake is in front of the dog.,The cake is in front of the dog.,in front of,depth,cake,dog,False,,,False,True,False,Qwen/Qwen2-VL-7B-Instruct,,7B_zero_shot,,,,7f29cebb9d06eca06ad0d6c690e4d5a083b71a9c42008f88e92474e3ff0eb98a,eb4075c77285da02c52794154760fa969fb21ab3dcceb0820cb7d2ba27d27471,http://images.cocodataset.org/train2017/000000113326.jpg,http://images.cocodataset.org/train2017/000000113326.jpg,,http://images.cocodataset.org/train2017/000000113326.jpg,normal,tier_a_v0.1,"{""axis"": ""evidence"", ""condition"": ""normal""}",,"{""do_sample"": false, ""max_new_tokens"": 5}",tier_a_pilot200,2f047945e4a22ea8774c8172826991930be36ad0,v0.1
vsr_test:0062,vsr_test:0062,test,normal,evidence,The teddy bear is in the car.,The teddy bear is in the car.,in,containment,teddy bear,car,True,,,True,True,True.,Qwen/Qwen2-VL-7B-Instruct,,7B_zero_shot,,,,7f29cebb9d06eca06ad0d6c690e4d5a083b71a9c42008f88e92474e3ff0eb98a,eb4075c77285da02c52794154760fa969fb21ab3dcceb0820cb7d2ba27d27471,http://images.cocodataset.org/train2017/000000274657.jpg,http://images.cocodataset.org/train2017/000000274657.jpg,,http://images.cocodataset.org/train2017/000000274657.jpg,normal,tier_a_v0.1,"{""axis"": ""evidence"", ""condition"": ""normal""}",,"{""do_sample"": false, ""max_new_tokens"": 5}",tier_a_pilot200,2f047945e4a22ea8774c8172826991930be36ad0,v0.1
vsr_test:0063,vsr_test:0063,test,normal,evidence,The bench is touching the dining table.,The bench is touching the dining table.,touching,topology_contact,bench,dining table,False,,,False,True,False,Qwen/Qwen2-VL-7B-Instruct,,7B_zero_shot,,,,7f29cebb9d06eca06ad0d6c690e4d5a083b71a9c42008f88e92474e3ff0eb98a,eb4075c77285da02c52794154760fa969fb21ab3dcceb0820cb7d2ba27d27471,http://images.cocodataset.org/train2017/000000462023.jpg,http://images.cocodataset.org/train2017/000000462023.jpg,,http://images.cocodataset.org/train2017/000000462023.jpg,normal,tier_a_v0.1,"{""axis"": ""evidence"", ""condition"": ""normal""}",,"{""do_sample"": false, ""max_new_tokens"": 5}",tier_a_pilot200,2f047945e4a22ea8774c8172826991930be36ad0,v0.1
vsr_test:0064,vsr_test:0064,test,normal,evidence,The cat is at the left side of the teddy bear.,The cat is at the left side of the teddy bear.,at the left side of,horizontal,cat,teddy bear,False,,,False,True,False.,Qwen/Qwen2-VL-7B-Instruct,,7B_zero_shot,,,,7f29cebb9d06eca06ad0d6c690e4d5a083b71a9c42008f88e92474e3ff0eb98a,eb4075c77285da02c52794154760fa969fb21ab3dcceb0820cb7d2ba27d27471,http://images.cocodataset.org/train2017/000000555951.jpg,http://images.cocodataset.org/train2017/000000555951.jpg,,http://images.cocodataset.org/train2017/000000555951.jpg,normal,tier_a_v0.1,"{""axis"": ""evidence"", ""condition"": ""normal""}",,"{""do_sample"": false, ""max_new_tokens"": 5}",tier_a_pilot200,2f047945e4a22ea8774c8172826991930be36ad0,v0.1
vsr_test:0065,vsr_test:0065,test,normal,evidence,The car contains the dog.,The car contains the dog.,contains,containment,,dog,False,,,False,True,False,Qwen/Qwen2-VL-7B-Instruct,,7B_zero_shot,,,,7f29cebb9d06eca06ad0d6c690e4d5a083b71a9c42008f88e92474e3ff0eb98a,eb4075c77285da02c52794154760fa969fb21ab3dcceb0820cb7d2ba27d27471,http://images.cocodataset.org/train2017/000000374922.jpg,http://images.cocodataset.org/train2017/000000374922.jpg,,http://images.cocodataset.org/train2017/000000374922.jpg,normal,tier_a_v0.1,"{""axis"": ""evidence"", ""condition"": ""normal""}",,"{""do_sample"": false, ""max_new_tokens"": 5}",tier_a_pilot200,2f047945e4a22ea8774c8172826991930be36ad0,v0.1
vsr_test:0066,vsr_test:0066,test,normal,evidence,The person is touching the pizza.,The person is touching the pizza.,touching,topology_contact,person,pizza,False,,,False,True,False.,Qwen/Qwen2-VL-7B-Instruct,,7B_zero_shot,,,,7f29cebb9d06eca06ad0d6c690e4d5a083b71a9c42008f88e92474e3ff0eb98a,eb4075c77285da02c52794154760fa969fb21ab3dcceb0820cb7d2ba27d27471,http://images.cocodataset.org/train2017/000000144641.jpg,http://images.cocodataset.org/train2017/000000144641.jpg,,http://images.cocodataset.org/train2017/000000144641.jpg,normal,tier_a_v0.1,"{""axis"": ""evidence"", ""condition"": ""normal""}",,"{""do_sample"": false, ""max_new_tokens"": 5}",tier_a_pilot200,2f047945e4a22ea8774c8172826991930be36ad0,v0.1
vsr_test:0067,vsr_test:0067,test,normal,evidence,The dining table is below the truck.,The dining table is below the truck.,below,vertical,dining table,truck,False,,,False,True,False,Qwen/Qwen2-VL-7B-Instruct,,7B_zero_shot,,,,7f29cebb9d06eca06ad0d6c690e4d5a083b71a9c42008f88e92474e3ff0eb98a,eb4075c77285da02c52794154760fa969fb21ab3dcceb0820cb7d2ba27d27471,http://images.cocodataset.org/train2017/000000082894.jpg,http://images.cocodataset.org/train2017/000000082894.jpg,,http://images.cocodataset.org/train2017/000000082894.jpg,normal,tier_a_v0.1,"{""axis"": ""evidence"", ""condition"": ""normal""}",,"{""do_sample"": false, ""max_new_tokens"": 5}",tier_a_pilot200,2f047945e4a22ea8774c8172826991930be36ad0,v0.1
vsr_test:0068,vsr_test:0068,test,normal,evidence,The dining table is beneath the pizza.,The dining table is beneath the pizza.,beneath,vertical,dining table,pizza,True,,,True,True,True.,Qwen/Qwen2-VL-7B-Instruct,,7B_zero_shot,,,,7f29cebb9d06eca06ad0d6c690e4d5a083b71a9c42008f88e92474e3ff0eb98a,eb4075c77285da02c52794154760fa969fb21ab3dcceb0820cb7d2ba27d27471,http://images.cocodataset.org/train2017/000000334085.jpg,http://images.cocodataset.org/train2017/000000334085.jpg,,http://images.cocodataset.org/train2017/000000334085.jpg,normal,tier_a_v0.1,"{""axis"": ""evidence"", ""condition"": ""normal""}",,"{""do_sample"": false, ""max_new_tokens"": 5}",tier_a_pilot200,2f047945e4a22ea8774c8172826991930be36ad0,v0.1
vsr_test:0069,vsr_test:0069,test,normal,evidence,The book is behind the cat.,The book is behind the cat.,behind,depth,book,cat,False,,,False,True,False.,Qwen/Qwen2-VL-7B-Instruct,,7B_zero_shot,,,,7f29cebb9d06eca06ad0d6c690e4d5a083b71a9c42008f88e92474e3ff0eb98a,eb4075c77285da02c52794154760fa969fb21ab3dcceb0820cb7d2ba27d27471,http://images.cocodataset.org/train2017/000000014766.jpg,http://images.cocodataset.org/train2017/000000014766.jpg,,http://images.cocodataset.org/train2017/000000014766.jpg,normal,tier_a_v0.1,"{""axis"": ""evidence"", ""condition"": ""normal""}",,"{""do_sample"": false, ""max_new_tokens"": 5}",tier_a_pilot200,2f047945e4a22ea8774c8172826991930be36ad0,v0.1
vsr_test:0070,vsr_test:0070,test,normal,evidence,The person is touching the hot dog.,The person is touching the hot dog.,touching,topology_contact,person,hot dog,True,,,True,True,True.,Qwen/Qwen2-VL-7B-Instruct,,7B_zero_shot,,,,7f29cebb9d06eca06ad0d6c690e4d5a083b71a9c42008f88e92474e3ff0eb98a,eb4075c77285da02c52794154760fa969fb21ab3dcceb0820cb7d2ba27d27471,http://images.cocodataset.org/train2017/000000325473.jpg,http://images.cocodataset.org/train2017/000000325473.jpg,,http://images.cocodataset.org/train2017/000000325473.jpg,normal,tier_a_v0.1,"{""axis"": ""evidence"", ""condition"": ""normal""}",,"{""do_sample"": false, ""max_new_tokens"": 5}",tier_a_pilot200,2f047945e4a22ea8774c8172826991930be36ad0,v0.1
vsr_test:0071,vsr_test:0071,test,normal,evidence,The broccoli is beside the bowl.,The broccoli is beside the bowl.,beside,horizontal,broccoli,bowl,False,,,False,True,False.,Qwen/Qwen2-VL-7B-Instruct,,7B_zero_shot,,,,7f29cebb9d06eca06ad0d6c690e4d5a083b71a9c42008f88e92474e3ff0eb98a,eb4075c77285da02c52794154760fa969fb21ab3dcceb0820cb7d2ba27d27471,http://images.cocodataset.org/train2017/000000355881.jpg,http://images.cocodataset.org/train2017/000000355881.jpg,,http://images.cocodataset.org/train2017/000000355881.jpg,normal,tier_a_v0.1,"{""axis"": ""evidence"", ""condition"": ""normal""}",,"{""do_sample"": false, ""max_new_tokens"": 5}",tier_a_pilot200,2f047945e4a22ea8774c8172826991930be36ad0,v0.1
vsr_test:0072,vsr_test:0072,test,normal,evidence,The dog is touching the cat.,The dog is touching the cat.,touching,topology_contact,dog,cat,True,,,True,True,True.,Qwen/Qwen2-VL-7B-Instruct,,7B_zero_shot,,,,7f29cebb9d06eca06ad0d6c690e4d5a083b71a9c42008f88e92474e3ff0eb98a,eb4075c77285da02c52794154760fa969fb21ab3dcceb0820cb7d2ba27d27471,http://images.cocodataset.org/train2017/000000456376.jpg,http://images.cocodataset.org/train2017/000000456376.jpg,,http://images.cocodataset.org/train2017/000000456376.jpg,normal,tier_a_v0.1,"{""axis"": ""evidence"", ""condition"": ""normal""}",,"{""do_sample"": false, ""max_new_tokens"": 5}",tier_a_pilot200,2f047945e4a22ea8774c8172826991930be36ad0,v0.1
vsr_test:0073,vsr_test:0073,test,normal,evidence,The suitcase is on top of the person.,The suitcase is on top of the person.,on top of,vertical,suitcase,person,False,,,False,True,False,Qwen/Qwen2-VL-7B-Instruct,,7B_zero_shot,,,,7f29cebb9d06eca06ad0d6c690e4d5a083b71a9c42008f88e92474e3ff0eb98a,eb4075c77285da02c52794154760fa969fb21ab3dcceb0820cb7d2ba27d27471,http://images.cocodataset.org/train2017/000000435986.jpg,http://images.cocodataset.org/train2017/000000435986.jpg,,http://images.cocodataset.org/train2017/000000435986.jpg,normal,tier_a_v0.1,"{""axis"": ""evidence"", ""condition"": ""normal""}",,"{""do_sample"": false, ""max_new_tokens"": 5}",tier_a_pilot200,2f047945e4a22ea8774c8172826991930be36ad0,v0.1
vsr_test:0074,vsr_test:0074,test,normal,evidence,The handbag is attached to the person.,The handbag is attached to the person.,attached to,topology_contact,handbag,person,False,,,True,False,True.,Qwen/Qwen2-VL-7B-Instruct,,7B_zero_shot,,,,7f29cebb9d06eca06ad0d6c690e4d5a083b71a9c42008f88e92474e3ff0eb98a,eb4075c77285da02c52794154760fa969fb21ab3dcceb0820cb7d2ba27d27471,http://images.cocodataset.org/train2017/000000398305.jpg,http://images.cocodataset.org/train2017/000000398305.jpg,,http://images.cocodataset.org/train2017/000000398305.jpg,normal,tier_a_v0.1,"{""axis"": ""evidence"", ""condition"": ""normal""}",,"{""do_sample"": false, ""max_new_tokens"": 5}",tier_a_pilot200,2f047945e4a22ea8774c8172826991930be36ad0,v0.1
vsr_test:0075,vsr_test:0075,test,normal,evidence,The person is at the left side of the truck.,The person is at the left side of the truck.,at the left side of,horizontal,person,truck,True,,,True,True,True.,Qwen/Qwen2-VL-7B-Instruct,,7B_zero_shot,,,,7f29cebb9d06eca06ad0d6c690e4d5a083b71a9c42008f88e92474e3ff0eb98a,eb4075c77285da02c52794154760fa969fb21ab3dcceb0820cb7d2ba27d27471,http://images.cocodataset.org/train2017/000000570956.jpg,http://images.cocodataset.org/train2017/000000570956.jpg,,http://images.cocodataset.org/train2017/000000570956.jpg,normal,tier_a_v0.1,"{""axis"": ""evidence"", ""condition"": ""normal""}",,"{""do_sample"": false, ""max_new_tokens"": 5}",tier_a_pilot200,2f047945e4a22ea8774c8172826991930be36ad0,v0.1
vsr_test:0076,vsr_test:0076,test,normal,evidence,The microwave is under the cat.,The microwave is under the cat.,under,vertical,microwave,cat,False,,,False,True,False.,Qwen/Qwen2-VL-7B-Instruct,,7B_zero_shot,,,,7f29cebb9d06eca06ad0d6c690e4d5a083b71a9c42008f88e92474e3ff0eb98a,eb4075c77285da02c52794154760fa969fb21ab3dcceb0820cb7d2ba27d27471,http://images.cocodataset.org/train2017/000000019131.jpg,http://images.cocodataset.org/train2017/000000019131.jpg,,http://images.cocodataset.org/train2017/000000019131.jpg,normal,tier_a_v0.1,"{""axis"": ""evidence"", ""condition"": ""normal""}",,"{""do_sample"": false, ""max_new_tokens"": 5}",tier_a_pilot200,2f047945e4a22ea8774c8172826991930be36ad0,v0.1
vsr_test:0077,vsr_test:0077,test,normal,evidence,The handbag is beside the sink.,The handbag is beside the sink.,beside,horizontal,handbag,sink,True,,,True,True,True.,Qwen/Qwen2-VL-7B-Instruct,,7B_zero_shot,,,,7f29cebb9d06eca06ad0d6c690e4d5a083b71a9c42008f88e92474e3ff0eb98a,eb4075c77285da02c52794154760fa969fb21ab3dcceb0820cb7d2ba27d27471,http://images.cocodataset.org/train2017/000000022656.jpg,http://images.cocodataset.org/train2017/000000022656.jpg,,http://images.cocodataset.org/train2017/000000022656.jpg,normal,tier_a_v0.1,"{""axis"": ""evidence"", ""condition"": ""normal""}",,"{""do_sample"": false, ""max_new_tokens"": 5}",tier_a_pilot200,2f047945e4a22ea8774c8172826991930be36ad0,v0.1
vsr_test:0078,vsr_test:0078,test,normal,evidence,The bench is far from the teddy bear.,The bench is far from the teddy bear.,far from,proximity,bench,teddy bear,True,,,True,True,True.,Qwen/Qwen2-VL-7B-Instruct,,7B_zero_shot,,,,7f29cebb9d06eca06ad0d6c690e4d5a083b71a9c42008f88e92474e3ff0eb98a,eb4075c77285da02c52794154760fa969fb21ab3dcceb0820cb7d2ba27d27471,http://images.cocodataset.org/train2017/000000306749.jpg,http://images.cocodataset.org/train2017/000000306749.jpg,,http://images.cocodataset.org/train2017/000000306749.jpg,normal,tier_a_v0.1,"{""axis"": ""evidence"", ""condition"": ""normal""}",,"{""do_sample"": false, ""max_new_tokens"": 5}",tier_a_pilot200,2f047945e4a22ea8774c8172826991930be36ad0,v0.1
vsr_test:0079,vsr_test:0079,test,normal,evidence,The pizza is in the dog.,The pizza is in the dog.,in,containment,pizza,dog,True,,,True,True,True.,Qwen/Qwen2-VL-7B-Instruct,,7B_zero_shot,,,,7f29cebb9d06eca06ad0d6c690e4d5a083b71a9c42008f88e92474e3ff0eb98a,eb4075c77285da02c52794154760fa969fb21ab3dcceb0820cb7d2ba27d27471,http://images.cocodataset.org/train2017/000000091057.jpg,http://images.cocodataset.org/train2017/000000091057.jpg,,http://images.cocodataset.org/train2017/000000091057.jpg,normal,tier_a_v0.1,"{""axis"": ""evidence"", ""condition"": ""normal""}",,"{""do_sample"": false, ""max_new_tokens"": 5}",tier_a_pilot200,2f047945e4a22ea8774c8172826991930be36ad0,v0.1
vsr_test:0080,vsr_test:0080,test,normal,evidence,The person is in front of the refrigerator.,The person is in front of the refrigerator.,in front of,depth,person,refrigerator,True,,,True,True,True.,Qwen/Qwen2-VL-7B-Instruct,,7B_zero_shot,,,,7f29cebb9d06eca06ad0d6c690e4d5a083b71a9c42008f88e92474e3ff0eb98a,eb4075c77285da02c52794154760fa969fb21ab3dcceb0820cb7d2ba27d27471,http://images.cocodataset.org/train2017/000000261305.jpg,http://images.cocodataset.org/train2017/000000261305.jpg,,http://images.cocodataset.org/train2017/000000261305.jpg,normal,tier_a_v0.1,"{""axis"": ""evidence"", ""condition"": ""normal""}",,"{""do_sample"": false, ""max_new_tokens"": 5}",tier_a_pilot200,2f047945e4a22ea8774c8172826991930be36ad0,v0.1
vsr_test:0081,vsr_test:0081,test,normal,evidence,The cat is facing away from the tv.,The cat is facing away from the tv.,facing away from,orientation,cat,tv,False,,,False,True,False,Qwen/Qwen2-VL-7B-Instruct,,7B_zero_shot,,,,7f29cebb9d06eca06ad0d6c690e4d5a083b71a9c42008f88e92474e3ff0eb98a,eb4075c77285da02c52794154760fa969fb21ab3dcceb0820cb7d2ba27d27471,http://images.cocodataset.org/train2017/000000469661.jpg,http://images.cocodataset.org/train2017/000000469661.jpg,,http://images.cocodataset.org/train2017/000000469661.jpg,normal,tier_a_v0.1,"{""axis"": ""evidence"", ""condition"": ""normal""}",,"{""do_sample"": false, ""max_new_tokens"": 5}",tier_a_pilot200,2f047945e4a22ea8774c8172826991930be36ad0,v0.1
vsr_test:0082,vsr_test:0082,test,normal,evidence,The bed is beneath the suitcase.,The bed is beneath the suitcase.,beneath,vertical,bed,suitcase,True,,,False,False,False.,Qwen/Qwen2-VL-7B-Instruct,,7B_zero_shot,,,,7f29cebb9d06eca06ad0d6c690e4d5a083b71a9c42008f88e92474e3ff0eb98a,eb4075c77285da02c52794154760fa969fb21ab3dcceb0820cb7d2ba27d27471,http://images.cocodataset.org/train2017/000000103582.jpg,http://images.cocodataset.org/train2017/000000103582.jpg,,http://images.cocodataset.org/train2017/000000103582.jpg,normal,tier_a_v0.1,"{""axis"": ""evidence"", ""condition"": ""normal""}",,"{""do_sample"": false, ""max_new_tokens"": 5}",tier_a_pilot200,2f047945e4a22ea8774c8172826991930be36ad0,v0.1
vsr_test:0083,vsr_test:0083,test,normal,evidence,The person is inside the boat.,The person is inside the boat.,inside,containment,person,boat,True,,,True,True,True.,Qwen/Qwen2-VL-7B-Instruct,,7B_zero_shot,,,,7f29cebb9d06eca06ad0d6c690e4d5a083b71a9c42008f88e92474e3ff0eb98a,eb4075c77285da02c52794154760fa969fb21ab3dcceb0820cb7d2ba27d27471,http://images.cocodataset.org/train2017/000000450711.jpg,http://images.cocodataset.org/train2017/000000450711.jpg,,http://images.cocodataset.org/train2017/000000450711.jpg,normal,tier_a_v0.1,"{""axis"": ""evidence"", ""condition"": ""normal""}",,"{""do_sample"": false, ""max_new_tokens"": 5}",tier_a_pilot200,2f047945e4a22ea8774c8172826991930be36ad0,v0.1
vsr_test:0084,vsr_test:0084,test,normal,evidence,The clock is at the left side of the bird.,The clock is at the left side of the bird.,at the left side of,horizontal,clock,bird,False,,,False,True,False.,Qwen/Qwen2-VL-7B-Instruct,,7B_zero_shot,,,,7f29cebb9d06eca06ad0d6c690e4d5a083b71a9c42008f88e92474e3ff0eb98a,eb4075c77285da02c52794154760fa969fb21ab3dcceb0820cb7d2ba27d27471,http://images.cocodataset.org/train2017/000000171067.jpg,http://images.cocodataset.org/train2017/000000171067.jpg,,http://images.cocodataset.org/train2017/000000171067.jpg,normal,tier_a_v0.1,"{""axis"": ""evidence"", ""condition"": ""normal""}",,"{""do_sample"": false, ""max_new_tokens"": 5}",tier_a_pilot200,2f047945e4a22ea8774c8172826991930be36ad0,v0.1
vsr_test:0085,vsr_test:0085,test,normal,evidence,The pizza is at the left side of the dog.,The pizza is at the left side of the dog.,at the left side of,horizontal,pizza,dog,True,,,True,True,True.,Qwen/Qwen2-VL-7B-Instruct,,7B_zero_shot,,,,7f29cebb9d06eca06ad0d6c690e4d5a083b71a9c42008f88e92474e3ff0eb98a,eb4075c77285da02c52794154760fa969fb21ab3dcceb0820cb7d2ba27d27471,http://images.cocodataset.org/train2017/000000508555.jpg,http://images.cocodataset.org/train2017/000000508555.jpg,,http://images.cocodataset.org/train2017/000000508555.jpg,normal,tier_a_v0.1,"{""axis"": ""evidence"", ""condition"": ""normal""}",,"{""do_sample"": false, ""max_new_tokens"": 5}",tier_a_pilot200,2f047945e4a22ea8774c8172826991930be36ad0,v0.1
vsr_test:0086,vsr_test:0086,test,normal,evidence,The person is above the cell phone.,The person is above the cell phone.,above,vertical,person,cell phone,False,,,False,True,False,Qwen/Qwen2-VL-7B-Instruct,,7B_zero_shot,,,,7f29cebb9d06eca06ad0d6c690e4d5a083b71a9c42008f88e92474e3ff0eb98a,eb4075c77285da02c52794154760fa969fb21ab3dcceb0820cb7d2ba27d27471,http://images.cocodataset.org/train2017/000000574776.jpg,http://images.cocodataset.org/train2017/000000574776.jpg,,http://images.cocodataset.org/train2017/000000574776.jpg,normal,tier_a_v0.1,"{""axis"": ""evidence"", ""condition"": ""normal""}",,"{""do_sample"": false, ""max_new_tokens"": 5}",tier_a_pilot200,2f047945e4a22ea8774c8172826991930be36ad0,v0.1
vsr_test:0087,vsr_test:0087,test,normal,evidence,The bus is far away from the train.,The bus is far away from the train.,far away from,proximity,bus,train,False,,,False,True,False,Qwen/Qwen2-VL-7B-Instruct,,7B_zero_shot,,,,7f29cebb9d06eca06ad0d6c690e4d5a083b71a9c42008f88e92474e3ff0eb98a,eb4075c77285da02c52794154760fa969fb21ab3dcceb0820cb7d2ba27d27471,http://images.cocodataset.org/train2017/000000434867.jpg,http://images.cocodataset.org/train2017/000000434867.jpg,,http://images.cocodataset.org/train2017/000000434867.jpg,normal,tier_a_v0.1,"{""axis"": ""evidence"", ""condition"": ""normal""}",,"{""do_sample"": false, ""max_new_tokens"": 5}",tier_a_pilot200,2f047945e4a22ea8774c8172826991930be36ad0,v0.1
vsr_test:0088,vsr_test:0088,test,normal,evidence,The laptop is inside the train.,The laptop is inside the train.,inside,containment,laptop,train,True,,,True,True,True.,Qwen/Qwen2-VL-7B-Instruct,,7B_zero_shot,,,,7f29cebb9d06eca06ad0d6c690e4d5a083b71a9c42008f88e92474e3ff0eb98a,eb4075c77285da02c52794154760fa969fb21ab3dcceb0820cb7d2ba27d27471,http://images.cocodataset.org/train2017/000000224670.jpg,http://images.cocodataset.org/train2017/000000224670.jpg,,http://images.cocodataset.org/train2017/000000224670.jpg,normal,tier_a_v0.1,"{""axis"": ""evidence"", ""condition"": ""normal""}",,"{""do_sample"": false, ""max_new_tokens"": 5}",tier_a_pilot200,2f047945e4a22ea8774c8172826991930be36ad0,v0.1
vsr_test:0089,vsr_test:0089,test,normal,evidence,The cat is at the edge of the umbrella.,The cat is at the edge of the umbrella.,at the edge of,topology_contact,cat,umbrella,True,,,False,False,False.,Qwen/Qwen2-VL-7B-Instruct,,7B_zero_shot,,,,7f29cebb9d06eca06ad0d6c690e4d5a083b71a9c42008f88e92474e3ff0eb98a,eb4075c77285da02c52794154760fa969fb21ab3dcceb0820cb7d2ba27d27471,http://images.cocodataset.org/train2017/000000158798.jpg,http://images.cocodataset.org/train2017/000000158798.jpg,,http://images.cocodataset.org/train2017/000000158798.jpg,normal,tier_a_v0.1,"{""axis"": ""evidence"", ""condition"": ""normal""}",,"{""do_sample"": false, ""max_new_tokens"": 5}",tier_a_pilot200,2f047945e4a22ea8774c8172826991930be36ad0,v0.1
vsr_test:0090,vsr_test:0090,test,normal,evidence,The person is touching the dining table.,The person is touching the dining table.,touching,topology_contact,person,dining table,False,,,False,True,False,Qwen/Qwen2-VL-7B-Instruct,,7B_zero_shot,,,,7f29cebb9d06eca06ad0d6c690e4d5a083b71a9c42008f88e92474e3ff0eb98a,eb4075c77285da02c52794154760fa969fb21ab3dcceb0820cb7d2ba27d27471,http://images.cocodataset.org/train2017/000000243970.jpg,http://images.cocodataset.org/train2017/000000243970.jpg,,http://images.cocodataset.org/train2017/000000243970.jpg,normal,tier_a_v0.1,"{""axis"": ""evidence"", ""condition"": ""normal""}",,"{""do_sample"": false, ""max_new_tokens"": 5}",tier_a_pilot200,2f047945e4a22ea8774c8172826991930be36ad0,v0.1
vsr_test:0091,vsr_test:0091,test,normal,evidence,The toilet is below the cat.,The toilet is below the cat.,below,vertical,toilet,cat,True,,,False,False,False.,Qwen/Qwen2-VL-7B-Instruct,,7B_zero_shot,,,,7f29cebb9d06eca06ad0d6c690e4d5a083b71a9c42008f88e92474e3ff0eb98a,eb4075c77285da02c52794154760fa969fb21ab3dcceb0820cb7d2ba27d27471,http://images.cocodataset.org/train2017/000000258523.jpg,http://images.cocodataset.org/train2017/000000258523.jpg,,http://images.cocodataset.org/train2017/000000258523.jpg,normal,tier_a_v0.1,"{""axis"": ""evidence"", ""condition"": ""normal""}",,"{""do_sample"": false, ""max_new_tokens"": 5}",tier_a_pilot200,2f047945e4a22ea8774c8172826991930be36ad0,v0.1
vsr_test:0092,vsr_test:0092,test,normal,evidence,The dog is in the car.,The dog is in the car.,in,containment,dog,car,True,,,True,True,True.,Qwen/Qwen2-VL-7B-Instruct,,7B_zero_shot,,,,7f29cebb9d06eca06ad0d6c690e4d5a083b71a9c42008f88e92474e3ff0eb98a,eb4075c77285da02c52794154760fa969fb21ab3dcceb0820cb7d2ba27d27471,http://images.cocodataset.org/val2017/000000151962.jpg,http://images.cocodataset.org/val2017/000000151962.jpg,,http://images.cocodataset.org/val2017/000000151962.jpg,normal,tier_a_v0.1,"{""axis"": ""evidence"", ""condition"": ""normal""}",,"{""do_sample"": false, ""max_new_tokens"": 5}",tier_a_pilot200,2f047945e4a22ea8774c8172826991930be36ad0,v0.1
vsr_test:0093,vsr_test:0093,test,normal,evidence,The bed is under the umbrella.,The bed is under the umbrella.,under,vertical,bed,umbrella,True,,,False,False,False.,Qwen/Qwen2-VL-7B-Instruct,,7B_zero_shot,,,,7f29cebb9d06eca06ad0d6c690e4d5a083b71a9c42008f88e92474e3ff0eb98a,eb4075c77285da02c52794154760fa969fb21ab3dcceb0820cb7d2ba27d27471,http://images.cocodataset.org/train2017/000000263968.jpg,http://images.cocodataset.org/train2017/000000263968.jpg,,http://images.cocodataset.org/train2017/000000263968.jpg,normal,tier_a_v0.1,"{""axis"": ""evidence"", ""condition"": ""normal""}",,"{""do_sample"": false, ""max_new_tokens"": 5}",tier_a_pilot200,2f047945e4a22ea8774c8172826991930be36ad0,v0.1
vsr_test:0094,vsr_test:0094,test,normal,evidence,The laptop is above the cat.,The laptop is above the cat.,above,vertical,laptop,cat,False,,,False,True,False.,Qwen/Qwen2-VL-7B-Instruct,,7B_zero_shot,,,,7f29cebb9d06eca06ad0d6c690e4d5a083b71a9c42008f88e92474e3ff0eb98a,eb4075c77285da02c52794154760fa969fb21ab3dcceb0820cb7d2ba27d27471,http://images.cocodataset.org/train2017/000000047848.jpg,http://images.cocodataset.org/train2017/000000047848.jpg,,http://images.cocodataset.org/train2017/000000047848.jpg,normal,tier_a_v0.1,"{""axis"": ""evidence"", ""condition"": ""normal""}",,"{""do_sample"": false, ""max_new_tokens"": 5}",tier_a_pilot200,2f047945e4a22ea8774c8172826991930be36ad0,v0.1
vsr_test:0095,vsr_test:0095,test,normal,evidence,The teddy bear is at the right side of the dog.,The teddy bear is at the right side of the dog.,at the right side of,horizontal,teddy bear,dog,False,,,False,True,False.,Qwen/Qwen2-VL-7B-Instruct,,7B_zero_shot,,,,7f29cebb9d06eca06ad0d6c690e4d5a083b71a9c42008f88e92474e3ff0eb98a,eb4075c77285da02c52794154760fa969fb21ab3dcceb0820cb7d2ba27d27471,http://images.cocodataset.org/train2017/000000157616.jpg,http://images.cocodataset.org/train2017/000000157616.jpg,,http://images.cocodataset.org/train2017/000000157616.jpg,normal,tier_a_v0.1,"{""axis"": ""evidence"", ""condition"": ""normal""}",,"{""do_sample"": false, ""max_new_tokens"": 5}",tier_a_pilot200,2f047945e4a22ea8774c8172826991930be36ad0,v0.1
vsr_test:0096,vsr_test:0096,test,normal,evidence,The backpack is away from the bed.,The backpack is away from the bed.,away from,proximity,backpack,bed,False,,,False,True,False,Qwen/Qwen2-VL-7B-Instruct,,7B_zero_shot,,,,7f29cebb9d06eca06ad0d6c690e4d5a083b71a9c42008f88e92474e3ff0eb98a,eb4075c77285da02c52794154760fa969fb21ab3dcceb0820cb7d2ba27d27471,http://images.cocodataset.org/train2017/000000296696.jpg,http://images.cocodataset.org/train2017/000000296696.jpg,,http://images.cocodataset.org/train2017/000000296696.jpg,normal,tier_a_v0.1,"{""axis"": ""evidence"", ""condition"": ""normal""}",,"{""do_sample"": false, ""max_new_tokens"": 5}",tier_a_pilot200,2f047945e4a22ea8774c8172826991930be36ad0,v0.1
vsr_test:0097,vsr_test:0097,test,normal,evidence,The surfboard is on the truck.,The surfboard is on the truck.,on,topology_contact,surfboard,truck,True,,,True,True,True,Qwen/Qwen2-VL-7B-Instruct,,7B_zero_shot,,,,7f29cebb9d06eca06ad0d6c690e4d5a083b71a9c42008f88e92474e3ff0eb98a,eb4075c77285da02c52794154760fa969fb21ab3dcceb0820cb7d2ba27d27471,http://images.cocodataset.org/train2017/000000313957.jpg,http://images.cocodataset.org/train2017/000000313957.jpg,,http://images.cocodataset.org/train2017/000000313957.jpg,normal,tier_a_v0.1,"{""axis"": ""evidence"", ""condition"": ""normal""}",,"{""do_sample"": false, ""max_new_tokens"": 5}",tier_a_pilot200,2f047945e4a22ea8774c8172826991930be36ad0,v0.1
vsr_test:0098,vsr_test:0098,test,normal,evidence,The pizza is at the edge of the dining table.,The pizza is at the edge of the dining table.,at the edge of,topology_contact,pizza,dining table,False,,,False,True,False.,Qwen/Qwen2-VL-7B-Instruct,,7B_zero_shot,,,,7f29cebb9d06eca06ad0d6c690e4d5a083b71a9c42008f88e92474e3ff0eb98a,eb4075c77285da02c52794154760fa969fb21ab3dcceb0820cb7d2ba27d27471,http://images.cocodataset.org/train2017/000000021563.jpg,http://images.cocodataset.org/train2017/000000021563.jpg,,http://images.cocodataset.org/train2017/000000021563.jpg,normal,tier_a_v0.1,"{""axis"": ""evidence"", ""condition"": ""normal""}",,"{""do_sample"": false, ""max_new_tokens"": 5}",tier_a_pilot200,2f047945e4a22ea8774c8172826991930be36ad0,v0.1
vsr_test:0099,vsr_test:0099,test,normal,evidence,The suitcase is beside the cat.,The suitcase is beside the cat.,beside,horizontal,suitcase,cat,True,,,False,False,False,Qwen/Qwen2-VL-7B-Instruct,,7B_zero_shot,,,,7f29cebb9d06eca06ad0d6c690e4d5a083b71a9c42008f88e92474e3ff0eb98a,eb4075c77285da02c52794154760fa969fb21ab3dcceb0820cb7d2ba27d27471,http://images.cocodataset.org/train2017/000000468951.jpg,http://images.cocodataset.org/train2017/000000468951.jpg,,http://images.cocodataset.org/train2017/000000468951.jpg,normal,tier_a_v0.1,"{""axis"": ""evidence"", ""condition"": ""normal""}",,"{""do_sample"": false, ""max_new_tokens"": 5}",tier_a_pilot200,2f047945e4a22ea8774c8172826991930be36ad0,v0.1
vsr_test:0100,vsr_test:0100,test,normal,evidence,The book is beside the cat.,The book is beside the cat.,beside,horizontal,book,cat,True,,,True,True,True.,Qwen/Qwen2-VL-7B-Instruct,,7B_zero_shot,,,,7f29cebb9d06eca06ad0d6c690e4d5a083b71a9c42008f88e92474e3ff0eb98a,eb4075c77285da02c52794154760fa969fb21ab3dcceb0820cb7d2ba27d27471,http://images.cocodataset.org/train2017/000000403231.jpg,http://images.cocodataset.org/train2017/000000403231.jpg,,http://images.cocodataset.org/train2017/000000403231.jpg,normal,tier_a_v0.1,"{""axis"": ""evidence"", ""condition"": ""normal""}",,"{""do_sample"": false, ""max_new_tokens"": 5}",tier_a_pilot200,2f047945e4a22ea8774c8172826991930be36ad0,v0.1
vsr_test:0101,vsr_test:0101,test,normal,evidence,The cat is in the sink.,The cat is in the sink.,in,containment,cat,sink,False,,,False,True,False.,Qwen/Qwen2-VL-7B-Instruct,,7B_zero_shot,,,,7f29cebb9d06eca06ad0d6c690e4d5a083b71a9c42008f88e92474e3ff0eb98a,eb4075c77285da02c52794154760fa969fb21ab3dcceb0820cb7d2ba27d27471,http://images.cocodataset.org/train2017/000000018819.jpg,http://images.cocodataset.org/train2017/000000018819.jpg,,http://images.cocodataset.org/train2017/000000018819.jpg,normal,tier_a_v0.1,"{""axis"": ""evidence"", ""condition"": ""normal""}",,"{""do_sample"": false, ""max_new_tokens"": 5}",tier_a_pilot200,2f047945e4a22ea8774c8172826991930be36ad0,v0.1
vsr_test:0102,vsr_test:0102,test,normal,evidence,The refrigerator contains the dog.,The refrigerator contains the dog.,contains,containment,,dog,True,,,False,False,False.,Qwen/Qwen2-VL-7B-Instruct,,7B_zero_shot,,,,7f29cebb9d06eca06ad0d6c690e4d5a083b71a9c42008f88e92474e3ff0eb98a,eb4075c77285da02c52794154760fa969fb21ab3dcceb0820cb7d2ba27d27471,http://images.cocodataset.org/train2017/000000350851.jpg,http://images.cocodataset.org/train2017/000000350851.jpg,,http://images.cocodataset.org/train2017/000000350851.jpg,normal,tier_a_v0.1,"{""axis"": ""evidence"", ""condition"": ""normal""}",,"{""do_sample"": false, ""max_new_tokens"": 5}",tier_a_pilot200,2f047945e4a22ea8774c8172826991930be36ad0,v0.1
vsr_test:0103,vsr_test:0103,test,normal,evidence,The couch is near the dog.,The couch is near the dog.,near,proximity,couch,dog,True,,,True,True,True.,Qwen/Qwen2-VL-7B-Instruct,,7B_zero_shot,,,,7f29cebb9d06eca06ad0d6c690e4d5a083b71a9c42008f88e92474e3ff0eb98a,eb4075c77285da02c52794154760fa969fb21ab3dcceb0820cb7d2ba27d27471,http://images.cocodataset.org/train2017/000000286480.jpg,http://images.cocodataset.org/train2017/000000286480.jpg,,http://images.cocodataset.org/train2017/000000286480.jpg,normal,tier_a_v0.1,"{""axis"": ""evidence"", ""condition"": ""normal""}",,"{""do_sample"": false, ""max_new_tokens"": 5}",tier_a_pilot200,2f047945e4a22ea8774c8172826991930be36ad0,v0.1
vsr_test:0104,vsr_test:0104,test,normal,evidence,The pizza is below the cell phone.,The pizza is below the cell phone.,below,vertical,pizza,cell phone,False,,,False,True,False.,Qwen/Qwen2-VL-7B-Instruct,,7B_zero_shot,,,,7f29cebb9d06eca06ad0d6c690e4d5a083b71a9c42008f88e92474e3ff0eb98a,eb4075c77285da02c52794154760fa969fb21ab3dcceb0820cb7d2ba27d27471,http://images.cocodataset.org/train2017/000000435920.jpg,http://images.cocodataset.org/train2017/000000435920.jpg,,http://images.cocodataset.org/train2017/000000435920.jpg,normal,tier_a_v0.1,"{""axis"": ""evidence"", ""condition"": ""normal""}",,"{""do_sample"": false, ""max_new_tokens"": 5}",tier_a_pilot200,2f047945e4a22ea8774c8172826991930be36ad0,v0.1
vsr_test:0105,vsr_test:0105,test,normal,evidence,The person is above the giraffe.,The person is above the giraffe.,above,vertical,person,giraffe,True,,,False,False,False,Qwen/Qwen2-VL-7B-Instruct,,7B_zero_shot,,,,7f29cebb9d06eca06ad0d6c690e4d5a083b71a9c42008f88e92474e3ff0eb98a,eb4075c77285da02c52794154760fa969fb21ab3dcceb0820cb7d2ba27d27471,http://images.cocodataset.org/train2017/000000578671.jpg,http://images.cocodataset.org/train2017/000000578671.jpg,,http://images.cocodataset.org/train2017/000000578671.jpg,normal,tier_a_v0.1,"{""axis"": ""evidence"", ""condition"": ""normal""}",,"{""do_sample"": false, ""max_new_tokens"": 5}",tier_a_pilot200,2f047945e4a22ea8774c8172826991930be36ad0,v0.1
vsr_test:0106,vsr_test:0106,test,normal,evidence,The parking meter is facing away from the person.,The parking meter is facing away from the person.,facing away from,orientation,parking meter,person,False,,,False,True,False.,Qwen/Qwen2-VL-7B-Instruct,,7B_zero_shot,,,,7f29cebb9d06eca06ad0d6c690e4d5a083b71a9c42008f88e92474e3ff0eb98a,eb4075c77285da02c52794154760fa969fb21ab3dcceb0820cb7d2ba27d27471,http://images.cocodataset.org/train2017/000000567205.jpg,http://images.cocodataset.org/train2017/000000567205.jpg,,http://images.cocodataset.org/train2017/000000567205.jpg,normal,tier_a_v0.1,"{""axis"": ""evidence"", ""condition"": ""normal""}",,"{""do_sample"": false, ""max_new_tokens"": 5}",tier_a_pilot200,2f047945e4a22ea8774c8172826991930be36ad0,v0.1
vsr_test:0107,vsr_test:0107,test,normal,evidence,The dining table is at the right side of the refrigerator.,The dining table is at the right side of the refrigerator.,at the right side of,horizontal,dining table,refrigerator,True,,,True,True,True.,Qwen/Qwen2-VL-7B-Instruct,,7B_zero_shot,,,,7f29cebb9d06eca06ad0d6c690e4d5a083b71a9c42008f88e92474e3ff0eb98a,eb4075c77285da02c52794154760fa969fb21ab3dcceb0820cb7d2ba27d27471,http://images.cocodataset.org/train2017/000000240709.jpg,http://images.cocodataset.org/train2017/000000240709.jpg,,http://images.cocodataset.org/train2017/000000240709.jpg,normal,tier_a_v0.1,"{""axis"": ""evidence"", ""condition"": ""normal""}",,"{""do_sample"": false, ""max_new_tokens"": 5}",tier_a_pilot200,2f047945e4a22ea8774c8172826991930be36ad0,v0.1
vsr_test:0108,vsr_test:0108,test,normal,evidence,The cake is ahead of the apple.,The cake is ahead of the apple.,ahead of,depth,cake,apple,True,,,False,False,False,Qwen/Qwen2-VL-7B-Instruct,,7B_zero_shot,,,,7f29cebb9d06eca06ad0d6c690e4d5a083b71a9c42008f88e92474e3ff0eb98a,eb4075c77285da02c52794154760fa969fb21ab3dcceb0820cb7d2ba27d27471,http://images.cocodataset.org/train2017/000000020908.jpg,http://images.cocodataset.org/train2017/000000020908.jpg,,http://images.cocodataset.org/train2017/000000020908.jpg,normal,tier_a_v0.1,"{""axis"": ""evidence"", ""condition"": ""normal""}",,"{""do_sample"": false, ""max_new_tokens"": 5}",tier_a_pilot200,2f047945e4a22ea8774c8172826991930be36ad0,v0.1
vsr_test:0109,vsr_test:0109,test,normal,evidence,The bicycle is in front of the umbrella.,The bicycle is in front of the umbrella.,in front of,depth,bicycle,umbrella,True,,,False,False,False.,Qwen/Qwen2-VL-7B-Instruct,,7B_zero_shot,,,,7f29cebb9d06eca06ad0d6c690e4d5a083b71a9c42008f88e92474e3ff0eb98a,eb4075c77285da02c52794154760fa969fb21ab3dcceb0820cb7d2ba27d27471,http://images.cocodataset.org/train2017/000000205613.jpg,http://images.cocodataset.org/train2017/000000205613.jpg,,http://images.cocodataset.org/train2017/000000205613.jpg,normal,tier_a_v0.1,"{""axis"": ""evidence"", ""condition"": ""normal""}",,"{""do_sample"": false, ""max_new_tokens"": 5}",tier_a_pilot200,2f047945e4a22ea8774c8172826991930be36ad0,v0.1
vsr_test:0110,vsr_test:0110,test,normal,evidence,The keyboard is at the right side of the apple.,The keyboard is at the right side of the apple.,at the right side of,horizontal,keyboard,apple,True,,,True,True,True.,Qwen/Qwen2-VL-7B-Instruct,,7B_zero_shot,,,,7f29cebb9d06eca06ad0d6c690e4d5a083b71a9c42008f88e92474e3ff0eb98a,eb4075c77285da02c52794154760fa969fb21ab3dcceb0820cb7d2ba27d27471,http://images.cocodataset.org/train2017/000000511644.jpg,http://images.cocodataset.org/train2017/000000511644.jpg,,http://images.cocodataset.org/train2017/000000511644.jpg,normal,tier_a_v0.1,"{""axis"": ""evidence"", ""condition"": ""normal""}",,"{""do_sample"": false, ""max_new_tokens"": 5}",tier_a_pilot200,2f047945e4a22ea8774c8172826991930be36ad0,v0.1
vsr_test:0111,vsr_test:0111,test,normal,evidence,The person is surrounding the banana.,The person is surrounding the banana.,surrounding,compositional,person,,False,,,True,False,True.,Qwen/Qwen2-VL-7B-Instruct,,7B_zero_shot,,,,7f29cebb9d06eca06ad0d6c690e4d5a083b71a9c42008f88e92474e3ff0eb98a,eb4075c77285da02c52794154760fa969fb21ab3dcceb0820cb7d2ba27d27471,http://images.cocodataset.org/train2017/000000119729.jpg,http://images.cocodataset.org/train2017/000000119729.jpg,,http://images.cocodataset.org/train2017/000000119729.jpg,normal,tier_a_v0.1,"{""axis"": ""evidence"", ""condition"": ""normal""}",,"{""do_sample"": false, ""max_new_tokens"": 5}",tier_a_pilot200,2f047945e4a22ea8774c8172826991930be36ad0,v0.1
vsr_test:0112,vsr_test:0112,test,normal,evidence,The dog is in the middle of the bed.,The dog is in the middle of the bed.,in the middle of,compositional,dog,bed,True,,,True,True,True.,Qwen/Qwen2-VL-7B-Instruct,,7B_zero_shot,,,,7f29cebb9d06eca06ad0d6c690e4d5a083b71a9c42008f88e92474e3ff0eb98a,eb4075c77285da02c52794154760fa969fb21ab3dcceb0820cb7d2ba27d27471,http://images.cocodataset.org/train2017/000000016297.jpg,http://images.cocodataset.org/train2017/000000016297.jpg,,http://images.cocodataset.org/train2017/000000016297.jpg,normal,tier_a_v0.1,"{""axis"": ""evidence"", ""condition"": ""normal""}",,"{""do_sample"": false, ""max_new_tokens"": 5}",tier_a_pilot200,2f047945e4a22ea8774c8172826991930be36ad0,v0.1
vsr_test:0113,vsr_test:0113,test,normal,evidence,The person is touching the cat.,The person is touching the cat.,touching,topology_contact,person,cat,True,,,True,True,True.,Qwen/Qwen2-VL-7B-Instruct,,7B_zero_shot,,,,7f29cebb9d06eca06ad0d6c690e4d5a083b71a9c42008f88e92474e3ff0eb98a,eb4075c77285da02c52794154760fa969fb21ab3dcceb0820cb7d2ba27d27471,http://images.cocodataset.org/train2017/000000101348.jpg,http://images.cocodataset.org/train2017/000000101348.jpg,,http://images.cocodataset.org/train2017/000000101348.jpg,normal,tier_a_v0.1,"{""axis"": ""evidence"", ""condition"": ""normal""}",,"{""do_sample"": false, ""max_new_tokens"": 5}",tier_a_pilot200,2f047945e4a22ea8774c8172826991930be36ad0,v0.1
vsr_test:0114,vsr_test:0114,test,normal,evidence,The person is facing the book.,The person is facing the book.,facing,orientation,person,book,False,,,False,True,False.,Qwen/Qwen2-VL-7B-Instruct,,7B_zero_shot,,,,7f29cebb9d06eca06ad0d6c690e4d5a083b71a9c42008f88e92474e3ff0eb98a,eb4075c77285da02c52794154760fa969fb21ab3dcceb0820cb7d2ba27d27471,http://images.cocodataset.org/train2017/000000040114.jpg,http://images.cocodataset.org/train2017/000000040114.jpg,,http://images.cocodataset.org/train2017/000000040114.jpg,normal,tier_a_v0.1,"{""axis"": ""evidence"", ""condition"": ""normal""}",,"{""do_sample"": false, ""max_new_tokens"": 5}",tier_a_pilot200,2f047945e4a22ea8774c8172826991930be36ad0,v0.1
vsr_test:0115,vsr_test:0115,test,normal,evidence,The handbag is on the person.,The handbag is on the person.,on,topology_contact,handbag,person,False,,,False,True,False.,Qwen/Qwen2-VL-7B-Instruct,,7B_zero_shot,,,,7f29cebb9d06eca06ad0d6c690e4d5a083b71a9c42008f88e92474e3ff0eb98a,eb4075c77285da02c52794154760fa969fb21ab3dcceb0820cb7d2ba27d27471,http://images.cocodataset.org/train2017/000000570560.jpg,http://images.cocodataset.org/train2017/000000570560.jpg,,http://images.cocodataset.org/train2017/000000570560.jpg,normal,tier_a_v0.1,"{""axis"": ""evidence"", ""condition"": ""normal""}",,"{""do_sample"": false, ""max_new_tokens"": 5}",tier_a_pilot200,2f047945e4a22ea8774c8172826991930be36ad0,v0.1
vsr_test:0116,vsr_test:0116,test,normal,evidence,The person is touching the teddy bear.,The person is touching the teddy bear.,touching,topology_contact,person,teddy bear,True,,,True,True,True.,Qwen/Qwen2-VL-7B-Instruct,,7B_zero_shot,,,,7f29cebb9d06eca06ad0d6c690e4d5a083b71a9c42008f88e92474e3ff0eb98a,eb4075c77285da02c52794154760fa969fb21ab3dcceb0820cb7d2ba27d27471,http://images.cocodataset.org/train2017/000000387358.jpg,http://images.cocodataset.org/train2017/000000387358.jpg,,http://images.cocodataset.org/train2017/000000387358.jpg,normal,tier_a_v0.1,"{""axis"": ""evidence"", ""condition"": ""normal""}",,"{""do_sample"": false, ""max_new_tokens"": 5}",tier_a_pilot200,2f047945e4a22ea8774c8172826991930be36ad0,v0.1
vsr_test:0117,vsr_test:0117,test,normal,evidence,The teddy bear is beneath the person.,The teddy bear is beneath the person.,beneath,vertical,teddy bear,person,True,,,True,True,True,Qwen/Qwen2-VL-7B-Instruct,,7B_zero_shot,,,,7f29cebb9d06eca06ad0d6c690e4d5a083b71a9c42008f88e92474e3ff0eb98a,eb4075c77285da02c52794154760fa969fb21ab3dcceb0820cb7d2ba27d27471,http://images.cocodataset.org/train2017/000000332833.jpg,http://images.cocodataset.org/train2017/000000332833.jpg,,http://images.cocodataset.org/train2017/000000332833.jpg,normal,tier_a_v0.1,"{""axis"": ""evidence"", ""condition"": ""normal""}",,"{""do_sample"": false, ""max_new_tokens"": 5}",tier_a_pilot200,2f047945e4a22ea8774c8172826991930be36ad0,v0.1
vsr_test:0118,vsr_test:0118,test,normal,evidence,The cell phone is at the right side of the person.,The cell phone is at the right side of the person.,at the right side of,horizontal,cell phone,person,False,,,False,True,False,Qwen/Qwen2-VL-7B-Instruct,,7B_zero_shot,,,,7f29cebb9d06eca06ad0d6c690e4d5a083b71a9c42008f88e92474e3ff0eb98a,eb4075c77285da02c52794154760fa969fb21ab3dcceb0820cb7d2ba27d27471,http://images.cocodataset.org/train2017/000000109488.jpg,http://images.cocodataset.org/train2017/000000109488.jpg,,http://images.cocodataset.org/train2017/000000109488.jpg,normal,tier_a_v0.1,"{""axis"": ""evidence"", ""condition"": ""normal""}",,"{""do_sample"": false, ""max_new_tokens"": 5}",tier_a_pilot200,2f047945e4a22ea8774c8172826991930be36ad0,v0.1
vsr_test:0119,vsr_test:0119,test,normal,evidence,The dog is on the surfboard.,The dog is on the surfboard.,on,topology_contact,dog,surfboard,True,,,True,True,True.,Qwen/Qwen2-VL-7B-Instruct,,7B_zero_shot,,,,7f29cebb9d06eca06ad0d6c690e4d5a083b71a9c42008f88e92474e3ff0eb98a,eb4075c77285da02c52794154760fa969fb21ab3dcceb0820cb7d2ba27d27471,http://images.cocodataset.org/train2017/000000372029.jpg,http://images.cocodataset.org/train2017/000000372029.jpg,,http://images.cocodataset.org/train2017/000000372029.jpg,normal,tier_a_v0.1,"{""axis"": ""evidence"", ""condition"": ""normal""}",,"{""do_sample"": false, ""max_new_tokens"": 5}",tier_a_pilot200,2f047945e4a22ea8774c8172826991930be36ad0,v0.1
vsr_test:0120,vsr_test:0120,test,normal,evidence,The cake is alongside the laptop.,The cake is alongside the laptop.,alongside,horizontal,cake,laptop,True,,,True,True,True.,Qwen/Qwen2-VL-7B-Instruct,,7B_zero_shot,,,,7f29cebb9d06eca06ad0d6c690e4d5a083b71a9c42008f88e92474e3ff0eb98a,eb4075c77285da02c52794154760fa969fb21ab3dcceb0820cb7d2ba27d27471,http://images.cocodataset.org/train2017/000000518592.jpg,http://images.cocodataset.org/train2017/000000518592.jpg,,http://images.cocodataset.org/train2017/000000518592.jpg,normal,tier_a_v0.1,"{""axis"": ""evidence"", ""condition"": ""normal""}",,"{""do_sample"": false, ""max_new_tokens"": 5}",tier_a_pilot200,2f047945e4a22ea8774c8172826991930be36ad0,v0.1
vsr_test:0121,vsr_test:0121,test,normal,evidence,The bed is touching the cat.,The bed is touching the cat.,touching,topology_contact,bed,cat,True,,,True,True,True.,Qwen/Qwen2-VL-7B-Instruct,,7B_zero_shot,,,,7f29cebb9d06eca06ad0d6c690e4d5a083b71a9c42008f88e92474e3ff0eb98a,eb4075c77285da02c52794154760fa969fb21ab3dcceb0820cb7d2ba27d27471,http://images.cocodataset.org/train2017/000000067995.jpg,http://images.cocodataset.org/train2017/000000067995.jpg,,http://images.cocodataset.org/train2017/000000067995.jpg,normal,tier_a_v0.1,"{""axis"": ""evidence"", ""condition"": ""normal""}",,"{""do_sample"": false, ""max_new_tokens"": 5}",tier_a_pilot200,2f047945e4a22ea8774c8172826991930be36ad0,v0.1
vsr_test:0122,vsr_test:0122,test,normal,evidence,The tv is across from the boat.,The tv is across from the boat.,across from,horizontal,tv,boat,True,,,False,False,False.,Qwen/Qwen2-VL-7B-Instruct,,7B_zero_shot,,,,7f29cebb9d06eca06ad0d6c690e4d5a083b71a9c42008f88e92474e3ff0eb98a,eb4075c77285da02c52794154760fa969fb21ab3dcceb0820cb7d2ba27d27471,http://images.cocodataset.org/train2017/000000024215.jpg,http://images.cocodataset.org/train2017/000000024215.jpg,,http://images.cocodataset.org/train2017/000000024215.jpg,normal,tier_a_v0.1,"{""axis"": ""evidence"", ""condition"": ""normal""}",,"{""do_sample"": false, ""max_new_tokens"": 5}",tier_a_pilot200,2f047945e4a22ea8774c8172826991930be36ad0,v0.1
vsr_test:0123,vsr_test:0123,test,normal,evidence,The bed is inside the truck.,The bed is inside the truck.,inside,containment,bed,truck,True,,,True,True,True.,Qwen/Qwen2-VL-7B-Instruct,,7B_zero_shot,,,,7f29cebb9d06eca06ad0d6c690e4d5a083b71a9c42008f88e92474e3ff0eb98a,eb4075c77285da02c52794154760fa969fb21ab3dcceb0820cb7d2ba27d27471,http://images.cocodataset.org/val2017/000000235399.jpg,http://images.cocodataset.org/val2017/000000235399.jpg,,http://images.cocodataset.org/val2017/000000235399.jpg,normal,tier_a_v0.1,"{""axis"": ""evidence"", ""condition"": ""normal""}",,"{""do_sample"": false, ""max_new_tokens"": 5}",tier_a_pilot200,2f047945e4a22ea8774c8172826991930be36ad0,v0.1
vsr_test:0124,vsr_test:0124,test,normal,evidence,The bus is in front of the car.,The bus is in front of the car.,in front of,depth,bus,car,False,,,False,True,False,Qwen/Qwen2-VL-7B-Instruct,,7B_zero_shot,,,,7f29cebb9d06eca06ad0d6c690e4d5a083b71a9c42008f88e92474e3ff0eb98a,eb4075c77285da02c52794154760fa969fb21ab3dcceb0820cb7d2ba27d27471,http://images.cocodataset.org/train2017/000000244421.jpg,http://images.cocodataset.org/train2017/000000244421.jpg,,http://images.cocodataset.org/train2017/000000244421.jpg,normal,tier_a_v0.1,"{""axis"": ""evidence"", ""condition"": ""normal""}",,"{""do_sample"": false, ""max_new_tokens"": 5}",tier_a_pilot200,2f047945e4a22ea8774c8172826991930be36ad0,v0.1
vsr_test:0125,vsr_test:0125,test,normal,evidence,The horse is right of the person.,The horse is right of the person.,right of,horizontal,horse,,False,,,False,True,False.,Qwen/Qwen2-VL-7B-Instruct,,7B_zero_shot,,,,7f29cebb9d06eca06ad0d6c690e4d5a083b71a9c42008f88e92474e3ff0eb98a,eb4075c77285da02c52794154760fa969fb21ab3dcceb0820cb7d2ba27d27471,http://images.cocodataset.org/train2017/000000532748.jpg,http://images.cocodataset.org/train2017/000000532748.jpg,,http://images.cocodataset.org/train2017/000000532748.jpg,normal,tier_a_v0.1,"{""axis"": ""evidence"", ""condition"": ""normal""}",,"{""do_sample"": false, ""max_new_tokens"": 5}",tier_a_pilot200,2f047945e4a22ea8774c8172826991930be36ad0,v0.1
vsr_test:0126,vsr_test:0126,test,normal,evidence,The couch is in front of the bed.,The couch is in front of the bed.,in front of,depth,couch,bed,True,,,False,False,False.,Qwen/Qwen2-VL-7B-Instruct,,7B_zero_shot,,,,7f29cebb9d06eca06ad0d6c690e4d5a083b71a9c42008f88e92474e3ff0eb98a,eb4075c77285da02c52794154760fa969fb21ab3dcceb0820cb7d2ba27d27471,http://images.cocodataset.org/train2017/000000305660.jpg,http://images.cocodataset.org/train2017/000000305660.jpg,,http://images.cocodataset.org/train2017/000000305660.jpg,normal,tier_a_v0.1,"{""axis"": ""evidence"", ""condition"": ""normal""}",,"{""do_sample"": false, ""max_new_tokens"": 5}",tier_a_pilot200,2f047945e4a22ea8774c8172826991930be36ad0,v0.1
vsr_test:0127,vsr_test:0127,test,normal,evidence,The cat is close to the tv.,The cat is close to the tv.,close to,proximity,cat,tv,False,,,False,True,False.,Qwen/Qwen2-VL-7B-Instruct,,7B_zero_shot,,,,7f29cebb9d06eca06ad0d6c690e4d5a083b71a9c42008f88e92474e3ff0eb98a,eb4075c77285da02c52794154760fa969fb21ab3dcceb0820cb7d2ba27d27471,http://images.cocodataset.org/train2017/000000004622.jpg,http://images.cocodataset.org/train2017/000000004622.jpg,,http://images.cocodataset.org/train2017/000000004622.jpg,normal,tier_a_v0.1,"{""axis"": ""evidence"", ""condition"": ""normal""}",,"{""do_sample"": false, ""max_new_tokens"": 5}",tier_a_pilot200,2f047945e4a22ea8774c8172826991930be36ad0,v0.1
vsr_test:0128,vsr_test:0128,test,normal,evidence,The laptop is off the pizza.,The laptop is off the pizza.,off,other,laptop,,False,,,False,True,False,Qwen/Qwen2-VL-7B-Instruct,,7B_zero_shot,,,,7f29cebb9d06eca06ad0d6c690e4d5a083b71a9c42008f88e92474e3ff0eb98a,eb4075c77285da02c52794154760fa969fb21ab3dcceb0820cb7d2ba27d27471,http://images.cocodataset.org/train2017/000000022953.jpg,http://images.cocodataset.org/train2017/000000022953.jpg,,http://images.cocodataset.org/train2017/000000022953.jpg,normal,tier_a_v0.1,"{""axis"": ""evidence"", ""condition"": ""normal""}",,"{""do_sample"": false, ""max_new_tokens"": 5}",tier_a_pilot200,2f047945e4a22ea8774c8172826991930be36ad0,v0.1
vsr_test:0129,vsr_test:0129,test,normal,evidence,The person is beneath the remote.,The person is beneath the remote.,beneath,vertical,person,remote,False,,,False,True,False,Qwen/Qwen2-VL-7B-Instruct,,7B_zero_shot,,,,7f29cebb9d06eca06ad0d6c690e4d5a083b71a9c42008f88e92474e3ff0eb98a,eb4075c77285da02c52794154760fa969fb21ab3dcceb0820cb7d2ba27d27471,http://images.cocodataset.org/train2017/000000572296.jpg,http://images.cocodataset.org/train2017/000000572296.jpg,,http://images.cocodataset.org/train2017/000000572296.jpg,normal,tier_a_v0.1,"{""axis"": ""evidence"", ""condition"": ""normal""}",,"{""do_sample"": false, ""max_new_tokens"": 5}",tier_a_pilot200,2f047945e4a22ea8774c8172826991930be36ad0,v0.1
vsr_test:0130,vsr_test:0130,test,normal,evidence,The hot dog is in the bowl.,The hot dog is in the bowl.,in,containment,hot dog,bowl,True,,,True,True,True.,Qwen/Qwen2-VL-7B-Instruct,,7B_zero_shot,,,,7f29cebb9d06eca06ad0d6c690e4d5a083b71a9c42008f88e92474e3ff0eb98a,eb4075c77285da02c52794154760fa969fb21ab3dcceb0820cb7d2ba27d27471,http://images.cocodataset.org/train2017/000000428299.jpg,http://images.cocodataset.org/train2017/000000428299.jpg,,http://images.cocodataset.org/train2017/000000428299.jpg,normal,tier_a_v0.1,"{""axis"": ""evidence"", ""condition"": ""normal""}",,"{""do_sample"": false, ""max_new_tokens"": 5}",tier_a_pilot200,2f047945e4a22ea8774c8172826991930be36ad0,v0.1
vsr_test:0131,vsr_test:0131,test,normal,evidence,The cat is on top of the suitcase.,The cat is on top of the suitcase.,on top of,vertical,cat,suitcase,False,,,False,True,False,Qwen/Qwen2-VL-7B-Instruct,,7B_zero_shot,,,,7f29cebb9d06eca06ad0d6c690e4d5a083b71a9c42008f88e92474e3ff0eb98a,eb4075c77285da02c52794154760fa969fb21ab3dcceb0820cb7d2ba27d27471,http://images.cocodataset.org/train2017/000000137413.jpg,http://images.cocodataset.org/train2017/000000137413.jpg,,http://images.cocodataset.org/train2017/000000137413.jpg,normal,tier_a_v0.1,"{""axis"": ""evidence"", ""condition"": ""normal""}",,"{""do_sample"": false, ""max_new_tokens"": 5}",tier_a_pilot200,2f047945e4a22ea8774c8172826991930be36ad0,v0.1
vsr_test:0132,vsr_test:0132,test,normal,evidence,The person is against the couch.,The person is against the couch.,against,topology_contact,person,,True,,,False,False,False.,Qwen/Qwen2-VL-7B-Instruct,,7B_zero_shot,,,,7f29cebb9d06eca06ad0d6c690e4d5a083b71a9c42008f88e92474e3ff0eb98a,eb4075c77285da02c52794154760fa969fb21ab3dcceb0820cb7d2ba27d27471,http://images.cocodataset.org/train2017/000000465143.jpg,http://images.cocodataset.org/train2017/000000465143.jpg,,http://images.cocodataset.org/train2017/000000465143.jpg,normal,tier_a_v0.1,"{""axis"": ""evidence"", ""condition"": ""normal""}",,"{""do_sample"": false, ""max_new_tokens"": 5}",tier_a_pilot200,2f047945e4a22ea8774c8172826991930be36ad0,v0.1
vsr_test:0133,vsr_test:0133,test,normal,evidence,The chair is touching the bird.,The chair is touching the bird.,touching,topology_contact,chair,bird,False,,,False,True,False,Qwen/Qwen2-VL-7B-Instruct,,7B_zero_shot,,,,7f29cebb9d06eca06ad0d6c690e4d5a083b71a9c42008f88e92474e3ff0eb98a,eb4075c77285da02c52794154760fa969fb21ab3dcceb0820cb7d2ba27d27471,http://images.cocodataset.org/train2017/000000430238.jpg,http://images.cocodataset.org/train2017/000000430238.jpg,,http://images.cocodataset.org/train2017/000000430238.jpg,normal,tier_a_v0.1,"{""axis"": ""evidence"", ""condition"": ""normal""}",,"{""do_sample"": false, ""max_new_tokens"": 5}",tier_a_pilot200,2f047945e4a22ea8774c8172826991930be36ad0,v0.1
vsr_test:0134,vsr_test:0134,test,normal,evidence,The bench is under the dog.,The bench is under the dog.,under,vertical,bench,dog,False,,,False,True,False.,Qwen/Qwen2-VL-7B-Instruct,,7B_zero_shot,,,,7f29cebb9d06eca06ad0d6c690e4d5a083b71a9c42008f88e92474e3ff0eb98a,eb4075c77285da02c52794154760fa969fb21ab3dcceb0820cb7d2ba27d27471,http://images.cocodataset.org/val2017/000000549220.jpg,http://images.cocodataset.org/val2017/000000549220.jpg,,http://images.cocodataset.org/val2017/000000549220.jpg,normal,tier_a_v0.1,"{""axis"": ""evidence"", ""condition"": ""normal""}",,"{""do_sample"": false, ""max_new_tokens"": 5}",tier_a_pilot200,2f047945e4a22ea8774c8172826991930be36ad0,v0.1
vsr_test:0135,vsr_test:0135,test,normal,evidence,The teddy bear is on top of the cake.,The teddy bear is on top of the cake.,on top of,vertical,teddy bear,cake,True,,,True,True,True,Qwen/Qwen2-VL-7B-Instruct,,7B_zero_shot,,,,7f29cebb9d06eca06ad0d6c690e4d5a083b71a9c42008f88e92474e3ff0eb98a,eb4075c77285da02c52794154760fa969fb21ab3dcceb0820cb7d2ba27d27471,http://images.cocodataset.org/train2017/000000479563.jpg,http://images.cocodataset.org/train2017/000000479563.jpg,,http://images.cocodataset.org/train2017/000000479563.jpg,normal,tier_a_v0.1,"{""axis"": ""evidence"", ""condition"": ""normal""}",,"{""do_sample"": false, ""max_new_tokens"": 5}",tier_a_pilot200,2f047945e4a22ea8774c8172826991930be36ad0,v0.1
vsr_test:0136,vsr_test:0136,test,normal,evidence,The hot dog is far away from the bench.,The hot dog is far away from the bench.,far away from,proximity,hot dog,bench,False,,,False,True,False,Qwen/Qwen2-VL-7B-Instruct,,7B_zero_shot,,,,7f29cebb9d06eca06ad0d6c690e4d5a083b71a9c42008f88e92474e3ff0eb98a,eb4075c77285da02c52794154760fa969fb21ab3dcceb0820cb7d2ba27d27471,http://images.cocodataset.org/train2017/000000292661.jpg,http://images.cocodataset.org/train2017/000000292661.jpg,,http://images.cocodataset.org/train2017/000000292661.jpg,normal,tier_a_v0.1,"{""axis"": ""evidence"", ""condition"": ""normal""}",,"{""do_sample"": false, ""max_new_tokens"": 5}",tier_a_pilot200,2f047945e4a22ea8774c8172826991930be36ad0,v0.1
vsr_test:0137,vsr_test:0137,test,normal,evidence,The person is touching the refrigerator.,The person is touching the refrigerator.,touching,topology_contact,person,refrigerator,False,,,False,True,False,Qwen/Qwen2-VL-7B-Instruct,,7B_zero_shot,,,,7f29cebb9d06eca06ad0d6c690e4d5a083b71a9c42008f88e92474e3ff0eb98a,eb4075c77285da02c52794154760fa969fb21ab3dcceb0820cb7d2ba27d27471,http://images.cocodataset.org/train2017/000000518321.jpg,http://images.cocodataset.org/train2017/000000518321.jpg,,http://images.cocodataset.org/train2017/000000518321.jpg,normal,tier_a_v0.1,"{""axis"": ""evidence"", ""condition"": ""normal""}",,"{""do_sample"": false, ""max_new_tokens"": 5}",tier_a_pilot200,2f047945e4a22ea8774c8172826991930be36ad0,v0.1
vsr_test:0138,vsr_test:0138,test,normal,evidence,The book is on the teddy bear.,The book is on the teddy bear.,on,topology_contact,book,teddy bear,False,,,True,False,True.,Qwen/Qwen2-VL-7B-Instruct,,7B_zero_shot,,,,7f29cebb9d06eca06ad0d6c690e4d5a083b71a9c42008f88e92474e3ff0eb98a,eb4075c77285da02c52794154760fa969fb21ab3dcceb0820cb7d2ba27d27471,http://images.cocodataset.org/train2017/000000434672.jpg,http://images.cocodataset.org/train2017/000000434672.jpg,,http://images.cocodataset.org/train2017/000000434672.jpg,normal,tier_a_v0.1,"{""axis"": ""evidence"", ""condition"": ""normal""}",,"{""do_sample"": false, ""max_new_tokens"": 5}",tier_a_pilot200,2f047945e4a22ea8774c8172826991930be36ad0,v0.1
vsr_test:0139,vsr_test:0139,test,normal,evidence,The pizza is behind the sandwich.,The pizza is behind the sandwich.,behind,depth,pizza,sandwich,False,,,False,True,False,Qwen/Qwen2-VL-7B-Instruct,,7B_zero_shot,,,,7f29cebb9d06eca06ad0d6c690e4d5a083b71a9c42008f88e92474e3ff0eb98a,eb4075c77285da02c52794154760fa969fb21ab3dcceb0820cb7d2ba27d27471,http://images.cocodataset.org/train2017/000000501756.jpg,http://images.cocodataset.org/train2017/000000501756.jpg,,http://images.cocodataset.org/train2017/000000501756.jpg,normal,tier_a_v0.1,"{""axis"": ""evidence"", ""condition"": ""normal""}",,"{""do_sample"": false, ""max_new_tokens"": 5}",tier_a_pilot200,2f047945e4a22ea8774c8172826991930be36ad0,v0.1
vsr_test:0140,vsr_test:0140,test,normal,evidence,The bench is on the boat.,The bench is on the boat.,on,topology_contact,bench,boat,True,,,False,False,False,Qwen/Qwen2-VL-7B-Instruct,,7B_zero_shot,,,,7f29cebb9d06eca06ad0d6c690e4d5a083b71a9c42008f88e92474e3ff0eb98a,eb4075c77285da02c52794154760fa969fb21ab3dcceb0820cb7d2ba27d27471,http://images.cocodataset.org/train2017/000000082678.jpg,http://images.cocodataset.org/train2017/000000082678.jpg,,http://images.cocodataset.org/train2017/000000082678.jpg,normal,tier_a_v0.1,"{""axis"": ""evidence"", ""condition"": ""normal""}",,"{""do_sample"": false, ""max_new_tokens"": 5}",tier_a_pilot200,2f047945e4a22ea8774c8172826991930be36ad0,v0.1
vsr_test:0141,vsr_test:0141,test,normal,evidence,The cat is into the handbag.,The cat is into the handbag.,into,other,cat,,True,,,True,True,True.,Qwen/Qwen2-VL-7B-Instruct,,7B_zero_shot,,,,7f29cebb9d06eca06ad0d6c690e4d5a083b71a9c42008f88e92474e3ff0eb98a,eb4075c77285da02c52794154760fa969fb21ab3dcceb0820cb7d2ba27d27471,http://images.cocodataset.org/train2017/000000527529.jpg,http://images.cocodataset.org/train2017/000000527529.jpg,,http://images.cocodataset.org/train2017/000000527529.jpg,normal,tier_a_v0.1,"{""axis"": ""evidence"", ""condition"": ""normal""}",,"{""do_sample"": false, ""max_new_tokens"": 5}",tier_a_pilot200,2f047945e4a22ea8774c8172826991930be36ad0,v0.1
vsr_test:0142,vsr_test:0142,test,normal,evidence,The horse is behind the cat.,The horse is behind the cat.,behind,depth,horse,cat,True,,,True,True,True.,Qwen/Qwen2-VL-7B-Instruct,,7B_zero_shot,,,,7f29cebb9d06eca06ad0d6c690e4d5a083b71a9c42008f88e92474e3ff0eb98a,eb4075c77285da02c52794154760fa969fb21ab3dcceb0820cb7d2ba27d27471,http://images.cocodataset.org/train2017/000000485148.jpg,http://images.cocodataset.org/train2017/000000485148.jpg,,http://images.cocodataset.org/train2017/000000485148.jpg,normal,tier_a_v0.1,"{""axis"": ""evidence"", ""condition"": ""normal""}",,"{""do_sample"": false, ""max_new_tokens"": 5}",tier_a_pilot200,2f047945e4a22ea8774c8172826991930be36ad0,v0.1
vsr_test:0143,vsr_test:0143,test,normal,evidence,The cow is below the person.,The cow is below the person.,below,vertical,cow,person,True,,,False,False,False.,Qwen/Qwen2-VL-7B-Instruct,,7B_zero_shot,,,,7f29cebb9d06eca06ad0d6c690e4d5a083b71a9c42008f88e92474e3ff0eb98a,eb4075c77285da02c52794154760fa969fb21ab3dcceb0820cb7d2ba27d27471,http://images.cocodataset.org/train2017/000000120007.jpg,http://images.cocodataset.org/train2017/000000120007.jpg,,http://images.cocodataset.org/train2017/000000120007.jpg,normal,tier_a_v0.1,"{""axis"": ""evidence"", ""condition"": ""normal""}",,"{""do_sample"": false, ""max_new_tokens"": 5}",tier_a_pilot200,2f047945e4a22ea8774c8172826991930be36ad0,v0.1
vsr_test:0144,vsr_test:0144,test,normal,evidence,The oven is below the pizza.,The oven is below the pizza.,below,vertical,oven,pizza,True,,,False,False,False.,Qwen/Qwen2-VL-7B-Instruct,,7B_zero_shot,,,,7f29cebb9d06eca06ad0d6c690e4d5a083b71a9c42008f88e92474e3ff0eb98a,eb4075c77285da02c52794154760fa969fb21ab3dcceb0820cb7d2ba27d27471,http://images.cocodataset.org/train2017/000000001536.jpg,http://images.cocodataset.org/train2017/000000001536.jpg,,http://images.cocodataset.org/train2017/000000001536.jpg,normal,tier_a_v0.1,"{""axis"": ""evidence"", ""condition"": ""normal""}",,"{""do_sample"": false, ""max_new_tokens"": 5}",tier_a_pilot200,2f047945e4a22ea8774c8172826991930be36ad0,v0.1
vsr_test:0145,vsr_test:0145,test,normal,evidence,The bench is over the cat.,The bench is over the cat.,over,vertical,bench,cat,False,,,False,True,False.,Qwen/Qwen2-VL-7B-Instruct,,7B_zero_shot,,,,7f29cebb9d06eca06ad0d6c690e4d5a083b71a9c42008f88e92474e3ff0eb98a,eb4075c77285da02c52794154760fa969fb21ab3dcceb0820cb7d2ba27d27471,http://images.cocodataset.org/train2017/000000107188.jpg,http://images.cocodataset.org/train2017/000000107188.jpg,,http://images.cocodataset.org/train2017/000000107188.jpg,normal,tier_a_v0.1,"{""axis"": ""evidence"", ""condition"": ""normal""}",,"{""do_sample"": false, ""max_new_tokens"": 5}",tier_a_pilot200,2f047945e4a22ea8774c8172826991930be36ad0,v0.1
vsr_test:0146,vsr_test:0146,test,normal,evidence,The dog is under the chair.,The dog is under the chair.,under,vertical,dog,chair,False,,,False,True,False,Qwen/Qwen2-VL-7B-Instruct,,7B_zero_shot,,,,7f29cebb9d06eca06ad0d6c690e4d5a083b71a9c42008f88e92474e3ff0eb98a,eb4075c77285da02c52794154760fa969fb21ab3dcceb0820cb7d2ba27d27471,http://images.cocodataset.org/train2017/000000146623.jpg,http://images.cocodataset.org/train2017/000000146623.jpg,,http://images.cocodataset.org/train2017/000000146623.jpg,normal,tier_a_v0.1,"{""axis"": ""evidence"", ""condition"": ""normal""}",,"{""do_sample"": false, ""max_new_tokens"": 5}",tier_a_pilot200,2f047945e4a22ea8774c8172826991930be36ad0,v0.1
vsr_test:0147,vsr_test:0147,test,normal,evidence,The person is touching the refrigerator.,The person is touching the refrigerator.,touching,topology_contact,person,refrigerator,False,,,True,False,True.,Qwen/Qwen2-VL-7B-Instruct,,7B_zero_shot,,,,7f29cebb9d06eca06ad0d6c690e4d5a083b71a9c42008f88e92474e3ff0eb98a,eb4075c77285da02c52794154760fa969fb21ab3dcceb0820cb7d2ba27d27471,http://images.cocodataset.org/train2017/000000407617.jpg,http://images.cocodataset.org/train2017/000000407617.jpg,,http://images.cocodataset.org/train2017/000000407617.jpg,normal,tier_a_v0.1,"{""axis"": ""evidence"", ""condition"": ""normal""}",,"{""do_sample"": false, ""max_new_tokens"": 5}",tier_a_pilot200,2f047945e4a22ea8774c8172826991930be36ad0,v0.1
vsr_test:0148,vsr_test:0148,test,normal,evidence,The handbag is under the cat.,The handbag is under the cat.,under,vertical,handbag,cat,False,,,False,True,False,Qwen/Qwen2-VL-7B-Instruct,,7B_zero_shot,,,,7f29cebb9d06eca06ad0d6c690e4d5a083b71a9c42008f88e92474e3ff0eb98a,eb4075c77285da02c52794154760fa969fb21ab3dcceb0820cb7d2ba27d27471,http://images.cocodataset.org/train2017/000000470862.jpg,http://images.cocodataset.org/train2017/000000470862.jpg,,http://images.cocodataset.org/train2017/000000470862.jpg,normal,tier_a_v0.1,"{""axis"": ""evidence"", ""condition"": ""normal""}",,"{""do_sample"": false, ""max_new_tokens"": 5}",tier_a_pilot200,2f047945e4a22ea8774c8172826991930be36ad0,v0.1
vsr_test:0149,vsr_test:0149,test,normal,evidence,The sandwich is touching the person.,The sandwich is touching the person.,touching,topology_contact,sandwich,person,True,,,True,True,True.,Qwen/Qwen2-VL-7B-Instruct,,7B_zero_shot,,,,7f29cebb9d06eca06ad0d6c690e4d5a083b71a9c42008f88e92474e3ff0eb98a,eb4075c77285da02c52794154760fa969fb21ab3dcceb0820cb7d2ba27d27471,http://images.cocodataset.org/train2017/000000492164.jpg,http://images.cocodataset.org/train2017/000000492164.jpg,,http://images.cocodataset.org/train2017/000000492164.jpg,normal,tier_a_v0.1,"{""axis"": ""evidence"", ""condition"": ""normal""}",,"{""do_sample"": false, ""max_new_tokens"": 5}",tier_a_pilot200,2f047945e4a22ea8774c8172826991930be36ad0,v0.1
vsr_test:0150,vsr_test:0150,test,normal,evidence,The bed is under the teddy bear.,The bed is under the teddy bear.,under,vertical,bed,teddy bear,True,,,True,True,True.,Qwen/Qwen2-VL-7B-Instruct,,7B_zero_shot,,,,7f29cebb9d06eca06ad0d6c690e4d5a083b71a9c42008f88e92474e3ff0eb98a,eb4075c77285da02c52794154760fa969fb21ab3dcceb0820cb7d2ba27d27471,http://images.cocodataset.org/train2017/000000580274.jpg,http://images.cocodataset.org/train2017/000000580274.jpg,,http://images.cocodataset.org/train2017/000000580274.jpg,normal,tier_a_v0.1,"{""axis"": ""evidence"", ""condition"": ""normal""}",,"{""do_sample"": false, ""max_new_tokens"": 5}",tier_a_pilot200,2f047945e4a22ea8774c8172826991930be36ad0,v0.1
vsr_test:0151,vsr_test:0151,test,normal,evidence,The pizza is off the dining table.,The pizza is off the dining table.,off,other,pizza,,False,,,False,True,False,Qwen/Qwen2-VL-7B-Instruct,,7B_zero_shot,,,,7f29cebb9d06eca06ad0d6c690e4d5a083b71a9c42008f88e92474e3ff0eb98a,eb4075c77285da02c52794154760fa969fb21ab3dcceb0820cb7d2ba27d27471,http://images.cocodataset.org/train2017/000000432035.jpg,http://images.cocodataset.org/train2017/000000432035.jpg,,http://images.cocodataset.org/train2017/000000432035.jpg,normal,tier_a_v0.1,"{""axis"": ""evidence"", ""condition"": ""normal""}",,"{""do_sample"": false, ""max_new_tokens"": 5}",tier_a_pilot200,2f047945e4a22ea8774c8172826991930be36ad0,v0.1
vsr_test:0152,vsr_test:0152,test,normal,evidence,The boat is on the truck.,The boat is on the truck.,on,topology_contact,boat,truck,False,,,False,True,False,Qwen/Qwen2-VL-7B-Instruct,,7B_zero_shot,,,,7f29cebb9d06eca06ad0d6c690e4d5a083b71a9c42008f88e92474e3ff0eb98a,eb4075c77285da02c52794154760fa969fb21ab3dcceb0820cb7d2ba27d27471,http://images.cocodataset.org/train2017/000000246233.jpg,http://images.cocodataset.org/train2017/000000246233.jpg,,http://images.cocodataset.org/train2017/000000246233.jpg,normal,tier_a_v0.1,"{""axis"": ""evidence"", ""condition"": ""normal""}",,"{""do_sample"": false, ""max_new_tokens"": 5}",tier_a_pilot200,2f047945e4a22ea8774c8172826991930be36ad0,v0.1
vsr_test:0153,vsr_test:0153,test,normal,evidence,The cat is in front of the refrigerator.,The cat is in front of the refrigerator.,in front of,depth,cat,refrigerator,True,,,True,True,True.,Qwen/Qwen2-VL-7B-Instruct,,7B_zero_shot,,,,7f29cebb9d06eca06ad0d6c690e4d5a083b71a9c42008f88e92474e3ff0eb98a,eb4075c77285da02c52794154760fa969fb21ab3dcceb0820cb7d2ba27d27471,http://images.cocodataset.org/train2017/000000117774.jpg,http://images.cocodataset.org/train2017/000000117774.jpg,,http://images.cocodataset.org/train2017/000000117774.jpg,normal,tier_a_v0.1,"{""axis"": ""evidence"", ""condition"": ""normal""}",,"{""do_sample"": false, ""max_new_tokens"": 5}",tier_a_pilot200,2f047945e4a22ea8774c8172826991930be36ad0,v0.1
vsr_test:0154,vsr_test:0154,test,normal,evidence,The bus is behind the bicycle.,The bus is behind the bicycle.,behind,depth,bus,bicycle,True,,,True,True,True.,Qwen/Qwen2-VL-7B-Instruct,,7B_zero_shot,,,,7f29cebb9d06eca06ad0d6c690e4d5a083b71a9c42008f88e92474e3ff0eb98a,eb4075c77285da02c52794154760fa969fb21ab3dcceb0820cb7d2ba27d27471,http://images.cocodataset.org/train2017/000000469728.jpg,http://images.cocodataset.org/train2017/000000469728.jpg,,http://images.cocodataset.org/train2017/000000469728.jpg,normal,tier_a_v0.1,"{""axis"": ""evidence"", ""condition"": ""normal""}",,"{""do_sample"": false, ""max_new_tokens"": 5}",tier_a_pilot200,2f047945e4a22ea8774c8172826991930be36ad0,v0.1
vsr_test:0155,vsr_test:0155,test,normal,evidence,The person is on the horse.,The person is on the horse.,on,topology_contact,person,horse,True,,,True,True,True.,Qwen/Qwen2-VL-7B-Instruct,,7B_zero_shot,,,,7f29cebb9d06eca06ad0d6c690e4d5a083b71a9c42008f88e92474e3ff0eb98a,eb4075c77285da02c52794154760fa969fb21ab3dcceb0820cb7d2ba27d27471,http://images.cocodataset.org/train2017/000000460033.jpg,http://images.cocodataset.org/train2017/000000460033.jpg,,http://images.cocodataset.org/train2017/000000460033.jpg,normal,tier_a_v0.1,"{""axis"": ""evidence"", ""condition"": ""normal""}",,"{""do_sample"": false, ""max_new_tokens"": 5}",tier_a_pilot200,2f047945e4a22ea8774c8172826991930be36ad0,v0.1
vsr_test:0156,vsr_test:0156,test,normal,evidence,The person is facing away from the horse.,The person is facing away from the horse.,facing away from,orientation,person,horse,True,,,False,False,False.,Qwen/Qwen2-VL-7B-Instruct,,7B_zero_shot,,,,7f29cebb9d06eca06ad0d6c690e4d5a083b71a9c42008f88e92474e3ff0eb98a,eb4075c77285da02c52794154760fa969fb21ab3dcceb0820cb7d2ba27d27471,http://images.cocodataset.org/train2017/000000004972.jpg,http://images.cocodataset.org/train2017/000000004972.jpg,,http://images.cocodataset.org/train2017/000000004972.jpg,normal,tier_a_v0.1,"{""axis"": ""evidence"", ""condition"": ""normal""}",,"{""do_sample"": false, ""max_new_tokens"": 5}",tier_a_pilot200,2f047945e4a22ea8774c8172826991930be36ad0,v0.1
vsr_test:0157,vsr_test:0157,test,normal,evidence,The chair is left of the teddy bear.,The chair is left of the teddy bear.,left of,horizontal,chair,,True,,,True,True,True.,Qwen/Qwen2-VL-7B-Instruct,,7B_zero_shot,,,,7f29cebb9d06eca06ad0d6c690e4d5a083b71a9c42008f88e92474e3ff0eb98a,eb4075c77285da02c52794154760fa969fb21ab3dcceb0820cb7d2ba27d27471,http://images.cocodataset.org/train2017/000000531568.jpg,http://images.cocodataset.org/train2017/000000531568.jpg,,http://images.cocodataset.org/train2017/000000531568.jpg,normal,tier_a_v0.1,"{""axis"": ""evidence"", ""condition"": ""normal""}",,"{""do_sample"": false, ""max_new_tokens"": 5}",tier_a_pilot200,2f047945e4a22ea8774c8172826991930be36ad0,v0.1
vsr_test:0158,vsr_test:0158,test,normal,evidence,The cow is far away from the truck.,The cow is far away from the truck.,far away from,proximity,cow,truck,True,,,False,False,False,Qwen/Qwen2-VL-7B-Instruct,,7B_zero_shot,,,,7f29cebb9d06eca06ad0d6c690e4d5a083b71a9c42008f88e92474e3ff0eb98a,eb4075c77285da02c52794154760fa969fb21ab3dcceb0820cb7d2ba27d27471,http://images.cocodataset.org/train2017/000000484341.jpg,http://images.cocodataset.org/train2017/000000484341.jpg,,http://images.cocodataset.org/train2017/000000484341.jpg,normal,tier_a_v0.1,"{""axis"": ""evidence"", ""condition"": ""normal""}",,"{""do_sample"": false, ""max_new_tokens"": 5}",tier_a_pilot200,2f047945e4a22ea8774c8172826991930be36ad0,v0.1
vsr_test:0159,vsr_test:0159,test,normal,evidence,The teddy bear is next to the wine glass.,The teddy bear is next to the wine glass.,next to,horizontal,teddy bear,wine glass,False,,,False,True,False.,Qwen/Qwen2-VL-7B-Instruct,,7B_zero_shot,,,,7f29cebb9d06eca06ad0d6c690e4d5a083b71a9c42008f88e92474e3ff0eb98a,eb4075c77285da02c52794154760fa969fb21ab3dcceb0820cb7d2ba27d27471,http://images.cocodataset.org/train2017/000000439117.jpg,http://images.cocodataset.org/train2017/000000439117.jpg,,http://images.cocodataset.org/train2017/000000439117.jpg,normal,tier_a_v0.1,"{""axis"": ""evidence"", ""condition"": ""normal""}",,"{""do_sample"": false, ""max_new_tokens"": 5}",tier_a_pilot200,2f047945e4a22ea8774c8172826991930be36ad0,v0.1
vsr_test:0160,vsr_test:0160,test,normal,evidence,The vase is behind the cat.,The vase is behind the cat.,behind,depth,vase,cat,False,,,False,True,False,Qwen/Qwen2-VL-7B-Instruct,,7B_zero_shot,,,,7f29cebb9d06eca06ad0d6c690e4d5a083b71a9c42008f88e92474e3ff0eb98a,eb4075c77285da02c52794154760fa969fb21ab3dcceb0820cb7d2ba27d27471,http://images.cocodataset.org/train2017/000000261225.jpg,http://images.cocodataset.org/train2017/000000261225.jpg,,http://images.cocodataset.org/train2017/000000261225.jpg,normal,tier_a_v0.1,"{""axis"": ""evidence"", ""condition"": ""normal""}",,"{""do_sample"": false, ""max_new_tokens"": 5}",tier_a_pilot200,2f047945e4a22ea8774c8172826991930be36ad0,v0.1
vsr_test:0161,vsr_test:0161,test,normal,evidence,The cat is at the edge of the laptop.,The cat is at the edge of the laptop.,at the edge of,topology_contact,cat,laptop,True,,,False,False,False.,Qwen/Qwen2-VL-7B-Instruct,,7B_zero_shot,,,,7f29cebb9d06eca06ad0d6c690e4d5a083b71a9c42008f88e92474e3ff0eb98a,eb4075c77285da02c52794154760fa969fb21ab3dcceb0820cb7d2ba27d27471,http://images.cocodataset.org/train2017/000000569310.jpg,http://images.cocodataset.org/train2017/000000569310.jpg,,http://images.cocodataset.org/train2017/000000569310.jpg,normal,tier_a_v0.1,"{""axis"": ""evidence"", ""condition"": ""normal""}",,"{""do_sample"": false, ""max_new_tokens"": 5}",tier_a_pilot200,2f047945e4a22ea8774c8172826991930be36ad0,v0.1
vsr_test:0162,vsr_test:0162,test,normal,evidence,The laptop is at the edge of the dining table.,The laptop is at the edge of the dining table.,at the edge of,topology_contact,laptop,dining table,False,,,False,True,False,Qwen/Qwen2-VL-7B-Instruct,,7B_zero_shot,,,,7f29cebb9d06eca06ad0d6c690e4d5a083b71a9c42008f88e92474e3ff0eb98a,eb4075c77285da02c52794154760fa969fb21ab3dcceb0820cb7d2ba27d27471,http://images.cocodataset.org/train2017/000000372381.jpg,http://images.cocodataset.org/train2017/000000372381.jpg,,http://images.cocodataset.org/train2017/000000372381.jpg,normal,tier_a_v0.1,"{""axis"": ""evidence"", ""condition"": ""normal""}",,"{""do_sample"": false, ""max_new_tokens"": 5}",tier_a_pilot200,2f047945e4a22ea8774c8172826991930be36ad0,v0.1
vsr_test:0163,vsr_test:0163,test,normal,evidence,The hot dog is far away from the bench.,The hot dog is far away from the bench.,far away from,proximity,hot dog,bench,False,,,False,True,False.,Qwen/Qwen2-VL-7B-Instruct,,7B_zero_shot,,,,7f29cebb9d06eca06ad0d6c690e4d5a083b71a9c42008f88e92474e3ff0eb98a,eb4075c77285da02c52794154760fa969fb21ab3dcceb0820cb7d2ba27d27471,http://images.cocodataset.org/train2017/000000330955.jpg,http://images.cocodataset.org/train2017/000000330955.jpg,,http://images.cocodataset.org/train2017/000000330955.jpg,normal,tier_a_v0.1,"{""axis"": ""evidence"", ""condition"": ""normal""}",,"{""do_sample"": false, ""max_new_tokens"": 5}",tier_a_pilot200,2f047945e4a22ea8774c8172826991930be36ad0,v0.1
vsr_test:0164,vsr_test:0164,test,normal,evidence,The bed is under the suitcase.,The bed is under the suitcase.,under,vertical,bed,suitcase,False,,,False,True,False,Qwen/Qwen2-VL-7B-Instruct,,7B_zero_shot,,,,7f29cebb9d06eca06ad0d6c690e4d5a083b71a9c42008f88e92474e3ff0eb98a,eb4075c77285da02c52794154760fa969fb21ab3dcceb0820cb7d2ba27d27471,http://images.cocodataset.org/train2017/000000348816.jpg,http://images.cocodataset.org/train2017/000000348816.jpg,,http://images.cocodataset.org/train2017/000000348816.jpg,normal,tier_a_v0.1,"{""axis"": ""evidence"", ""condition"": ""normal""}",,"{""do_sample"": false, ""max_new_tokens"": 5}",tier_a_pilot200,2f047945e4a22ea8774c8172826991930be36ad0,v0.1
vsr_test:0165,vsr_test:0165,test,normal,evidence,The elephant is in front of the truck.,The elephant is in front of the truck.,in front of,depth,elephant,truck,False,,,False,True,False.,Qwen/Qwen2-VL-7B-Instruct,,7B_zero_shot,,,,7f29cebb9d06eca06ad0d6c690e4d5a083b71a9c42008f88e92474e3ff0eb98a,eb4075c77285da02c52794154760fa969fb21ab3dcceb0820cb7d2ba27d27471,http://images.cocodataset.org/train2017/000000027989.jpg,http://images.cocodataset.org/train2017/000000027989.jpg,,http://images.cocodataset.org/train2017/000000027989.jpg,normal,tier_a_v0.1,"{""axis"": ""evidence"", ""condition"": ""normal""}",,"{""do_sample"": false, ""max_new_tokens"": 5}",tier_a_pilot200,2f047945e4a22ea8774c8172826991930be36ad0,v0.1
vsr_test:0166,vsr_test:0166,test,normal,evidence,The bed is beside the bench.,The bed is beside the bench.,beside,horizontal,bed,bench,True,,,True,True,True.,Qwen/Qwen2-VL-7B-Instruct,,7B_zero_shot,,,,7f29cebb9d06eca06ad0d6c690e4d5a083b71a9c42008f88e92474e3ff0eb98a,eb4075c77285da02c52794154760fa969fb21ab3dcceb0820cb7d2ba27d27471,http://images.cocodataset.org/train2017/000000268227.jpg,http://images.cocodataset.org/train2017/000000268227.jpg,,http://images.cocodataset.org/train2017/000000268227.jpg,normal,tier_a_v0.1,"{""axis"": ""evidence"", ""condition"": ""normal""}",,"{""do_sample"": false, ""max_new_tokens"": 5}",tier_a_pilot200,2f047945e4a22ea8774c8172826991930be36ad0,v0.1
vsr_test:0167,vsr_test:0167,test,normal,evidence,The person is touching the suitcase.,The person is touching the suitcase.,touching,topology_contact,person,suitcase,False,,,True,False,True.,Qwen/Qwen2-VL-7B-Instruct,,7B_zero_shot,,,,7f29cebb9d06eca06ad0d6c690e4d5a083b71a9c42008f88e92474e3ff0eb98a,eb4075c77285da02c52794154760fa969fb21ab3dcceb0820cb7d2ba27d27471,http://images.cocodataset.org/val2017/000000375278.jpg,http://images.cocodataset.org/val2017/000000375278.jpg,,http://images.cocodataset.org/val2017/000000375278.jpg,normal,tier_a_v0.1,"{""axis"": ""evidence"", ""condition"": ""normal""}",,"{""do_sample"": false, ""max_new_tokens"": 5}",tier_a_pilot200,2f047945e4a22ea8774c8172826991930be36ad0,v0.1
vsr_test:0168,vsr_test:0168,test,normal,evidence,The surfboard is connected to the truck.,The surfboard is connected to the truck.,connected to,topology_contact,surfboard,truck,False,,,False,True,False.,Qwen/Qwen2-VL-7B-Instruct,,7B_zero_shot,,,,7f29cebb9d06eca06ad0d6c690e4d5a083b71a9c42008f88e92474e3ff0eb98a,eb4075c77285da02c52794154760fa969fb21ab3dcceb0820cb7d2ba27d27471,http://images.cocodataset.org/train2017/000000083580.jpg,http://images.cocodataset.org/train2017/000000083580.jpg,,http://images.cocodataset.org/train2017/000000083580.jpg,normal,tier_a_v0.1,"{""axis"": ""evidence"", ""condition"": ""normal""}",,"{""do_sample"": false, ""max_new_tokens"": 5}",tier_a_pilot200,2f047945e4a22ea8774c8172826991930be36ad0,v0.1
vsr_test:0169,vsr_test:0169,test,normal,evidence,The potted plant is at the side of the bench.,The potted plant is at the side of the bench.,at the side of,horizontal,potted plant,bench,True,,,True,True,True.,Qwen/Qwen2-VL-7B-Instruct,,7B_zero_shot,,,,7f29cebb9d06eca06ad0d6c690e4d5a083b71a9c42008f88e92474e3ff0eb98a,eb4075c77285da02c52794154760fa969fb21ab3dcceb0820cb7d2ba27d27471,http://images.cocodataset.org/train2017/000000139967.jpg,http://images.cocodataset.org/train2017/000000139967.jpg,,http://images.cocodataset.org/train2017/000000139967.jpg,normal,tier_a_v0.1,"{""axis"": ""evidence"", ""condition"": ""normal""}",,"{""do_sample"": false, ""max_new_tokens"": 5}",tier_a_pilot200,2f047945e4a22ea8774c8172826991930be36ad0,v0.1
vsr_test:0170,vsr_test:0170,test,normal,evidence,The person is facing away from the cow.,The person is facing away from the cow.,facing away from,orientation,person,cow,False,,,False,True,False,Qwen/Qwen2-VL-7B-Instruct,,7B_zero_shot,,,,7f29cebb9d06eca06ad0d6c690e4d5a083b71a9c42008f88e92474e3ff0eb98a,eb4075c77285da02c52794154760fa969fb21ab3dcceb0820cb7d2ba27d27471,http://images.cocodataset.org/train2017/000000221771.jpg,http://images.cocodataset.org/train2017/000000221771.jpg,,http://images.cocodataset.org/train2017/000000221771.jpg,normal,tier_a_v0.1,"{""axis"": ""evidence"", ""condition"": ""normal""}",,"{""do_sample"": false, ""max_new_tokens"": 5}",tier_a_pilot200,2f047945e4a22ea8774c8172826991930be36ad0,v0.1
vsr_test:0171,vsr_test:0171,test,normal,evidence,The teddy bear is facing the cow.,The teddy bear is facing the cow.,facing,orientation,teddy bear,cow,True,,,False,False,False.,Qwen/Qwen2-VL-7B-Instruct,,7B_zero_shot,,,,7f29cebb9d06eca06ad0d6c690e4d5a083b71a9c42008f88e92474e3ff0eb98a,eb4075c77285da02c52794154760fa969fb21ab3dcceb0820cb7d2ba27d27471,http://images.cocodataset.org/train2017/000000459644.jpg,http://images.cocodataset.org/train2017/000000459644.jpg,,http://images.cocodataset.org/train2017/000000459644.jpg,normal,tier_a_v0.1,"{""axis"": ""evidence"", ""condition"": ""normal""}",,"{""do_sample"": false, ""max_new_tokens"": 5}",tier_a_pilot200,2f047945e4a22ea8774c8172826991930be36ad0,v0.1
vsr_test:0172,vsr_test:0172,test,normal,evidence,The cat is away from the apple.,The cat is away from the apple.,away from,proximity,cat,apple,True,,,False,False,False.,Qwen/Qwen2-VL-7B-Instruct,,7B_zero_shot,,,,7f29cebb9d06eca06ad0d6c690e4d5a083b71a9c42008f88e92474e3ff0eb98a,eb4075c77285da02c52794154760fa969fb21ab3dcceb0820cb7d2ba27d27471,http://images.cocodataset.org/train2017/000000389011.jpg,http://images.cocodataset.org/train2017/000000389011.jpg,,http://images.cocodataset.org/train2017/000000389011.jpg,normal,tier_a_v0.1,"{""axis"": ""evidence"", ""condition"": ""normal""}",,"{""do_sample"": false, ""max_new_tokens"": 5}",tier_a_pilot200,2f047945e4a22ea8774c8172826991930be36ad0,v0.1
vsr_test:0173,vsr_test:0173,test,normal,evidence,The cat is touching the keyboard.,The cat is touching the keyboard.,touching,topology_contact,cat,keyboard,False,,,False,True,False,Qwen/Qwen2-VL-7B-Instruct,,7B_zero_shot,,,,7f29cebb9d06eca06ad0d6c690e4d5a083b71a9c42008f88e92474e3ff0eb98a,eb4075c77285da02c52794154760fa969fb21ab3dcceb0820cb7d2ba27d27471,http://images.cocodataset.org/train2017/000000407390.jpg,http://images.cocodataset.org/train2017/000000407390.jpg,,http://images.cocodataset.org/train2017/000000407390.jpg,normal,tier_a_v0.1,"{""axis"": ""evidence"", ""condition"": ""normal""}",,"{""do_sample"": false, ""max_new_tokens"": 5}",tier_a_pilot200,2f047945e4a22ea8774c8172826991930be36ad0,v0.1
vsr_test:0174,vsr_test:0174,test,normal,evidence,The cat is on top of the laptop.,The cat is on top of the laptop.,on top of,vertical,cat,laptop,False,,,False,True,False,Qwen/Qwen2-VL-7B-Instruct,,7B_zero_shot,,,,7f29cebb9d06eca06ad0d6c690e4d5a083b71a9c42008f88e92474e3ff0eb98a,eb4075c77285da02c52794154760fa969fb21ab3dcceb0820cb7d2ba27d27471,http://images.cocodataset.org/train2017/000000452072.jpg,http://images.cocodataset.org/train2017/000000452072.jpg,,http://images.cocodataset.org/train2017/000000452072.jpg,normal,tier_a_v0.1,"{""axis"": ""evidence"", ""condition"": ""normal""}",,"{""do_sample"": false, ""max_new_tokens"": 5}",tier_a_pilot200,2f047945e4a22ea8774c8172826991930be36ad0,v0.1
vsr_test:0175,vsr_test:0175,test,normal,evidence,The person is away from the cake.,The person is away from the cake.,away from,proximity,person,cake,True,,,False,False,False.,Qwen/Qwen2-VL-7B-Instruct,,7B_zero_shot,,,,7f29cebb9d06eca06ad0d6c690e4d5a083b71a9c42008f88e92474e3ff0eb98a,eb4075c77285da02c52794154760fa969fb21ab3dcceb0820cb7d2ba27d27471,http://images.cocodataset.org/train2017/000000398153.jpg,http://images.cocodataset.org/train2017/000000398153.jpg,,http://images.cocodataset.org/train2017/000000398153.jpg,normal,tier_a_v0.1,"{""axis"": ""evidence"", ""condition"": ""normal""}",,"{""do_sample"": false, ""max_new_tokens"": 5}",tier_a_pilot200,2f047945e4a22ea8774c8172826991930be36ad0,v0.1
vsr_test:0176,vsr_test:0176,test,normal,evidence,The couch is touching the cat.,The couch is touching the cat.,touching,topology_contact,couch,cat,True,,,True,True,True.,Qwen/Qwen2-VL-7B-Instruct,,7B_zero_shot,,,,7f29cebb9d06eca06ad0d6c690e4d5a083b71a9c42008f88e92474e3ff0eb98a,eb4075c77285da02c52794154760fa969fb21ab3dcceb0820cb7d2ba27d27471,http://images.cocodataset.org/train2017/000000404754.jpg,http://images.cocodataset.org/train2017/000000404754.jpg,,http://images.cocodataset.org/train2017/000000404754.jpg,normal,tier_a_v0.1,"{""axis"": ""evidence"", ""condition"": ""normal""}",,"{""do_sample"": false, ""max_new_tokens"": 5}",tier_a_pilot200,2f047945e4a22ea8774c8172826991930be36ad0,v0.1
vsr_test:0177,vsr_test:0177,test,normal,evidence,The bicycle is in front of the cat.,The bicycle is in front of the cat.,in front of,depth,bicycle,cat,True,,,False,False,False.,Qwen/Qwen2-VL-7B-Instruct,,7B_zero_shot,,,,7f29cebb9d06eca06ad0d6c690e4d5a083b71a9c42008f88e92474e3ff0eb98a,eb4075c77285da02c52794154760fa969fb21ab3dcceb0820cb7d2ba27d27471,http://images.cocodataset.org/val2017/000000109055.jpg,http://images.cocodataset.org/val2017/000000109055.jpg,,http://images.cocodataset.org/val2017/000000109055.jpg,normal,tier_a_v0.1,"{""axis"": ""evidence"", ""condition"": ""normal""}",,"{""do_sample"": false, ""max_new_tokens"": 5}",tier_a_pilot200,2f047945e4a22ea8774c8172826991930be36ad0,v0.1
vsr_test:0178,vsr_test:0178,test,normal,evidence,The toilet is in front of the truck.,The toilet is in front of the truck.,in front of,depth,toilet,truck,True,,,True,True,True.,Qwen/Qwen2-VL-7B-Instruct,,7B_zero_shot,,,,7f29cebb9d06eca06ad0d6c690e4d5a083b71a9c42008f88e92474e3ff0eb98a,eb4075c77285da02c52794154760fa969fb21ab3dcceb0820cb7d2ba27d27471,http://images.cocodataset.org/train2017/000000127871.jpg,http://images.cocodataset.org/train2017/000000127871.jpg,,http://images.cocodataset.org/train2017/000000127871.jpg,normal,tier_a_v0.1,"{""axis"": ""evidence"", ""condition"": ""normal""}",,"{""do_sample"": false, ""max_new_tokens"": 5}",tier_a_pilot200,2f047945e4a22ea8774c8172826991930be36ad0,v0.1
vsr_test:0179,vsr_test:0179,test,normal,evidence,The bicycle is touching the bed.,The bicycle is touching the bed.,touching,topology_contact,bicycle,bed,True,,,False,False,False.,Qwen/Qwen2-VL-7B-Instruct,,7B_zero_shot,,,,7f29cebb9d06eca06ad0d6c690e4d5a083b71a9c42008f88e92474e3ff0eb98a,eb4075c77285da02c52794154760fa969fb21ab3dcceb0820cb7d2ba27d27471,http://images.cocodataset.org/val2017/000000274687.jpg,http://images.cocodataset.org/val2017/000000274687.jpg,,http://images.cocodataset.org/val2017/000000274687.jpg,normal,tier_a_v0.1,"{""axis"": ""evidence"", ""condition"": ""normal""}",,"{""do_sample"": false, ""max_new_tokens"": 5}",tier_a_pilot200,2f047945e4a22ea8774c8172826991930be36ad0,v0.1
vsr_test:0180,vsr_test:0180,test,normal,evidence,The suitcase is beneath the cat.,The suitcase is beneath the cat.,beneath,vertical,suitcase,cat,True,,,True,True,True.,Qwen/Qwen2-VL-7B-Instruct,,7B_zero_shot,,,,7f29cebb9d06eca06ad0d6c690e4d5a083b71a9c42008f88e92474e3ff0eb98a,eb4075c77285da02c52794154760fa969fb21ab3dcceb0820cb7d2ba27d27471,http://images.cocodataset.org/train2017/000000391632.jpg,http://images.cocodataset.org/train2017/000000391632.jpg,,http://images.cocodataset.org/train2017/000000391632.jpg,normal,tier_a_v0.1,"{""axis"": ""evidence"", ""condition"": ""normal""}",,"{""do_sample"": false, ""max_new_tokens"": 5}",tier_a_pilot200,2f047945e4a22ea8774c8172826991930be36ad0,v0.1
vsr_test:0181,vsr_test:0181,test,normal,evidence,The cup is at the right side of the cat.,The cup is at the right side of the cat.,at the right side of,horizontal,cup,cat,True,,,True,True,True.,Qwen/Qwen2-VL-7B-Instruct,,7B_zero_shot,,,,7f29cebb9d06eca06ad0d6c690e4d5a083b71a9c42008f88e92474e3ff0eb98a,eb4075c77285da02c52794154760fa969fb21ab3dcceb0820cb7d2ba27d27471,http://images.cocodataset.org/train2017/000000248461.jpg,http://images.cocodataset.org/train2017/000000248461.jpg,,http://images.cocodataset.org/train2017/000000248461.jpg,normal,tier_a_v0.1,"{""axis"": ""evidence"", ""condition"": ""normal""}",,"{""do_sample"": false, ""max_new_tokens"": 5}",tier_a_pilot200,2f047945e4a22ea8774c8172826991930be36ad0,v0.1
vsr_test:0182,vsr_test:0182,test,normal,evidence,The suitcase is within the cat.,The suitcase is within the cat.,within,containment,suitcase,cat,False,,,False,True,False.,Qwen/Qwen2-VL-7B-Instruct,,7B_zero_shot,,,,7f29cebb9d06eca06ad0d6c690e4d5a083b71a9c42008f88e92474e3ff0eb98a,eb4075c77285da02c52794154760fa969fb21ab3dcceb0820cb7d2ba27d27471,http://images.cocodataset.org/train2017/000000103582.jpg,http://images.cocodataset.org/train2017/000000103582.jpg,,http://images.cocodataset.org/train2017/000000103582.jpg,normal,tier_a_v0.1,"{""axis"": ""evidence"", ""condition"": ""normal""}",,"{""do_sample"": false, ""max_new_tokens"": 5}",tier_a_pilot200,2f047945e4a22ea8774c8172826991930be36ad0,v0.1
vsr_test:0183,vsr_test:0183,test,normal,evidence,The cat is at the pizza.,The cat is at the pizza.,at,topology_contact,cat,pizza,True,,,True,True,True.,Qwen/Qwen2-VL-7B-Instruct,,7B_zero_shot,,,,7f29cebb9d06eca06ad0d6c690e4d5a083b71a9c42008f88e92474e3ff0eb98a,eb4075c77285da02c52794154760fa969fb21ab3dcceb0820cb7d2ba27d27471,http://images.cocodataset.org/train2017/000000437857.jpg,http://images.cocodataset.org/train2017/000000437857.jpg,,http://images.cocodataset.org/train2017/000000437857.jpg,normal,tier_a_v0.1,"{""axis"": ""evidence"", ""condition"": ""normal""}",,"{""do_sample"": false, ""max_new_tokens"": 5}",tier_a_pilot200,2f047945e4a22ea8774c8172826991930be36ad0,v0.1
vsr_test:0184,vsr_test:0184,test,normal,evidence,The boat is in the tv.,The boat is in the tv.,in,containment,boat,tv,True,,,True,True,True.,Qwen/Qwen2-VL-7B-Instruct,,7B_zero_shot,,,,7f29cebb9d06eca06ad0d6c690e4d5a083b71a9c42008f88e92474e3ff0eb98a,eb4075c77285da02c52794154760fa969fb21ab3dcceb0820cb7d2ba27d27471,http://images.cocodataset.org/train2017/000000344507.jpg,http://images.cocodataset.org/train2017/000000344507.jpg,,http://images.cocodataset.org/train2017/000000344507.jpg,normal,tier_a_v0.1,"{""axis"": ""evidence"", ""condition"": ""normal""}",,"{""do_sample"": false, ""max_new_tokens"": 5}",tier_a_pilot200,2f047945e4a22ea8774c8172826991930be36ad0,v0.1
vsr_test:0185,vsr_test:0185,test,normal,evidence,The truck is beneath the couch.,The truck is beneath the couch.,beneath,vertical,truck,couch,True,,,True,True,True.,Qwen/Qwen2-VL-7B-Instruct,,7B_zero_shot,,,,7f29cebb9d06eca06ad0d6c690e4d5a083b71a9c42008f88e92474e3ff0eb98a,eb4075c77285da02c52794154760fa969fb21ab3dcceb0820cb7d2ba27d27471,http://images.cocodataset.org/train2017/000000357537.jpg,http://images.cocodataset.org/train2017/000000357537.jpg,,http://images.cocodataset.org/train2017/000000357537.jpg,normal,tier_a_v0.1,"{""axis"": ""evidence"", ""condition"": ""normal""}",,"{""do_sample"": false, ""max_new_tokens"": 5}",tier_a_pilot200,2f047945e4a22ea8774c8172826991930be36ad0,v0.1
vsr_test:0186,vsr_test:0186,test,normal,evidence,The couch is on top of the truck.,The couch is on top of the truck.,on top of,vertical,couch,truck,True,,,True,True,True.,Qwen/Qwen2-VL-7B-Instruct,,7B_zero_shot,,,,7f29cebb9d06eca06ad0d6c690e4d5a083b71a9c42008f88e92474e3ff0eb98a,eb4075c77285da02c52794154760fa969fb21ab3dcceb0820cb7d2ba27d27471,http://images.cocodataset.org/train2017/000000408975.jpg,http://images.cocodataset.org/train2017/000000408975.jpg,,http://images.cocodataset.org/train2017/000000408975.jpg,normal,tier_a_v0.1,"{""axis"": ""evidence"", ""condition"": ""normal""}",,"{""do_sample"": false, ""max_new_tokens"": 5}",tier_a_pilot200,2f047945e4a22ea8774c8172826991930be36ad0,v0.1
vsr_test:0187,vsr_test:0187,test,normal,evidence,The dog is in front of the sports ball.,The dog is in front of the sports ball.,in front of,depth,dog,sports ball,True,,,False,False,False.,Qwen/Qwen2-VL-7B-Instruct,,7B_zero_shot,,,,7f29cebb9d06eca06ad0d6c690e4d5a083b71a9c42008f88e92474e3ff0eb98a,eb4075c77285da02c52794154760fa969fb21ab3dcceb0820cb7d2ba27d27471,http://images.cocodataset.org/train2017/000000284772.jpg,http://images.cocodataset.org/train2017/000000284772.jpg,,http://images.cocodataset.org/train2017/000000284772.jpg,normal,tier_a_v0.1,"{""axis"": ""evidence"", ""condition"": ""normal""}",,"{""do_sample"": false, ""max_new_tokens"": 5}",tier_a_pilot200,2f047945e4a22ea8774c8172826991930be36ad0,v0.1
vsr_test:0188,vsr_test:0188,test,normal,evidence,The person is touching the dining table.,The person is touching the dining table.,touching,topology_contact,person,dining table,True,,,True,True,True,Qwen/Qwen2-VL-7B-Instruct,,7B_zero_shot,,,,7f29cebb9d06eca06ad0d6c690e4d5a083b71a9c42008f88e92474e3ff0eb98a,eb4075c77285da02c52794154760fa969fb21ab3dcceb0820cb7d2ba27d27471,http://images.cocodataset.org/train2017/000000207475.jpg,http://images.cocodataset.org/train2017/000000207475.jpg,,http://images.cocodataset.org/train2017/000000207475.jpg,normal,tier_a_v0.1,"{""axis"": ""evidence"", ""condition"": ""normal""}",,"{""do_sample"": false, ""max_new_tokens"": 5}",tier_a_pilot200,2f047945e4a22ea8774c8172826991930be36ad0,v0.1
vsr_test:0189,vsr_test:0189,test,normal,evidence,The bus is parallel to the motorcycle.,The bus is parallel to the motorcycle.,parallel to,orientation,bus,motorcycle,True,,,True,True,True.,Qwen/Qwen2-VL-7B-Instruct,,7B_zero_shot,,,,7f29cebb9d06eca06ad0d6c690e4d5a083b71a9c42008f88e92474e3ff0eb98a,eb4075c77285da02c52794154760fa969fb21ab3dcceb0820cb7d2ba27d27471,http://images.cocodataset.org/train2017/000000087705.jpg,http://images.cocodataset.org/train2017/000000087705.jpg,,http://images.cocodataset.org/train2017/000000087705.jpg,normal,tier_a_v0.1,"{""axis"": ""evidence"", ""condition"": ""normal""}",,"{""do_sample"": false, ""max_new_tokens"": 5}",tier_a_pilot200,2f047945e4a22ea8774c8172826991930be36ad0,v0.1
vsr_test:0190,vsr_test:0190,test,normal,evidence,The banana is at the left side of the cat.,The banana is at the left side of the cat.,at the left side of,horizontal,banana,cat,True,,,False,False,False.,Qwen/Qwen2-VL-7B-Instruct,,7B_zero_shot,,,,7f29cebb9d06eca06ad0d6c690e4d5a083b71a9c42008f88e92474e3ff0eb98a,eb4075c77285da02c52794154760fa969fb21ab3dcceb0820cb7d2ba27d27471,http://images.cocodataset.org/train2017/000000259475.jpg,http://images.cocodataset.org/train2017/000000259475.jpg,,http://images.cocodataset.org/train2017/000000259475.jpg,normal,tier_a_v0.1,"{""axis"": ""evidence"", ""condition"": ""normal""}",,"{""do_sample"": false, ""max_new_tokens"": 5}",tier_a_pilot200,2f047945e4a22ea8774c8172826991930be36ad0,v0.1
vsr_test:0191,vsr_test:0191,test,normal,evidence,The sheep is inside the bottle.,The sheep is inside the bottle.,inside,containment,sheep,bottle,True,,,True,True,True.,Qwen/Qwen2-VL-7B-Instruct,,7B_zero_shot,,,,7f29cebb9d06eca06ad0d6c690e4d5a083b71a9c42008f88e92474e3ff0eb98a,eb4075c77285da02c52794154760fa969fb21ab3dcceb0820cb7d2ba27d27471,http://images.cocodataset.org/train2017/000000192236.jpg,http://images.cocodataset.org/train2017/000000192236.jpg,,http://images.cocodataset.org/train2017/000000192236.jpg,normal,tier_a_v0.1,"{""axis"": ""evidence"", ""condition"": ""normal""}",,"{""do_sample"": false, ""max_new_tokens"": 5}",tier_a_pilot200,2f047945e4a22ea8774c8172826991930be36ad0,v0.1
vsr_test:0192,vsr_test:0192,test,normal,evidence,The bed is adjacent to the couch.,The bed is adjacent to the couch.,adjacent to,other,bed,,False,,,False,True,False.,Qwen/Qwen2-VL-7B-Instruct,,7B_zero_shot,,,,7f29cebb9d06eca06ad0d6c690e4d5a083b71a9c42008f88e92474e3ff0eb98a,eb4075c77285da02c52794154760fa969fb21ab3dcceb0820cb7d2ba27d27471,http://images.cocodataset.org/train2017/000000221515.jpg,http://images.cocodataset.org/train2017/000000221515.jpg,,http://images.cocodataset.org/train2017/000000221515.jpg,normal,tier_a_v0.1,"{""axis"": ""evidence"", ""condition"": ""normal""}",,"{""do_sample"": false, ""max_new_tokens"": 5}",tier_a_pilot200,2f047945e4a22ea8774c8172826991930be36ad0,v0.1
vsr_test:0193,vsr_test:0193,test,normal,evidence,The dog is next to the book.,The dog is next to the book.,next to,horizontal,dog,book,True,,,False,False,False.,Qwen/Qwen2-VL-7B-Instruct,,7B_zero_shot,,,,7f29cebb9d06eca06ad0d6c690e4d5a083b71a9c42008f88e92474e3ff0eb98a,eb4075c77285da02c52794154760fa969fb21ab3dcceb0820cb7d2ba27d27471,http://images.cocodataset.org/train2017/000000183453.jpg,http://images.cocodataset.org/train2017/000000183453.jpg,,http://images.cocodataset.org/train2017/000000183453.jpg,normal,tier_a_v0.1,"{""axis"": ""evidence"", ""condition"": ""normal""}",,"{""do_sample"": false, ""max_new_tokens"": 5}",tier_a_pilot200,2f047945e4a22ea8774c8172826991930be36ad0,v0.1
vsr_test:0194,vsr_test:0194,test,normal,evidence,The couch is at the right side of the umbrella.,The couch is at the right side of the umbrella.,at the right side of,horizontal,couch,umbrella,False,,,False,True,False.,Qwen/Qwen2-VL-7B-Instruct,,7B_zero_shot,,,,7f29cebb9d06eca06ad0d6c690e4d5a083b71a9c42008f88e92474e3ff0eb98a,eb4075c77285da02c52794154760fa969fb21ab3dcceb0820cb7d2ba27d27471,http://images.cocodataset.org/train2017/000000428329.jpg,http://images.cocodataset.org/train2017/000000428329.jpg,,http://images.cocodataset.org/train2017/000000428329.jpg,normal,tier_a_v0.1,"{""axis"": ""evidence"", ""condition"": ""normal""}",,"{""do_sample"": false, ""max_new_tokens"": 5}",tier_a_pilot200,2f047945e4a22ea8774c8172826991930be36ad0,v0.1
vsr_test:0195,vsr_test:0195,test,normal,evidence,The toilet is left of the cat.,The toilet is left of the cat.,left of,horizontal,toilet,,True,,,False,False,False.,Qwen/Qwen2-VL-7B-Instruct,,7B_zero_shot,,,,7f29cebb9d06eca06ad0d6c690e4d5a083b71a9c42008f88e92474e3ff0eb98a,eb4075c77285da02c52794154760fa969fb21ab3dcceb0820cb7d2ba27d27471,http://images.cocodataset.org/train2017/000000063950.jpg,http://images.cocodataset.org/train2017/000000063950.jpg,,http://images.cocodataset.org/train2017/000000063950.jpg,normal,tier_a_v0.1,"{""axis"": ""evidence"", ""condition"": ""normal""}",,"{""do_sample"": false, ""max_new_tokens"": 5}",tier_a_pilot200,2f047945e4a22ea8774c8172826991930be36ad0,v0.1
vsr_test:0196,vsr_test:0196,test,normal,evidence,The banana is over the person.,The banana is over the person.,over,vertical,banana,person,False,,,True,False,True.,Qwen/Qwen2-VL-7B-Instruct,,7B_zero_shot,,,,7f29cebb9d06eca06ad0d6c690e4d5a083b71a9c42008f88e92474e3ff0eb98a,eb4075c77285da02c52794154760fa969fb21ab3dcceb0820cb7d2ba27d27471,http://images.cocodataset.org/train2017/000000182812.jpg,http://images.cocodataset.org/train2017/000000182812.jpg,,http://images.cocodataset.org/train2017/000000182812.jpg,normal,tier_a_v0.1,"{""axis"": ""evidence"", ""condition"": ""normal""}",,"{""do_sample"": false, ""max_new_tokens"": 5}",tier_a_pilot200,2f047945e4a22ea8774c8172826991930be36ad0,v0.1
vsr_test:0197,vsr_test:0197,test,normal,evidence,The person is touching the cow.,The person is touching the cow.,touching,topology_contact,person,cow,False,,,False,True,False,Qwen/Qwen2-VL-7B-Instruct,,7B_zero_shot,,,,7f29cebb9d06eca06ad0d6c690e4d5a083b71a9c42008f88e92474e3ff0eb98a,eb4075c77285da02c52794154760fa969fb21ab3dcceb0820cb7d2ba27d27471,http://images.cocodataset.org/train2017/000000515186.jpg,http://images.cocodataset.org/train2017/000000515186.jpg,,http://images.cocodataset.org/train2017/000000515186.jpg,normal,tier_a_v0.1,"{""axis"": ""evidence"", ""condition"": ""normal""}",,"{""do_sample"": false, ""max_new_tokens"": 5}",tier_a_pilot200,2f047945e4a22ea8774c8172826991930be36ad0,v0.1
vsr_test:0198,vsr_test:0198,test,normal,evidence,The dining table is at the right side of the person.,The dining table is at the right side of the person.,at the right side of,horizontal,dining table,person,False,,,False,True,False.,Qwen/Qwen2-VL-7B-Instruct,,7B_zero_shot,,,,7f29cebb9d06eca06ad0d6c690e4d5a083b71a9c42008f88e92474e3ff0eb98a,eb4075c77285da02c52794154760fa969fb21ab3dcceb0820cb7d2ba27d27471,http://images.cocodataset.org/train2017/000000362966.jpg,http://images.cocodataset.org/train2017/000000362966.jpg,,http://images.cocodataset.org/train2017/000000362966.jpg,normal,tier_a_v0.1,"{""axis"": ""evidence"", ""condition"": ""normal""}",,"{""do_sample"": false, ""max_new_tokens"": 5}",tier_a_pilot200,2f047945e4a22ea8774c8172826991930be36ad0,v0.1
vsr_test:0199,vsr_test:0199,test,normal,evidence,The keyboard is below the apple.,The keyboard is below the apple.,below,vertical,keyboard,apple,True,,,True,True,True.,Qwen/Qwen2-VL-7B-Instruct,,7B_zero_shot,,,,7f29cebb9d06eca06ad0d6c690e4d5a083b71a9c42008f88e92474e3ff0eb98a,eb4075c77285da02c52794154760fa969fb21ab3dcceb0820cb7d2ba27d27471,http://images.cocodataset.org/train2017/000000203673.jpg,http://images.cocodataset.org/train2017/000000203673.jpg,,http://images.cocodataset.org/train2017/000000203673.jpg,normal,tier_a_v0.1,"{""axis"": ""evidence"", ""condition"": ""normal""}",,"{""do_sample"": false, ""max_new_tokens"": 5}",tier_a_pilot200,2f047945e4a22ea8774c8172826991930be36ad0,v0.1
