id,statement,relation,ground_truth,prediction,correct,raw_output,image_url
0,The person is inside the refrigerator.,inside,True,True,True, True,http://images.cocodataset.org/train2017/000000451431.jpg
1,The cake consists of the dog.,consists of,True,False,False, False,http://images.cocodataset.org/train2017/000000287427.jpg
2,The bird is above the cat.,above,False,True,False, True,http://images.cocodataset.org/train2017/000000072556.jpg
3,The laptop is facing the sandwich.,facing,False,True,False, True,http://images.cocodataset.org/train2017/000000519404.jpg
4,The elephant is inside the truck.,inside,False,False,True, False,http://images.cocodataset.org/train2017/000000294749.jpg
5,The cat is at the edge of the dining table.,at the edge of,False,True,False, True,http://images.cocodataset.org/train2017/000000572993.jpg
6,The bench is touching the dining table.,touching,True,True,True, True,http://images.cocodataset.org/train2017/000000550405.jpg
7,The motorcycle is in front of the truck.,in front of,True,True,True, True,http://images.cocodataset.org/train2017/000000057381.jpg
8,The bench is beside the bed.,beside,True,True,True, True,http://images.cocodataset.org/train2017/000000268227.jpg
9,The bench is behind the teddy bear.,behind,False,False,True, False,http://images.cocodataset.org/train2017/000000395531.jpg
10,The motorcycle is in front of the truck.,in front of,False,True,False, True,http://images.cocodataset.org/train2017/000000120207.jpg
11,The bed is at the left side of the bench.,at the left side of,True,True,True, True,http://images.cocodataset.org/train2017/000000262118.jpg
12,The potted plant is behind the fire hydrant.,behind,True,True,True, True,http://images.cocodataset.org/train2017/000000408351.jpg
13,The cat is inside the vase.,inside,True,True,True, True,http://images.cocodataset.org/train2017/000000261225.jpg
14,The airplane is perpendicular to the truck.,perpendicular to,True,True,True, True,http://images.cocodataset.org/train2017/000000538194.jpg
15,The bowl contains the apple.,contains,False,False,True, False,http://images.cocodataset.org/val2017/000000407825.jpg
16,The cat is at the edge of the sink.,at the edge of,False,True,False, True,http://images.cocodataset.org/train2017/000000419051.jpg
17,The potted plant is touching the teddy bear.,touching,True,True,True, True,http://images.cocodataset.org/train2017/000000380299.jpg
18,The bowl contains the banana.,contains,False,False,True, False,http://images.cocodataset.org/train2017/000000266622.jpg
19,The truck is parallel to the motorcycle.,parallel to,False,True,False, True,http://images.cocodataset.org/train2017/000000302514.jpg
20,The bus is away from the cup.,away from,True,True,True, True,http://images.cocodataset.org/train2017/000000067373.jpg
21,The toilet is in the train.,in,False,False,True, False,http://images.cocodataset.org/train2017/000000391774.jpg
22,The teddy bear is perpendicular to the cake.,perpendicular to,True,True,True, True,http://images.cocodataset.org/train2017/000000033372.jpg
23,The cat is on top of the umbrella.,on top of,True,True,True, True,http://images.cocodataset.org/train2017/000000001139.jpg
24,The cup is beside the sandwich.,beside,True,True,True, True,http://images.cocodataset.org/train2017/000000202998.jpg
25,The laptop is at the left side of the cake.,at the left side of,False,False,True, False,http://images.cocodataset.org/train2017/000000512569.jpg
26,The umbrella is attached to the banana.,attached to,False,False,True, False,http://images.cocodataset.org/train2017/000000159296.jpg
27,The apple is above the orange.,above,False,True,False, True,http://images.cocodataset.org/train2017/000000508412.jpg
28,The truck is below the elephant.,below,True,True,True, True,http://images.cocodataset.org/train2017/000000461902.jpg
29,The bicycle is in front of the cat.,in front of,True,True,True, True,http://images.cocodataset.org/train2017/000000193488.jpg
30,The pizza is touching the person.,touching,True,True,True, True,http://images.cocodataset.org/train2017/000000114169.jpg
31,The sheep is at the edge of the cake.,at the edge of,True,True,True, True,http://images.cocodataset.org/train2017/000000409808.jpg
32,The teddy bear is at the side of the person.,at the side of,False,False,True, False,http://images.cocodataset.org/train2017/000000451680.jpg
33,The cat is facing away from the sink.,facing away from,True,True,True, True,http://images.cocodataset.org/train2017/000000508846.jpg
34,The cat is facing away from the toilet.,facing away from,True,True,True, True,http://images.cocodataset.org/train2017/000000455365.jpg
35,The cat is on top of the umbrella.,on top of,False,False,True, False,http://images.cocodataset.org/train2017/000000466789.jpg
36,The truck is under the couch.,under,True,True,True, True,http://images.cocodataset.org/train2017/000000358630.jpg
37,The orange is at the right side of the sandwich.,at the right side of,True,True,True, True,http://images.cocodataset.org/train2017/000000260248.jpg
38,The train contains the bicycle.,contains,True,True,True, True,http://images.cocodataset.org/train2017/000000344271.jpg
39,The oven is in front of the cake.,in front of,True,True,True, True,http://images.cocodataset.org/train2017/000000185777.jpg
40,The boat is in the tv.,in,False,False,True, False,http://images.cocodataset.org/train2017/000000024215.jpg
41,The teddy bear is beneath the dog.,beneath,True,True,True, True,http://images.cocodataset.org/train2017/000000054643.jpg
42,The bench is part of the train.,part of,True,True,True, True,http://images.cocodataset.org/train2017/000000245450.jpg
43,The truck is below the elephant.,below,True,True,True, True,http://images.cocodataset.org/train2017/000000027989.jpg
44,The chair is touching the teddy bear.,touching,False,True,False, True,http://images.cocodataset.org/train2017/000000364722.jpg
45,The person is alongside the oven.,alongside,True,True,True, True,http://images.cocodataset.org/train2017/000000281111.jpg
46,The fire hydrant is near the car.,near,False,False,True, False,http://images.cocodataset.org/train2017/000000035814.jpg
47,The car has as a part the bed.,has as a part,True,True,True, True,http://images.cocodataset.org/train2017/000000477061.jpg
48,The apple is on the dining table.,on,False,False,True, False,http://images.cocodataset.org/train2017/000000333796.jpg
49,The chair is behind the cat.,behind,True,False,False, False,http://images.cocodataset.org/train2017/000000421689.jpg
50,The cow contains the tv.,contains,True,True,True, True,http://images.cocodataset.org/val2017/000000180383.jpg
51,The bowl is beneath the spoon.,beneath,False,True,False, True,http://images.cocodataset.org/train2017/000000326594.jpg
52,The cat is in the toilet.,in,False,True,False, True,http://images.cocodataset.org/train2017/000000225322.jpg
53,The zebra is at the back of the truck.,at the back of,True,False,False, False,http://images.cocodataset.org/train2017/000000319902.jpg
54,The bed is beside the person.,beside,True,True,True, True,http://images.cocodataset.org/train2017/000000160890.jpg
55,The car is far away from the stop sign.,far away from,True,True,True, True,http://images.cocodataset.org/val2017/000000283038.jpg
56,The laptop is at the left side of the banana.,at the left side of,True,True,True, True,http://images.cocodataset.org/train2017/000000093469.jpg
57,The bus contains the dog.,contains,False,False,True, False,http://images.cocodataset.org/train2017/000000569177.jpg
58,The horse is at the back of the truck.,at the back of,True,True,True, True,http://images.cocodataset.org/train2017/000000295460.jpg
59,The cat is at the left side of the laptop.,at the left side of,False,False,True, False,http://images.cocodataset.org/train2017/000000232394.jpg
60,The suitcase is far from the cat.,far from,False,False,True, False,http://images.cocodataset.org/train2017/000000067307.jpg
61,The cake is in front of the dog.,in front of,False,False,True, False,http://images.cocodataset.org/train2017/000000113326.jpg
62,The teddy bear is in the car.,in,True,True,True, True,http://images.cocodataset.org/train2017/000000274657.jpg
63,The bench is touching the dining table.,touching,False,False,True, False,http://images.cocodataset.org/train2017/000000462023.jpg
64,The cat is at the left side of the teddy bear.,at the left side of,False,True,False, True,http://images.cocodataset.org/train2017/000000555951.jpg
65,The car contains the dog.,contains,False,False,True, False,http://images.cocodataset.org/train2017/000000374922.jpg
66,The person is touching the pizza.,touching,False,False,True, False,http://images.cocodataset.org/train2017/000000144641.jpg
67,The dining table is below the truck.,below,False,False,True, False,http://images.cocodataset.org/train2017/000000082894.jpg
68,The dining table is beneath the pizza.,beneath,True,True,True, True,http://images.cocodataset.org/train2017/000000334085.jpg
69,The book is behind the cat.,behind,False,True,False, True,http://images.cocodataset.org/train2017/000000014766.jpg
70,The person is touching the hot dog.,touching,True,True,True, True,http://images.cocodataset.org/train2017/000000325473.jpg
71,The broccoli is beside the bowl.,beside,False,False,True, False,http://images.cocodataset.org/train2017/000000355881.jpg
72,The dog is touching the cat.,touching,True,True,True, True,http://images.cocodataset.org/train2017/000000456376.jpg
73,The suitcase is on top of the person.,on top of,False,True,False, True,http://images.cocodataset.org/train2017/000000435986.jpg
74,The handbag is attached to the person.,attached to,False,True,False, True,http://images.cocodataset.org/train2017/000000398305.jpg
75,The person is at the left side of the truck.,at the left side of,True,True,True, True,http://images.cocodataset.org/train2017/000000570956.jpg
76,The microwave is under the cat.,under,False,False,True, False,http://images.cocodataset.org/train2017/000000019131.jpg
77,The handbag is beside the sink.,beside,True,True,True, True,http://images.cocodataset.org/train2017/000000022656.jpg
78,The bench is far from the teddy bear.,far from,True,False,False, False,http://images.cocodataset.org/train2017/000000306749.jpg
79,The pizza is in the dog.,in,True,True,True, True,http://images.cocodataset.org/train2017/000000091057.jpg
80,The person is in front of the refrigerator.,in front of,True,True,True, True,http://images.cocodataset.org/train2017/000000261305.jpg
81,The cat is facing away from the tv.,facing away from,False,True,False, True,http://images.cocodataset.org/train2017/000000469661.jpg
82,The bed is beneath the suitcase.,beneath,True,True,True, True,http://images.cocodataset.org/train2017/000000103582.jpg
83,The person is inside the boat.,inside,True,True,True, True,http://images.cocodataset.org/train2017/000000450711.jpg
84,The clock is at the left side of the bird.,at the left side of,False,False,True, False,http://images.cocodataset.org/train2017/000000171067.jpg
85,The pizza is at the left side of the dog.,at the left side of,True,True,True, True,http://images.cocodataset.org/train2017/000000508555.jpg
86,The person is above the cell phone.,above,False,False,True, False,http://images.cocodataset.org/train2017/000000574776.jpg
87,The bus is far away from the train.,far away from,False,True,False, True,http://images.cocodataset.org/train2017/000000434867.jpg
88,The laptop is inside the train.,inside,True,True,True, True,http://images.cocodataset.org/train2017/000000224670.jpg
89,The cat is at the edge of the umbrella.,at the edge of,True,True,True, True,http://images.cocodataset.org/train2017/000000158798.jpg
90,The person is touching the dining table.,touching,False,False,True, False,http://images.cocodataset.org/train2017/000000243970.jpg
91,The toilet is below the cat.,below,True,True,True, True,http://images.cocodataset.org/train2017/000000258523.jpg
92,The dog is in the car.,in,True,True,True, True,http://images.cocodataset.org/val2017/000000151962.jpg
93,The bed is under the umbrella.,under,True,True,True, True,http://images.cocodataset.org/train2017/000000263968.jpg
94,The laptop is above the cat.,above,False,True,False, True,http://images.cocodataset.org/train2017/000000047848.jpg
95,The teddy bear is at the right side of the dog.,at the right side of,False,True,False, True,http://images.cocodataset.org/train2017/000000157616.jpg
96,The backpack is away from the bed.,away from,False,True,False, True,http://images.cocodataset.org/train2017/000000296696.jpg
97,The surfboard is on the truck.,on,True,True,True, True,http://images.cocodataset.org/train2017/000000313957.jpg
98,The pizza is at the edge of the dining table.,at the edge of,False,True,False, True,http://images.cocodataset.org/train2017/000000021563.jpg
99,The suitcase is beside the cat.,beside,True,True,True, True,http://images.cocodataset.org/train2017/000000468951.jpg
100,The book is beside the cat.,beside,True,True,True, True,http://images.cocodataset.org/train2017/000000403231.jpg
101,The cat is in the sink.,in,False,False,True, False,http://images.cocodataset.org/train2017/000000018819.jpg
102,The refrigerator contains the dog.,contains,True,True,True, True,http://images.cocodataset.org/train2017/000000350851.jpg
103,The couch is near the dog.,near,True,True,True, True,http://images.cocodataset.org/train2017/000000286480.jpg
104,The pizza is below the cell phone.,below,False,True,False, True,http://images.cocodataset.org/train2017/000000435920.jpg
105,The person is above the giraffe.,above,True,True,True, True,http://images.cocodataset.org/train2017/000000578671.jpg
106,The parking meter is facing away from the person.,facing away from,False,True,False, True,http://images.cocodataset.org/train2017/000000567205.jpg
107,The dining table is at the right side of the refrigerator.,at the right side of,True,True,True, True,http://images.cocodataset.org/train2017/000000240709.jpg
108,The cake is ahead of the apple.,ahead of,True,True,True, True,http://images.cocodataset.org/train2017/000000020908.jpg
109,The bicycle is in front of the umbrella.,in front of,True,True,True, True,http://images.cocodataset.org/train2017/000000205613.jpg
110,The keyboard is at the right side of the apple.,at the right side of,True,True,True, True,http://images.cocodataset.org/train2017/000000511644.jpg
111,The person is surrounding the banana.,surrounding,False,False,True, False,http://images.cocodataset.org/train2017/000000119729.jpg
112,The dog is in the middle of the bed.,in the middle of,True,True,True, True,http://images.cocodataset.org/train2017/000000016297.jpg
113,The person is touching the cat.,touching,True,True,True, True,http://images.cocodataset.org/train2017/000000101348.jpg
114,The person is facing the book.,facing,False,True,False, True,http://images.cocodataset.org/train2017/000000040114.jpg
115,The handbag is on the person.,on,False,True,False, True,http://images.cocodataset.org/train2017/000000570560.jpg
116,The person is touching the teddy bear.,touching,True,True,True, True,http://images.cocodataset.org/train2017/000000387358.jpg
117,The teddy bear is beneath the person.,beneath,True,True,True, True,http://images.cocodataset.org/train2017/000000332833.jpg
118,The cell phone is at the right side of the person.,at the right side of,False,False,True, False,http://images.cocodataset.org/train2017/000000109488.jpg
119,The dog is on the surfboard.,on,True,True,True, True,http://images.cocodataset.org/train2017/000000372029.jpg
120,The cake is alongside the laptop.,alongside,True,True,True, True,http://images.cocodataset.org/train2017/000000518592.jpg
121,The bed is touching the cat.,touching,True,True,True, True,http://images.cocodataset.org/train2017/000000067995.jpg
122,The tv is across from the boat.,across from,True,True,True, True,http://images.cocodataset.org/train2017/000000024215.jpg
123,The bed is inside the truck.,inside,True,True,True, True,http://images.cocodataset.org/val2017/000000235399.jpg
124,The bus is in front of the car.,in front of,False,True,False, True,http://images.cocodataset.org/train2017/000000244421.jpg
125,The horse is right of the person.,right of,False,True,False, True,http://images.cocodataset.org/train2017/000000532748.jpg
126,The couch is in front of the bed.,in front of,True,True,True, True,http://images.cocodataset.org/train2017/000000305660.jpg
127,The cat is close to the tv.,close to,False,False,True, False,http://images.cocodataset.org/train2017/000000004622.jpg
128,The laptop is off the pizza.,off,False,True,False, True,http://images.cocodataset.org/train2017/000000022953.jpg
129,The person is beneath the remote.,beneath,False,True,False, True,http://images.cocodataset.org/train2017/000000572296.jpg
130,The hot dog is in the bowl.,in,True,True,True, True,http://images.cocodataset.org/train2017/000000428299.jpg
131,The cat is on top of the suitcase.,on top of,False,True,False, True,http://images.cocodataset.org/train2017/000000137413.jpg
132,The person is against the couch.,against,True,True,True, True,http://images.cocodataset.org/train2017/000000465143.jpg
133,The chair is touching the bird.,touching,False,False,True, False,http://images.cocodataset.org/train2017/000000430238.jpg
134,The bench is under the dog.,under,False,True,False, True,http://images.cocodataset.org/val2017/000000549220.jpg
135,The teddy bear is on top of the cake.,on top of,True,True,True, True,http://images.cocodataset.org/train2017/000000479563.jpg
136,The hot dog is far away from the bench.,far away from,False,False,True, False,http://images.cocodataset.org/train2017/000000292661.jpg
137,The person is touching the refrigerator.,touching,False,True,False, True,http://images.cocodataset.org/train2017/000000518321.jpg
138,The book is on the teddy bear.,on,False,True,False, True,http://images.cocodataset.org/train2017/000000434672.jpg
139,The pizza is behind the sandwich.,behind,False,False,True, False,http://images.cocodataset.org/train2017/000000501756.jpg
140,The bench is on the boat.,on,True,False,False, False,http://images.cocodataset.org/train2017/000000082678.jpg
141,The cat is into the handbag.,into,True,True,True, True,http://images.cocodataset.org/train2017/000000527529.jpg
142,The horse is behind the cat.,behind,True,True,True, True,http://images.cocodataset.org/train2017/000000485148.jpg
143,The cow is below the person.,below,True,True,True, True,http://images.cocodataset.org/train2017/000000120007.jpg
144,The oven is below the pizza.,below,True,True,True, True,http://images.cocodataset.org/train2017/000000001536.jpg
145,The bench is over the cat.,over,False,True,False, True,http://images.cocodataset.org/train2017/000000107188.jpg
146,The dog is under the chair.,under,False,True,False, True,http://images.cocodataset.org/train2017/000000146623.jpg
147,The person is touching the refrigerator.,touching,False,True,False, True,http://images.cocodataset.org/train2017/000000407617.jpg
148,The handbag is under the cat.,under,False,True,False, True,http://images.cocodataset.org/train2017/000000470862.jpg
149,The sandwich is touching the person.,touching,True,True,True, True,http://images.cocodataset.org/train2017/000000492164.jpg
150,The bed is under the teddy bear.,under,True,True,True, True,http://images.cocodataset.org/train2017/000000580274.jpg
151,The pizza is off the dining table.,off,False,True,False, True,http://images.cocodataset.org/train2017/000000432035.jpg
152,The boat is on the truck.,on,False,False,True, False,http://images.cocodataset.org/train2017/000000246233.jpg
153,The cat is in front of the refrigerator.,in front of,True,True,True, True,http://images.cocodataset.org/train2017/000000117774.jpg
154,The bus is behind the bicycle.,behind,True,True,True, True,http://images.cocodataset.org/train2017/000000469728.jpg
155,The person is on the horse.,on,True,True,True, True,http://images.cocodataset.org/train2017/000000460033.jpg
156,The person is facing away from the horse.,facing away from,True,True,True, True,http://images.cocodataset.org/train2017/000000004972.jpg
157,The chair is left of the teddy bear.,left of,True,True,True, True,http://images.cocodataset.org/train2017/000000531568.jpg
158,The cow is far away from the truck.,far away from,True,True,True, True,http://images.cocodataset.org/train2017/000000484341.jpg
159,The teddy bear is next to the wine glass.,next to,False,False,True, False,http://images.cocodataset.org/train2017/000000439117.jpg
160,The vase is behind the cat.,behind,False,False,True, False,http://images.cocodataset.org/train2017/000000261225.jpg
161,The cat is at the edge of the laptop.,at the edge of,True,True,True, True,http://images.cocodataset.org/train2017/000000569310.jpg
162,The laptop is at the edge of the dining table.,at the edge of,False,True,False, True,http://images.cocodataset.org/train2017/000000372381.jpg
163,The hot dog is far away from the bench.,far away from,False,False,True, False,http://images.cocodataset.org/train2017/000000330955.jpg
164,The bed is under the suitcase.,under,False,False,True, False,http://images.cocodataset.org/train2017/000000348816.jpg
165,The elephant is in front of the truck.,in front of,False,True,False, True,http://images.cocodataset.org/train2017/000000027989.jpg
166,The bed is beside the bench.,beside,True,True,True, True,http://images.cocodataset.org/train2017/000000268227.jpg
167,The person is touching the suitcase.,touching,False,True,False, True,http://images.cocodataset.org/val2017/000000375278.jpg
168,The surfboard is connected to the truck.,connected to,False,False,True, False,http://images.cocodataset.org/train2017/000000083580.jpg
169,The potted plant is at the side of the bench.,at the side of,True,True,True, True,http://images.cocodataset.org/train2017/000000139967.jpg
170,The person is facing away from the cow.,facing away from,False,True,False, True,http://images.cocodataset.org/train2017/000000221771.jpg
171,The teddy bear is facing the cow.,facing,True,True,True, True,http://images.cocodataset.org/train2017/000000459644.jpg
172,The cat is away from the apple.,away from,True,True,True, True,http://images.cocodataset.org/train2017/000000389011.jpg
173,The cat is touching the keyboard.,touching,False,False,True, False,http://images.cocodataset.org/train2017/000000407390.jpg
174,The cat is on top of the laptop.,on top of,False,True,False, True,http://images.cocodataset.org/train2017/000000452072.jpg
175,The person is away from the cake.,away from,True,False,False, False,http://images.cocodataset.org/train2017/000000398153.jpg
176,The couch is touching the cat.,touching,True,True,True, True,http://images.cocodataset.org/train2017/000000404754.jpg
177,The bicycle is in front of the cat.,in front of,True,True,True, True,http://images.cocodataset.org/val2017/000000109055.jpg
178,The toilet is in front of the truck.,in front of,True,True,True, True,http://images.cocodataset.org/train2017/000000127871.jpg
179,The bicycle is touching the bed.,touching,True,True,True, True,http://images.cocodataset.org/val2017/000000274687.jpg
180,The suitcase is beneath the cat.,beneath,True,True,True, True,http://images.cocodataset.org/train2017/000000391632.jpg
181,The cup is at the right side of the cat.,at the right side of,True,True,True, True,http://images.cocodataset.org/train2017/000000248461.jpg
182,The suitcase is within the cat.,within,False,True,False, True,http://images.cocodataset.org/train2017/000000103582.jpg
183,The cat is at the pizza.,at,True,True,True, True,http://images.cocodataset.org/train2017/000000437857.jpg
184,The boat is in the tv.,in,True,True,True, True,http://images.cocodataset.org/train2017/000000344507.jpg
185,The truck is beneath the couch.,beneath,True,True,True, True,http://images.cocodataset.org/train2017/000000357537.jpg
186,The couch is on top of the truck.,on top of,True,True,True, True,http://images.cocodataset.org/train2017/000000408975.jpg
187,The dog is in front of the sports ball.,in front of,True,True,True, True,http://images.cocodataset.org/train2017/000000284772.jpg
188,The person is touching the dining table.,touching,True,True,True, True,http://images.cocodataset.org/train2017/000000207475.jpg
189,The bus is parallel to the motorcycle.,parallel to,True,True,True, True,http://images.cocodataset.org/train2017/000000087705.jpg
190,The banana is at the left side of the cat.,at the left side of,True,False,False, False,http://images.cocodataset.org/train2017/000000259475.jpg
191,The sheep is inside the bottle.,inside,True,True,True, True,http://images.cocodataset.org/train2017/000000192236.jpg
192,The bed is adjacent to the couch.,adjacent to,False,False,True, False,http://images.cocodataset.org/train2017/000000221515.jpg
193,The dog is next to the book.,next to,True,False,False, False,http://images.cocodataset.org/train2017/000000183453.jpg
194,The couch is at the right side of the umbrella.,at the right side of,False,True,False, True,http://images.cocodataset.org/train2017/000000428329.jpg
195,The toilet is left of the cat.,left of,True,True,True, True,http://images.cocodataset.org/train2017/000000063950.jpg
196,The banana is over the person.,over,False,True,False, True,http://images.cocodataset.org/train2017/000000182812.jpg
197,The person is touching the cow.,touching,False,False,True, False,http://images.cocodataset.org/train2017/000000515186.jpg
198,The dining table is at the right side of the person.,at the right side of,False,False,True, False,http://images.cocodataset.org/train2017/000000362966.jpg
199,The keyboard is below the apple.,below,True,True,True, True,http://images.cocodataset.org/train2017/000000203673.jpg
200,The car is above the cat.,above,True,False,False, False,http://images.cocodataset.org/train2017/000000230224.jpg
201,The microwave is above the laptop.,above,False,True,False, True,http://images.cocodataset.org/val2017/000000160556.jpg
202,The bed is touching the laptop.,touching,False,True,False, True,http://images.cocodataset.org/train2017/000000522360.jpg
203,The donut is through the dog.,through,False,True,False, True,http://images.cocodataset.org/train2017/000000475967.jpg
204,The cat is on top of the handbag.,on top of,True,True,True, True,http://images.cocodataset.org/train2017/000000470521.jpg
205,The cat is on top of the dining table.,on top of,True,True,True, True,http://images.cocodataset.org/train2017/000000568171.jpg
206,The suitcase is in front of the person.,in front of,False,True,False, True,http://images.cocodataset.org/train2017/000000261779.jpg
207,The cat is at the right side of the bed.,at the right side of,True,True,True, True,http://images.cocodataset.org/val2017/000000134882.jpg
208,The cat is touching the dining table.,touching,False,True,False, True,http://images.cocodataset.org/train2017/000000009735.jpg
209,The car is far away from the cake.,far away from,True,False,False, False,http://images.cocodataset.org/train2017/000000108303.jpg
210,The pizza is right of the bottle.,right of,True,True,True, True,http://images.cocodataset.org/train2017/000000342259.jpg
211,The bus is facing away from the cow.,facing away from,True,True,True, True,http://images.cocodataset.org/train2017/000000162355.jpg
212,The book is below the bird.,below,False,False,True, False,http://images.cocodataset.org/train2017/000000028134.jpg
213,The laptop is facing the sandwich.,facing,True,True,True, True,http://images.cocodataset.org/train2017/000000302643.jpg
214,The cat is in the backpack.,in,True,True,True, True,http://images.cocodataset.org/train2017/000000477673.jpg
215,The person is at the right side of the cake.,at the right side of,False,False,True, False,http://images.cocodataset.org/train2017/000000046441.jpg
216,The horse is on top of the chair.,on top of,True,True,True, True,http://images.cocodataset.org/train2017/000000407220.jpg
217,The dog is inside the bus.,inside,False,False,True, False,http://images.cocodataset.org/train2017/000000033444.jpg
218,The person is far from the bear.,far from,True,True,True, True,http://images.cocodataset.org/train2017/000000283942.jpg
219,The bird is on top of the clock.,on top of,False,True,False, True,http://images.cocodataset.org/train2017/000000510781.jpg
220,The person is alongside the teddy bear.,alongside,True,True,True, True,http://images.cocodataset.org/train2017/000000153892.jpg
221,The person is on top of the couch.,on top of,True,True,True, True,http://images.cocodataset.org/train2017/000000344814.jpg
222,The pizza is above the oven.,above,True,True,True, True,http://images.cocodataset.org/train2017/000000419473.jpg
223,The dog is on the couch.,on,False,True,False, True,http://images.cocodataset.org/train2017/000000283940.jpg
224,The person is touching the pizza.,touching,True,True,True, True,http://images.cocodataset.org/train2017/000000102330.jpg
225,The person is away from the sandwich.,away from,False,True,False, True,http://images.cocodataset.org/train2017/000000324513.jpg
226,The cat is with the teddy bear.,with,False,False,True, False,http://images.cocodataset.org/val2017/000000520531.jpg
227,The cow is in the truck.,in,False,False,True, False,http://images.cocodataset.org/train2017/000000486506.jpg
228,The cat is touching the banana.,touching,True,True,True, True,http://images.cocodataset.org/train2017/000000066413.jpg
229,The dog is under the chair.,under,True,True,True, True,http://images.cocodataset.org/train2017/000000579591.jpg
230,The teddy bear is facing away from the book.,facing away from,False,True,False, True,http://images.cocodataset.org/train2017/000000089870.jpg
231,The cow is above the cup.,above,True,True,True, True,http://images.cocodataset.org/train2017/000000576084.jpg
232,The person is behind the bear.,behind,True,True,True, True,http://images.cocodataset.org/train2017/000000497662.jpg
233,The dog is on the couch.,on,False,False,True, False,http://images.cocodataset.org/train2017/000000282287.jpg
234,The book is on top of the teddy bear.,on top of,False,False,True, False,http://images.cocodataset.org/train2017/000000148977.jpg
235,The teddy bear is on top of the bed.,on top of,True,True,True, True,http://images.cocodataset.org/train2017/000000010395.jpg
236,The tv is under the cat.,under,True,False,False, False,http://images.cocodataset.org/train2017/000000379612.jpg
237,The cat is in the sink.,in,False,False,True, False,http://images.cocodataset.org/train2017/000000467675.jpg
238,The person is in the middle of the bed.,in the middle of,False,True,False, True,http://images.cocodataset.org/train2017/000000281475.jpg
239,The cat is facing away from the toilet.,facing away from,True,True,True, True,http://images.cocodataset.org/train2017/000000518156.jpg
240,The oven is beneath the sandwich.,beneath,True,False,False, False,http://images.cocodataset.org/val2017/000000046463.jpg
241,The laptop is beside the teddy bear.,beside,True,True,True, True,http://images.cocodataset.org/train2017/000000113132.jpg
242,The cat is away from the couch.,away from,False,False,True, False,http://images.cocodataset.org/train2017/000000477137.jpg
243,The banana is touching the motorcycle.,touching,False,False,True, False,http://images.cocodataset.org/train2017/000000414258.jpg
244,The cake is at the right side of the laptop.,at the right side of,True,True,True, True,http://images.cocodataset.org/train2017/000000393375.jpg
245,The truck is next to the motorcycle.,next to,True,True,True, True,http://images.cocodataset.org/train2017/000000137681.jpg
246,The couch is touching the bear.,touching,True,True,True, True,http://images.cocodataset.org/train2017/000000107571.jpg
247,The teddy bear is at the left side of the cat.,at the left side of,True,True,True, True,http://images.cocodataset.org/train2017/000000484174.jpg
248,The truck is in front of the giraffe.,in front of,True,True,True, True,http://images.cocodataset.org/train2017/000000053748.jpg
249,The person is against the couch.,against,False,True,False, True,http://images.cocodataset.org/train2017/000000250400.jpg
250,The laptop is facing the chair.,facing,True,True,True, True,http://images.cocodataset.org/train2017/000000066376.jpg
251,The person is right of the refrigerator.,right of,False,True,False, True,http://images.cocodataset.org/train2017/000000462151.jpg
252,The bear is on the cake.,on,True,True,True, True,http://images.cocodataset.org/train2017/000000536517.jpg
253,The book is at the edge of the bench.,at the edge of,True,True,True, True,http://images.cocodataset.org/train2017/000000273772.jpg
254,The apple is on top of the orange.,on top of,True,True,True, True,http://images.cocodataset.org/train2017/000000273288.jpg
255,The cat is surrounding the remote.,surrounding,False,True,False, True,http://images.cocodataset.org/train2017/000000373623.jpg
256,The sink is in front of the person.,in front of,True,True,True, True,http://images.cocodataset.org/train2017/000000571334.jpg
257,The cat is on top of the pizza.,on top of,True,True,True, True,http://images.cocodataset.org/train2017/000000196480.jpg
258,The person is touching the teddy bear.,touching,True,True,True, True,http://images.cocodataset.org/train2017/000000438258.jpg
259,The laptop is at the left side of the donut.,at the left side of,False,True,False, True,http://images.cocodataset.org/train2017/000000002570.jpg
260,The hot dog is in front of the banana.,in front of,True,True,True, True,http://images.cocodataset.org/train2017/000000029794.jpg
261,The bench is under the teddy bear.,under,True,True,True, True,http://images.cocodataset.org/train2017/000000147333.jpg
262,The tv is beneath the cat.,beneath,False,False,True, False,http://images.cocodataset.org/train2017/000000469317.jpg
263,The motorcycle is below the umbrella.,below,False,False,True, False,http://images.cocodataset.org/train2017/000000575931.jpg
264,The cow is in front of the person.,in front of,True,True,True, True,http://images.cocodataset.org/train2017/000000316536.jpg
265,The bed is off the teddy bear.,off,True,True,True, True,http://images.cocodataset.org/train2017/000000422803.jpg
266,The person is close to the cake.,close to,True,True,True, True,http://images.cocodataset.org/train2017/000000111911.jpg
267,The bus is in front of the boat.,in front of,True,True,True, True,http://images.cocodataset.org/val2017/000000449432.jpg
268,The truck is on top of the car.,on top of,False,True,False, True,http://images.cocodataset.org/train2017/000000004212.jpg
269,The cat is into the handbag.,into,False,True,False, True,http://images.cocodataset.org/train2017/000000122109.jpg
270,The teddy bear is enclosed by the chair.,enclosed by,True,True,True, True,http://images.cocodataset.org/train2017/000000011222.jpg
271,The microwave is behind the person.,behind,False,True,False, True,http://images.cocodataset.org/train2017/000000264255.jpg
272,The suitcase contains the cat.,contains,False,True,False, True,http://images.cocodataset.org/val2017/000000432468.jpg
273,The cake is at the right side of the apple.,at the right side of,False,False,True, False,http://images.cocodataset.org/train2017/000000071664.jpg
274,The cat is under the dog.,under,False,True,False, True,http://images.cocodataset.org/train2017/000000394976.jpg
275,The dining table is under the suitcase.,under,True,True,True, True,http://images.cocodataset.org/train2017/000000534124.jpg
276,The cake has as a part the laptop.,has as a part,False,False,True, False,http://images.cocodataset.org/train2017/000000518592.jpg
277,The laptop is touching the person.,touching,True,True,True, True,http://images.cocodataset.org/train2017/000000463865.jpg
278,The car is behind the teddy bear.,behind,False,True,False, True,http://images.cocodataset.org/train2017/000000151764.jpg
279,The dining table is in front of the person.,in front of,False,True,False, True,http://images.cocodataset.org/train2017/000000126625.jpg
280,The person is facing the teddy bear.,facing,True,True,True, True,http://images.cocodataset.org/train2017/000000041753.jpg
281,The cat is enclosed by the sink.,enclosed by,False,True,False, True,http://images.cocodataset.org/train2017/000000461300.jpg
282,The chair is behind the person.,behind,True,True,True, True,http://images.cocodataset.org/train2017/000000540765.jpg
283,The airplane is far away from the bicycle.,far away from,True,True,True, True,http://images.cocodataset.org/val2017/000000388258.jpg
284,The laptop is at the right side of the apple.,at the right side of,False,True,False, True,http://images.cocodataset.org/train2017/000000579201.jpg
285,The cat is touching the keyboard.,touching,True,True,True, True,http://images.cocodataset.org/train2017/000000438628.jpg
286,The pizza is touching the dining table.,touching,True,True,True, True,http://images.cocodataset.org/train2017/000000348973.jpg
287,The person is touching the giraffe.,touching,False,True,False, True,http://images.cocodataset.org/train2017/000000388074.jpg
288,The bench is right of the bed.,right of,True,True,True, True,http://images.cocodataset.org/train2017/000000262118.jpg
289,The keyboard is on top of the cat.,on top of,False,True,False, True,http://images.cocodataset.org/train2017/000000386361.jpg
290,The bench is close to the laptop.,close to,True,True,True, True,http://images.cocodataset.org/train2017/000000054723.jpg
291,The book is behind the bus.,behind,False,False,True, False,http://images.cocodataset.org/train2017/000000160407.jpg
292,The cat is on the dining table.,on,False,True,False, True,http://images.cocodataset.org/train2017/000000452072.jpg
293,The cup contains the cat.,contains,False,False,True, False,http://images.cocodataset.org/train2017/000000296188.jpg
294,The book is next to the bed.,next to,True,False,False, False,http://images.cocodataset.org/val2017/000000297353.jpg
295,The umbrella is over the person.,over,False,False,True, False,http://images.cocodataset.org/train2017/000000338431.jpg
296,The banana is inside the bowl.,inside,False,False,True, False,http://images.cocodataset.org/train2017/000000090662.jpg
297,The dining table is behind the person.,behind,True,False,False, False,http://images.cocodataset.org/train2017/000000160459.jpg
298,The book is behind the teddy bear.,behind,True,False,False, False,http://images.cocodataset.org/train2017/000000514292.jpg
299,The suitcase is under the cat.,under,True,True,True, True,http://images.cocodataset.org/train2017/000000533686.jpg
300,The truck contains the elephant.,contains,True,True,True, True,http://images.cocodataset.org/train2017/000000472250.jpg
301,The car is in front of the truck.,in front of,False,False,True, False,http://images.cocodataset.org/train2017/000000279073.jpg
302,The broccoli is at the right side of the pizza.,at the right side of,False,False,True, False,http://images.cocodataset.org/train2017/000000055707.jpg
303,The person is down from the cow.,down from,False,True,False, True,http://images.cocodataset.org/train2017/000000194022.jpg
304,The teddy bear is surrounding the umbrella.,surrounding,False,False,True, False,http://images.cocodataset.org/train2017/000000318168.jpg
305,The dog is on the bus.,on,False,False,True, False,http://images.cocodataset.org/train2017/000000225848.jpg
306,The donut is next to the bowl.,next to,False,True,False, True,http://images.cocodataset.org/train2017/000000400869.jpg
307,The dog is on the bed.,on,True,True,True, True,http://images.cocodataset.org/train2017/000000386778.jpg
308,The apple is above the banana.,above,False,False,True, False,http://images.cocodataset.org/train2017/000000204351.jpg
309,The person is behind the cat.,behind,True,False,False, False,http://images.cocodataset.org/train2017/000000228915.jpg
310,The suitcase is under the cat.,under,False,True,False, True,http://images.cocodataset.org/train2017/000000468951.jpg
311,The cat is touching the bed.,touching,False,False,True, False,http://images.cocodataset.org/train2017/000000530730.jpg
312,The dining table is behind the cat.,behind,True,False,False, False,http://images.cocodataset.org/train2017/000000452072.jpg
313,The elephant is in the middle of the truck.,in the middle of,True,True,True, True,http://images.cocodataset.org/train2017/000000326593.jpg
314,The microwave is opposite to the person.,opposite to,True,True,True, True,http://images.cocodataset.org/train2017/000000481828.jpg
315,The boat is behind the bicycle.,behind,True,True,True, True,http://images.cocodataset.org/train2017/000000390298.jpg
316,The bed is detached from the person.,detached from,True,False,False, False,http://images.cocodataset.org/train2017/000000507385.jpg
317,The couch is under the dog.,under,True,True,True, True,http://images.cocodataset.org/train2017/000000387930.jpg
318,The cat is on top of the microwave.,on top of,False,True,False, True,http://images.cocodataset.org/train2017/000000358359.jpg
319,The carrot is with the person.,with,False,True,False, True,http://images.cocodataset.org/train2017/000000170401.jpg
320,The cat is over the tv.,over,False,True,False, True,http://images.cocodataset.org/train2017/000000396039.jpg
321,The laptop is on top of the couch.,on top of,True,True,True, True,http://images.cocodataset.org/train2017/000000304434.jpg
322,The bed is off the umbrella.,off,False,True,False, True,http://images.cocodataset.org/train2017/000000133030.jpg
323,The cat is in front of the bicycle.,in front of,True,True,True, True,http://images.cocodataset.org/train2017/000000446409.jpg
324,The toaster is near the sandwich.,near,False,True,False, True,http://images.cocodataset.org/train2017/000000214725.jpg
325,The pizza is touching the dog.,touching,False,True,False, True,http://images.cocodataset.org/train2017/000000508555.jpg
326,The potted plant is at the edge of the dining table.,at the edge of,False,True,False, True,http://images.cocodataset.org/train2017/000000053236.jpg
327,The zebra is ahead of the person.,ahead of,True,True,True, True,http://images.cocodataset.org/train2017/000000236925.jpg
328,The dining table is touching the pizza.,touching,False,True,False, True,http://images.cocodataset.org/train2017/000000503456.jpg
329,The book is under the teddy bear.,under,False,True,False, True,http://images.cocodataset.org/train2017/000000469152.jpg
330,The umbrella is under the bird.,under,False,False,True, False,http://images.cocodataset.org/train2017/000000542205.jpg
331,The chair is across from the bed.,across from,False,True,False, True,http://images.cocodataset.org/train2017/000000054401.jpg
332,The bus is away from the horse.,away from,False,True,False, True,http://images.cocodataset.org/train2017/000000411603.jpg
333,The fire hydrant is behind the bird.,behind,False,False,True, False,http://images.cocodataset.org/train2017/000000572804.jpg
334,The umbrella is touching the cat.,touching,True,True,True, True,http://images.cocodataset.org/train2017/000000305338.jpg
335,The tv is above the laptop.,above,False,True,False, True,http://images.cocodataset.org/train2017/000000535185.jpg
336,The pizza is near the sandwich.,near,False,False,True, False,http://images.cocodataset.org/train2017/000000040934.jpg
337,The motorcycle is away from the bird.,away from,True,False,False, False,http://images.cocodataset.org/train2017/000000155777.jpg
338,The bus contains the person.,contains,True,True,True, True,http://images.cocodataset.org/train2017/000000159627.jpg
339,The bed is in front of the couch.,in front of,False,True,False, True,http://images.cocodataset.org/train2017/000000456302.jpg
340,The cake is at the edge of the laptop.,at the edge of,False,False,True, False,http://images.cocodataset.org/train2017/000000512569.jpg
341,The car is under the dog.,under,False,False,True, False,http://images.cocodataset.org/train2017/000000282076.jpg
342,The umbrella is at the right side of the cat.,at the right side of,False,False,True, False,http://images.cocodataset.org/train2017/000000158354.jpg
343,The surfboard is beside the dining table.,beside,True,True,True, True,http://images.cocodataset.org/train2017/000000177809.jpg
344,The teddy bear is next to the wine glass.,next to,True,True,True, True,http://images.cocodataset.org/train2017/000000444343.jpg
345,The couch is under the dog.,under,True,True,True, True,http://images.cocodataset.org/train2017/000000157616.jpg
346,The person is touching the hot dog.,touching,True,True,True, True,http://images.cocodataset.org/train2017/000000335532.jpg
347,The person is touching the donut.,touching,True,True,True, True,http://images.cocodataset.org/train2017/000000309607.jpg
348,The teddy bear is behind the potted plant.,behind,True,True,True, True,http://images.cocodataset.org/train2017/000000082512.jpg
349,The cat is on the laptop.,on,True,True,True, True,http://images.cocodataset.org/train2017/000000309568.jpg
350,The dining table is behind the suitcase.,behind,False,False,True, False,http://images.cocodataset.org/train2017/000000108751.jpg
351,The elephant is far away from the truck.,far away from,False,False,True, False,http://images.cocodataset.org/train2017/000000027989.jpg
352,The motorcycle is ahead of the airplane.,ahead of,False,True,False, True,http://images.cocodataset.org/val2017/000000114770.jpg
353,The teddy bear is next to the mouse.,next to,False,True,False, True,http://images.cocodataset.org/train2017/000000569024.jpg
354,The motorcycle is touching the cat.,touching,False,True,False, True,http://images.cocodataset.org/train2017/000000156506.jpg
355,The pizza is below the broccoli.,below,True,True,True, True,http://images.cocodataset.org/train2017/000000478981.jpg
356,The dog is facing the boat.,facing,True,True,True, True,http://images.cocodataset.org/train2017/000000030667.jpg
357,The person is facing the bear.,facing,True,True,True, True,http://images.cocodataset.org/train2017/000000541911.jpg
358,The parking meter is far away from the car.,far away from,False,False,True, False,http://images.cocodataset.org/train2017/000000431357.jpg
359,The zebra is facing the car.,facing,False,False,True, False,http://images.cocodataset.org/train2017/000000473587.jpg
360,The car is over the cat.,over,True,True,True, True,http://images.cocodataset.org/train2017/000000075742.jpg
361,The laptop is behind the sandwich.,behind,True,True,True, True,http://images.cocodataset.org/train2017/000000028320.jpg
362,The cat is facing the keyboard.,facing,False,True,False, True,http://images.cocodataset.org/train2017/000000530730.jpg
363,The sandwich is at the right side of the bowl.,at the right side of,False,False,True, False,http://images.cocodataset.org/train2017/000000116182.jpg
364,The cat is facing the tv.,facing,False,True,False, True,http://images.cocodataset.org/val2017/000000476810.jpg
365,The teddy bear is touching the couch.,touching,True,True,True, True,http://images.cocodataset.org/train2017/000000355971.jpg
366,The car is away from the truck.,away from,True,True,True, True,http://images.cocodataset.org/train2017/000000051985.jpg
367,The cat is under the car.,under,True,True,True, True,http://images.cocodataset.org/train2017/000000521749.jpg
368,The car is across from the motorcycle.,across from,False,True,False, True,http://images.cocodataset.org/train2017/000000173155.jpg
369,The person is at the left side of the broccoli.,at the left side of,False,True,False, True,http://images.cocodataset.org/train2017/000000379552.jpg
370,The dog is on the motorcycle.,on,False,True,False, True,http://images.cocodataset.org/train2017/000000168317.jpg
371,The chair is opposite to the toilet.,opposite to,False,True,False, True,http://images.cocodataset.org/train2017/000000243211.jpg
372,The cat is by the car.,by,False,True,False, True,http://images.cocodataset.org/train2017/000000113412.jpg
373,The cup is far away from the bus.,far away from,False,False,True, False,http://images.cocodataset.org/train2017/000000098943.jpg
374,The car is over the cat.,over,True,False,False, False,http://images.cocodataset.org/train2017/000000492485.jpg
375,The zebra is facing the person.,facing,True,True,True, True,http://images.cocodataset.org/train2017/000000263512.jpg
376,The sandwich is at the edge of the bowl.,at the edge of,True,True,True, True,http://images.cocodataset.org/train2017/000000570518.jpg
377,The bowl is surrounding the cat.,surrounding,False,False,True, False,http://images.cocodataset.org/train2017/000000146767.jpg
378,The person is beside the apple.,beside,True,True,True, True,http://images.cocodataset.org/train2017/000000157991.jpg
379,The dining table is touching the teddy bear.,touching,True,True,True, True,http://images.cocodataset.org/train2017/000000451400.jpg
380,The tv is at the left side of the cat.,at the left side of,True,True,True, True,http://images.cocodataset.org/train2017/000000037907.jpg
381,The person is behind the cup.,behind,False,False,True, False,http://images.cocodataset.org/train2017/000000486576.jpg
382,The elephant is facing away from the bus.,facing away from,True,True,True, True,http://images.cocodataset.org/train2017/000000149551.jpg
383,The person is touching the pizza.,touching,False,False,True, False,http://images.cocodataset.org/train2017/000000339159.jpg
384,The handbag is touching the book.,touching,False,True,False, True,http://images.cocodataset.org/train2017/000000258509.jpg
385,The person is facing the teddy bear.,facing,False,True,False, True,http://images.cocodataset.org/train2017/000000317797.jpg
386,The cat is on the keyboard.,on,True,True,True, True,http://images.cocodataset.org/train2017/000000418799.jpg
387,The cat is on top of the car.,on top of,True,True,True, True,http://images.cocodataset.org/train2017/000000341659.jpg
388,The chair is far from the airplane.,far from,False,True,False, True,http://images.cocodataset.org/train2017/000000367434.jpg
389,The cat is left of the potted plant.,left of,True,True,True, True,http://images.cocodataset.org/train2017/000000372870.jpg
390,The dog is at the right side of the horse.,at the right side of,False,True,False, True,http://images.cocodataset.org/train2017/000000471929.jpg
391,The car is under the cat.,under,True,True,True, True,http://images.cocodataset.org/train2017/000000316563.jpg
392,The cat is away from the umbrella.,away from,False,True,False, True,http://images.cocodataset.org/train2017/000000112719.jpg
393,The train is above the bus.,above,True,True,True, True,http://images.cocodataset.org/train2017/000000282940.jpg
394,The horse is parallel to the cow.,parallel to,False,True,False, True,http://images.cocodataset.org/train2017/000000441774.jpg
395,The teddy bear is under the cat.,under,False,True,False, True,http://images.cocodataset.org/train2017/000000192575.jpg
396,The keyboard is under the apple.,under,False,True,False, True,http://images.cocodataset.org/train2017/000000511644.jpg
397,The suitcase is in front of the refrigerator.,in front of,True,True,True, True,http://images.cocodataset.org/train2017/000000561393.jpg
398,The person is in the middle of the umbrella.,in the middle of,True,True,True, True,http://images.cocodataset.org/train2017/000000001592.jpg
399,The bus is in front of the traffic light.,in front of,False,False,True, False,http://images.cocodataset.org/train2017/000000303765.jpg
400,The bench is above the banana.,above,True,True,True, True,http://images.cocodataset.org/train2017/000000091576.jpg
401,The bench is behind the teddy bear.,behind,True,True,True, True,http://images.cocodataset.org/train2017/000000002839.jpg
402,The suitcase is on the bed.,on,False,True,False, True,http://images.cocodataset.org/train2017/000000560332.jpg
403,The hot dog is in front of the banana.,in front of,False,True,False, True,http://images.cocodataset.org/train2017/000000165639.jpg
404,The umbrella is at the right side of the cat.,at the right side of,False,True,False, True,http://images.cocodataset.org/train2017/000000466789.jpg
405,The toilet is part of the train.,part of,False,False,True, False,http://images.cocodataset.org/train2017/000000391774.jpg
406,The parking meter is at the back of the truck.,at the back of,True,False,False, False,http://images.cocodataset.org/train2017/000000019185.jpg
407,The couch is part of the bed.,part of,False,False,True, False,http://images.cocodataset.org/train2017/000000557254.jpg
408,The horse is in front of the person.,in front of,True,True,True, True,http://images.cocodataset.org/train2017/000000532748.jpg
409,The laptop is touching the cat.,touching,True,True,True, True,http://images.cocodataset.org/train2017/000000100588.jpg
410,The teddy bear is facing the person.,facing,False,False,True, False,http://images.cocodataset.org/val2017/000000439773.jpg
411,The bench is touching the teddy bear.,touching,True,True,True, True,http://images.cocodataset.org/train2017/000000344974.jpg
412,The microwave is above the sandwich.,above,True,True,True, True,http://images.cocodataset.org/train2017/000000368844.jpg
413,The cake is under the cat.,under,False,True,False, True,http://images.cocodataset.org/train2017/000000402448.jpg
414,The cat is in the sink.,in,True,True,True, True,http://images.cocodataset.org/train2017/000000508846.jpg
415,The donut is beside the dog.,beside,False,False,True, False,http://images.cocodataset.org/train2017/000000117884.jpg
416,The person is touching the pizza.,touching,True,True,True, True,http://images.cocodataset.org/train2017/000000363146.jpg
417,The cat is on top of the laptop.,on top of,True,True,True, True,http://images.cocodataset.org/train2017/000000272250.jpg
418,The bird is over the umbrella.,over,True,True,True, True,http://images.cocodataset.org/train2017/000000137265.jpg
419,The bowl is over the sandwich.,over,True,True,True, True,http://images.cocodataset.org/train2017/000000058425.jpg
420,The cake is in front of the truck.,in front of,True,True,True, True,http://images.cocodataset.org/train2017/000000214873.jpg
421,The person is in front of the bear.,in front of,True,True,True, True,http://images.cocodataset.org/train2017/000000290967.jpg
422,The bench is touching the teddy bear.,touching,False,True,False, True,http://images.cocodataset.org/train2017/000000241324.jpg
423,The sink is near the pizza.,near,True,True,True, True,http://images.cocodataset.org/train2017/000000365139.jpg
424,The bed is facing the tv.,facing,False,True,False, True,http://images.cocodataset.org/train2017/000000146850.jpg
425,The bowl is alongside the broccoli.,alongside,True,True,True, True,http://images.cocodataset.org/train2017/000000364803.jpg
426,The car is perpendicular to the motorcycle.,perpendicular to,False,True,False, True,http://images.cocodataset.org/train2017/000000253054.jpg
427,The dog is in the truck.,in,True,True,True, True,http://images.cocodataset.org/train2017/000000540774.jpg
428,The motorcycle is far away from the banana.,far away from,True,True,True, True,http://images.cocodataset.org/train2017/000000414258.jpg
429,The pizza is opposite to the person.,opposite to,False,True,False, True,http://images.cocodataset.org/train2017/000000442001.jpg
430,The dining table is touching the banana.,touching,True,True,True, True,http://images.cocodataset.org/train2017/000000443397.jpg
431,The bicycle is beneath the bird.,beneath,True,True,True, True,http://images.cocodataset.org/train2017/000000158869.jpg
432,The person is touching the teddy bear.,touching,False,True,False, True,http://images.cocodataset.org/train2017/000000388344.jpg
433,The orange is touching the person.,touching,False,True,False, True,http://images.cocodataset.org/train2017/000000098127.jpg
434,The skateboard is behind the bed.,behind,True,True,True, True,http://images.cocodataset.org/train2017/000000030895.jpg
435,The apple is touching the banana.,touching,False,True,False, True,http://images.cocodataset.org/train2017/000000490871.jpg
436,The truck is beneath the surfboard.,beneath,True,True,True, True,http://images.cocodataset.org/train2017/000000417210.jpg
437,The cat is inside the suitcase.,inside,False,False,True, False,http://images.cocodataset.org/train2017/000000490689.jpg
438,The person is opposite to the tv.,opposite to,False,False,True, False,http://images.cocodataset.org/train2017/000000561630.jpg
439,The bench is facing away from the car.,facing away from,False,True,False, True,http://images.cocodataset.org/train2017/000000506483.jpg
440,The dining table is above the hot dog.,above,False,False,True, False,http://images.cocodataset.org/train2017/000000538544.jpg
441,The boat is attached to the train.,attached to,True,True,True, True,http://images.cocodataset.org/train2017/000000284873.jpg
442,The dog is on top of the bed.,on top of,False,True,False, True,http://images.cocodataset.org/train2017/000000424432.jpg
443,The laptop is on the bench.,on,False,True,False, True,http://images.cocodataset.org/train2017/000000054723.jpg
444,The cat is on the bench.,on,False,True,False, True,http://images.cocodataset.org/train2017/000000387295.jpg
445,The book contains the car.,contains,True,True,True, True,http://images.cocodataset.org/train2017/000000541725.jpg
446,The refrigerator is behind the person.,behind,True,True,True, True,http://images.cocodataset.org/train2017/000000272253.jpg
447,The toilet is under the train.,under,True,True,True, True,http://images.cocodataset.org/train2017/000000391774.jpg
448,The cat is touching the tv.,touching,True,True,True, True,http://images.cocodataset.org/train2017/000000025421.jpg
449,The pizza is on top of the oven.,on top of,False,True,False, True,http://images.cocodataset.org/train2017/000000155604.jpg
450,The potted plant is alongside the train.,alongside,False,True,False, True,http://images.cocodataset.org/train2017/000000435481.jpg
451,The donut is touching the cup.,touching,False,True,False, True,http://images.cocodataset.org/train2017/000000398093.jpg
452,The person is on top of the zebra.,on top of,True,True,True, True,http://images.cocodataset.org/train2017/000000509225.jpg
453,The bed is touching the bicycle.,touching,True,True,True, True,http://images.cocodataset.org/train2017/000000002139.jpg
454,The person is far away from the bear.,far away from,True,True,True, True,http://images.cocodataset.org/train2017/000000094926.jpg
455,The dining table is touching the teddy bear.,touching,False,True,False, True,http://images.cocodataset.org/train2017/000000479563.jpg
456,The parking meter is opposite to the car.,opposite to,False,True,False, True,http://images.cocodataset.org/train2017/000000385172.jpg
457,The dog is under the bench.,under,False,True,False, True,http://images.cocodataset.org/train2017/000000579760.jpg
458,The bench is touching the cat.,touching,True,True,True, True,http://images.cocodataset.org/train2017/000000109869.jpg
459,The dog is on the surfboard.,on,False,False,True, False,http://images.cocodataset.org/train2017/000000580248.jpg
460,The wine glass is next to the potted plant.,next to,False,True,False, True,http://images.cocodataset.org/train2017/000000275449.jpg
461,The person is touching the donut.,touching,False,False,True, False,http://images.cocodataset.org/train2017/000000303718.jpg
462,The giraffe is touching the person.,touching,False,True,False, True,http://images.cocodataset.org/train2017/000000558163.jpg
463,The teddy bear is on top of the dining table.,on top of,True,True,True, True,http://images.cocodataset.org/train2017/000000276413.jpg
464,The cup is behind the hot dog.,behind,False,True,False, True,http://images.cocodataset.org/train2017/000000289199.jpg
465,The bed is touching the backpack.,touching,True,True,True, True,http://images.cocodataset.org/train2017/000000303534.jpg
466,The microwave is beneath the cat.,beneath,False,True,False, True,http://images.cocodataset.org/train2017/000000358359.jpg
467,The laptop is behind the cat.,behind,False,False,True, False,http://images.cocodataset.org/train2017/000000119360.jpg
468,The dining table is in front of the cat.,in front of,True,True,True, True,http://images.cocodataset.org/train2017/000000349511.jpg
469,The wine glass is in front of the person.,in front of,False,True,False, True,http://images.cocodataset.org/train2017/000000072872.jpg
470,The person is at the right side of the chair.,at the right side of,False,False,True, False,http://images.cocodataset.org/train2017/000000356764.jpg
471,The dog is in front of the suitcase.,in front of,True,True,True, True,http://images.cocodataset.org/train2017/000000402297.jpg
472,The suitcase is in front of the bench.,in front of,True,True,True, True,http://images.cocodataset.org/train2017/000000256533.jpg
473,The cat is next to the bed.,next to,True,True,True, True,http://images.cocodataset.org/train2017/000000268227.jpg
474,The orange is at the left side of the bowl.,at the left side of,True,True,True, True,http://images.cocodataset.org/train2017/000000553586.jpg
475,The person is touching the broccoli.,touching,True,True,True, True,http://images.cocodataset.org/train2017/000000204467.jpg
476,The laptop is in front of the teddy bear.,in front of,True,True,True, True,http://images.cocodataset.org/train2017/000000402858.jpg
477,The person is touching the giraffe.,touching,True,True,True, True,http://images.cocodataset.org/train2017/000000527183.jpg
478,The dog is touching the pizza.,touching,False,False,True, False,http://images.cocodataset.org/train2017/000000473720.jpg
479,The dining table is touching the donut.,touching,True,True,True, True,http://images.cocodataset.org/train2017/000000392387.jpg
480,The zebra is at the back of the truck.,at the back of,False,False,True, False,http://images.cocodataset.org/train2017/000000341457.jpg
481,The dog is on top of the motorcycle.,on top of,True,True,True, True,http://images.cocodataset.org/train2017/000000089579.jpg
482,The person is behind the donut.,behind,True,True,True, True,http://images.cocodataset.org/train2017/000000051522.jpg
483,The handbag is right of the bed.,right of,True,True,True, True,http://images.cocodataset.org/train2017/000000069214.jpg
484,The cat is toward the teddy bear.,toward,True,True,True, True,http://images.cocodataset.org/train2017/000000192575.jpg
485,The book is at the right side of the teddy bear.,at the right side of,True,True,True, True,http://images.cocodataset.org/train2017/000000503996.jpg
486,The horse is on the bus.,on,True,True,True, True,http://images.cocodataset.org/train2017/000000460143.jpg
487,The refrigerator is behind the person.,behind,True,True,True, True,http://images.cocodataset.org/train2017/000000041710.jpg
488,The sandwich is touching the dining table.,touching,True,True,True, True,http://images.cocodataset.org/train2017/000000116572.jpg
489,The refrigerator is near the oven.,near,True,True,True, True,http://images.cocodataset.org/train2017/000000243280.jpg
490,The suitcase consists of the cat.,consists of,False,True,False, True,http://images.cocodataset.org/train2017/000000273607.jpg
491,The laptop is at the left side of the teddy bear.,at the left side of,True,True,True, True,http://images.cocodataset.org/train2017/000000488977.jpg
492,The couch is beneath the cat.,beneath,True,True,True, True,http://images.cocodataset.org/train2017/000000397894.jpg
493,The cat is on top of the chair.,on top of,True,True,True, True,http://images.cocodataset.org/train2017/000000523536.jpg
494,The truck is at the left side of the bed.,at the left side of,True,True,True, True,http://images.cocodataset.org/train2017/000000172006.jpg
495,The person is in front of the dog.,in front of,True,True,True, True,http://images.cocodataset.org/train2017/000000378466.jpg
496,The bed is touching the book.,touching,True,True,True, True,http://images.cocodataset.org/train2017/000000044989.jpg
497,The person is touching the cake.,touching,True,True,True, True,http://images.cocodataset.org/train2017/000000148176.jpg
498,The pizza is in the oven.,in,True,True,True, True,http://images.cocodataset.org/train2017/000000171330.jpg
499,The chair is beneath the horse.,beneath,True,True,True, True,http://images.cocodataset.org/train2017/000000572358.jpg
500,The cake consists of the car.,consists of,True,True,True, True,http://images.cocodataset.org/train2017/000000045188.jpg
501,The car is down from the parking meter.,down from,True,True,True, True,http://images.cocodataset.org/train2017/000000208824.jpg
502,The teddy bear is on top of the book.,on top of,True,True,True, True,http://images.cocodataset.org/train2017/000000312298.jpg
503,The cat is in the middle of the bench.,in the middle of,True,True,True, True,http://images.cocodataset.org/train2017/000000564371.jpg
504,The refrigerator is behind the dining table.,behind,False,True,False, True,http://images.cocodataset.org/train2017/000000243442.jpg
505,The oven is close to the cake.,close to,False,False,True, False,http://images.cocodataset.org/train2017/000000558271.jpg
506,The backpack is touching the cat.,touching,False,True,False, True,http://images.cocodataset.org/train2017/000000536321.jpg
507,The cat is on top of the chair.,on top of,False,False,True, False,http://images.cocodataset.org/train2017/000000234599.jpg
508,The suitcase is parallel to the couch.,parallel to,True,True,True, True,http://images.cocodataset.org/train2017/000000479539.jpg
509,The person is touching the sheep.,touching,True,True,True, True,http://images.cocodataset.org/val2017/000000500477.jpg
510,The surfboard is in front of the bicycle.,in front of,False,True,False, True,http://images.cocodataset.org/train2017/000000515743.jpg
511,The teddy bear is on the bicycle.,on,False,True,False, True,http://images.cocodataset.org/train2017/000000305923.jpg
512,The person is in the microwave.,in,True,True,True, True,http://images.cocodataset.org/train2017/000000264255.jpg
513,The cat is facing the laptop.,facing,True,True,True, True,http://images.cocodataset.org/train2017/000000573877.jpg
514,The truck contains the couch.,contains,True,True,True, True,http://images.cocodataset.org/train2017/000000028333.jpg
515,The bed is touching the umbrella.,touching,True,False,False, False,http://images.cocodataset.org/train2017/000000179476.jpg
516,The kite is above the person.,above,False,False,True, False,http://images.cocodataset.org/val2017/000000099024.jpg
517,The truck contains the elephant.,contains,False,False,True, False,http://images.cocodataset.org/train2017/000000116675.jpg
518,The orange is in front of the banana.,in front of,False,False,True, False,http://images.cocodataset.org/train2017/000000238989.jpg
519,The banana is on top of the book.,on top of,True,True,True, True,http://images.cocodataset.org/train2017/000000428375.jpg
520,The orange is at the right side of the bird.,at the right side of,False,True,False, True,http://images.cocodataset.org/train2017/000000514600.jpg
521,The sink is beneath the teddy bear.,beneath,True,True,True, True,http://images.cocodataset.org/train2017/000000329551.jpg
522,The bed is under the dog.,under,False,True,False, True,http://images.cocodataset.org/train2017/000000422301.jpg
523,The teddy bear is facing the book.,facing,False,True,False, True,http://images.cocodataset.org/train2017/000000361778.jpg
524,The cup is in front of the pizza.,in front of,False,True,False, True,http://images.cocodataset.org/val2017/000000520871.jpg
525,The clock is over the cat.,over,False,False,True, False,http://images.cocodataset.org/train2017/000000275219.jpg
526,The cat is on top of the backpack.,on top of,True,True,True, True,http://images.cocodataset.org/train2017/000000262371.jpg
527,The cat is in the suitcase.,in,True,True,True, True,http://images.cocodataset.org/train2017/000000005142.jpg
528,The apple is touching the dog.,touching,True,True,True, True,http://images.cocodataset.org/train2017/000000459084.jpg
529,The cat is outside the toilet.,outside,False,True,False, True,http://images.cocodataset.org/train2017/000000439364.jpg
530,The zebra is behind the person.,behind,True,True,True, True,http://images.cocodataset.org/train2017/000000171805.jpg
531,The cake is on top of the keyboard.,on top of,False,True,False, True,http://images.cocodataset.org/train2017/000000345602.jpg
532,The person is touching the pizza.,touching,False,False,True, False,http://images.cocodataset.org/train2017/000000083508.jpg
533,The sandwich is touching the person.,touching,True,True,True, True,http://images.cocodataset.org/train2017/000000328326.jpg
534,The dog is on the teddy bear.,on,True,True,True, True,http://images.cocodataset.org/train2017/000000139355.jpg
535,The pizza is touching the person.,touching,False,True,False, True,http://images.cocodataset.org/train2017/000000163186.jpg
536,The cake is part of the sheep.,part of,True,True,True, True,http://images.cocodataset.org/train2017/000000363793.jpg
537,The laptop is touching the cat.,touching,True,True,True, True,http://images.cocodataset.org/train2017/000000212605.jpg
538,The laptop is left of the tv.,left of,True,False,False, False,http://images.cocodataset.org/train2017/000000407386.jpg
539,The cat is adjacent to the apple.,adjacent to,True,True,True, True,http://images.cocodataset.org/train2017/000000003067.jpg
540,The teddy bear is in the middle of the bench.,in the middle of,False,True,False, True,http://images.cocodataset.org/train2017/000000506842.jpg
541,The person is on top of the elephant.,on top of,False,False,True, False,http://images.cocodataset.org/train2017/000000494896.jpg
542,The truck is inside the dog.,inside,False,False,True, False,http://images.cocodataset.org/train2017/000000168317.jpg
543,The person is along the couch.,along,False,True,False, True,http://images.cocodataset.org/train2017/000000192835.jpg
544,The skateboard is parallel to the couch.,parallel to,True,True,True, True,http://images.cocodataset.org/train2017/000000170584.jpg
545,The potted plant is right of the bench.,right of,True,True,True, True,http://images.cocodataset.org/val2017/000000437514.jpg
546,The cat is inside the suitcase.,inside,False,True,False, True,http://images.cocodataset.org/train2017/000000482994.jpg
547,The elephant is inside the truck.,inside,False,False,True, False,http://images.cocodataset.org/train2017/000000028251.jpg
548,The laptop is left of the sandwich.,left of,True,True,True, True,http://images.cocodataset.org/train2017/000000349230.jpg
549,The bus is far away from the skateboard.,far away from,False,False,True, False,http://images.cocodataset.org/train2017/000000530653.jpg
550,The bed is next to the person.,next to,False,True,False, True,http://images.cocodataset.org/train2017/000000514749.jpg
551,The cat is touching the keyboard.,touching,False,False,True, False,http://images.cocodataset.org/train2017/000000198561.jpg
552,The couch is behind the suitcase.,behind,False,False,True, False,http://images.cocodataset.org/train2017/000000042667.jpg
553,The potted plant is right of the train.,right of,True,True,True, True,http://images.cocodataset.org/train2017/000000518546.jpg
554,The bed is at the back of the couch.,at the back of,False,True,False, True,http://images.cocodataset.org/train2017/000000208557.jpg
555,The dining table is over the cat.,over,True,True,True, True,http://images.cocodataset.org/train2017/000000104150.jpg
556,The truck is at the back of the surfboard.,at the back of,False,True,False, True,http://images.cocodataset.org/train2017/000000209791.jpg
557,The sink is behind the person.,behind,True,True,True, True,http://images.cocodataset.org/train2017/000000107565.jpg
558,The bird is facing away from the cat.,facing away from,True,True,True, True,http://images.cocodataset.org/train2017/000000072556.jpg
559,The dog is under the dining table.,under,False,False,True, False,http://images.cocodataset.org/train2017/000000250424.jpg
560,The person is far away from the potted plant.,far away from,False,False,True, False,http://images.cocodataset.org/train2017/000000322720.jpg
561,The bed is surrounding the cat.,surrounding,False,False,True, False,http://images.cocodataset.org/train2017/000000085933.jpg
562,The cat is on top of the car.,on top of,True,True,True, True,http://images.cocodataset.org/train2017/000000061389.jpg
563,The bench is beneath the teddy bear.,beneath,True,True,True, True,http://images.cocodataset.org/train2017/000000506842.jpg
564,The sheep is facing away from the person.,facing away from,False,True,False, True,http://images.cocodataset.org/train2017/000000091656.jpg
565,The dog is perpendicular to the couch.,perpendicular to,False,True,False, True,http://images.cocodataset.org/train2017/000000170898.jpg
566,The traffic light is far away from the person.,far away from,True,True,True, True,http://images.cocodataset.org/train2017/000000011788.jpg
567,The teddy bear is adjacent to the cup.,adjacent to,True,True,True, True,http://images.cocodataset.org/train2017/000000188053.jpg
568,The horse is touching the person.,touching,True,True,True, True,http://images.cocodataset.org/train2017/000000326801.jpg
569,The laptop is on the couch.,on,True,True,True, True,http://images.cocodataset.org/train2017/000000192835.jpg
570,The donut is at the right side of the bowl.,at the right side of,False,True,False, True,http://images.cocodataset.org/train2017/000000435620.jpg
571,The vase is toward the person.,toward,False,True,False, True,http://images.cocodataset.org/train2017/000000230238.jpg
572,The donut is touching the cup.,touching,False,True,False, True,http://images.cocodataset.org/train2017/000000302678.jpg
573,The person is outside the car.,outside,False,False,True, False,http://images.cocodataset.org/train2017/000000354398.jpg
574,The book is at the left side of the pizza.,at the left side of,True,True,True, True,http://images.cocodataset.org/train2017/000000469936.jpg
575,The teddy bear is beneath the umbrella.,beneath,False,True,False, True,http://images.cocodataset.org/train2017/000000473779.jpg
576,The train is below the clock.,below,True,True,True, True,http://images.cocodataset.org/train2017/000000334735.jpg
577,The carrot is at the side of the cat.,at the side of,True,True,True, True,http://images.cocodataset.org/train2017/000000579773.jpg
578,The dining table is touching the person.,touching,False,False,True, False,http://images.cocodataset.org/train2017/000000508470.jpg
579,The cat is on the suitcase.,on,False,True,False, True,http://images.cocodataset.org/train2017/000000335092.jpg
580,The bench is far away from the hot dog.,far away from,True,False,False, False,http://images.cocodataset.org/train2017/000000443165.jpg
581,The dining table is under the cat.,under,True,True,True, True,http://images.cocodataset.org/train2017/000000320089.jpg
582,The banana is facing the cat.,facing,False,True,False, True,http://images.cocodataset.org/train2017/000000481313.jpg
583,The pizza is in front of the person.,in front of,False,True,False, True,http://images.cocodataset.org/train2017/000000328270.jpg
584,The train contains the chair.,contains,False,False,True, False,http://images.cocodataset.org/train2017/000000012681.jpg
585,The bed is left of the bench.,left of,False,True,False, True,http://images.cocodataset.org/train2017/000000075458.jpg
586,The person is detached from the sheep.,detached from,False,True,False, True,http://images.cocodataset.org/train2017/000000270581.jpg
587,The sink contains the cat.,contains,True,True,True, True,http://images.cocodataset.org/train2017/000000346985.jpg
588,The cat is touching the banana.,touching,True,True,True, True,http://images.cocodataset.org/train2017/000000007781.jpg
589,The cake is across from the oven.,across from,True,True,True, True,http://images.cocodataset.org/train2017/000000271759.jpg
590,The train is near the bicycle.,near,True,True,True, True,http://images.cocodataset.org/val2017/000000492937.jpg
591,The bird is touching the chair.,touching,False,False,True, False,http://images.cocodataset.org/train2017/000000142941.jpg
592,The suitcase is touching the bed.,touching,True,True,True, True,http://images.cocodataset.org/train2017/000000192212.jpg
593,The person is under the banana.,under,True,True,True, True,http://images.cocodataset.org/train2017/000000547607.jpg
594,The book is facing the cat.,facing,True,True,True, True,http://images.cocodataset.org/train2017/000000499656.jpg
595,The oven is in front of the person.,in front of,True,True,True, True,http://images.cocodataset.org/train2017/000000451274.jpg
596,The person is under the umbrella.,under,False,False,True, False,http://images.cocodataset.org/train2017/000000328409.jpg
597,The refrigerator contains the dog.,contains,False,False,True, False,http://images.cocodataset.org/train2017/000000335581.jpg
598,The dog is next to the couch.,next to,False,True,False, True,http://images.cocodataset.org/train2017/000000462330.jpg
599,The elephant is beneath the bird.,beneath,True,True,True, True,http://images.cocodataset.org/train2017/000000033717.jpg
600,The laptop is in front of the tv.,in front of,True,True,True, True,http://images.cocodataset.org/train2017/000000046002.jpg
601,The car is on the bed.,on,False,True,False, True,http://images.cocodataset.org/train2017/000000477061.jpg
602,The cat is below the bottle.,below,False,True,False, True,http://images.cocodataset.org/train2017/000000307995.jpg
603,The person is touching the kite.,touching,True,True,True, True,http://images.cocodataset.org/val2017/000000099024.jpg
604,The bed is by the bench.,by,True,True,True, True,http://images.cocodataset.org/train2017/000000268227.jpg
605,The cat is by the toilet.,by,True,True,True, True,http://images.cocodataset.org/train2017/000000098302.jpg
606,The car is above the cat.,above,False,True,False, True,http://images.cocodataset.org/train2017/000000060952.jpg
607,The orange is attached to the person.,attached to,True,True,True, True,http://images.cocodataset.org/train2017/000000337660.jpg
608,The person is behind the couch.,behind,True,False,False, False,http://images.cocodataset.org/train2017/000000348288.jpg
609,The motorcycle is alongside the bus.,alongside,True,True,True, True,http://images.cocodataset.org/train2017/000000460143.jpg
610,The dog is touching the person.,touching,True,True,True, True,http://images.cocodataset.org/train2017/000000548500.jpg
611,The airplane is touching the person.,touching,False,False,True, False,http://images.cocodataset.org/train2017/000000218482.jpg
612,The banana is left of the sandwich.,left of,False,True,False, True,http://images.cocodataset.org/train2017/000000557005.jpg
613,The teddy bear is above the toilet.,above,True,True,True, True,http://images.cocodataset.org/train2017/000000318365.jpg
614,The dining table is opposite to the bus.,opposite to,False,False,True, False,http://images.cocodataset.org/train2017/000000556203.jpg
615,The cow is on the tv.,on,True,True,True, True,http://images.cocodataset.org/train2017/000000123842.jpg
616,The microwave is at the left side of the person.,at the left side of,False,True,False, True,http://images.cocodataset.org/train2017/000000364937.jpg
617,The bench is parallel to the person.,parallel to,False,True,False, True,http://images.cocodataset.org/train2017/000000012704.jpg
618,The dining table is at the left side of the oven.,at the left side of,True,False,False, False,http://images.cocodataset.org/train2017/000000097427.jpg
619,The cat is inside the suitcase.,inside,True,True,True, True,http://images.cocodataset.org/train2017/000000141441.jpg
620,The donut is away from the dining table.,away from,True,True,True, True,http://images.cocodataset.org/train2017/000000068743.jpg
621,The sandwich is at the left side of the bowl.,at the left side of,False,True,False, True,http://images.cocodataset.org/train2017/000000375086.jpg
622,The sheep is touching the person.,touching,True,True,True, True,http://images.cocodataset.org/val2017/000000525155.jpg
623,The dog is into the toilet.,into,True,True,True, True,http://images.cocodataset.org/train2017/000000145544.jpg
624,The bed is under the suitcase.,under,False,False,True, False,http://images.cocodataset.org/train2017/000000231019.jpg
625,The orange is touching the dining table.,touching,True,True,True, True,http://images.cocodataset.org/train2017/000000150324.jpg
626,The dining table is touching the banana.,touching,False,True,False, True,http://images.cocodataset.org/train2017/000000568137.jpg
627,The oven is next to the refrigerator.,next to,True,True,True, True,http://images.cocodataset.org/train2017/000000250833.jpg
628,The dining table is beneath the airplane.,beneath,False,True,False, True,http://images.cocodataset.org/train2017/000000275327.jpg
629,The laptop is under the cat.,under,False,True,False, True,http://images.cocodataset.org/train2017/000000279479.jpg
630,The sandwich is at the left side of the laptop.,at the left side of,False,True,False, True,http://images.cocodataset.org/train2017/000000511523.jpg
631,The car is across from the dog.,across from,False,True,False, True,http://images.cocodataset.org/train2017/000000119805.jpg
632,The cat is above the bench.,above,False,False,True, False,http://images.cocodataset.org/train2017/000000124850.jpg
633,The sandwich is adjacent to the bowl.,adjacent to,True,True,True, True,http://images.cocodataset.org/train2017/000000227675.jpg
634,The sandwich is into the person.,into,False,True,False, True,http://images.cocodataset.org/train2017/000000219817.jpg
635,The chair is beyond the suitcase.,beyond,True,False,False, False,http://images.cocodataset.org/train2017/000000160471.jpg
636,The person is far from the boat.,far from,True,True,True, True,http://images.cocodataset.org/train2017/000000386880.jpg
637,The suitcase is on the bed.,on,True,True,True, True,http://images.cocodataset.org/train2017/000000248133.jpg
638,The person is behind the oven.,behind,False,False,True, False,http://images.cocodataset.org/train2017/000000462151.jpg
639,The cat is over the book.,over,True,True,True, True,http://images.cocodataset.org/train2017/000000506955.jpg
640,The suitcase is outside the bottle.,outside,True,True,True, True,http://images.cocodataset.org/train2017/000000037024.jpg
641,The bed is touching the laptop.,touching,True,True,True, True,http://images.cocodataset.org/train2017/000000353316.jpg
642,The cat is left of the couch.,left of,False,False,True, False,http://images.cocodataset.org/train2017/000000040419.jpg
643,The cake has as a part the cat.,has as a part,False,True,False, True,http://images.cocodataset.org/train2017/000000167802.jpg
644,The suitcase is on the book.,on,True,True,True, True,http://images.cocodataset.org/train2017/000000541725.jpg
645,The dog is at the right side of the laptop.,at the right side of,True,True,True, True,http://images.cocodataset.org/train2017/000000351914.jpg
646,The toaster is near the pizza.,near,True,True,True, True,http://images.cocodataset.org/train2017/000000330513.jpg
647,The cat is by the carrot.,by,True,True,True, True,http://images.cocodataset.org/train2017/000000447095.jpg
648,The car is beneath the cat.,beneath,False,False,True, False,http://images.cocodataset.org/train2017/000000574706.jpg
649,The broccoli is on the pizza.,on,True,True,True, True,http://images.cocodataset.org/train2017/000000478981.jpg
650,The cat is in the middle of the bed.,in the middle of,False,True,False, True,http://images.cocodataset.org/train2017/000000108639.jpg
651,The bicycle is behind the train.,behind,True,False,False, False,http://images.cocodataset.org/train2017/000000116006.jpg
652,The cat is part of the clock.,part of,False,False,True, False,http://images.cocodataset.org/train2017/000000128346.jpg
653,The cake is in front of the person.,in front of,True,True,True, True,http://images.cocodataset.org/train2017/000000348941.jpg
654,The cat is touching the wine glass.,touching,False,False,True, False,http://images.cocodataset.org/train2017/000000275449.jpg
655,The book is at the edge of the bench.,at the edge of,False,True,False, True,http://images.cocodataset.org/train2017/000000048795.jpg
656,The truck is behind the oven.,behind,True,True,True, True,http://images.cocodataset.org/train2017/000000197266.jpg
657,The teddy bear is facing the cow.,facing,False,True,False, True,http://images.cocodataset.org/train2017/000000285618.jpg
658,The person is on top of the dining table.,on top of,False,False,True, False,http://images.cocodataset.org/train2017/000000094061.jpg
659,The handbag is in front of the teddy bear.,in front of,True,True,True, True,http://images.cocodataset.org/train2017/000000010547.jpg
660,The cat is on top of the dining table.,on top of,False,True,False, True,http://images.cocodataset.org/train2017/000000509555.jpg
661,The cup contains the banana.,contains,False,False,True, False,http://images.cocodataset.org/train2017/000000308849.jpg
662,The person is touching the sandwich.,touching,True,True,True, True,http://images.cocodataset.org/train2017/000000560969.jpg
663,The bowl is next to the banana.,next to,True,True,True, True,http://images.cocodataset.org/train2017/000000293955.jpg
664,The book is touching the bench.,touching,True,True,True, True,http://images.cocodataset.org/train2017/000000251835.jpg
665,The train is on the dining table.,on,False,False,True, False,http://images.cocodataset.org/train2017/000000284873.jpg
666,The couch is in front of the person.,in front of,False,True,False, True,http://images.cocodataset.org/train2017/000000142481.jpg
667,The horse is touching the zebra.,touching,False,True,False, True,http://images.cocodataset.org/train2017/000000024260.jpg
668,The teddy bear is close to the laptop.,close to,True,True,True, True,http://images.cocodataset.org/train2017/000000434141.jpg
669,The suitcase contains the cat.,contains,True,True,True, True,http://images.cocodataset.org/train2017/000000185432.jpg
670,The umbrella is far away from the motorcycle.,far away from,True,False,False, False,http://images.cocodataset.org/train2017/000000239483.jpg
671,The mouse is behind the teddy bear.,behind,True,False,False, False,http://images.cocodataset.org/train2017/000000196226.jpg
672,The teddy bear is at the left side of the book.,at the left side of,False,True,False, True,http://images.cocodataset.org/train2017/000000127654.jpg
673,The bowl is next to the pizza.,next to,True,True,True, True,http://images.cocodataset.org/train2017/000000292574.jpg
674,The laptop is under the cat.,under,True,True,True, True,http://images.cocodataset.org/train2017/000000272250.jpg
675,The donut is on the dining table.,on,True,True,True, True,http://images.cocodataset.org/train2017/000000398093.jpg
676,The boat is parallel to the truck.,parallel to,True,True,True, True,http://images.cocodataset.org/train2017/000000267363.jpg
677,The banana is touching the bed.,touching,False,True,False, True,http://images.cocodataset.org/train2017/000000512118.jpg
678,The bus is in front of the motorcycle.,in front of,True,True,True, True,http://images.cocodataset.org/train2017/000000328372.jpg
679,The motorcycle is at the right side of the truck.,at the right side of,False,True,False, True,http://images.cocodataset.org/train2017/000000106810.jpg
680,The teddy bear is touching the cat.,touching,True,True,True, True,http://images.cocodataset.org/train2017/000000546896.jpg
681,The car is behind the suitcase.,behind,False,True,False, True,http://images.cocodataset.org/train2017/000000159850.jpg
682,The cat is at the left side of the teddy bear.,at the left side of,True,True,True, True,http://images.cocodataset.org/train2017/000000219418.jpg
683,The cake is beside the truck.,beside,False,True,False, True,http://images.cocodataset.org/train2017/000000501204.jpg
684,The bed is next to the person.,next to,True,True,True, True,http://images.cocodataset.org/train2017/000000159856.jpg
685,The truck is far away from the suitcase.,far away from,True,True,True, True,http://images.cocodataset.org/train2017/000000407927.jpg
686,The cat is on top of the vase.,on top of,True,True,True, True,http://images.cocodataset.org/train2017/000000261225.jpg
687,The hot dog is in the person.,in,False,True,False, True,http://images.cocodataset.org/train2017/000000574955.jpg
688,The airplane is far away from the backpack.,far away from,True,True,True, True,http://images.cocodataset.org/train2017/000000378448.jpg
689,The chair is at the right side of the laptop.,at the right side of,False,True,False, True,http://images.cocodataset.org/train2017/000000427726.jpg
690,The dining table is in front of the truck.,in front of,False,False,True, False,http://images.cocodataset.org/train2017/000000219784.jpg
691,The person is away from the chair.,away from,True,False,False, False,http://images.cocodataset.org/val2017/000000084362.jpg
692,The cat is in the sink.,in,False,True,False, True,http://images.cocodataset.org/train2017/000000550394.jpg
693,The donut is above the keyboard.,above,True,True,True, True,http://images.cocodataset.org/train2017/000000034128.jpg
694,The cat is touching the umbrella.,touching,True,True,True, True,http://images.cocodataset.org/train2017/000000440935.jpg
695,The keyboard is at the back of the dog.,at the back of,True,True,True, True,http://images.cocodataset.org/train2017/000000077769.jpg
696,The truck is close to the parking meter.,close to,False,True,False, True,http://images.cocodataset.org/train2017/000000411384.jpg
697,The person is left of the refrigerator.,left of,True,True,True, True,http://images.cocodataset.org/train2017/000000410805.jpg
698,The person is at the left side of the dining table.,at the left side of,True,True,True, True,http://images.cocodataset.org/train2017/000000224045.jpg
699,The apple is under the cake.,under,True,True,True, True,http://images.cocodataset.org/train2017/000000577405.jpg
700,The teddy bear is behind the potted plant.,behind,False,False,True, False,http://images.cocodataset.org/val2017/000000175443.jpg
701,The car is above the cat.,above,True,True,True, True,http://images.cocodataset.org/train2017/000000466597.jpg
702,The skateboard is in front of the dog.,in front of,False,True,False, True,http://images.cocodataset.org/train2017/000000518613.jpg
703,The person is on the bed.,on,False,True,False, True,http://images.cocodataset.org/train2017/000000426152.jpg
704,The person is at the left side of the couch.,at the left side of,True,True,True, True,http://images.cocodataset.org/train2017/000000277533.jpg
705,The cat is at the left side of the pizza.,at the left side of,True,True,True, True,http://images.cocodataset.org/train2017/000000363325.jpg
706,The car contains the teddy bear.,contains,False,False,True, False,http://images.cocodataset.org/train2017/000000458132.jpg
707,The donut is next to the cup.,next to,True,True,True, True,http://images.cocodataset.org/train2017/000000397414.jpg
708,The person is touching the apple.,touching,True,True,True, True,http://images.cocodataset.org/val2017/000000188592.jpg
709,The teddy bear is connected to the suitcase.,connected to,True,True,True, True,http://images.cocodataset.org/train2017/000000580454.jpg
710,The keyboard is touching the person.,touching,True,True,True, True,http://images.cocodataset.org/train2017/000000255573.jpg
711,The chair is at the left side of the pizza.,at the left side of,False,False,True, False,http://images.cocodataset.org/train2017/000000285484.jpg
712,The cow is at the left side of the car.,at the left side of,False,True,False, True,http://images.cocodataset.org/train2017/000000343504.jpg
713,The bed is beneath the suitcase.,beneath,False,True,False, True,http://images.cocodataset.org/train2017/000000535688.jpg
714,The person is right of the teddy bear.,right of,False,False,True, False,http://images.cocodataset.org/train2017/000000230004.jpg
715,The person is touching the handbag.,touching,False,False,True, False,http://images.cocodataset.org/train2017/000000096790.jpg
716,The suitcase is on the bed.,on,False,True,False, True,http://images.cocodataset.org/train2017/000000456323.jpg
717,The teddy bear is left of the cup.,left of,False,True,False, True,http://images.cocodataset.org/train2017/000000185326.jpg
718,The bicycle is on the train.,on,True,True,True, True,http://images.cocodataset.org/train2017/000000431484.jpg
719,The bird is far from the elephant.,far from,True,True,True, True,http://images.cocodataset.org/train2017/000000534070.jpg
720,The teddy bear is in front of the bus.,in front of,True,True,True, True,http://images.cocodataset.org/train2017/000000355857.jpg
721,The person is at the left side of the bed.,at the left side of,False,True,False, True,http://images.cocodataset.org/train2017/000000303047.jpg
722,The chair contains the teddy bear.,contains,False,True,False, True,http://images.cocodataset.org/train2017/000000221247.jpg
723,The person is behind the oven.,behind,True,True,True, True,http://images.cocodataset.org/train2017/000000270922.jpg
724,The bicycle is on the bus.,on,True,True,True, True,http://images.cocodataset.org/train2017/000000256981.jpg
725,The cat is toward the sink.,toward,True,True,True, True,http://images.cocodataset.org/train2017/000000007319.jpg
726,The train is right of the bus.,right of,True,False,False, False,http://images.cocodataset.org/train2017/000000419439.jpg
727,The teddy bear is under the dog.,under,False,True,False, True,http://images.cocodataset.org/train2017/000000278184.jpg
728,The bed is perpendicular to the person.,perpendicular to,False,True,False, True,http://images.cocodataset.org/train2017/000000207826.jpg
729,The person is surrounding the cat.,surrounding,False,False,True, False,http://images.cocodataset.org/train2017/000000132099.jpg
730,The bus is next to the umbrella.,next to,True,True,True, True,http://images.cocodataset.org/train2017/000000083736.jpg
731,The cat is toward the toilet.,toward,False,True,False, True,http://images.cocodataset.org/train2017/000000216664.jpg
732,The cow is right of the clock.,right of,True,True,True, True,http://images.cocodataset.org/train2017/000000449845.jpg
733,The potted plant is behind the cat.,behind,True,True,True, True,http://images.cocodataset.org/train2017/000000314504.jpg
734,The donut is inside the car.,inside,True,True,True, True,http://images.cocodataset.org/train2017/000000196002.jpg
735,The teddy bear is in front of the bus.,in front of,False,True,False, True,http://images.cocodataset.org/train2017/000000205283.jpg
736,The bird is away from the refrigerator.,away from,True,True,True, True,http://images.cocodataset.org/train2017/000000576705.jpg
737,The couch is left of the bed.,left of,True,False,False, False,http://images.cocodataset.org/train2017/000000334215.jpg
738,The laptop is facing the cat.,facing,False,True,False, True,http://images.cocodataset.org/train2017/000000501126.jpg
739,The cat is facing the refrigerator.,facing,True,True,True, True,http://images.cocodataset.org/train2017/000000477647.jpg
740,The suitcase contains the cat.,contains,False,True,False, True,http://images.cocodataset.org/train2017/000000282002.jpg
741,The teddy bear is at the left side of the dog.,at the left side of,True,True,True, True,http://images.cocodataset.org/train2017/000000139355.jpg
742,The chair is across the cat.,across,False,False,True, False,http://images.cocodataset.org/train2017/000000482994.jpg
743,The cake is part of the car.,part of,False,False,True, False,http://images.cocodataset.org/train2017/000000399675.jpg
744,The sandwich is touching the person.,touching,False,False,True, False,http://images.cocodataset.org/train2017/000000301614.jpg
745,The dog is touching the bowl.,touching,False,False,True, False,http://images.cocodataset.org/train2017/000000025994.jpg
746,The bicycle is below the pizza.,below,False,False,True, False,http://images.cocodataset.org/train2017/000000521169.jpg
747,The cat is on top of the tv.,on top of,True,True,True, True,http://images.cocodataset.org/train2017/000000337095.jpg
748,The giraffe is next to the zebra.,next to,True,True,True, True,http://images.cocodataset.org/val2017/000000433243.jpg
749,The dining table is below the hot dog.,below,True,True,True, True,http://images.cocodataset.org/train2017/000000238498.jpg
750,The cat is on top of the suitcase.,on top of,False,True,False, True,http://images.cocodataset.org/train2017/000000141441.jpg
751,The laptop is in front of the cat.,in front of,True,True,True, True,http://images.cocodataset.org/train2017/000000357470.jpg
752,The couch is under the car.,under,False,True,False, True,http://images.cocodataset.org/train2017/000000133667.jpg
753,The elephant is in the truck.,in,False,False,True, False,http://images.cocodataset.org/train2017/000000166631.jpg
754,The dining table is in front of the cat.,in front of,False,True,False, True,http://images.cocodataset.org/train2017/000000193254.jpg
755,The bird is on the bowl.,on,True,True,True, True,http://images.cocodataset.org/train2017/000000524881.jpg
756,The person is facing the car.,facing,True,True,True, True,http://images.cocodataset.org/train2017/000000132841.jpg
757,The person is facing away from the laptop.,facing away from,False,True,False, True,http://images.cocodataset.org/train2017/000000021365.jpg
758,The carrot is near the bowl.,near,False,True,False, True,http://images.cocodataset.org/train2017/000000378486.jpg
759,The boat is behind the bicycle.,behind,False,False,True, False,http://images.cocodataset.org/train2017/000000356622.jpg
760,The person is touching the banana.,touching,True,True,True, True,http://images.cocodataset.org/train2017/000000347675.jpg
761,The dog is under the chair.,under,False,False,True, False,http://images.cocodataset.org/train2017/000000033111.jpg
762,The person is at the right side of the dining table.,at the right side of,False,True,False, True,http://images.cocodataset.org/train2017/000000057639.jpg
763,The cat is at the edge of the bench.,at the edge of,True,True,True, True,http://images.cocodataset.org/train2017/000000067906.jpg
764,The cat is touching the tv.,touching,True,True,True, True,http://images.cocodataset.org/train2017/000000119115.jpg
765,The cat is next to the apple.,next to,False,False,True, False,http://images.cocodataset.org/train2017/000000389011.jpg
766,The person is far away from the cow.,far away from,False,False,True, False,http://images.cocodataset.org/train2017/000000316536.jpg
767,The backpack contains the cat.,contains,True,True,True, True,http://images.cocodataset.org/train2017/000000041132.jpg
768,The person is touching the pizza.,touching,False,False,True, False,http://images.cocodataset.org/train2017/000000156687.jpg
769,The dog is on top of the motorcycle.,on top of,True,True,True, True,http://images.cocodataset.org/train2017/000000102763.jpg
770,The bed is beneath the dog.,beneath,False,True,False, True,http://images.cocodataset.org/train2017/000000435549.jpg
771,The microwave is beside the cat.,beside,True,True,True, True,http://images.cocodataset.org/train2017/000000288106.jpg
772,The person is in front of the refrigerator.,in front of,True,True,True, True,http://images.cocodataset.org/train2017/000000321633.jpg
773,The cow is down from the person.,down from,False,False,True, False,http://images.cocodataset.org/train2017/000000172297.jpg
774,The sink is surrounding the cat.,surrounding,False,False,True, False,http://images.cocodataset.org/train2017/000000196307.jpg
775,The bicycle is against the bed.,against,True,True,True, True,http://images.cocodataset.org/train2017/000000002139.jpg
776,The oven is in the pizza.,in,False,True,False, True,http://images.cocodataset.org/train2017/000000116521.jpg
777,The person is part of the hot dog.,part of,False,False,True, False,http://images.cocodataset.org/train2017/000000489739.jpg
778,The person is touching the pizza.,touching,True,True,True, True,http://images.cocodataset.org/train2017/000000195509.jpg
779,The cake has as a part the dog.,has as a part,True,True,True, True,http://images.cocodataset.org/train2017/000000330022.jpg
780,The motorcycle is parallel to the bus.,parallel to,False,True,False, True,http://images.cocodataset.org/train2017/000000308175.jpg
781,The teddy bear is beside the bottle.,beside,True,True,True, True,http://images.cocodataset.org/train2017/000000151862.jpg
782,The sandwich is into the person.,into,True,True,True, True,http://images.cocodataset.org/train2017/000000328326.jpg
783,The sandwich is touching the person.,touching,False,False,True, False,http://images.cocodataset.org/train2017/000000382636.jpg
784,The bed is under the suitcase.,under,False,True,False, True,http://images.cocodataset.org/train2017/000000460991.jpg
785,The dining table is touching the donut.,touching,False,True,False, True,http://images.cocodataset.org/train2017/000000541288.jpg
786,The apple is next to the cat.,next to,True,True,True, True,http://images.cocodataset.org/train2017/000000003067.jpg
787,The laptop is on top of the person.,on top of,True,True,True, True,http://images.cocodataset.org/train2017/000000578572.jpg
788,The cat is into the toilet.,into,False,True,False, True,http://images.cocodataset.org/train2017/000000241876.jpg
789,The boat is on the tv.,on,False,False,True, False,http://images.cocodataset.org/train2017/000000470472.jpg
790,The toilet is far away from the truck.,far away from,True,True,True, True,http://images.cocodataset.org/train2017/000000093519.jpg
791,The cat is inside the suitcase.,inside,False,True,False, True,http://images.cocodataset.org/train2017/000000522380.jpg
792,The banana is inside the bowl.,inside,False,True,False, True,http://images.cocodataset.org/train2017/000000546337.jpg
793,The cat is in the toilet.,in,False,True,False, True,http://images.cocodataset.org/train2017/000000048935.jpg
794,The dining table is adjacent to the refrigerator.,adjacent to,True,True,True, True,http://images.cocodataset.org/train2017/000000211302.jpg
795,The bird is below the bowl.,below,False,True,False, True,http://images.cocodataset.org/train2017/000000138137.jpg
796,The horse is in front of the bench.,in front of,False,True,False, True,http://images.cocodataset.org/train2017/000000566276.jpg
797,The keyboard is below the cat.,below,True,True,True, True,http://images.cocodataset.org/train2017/000000241027.jpg
798,The teddy bear is at the left side of the couch.,at the left side of,False,True,False, True,http://images.cocodataset.org/train2017/000000178818.jpg
799,The cat is by the banana.,by,True,True,True, True,http://images.cocodataset.org/train2017/000000259475.jpg
800,The person is touching the sandwich.,touching,True,True,True, True,http://images.cocodataset.org/train2017/000000097365.jpg
801,The cake has as a part the dog.,has as a part,False,True,False, True,http://images.cocodataset.org/train2017/000000189737.jpg
802,The laptop is at the left side of the dog.,at the left side of,False,True,False, True,http://images.cocodataset.org/train2017/000000025994.jpg
803,The cat is above the bicycle.,above,True,True,True, True,http://images.cocodataset.org/train2017/000000099453.jpg
804,The cup is in front of the cow.,in front of,True,True,True, True,http://images.cocodataset.org/train2017/000000298981.jpg
805,The person is facing the frisbee.,facing,False,True,False, True,http://images.cocodataset.org/train2017/000000468612.jpg
806,The cake is inside the oven.,inside,True,True,True, True,http://images.cocodataset.org/train2017/000000201925.jpg
807,The person is touching the giraffe.,touching,False,False,True, False,http://images.cocodataset.org/val2017/000000449909.jpg
808,The teddy bear is touching the cat.,touching,False,True,False, True,http://images.cocodataset.org/train2017/000000079421.jpg
809,The dining table is next to the bus.,next to,False,True,False, True,http://images.cocodataset.org/train2017/000000355159.jpg
810,The bear is surrounding the person.,surrounding,True,True,True, True,http://images.cocodataset.org/train2017/000000073197.jpg
811,The cake consists of the truck.,consists of,False,False,True, False,http://images.cocodataset.org/train2017/000000273704.jpg
812,The cat is touching the banana.,touching,True,True,True, True,http://images.cocodataset.org/train2017/000000367959.jpg
813,The dining table is below the airplane.,below,True,True,True, True,http://images.cocodataset.org/train2017/000000486114.jpg
814,The bed is left of the tv.,left of,False,False,True, False,http://images.cocodataset.org/train2017/000000109106.jpg
815,The toilet is at the back of the truck.,at the back of,True,True,True, True,http://images.cocodataset.org/train2017/000000127871.jpg
816,The umbrella is left of the train.,left of,False,True,False, True,http://images.cocodataset.org/train2017/000000296797.jpg
817,The boat is behind the dining table.,behind,False,True,False, True,http://images.cocodataset.org/train2017/000000112363.jpg
818,The parking meter is at the back of the car.,at the back of,False,True,False, True,http://images.cocodataset.org/train2017/000000355462.jpg
819,The apple is left of the banana.,left of,True,True,True, True,http://images.cocodataset.org/train2017/000000125499.jpg
820,The person is off the keyboard.,off,True,True,True, True,http://images.cocodataset.org/train2017/000000538108.jpg
821,The donut is left of the cup.,left of,True,True,True, True,http://images.cocodataset.org/train2017/000000316482.jpg
822,The hot dog is far away from the bench.,far away from,False,False,True, False,http://images.cocodataset.org/train2017/000000039360.jpg
823,The person is on the zebra.,on,False,False,True, False,http://images.cocodataset.org/train2017/000000171805.jpg
824,The pizza is next to the knife.,next to,False,False,True, False,http://images.cocodataset.org/train2017/000000091639.jpg
825,The surfboard is in the truck.,in,False,False,True, False,http://images.cocodataset.org/train2017/000000250035.jpg
826,The dining table is on top of the bed.,on top of,True,True,True, True,http://images.cocodataset.org/train2017/000000351166.jpg
827,The cat is far from the apple.,far from,False,True,False, True,http://images.cocodataset.org/train2017/000000434385.jpg
828,The dog is on the motorcycle.,on,False,True,False, True,http://images.cocodataset.org/val2017/000000007386.jpg
829,The cat is in the suitcase.,in,False,False,True, False,http://images.cocodataset.org/train2017/000000104454.jpg
830,The bus contains the person.,contains,False,True,False, True,http://images.cocodataset.org/train2017/000000507502.jpg
831,The cow is above the dog.,above,True,True,True, True,http://images.cocodataset.org/train2017/000000468902.jpg
832,The cat is in front of the chair.,in front of,True,True,True, True,http://images.cocodataset.org/train2017/000000549649.jpg
833,The person is at the left side of the couch.,at the left side of,True,True,True, True,http://images.cocodataset.org/train2017/000000527691.jpg
834,The bus is perpendicular to the car.,perpendicular to,True,True,True, True,http://images.cocodataset.org/train2017/000000499267.jpg
835,The suitcase is at the edge of the bed.,at the edge of,True,True,True, True,http://images.cocodataset.org/train2017/000000364372.jpg
836,The apple is at the right side of the bird.,at the right side of,False,True,False, True,http://images.cocodataset.org/train2017/000000444080.jpg
837,The suitcase is under the cat.,under,True,True,True, True,http://images.cocodataset.org/train2017/000000045071.jpg
838,The laptop is touching the pizza.,touching,False,False,True, False,http://images.cocodataset.org/val2017/000000294831.jpg
839,The oven is above the cake.,above,False,True,False, True,http://images.cocodataset.org/train2017/000000169660.jpg
840,The couch is under the person.,under,False,True,False, True,http://images.cocodataset.org/train2017/000000025423.jpg
841,The cat is on the chair.,on,False,False,True, False,http://images.cocodataset.org/train2017/000000094651.jpg
842,The potted plant is behind the cat.,behind,False,True,False, True,http://images.cocodataset.org/train2017/000000410704.jpg
843,The giraffe is in front of the truck.,in front of,False,True,False, True,http://images.cocodataset.org/train2017/000000060513.jpg
844,The sandwich is in front of the pizza.,in front of,True,True,True, True,http://images.cocodataset.org/train2017/000000220111.jpg
845,The couch is part of the bed.,part of,True,True,True, True,http://images.cocodataset.org/train2017/000000254984.jpg
846,The pizza is behind the bowl.,behind,True,True,True, True,http://images.cocodataset.org/train2017/000000237818.jpg
847,The refrigerator is close to the suitcase.,close to,True,True,True, True,http://images.cocodataset.org/train2017/000000561393.jpg
848,The teddy bear is adjacent to the cat.,adjacent to,True,True,True, True,http://images.cocodataset.org/train2017/000000400285.jpg
849,The sandwich is near the wine glass.,near,False,True,False, True,http://images.cocodataset.org/train2017/000000429811.jpg
850,The cat is on the cake.,on,True,True,True, True,http://images.cocodataset.org/train2017/000000128612.jpg
851,The bicycle is away from the dining table.,away from,True,True,True, True,http://images.cocodataset.org/train2017/000000152769.jpg
852,The person is touching the sandwich.,touching,True,True,True, True,http://images.cocodataset.org/train2017/000000169962.jpg
853,The umbrella is behind the cat.,behind,False,True,False, True,http://images.cocodataset.org/train2017/000000249952.jpg
854,The train is close to the truck.,close to,True,True,True, True,http://images.cocodataset.org/train2017/000000480153.jpg
855,The potted plant is in front of the teddy bear.,in front of,False,False,True, False,http://images.cocodataset.org/train2017/000000413603.jpg
856,The cake is next to the car.,next to,True,True,True, True,http://images.cocodataset.org/train2017/000000399675.jpg
857,The horse is behind the person.,behind,False,False,True, False,http://images.cocodataset.org/train2017/000000422755.jpg
858,The cat is facing away from the toilet.,facing away from,False,True,False, True,http://images.cocodataset.org/train2017/000000572075.jpg
859,The cat is facing the sink.,facing,False,True,False, True,http://images.cocodataset.org/train2017/000000463825.jpg
860,The zebra is facing the person.,facing,False,True,False, True,http://images.cocodataset.org/train2017/000000484066.jpg
861,The laptop is behind the sandwich.,behind,False,False,True, False,http://images.cocodataset.org/train2017/000000013140.jpg
862,The car is far away from the dog.,far away from,False,False,True, False,http://images.cocodataset.org/train2017/000000132841.jpg
863,The pizza is behind the sandwich.,behind,False,True,False, True,http://images.cocodataset.org/train2017/000000278638.jpg
864,The person is touching the zebra.,touching,False,False,True, False,http://images.cocodataset.org/train2017/000000129262.jpg
865,The teddy bear is at the left side of the dog.,at the left side of,True,True,True, True,http://images.cocodataset.org/train2017/000000529411.jpg
866,The person is left of the teddy bear.,left of,True,True,True, True,http://images.cocodataset.org/train2017/000000215396.jpg
867,The umbrella is below the horse.,below,True,True,True, True,http://images.cocodataset.org/train2017/000000031470.jpg
868,The person is facing away from the bear.,facing away from,True,False,False, False,http://images.cocodataset.org/train2017/000000073197.jpg
869,The skateboard is on top of the couch.,on top of,True,False,False, False,http://images.cocodataset.org/train2017/000000001561.jpg
870,The car is beside the bird.,beside,True,True,True, True,http://images.cocodataset.org/train2017/000000454172.jpg
871,The truck is next to the motorcycle.,next to,False,True,False, True,http://images.cocodataset.org/train2017/000000120207.jpg
872,The motorcycle is at the left side of the car.,at the left side of,False,True,False, True,http://images.cocodataset.org/train2017/000000443589.jpg
873,The suitcase is under the cat.,under,True,True,True, True,http://images.cocodataset.org/train2017/000000308549.jpg
874,The cake is in the oven.,in,True,True,True, True,http://images.cocodataset.org/train2017/000000396725.jpg
875,The umbrella is at the left side of the cat.,at the left side of,False,True,False, True,http://images.cocodataset.org/train2017/000000029145.jpg
876,The potted plant is on top of the refrigerator.,on top of,False,False,True, False,http://images.cocodataset.org/train2017/000000549188.jpg
877,The oven is surrounding the cake.,surrounding,True,True,True, True,http://images.cocodataset.org/train2017/000000169660.jpg
878,The bed is at the right side of the dining table.,at the right side of,True,True,True, True,http://images.cocodataset.org/train2017/000000457906.jpg
879,The cat is touching the bottle.,touching,False,False,True, False,http://images.cocodataset.org/train2017/000000046090.jpg
880,The cake is on top of the teddy bear.,on top of,False,False,True, False,http://images.cocodataset.org/train2017/000000126514.jpg
881,The laptop is touching the bed.,touching,True,True,True, True,http://images.cocodataset.org/train2017/000000121358.jpg
882,The cup contains the cat.,contains,True,True,True, True,http://images.cocodataset.org/train2017/000000440650.jpg
883,The airplane is far away from the bus.,far away from,True,True,True, True,http://images.cocodataset.org/train2017/000000303879.jpg
884,The cat is on the couch.,on,False,True,False, True,http://images.cocodataset.org/train2017/000000017936.jpg
885,The donut is on top of the dog.,on top of,True,False,False, False,http://images.cocodataset.org/train2017/000000108113.jpg
886,The car is in front of the truck.,in front of,True,True,True, True,http://images.cocodataset.org/train2017/000000500954.jpg
887,The microwave is on top of the refrigerator.,on top of,True,True,True, True,http://images.cocodataset.org/train2017/000000239504.jpg
888,The hair drier is left of the person.,left of,True,True,True, True,http://images.cocodataset.org/train2017/000000375483.jpg
889,The person is along the couch.,along,False,True,False, True,http://images.cocodataset.org/train2017/000000469667.jpg
890,The dining table is away from the potted plant.,away from,False,False,True, False,http://images.cocodataset.org/train2017/000000481820.jpg
891,The person is close to the dining table.,close to,False,True,False, True,http://images.cocodataset.org/train2017/000000529260.jpg
892,The keyboard is above the dog.,above,True,False,False, False,http://images.cocodataset.org/train2017/000000570092.jpg
893,The airplane is on the dining table.,on,False,False,True, False,http://images.cocodataset.org/train2017/000000275327.jpg
894,The refrigerator is behind the cat.,behind,True,True,True, True,http://images.cocodataset.org/train2017/000000139721.jpg
895,The laptop is behind the potted plant.,behind,True,True,True, True,http://images.cocodataset.org/train2017/000000293249.jpg
896,The bear is touching the person.,touching,False,False,True, False,http://images.cocodataset.org/train2017/000000015391.jpg
897,The teddy bear is in front of the car.,in front of,False,True,False, True,http://images.cocodataset.org/train2017/000000151764.jpg
898,The bed is at the left side of the couch.,at the left side of,False,True,False, True,http://images.cocodataset.org/train2017/000000131352.jpg
899,The person is part of the cake.,part of,True,True,True, True,http://images.cocodataset.org/train2017/000000022429.jpg
900,The person is at the right side of the cake.,at the right side of,True,True,True, True,http://images.cocodataset.org/train2017/000000271759.jpg
901,The dining table is in front of the person.,in front of,True,True,True, True,http://images.cocodataset.org/train2017/000000079058.jpg
902,The car is under the cat.,under,True,True,True, True,http://images.cocodataset.org/train2017/000000455198.jpg
903,The train contains the chair.,contains,True,True,True, True,http://images.cocodataset.org/train2017/000000281660.jpg
904,The cup is beyond the bicycle.,beyond,True,True,True, True,http://images.cocodataset.org/train2017/000000312041.jpg
905,The dog is on the chair.,on,False,False,True, False,http://images.cocodataset.org/train2017/000000327498.jpg
906,The person is in the suitcase.,in,False,False,True, False,http://images.cocodataset.org/train2017/000000243527.jpg
907,The person is inside the suitcase.,inside,True,True,True, True,http://images.cocodataset.org/train2017/000000256533.jpg
908,The sink is surrounding the cat.,surrounding,False,True,False, True,http://images.cocodataset.org/train2017/000000007319.jpg
909,The apple is in front of the orange.,in front of,True,True,True, True,http://images.cocodataset.org/train2017/000000341985.jpg
910,The person is at the right side of the oven.,at the right side of,False,False,True, False,http://images.cocodataset.org/train2017/000000121046.jpg
911,The cat is facing away from the cake.,facing away from,False,True,False, True,http://images.cocodataset.org/train2017/000000447741.jpg
912,The hot dog is right of the cup.,right of,True,True,True, True,http://images.cocodataset.org/train2017/000000289199.jpg
913,The suitcase is outside the bottle.,outside,False,True,False, True,http://images.cocodataset.org/train2017/000000131162.jpg
914,The teddy bear is touching the potted plant.,touching,True,False,False, False,http://images.cocodataset.org/val2017/000000175443.jpg
915,The person is beneath the sheep.,beneath,False,False,True, False,http://images.cocodataset.org/train2017/000000407548.jpg
916,The umbrella is behind the couch.,behind,True,True,True, True,http://images.cocodataset.org/train2017/000000428329.jpg
917,The person is at the left side of the keyboard.,at the left side of,True,True,True, True,http://images.cocodataset.org/train2017/000000544046.jpg
918,The handbag is on top of the bed.,on top of,False,False,True, False,http://images.cocodataset.org/train2017/000000468471.jpg
919,The microwave is behind the cat.,behind,False,False,True, False,http://images.cocodataset.org/train2017/000000288106.jpg
920,The car is left of the surfboard.,left of,False,True,False, True,http://images.cocodataset.org/train2017/000000525695.jpg
921,The umbrella is above the cat.,above,False,False,True, False,http://images.cocodataset.org/train2017/000000490689.jpg
922,The pizza is on the bench.,on,False,False,True, False,http://images.cocodataset.org/train2017/000000258020.jpg
923,The cat is on top of the toilet.,on top of,True,True,True, True,http://images.cocodataset.org/train2017/000000028903.jpg
924,The chair is at the left side of the tv.,at the left side of,True,True,True, True,http://images.cocodataset.org/train2017/000000036962.jpg
925,The dog is below the motorcycle.,below,False,True,False, True,http://images.cocodataset.org/train2017/000000251716.jpg
926,The bear is near the dog.,near,True,True,True, True,http://images.cocodataset.org/train2017/000000522225.jpg
927,The orange is touching the person.,touching,True,True,True, True,http://images.cocodataset.org/train2017/000000488743.jpg
928,The train is next to the bicycle.,next to,True,True,True, True,http://images.cocodataset.org/train2017/000000050354.jpg
929,The bird is inside the dog.,inside,True,True,True, True,http://images.cocodataset.org/train2017/000000173071.jpg
930,The donut is near the dog.,near,True,True,True, True,http://images.cocodataset.org/train2017/000000026908.jpg
931,The book is off the banana.,off,True,False,False, False,http://images.cocodataset.org/train2017/000000036417.jpg
932,The bench is above the cat.,above,True,False,False, False,http://images.cocodataset.org/val2017/000000320554.jpg
933,The hot dog is in front of the bowl.,in front of,True,True,True, True,http://images.cocodataset.org/train2017/000000203756.jpg
934,The motorcycle is parallel to the car.,parallel to,False,True,False, True,http://images.cocodataset.org/train2017/000000449889.jpg
935,The car is over the cat.,over,True,True,True, True,http://images.cocodataset.org/train2017/000000372902.jpg
936,The person is in the hot dog.,in,False,True,False, True,http://images.cocodataset.org/train2017/000000013908.jpg
937,The zebra is perpendicular to the horse.,perpendicular to,False,True,False, True,http://images.cocodataset.org/train2017/000000302924.jpg
938,The truck is behind the oven.,behind,False,False,True, False,http://images.cocodataset.org/train2017/000000352127.jpg
939,The bed is beside the person.,beside,False,True,False, True,http://images.cocodataset.org/train2017/000000418604.jpg
940,The pizza is touching the person.,touching,True,True,True, True,http://images.cocodataset.org/train2017/000000496307.jpg
941,The sink is surrounding the cat.,surrounding,False,False,True, False,http://images.cocodataset.org/train2017/000000229740.jpg
942,The person is touching the dining table.,touching,False,False,True, False,http://images.cocodataset.org/train2017/000000281764.jpg
943,The umbrella is at the right side of the cat.,at the right side of,True,True,True, True,http://images.cocodataset.org/train2017/000000565110.jpg
944,The person is far from the zebra.,far from,False,True,False, True,http://images.cocodataset.org/train2017/000000484066.jpg
945,The tennis racket is below the person.,below,True,True,True, True,http://images.cocodataset.org/train2017/000000313009.jpg
946,The bowl is over the sandwich.,over,False,False,True, False,http://images.cocodataset.org/train2017/000000544216.jpg
947,The person is at the left side of the refrigerator.,at the left side of,False,False,True, False,http://images.cocodataset.org/train2017/000000242203.jpg
948,The broccoli is on top of the sandwich.,on top of,True,True,True, True,http://images.cocodataset.org/train2017/000000013703.jpg
949,The truck is behind the motorcycle.,behind,True,False,False, False,http://images.cocodataset.org/train2017/000000369763.jpg
950,The keyboard is close to the cake.,close to,True,True,True, True,http://images.cocodataset.org/train2017/000000505754.jpg
951,The person is behind the dining table.,behind,True,True,True, True,http://images.cocodataset.org/train2017/000000348973.jpg
952,The tv is above the laptop.,above,True,True,True, True,http://images.cocodataset.org/train2017/000000308117.jpg
953,The cup is on top of the bed.,on top of,True,True,True, True,http://images.cocodataset.org/train2017/000000043894.jpg
954,The person is at the right side of the cake.,at the right side of,True,True,True, True,http://images.cocodataset.org/train2017/000000324156.jpg
955,The truck is above the cat.,above,False,False,True, False,http://images.cocodataset.org/val2017/000000084362.jpg
956,The cat is left of the sink.,left of,False,True,False, True,http://images.cocodataset.org/val2017/000000094336.jpg
957,The teddy bear is next to the wine glass.,next to,True,True,True, True,http://images.cocodataset.org/train2017/000000386377.jpg
958,The keyboard is at the right side of the person.,at the right side of,False,True,False, True,http://images.cocodataset.org/train2017/000000481124.jpg
959,The cat is facing away from the toilet.,facing away from,False,True,False, True,http://images.cocodataset.org/train2017/000000439364.jpg
960,The potted plant is at the back of the bus.,at the back of,True,True,True, True,http://images.cocodataset.org/train2017/000000185502.jpg
961,The pizza is in the middle of the dining table.,in the middle of,False,False,True, False,http://images.cocodataset.org/train2017/000000212363.jpg
962,The person is at the left side of the suitcase.,at the left side of,False,False,True, False,http://images.cocodataset.org/train2017/000000246863.jpg
963,The bench is below the umbrella.,below,True,True,True, True,http://images.cocodataset.org/train2017/000000416516.jpg
964,The suitcase is beside the bottle.,beside,False,True,False, True,http://images.cocodataset.org/train2017/000000131162.jpg
965,The couch is at the right side of the bench.,at the right side of,True,True,True, True,http://images.cocodataset.org/train2017/000000541721.jpg
966,The wine glass is at the left side of the pizza.,at the left side of,False,True,False, True,http://images.cocodataset.org/train2017/000000481886.jpg
967,The zebra is in front of the truck.,in front of,True,True,True, True,http://images.cocodataset.org/train2017/000000319902.jpg
968,The oven contains the cake.,contains,False,True,False, True,http://images.cocodataset.org/train2017/000000299326.jpg
969,The laptop is beneath the cat.,beneath,True,True,True, True,http://images.cocodataset.org/train2017/000000137412.jpg
970,The bed is left of the refrigerator.,left of,False,True,False, True,http://images.cocodataset.org/train2017/000000169891.jpg
971,The teddy bear is attached to the suitcase.,attached to,False,True,False, True,http://images.cocodataset.org/train2017/000000123751.jpg
972,The teddy bear is on top of the person.,on top of,True,True,True, True,http://images.cocodataset.org/train2017/000000151764.jpg
973,The backpack contains the cat.,contains,True,True,True, True,http://images.cocodataset.org/train2017/000000318723.jpg
974,The bench is below the suitcase.,below,False,True,False, True,http://images.cocodataset.org/train2017/000000256533.jpg
975,The cake is inside the wine glass.,inside,True,True,True, True,http://images.cocodataset.org/train2017/000000172135.jpg
976,The person is touching the laptop.,touching,False,False,True, False,http://images.cocodataset.org/train2017/000000153638.jpg
977,The oven is behind the dog.,behind,True,True,True, True,http://images.cocodataset.org/train2017/000000401045.jpg
978,The car is far away from the cow.,far away from,False,True,False, True,http://images.cocodataset.org/train2017/000000173530.jpg
979,The person is behind the bear.,behind,False,True,False, True,http://images.cocodataset.org/train2017/000000283942.jpg
980,The dining table is under the donut.,under,True,False,False, False,http://images.cocodataset.org/train2017/000000309279.jpg
981,The apple is under the knife.,under,True,True,True, True,http://images.cocodataset.org/train2017/000000500324.jpg
982,The teddy bear is at the edge of the bench.,at the edge of,True,True,True, True,http://images.cocodataset.org/train2017/000000147333.jpg
983,The cat is in the sink.,in,True,True,True, True,http://images.cocodataset.org/train2017/000000151567.jpg
984,The motorcycle is parallel to the bus.,parallel to,True,True,True, True,http://images.cocodataset.org/train2017/000000142774.jpg
985,The bench is over the dog.,over,True,True,True, True,http://images.cocodataset.org/train2017/000000463593.jpg
986,The dog is facing the cake.,facing,True,True,True, True,http://images.cocodataset.org/train2017/000000373396.jpg
987,The orange is in front of the banana.,in front of,False,True,False, True,http://images.cocodataset.org/train2017/000000038668.jpg
988,The truck contains the tv.,contains,False,False,True, False,http://images.cocodataset.org/train2017/000000005883.jpg
989,The parking meter is at the left side of the car.,at the left side of,True,True,True, True,http://images.cocodataset.org/train2017/000000422469.jpg
990,The backpack is on top of the cat.,on top of,False,False,True, False,http://images.cocodataset.org/train2017/000000268570.jpg
991,The cat is within the backpack.,within,True,True,True, True,http://images.cocodataset.org/train2017/000000318723.jpg
992,The cat is next to the keyboard.,next to,True,True,True, True,http://images.cocodataset.org/train2017/000000407390.jpg
993,The bowl is in front of the sandwich.,in front of,False,False,True, False,http://images.cocodataset.org/train2017/000000568572.jpg
994,The donut is on the dining table.,on,False,False,True, False,http://images.cocodataset.org/train2017/000000011282.jpg
995,The person is under the laptop.,under,True,True,True, True,http://images.cocodataset.org/train2017/000000496517.jpg
996,The couch is behind the teddy bear.,behind,False,False,True, False,http://images.cocodataset.org/train2017/000000394271.jpg
997,The person is touching the apple.,touching,False,True,False, True,http://images.cocodataset.org/train2017/000000396082.jpg
998,The suitcase is next to the cat.,next to,False,True,False, True,http://images.cocodataset.org/train2017/000000148677.jpg
999,The laptop is in front of the cat.,in front of,True,True,True, True,http://images.cocodataset.org/train2017/000000369208.jpg
1000,The cat is at the edge of the dining table.,at the edge of,False,True,False, True,http://images.cocodataset.org/train2017/000000190156.jpg
1001,The banana is behind the orange.,behind,True,True,True, True,http://images.cocodataset.org/train2017/000000540164.jpg
1002,The cat is in front of the bicycle.,in front of,False,True,False, True,http://images.cocodataset.org/val2017/000000101762.jpg
1003,The elephant is on the bench.,on,True,True,True, True,http://images.cocodataset.org/train2017/000000194528.jpg
1004,The laptop is beside the cake.,beside,True,True,True, True,http://images.cocodataset.org/train2017/000000349230.jpg
1005,The sheep is in the middle of the cake.,in the middle of,True,True,True, True,http://images.cocodataset.org/train2017/000000363793.jpg
1006,The umbrella is above the person.,above,True,True,True, True,http://images.cocodataset.org/train2017/000000323448.jpg
1007,The pizza is next to the laptop.,next to,True,True,True, True,http://images.cocodataset.org/train2017/000000073353.jpg
1008,The teddy bear is on top of the dining table.,on top of,False,False,True, False,http://images.cocodataset.org/train2017/000000094174.jpg
1009,The teddy bear is adjacent to the cell phone.,adjacent to,True,True,True, True,http://images.cocodataset.org/train2017/000000500921.jpg
1010,The person is under the banana.,under,False,False,True, False,http://images.cocodataset.org/train2017/000000177246.jpg
1011,The person is above the pizza.,above,True,True,True, True,http://images.cocodataset.org/train2017/000000021846.jpg
1012,The cake is beneath the banana.,beneath,False,True,False, True,http://images.cocodataset.org/train2017/000000418372.jpg
1013,The dining table is at the edge of the teddy bear.,at the edge of,False,True,False, True,http://images.cocodataset.org/train2017/000000212685.jpg
1014,The cell phone is at the right side of the person.,at the right side of,True,True,True, True,http://images.cocodataset.org/train2017/000000476363.jpg
1015,The umbrella is above the cat.,above,True,True,True, True,http://images.cocodataset.org/train2017/000000251360.jpg
1016,The sandwich is beside the oven.,beside,False,True,False, True,http://images.cocodataset.org/val2017/000000046463.jpg
1017,The backpack is under the cat.,under,True,True,True, True,http://images.cocodataset.org/train2017/000000018893.jpg
1018,The car is facing away from the pizza.,facing away from,False,True,False, True,http://images.cocodataset.org/train2017/000000079798.jpg
1019,The person is facing the banana.,facing,True,True,True, True,http://images.cocodataset.org/val2017/000000550714.jpg
1020,The boat is parallel to the truck.,parallel to,False,True,False, True,http://images.cocodataset.org/train2017/000000562291.jpg
1021,The truck is surrounding the elephant.,surrounding,False,True,False, True,http://images.cocodataset.org/train2017/000000027989.jpg
1022,The truck is adjacent to the parking meter.,adjacent to,False,False,True, False,http://images.cocodataset.org/train2017/000000341137.jpg
1023,The cow is far from the bicycle.,far from,True,True,True, True,http://images.cocodataset.org/train2017/000000162355.jpg
1024,The person is at the left side of the remote.,at the left side of,False,False,True, False,http://images.cocodataset.org/train2017/000000089930.jpg
1025,The laptop is at the left side of the person.,at the left side of,False,True,False, True,http://images.cocodataset.org/train2017/000000508749.jpg
1026,The wine glass is at the right side of the teddy bear.,at the right side of,True,True,True, True,http://images.cocodataset.org/train2017/000000444343.jpg
1027,The dog is inside the bus.,inside,False,False,True, False,http://images.cocodataset.org/train2017/000000445500.jpg
1028,The bed is touching the banana.,touching,True,True,True, True,http://images.cocodataset.org/train2017/000000026978.jpg
1029,The person is on top of the bed.,on top of,True,True,True, True,http://images.cocodataset.org/train2017/000000475696.jpg
1030,The bicycle is ahead of the car.,ahead of,True,False,False, False,http://images.cocodataset.org/train2017/000000396853.jpg
1031,The person is on the cow.,on,True,True,True, True,http://images.cocodataset.org/train2017/000000326774.jpg
1032,The cell phone is on the teddy bear.,on,False,True,False, True,http://images.cocodataset.org/train2017/000000500921.jpg
1033,The teddy bear is touching the couch.,touching,True,True,True, True,http://images.cocodataset.org/train2017/000000452004.jpg
1034,The person is next to the zebra.,next to,True,False,False, False,http://images.cocodataset.org/train2017/000000425807.jpg
1035,The skateboard is parallel to the couch.,parallel to,False,True,False, True,http://images.cocodataset.org/train2017/000000391685.jpg
1036,The parking meter is behind the truck.,behind,False,False,True, False,http://images.cocodataset.org/train2017/000000064089.jpg
1037,The bus is behind the teddy bear.,behind,True,False,False, False,http://images.cocodataset.org/train2017/000000355857.jpg
1038,The motorcycle is in front of the bus.,in front of,False,True,False, True,http://images.cocodataset.org/train2017/000000440586.jpg
1039,The oven is at the left side of the person.,at the left side of,True,True,True, True,http://images.cocodataset.org/train2017/000000265810.jpg
1040,The person is touching the bear.,touching,False,False,True, False,http://images.cocodataset.org/train2017/000000290967.jpg
1041,The person is in front of the toaster.,in front of,True,True,True, True,http://images.cocodataset.org/train2017/000000147073.jpg
1042,The dog is facing away from the fire hydrant.,facing away from,False,True,False, True,http://images.cocodataset.org/train2017/000000198935.jpg
1043,The book is below the couch.,below,False,False,True, False,http://images.cocodataset.org/train2017/000000087105.jpg
1044,The wine glass is in front of the person.,in front of,True,True,True, True,http://images.cocodataset.org/train2017/000000456991.jpg
1045,The zebra is behind the person.,behind,False,True,False, True,http://images.cocodataset.org/train2017/000000236925.jpg
1046,The bowl is at the right side of the sandwich.,at the right side of,True,True,True, True,http://images.cocodataset.org/train2017/000000274203.jpg
1047,The cat is by the toilet.,by,True,True,True, True,http://images.cocodataset.org/train2017/000000292365.jpg
1048,The person is touching the cake.,touching,True,False,False, False,http://images.cocodataset.org/train2017/000000340674.jpg
1049,The cow is in front of the sheep.,in front of,False,True,False, True,http://images.cocodataset.org/train2017/000000076970.jpg
1050,The orange is touching the dining table.,touching,True,True,True, True,http://images.cocodataset.org/train2017/000000108862.jpg
1051,The person is in front of the bear.,in front of,False,True,False, True,http://images.cocodataset.org/train2017/000000071224.jpg
1052,The person is at the left side of the cell phone.,at the left side of,False,False,True, False,http://images.cocodataset.org/val2017/000000450686.jpg
1053,The laptop is touching the teddy bear.,touching,True,True,True, True,http://images.cocodataset.org/train2017/000000487002.jpg
1054,The dog is in front of the bed.,in front of,False,True,False, True,http://images.cocodataset.org/train2017/000000153150.jpg
1055,The keyboard is touching the dog.,touching,False,True,False, True,http://images.cocodataset.org/train2017/000000127799.jpg
1056,The dining table is touching the donut.,touching,False,True,False, True,http://images.cocodataset.org/train2017/000000304858.jpg
1057,The zebra is at the right side of the car.,at the right side of,False,False,True, False,http://images.cocodataset.org/train2017/000000473587.jpg
1058,The pizza is inside the oven.,inside,False,False,True, False,http://images.cocodataset.org/train2017/000000140017.jpg
1059,The tv is above the bicycle.,above,True,True,True, True,http://images.cocodataset.org/train2017/000000560436.jpg
1060,The microwave is in front of the person.,in front of,False,False,True, False,http://images.cocodataset.org/val2017/000000173008.jpg
1061,The surfboard is on the truck.,on,False,False,True, False,http://images.cocodataset.org/train2017/000000317730.jpg
1062,The chair is next to the truck.,next to,True,True,True, True,http://images.cocodataset.org/train2017/000000173001.jpg
1063,The couch is under the cat.,under,True,True,True, True,http://images.cocodataset.org/val2017/000000015497.jpg
1064,The dog is under the chair.,under,False,True,False, True,http://images.cocodataset.org/train2017/000000039669.jpg
1065,The cat is by the backpack.,by,True,True,True, True,http://images.cocodataset.org/train2017/000000449770.jpg
1066,The cat is touching the refrigerator.,touching,False,False,True, False,http://images.cocodataset.org/train2017/000000407390.jpg
1067,The bottle is at the right side of the wine glass.,at the right side of,True,True,True, True,http://images.cocodataset.org/train2017/000000571786.jpg
1068,The oven is behind the person.,behind,False,False,True, False,http://images.cocodataset.org/train2017/000000430643.jpg
1069,The pizza is far from the cat.,far from,True,True,True, True,http://images.cocodataset.org/train2017/000000494785.jpg
1070,The bed is under the handbag.,under,True,True,True, True,http://images.cocodataset.org/train2017/000000487438.jpg
1071,The person is touching the umbrella.,touching,True,True,True, True,http://images.cocodataset.org/train2017/000000433170.jpg
1072,The refrigerator is far from the cat.,far from,False,False,True, False,http://images.cocodataset.org/train2017/000000296471.jpg
1073,The suitcase contains the cat.,contains,True,True,True, True,http://images.cocodataset.org/train2017/000000141441.jpg
1074,The umbrella is touching the cat.,touching,True,True,True, True,http://images.cocodataset.org/train2017/000000318462.jpg
1075,The bicycle is beside the dining table.,beside,False,False,True, False,http://images.cocodataset.org/train2017/000000091527.jpg
1076,The toilet is under the person.,under,True,True,True, True,http://images.cocodataset.org/train2017/000000507049.jpg
1077,The umbrella is behind the motorcycle.,behind,True,False,False, False,http://images.cocodataset.org/train2017/000000091636.jpg
1078,The dog is facing the horse.,facing,True,True,True, True,http://images.cocodataset.org/train2017/000000331503.jpg
1079,The car is near the motorcycle.,near,True,True,True, True,http://images.cocodataset.org/train2017/000000384422.jpg
1080,The keyboard is below the cell phone.,below,True,True,True, True,http://images.cocodataset.org/train2017/000000178376.jpg
1081,The couch is at the right side of the person.,at the right side of,False,False,True, False,http://images.cocodataset.org/train2017/000000367471.jpg
1082,The teddy bear is touching the book.,touching,True,True,True, True,http://images.cocodataset.org/train2017/000000041074.jpg
1083,The cat is on the person.,on,False,True,False, True,http://images.cocodataset.org/train2017/000000121229.jpg
1084,The cat is on the bench.,on,True,True,True, True,http://images.cocodataset.org/train2017/000000122726.jpg
1085,The person is behind the cow.,behind,True,True,True, True,http://images.cocodataset.org/train2017/000000234615.jpg
1086,The vase is beside the dog.,beside,False,True,False, True,http://images.cocodataset.org/train2017/000000143532.jpg
1087,The cat is touching the couch.,touching,True,True,True, True,http://images.cocodataset.org/train2017/000000226597.jpg
1088,The cat is under the truck.,under,False,False,True, False,http://images.cocodataset.org/val2017/000000084362.jpg
1089,The pizza is inside the oven.,inside,False,False,True, False,http://images.cocodataset.org/train2017/000000047935.jpg
1090,The person is at the right side of the microwave.,at the right side of,False,True,False, True,http://images.cocodataset.org/train2017/000000536999.jpg
1091,The truck is touching the cake.,touching,False,True,False, True,http://images.cocodataset.org/train2017/000000268394.jpg
1092,The boat is on the cell phone.,on,True,True,True, True,http://images.cocodataset.org/train2017/000000273878.jpg
1093,The laptop is facing away from the chair.,facing away from,True,True,True, True,http://images.cocodataset.org/train2017/000000131011.jpg
1094,The cat is right of the umbrella.,right of,True,True,True, True,http://images.cocodataset.org/train2017/000000038837.jpg
1095,The bench is away from the umbrella.,away from,False,True,False, True,http://images.cocodataset.org/train2017/000000547807.jpg
1096,The pizza is attached to the person.,attached to,True,True,True, True,http://images.cocodataset.org/train2017/000000057283.jpg
1097,The dining table is touching the cat.,touching,True,True,True, True,http://images.cocodataset.org/train2017/000000320089.jpg
1098,The train is above the dining table.,above,True,True,True, True,http://images.cocodataset.org/train2017/000000109924.jpg
1099,The bicycle is under the cat.,under,False,True,False, True,http://images.cocodataset.org/train2017/000000557451.jpg
1100,The laptop is at the right side of the sandwich.,at the right side of,True,True,True, True,http://images.cocodataset.org/train2017/000000336762.jpg
1101,The sandwich is touching the person.,touching,True,True,True, True,http://images.cocodataset.org/train2017/000000036303.jpg
1102,The keyboard is touching the cat.,touching,True,True,True, True,http://images.cocodataset.org/train2017/000000025138.jpg
1103,The dining table is at the left side of the person.,at the left side of,True,False,False, False,http://images.cocodataset.org/train2017/000000061315.jpg
1104,The boat is left of the potted plant.,left of,True,True,True, True,http://images.cocodataset.org/train2017/000000112363.jpg
1105,The cat is in the sink.,in,True,True,True, True,http://images.cocodataset.org/train2017/000000373252.jpg
1106,The sheep is touching the person.,touching,False,True,False, True,http://images.cocodataset.org/train2017/000000097272.jpg
1107,The bus is in front of the person.,in front of,True,True,True, True,http://images.cocodataset.org/train2017/000000507502.jpg
1108,The backpack is next to the donut.,next to,True,True,True, True,http://images.cocodataset.org/train2017/000000054598.jpg
1109,The couch is under the person.,under,True,True,True, True,http://images.cocodataset.org/train2017/000000218574.jpg
1110,The banana is on the dining table.,on,False,True,False, True,http://images.cocodataset.org/train2017/000000468852.jpg
1111,The train is behind the motorcycle.,behind,True,True,True, True,http://images.cocodataset.org/train2017/000000338407.jpg
1112,The bed is touching the laptop.,touching,True,True,True, True,http://images.cocodataset.org/train2017/000000437564.jpg
1113,The cake is on top of the dining table.,on top of,True,True,True, True,http://images.cocodataset.org/train2017/000000273658.jpg
1114,The cake is at the right side of the laptop.,at the right side of,True,True,True, True,http://images.cocodataset.org/train2017/000000349230.jpg
1115,The oven is away from the cat.,away from,False,False,True, False,http://images.cocodataset.org/train2017/000000318722.jpg
1116,The bowl is below the bird.,below,False,False,True, False,http://images.cocodataset.org/train2017/000000576705.jpg
1117,The oven is under the sandwich.,under,True,False,False, False,http://images.cocodataset.org/val2017/000000243204.jpg
1118,The bear is far from the person.,far from,False,False,True, False,http://images.cocodataset.org/train2017/000000061852.jpg
1119,The teddy bear is behind the car.,behind,True,True,True, True,http://images.cocodataset.org/train2017/000000171107.jpg
1120,The pizza is away from the cat.,away from,True,True,True, True,http://images.cocodataset.org/train2017/000000494785.jpg
1121,The cat is at the left side of the teddy bear.,at the left side of,True,True,True, True,http://images.cocodataset.org/train2017/000000318089.jpg
1122,The teddy bear is beside the bicycle.,beside,False,False,True, False,http://images.cocodataset.org/train2017/000000263098.jpg
1123,The cat is under the umbrella.,under,False,False,True, False,http://images.cocodataset.org/train2017/000000430567.jpg
1124,The person is below the frisbee.,below,True,True,True, True,http://images.cocodataset.org/train2017/000000134829.jpg
1125,The person is alongside the sheep.,alongside,True,True,True, True,http://images.cocodataset.org/train2017/000000129860.jpg
1126,The cat is touching the person.,touching,False,False,True, False,http://images.cocodataset.org/train2017/000000186635.jpg
1127,The refrigerator is behind the dog.,behind,False,True,False, True,http://images.cocodataset.org/train2017/000000333848.jpg
1128,The cat is next to the couch.,next to,True,True,True, True,http://images.cocodataset.org/train2017/000000347328.jpg
1129,The train is far away from the stop sign.,far away from,False,True,False, True,http://images.cocodataset.org/train2017/000000188017.jpg
1130,The bird is touching the book.,touching,True,True,True, True,http://images.cocodataset.org/train2017/000000482127.jpg
1131,The laptop is detached from the cat.,detached from,True,False,False, False,http://images.cocodataset.org/train2017/000000430142.jpg
1132,The person is facing the book.,facing,True,True,True, True,http://images.cocodataset.org/train2017/000000527224.jpg
1133,The teddy bear is behind the book.,behind,True,True,True, True,http://images.cocodataset.org/train2017/000000127654.jpg
1134,The dining table is close to the oven.,close to,True,True,True, True,http://images.cocodataset.org/train2017/000000249086.jpg
1135,The tv is behind the person.,behind,False,True,False, True,http://images.cocodataset.org/train2017/000000138064.jpg
1136,The teddy bear is below the person.,below,True,True,True, True,http://images.cocodataset.org/train2017/000000481821.jpg
1137,The bed is under the suitcase.,under,True,True,True, True,http://images.cocodataset.org/train2017/000000158601.jpg
1138,The cake is in the middle of the dining table.,in the middle of,False,False,True, False,http://images.cocodataset.org/train2017/000000004827.jpg
1139,The bed is above the backpack.,above,True,False,False, False,http://images.cocodataset.org/train2017/000000323264.jpg
1140,The mouse is on the bed.,on,True,True,True, True,http://images.cocodataset.org/train2017/000000278309.jpg
1141,The person is touching the clock.,touching,False,False,True, False,http://images.cocodataset.org/train2017/000000169243.jpg
1142,The hot dog is at the edge of the dining table.,at the edge of,False,True,False, True,http://images.cocodataset.org/train2017/000000145722.jpg
1143,The motorcycle is under the person.,under,False,True,False, True,http://images.cocodataset.org/train2017/000000319487.jpg
1144,The bus is far away from the bicycle.,far away from,False,True,False, True,http://images.cocodataset.org/train2017/000000541134.jpg
1145,The dining table is touching the apple.,touching,False,False,True, False,http://images.cocodataset.org/train2017/000000209016.jpg
1146,The refrigerator is beyond the cat.,beyond,False,True,False, True,http://images.cocodataset.org/train2017/000000123765.jpg
1147,The dining table is under the book.,under,False,False,True, False,http://images.cocodataset.org/train2017/000000558602.jpg
1148,The donut is touching the cat.,touching,False,True,False, True,http://images.cocodataset.org/train2017/000000362289.jpg
1149,The person is below the umbrella.,below,False,True,False, True,http://images.cocodataset.org/train2017/000000573046.jpg
1150,The teddy bear is away from the car.,away from,True,True,True, True,http://images.cocodataset.org/train2017/000000458132.jpg
1151,The cup is at the left side of the bowl.,at the left side of,True,True,True, True,http://images.cocodataset.org/train2017/000000278646.jpg
1152,The sandwich is above the bowl.,above,True,True,True, True,http://images.cocodataset.org/train2017/000000210846.jpg
1153,The bed is touching the laptop.,touching,False,True,False, True,http://images.cocodataset.org/train2017/000000554711.jpg
1154,The dog is beneath the bear.,beneath,False,True,False, True,http://images.cocodataset.org/train2017/000000504158.jpg
1155,The horse is at the right side of the person.,at the right side of,False,True,False, True,http://images.cocodataset.org/train2017/000000495665.jpg
1156,The pizza is in front of the dog.,in front of,True,True,True, True,http://images.cocodataset.org/train2017/000000508555.jpg
1157,The horse is at the right side of the person.,at the right side of,False,True,False, True,http://images.cocodataset.org/train2017/000000532748.jpg
1158,The refrigerator is facing the cat.,facing,True,True,True, True,http://images.cocodataset.org/train2017/000000477647.jpg
1159,The donut is inside the bowl.,inside,False,True,False, True,http://images.cocodataset.org/train2017/000000522741.jpg
1160,The cat is under the car.,under,True,True,True, True,http://images.cocodataset.org/train2017/000000091348.jpg
1161,The teddy bear is in the middle of the chair.,in the middle of,False,True,False, True,http://images.cocodataset.org/train2017/000000449959.jpg
1162,The bowl is on top of the cat.,on top of,True,True,True, True,http://images.cocodataset.org/train2017/000000502495.jpg
1163,The couch is touching the handbag.,touching,True,True,True, True,http://images.cocodataset.org/train2017/000000384231.jpg
1164,The hot dog is in front of the bowl.,in front of,True,True,True, True,http://images.cocodataset.org/train2017/000000483996.jpg
1165,The car is in front of the motorcycle.,in front of,False,True,False, True,http://images.cocodataset.org/train2017/000000009801.jpg
1166,The dining table is across the suitcase.,across,False,False,True, False,http://images.cocodataset.org/train2017/000000534124.jpg
1167,The dog is facing away from the horse.,facing away from,True,True,True, True,http://images.cocodataset.org/val2017/000000049269.jpg
1168,The backpack is at the right side of the cat.,at the right side of,True,True,True, True,http://images.cocodataset.org/train2017/000000151497.jpg
1169,The cat is on top of the umbrella.,on top of,False,True,False, True,http://images.cocodataset.org/train2017/000000044040.jpg
1170,The cat is in front of the backpack.,in front of,True,True,True, True,http://images.cocodataset.org/train2017/000000151497.jpg
1171,The pizza is at the edge of the dining table.,at the edge of,True,True,True, True,http://images.cocodataset.org/train2017/000000197551.jpg
1172,The car is under the banana.,under,True,True,True, True,http://images.cocodataset.org/train2017/000000096084.jpg
1173,The car is in front of the cat.,in front of,True,True,True, True,http://images.cocodataset.org/train2017/000000206255.jpg
1174,The couch is near the dog.,near,False,True,False, True,http://images.cocodataset.org/train2017/000000434593.jpg
1175,The person is touching the toilet.,touching,False,True,False, True,http://images.cocodataset.org/train2017/000000350017.jpg
1176,The dining table is in front of the cat.,in front of,False,True,False, True,http://images.cocodataset.org/train2017/000000548661.jpg
1177,The cat is on top of the car.,on top of,False,True,False, True,http://images.cocodataset.org/train2017/000000565797.jpg
1178,The bench is parallel to the person.,parallel to,True,True,True, True,http://images.cocodataset.org/train2017/000000385504.jpg
1179,The cake is at the right side of the laptop.,at the right side of,True,False,False, False,http://images.cocodataset.org/train2017/000000531049.jpg
1180,The bench is at the left side of the person.,at the left side of,False,True,False, True,http://images.cocodataset.org/train2017/000000058836.jpg
1181,The giraffe is on the elephant.,on,False,True,False, True,http://images.cocodataset.org/train2017/000000538006.jpg
1182,The bed is below the suitcase.,below,False,True,False, True,http://images.cocodataset.org/train2017/000000236243.jpg
1183,The banana is left of the person.,left of,True,True,True, True,http://images.cocodataset.org/train2017/000000084959.jpg
1184,The person is touching the sandwich.,touching,False,False,True, False,http://images.cocodataset.org/train2017/000000360031.jpg
1185,The dining table is touching the person.,touching,False,False,True, False,http://images.cocodataset.org/train2017/000000278890.jpg
1186,The keyboard is under the cake.,under,False,True,False, True,http://images.cocodataset.org/train2017/000000026893.jpg
1187,The dog is off the keyboard.,off,False,True,False, True,http://images.cocodataset.org/train2017/000000426842.jpg
1188,The keyboard is touching the person.,touching,False,False,True, False,http://images.cocodataset.org/train2017/000000062175.jpg
1189,The dog is in the suitcase.,in,True,True,True, True,http://images.cocodataset.org/train2017/000000271588.jpg
1190,The person is touching the sheep.,touching,True,True,True, True,http://images.cocodataset.org/train2017/000000402454.jpg
1191,The umbrella is over the sandwich.,over,True,True,True, True,http://images.cocodataset.org/train2017/000000290201.jpg
1192,The couch is above the hot dog.,above,False,False,True, False,http://images.cocodataset.org/train2017/000000581451.jpg
1193,The bus is far from the parking meter.,far from,False,False,True, False,http://images.cocodataset.org/train2017/000000485064.jpg
1194,The cat is in front of the potted plant.,in front of,False,True,False, True,http://images.cocodataset.org/train2017/000000148705.jpg
1195,The toaster is left of the bowl.,left of,False,True,False, True,http://images.cocodataset.org/train2017/000000515202.jpg
1196,The person is behind the elephant.,behind,False,True,False, True,http://images.cocodataset.org/train2017/000000041649.jpg
1197,The umbrella is under the bird.,under,False,True,False, True,http://images.cocodataset.org/train2017/000000379558.jpg
1198,The bird is at the back of the person.,at the back of,True,True,True, True,http://images.cocodataset.org/train2017/000000371256.jpg
1199,The bed is touching the book.,touching,False,True,False, True,http://images.cocodataset.org/train2017/000000274108.jpg
1200,The cat is on top of the laptop.,on top of,False,True,False, True,http://images.cocodataset.org/train2017/000000529649.jpg
1201,The cat is on the suitcase.,on,True,True,True, True,http://images.cocodataset.org/train2017/000000127477.jpg
1202,The bird is facing the elephant.,facing,True,True,True, True,http://images.cocodataset.org/train2017/000000099628.jpg
1203,The dog is behind the apple.,behind,False,False,True, False,http://images.cocodataset.org/train2017/000000019528.jpg
1204,The person is at the left side of the oven.,at the left side of,False,True,False, True,http://images.cocodataset.org/val2017/000000280930.jpg
1205,The dining table is next to the dog.,next to,True,True,True, True,http://images.cocodataset.org/train2017/000000281764.jpg
1206,The cat is on the bicycle.,on,False,False,True, False,http://images.cocodataset.org/train2017/000000371890.jpg
1207,The dining table is beneath the train.,beneath,True,True,True, True,http://images.cocodataset.org/train2017/000000537807.jpg
1208,The dog is touching the pizza.,touching,False,True,False, True,http://images.cocodataset.org/train2017/000000207889.jpg
1209,The dining table is touching the pizza.,touching,False,True,False, True,http://images.cocodataset.org/train2017/000000536169.jpg
1210,The sandwich is at the left side of the laptop.,at the left side of,False,True,False, True,http://images.cocodataset.org/train2017/000000349230.jpg
1211,The refrigerator is behind the person.,behind,False,True,False, True,http://images.cocodataset.org/train2017/000000160267.jpg
1212,The tie is around the person.,around,True,True,True, True,http://images.cocodataset.org/train2017/000000446260.jpg
1213,The car is far away from the pizza.,far away from,True,False,False, False,http://images.cocodataset.org/train2017/000000501723.jpg
1214,The truck has as a part the cow.,has as a part,True,True,True, True,http://images.cocodataset.org/train2017/000000387136.jpg
1215,The cat is on top of the microwave.,on top of,True,True,True, True,http://images.cocodataset.org/train2017/000000421457.jpg
1216,The cake is next to the wine glass.,next to,True,True,True, True,http://images.cocodataset.org/train2017/000000460578.jpg
1217,The cat is on top of the car.,on top of,True,True,True, True,http://images.cocodataset.org/train2017/000000027674.jpg
1218,The cup is under the cow.,under,False,False,True, False,http://images.cocodataset.org/train2017/000000443397.jpg
1219,The person is facing away from the keyboard.,facing away from,True,True,True, True,http://images.cocodataset.org/train2017/000000544046.jpg
1220,The truck is far away from the horse.,far away from,False,False,True, False,http://images.cocodataset.org/train2017/000000254357.jpg
1221,The hot dog is touching the person.,touching,False,False,True, False,http://images.cocodataset.org/train2017/000000007961.jpg
1222,The oven is right of the cat.,right of,True,True,True, True,http://images.cocodataset.org/train2017/000000020087.jpg
1223,The cat is on the bench.,on,True,True,True, True,http://images.cocodataset.org/val2017/000000080666.jpg
1224,The couch is touching the person.,touching,False,True,False, True,http://images.cocodataset.org/train2017/000000160531.jpg
1225,The bed is under the bicycle.,under,True,True,True, True,http://images.cocodataset.org/train2017/000000108679.jpg
1226,The person is at the right side of the refrigerator.,at the right side of,True,False,False, False,http://images.cocodataset.org/train2017/000000066273.jpg
1227,The bed is below the dining table.,below,False,True,False, True,http://images.cocodataset.org/train2017/000000577809.jpg
1228,The motorcycle is far away from the fire hydrant.,far away from,True,False,False, False,http://images.cocodataset.org/train2017/000000403270.jpg
1229,The sandwich is above the bowl.,above,False,True,False, True,http://images.cocodataset.org/train2017/000000578418.jpg
1230,The microwave is at the right side of the person.,at the right side of,False,True,False, True,http://images.cocodataset.org/train2017/000000469793.jpg
1231,The teddy bear is at the left side of the dog.,at the left side of,True,True,True, True,http://images.cocodataset.org/train2017/000000537636.jpg
1232,The cake is next to the person.,next to,True,True,True, True,http://images.cocodataset.org/train2017/000000558388.jpg
1233,The car is left of the parking meter.,left of,True,True,True, True,http://images.cocodataset.org/train2017/000000385172.jpg
1234,The person is facing the refrigerator.,facing,False,False,True, False,http://images.cocodataset.org/train2017/000000214305.jpg
1235,The person is at the back of the cow.,at the back of,False,True,False, True,http://images.cocodataset.org/train2017/000000076970.jpg
1236,The cat is on top of the laptop.,on top of,True,True,True, True,http://images.cocodataset.org/train2017/000000183537.jpg
1237,The fire hydrant is beyond the motorcycle.,beyond,False,True,False, True,http://images.cocodataset.org/train2017/000000055412.jpg
1238,The dog is at the edge of the bed.,at the edge of,True,True,True, True,http://images.cocodataset.org/train2017/000000545428.jpg
1239,The toilet is below the cat.,below,True,True,True, True,http://images.cocodataset.org/train2017/000000290204.jpg
1240,The umbrella is beneath the cat.,beneath,False,True,False, True,http://images.cocodataset.org/train2017/000000305338.jpg
1241,The bowl is under the sandwich.,under,False,False,True, False,http://images.cocodataset.org/train2017/000000209638.jpg
1242,The bicycle is beside the dining table.,beside,True,True,True, True,http://images.cocodataset.org/train2017/000000088123.jpg
1243,The cat is facing the teddy bear.,facing,False,True,False, True,http://images.cocodataset.org/train2017/000000104510.jpg
1244,The sheep is behind the cow.,behind,True,True,True, True,http://images.cocodataset.org/train2017/000000378214.jpg
1245,The motorcycle is behind the parking meter.,behind,True,True,True, True,http://images.cocodataset.org/train2017/000000222716.jpg
1246,The sandwich is at the left side of the cup.,at the left side of,False,True,False, True,http://images.cocodataset.org/train2017/000000319122.jpg
1247,The umbrella is on top of the cat.,on top of,False,False,True, False,http://images.cocodataset.org/train2017/000000450247.jpg
1248,The pizza is next to the oven.,next to,True,True,True, True,http://images.cocodataset.org/train2017/000000408705.jpg
1249,The cake has as a part the cat.,has as a part,True,True,True, True,http://images.cocodataset.org/train2017/000000128612.jpg
1250,The person is down from the laptop.,down from,False,True,False, True,http://images.cocodataset.org/train2017/000000278315.jpg
1251,The refrigerator is behind the person.,behind,True,False,False, False,http://images.cocodataset.org/train2017/000000315030.jpg
1252,The train is beside the bicycle.,beside,True,True,True, True,http://images.cocodataset.org/train2017/000000539358.jpg
1253,The chair is behind the hot dog.,behind,False,False,True, False,http://images.cocodataset.org/train2017/000000311448.jpg
1254,The sandwich is in front of the dog.,in front of,True,True,True, True,http://images.cocodataset.org/train2017/000000567106.jpg
1255,The cup is touching the banana.,touching,True,True,True, True,http://images.cocodataset.org/train2017/000000515126.jpg
1256,The person is at the right side of the cell phone.,at the right side of,True,True,True, True,http://images.cocodataset.org/train2017/000000248170.jpg
1257,The backpack is on the cat.,on,False,True,False, True,http://images.cocodataset.org/train2017/000000480991.jpg
1258,The bowl is at the edge of the dining table.,at the edge of,True,True,True, True,http://images.cocodataset.org/train2017/000000407699.jpg
1259,The hot dog is far away from the person.,far away from,True,True,True, True,http://images.cocodataset.org/train2017/000000197398.jpg
1260,The person is at the right side of the dining table.,at the right side of,True,True,True, True,http://images.cocodataset.org/train2017/000000529234.jpg
1261,The cat is below the person.,below,True,True,True, True,http://images.cocodataset.org/train2017/000000223413.jpg
1262,The banana is next to the bottle.,next to,False,True,False, True,http://images.cocodataset.org/train2017/000000527155.jpg
1263,The couch is at the back of the laptop.,at the back of,True,True,True, True,http://images.cocodataset.org/train2017/000000518324.jpg
1264,The orange is at the left side of the book.,at the left side of,True,False,False, False,http://images.cocodataset.org/train2017/000000377611.jpg
1265,The teddy bear is by the sandwich.,by,True,True,True, True,http://images.cocodataset.org/train2017/000000061946.jpg
1266,The cat is facing away from the bed.,facing away from,True,False,False, False,http://images.cocodataset.org/train2017/000000175383.jpg
1267,The cat is inside the handbag.,inside,False,False,True, False,http://images.cocodataset.org/train2017/000000228029.jpg
1268,The bed is across from the umbrella.,across from,False,False,True, False,http://images.cocodataset.org/train2017/000000154202.jpg
1269,The tv is across from the boat.,across from,False,True,False, True,http://images.cocodataset.org/train2017/000000580971.jpg
1270,The cat is surrounding the teddy bear.,surrounding,True,True,True, True,http://images.cocodataset.org/train2017/000000419273.jpg
1271,The person is above the cup.,above,True,True,True, True,http://images.cocodataset.org/train2017/000000406296.jpg
1272,The teddy bear is at the left side of the car.,at the left side of,True,True,True, True,http://images.cocodataset.org/train2017/000000407422.jpg
1273,The cat is behind the laptop.,behind,False,False,True, False,http://images.cocodataset.org/train2017/000000360805.jpg
1274,The cup is at the left side of the orange.,at the left side of,False,True,False, True,http://images.cocodataset.org/val2017/000000351609.jpg
1275,The cat is next to the cake.,next to,True,True,True, True,http://images.cocodataset.org/train2017/000000185384.jpg
1276,The motorcycle is next to the person.,next to,False,False,True, False,http://images.cocodataset.org/train2017/000000473936.jpg
1277,The dog is touching the donut.,touching,True,True,True, True,http://images.cocodataset.org/train2017/000000475967.jpg
1278,The frisbee is on the bed.,on,True,True,True, True,http://images.cocodataset.org/train2017/000000448236.jpg
1279,The person is behind the keyboard.,behind,True,True,True, True,http://images.cocodataset.org/train2017/000000076738.jpg
1280,The oven is beneath the pizza.,beneath,True,True,True, True,http://images.cocodataset.org/train2017/000000205846.jpg
1281,The laptop is at the left side of the cat.,at the left side of,False,True,False, True,http://images.cocodataset.org/train2017/000000068136.jpg
1282,The pizza is at the edge of the dining table.,at the edge of,True,True,True, True,http://images.cocodataset.org/train2017/000000261511.jpg
1283,The car is near the truck.,near,False,True,False, True,http://images.cocodataset.org/train2017/000000361120.jpg
1284,The donut is next to the bowl.,next to,True,True,True, True,http://images.cocodataset.org/train2017/000000177355.jpg
1285,The motorcycle is at the left side of the train.,at the left side of,False,True,False, True,http://images.cocodataset.org/train2017/000000338407.jpg
1286,The dog is under the bed.,under,True,True,True, True,http://images.cocodataset.org/train2017/000000137016.jpg
1287,The cat is on top of the handbag.,on top of,True,True,True, True,http://images.cocodataset.org/train2017/000000550030.jpg
1288,The zebra is far away from the car.,far away from,False,True,False, True,http://images.cocodataset.org/train2017/000000236925.jpg
1289,The suitcase contains the cat.,contains,False,True,False, True,http://images.cocodataset.org/train2017/000000045071.jpg
1290,The person is in front of the train.,in front of,True,True,True, True,http://images.cocodataset.org/train2017/000000111347.jpg
1291,The cat is in the sink.,in,True,True,True, True,http://images.cocodataset.org/train2017/000000022041.jpg
1292,The truck is adjacent to the motorcycle.,adjacent to,True,True,True, True,http://images.cocodataset.org/train2017/000000297631.jpg
1293,The cat is inside the umbrella.,inside,True,True,True, True,http://images.cocodataset.org/train2017/000000112719.jpg
1294,The cake is beside the truck.,beside,True,True,True, True,http://images.cocodataset.org/train2017/000000268394.jpg
1295,The person is at the left side of the couch.,at the left side of,True,True,True, True,http://images.cocodataset.org/train2017/000000300280.jpg
1296,The horse is facing away from the zebra.,facing away from,True,True,True, True,http://images.cocodataset.org/train2017/000000568005.jpg
1297,The dining table is beneath the bowl.,beneath,True,True,True, True,http://images.cocodataset.org/train2017/000000548608.jpg
1298,The refrigerator is behind the dog.,behind,True,True,True, True,http://images.cocodataset.org/train2017/000000567106.jpg
1299,The vase is left of the dog.,left of,True,True,True, True,http://images.cocodataset.org/train2017/000000117108.jpg
1300,The bench is touching the teddy bear.,touching,True,True,True, True,http://images.cocodataset.org/train2017/000000032957.jpg
1301,The umbrella is near the bus.,near,True,True,True, True,http://images.cocodataset.org/train2017/000000106513.jpg
1302,The bed is below the suitcase.,below,False,False,True, False,http://images.cocodataset.org/train2017/000000477434.jpg
1303,The vase is at the edge of the dining table.,at the edge of,False,True,False, True,http://images.cocodataset.org/train2017/000000305231.jpg
1304,The person is in front of the tv.,in front of,False,False,True, False,http://images.cocodataset.org/train2017/000000580651.jpg
1305,The potted plant is at the left side of the bench.,at the left side of,True,True,True, True,http://images.cocodataset.org/train2017/000000333538.jpg
1306,The person is in front of the couch.,in front of,True,True,True, True,http://images.cocodataset.org/train2017/000000485350.jpg
1307,The cup is left of the donut.,left of,True,True,True, True,http://images.cocodataset.org/train2017/000000224306.jpg
1308,The tv is facing the toilet.,facing,False,True,False, True,http://images.cocodataset.org/train2017/000000028149.jpg
1309,The broccoli is on the sandwich.,on,False,False,True, False,http://images.cocodataset.org/train2017/000000026435.jpg
1310,The bed is touching the cat.,touching,False,True,False, True,http://images.cocodataset.org/train2017/000000530730.jpg
1311,The train is part of the book.,part of,False,False,True, False,http://images.cocodataset.org/train2017/000000089902.jpg
1312,The hair drier is facing away from the person.,facing away from,True,True,True, True,http://images.cocodataset.org/train2017/000000092020.jpg
1313,The book is on the keyboard.,on,False,True,False, True,http://images.cocodataset.org/train2017/000000325211.jpg
1314,The orange is on top of the dining table.,on top of,True,True,True, True,http://images.cocodataset.org/train2017/000000402170.jpg
1315,The person is touching the pizza.,touching,False,False,True, False,http://images.cocodataset.org/train2017/000000000397.jpg
1316,The person is touching the pizza.,touching,False,False,True, False,http://images.cocodataset.org/train2017/000000010969.jpg
1317,The bus is at the left side of the stop sign.,at the left side of,False,False,True, False,http://images.cocodataset.org/train2017/000000425381.jpg
1318,The boat is on top of the truck.,on top of,True,True,True, True,http://images.cocodataset.org/train2017/000000235069.jpg
1319,The person is off the couch.,off,False,False,True, False,http://images.cocodataset.org/train2017/000000438268.jpg
1320,The car is above the cat.,above,True,True,True, True,http://images.cocodataset.org/train2017/000000365353.jpg
1321,The hot dog is above the chair.,above,True,True,True, True,http://images.cocodataset.org/train2017/000000325503.jpg
1322,The laptop is at the left side of the cat.,at the left side of,False,True,False, True,http://images.cocodataset.org/val2017/000000403817.jpg
1323,The dog is above the teddy bear.,above,True,True,True, True,http://images.cocodataset.org/train2017/000000054300.jpg
1324,The sandwich contains the banana.,contains,False,False,True, False,http://images.cocodataset.org/train2017/000000029994.jpg
1325,The dining table is below the pizza.,below,True,True,True, True,http://images.cocodataset.org/train2017/000000182659.jpg
1326,The giraffe is in front of the person.,in front of,False,True,False, True,http://images.cocodataset.org/train2017/000000523966.jpg
1327,The laptop is under the cat.,under,True,True,True, True,http://images.cocodataset.org/train2017/000000326313.jpg
1328,The boat is at the left side of the dining table.,at the left side of,False,False,True, False,http://images.cocodataset.org/train2017/000000133650.jpg
1329,The oven is facing the tv.,facing,False,True,False, True,http://images.cocodataset.org/train2017/000000164587.jpg
1330,The bicycle is in the train.,in,False,False,True, False,http://images.cocodataset.org/train2017/000000415093.jpg
1331,The banana is far away from the motorcycle.,far away from,True,True,True, True,http://images.cocodataset.org/train2017/000000414258.jpg
1332,The bird is beneath the umbrella.,beneath,True,True,True, True,http://images.cocodataset.org/train2017/000000532667.jpg
1333,The motorcycle is behind the dog.,behind,False,False,True, False,http://images.cocodataset.org/train2017/000000251716.jpg
1334,The cat is at the right side of the laptop.,at the right side of,False,True,False, True,http://images.cocodataset.org/train2017/000000390129.jpg
1335,The handbag is under the cat.,under,False,True,False, True,http://images.cocodataset.org/train2017/000000316089.jpg
1336,The couch is adjacent to the microwave.,adjacent to,True,True,True, True,http://images.cocodataset.org/train2017/000000345188.jpg
1337,The pizza is beside the dog.,beside,True,True,True, True,http://images.cocodataset.org/train2017/000000273083.jpg
1338,The cat is facing the keyboard.,facing,False,True,False, True,http://images.cocodataset.org/train2017/000000078741.jpg
1339,The train is on top of the dining table.,on top of,False,False,True, False,http://images.cocodataset.org/train2017/000000284873.jpg
1340,The fire hydrant is near the teddy bear.,near,False,False,True, False,http://images.cocodataset.org/train2017/000000263098.jpg
1341,The carrot is near the bowl.,near,True,False,False, False,http://images.cocodataset.org/train2017/000000174239.jpg
1342,The cell phone is facing the person.,facing,True,True,True, True,http://images.cocodataset.org/train2017/000000125698.jpg
1343,The car is part of the cake.,part of,False,True,False, True,http://images.cocodataset.org/train2017/000000113326.jpg
1344,The laptop is behind the cat.,behind,True,False,False, False,http://images.cocodataset.org/train2017/000000198981.jpg
1345,The dog is at the left side of the car.,at the left side of,True,True,True, True,http://images.cocodataset.org/train2017/000000467187.jpg
1346,The couch is touching the carrot.,touching,True,False,False, False,http://images.cocodataset.org/train2017/000000132422.jpg
1347,The teddy bear is on top of the cake.,on top of,True,True,True, True,http://images.cocodataset.org/train2017/000000218687.jpg
1348,The couch is under the person.,under,True,True,True, True,http://images.cocodataset.org/train2017/000000343514.jpg
1349,The cake is beneath the hot dog.,beneath,True,True,True, True,http://images.cocodataset.org/train2017/000000544629.jpg
1350,The keyboard is left of the pizza.,left of,False,True,False, True,http://images.cocodataset.org/train2017/000000320471.jpg
1351,The pizza is above the dining table.,above,True,True,True, True,http://images.cocodataset.org/train2017/000000114169.jpg
1352,The dog is below the sandwich.,below,False,True,False, True,http://images.cocodataset.org/train2017/000000158806.jpg
1353,The laptop is at the left side of the couch.,at the left side of,False,True,False, True,http://images.cocodataset.org/train2017/000000096728.jpg
1354,The train is on the cake.,on,True,True,True, True,http://images.cocodataset.org/train2017/000000018873.jpg
1355,The car is away from the truck.,away from,False,True,False, True,http://images.cocodataset.org/train2017/000000284783.jpg
1356,The oven is at the left side of the person.,at the left side of,False,True,False, True,http://images.cocodataset.org/train2017/000000562247.jpg
1357,The bench is in front of the bicycle.,in front of,True,True,True, True,http://images.cocodataset.org/train2017/000000281764.jpg
1358,The skateboard is at the left side of the dog.,at the left side of,True,True,True, True,http://images.cocodataset.org/train2017/000000251368.jpg
1359,The cow is touching the person.,touching,False,False,True, False,http://images.cocodataset.org/train2017/000000268646.jpg
1360,The sheep is in the truck.,in,False,False,True, False,http://images.cocodataset.org/train2017/000000432917.jpg
1361,The pizza is next to the dog.,next to,False,True,False, True,http://images.cocodataset.org/train2017/000000309968.jpg
1362,The broccoli is behind the sandwich.,behind,True,False,False, False,http://images.cocodataset.org/train2017/000000242619.jpg
1363,The umbrella is beyond the book.,beyond,True,True,True, True,http://images.cocodataset.org/train2017/000000137265.jpg
1364,The teddy bear is left of the cup.,left of,True,True,True, True,http://images.cocodataset.org/train2017/000000188053.jpg
1365,The banana is in front of the broccoli.,in front of,False,True,False, True,http://images.cocodataset.org/train2017/000000547743.jpg
1366,The sandwich is away from the bowl.,away from,True,True,True, True,http://images.cocodataset.org/train2017/000000544216.jpg
1367,The horse is at the right side of the truck.,at the right side of,True,True,True, True,http://images.cocodataset.org/train2017/000000017311.jpg
1368,The car is above the cat.,above,False,True,False, True,http://images.cocodataset.org/train2017/000000329147.jpg
1369,The laptop is facing the cat.,facing,True,True,True, True,http://images.cocodataset.org/train2017/000000453400.jpg
1370,The bowl is right of the hot dog.,right of,False,True,False, True,http://images.cocodataset.org/train2017/000000557186.jpg
1371,The dog is adjacent to the keyboard.,adjacent to,False,True,False, True,http://images.cocodataset.org/train2017/000000318401.jpg
1372,The cat is in the sink.,in,False,False,True, False,http://images.cocodataset.org/train2017/000000229740.jpg
1373,The bird is touching the book.,touching,False,True,False, True,http://images.cocodataset.org/train2017/000000176180.jpg
1374,The banana is touching the cake.,touching,False,True,False, True,http://images.cocodataset.org/train2017/000000401532.jpg
1375,The cat is facing away from the refrigerator.,facing away from,True,True,True, True,http://images.cocodataset.org/train2017/000000423921.jpg
1376,The laptop is facing the cat.,facing,False,True,False, True,http://images.cocodataset.org/train2017/000000491250.jpg
1377,The person is touching the sandwich.,touching,True,True,True, True,http://images.cocodataset.org/train2017/000000164553.jpg
1378,The motorcycle is ahead of the car.,ahead of,False,True,False, True,http://images.cocodataset.org/train2017/000000108531.jpg
1379,The truck is beneath the cat.,beneath,True,True,True, True,http://images.cocodataset.org/train2017/000000072535.jpg
1380,The train is parallel to the boat.,parallel to,False,True,False, True,http://images.cocodataset.org/train2017/000000507535.jpg
1381,The bench is beneath the giraffe.,beneath,True,False,False, False,http://images.cocodataset.org/train2017/000000561324.jpg
1382,The umbrella is attached to the bicycle.,attached to,True,True,True, True,http://images.cocodataset.org/train2017/000000419150.jpg
1383,The cow is left of the car.,left of,True,True,True, True,http://images.cocodataset.org/train2017/000000185360.jpg
1384,The person is parallel to the snowboard.,parallel to,False,True,False, True,http://images.cocodataset.org/train2017/000000409025.jpg
1385,The dining table is touching the person.,touching,True,True,True, True,http://images.cocodataset.org/train2017/000000227487.jpg
1386,The banana is at the left side of the orange.,at the left side of,True,True,True, True,http://images.cocodataset.org/train2017/000000500228.jpg
1387,The couch is above the laptop.,above,True,False,False, False,http://images.cocodataset.org/train2017/000000461340.jpg
1388,The chair is under the dog.,under,False,False,True, False,http://images.cocodataset.org/train2017/000000037059.jpg
1389,The cat is below the bowl.,below,True,True,True, True,http://images.cocodataset.org/train2017/000000519910.jpg
1390,The person is in front of the oven.,in front of,True,True,True, True,http://images.cocodataset.org/val2017/000000552775.jpg
1391,The umbrella is at the left side of the couch.,at the left side of,True,True,True, True,http://images.cocodataset.org/train2017/000000123916.jpg
1392,The surfboard is left of the bed.,left of,True,True,True, True,http://images.cocodataset.org/train2017/000000016458.jpg
1393,The pizza is beside the book.,beside,True,True,True, True,http://images.cocodataset.org/train2017/000000566575.jpg
1394,The bowl is below the bird.,below,True,True,True, True,http://images.cocodataset.org/train2017/000000524881.jpg
1395,The boat is in front of the dining table.,in front of,True,True,True, True,http://images.cocodataset.org/train2017/000000329421.jpg
1396,The bed is under the umbrella.,under,False,False,True, False,http://images.cocodataset.org/train2017/000000348091.jpg
1397,The bowl is beside the orange.,beside,True,True,True, True,http://images.cocodataset.org/train2017/000000346938.jpg
1398,The laptop is touching the person.,touching,True,True,True, True,http://images.cocodataset.org/train2017/000000471967.jpg
1399,The remote is at the edge of the bed.,at the edge of,True,True,True, True,http://images.cocodataset.org/train2017/000000092213.jpg
1400,The cat is facing away from the suitcase.,facing away from,True,True,True, True,http://images.cocodataset.org/train2017/000000159118.jpg
1401,The cake is outside the refrigerator.,outside,True,True,True, True,http://images.cocodataset.org/train2017/000000238140.jpg
1402,The bowl is touching the bird.,touching,True,True,True, True,http://images.cocodataset.org/train2017/000000370857.jpg
1403,The donut is on the dining table.,on,True,True,True, True,http://images.cocodataset.org/train2017/000000535013.jpg
1404,The couch is on top of the truck.,on top of,False,False,True, False,http://images.cocodataset.org/train2017/000000439546.jpg
1405,The teddy bear is facing the book.,facing,True,True,True, True,http://images.cocodataset.org/train2017/000000369653.jpg
1406,The umbrella is opposite to the bed.,opposite to,True,True,True, True,http://images.cocodataset.org/train2017/000000059174.jpg
1407,The cat is touching the tv.,touching,False,False,True, False,http://images.cocodataset.org/val2017/000000476810.jpg
1408,The car is at the back of the bicycle.,at the back of,False,True,False, True,http://images.cocodataset.org/train2017/000000124462.jpg
1409,The book is below the sandwich.,below,True,False,False, False,http://images.cocodataset.org/train2017/000000119621.jpg
1410,The person is against the couch.,against,False,False,True, False,http://images.cocodataset.org/train2017/000000367398.jpg
1411,The cow is in front of the sheep.,in front of,True,True,True, True,http://images.cocodataset.org/train2017/000000378214.jpg
1412,The bus is far from the parking meter.,far from,True,False,False, False,http://images.cocodataset.org/train2017/000000135023.jpg
1413,The cake is on top of the teddy bear.,on top of,False,True,False, True,http://images.cocodataset.org/train2017/000000210404.jpg
1414,The car is at the left side of the cat.,at the left side of,False,False,True, False,http://images.cocodataset.org/train2017/000000365353.jpg
1415,The cat is below the teddy bear.,below,True,True,True, True,http://images.cocodataset.org/train2017/000000329551.jpg
1416,The zebra is by the person.,by,True,True,True, True,http://images.cocodataset.org/train2017/000000556341.jpg
1417,The boat is on top of the truck.,on top of,True,True,True, True,http://images.cocodataset.org/train2017/000000141302.jpg
1418,The bowl contains the donut.,contains,True,True,True, True,http://images.cocodataset.org/train2017/000000204289.jpg
1419,The cat is in the middle of the bench.,in the middle of,True,True,True, True,http://images.cocodataset.org/train2017/000000066556.jpg
1420,The laptop is behind the pizza.,behind,True,True,True, True,http://images.cocodataset.org/train2017/000000073353.jpg
1421,The person is off the bed.,off,True,True,True, True,http://images.cocodataset.org/train2017/000000457906.jpg
1422,The umbrella is next to the bed.,next to,True,True,True, True,http://images.cocodataset.org/train2017/000000444285.jpg
1423,The clock is over the cat.,over,True,True,True, True,http://images.cocodataset.org/train2017/000000114119.jpg
1424,The stop sign is behind the car.,behind,True,True,True, True,http://images.cocodataset.org/train2017/000000391392.jpg
1425,The banana is beneath the sandwich.,beneath,False,True,False, True,http://images.cocodataset.org/train2017/000000027750.jpg
1426,The person is behind the cake.,behind,True,True,True, True,http://images.cocodataset.org/train2017/000000449279.jpg
1427,The sandwich is above the cat.,above,True,True,True, True,http://images.cocodataset.org/train2017/000000318209.jpg
1428,The dog is in front of the couch.,in front of,False,True,False, True,http://images.cocodataset.org/train2017/000000512183.jpg
1429,The skateboard is behind the bed.,behind,False,False,True, False,http://images.cocodataset.org/train2017/000000512582.jpg
1430,The truck is in front of the boat.,in front of,True,True,True, True,http://images.cocodataset.org/train2017/000000266353.jpg
1431,The giraffe is above the person.,above,True,True,True, True,http://images.cocodataset.org/train2017/000000358748.jpg
1432,The book is away from the banana.,away from,True,True,True, True,http://images.cocodataset.org/train2017/000000119729.jpg
1433,The oven is under the pizza.,under,True,False,False, False,http://images.cocodataset.org/train2017/000000140017.jpg
1434,The person is behind the teddy bear.,behind,True,True,True, True,http://images.cocodataset.org/train2017/000000050403.jpg
1435,The suitcase is on the bed.,on,False,True,False, True,http://images.cocodataset.org/train2017/000000236243.jpg
1436,The suitcase is connected to the motorcycle.,connected to,True,True,True, True,http://images.cocodataset.org/train2017/000000278347.jpg
1437,The orange is at the left side of the laptop.,at the left side of,True,True,True, True,http://images.cocodataset.org/train2017/000000144430.jpg
1438,The cat is on the dining table.,on,False,True,False, True,http://images.cocodataset.org/train2017/000000153824.jpg
1439,The chair is under the person.,under,True,True,True, True,http://images.cocodataset.org/train2017/000000381051.jpg
1440,The dining table is right of the bed.,right of,False,False,True, False,http://images.cocodataset.org/train2017/000000447151.jpg
1441,The person is behind the bear.,behind,False,True,False, True,http://images.cocodataset.org/train2017/000000491505.jpg
1442,The banana is touching the cat.,touching,True,True,True, True,http://images.cocodataset.org/train2017/000000476960.jpg
1443,The couch is on top of the truck.,on top of,False,False,True, False,http://images.cocodataset.org/train2017/000000199458.jpg
1444,The giraffe is below the person.,below,False,True,False, True,http://images.cocodataset.org/train2017/000000035429.jpg
1445,The truck is behind the sheep.,behind,False,True,False, True,http://images.cocodataset.org/train2017/000000184679.jpg
1446,The sink contains the cat.,contains,True,True,True, True,http://images.cocodataset.org/train2017/000000426690.jpg
1447,The cat is behind the laptop.,behind,True,True,True, True,http://images.cocodataset.org/train2017/000000333758.jpg
1448,The sandwich is in front of the laptop.,in front of,False,True,False, True,http://images.cocodataset.org/train2017/000000343655.jpg
1449,The fire hydrant is touching the teddy bear.,touching,True,True,True, True,http://images.cocodataset.org/train2017/000000252000.jpg
1450,The person is facing the bear.,facing,False,True,False, True,http://images.cocodataset.org/val2017/000000390826.jpg
1451,The cat is at the edge of the chair.,at the edge of,False,True,False, True,http://images.cocodataset.org/train2017/000000021345.jpg
1452,The person is in front of the toilet.,in front of,False,True,False, True,http://images.cocodataset.org/train2017/000000184866.jpg
1453,The bed is under the suitcase.,under,False,False,True, False,http://images.cocodataset.org/train2017/000000188109.jpg
1454,The chair is at the left side of the pizza.,at the left side of,True,False,False, False,http://images.cocodataset.org/train2017/000000134769.jpg
1455,The carrot is touching the person.,touching,True,True,True, True,http://images.cocodataset.org/train2017/000000442301.jpg
1456,The truck is below the boat.,below,True,True,True, True,http://images.cocodataset.org/train2017/000000365600.jpg
1457,The cow is facing the chair.,facing,False,True,False, True,http://images.cocodataset.org/train2017/000000316536.jpg
1458,The person is in front of the oven.,in front of,True,True,True, True,http://images.cocodataset.org/train2017/000000171584.jpg
1459,The pizza is above the oven.,above,False,True,False, True,http://images.cocodataset.org/train2017/000000457599.jpg
1460,The couch is next to the bed.,next to,True,True,True, True,http://images.cocodataset.org/train2017/000000157480.jpg
1461,The handbag contains the teddy bear.,contains,False,False,True, False,http://images.cocodataset.org/train2017/000000494680.jpg
1462,The teddy bear is under the cat.,under,True,True,True, True,http://images.cocodataset.org/train2017/000000323164.jpg
1463,The dog is touching the laptop.,touching,False,True,False, True,http://images.cocodataset.org/train2017/000000474446.jpg
1464,The suitcase is above the bed.,above,False,True,False, True,http://images.cocodataset.org/train2017/000000170442.jpg
1465,The sheep is outside the bottle.,outside,True,True,True, True,http://images.cocodataset.org/train2017/000000097272.jpg
1466,The keyboard is detached from the book.,detached from,False,True,False, True,http://images.cocodataset.org/train2017/000000364860.jpg
1467,The refrigerator is behind the person.,behind,False,True,False, True,http://images.cocodataset.org/train2017/000000328810.jpg
1468,The train is on the dining table.,on,True,True,True, True,http://images.cocodataset.org/train2017/000000012681.jpg
1469,The cow is behind the sheep.,behind,False,True,False, True,http://images.cocodataset.org/train2017/000000459736.jpg
1470,The apple is behind the banana.,behind,True,True,True, True,http://images.cocodataset.org/train2017/000000058008.jpg
1471,The teddy bear is on the bicycle.,on,True,True,True, True,http://images.cocodataset.org/train2017/000000265315.jpg
1472,The chair is far away from the traffic light.,far away from,True,False,False, False,http://images.cocodataset.org/train2017/000000320693.jpg
1473,The dog is touching the book.,touching,False,False,True, False,http://images.cocodataset.org/train2017/000000183453.jpg
1474,The donut is touching the person.,touching,False,True,False, True,http://images.cocodataset.org/train2017/000000117884.jpg
1475,The cat is touching the remote.,touching,False,False,True, False,http://images.cocodataset.org/train2017/000000056898.jpg
1476,The handbag contains the teddy bear.,contains,True,True,True, True,http://images.cocodataset.org/train2017/000000020632.jpg
1477,The train contains the bicycle.,contains,False,False,True, False,http://images.cocodataset.org/val2017/000000492937.jpg
1478,The dog is on top of the motorcycle.,on top of,True,True,True, True,http://images.cocodataset.org/train2017/000000411417.jpg
1479,The dog is behind the donut.,behind,False,True,False, True,http://images.cocodataset.org/train2017/000000108113.jpg
1480,The person is next to the horse.,next to,False,True,False, True,http://images.cocodataset.org/train2017/000000497579.jpg
1481,The cat is above the laptop.,above,False,True,False, True,http://images.cocodataset.org/train2017/000000408185.jpg
1482,The car is next to the cow.,next to,False,True,False, True,http://images.cocodataset.org/train2017/000000484341.jpg
1483,The person is in the suitcase.,in,False,True,False, True,http://images.cocodataset.org/train2017/000000158601.jpg
1484,The surfboard is over the bed.,over,False,True,False, True,http://images.cocodataset.org/train2017/000000204272.jpg
1485,The chair is under the horse.,under,False,False,True, False,http://images.cocodataset.org/train2017/000000543747.jpg
1486,The person is at the left side of the umbrella.,at the left side of,True,True,True, True,http://images.cocodataset.org/train2017/000000080200.jpg
1487,The cat is on the suitcase.,on,True,True,True, True,http://images.cocodataset.org/train2017/000000312056.jpg
1488,The cat is on top of the laptop.,on top of,True,True,True, True,http://images.cocodataset.org/train2017/000000292101.jpg
1489,The donut is on the dog.,on,False,True,False, True,http://images.cocodataset.org/train2017/000000562328.jpg
1490,The laptop is facing away from the person.,facing away from,True,True,True, True,http://images.cocodataset.org/train2017/000000517967.jpg
1491,The person is touching the pizza.,touching,True,True,True, True,http://images.cocodataset.org/train2017/000000072536.jpg
1492,The person is touching the umbrella.,touching,False,True,False, True,http://images.cocodataset.org/val2017/000000198489.jpg
1493,The cat is at the back of the motorcycle.,at the back of,True,True,True, True,http://images.cocodataset.org/train2017/000000546264.jpg
1494,The cat is at the right side of the backpack.,at the right side of,False,False,True, False,http://images.cocodataset.org/train2017/000000127799.jpg
1495,The cat is next to the dog.,next to,False,True,False, True,http://images.cocodataset.org/train2017/000000410252.jpg
1496,The handbag is behind the bed.,behind,True,False,False, False,http://images.cocodataset.org/train2017/000000336182.jpg
1497,The oven contains the hot dog.,contains,True,True,True, True,http://images.cocodataset.org/train2017/000000546401.jpg
1498,The suitcase is below the cat.,below,False,True,False, True,http://images.cocodataset.org/train2017/000000324483.jpg
1499,The toilet is at the left side of the dog.,at the left side of,False,True,False, True,http://images.cocodataset.org/train2017/000000145544.jpg
1500,The tv is in front of the teddy bear.,in front of,False,True,False, True,http://images.cocodataset.org/train2017/000000272510.jpg
1501,The donut is at the right side of the person.,at the right side of,True,True,True, True,http://images.cocodataset.org/train2017/000000121068.jpg
1502,The train is behind the person.,behind,True,True,True, True,http://images.cocodataset.org/val2017/000000250127.jpg
1503,The refrigerator contains the cat.,contains,False,True,False, True,http://images.cocodataset.org/train2017/000000552028.jpg
1504,The truck contains the cow.,contains,True,True,True, True,http://images.cocodataset.org/train2017/000000001590.jpg
1505,The bicycle is close to the airplane.,close to,True,True,True, True,http://images.cocodataset.org/train2017/000000029299.jpg
1506,The laptop is right of the couch.,right of,True,True,True, True,http://images.cocodataset.org/train2017/000000275855.jpg
1507,The person is at the right side of the bench.,at the right side of,True,True,True, True,http://images.cocodataset.org/train2017/000000569332.jpg
1508,The person is touching the cake.,touching,False,True,False, True,http://images.cocodataset.org/train2017/000000206049.jpg
1509,The person is far from the boat.,far from,True,True,True, True,http://images.cocodataset.org/train2017/000000055388.jpg
1510,The cat is at the left side of the person.,at the left side of,False,False,True, False,http://images.cocodataset.org/train2017/000000233005.jpg
1511,The sheep is right of the person.,right of,True,True,True, True,http://images.cocodataset.org/train2017/000000496636.jpg
1512,The vase is at the right side of the cat.,at the right side of,False,False,True, False,http://images.cocodataset.org/train2017/000000152724.jpg
1513,The cat is on top of the suitcase.,on top of,False,True,False, True,http://images.cocodataset.org/train2017/000000013574.jpg
1514,The apple is connected to the dining table.,connected to,False,True,False, True,http://images.cocodataset.org/train2017/000000445565.jpg
1515,The person is on top of the toilet.,on top of,True,True,True, True,http://images.cocodataset.org/train2017/000000088214.jpg
1516,The sandwich is in the bowl.,in,False,False,True, False,http://images.cocodataset.org/train2017/000000229191.jpg
1517,The bench is under the suitcase.,under,False,False,True, False,http://images.cocodataset.org/train2017/000000039360.jpg
1518,The horse is by the person.,by,True,True,True, True,http://images.cocodataset.org/train2017/000000348805.jpg
1519,The person is touching the pizza.,touching,False,True,False, True,http://images.cocodataset.org/train2017/000000049746.jpg
1520,The person is on the bench.,on,True,True,True, True,http://images.cocodataset.org/train2017/000000405873.jpg
1521,The bus is far away from the parking meter.,far away from,True,False,False, False,http://images.cocodataset.org/train2017/000000135023.jpg
1522,The hot dog is far away from the oven.,far away from,True,True,True, True,http://images.cocodataset.org/train2017/000000058677.jpg
1523,The dog is on the bus.,on,False,False,True, False,http://images.cocodataset.org/train2017/000000039368.jpg
1524,The dining table is touching the bowl.,touching,True,True,True, True,http://images.cocodataset.org/train2017/000000011504.jpg
1525,The umbrella is over the handbag.,over,True,True,True, True,http://images.cocodataset.org/train2017/000000030443.jpg
1526,The bowl contains the banana.,contains,False,False,True, False,http://images.cocodataset.org/train2017/000000428407.jpg
1527,The cat is on the person.,on,False,True,False, True,http://images.cocodataset.org/train2017/000000227709.jpg
1528,The person is at the right side of the giraffe.,at the right side of,True,True,True, True,http://images.cocodataset.org/train2017/000000511654.jpg
1529,The bed is behind the dog.,behind,False,True,False, True,http://images.cocodataset.org/val2017/000000267300.jpg
1530,The pizza is on top of the oven.,on top of,False,True,False, True,http://images.cocodataset.org/train2017/000000239444.jpg
1531,The person is touching the apple.,touching,False,True,False, True,http://images.cocodataset.org/train2017/000000066746.jpg
1532,The umbrella is on the bed.,on,False,False,True, False,http://images.cocodataset.org/train2017/000000516535.jpg
1533,The car contains the donut.,contains,True,True,True, True,http://images.cocodataset.org/train2017/000000196002.jpg
1534,The person is in the middle of the couch.,in the middle of,True,True,True, True,http://images.cocodataset.org/train2017/000000015968.jpg
1535,The dog is inside the car.,inside,False,False,True, False,http://images.cocodataset.org/train2017/000000441470.jpg
1536,The teddy bear is touching the couch.,touching,True,True,True, True,http://images.cocodataset.org/train2017/000000256285.jpg
1537,The cat is by the car.,by,True,True,True, True,http://images.cocodataset.org/train2017/000000531614.jpg
1538,The person is touching the horse.,touching,False,True,False, True,http://images.cocodataset.org/train2017/000000520449.jpg
1539,The laptop is touching the couch.,touching,True,True,True, True,http://images.cocodataset.org/train2017/000000304434.jpg
1540,The couch is below the umbrella.,below,False,False,True, False,http://images.cocodataset.org/train2017/000000503472.jpg
1541,The backpack contains the cat.,contains,True,True,True, True,http://images.cocodataset.org/train2017/000000493316.jpg
1542,The donut is in front of the person.,in front of,True,True,True, True,http://images.cocodataset.org/train2017/000000023218.jpg
1543,The person is behind the zebra.,behind,False,False,True, False,http://images.cocodataset.org/val2017/000000025096.jpg
1544,The teddy bear is on the couch.,on,False,False,True, False,http://images.cocodataset.org/train2017/000000141101.jpg
1545,The pizza is left of the person.,left of,False,True,False, True,http://images.cocodataset.org/train2017/000000293014.jpg
1546,The bowl is touching the donut.,touching,True,True,True, True,http://images.cocodataset.org/train2017/000000198396.jpg
1547,The bed is behind the couch.,behind,True,True,True, True,http://images.cocodataset.org/train2017/000000553968.jpg
1548,The toilet is surrounding the cat.,surrounding,True,True,True, True,http://images.cocodataset.org/train2017/000000557239.jpg
1549,The sheep is close to the truck.,close to,True,True,True, True,http://images.cocodataset.org/train2017/000000080522.jpg
1550,The donut is at the edge of the dining table.,at the edge of,True,True,True, True,http://images.cocodataset.org/train2017/000000376946.jpg
1551,The potted plant is across from the pizza.,across from,False,True,False, True,http://images.cocodataset.org/train2017/000000578344.jpg
1552,The teddy bear is over the bench.,over,True,True,True, True,http://images.cocodataset.org/train2017/000000292242.jpg
1553,The dog is under the bowl.,under,True,True,True, True,http://images.cocodataset.org/train2017/000000372128.jpg
1554,The couch is below the bird.,below,False,True,False, True,http://images.cocodataset.org/train2017/000000099372.jpg
1555,The cow is at the back of the person.,at the back of,False,False,True, False,http://images.cocodataset.org/train2017/000000221771.jpg
1556,The truck is in the cake.,in,False,True,False, True,http://images.cocodataset.org/train2017/000000273704.jpg
1557,The person is at the left side of the pizza.,at the left side of,False,False,True, False,http://images.cocodataset.org/val2017/000000027696.jpg
1558,The motorcycle is opposite to the truck.,opposite to,False,True,False, True,http://images.cocodataset.org/train2017/000000149755.jpg
1559,The cat is facing the laptop.,facing,True,True,True, True,http://images.cocodataset.org/train2017/000000369208.jpg
1560,The car is next to the parking meter.,next to,True,True,True, True,http://images.cocodataset.org/train2017/000000550019.jpg
1561,The car is far away from the person.,far away from,False,False,True, False,http://images.cocodataset.org/train2017/000000228330.jpg
1562,The cell phone is on the keyboard.,on,False,True,False, True,http://images.cocodataset.org/train2017/000000350481.jpg
1563,The bicycle is behind the chair.,behind,False,True,False, True,http://images.cocodataset.org/train2017/000000257036.jpg
1564,The dining table is below the airplane.,below,False,True,False, True,http://images.cocodataset.org/train2017/000000275327.jpg
1565,The dog is at the right side of the horse.,at the right side of,True,True,True, True,http://images.cocodataset.org/train2017/000000422185.jpg
1566,The pizza is in the oven.,in,True,True,True, True,http://images.cocodataset.org/train2017/000000116521.jpg
1567,The cat is on top of the laptop.,on top of,True,True,True, True,http://images.cocodataset.org/train2017/000000041505.jpg
1568,The cat is below the teddy bear.,below,False,True,False, True,http://images.cocodataset.org/train2017/000000192575.jpg
1569,The suitcase contains the cat.,contains,True,True,True, True,http://images.cocodataset.org/train2017/000000344181.jpg
1570,The toilet is in the train.,in,True,True,True, True,http://images.cocodataset.org/train2017/000000015745.jpg
1571,The bird is in the book.,in,False,False,True, False,http://images.cocodataset.org/train2017/000000028134.jpg
1572,The motorcycle is behind the dining table.,behind,True,True,True, True,http://images.cocodataset.org/train2017/000000125407.jpg
1573,The dining table is far away from the truck.,far away from,True,False,False, False,http://images.cocodataset.org/train2017/000000253959.jpg
1574,The motorcycle is beneath the cat.,beneath,True,True,True, True,http://images.cocodataset.org/train2017/000000036757.jpg
1575,The keyboard is in front of the cat.,in front of,True,True,True, True,http://images.cocodataset.org/train2017/000000350481.jpg
1576,The pizza is below the person.,below,False,True,False, True,http://images.cocodataset.org/train2017/000000200109.jpg
1577,The car is touching the bear.,touching,True,True,True, True,http://images.cocodataset.org/train2017/000000357859.jpg
1578,The cat is at the right side of the toilet.,at the right side of,True,False,False, False,http://images.cocodataset.org/train2017/000000194313.jpg
1579,The couch is beneath the teddy bear.,beneath,True,True,True, True,http://images.cocodataset.org/train2017/000000039010.jpg
1580,The boat is far away from the tv.,far away from,False,False,True, False,http://images.cocodataset.org/train2017/000000344507.jpg
1581,The laptop is touching the bed.,touching,True,True,True, True,http://images.cocodataset.org/train2017/000000449850.jpg
1582,The motorcycle is ahead of the truck.,ahead of,True,False,False, False,http://images.cocodataset.org/train2017/000000117413.jpg
1583,The truck contains the cow.,contains,False,True,False, True,http://images.cocodataset.org/train2017/000000387136.jpg
1584,The bowl is touching the bird.,touching,True,True,True, True,http://images.cocodataset.org/train2017/000000388905.jpg
1585,The umbrella is above the cat.,above,False,False,True, False,http://images.cocodataset.org/train2017/000000450247.jpg
1586,The dining table is under the train.,under,False,False,True, False,http://images.cocodataset.org/train2017/000000284873.jpg
1587,The bear is on top of the chair.,on top of,True,True,True, True,http://images.cocodataset.org/train2017/000000107571.jpg
1588,The airplane is touching the person.,touching,True,True,True, True,http://images.cocodataset.org/train2017/000000432947.jpg
1589,The cat is in the suitcase.,in,True,True,True, True,http://images.cocodataset.org/train2017/000000064423.jpg
1590,The car is at the back of the person.,at the back of,True,False,False, False,http://images.cocodataset.org/train2017/000000194510.jpg
1591,The potted plant is behind the person.,behind,True,True,True, True,http://images.cocodataset.org/train2017/000000478298.jpg
1592,The dog is facing away from the person.,facing away from,False,False,True, False,http://images.cocodataset.org/train2017/000000542165.jpg
1593,The cat is at the back of the laptop.,at the back of,False,True,False, True,http://images.cocodataset.org/train2017/000000360805.jpg
1594,The cat is in the middle of the teddy bear.,in the middle of,False,True,False, True,http://images.cocodataset.org/train2017/000000311290.jpg
1595,The train is on top of the cake.,on top of,False,True,False, True,http://images.cocodataset.org/train2017/000000012681.jpg
1596,The cat is inside the backpack.,inside,False,True,False, True,http://images.cocodataset.org/train2017/000000212868.jpg
1597,The boat is on the train.,on,False,False,True, False,http://images.cocodataset.org/train2017/000000364491.jpg
1598,The backpack is beneath the cat.,beneath,True,True,True, True,http://images.cocodataset.org/train2017/000000268570.jpg
1599,The truck is in front of the car.,in front of,False,True,False, True,http://images.cocodataset.org/train2017/000000413277.jpg
1600,The cup is in the bowl.,in,True,True,True, True,http://images.cocodataset.org/train2017/000000392198.jpg
1601,The person is inside the airplane.,inside,True,True,True, True,http://images.cocodataset.org/train2017/000000395850.jpg
1602,The teddy bear is in the chair.,in,False,True,False, True,http://images.cocodataset.org/train2017/000000440522.jpg
1603,The bed is away from the bicycle.,away from,False,True,False, True,http://images.cocodataset.org/val2017/000000274687.jpg
1604,The sink is in front of the cat.,in front of,True,False,False, False,http://images.cocodataset.org/train2017/000000020087.jpg
1605,The sheep is touching the dog.,touching,False,False,True, False,http://images.cocodataset.org/train2017/000000473676.jpg
1606,The bird is touching the book.,touching,True,True,True, True,http://images.cocodataset.org/val2017/000000542776.jpg
1607,The cat is beside the backpack.,beside,True,True,True, True,http://images.cocodataset.org/train2017/000000449770.jpg
1608,The book is parallel to the bed.,parallel to,False,True,False, True,http://images.cocodataset.org/train2017/000000364725.jpg
1609,The teddy bear is touching the fire hydrant.,touching,False,False,True, False,http://images.cocodataset.org/train2017/000000246831.jpg
1610,The person is with the dog.,with,True,True,True, True,http://images.cocodataset.org/train2017/000000423267.jpg
1611,The cat is facing the backpack.,facing,True,True,True, True,http://images.cocodataset.org/train2017/000000207093.jpg
1612,The cup is behind the sandwich.,behind,True,True,True, True,http://images.cocodataset.org/train2017/000000349230.jpg
1613,The apple is next to the cat.,next to,False,True,False, True,http://images.cocodataset.org/train2017/000000389011.jpg
1614,The keyboard is under the cake.,under,False,False,True, False,http://images.cocodataset.org/train2017/000000345602.jpg
1615,The surfboard is in the truck.,in,True,True,True, True,http://images.cocodataset.org/train2017/000000197775.jpg
1616,The couch is behind the dining table.,behind,True,False,False, False,http://images.cocodataset.org/train2017/000000305685.jpg
1617,The cow is facing the bench.,facing,True,True,True, True,http://images.cocodataset.org/train2017/000000182032.jpg
1618,The cat is in front of the bicycle.,in front of,True,True,True, True,http://images.cocodataset.org/train2017/000000171809.jpg
1619,The train is far away from the stop sign.,far away from,True,False,False, False,http://images.cocodataset.org/train2017/000000355357.jpg
1620,The cake is beneath the banana.,beneath,True,True,True, True,http://images.cocodataset.org/train2017/000000222987.jpg
1621,The skateboard is on the couch.,on,False,False,True, False,http://images.cocodataset.org/train2017/000000322261.jpg
1622,The bear is touching the person.,touching,False,True,False, True,http://images.cocodataset.org/val2017/000000341094.jpg
1623,The pizza is in front of the person.,in front of,True,True,True, True,http://images.cocodataset.org/train2017/000000534161.jpg
1624,The dog is at the edge of the bed.,at the edge of,False,False,True, False,http://images.cocodataset.org/train2017/000000248001.jpg
1625,The cat is at the right side of the potted plant.,at the right side of,False,True,False, True,http://images.cocodataset.org/train2017/000000127809.jpg
1626,The giraffe is far from the bench.,far from,True,True,True, True,http://images.cocodataset.org/train2017/000000292102.jpg
1627,The cake is under the truck.,under,True,True,True, True,http://images.cocodataset.org/train2017/000000501204.jpg
1628,The motorcycle is behind the fire hydrant.,behind,True,True,True, True,http://images.cocodataset.org/train2017/000000183964.jpg
1629,The cat is on top of the microwave.,on top of,False,True,False, True,http://images.cocodataset.org/train2017/000000506151.jpg
1630,The airplane is behind the person.,behind,False,False,True, False,http://images.cocodataset.org/train2017/000000543517.jpg
1631,The car contains the donut.,contains,False,False,True, False,http://images.cocodataset.org/train2017/000000382863.jpg
1632,The truck is behind the motorcycle.,behind,True,False,False, False,http://images.cocodataset.org/train2017/000000178890.jpg
1633,The teddy bear is right of the suitcase.,right of,True,True,True, True,http://images.cocodataset.org/train2017/000000248168.jpg
1634,The truck is behind the cake.,behind,False,False,True, False,http://images.cocodataset.org/train2017/000000184176.jpg
1635,The bottle is adjacent to the pizza.,adjacent to,True,True,True, True,http://images.cocodataset.org/train2017/000000434893.jpg
1636,The teddy bear is touching the dog.,touching,True,True,True, True,http://images.cocodataset.org/train2017/000000177532.jpg
1637,The cat is by the toilet.,by,False,True,False, True,http://images.cocodataset.org/train2017/000000547542.jpg
1638,The person is at the left side of the oven.,at the left side of,False,False,True, False,http://images.cocodataset.org/train2017/000000564915.jpg
1639,The person is behind the keyboard.,behind,False,True,False, True,http://images.cocodataset.org/train2017/000000477136.jpg
1640,The cat is in the suitcase.,in,True,True,True, True,http://images.cocodataset.org/val2017/000000443303.jpg
1641,The laptop is beneath the cat.,beneath,True,True,True, True,http://images.cocodataset.org/train2017/000000299103.jpg
1642,The dining table is under the cake.,under,True,True,True, True,http://images.cocodataset.org/train2017/000000405261.jpg
1643,The dining table is in front of the person.,in front of,True,True,True, True,http://images.cocodataset.org/train2017/000000207475.jpg
1644,The parking meter is at the left side of the car.,at the left side of,False,True,False, True,http://images.cocodataset.org/train2017/000000428769.jpg
1645,The backpack is at the side of the bed.,at the side of,True,True,True, True,http://images.cocodataset.org/train2017/000000057091.jpg
1646,The dog is at the right side of the horse.,at the right side of,True,True,True, True,http://images.cocodataset.org/train2017/000000300322.jpg
1647,The truck contains the bed.,contains,False,False,True, False,http://images.cocodataset.org/train2017/000000172006.jpg
1648,The cat is inside the suitcase.,inside,False,True,False, True,http://images.cocodataset.org/train2017/000000574000.jpg
1649,The umbrella is surrounding the cat.,surrounding,False,False,True, False,http://images.cocodataset.org/train2017/000000430567.jpg
1650,The chair is facing the hot dog.,facing,False,True,False, True,http://images.cocodataset.org/train2017/000000257073.jpg
1651,The teddy bear is behind the person.,behind,False,False,True, False,http://images.cocodataset.org/train2017/000000055389.jpg
1652,The pizza is below the person.,below,False,True,False, True,http://images.cocodataset.org/train2017/000000091057.jpg
1653,The dining table is touching the cat.,touching,False,False,True, False,http://images.cocodataset.org/train2017/000000169197.jpg
1654,The bird is behind the elephant.,behind,True,True,True, True,http://images.cocodataset.org/train2017/000000109265.jpg
1655,The cat is right of the dining table.,right of,True,True,True, True,http://images.cocodataset.org/train2017/000000184116.jpg
1656,The dining table is touching the bottle.,touching,True,True,True, True,http://images.cocodataset.org/train2017/000000423141.jpg
1657,The person is on the bench.,on,False,True,False, True,http://images.cocodataset.org/train2017/000000230995.jpg
1658,The book is next to the bus.,next to,False,False,True, False,http://images.cocodataset.org/train2017/000000038817.jpg
1659,The couch is under the person.,under,False,True,False, True,http://images.cocodataset.org/train2017/000000147963.jpg
1660,The book is in the middle of the bed.,in the middle of,True,False,False, False,http://images.cocodataset.org/train2017/000000327455.jpg
1661,The person is across from the sandwich.,across from,True,True,True, True,http://images.cocodataset.org/train2017/000000540436.jpg
1662,The car is parallel to the motorcycle.,parallel to,True,True,True, True,http://images.cocodataset.org/train2017/000000326689.jpg
1663,The knife is perpendicular to the carrot.,perpendicular to,False,True,False, True,http://images.cocodataset.org/train2017/000000213881.jpg
1664,The suitcase is in front of the refrigerator.,in front of,False,True,False, True,http://images.cocodataset.org/train2017/000000321879.jpg
1665,The refrigerator is in front of the person.,in front of,True,True,True, True,http://images.cocodataset.org/train2017/000000452909.jpg
1666,The cat is at the left side of the teddy bear.,at the left side of,False,False,True, False,http://images.cocodataset.org/train2017/000000383494.jpg
1667,The elephant is behind the person.,behind,True,True,True, True,http://images.cocodataset.org/train2017/000000060568.jpg
1668,The sheep is on top of the chair.,on top of,True,True,True, True,http://images.cocodataset.org/train2017/000000046927.jpg
1669,The person is away from the chair.,away from,False,False,True, False,http://images.cocodataset.org/train2017/000000380449.jpg
1670,The truck is next to the motorcycle.,next to,False,False,True, False,http://images.cocodataset.org/train2017/000000240967.jpg
1671,The person is above the suitcase.,above,False,True,False, True,http://images.cocodataset.org/train2017/000000116887.jpg
1672,The couch is behind the person.,behind,False,False,True, False,http://images.cocodataset.org/train2017/000000546210.jpg
1673,The bicycle is left of the person.,left of,False,True,False, True,http://images.cocodataset.org/train2017/000000008794.jpg
1674,The cat is on the backpack.,on,False,True,False, True,http://images.cocodataset.org/train2017/000000315156.jpg
1675,The orange is behind the apple.,behind,False,False,True, False,http://images.cocodataset.org/train2017/000000079172.jpg
1676,The cat is below the motorcycle.,below,True,True,True, True,http://images.cocodataset.org/train2017/000000340004.jpg
1677,The cat is inside the suitcase.,inside,True,True,True, True,http://images.cocodataset.org/train2017/000000292232.jpg
1678,The oven is at the back of the person.,at the back of,True,True,True, True,http://images.cocodataset.org/train2017/000000168173.jpg
1679,The bowl is touching the bird.,touching,False,False,True, False,http://images.cocodataset.org/train2017/000000531377.jpg
1680,The teddy bear is on the bench.,on,True,True,True, True,http://images.cocodataset.org/train2017/000000395531.jpg
1681,The cat is touching the bed.,touching,False,True,False, True,http://images.cocodataset.org/train2017/000000381047.jpg
1682,The cow is perpendicular to the motorcycle.,perpendicular to,False,True,False, True,http://images.cocodataset.org/train2017/000000186275.jpg
1683,The boat is behind the dining table.,behind,True,True,True, True,http://images.cocodataset.org/train2017/000000554518.jpg
1684,The hot dog is touching the person.,touching,False,False,True, False,http://images.cocodataset.org/train2017/000000315972.jpg
1685,The bed is under the person.,under,True,True,True, True,http://images.cocodataset.org/train2017/000000271829.jpg
1686,The laptop is under the cat.,under,False,True,False, True,http://images.cocodataset.org/train2017/000000419143.jpg
1687,The teddy bear is behind the book.,behind,False,True,False, True,http://images.cocodataset.org/train2017/000000419443.jpg
1688,The cat is on top of the microwave.,on top of,True,True,True, True,http://images.cocodataset.org/train2017/000000426714.jpg
1689,The airplane is far away from the car.,far away from,False,False,True, False,http://images.cocodataset.org/train2017/000000371153.jpg
1690,The dog is near the pizza.,near,False,True,False, True,http://images.cocodataset.org/train2017/000000309968.jpg
1691,The potted plant is away from the cat.,away from,True,False,False, False,http://images.cocodataset.org/train2017/000000030149.jpg
1692,The cow is in front of the bench.,in front of,True,True,True, True,http://images.cocodataset.org/train2017/000000044621.jpg
1693,The person is at the right side of the laptop.,at the right side of,False,True,False, True,http://images.cocodataset.org/train2017/000000504027.jpg
1694,The truck contains the dog.,contains,True,True,True, True,http://images.cocodataset.org/train2017/000000257690.jpg
1695,The bed is behind the bicycle.,behind,True,True,True, True,http://images.cocodataset.org/val2017/000000274687.jpg
1696,The train is on top of the laptop.,on top of,True,True,True, True,http://images.cocodataset.org/train2017/000000253004.jpg
1697,The couch is under the suitcase.,under,True,True,True, True,http://images.cocodataset.org/train2017/000000527691.jpg
1698,The dog is at the right side of the toilet.,at the right side of,True,True,True, True,http://images.cocodataset.org/train2017/000000039913.jpg
1699,The person is touching the pizza.,touching,True,True,True, True,http://images.cocodataset.org/train2017/000000236884.jpg
1700,The teddy bear is off the bed.,off,False,True,False, True,http://images.cocodataset.org/train2017/000000217458.jpg
1701,The person is behind the donut.,behind,True,True,True, True,http://images.cocodataset.org/train2017/000000555909.jpg
1702,The laptop is off the dog.,off,False,False,True, False,http://images.cocodataset.org/train2017/000000396039.jpg
1703,The person is at the left side of the oven.,at the left side of,False,True,False, True,http://images.cocodataset.org/train2017/000000451274.jpg
1704,The teddy bear is right of the dog.,right of,False,True,False, True,http://images.cocodataset.org/train2017/000000529411.jpg
1705,The donut is away from the dining table.,away from,True,True,True, True,http://images.cocodataset.org/train2017/000000182902.jpg
1706,The bear is above the dining table.,above,True,False,False, False,http://images.cocodataset.org/train2017/000000443410.jpg
1707,The bed is below the dining table.,below,True,True,True, True,http://images.cocodataset.org/train2017/000000514749.jpg
1708,The toilet is under the person.,under,False,False,True, False,http://images.cocodataset.org/train2017/000000462011.jpg
1709,The dining table is within the boat.,within,False,False,True, False,http://images.cocodataset.org/train2017/000000554518.jpg
1710,The cup is under the banana.,under,True,True,True, True,http://images.cocodataset.org/train2017/000000326849.jpg
1711,The clock is in front of the cow.,in front of,True,False,False, False,http://images.cocodataset.org/val2017/000000180383.jpg
1712,The dining table is left of the person.,left of,True,False,False, False,http://images.cocodataset.org/train2017/000000570968.jpg
1713,The chair is beneath the cat.,beneath,False,True,False, True,http://images.cocodataset.org/train2017/000000281598.jpg
1714,The dog is touching the toilet.,touching,True,True,True, True,http://images.cocodataset.org/train2017/000000145544.jpg
1715,The bed is away from the bicycle.,away from,True,True,True, True,http://images.cocodataset.org/train2017/000000019888.jpg
1716,The handbag is off the couch.,off,True,True,True, True,http://images.cocodataset.org/train2017/000000119834.jpg
1717,The dining table is at the side of the cake.,at the side of,False,False,True, False,http://images.cocodataset.org/train2017/000000501204.jpg
1718,The motorcycle is by the person.,by,True,True,True, True,http://images.cocodataset.org/train2017/000000574739.jpg
1719,The car is over the cat.,over,False,True,False, True,http://images.cocodataset.org/train2017/000000578632.jpg
1720,The suitcase is under the dining table.,under,False,True,False, True,http://images.cocodataset.org/train2017/000000534124.jpg
1721,The laptop is on the dining table.,on,False,False,True, False,http://images.cocodataset.org/train2017/000000293249.jpg
1722,The cat is on the microwave.,on,True,True,True, True,http://images.cocodataset.org/train2017/000000580162.jpg
1723,The refrigerator is next to the person.,next to,False,False,True, False,http://images.cocodataset.org/train2017/000000316353.jpg
1724,The teddy bear is touching the bottle.,touching,False,False,True, False,http://images.cocodataset.org/val2017/000000156643.jpg
1725,The person is touching the book.,touching,True,True,True, True,http://images.cocodataset.org/val2017/000000099182.jpg
1726,The cat is touching the wine glass.,touching,False,True,False, True,http://images.cocodataset.org/train2017/000000237764.jpg
1727,The pizza is near the book.,near,True,True,True, True,http://images.cocodataset.org/train2017/000000469936.jpg
1728,The person is touching the hair drier.,touching,True,True,True, True,http://images.cocodataset.org/train2017/000000466981.jpg
1729,The dining table is in front of the refrigerator.,in front of,True,True,True, True,http://images.cocodataset.org/train2017/000000240727.jpg
1730,The umbrella is above the dining table.,above,True,True,True, True,http://images.cocodataset.org/train2017/000000456950.jpg
1731,The teddy bear is away from the dining table.,away from,False,False,True, False,http://images.cocodataset.org/train2017/000000364722.jpg
1732,The teddy bear is touching the bed.,touching,False,False,True, False,http://images.cocodataset.org/train2017/000000066355.jpg
1733,The teddy bear is on the couch.,on,True,True,True, True,http://images.cocodataset.org/train2017/000000107571.jpg
1734,The cat is into the toilet.,into,False,True,False, True,http://images.cocodataset.org/train2017/000000012315.jpg
1735,The bowl is far from the car.,far from,True,True,True, True,http://images.cocodataset.org/train2017/000000260321.jpg
1736,The cat is toward the refrigerator.,toward,False,False,True, False,http://images.cocodataset.org/train2017/000000407390.jpg
1737,The sandwich is touching the person.,touching,True,True,True, True,http://images.cocodataset.org/train2017/000000330955.jpg
1738,The train is far from the truck.,far from,False,False,True, False,http://images.cocodataset.org/train2017/000000337458.jpg
1739,The donut is touching the person.,touching,True,True,True, True,http://images.cocodataset.org/train2017/000000399480.jpg
1740,The umbrella is over the cup.,over,True,False,False, False,http://images.cocodataset.org/train2017/000000581040.jpg
1741,The chair is at the left side of the tv.,at the left side of,False,True,False, True,http://images.cocodataset.org/train2017/000000058254.jpg
1742,The potted plant is in front of the teddy bear.,in front of,True,True,True, True,http://images.cocodataset.org/train2017/000000082512.jpg
1743,The teddy bear is on the couch.,on,True,True,True, True,http://images.cocodataset.org/train2017/000000348288.jpg
1744,The bowl contains the cat.,contains,False,True,False, True,http://images.cocodataset.org/train2017/000000248381.jpg
1745,The teddy bear is touching the dog.,touching,True,True,True, True,http://images.cocodataset.org/train2017/000000054643.jpg
1746,The toilet is surrounding the cat.,surrounding,False,False,True, False,http://images.cocodataset.org/train2017/000000048935.jpg
1747,The dining table is at the left side of the person.,at the left side of,True,True,True, True,http://images.cocodataset.org/train2017/000000451240.jpg
1748,The person is in front of the dining table.,in front of,False,False,True, False,http://images.cocodataset.org/train2017/000000199913.jpg
1749,The handbag is beneath the cat.,beneath,True,True,True, True,http://images.cocodataset.org/train2017/000000396326.jpg
1750,The person is close to the cake.,close to,True,True,True, True,http://images.cocodataset.org/train2017/000000224045.jpg
1751,The hot dog is over the backpack.,over,True,False,False, False,http://images.cocodataset.org/train2017/000000386079.jpg
1752,The couch is surrounding the person.,surrounding,False,False,True, False,http://images.cocodataset.org/train2017/000000128113.jpg
1753,The horse is in front of the train.,in front of,True,True,True, True,http://images.cocodataset.org/train2017/000000318671.jpg
1754,The bottle is near the teddy bear.,near,True,True,True, True,http://images.cocodataset.org/train2017/000000151862.jpg
1755,The dining table is touching the train.,touching,True,True,True, True,http://images.cocodataset.org/train2017/000000200764.jpg
1756,The toilet is surrounding the cat.,surrounding,False,True,False, True,http://images.cocodataset.org/train2017/000000241876.jpg
1757,The hair drier is on the chair.,on,False,True,False, True,http://images.cocodataset.org/train2017/000000195525.jpg
1758,The motorcycle is beneath the person.,beneath,False,True,False, True,http://images.cocodataset.org/train2017/000000300631.jpg
1759,The elephant is under the person.,under,True,True,True, True,http://images.cocodataset.org/train2017/000000122998.jpg
1760,The person is facing the bed.,facing,True,True,True, True,http://images.cocodataset.org/train2017/000000514254.jpg
1761,The parking meter is next to the person.,next to,True,True,True, True,http://images.cocodataset.org/train2017/000000365366.jpg
1762,The bus is behind the dining table.,behind,True,True,True, True,http://images.cocodataset.org/train2017/000000159403.jpg
1763,The chair is behind the hot dog.,behind,True,False,False, False,http://images.cocodataset.org/train2017/000000393428.jpg
1764,The person is in front of the donut.,in front of,True,True,True, True,http://images.cocodataset.org/train2017/000000092054.jpg
1765,The banana is beneath the sandwich.,beneath,True,True,True, True,http://images.cocodataset.org/train2017/000000537382.jpg
1766,The person is in the bed.,in,False,False,True, False,http://images.cocodataset.org/train2017/000000369023.jpg
1767,The keyboard is left of the cat.,left of,True,True,True, True,http://images.cocodataset.org/train2017/000000501278.jpg
1768,The bear is close to the dog.,close to,True,True,True, True,http://images.cocodataset.org/train2017/000000522225.jpg
1769,The person is touching the dining table.,touching,True,True,True, True,http://images.cocodataset.org/train2017/000000288753.jpg
1770,The potted plant is at the edge of the dining table.,at the edge of,True,True,True, True,http://images.cocodataset.org/train2017/000000138367.jpg
1771,The cat is within the car.,within,False,True,False, True,http://images.cocodataset.org/train2017/000000003935.jpg
1772,The laptop is in front of the cat.,in front of,True,True,True, True,http://images.cocodataset.org/train2017/000000407386.jpg
1773,The cat is facing away from the bed.,facing away from,False,False,True, False,http://images.cocodataset.org/train2017/000000293276.jpg
1774,The zebra is in the car.,in,False,True,False, True,http://images.cocodataset.org/train2017/000000135820.jpg
1775,The book is perpendicular to the bed.,perpendicular to,False,True,False, True,http://images.cocodataset.org/train2017/000000420450.jpg
1776,The motorcycle is under the dog.,under,True,True,True, True,http://images.cocodataset.org/train2017/000000251716.jpg
1777,The cat is under the umbrella.,under,False,True,False, True,http://images.cocodataset.org/train2017/000000123970.jpg
1778,The bench is above the dog.,above,False,False,True, False,http://images.cocodataset.org/train2017/000000221865.jpg
1779,The dog is under the donut.,under,False,True,False, True,http://images.cocodataset.org/train2017/000000555909.jpg
1780,The suitcase contains the cat.,contains,True,True,True, True,http://images.cocodataset.org/train2017/000000013574.jpg
1781,The dog is in the middle of the chair.,in the middle of,False,False,True, False,http://images.cocodataset.org/train2017/000000047724.jpg
1782,The suitcase contains the cat.,contains,True,True,True, True,http://images.cocodataset.org/train2017/000000497030.jpg
1783,The banana is on the cake.,on,False,False,True, False,http://images.cocodataset.org/train2017/000000239801.jpg
1784,The sheep is at the edge of the cake.,at the edge of,True,True,True, True,http://images.cocodataset.org/train2017/000000416960.jpg
1785,The dining table is touching the donut.,touching,False,False,True, False,http://images.cocodataset.org/train2017/000000420404.jpg
1786,The motorcycle is behind the parking meter.,behind,False,False,True, False,http://images.cocodataset.org/train2017/000000115626.jpg
1787,The cat is on top of the microwave.,on top of,False,False,True, False,http://images.cocodataset.org/train2017/000000289698.jpg
1788,The car is across from the parking meter.,across from,True,True,True, True,http://images.cocodataset.org/train2017/000000422469.jpg
1789,The person is touching the pizza.,touching,False,False,True, False,http://images.cocodataset.org/train2017/000000209922.jpg
1790,The cat is inside the bicycle.,inside,False,False,True, False,http://images.cocodataset.org/train2017/000000371890.jpg
1791,The teddy bear is at the left side of the dog.,at the left side of,False,True,False, True,http://images.cocodataset.org/train2017/000000463670.jpg
1792,The cat is facing the person.,facing,True,True,True, True,http://images.cocodataset.org/train2017/000000434385.jpg
1793,The sandwich is next to the cat.,next to,True,True,True, True,http://images.cocodataset.org/train2017/000000046090.jpg
1794,The cow is above the cup.,above,True,True,True, True,http://images.cocodataset.org/train2017/000000203867.jpg
1795,The bench is at the left side of the cat.,at the left side of,False,True,False, True,http://images.cocodataset.org/train2017/000000411668.jpg
1796,The cake is in front of the oven.,in front of,True,True,True, True,http://images.cocodataset.org/train2017/000000185777.jpg
1797,The cat is under the truck.,under,False,True,False, True,http://images.cocodataset.org/train2017/000000482561.jpg
1798,The suitcase is connected to the motorcycle.,connected to,True,True,True, True,http://images.cocodataset.org/train2017/000000461705.jpg
1799,The cat is above the car.,above,True,True,True, True,http://images.cocodataset.org/train2017/000000291412.jpg
1800,The refrigerator is beneath the tv.,beneath,True,True,True, True,http://images.cocodataset.org/train2017/000000407705.jpg
1801,The truck is under the dog.,under,True,True,True, True,http://images.cocodataset.org/train2017/000000159075.jpg
1802,The sandwich is on top of the banana.,on top of,False,False,True, False,http://images.cocodataset.org/train2017/000000533917.jpg
1803,The book is in front of the teddy bear.,in front of,True,True,True, True,http://images.cocodataset.org/train2017/000000368811.jpg
1804,The person is against the motorcycle.,against,True,True,True, True,http://images.cocodataset.org/train2017/000000290246.jpg
1805,The bowl contains the hot dog.,contains,True,True,True, True,http://images.cocodataset.org/train2017/000000240211.jpg
1806,The couch is under the truck.,under,False,True,False, True,http://images.cocodataset.org/train2017/000000358630.jpg
1807,The refrigerator is across from the dining table.,across from,True,True,True, True,http://images.cocodataset.org/train2017/000000016896.jpg
1808,The cat is inside the suitcase.,inside,False,True,False, True,http://images.cocodataset.org/train2017/000000045882.jpg
1809,The tie is touching the teddy bear.,touching,True,True,True, True,http://images.cocodataset.org/train2017/000000518110.jpg
1810,The bus is facing the dining table.,facing,False,True,False, True,http://images.cocodataset.org/train2017/000000131361.jpg
1811,The pizza is behind the car.,behind,True,False,False, False,http://images.cocodataset.org/train2017/000000419860.jpg
1812,The couch is behind the banana.,behind,False,False,True, False,http://images.cocodataset.org/train2017/000000481313.jpg
1813,The couch is in front of the backpack.,in front of,False,True,False, True,http://images.cocodataset.org/train2017/000000433110.jpg
1814,The person is touching the hot dog.,touching,False,True,False, True,http://images.cocodataset.org/train2017/000000554208.jpg
1815,The bicycle is parallel to the motorcycle.,parallel to,True,True,True, True,http://images.cocodataset.org/train2017/000000223930.jpg
1816,The book is facing the cat.,facing,False,True,False, True,http://images.cocodataset.org/train2017/000000481313.jpg
1817,The bird is on the bowl.,on,False,False,True, False,http://images.cocodataset.org/train2017/000000531377.jpg
1818,The zebra is at the left side of the person.,at the left side of,True,True,True, True,http://images.cocodataset.org/train2017/000000171805.jpg
1819,The dog is touching the sandwich.,touching,True,True,True, True,http://images.cocodataset.org/train2017/000000557780.jpg
1820,The horse is under the chair.,under,False,True,False, True,http://images.cocodataset.org/train2017/000000572358.jpg
1821,The cat is in the middle of the dining table.,in the middle of,True,True,True, True,http://images.cocodataset.org/train2017/000000555574.jpg
1822,The cat is facing the tv.,facing,True,True,True, True,http://images.cocodataset.org/train2017/000000070033.jpg
1823,The suitcase is on the bed.,on,False,True,False, True,http://images.cocodataset.org/train2017/000000249372.jpg
1824,The sandwich is in the bowl.,in,True,True,True, True,http://images.cocodataset.org/train2017/000000109568.jpg
1825,The couch is above the umbrella.,above,False,False,True, False,http://images.cocodataset.org/train2017/000000503472.jpg
1826,The banana is at the left side of the donut.,at the left side of,True,True,True, True,http://images.cocodataset.org/train2017/000000535013.jpg
1827,The dog is on the couch.,on,True,True,True, True,http://images.cocodataset.org/train2017/000000069021.jpg
1828,The person is next to the banana.,next to,True,True,True, True,http://images.cocodataset.org/train2017/000000169858.jpg
1829,The giraffe is at the right side of the person.,at the right side of,True,True,True, True,http://images.cocodataset.org/train2017/000000517318.jpg
1830,The elephant is touching the bus.,touching,False,False,True, False,http://images.cocodataset.org/train2017/000000345702.jpg
1831,The cat is touching the banana.,touching,True,True,True, True,http://images.cocodataset.org/train2017/000000279919.jpg
1832,The pizza is in the dog.,in,False,False,True, False,http://images.cocodataset.org/train2017/000000364994.jpg
1833,The person is at the right side of the bench.,at the right side of,False,True,False, True,http://images.cocodataset.org/train2017/000000574804.jpg
1834,The person is in front of the stop sign.,in front of,False,True,False, True,http://images.cocodataset.org/train2017/000000170180.jpg
1835,The dog is in front of the motorcycle.,in front of,False,False,True, False,http://images.cocodataset.org/train2017/000000253260.jpg
1836,The sink contains the cat.,contains,True,True,True, True,http://images.cocodataset.org/train2017/000000089848.jpg
1837,The chair is far from the bear.,far from,False,False,True, False,http://images.cocodataset.org/train2017/000000417455.jpg
1838,The book is outside the train.,outside,True,False,False, False,http://images.cocodataset.org/train2017/000000268745.jpg
1839,The train is perpendicular to the bus.,perpendicular to,False,True,False, True,http://images.cocodataset.org/train2017/000000409009.jpg
1840,The toilet contains the teddy bear.,contains,False,True,False, True,http://images.cocodataset.org/train2017/000000078782.jpg
1841,The person is touching the donut.,touching,True,True,True, True,http://images.cocodataset.org/train2017/000000499024.jpg
1842,The dog is on the motorcycle.,on,False,False,True, False,http://images.cocodataset.org/val2017/000000472375.jpg
1843,The teddy bear is in the couch.,in,True,True,True, True,http://images.cocodataset.org/train2017/000000033904.jpg
1844,The cake is under the laptop.,under,True,True,True, True,http://images.cocodataset.org/train2017/000000087813.jpg
1845,The toilet is below the teddy bear.,below,True,True,True, True,http://images.cocodataset.org/train2017/000000318365.jpg
1846,The cake is at the edge of the dining table.,at the edge of,False,True,False, True,http://images.cocodataset.org/train2017/000000157344.jpg
1847,The horse is far away from the bus.,far away from,True,True,True, True,http://images.cocodataset.org/train2017/000000263328.jpg
1848,The bed is below the teddy bear.,below,False,True,False, True,http://images.cocodataset.org/train2017/000000521533.jpg
1849,The vase is beside the dog.,beside,True,True,True, True,http://images.cocodataset.org/train2017/000000117108.jpg
1850,The horse is far away from the bus.,far away from,False,True,False, True,http://images.cocodataset.org/train2017/000000460143.jpg
1851,The banana is on top of the car.,on top of,False,False,True, False,http://images.cocodataset.org/train2017/000000349750.jpg
1852,The pizza is touching the person.,touching,True,True,True, True,http://images.cocodataset.org/train2017/000000136672.jpg
1853,The cat is under the umbrella.,under,False,True,False, True,http://images.cocodataset.org/train2017/000000453472.jpg
1854,The banana is touching the apple.,touching,True,True,True, True,http://images.cocodataset.org/train2017/000000451953.jpg
1855,The umbrella is in front of the potted plant.,in front of,False,False,True, False,http://images.cocodataset.org/train2017/000000482848.jpg
1856,The wine glass is behind the sandwich.,behind,True,True,True, True,http://images.cocodataset.org/val2017/000000567825.jpg
1857,The cat is far from the horse.,far from,False,True,False, True,http://images.cocodataset.org/train2017/000000220922.jpg
1858,The broccoli is at the side of the bowl.,at the side of,False,True,False, True,http://images.cocodataset.org/train2017/000000570518.jpg
1859,The bed is beside the remote.,beside,True,False,False, False,http://images.cocodataset.org/train2017/000000317458.jpg
1860,The apple is at the left side of the person.,at the left side of,True,True,True, True,http://images.cocodataset.org/val2017/000000473406.jpg
1861,The cat is in front of the tv.,in front of,False,True,False, True,http://images.cocodataset.org/train2017/000000351550.jpg
1862,The dog is away from the couch.,away from,True,False,False, False,http://images.cocodataset.org/train2017/000000421689.jpg
1863,The oven is below the pizza.,below,False,True,False, True,http://images.cocodataset.org/train2017/000000239444.jpg
1864,The tv is in the cow.,in,True,True,True, True,http://images.cocodataset.org/val2017/000000180383.jpg
1865,The person is at the right side of the pizza.,at the right side of,True,True,True, True,http://images.cocodataset.org/train2017/000000072536.jpg
1866,The microwave is behind the person.,behind,True,True,True, True,http://images.cocodataset.org/train2017/000000255849.jpg
1867,The donut is touching the dining table.,touching,False,True,False, True,http://images.cocodataset.org/train2017/000000395225.jpg
1868,The dog is off the boat.,off,True,True,True, True,http://images.cocodataset.org/train2017/000000456825.jpg
1869,The orange is in front of the banana.,in front of,False,True,False, True,http://images.cocodataset.org/train2017/000000207738.jpg
1870,The cake is above the oven.,above,False,False,True, False,http://images.cocodataset.org/train2017/000000315768.jpg
1871,The pizza is away from the cake.,away from,False,False,True, False,http://images.cocodataset.org/train2017/000000364190.jpg
1872,The hot dog is into the oven.,into,False,False,True, False,http://images.cocodataset.org/train2017/000000058677.jpg
1873,The backpack is under the cat.,under,True,True,True, True,http://images.cocodataset.org/train2017/000000566016.jpg
1874,The oven contains the pizza.,contains,False,False,True, False,http://images.cocodataset.org/train2017/000000157965.jpg
1875,The train is on top of the truck.,on top of,True,True,True, True,http://images.cocodataset.org/train2017/000000211384.jpg
1876,The person is right of the keyboard.,right of,False,True,False, True,http://images.cocodataset.org/train2017/000000499024.jpg
1877,The laptop is facing the person.,facing,True,True,True, True,http://images.cocodataset.org/train2017/000000578572.jpg
1878,The cat is in the sink.,in,True,True,True, True,http://images.cocodataset.org/train2017/000000410533.jpg
1879,The umbrella is touching the cat.,touching,False,True,False, True,http://images.cocodataset.org/train2017/000000308221.jpg
1880,The teddy bear is touching the person.,touching,True,True,True, True,http://images.cocodataset.org/train2017/000000574461.jpg
1881,The sandwich is in front of the person.,in front of,True,True,True, True,http://images.cocodataset.org/train2017/000000299643.jpg
1882,The dining table is beneath the teddy bear.,beneath,True,True,True, True,http://images.cocodataset.org/train2017/000000099546.jpg
1883,The dining table is under the dog.,under,True,False,False, False,http://images.cocodataset.org/train2017/000000251752.jpg
1884,The horse is part of the bus.,part of,False,False,True, False,http://images.cocodataset.org/train2017/000000013943.jpg
1885,The bowl contains the cat.,contains,False,True,False, True,http://images.cocodataset.org/train2017/000000139416.jpg
1886,The boat is on the truck.,on,True,True,True, True,http://images.cocodataset.org/train2017/000000457035.jpg
1887,The banana is touching the dining table.,touching,True,True,True, True,http://images.cocodataset.org/train2017/000000093469.jpg
1888,The umbrella is over the bed.,over,False,True,False, True,http://images.cocodataset.org/train2017/000000059174.jpg
1889,The bicycle is below the pizza.,below,False,False,True, False,http://images.cocodataset.org/train2017/000000051473.jpg
1890,The person is behind the keyboard.,behind,True,True,True, True,http://images.cocodataset.org/train2017/000000062703.jpg
1891,The bench is touching the handbag.,touching,True,True,True, True,http://images.cocodataset.org/train2017/000000560359.jpg
1892,The pizza is inside the oven.,inside,False,True,False, True,http://images.cocodataset.org/train2017/000000437948.jpg
1893,The teddy bear is facing the dog.,facing,False,True,False, True,http://images.cocodataset.org/train2017/000000135202.jpg
1894,The train contains the bicycle.,contains,False,False,True, False,http://images.cocodataset.org/train2017/000000073234.jpg
1895,The cow is touching the person.,touching,False,True,False, True,http://images.cocodataset.org/train2017/000000120007.jpg
1896,The dining table is under the cow.,under,False,False,True, False,http://images.cocodataset.org/train2017/000000253674.jpg
1897,The bed is at the right side of the surfboard.,at the right side of,True,True,True, True,http://images.cocodataset.org/train2017/000000016458.jpg
1898,The cake is across from the oven.,across from,False,True,False, True,http://images.cocodataset.org/train2017/000000409767.jpg
1899,The cat is in the middle of the teddy bear.,in the middle of,True,True,True, True,http://images.cocodataset.org/train2017/000000383494.jpg
1900,The airplane is behind the car.,behind,True,True,True, True,http://images.cocodataset.org/train2017/000000445408.jpg
1901,The microwave is touching the cat.,touching,False,False,True, False,http://images.cocodataset.org/train2017/000000019131.jpg
1902,The cake has as a part the person.,has as a part,True,True,True, True,http://images.cocodataset.org/train2017/000000355736.jpg
1903,The truck is over the cat.,over,True,True,True, True,http://images.cocodataset.org/train2017/000000023137.jpg
1904,The laptop is close to the orange.,close to,False,False,True, False,http://images.cocodataset.org/train2017/000000296153.jpg
1905,The teddy bear is facing the person.,facing,True,True,True, True,http://images.cocodataset.org/train2017/000000002839.jpg
1906,The car contains the dog.,contains,False,False,True, False,http://images.cocodataset.org/train2017/000000075283.jpg
1907,The person is off the laptop.,off,False,False,True, False,http://images.cocodataset.org/train2017/000000369208.jpg
1908,The person is surrounding the sandwich.,surrounding,False,False,True, False,http://images.cocodataset.org/train2017/000000412680.jpg
1909,The bench is in front of the refrigerator.,in front of,True,True,True, True,http://images.cocodataset.org/train2017/000000497591.jpg
1910,The person is facing away from the toaster.,facing away from,False,False,True, False,http://images.cocodataset.org/train2017/000000174496.jpg
1911,The bench is facing away from the parking meter.,facing away from,True,True,True, True,http://images.cocodataset.org/val2017/000000333956.jpg
1912,The person is touching the teddy bear.,touching,False,True,False, True,http://images.cocodataset.org/train2017/000000136701.jpg
1913,The bed is touching the person.,touching,True,True,True, True,http://images.cocodataset.org/train2017/000000466491.jpg
1914,The dog is touching the couch.,touching,False,True,False, True,http://images.cocodataset.org/train2017/000000329134.jpg
1915,The oven is behind the cake.,behind,False,True,False, True,http://images.cocodataset.org/train2017/000000504747.jpg
1916,The laptop is on the bed.,on,True,True,True, True,http://images.cocodataset.org/train2017/000000209036.jpg
1917,The handbag is attached to the person.,attached to,True,True,True, True,http://images.cocodataset.org/train2017/000000159729.jpg
1918,The cat is touching the bench.,touching,False,True,False, True,http://images.cocodataset.org/train2017/000000004537.jpg
1919,The cake is attached to the train.,attached to,True,False,False, False,http://images.cocodataset.org/train2017/000000422960.jpg
1920,The truck is behind the dog.,behind,True,True,True, True,http://images.cocodataset.org/train2017/000000192799.jpg
1921,The person is touching the sandwich.,touching,False,False,True, False,http://images.cocodataset.org/train2017/000000261426.jpg
1922,The sandwich is beside the microwave.,beside,True,True,True, True,http://images.cocodataset.org/train2017/000000317798.jpg
1923,The bench is under the cat.,under,True,True,True, True,http://images.cocodataset.org/train2017/000000142719.jpg
1924,The donut is touching the cat.,touching,True,True,True, True,http://images.cocodataset.org/train2017/000000046438.jpg
1925,The cake is at the edge of the dining table.,at the edge of,False,True,False, True,http://images.cocodataset.org/train2017/000000042297.jpg
1926,The tv is behind the airplane.,behind,False,False,True, False,http://images.cocodataset.org/train2017/000000379612.jpg
1927,The book is on the bench.,on,False,True,False, True,http://images.cocodataset.org/train2017/000000428035.jpg
1928,The umbrella is facing the bed.,facing,False,True,False, True,http://images.cocodataset.org/train2017/000000553361.jpg
1929,The person is on the elephant.,on,True,True,True, True,http://images.cocodataset.org/train2017/000000500194.jpg
1930,The dog is far from the bench.,far from,True,True,True, True,http://images.cocodataset.org/train2017/000000548734.jpg
1931,The motorcycle is under the bird.,under,False,False,True, False,http://images.cocodataset.org/train2017/000000155777.jpg
1932,The truck is on the couch.,on,False,True,False, True,http://images.cocodataset.org/train2017/000000540547.jpg
1933,The cat is above the donut.,above,True,True,True, True,http://images.cocodataset.org/train2017/000000046438.jpg
1934,The person is facing the laptop.,facing,True,True,True, True,http://images.cocodataset.org/train2017/000000294083.jpg
1935,The fire hydrant is behind the dog.,behind,True,True,True, True,http://images.cocodataset.org/train2017/000000548734.jpg
1936,The clock is part of the apple.,part of,True,True,True, True,http://images.cocodataset.org/val2017/000000407825.jpg
1937,The orange is at the right side of the umbrella.,at the right side of,False,False,True, False,http://images.cocodataset.org/train2017/000000423065.jpg
1938,The dining table is touching the teddy bear.,touching,True,True,True, True,http://images.cocodataset.org/train2017/000000191772.jpg
1939,The person is facing away from the refrigerator.,facing away from,True,True,True, True,http://images.cocodataset.org/train2017/000000272253.jpg
1940,The dining table is under the dog.,under,False,True,False, True,http://images.cocodataset.org/train2017/000000520361.jpg
1941,The cow is next to the bench.,next to,True,True,True, True,http://images.cocodataset.org/train2017/000000182032.jpg
1942,The motorcycle is parallel to the bus.,parallel to,False,True,False, True,http://images.cocodataset.org/train2017/000000055303.jpg
1943,The person is with the cow.,with,True,True,True, True,http://images.cocodataset.org/train2017/000000087739.jpg
1944,The laptop is opposite to the couch.,opposite to,True,True,True, True,http://images.cocodataset.org/train2017/000000018233.jpg
1945,The bird is in the book.,in,True,True,True, True,http://images.cocodataset.org/train2017/000000160653.jpg
1946,The handbag is in the suitcase.,in,True,True,True, True,http://images.cocodataset.org/train2017/000000020632.jpg
1947,The cat is touching the person.,touching,False,True,False, True,http://images.cocodataset.org/val2017/000000515025.jpg
1948,The bus is far away from the fire hydrant.,far away from,True,True,True, True,http://images.cocodataset.org/train2017/000000321642.jpg
1949,The cow is facing the dog.,facing,True,True,True, True,http://images.cocodataset.org/train2017/000000036345.jpg
1950,The oven contains the cake.,contains,False,True,False, True,http://images.cocodataset.org/train2017/000000185777.jpg
1951,The person is at the left side of the couch.,at the left side of,False,True,False, True,http://images.cocodataset.org/train2017/000000209493.jpg
1952,The umbrella is next to the bed.,next to,False,False,True, False,http://images.cocodataset.org/train2017/000000029575.jpg
1953,The cow is facing away from the person.,facing away from,True,True,True, True,http://images.cocodataset.org/train2017/000000146236.jpg
1954,The carrot is at the left side of the cat.,at the left side of,False,False,True, False,http://images.cocodataset.org/train2017/000000249644.jpg
1955,The laptop is on the bed.,on,False,False,True, False,http://images.cocodataset.org/train2017/000000407683.jpg
1956,The laptop is at the right side of the person.,at the right side of,False,True,False, True,http://images.cocodataset.org/train2017/000000165040.jpg
1957,The person is at the right side of the laptop.,at the right side of,True,True,True, True,http://images.cocodataset.org/val2017/000000345252.jpg
1958,The potted plant is in front of the bench.,in front of,False,False,True, False,http://images.cocodataset.org/train2017/000000295686.jpg
1959,The person is at the back of the dining table.,at the back of,True,True,True, True,http://images.cocodataset.org/train2017/000000143154.jpg
1960,The motorcycle is beneath the cat.,beneath,True,True,True, True,http://images.cocodataset.org/train2017/000000244712.jpg
1961,The laptop is above the cat.,above,True,True,True, True,http://images.cocodataset.org/train2017/000000346207.jpg
1962,The potted plant is right of the train.,right of,False,False,True, False,http://images.cocodataset.org/train2017/000000153832.jpg
1963,The cat is left of the sink.,left of,True,True,True, True,http://images.cocodataset.org/train2017/000000196307.jpg
1964,The car is on the bed.,on,True,True,True, True,http://images.cocodataset.org/train2017/000000206255.jpg
1965,The parking meter is in front of the bus.,in front of,True,True,True, True,http://images.cocodataset.org/val2017/000000372317.jpg
1966,The pizza is down from the person.,down from,True,True,True, True,http://images.cocodataset.org/train2017/000000101194.jpg
1967,The elephant is ahead of the car.,ahead of,False,True,False, True,http://images.cocodataset.org/train2017/000000453299.jpg
1968,The laptop is below the person.,below,False,True,False, True,http://images.cocodataset.org/train2017/000000054273.jpg
1969,The donut is close to the keyboard.,close to,True,True,True, True,http://images.cocodataset.org/train2017/000000296567.jpg
1970,The dog is inside the suitcase.,inside,True,True,True, True,http://images.cocodataset.org/train2017/000000251608.jpg
1971,The person is at the right side of the pizza.,at the right side of,True,True,True, True,http://images.cocodataset.org/train2017/000000225517.jpg
1972,The tv is under the cat.,under,True,True,True, True,http://images.cocodataset.org/train2017/000000315517.jpg
1973,The umbrella is outside the cat.,outside,False,False,True, False,http://images.cocodataset.org/train2017/000000249952.jpg
1974,The person is toward the keyboard.,toward,True,True,True, True,http://images.cocodataset.org/train2017/000000144705.jpg
1975,The person is beside the cat.,beside,True,True,True, True,http://images.cocodataset.org/val2017/000000492284.jpg
1976,The dining table is beneath the cat.,beneath,True,True,True, True,http://images.cocodataset.org/train2017/000000029370.jpg
1977,The horse is on the cake.,on,True,True,True, True,http://images.cocodataset.org/train2017/000000405998.jpg
1978,The cake is at the left side of the person.,at the left side of,True,True,True, True,http://images.cocodataset.org/train2017/000000074959.jpg
1979,The person is on the bus.,on,True,True,True, True,http://images.cocodataset.org/train2017/000000391117.jpg
1980,The person is on the bus.,on,False,False,True, False,http://images.cocodataset.org/train2017/000000162355.jpg
1981,The cat is in the sink.,in,True,True,True, True,http://images.cocodataset.org/train2017/000000286471.jpg
1982,The person is on top of the elephant.,on top of,True,True,True, True,http://images.cocodataset.org/train2017/000000033625.jpg
1983,The backpack is on top of the cat.,on top of,True,True,True, True,http://images.cocodataset.org/train2017/000000212868.jpg
1984,The truck is at the back of the motorcycle.,at the back of,False,True,False, True,http://images.cocodataset.org/train2017/000000301453.jpg
1985,The hot dog is below the couch.,below,False,True,False, True,http://images.cocodataset.org/train2017/000000581451.jpg
1986,The parking meter is behind the motorcycle.,behind,True,False,False, False,http://images.cocodataset.org/train2017/000000469770.jpg
1987,The bed is close to the donut.,close to,True,True,True, True,http://images.cocodataset.org/val2017/000000192904.jpg
1988,The car is far from the chair.,far from,False,True,False, True,http://images.cocodataset.org/train2017/000000441083.jpg
1989,The cat is on the person.,on,True,True,True, True,http://images.cocodataset.org/train2017/000000504774.jpg
1990,The keyboard is behind the cup.,behind,False,False,True, False,http://images.cocodataset.org/train2017/000000561729.jpg
1991,The person is out of the couch.,out of,False,False,True, False,http://images.cocodataset.org/train2017/000000134907.jpg
1992,The bed is across the couch.,across,False,False,True, False,http://images.cocodataset.org/train2017/000000031345.jpg
1993,The couch is in front of the suitcase.,in front of,True,False,False, False,http://images.cocodataset.org/train2017/000000053037.jpg
1994,The person is close to the cat.,close to,True,True,True, True,http://images.cocodataset.org/train2017/000000353968.jpg
1995,The couch is under the teddy bear.,under,False,False,True, False,http://images.cocodataset.org/train2017/000000063347.jpg
1996,The cat is in the sink.,in,True,True,True, True,http://images.cocodataset.org/train2017/000000311167.jpg
1997,The cat is facing away from the toilet.,facing away from,False,True,False, True,http://images.cocodataset.org/train2017/000000439486.jpg
1998,The dining table is away from the truck.,away from,True,False,False, False,http://images.cocodataset.org/train2017/000000388281.jpg
1999,The refrigerator is facing the person.,facing,True,True,True, True,http://images.cocodataset.org/train2017/000000116334.jpg
2000,The cat is facing away from the tv.,facing away from,False,True,False, True,http://images.cocodataset.org/train2017/000000087456.jpg
2001,The bird is below the bowl.,below,True,True,True, True,http://images.cocodataset.org/train2017/000000160653.jpg
2002,The teddy bear is on top of the person.,on top of,True,True,True, True,http://images.cocodataset.org/train2017/000000253550.jpg
2003,The cow is ahead of the bus.,ahead of,True,True,True, True,http://images.cocodataset.org/train2017/000000306581.jpg
2004,The teddy bear is touching the cat.,touching,True,True,True, True,http://images.cocodataset.org/train2017/000000054953.jpg
2005,The bed is beneath the suitcase.,beneath,True,True,True, True,http://images.cocodataset.org/train2017/000000085637.jpg
2006,The banana is left of the sandwich.,left of,True,True,True, True,http://images.cocodataset.org/train2017/000000029994.jpg
2007,The person is below the hair drier.,below,False,True,False, True,http://images.cocodataset.org/train2017/000000318497.jpg
2008,The zebra is behind the horse.,behind,True,False,False, False,http://images.cocodataset.org/train2017/000000568005.jpg
2009,The dining table is parallel to the bench.,parallel to,True,True,True, True,http://images.cocodataset.org/train2017/000000472930.jpg
2010,The pizza is in the oven.,in,False,False,True, False,http://images.cocodataset.org/train2017/000000437948.jpg
2011,The scissors is alongside the person.,alongside,False,True,False, True,http://images.cocodataset.org/train2017/000000096073.jpg
2012,The person is at the left side of the couch.,at the left side of,False,True,False, True,http://images.cocodataset.org/train2017/000000022462.jpg
2013,The oven is next to the pizza.,next to,False,False,True, False,http://images.cocodataset.org/train2017/000000494785.jpg
2014,The banana is on the orange.,on,True,True,True, True,http://images.cocodataset.org/train2017/000000238989.jpg
2015,The couch is facing away from the laptop.,facing away from,False,True,False, True,http://images.cocodataset.org/train2017/000000455975.jpg
2016,The train is on the cake.,on,True,True,True, True,http://images.cocodataset.org/train2017/000000199212.jpg
2017,The teddy bear is on top of the cake.,on top of,False,True,False, True,http://images.cocodataset.org/train2017/000000153259.jpg
2018,The sheep is in the middle of the bed.,in the middle of,True,True,True, True,http://images.cocodataset.org/train2017/000000557254.jpg
2019,The banana is on the truck.,on,False,False,True, False,http://images.cocodataset.org/train2017/000000423875.jpg
2020,The person is touching the cat.,touching,True,True,True, True,http://images.cocodataset.org/train2017/000000198308.jpg
2021,The dining table is on top of the bed.,on top of,False,False,True, False,http://images.cocodataset.org/train2017/000000213008.jpg
2022,The car is on the couch.,on,False,False,True, False,http://images.cocodataset.org/train2017/000000348913.jpg
2023,The motorcycle is behind the bird.,behind,True,False,False, False,http://images.cocodataset.org/train2017/000000155777.jpg
2024,The sink is at the left side of the cat.,at the left side of,False,True,False, True,http://images.cocodataset.org/train2017/000000178299.jpg
2025,The cat is at the edge of the couch.,at the edge of,True,True,True, True,http://images.cocodataset.org/train2017/000000569333.jpg
2026,The refrigerator contains the sandwich.,contains,False,False,True, False,http://images.cocodataset.org/train2017/000000318209.jpg
2027,The person is left of the toilet.,left of,True,True,True, True,http://images.cocodataset.org/train2017/000000174071.jpg
2028,The refrigerator is behind the orange.,behind,False,False,True, False,http://images.cocodataset.org/train2017/000000526364.jpg
2029,The pizza contains the oven.,contains,False,False,True, False,http://images.cocodataset.org/train2017/000000424588.jpg
2030,The bed is under the suitcase.,under,False,False,True, False,http://images.cocodataset.org/train2017/000000520610.jpg
2031,The person is above the teddy bear.,above,False,True,False, True,http://images.cocodataset.org/train2017/000000326853.jpg
2032,The bottle is touching the cat.,touching,False,True,False, True,http://images.cocodataset.org/train2017/000000254670.jpg
2033,The handbag is touching the book.,touching,True,True,True, True,http://images.cocodataset.org/train2017/000000541725.jpg
2034,The bench is facing away from the parking meter.,facing away from,False,True,False, True,http://images.cocodataset.org/train2017/000000544094.jpg
2035,The cat is part of the clock.,part of,True,True,True, True,http://images.cocodataset.org/train2017/000000394157.jpg
2036,The person is at the right side of the donut.,at the right side of,True,True,True, True,http://images.cocodataset.org/train2017/000000413791.jpg
2037,The dining table is below the truck.,below,True,True,True, True,http://images.cocodataset.org/train2017/000000268394.jpg
2038,The cat is on the bench.,on,False,False,True, False,http://images.cocodataset.org/train2017/000000518782.jpg
2039,The horse is on the cake.,on,False,True,False, True,http://images.cocodataset.org/train2017/000000513983.jpg
2040,The hot dog is at the right side of the cup.,at the right side of,False,True,False, True,http://images.cocodataset.org/train2017/000000384463.jpg
2041,The keyboard is below the cat.,below,False,True,False, True,http://images.cocodataset.org/train2017/000000073729.jpg
2042,The cat is on top of the laptop.,on top of,False,True,False, True,http://images.cocodataset.org/train2017/000000522405.jpg
2043,The sandwich is touching the person.,touching,True,True,True, True,http://images.cocodataset.org/train2017/000000287310.jpg
2044,The laptop is touching the bench.,touching,False,True,False, True,http://images.cocodataset.org/train2017/000000264250.jpg
2045,The couch is touching the laptop.,touching,False,True,False, True,http://images.cocodataset.org/train2017/000000209493.jpg
2046,The person is touching the keyboard.,touching,False,False,True, False,http://images.cocodataset.org/train2017/000000420922.jpg
2047,The refrigerator is touching the person.,touching,True,True,True, True,http://images.cocodataset.org/train2017/000000336578.jpg
2048,The person is right of the refrigerator.,right of,True,True,True, True,http://images.cocodataset.org/train2017/000000204987.jpg
2049,The cat is on top of the toilet.,on top of,True,True,True, True,http://images.cocodataset.org/train2017/000000216664.jpg
2050,The cat is touching the banana.,touching,False,True,False, True,http://images.cocodataset.org/train2017/000000259475.jpg
2051,The car is below the parking meter.,below,True,True,True, True,http://images.cocodataset.org/train2017/000000231206.jpg
2052,The cup is on top of the dining table.,on top of,True,True,True, True,http://images.cocodataset.org/train2017/000000398093.jpg
2053,The cow is right of the clock.,right of,False,True,False, True,http://images.cocodataset.org/train2017/000000087264.jpg
2054,The car is alongside the bus.,alongside,True,True,True, True,http://images.cocodataset.org/train2017/000000194158.jpg
2055,The person is over the bed.,over,True,True,True, True,http://images.cocodataset.org/train2017/000000320015.jpg
2056,The person is behind the dog.,behind,False,False,True, False,http://images.cocodataset.org/train2017/000000320379.jpg
2057,The backpack is on the cat.,on,False,True,False, True,http://images.cocodataset.org/train2017/000000005577.jpg
2058,The car is away from the bear.,away from,True,True,True, True,http://images.cocodataset.org/train2017/000000046211.jpg
2059,The car is perpendicular to the motorcycle.,perpendicular to,True,True,True, True,http://images.cocodataset.org/train2017/000000385145.jpg
2060,The teddy bear is away from the dining table.,away from,True,False,False, False,http://images.cocodataset.org/train2017/000000385980.jpg
2061,The dog is in front of the bed.,in front of,True,True,True, True,http://images.cocodataset.org/train2017/000000086215.jpg
2062,The suitcase is below the teddy bear.,below,True,True,True, True,http://images.cocodataset.org/train2017/000000248168.jpg
2063,The cup is beside the laptop.,beside,True,True,True, True,http://images.cocodataset.org/train2017/000000413334.jpg
2064,The pizza is inside the oven.,inside,True,True,True, True,http://images.cocodataset.org/train2017/000000338289.jpg
2065,The person is against the couch.,against,False,True,False, True,http://images.cocodataset.org/train2017/000000180593.jpg
2066,The dog is at the side of the bed.,at the side of,True,True,True, True,http://images.cocodataset.org/train2017/000000420765.jpg
2067,The remote is in front of the person.,in front of,True,True,True, True,http://images.cocodataset.org/train2017/000000502933.jpg
2068,The bowl is left of the pizza.,left of,True,True,True, True,http://images.cocodataset.org/train2017/000000526536.jpg
2069,The bear is touching the person.,touching,True,True,True, True,http://images.cocodataset.org/val2017/000000519688.jpg
2070,The fire hydrant is beside the teddy bear.,beside,True,True,True, True,http://images.cocodataset.org/train2017/000000371295.jpg
2071,The person is outside the car.,outside,False,False,True, False,http://images.cocodataset.org/train2017/000000069559.jpg
2072,The cat is in front of the person.,in front of,True,True,True, True,http://images.cocodataset.org/train2017/000000465779.jpg
2073,The pizza is attached to the person.,attached to,False,False,True, False,http://images.cocodataset.org/train2017/000000276753.jpg
2074,The laptop is beneath the cat.,beneath,True,True,True, True,http://images.cocodataset.org/train2017/000000346614.jpg
2075,The refrigerator is on the truck.,on,False,True,False, True,http://images.cocodataset.org/train2017/000000032674.jpg
2076,The person is touching the hot dog.,touching,False,False,True, False,http://images.cocodataset.org/train2017/000000034785.jpg
2077,The bench is away from the banana.,away from,True,False,False, False,http://images.cocodataset.org/train2017/000000371739.jpg
2078,The bench is far away from the hot dog.,far away from,False,False,True, False,http://images.cocodataset.org/train2017/000000319061.jpg
2079,The pizza is behind the sandwich.,behind,False,False,True, False,http://images.cocodataset.org/train2017/000000040934.jpg
2080,The couch is under the cat.,under,True,True,True, True,http://images.cocodataset.org/train2017/000000389718.jpg
2081,The handbag is surrounding the cat.,surrounding,True,True,True, True,http://images.cocodataset.org/train2017/000000231022.jpg
2082,The car is far away from the hot dog.,far away from,True,False,False, False,http://images.cocodataset.org/train2017/000000374072.jpg
2083,The cat is at the edge of the chair.,at the edge of,True,True,True, True,http://images.cocodataset.org/train2017/000000296188.jpg
2084,The train is in front of the car.,in front of,False,True,False, True,http://images.cocodataset.org/train2017/000000324275.jpg
2085,The person is at the left side of the dining table.,at the left side of,False,False,True, False,http://images.cocodataset.org/train2017/000000172987.jpg
2086,The dining table is touching the teddy bear.,touching,False,True,False, True,http://images.cocodataset.org/train2017/000000061946.jpg
2087,The cake is near the banana.,near,True,True,True, True,http://images.cocodataset.org/train2017/000000345225.jpg
2088,The teddy bear is at the back of the cat.,at the back of,False,True,False, True,http://images.cocodataset.org/train2017/000000360178.jpg
2089,The pizza is in the oven.,in,True,True,True, True,http://images.cocodataset.org/train2017/000000484425.jpg
2090,The parking meter is far away from the truck.,far away from,False,False,True, False,http://images.cocodataset.org/train2017/000000519203.jpg
2091,The suitcase contains the cat.,contains,False,True,False, True,http://images.cocodataset.org/train2017/000000501498.jpg
2092,The bed is at the right side of the surfboard.,at the right side of,False,False,True, False,http://images.cocodataset.org/val2017/000000073946.jpg
2093,The dog is at the edge of the bed.,at the edge of,True,True,True, True,http://images.cocodataset.org/train2017/000000165883.jpg
2094,The cow is right of the bench.,right of,False,True,False, True,http://images.cocodataset.org/train2017/000000423455.jpg
2095,The horse is far away from the potted plant.,far away from,True,False,False, False,http://images.cocodataset.org/train2017/000000576386.jpg
2096,The parking meter is behind the car.,behind,False,True,False, True,http://images.cocodataset.org/train2017/000000372390.jpg
2097,The giraffe is touching the person.,touching,True,True,True, True,http://images.cocodataset.org/train2017/000000450081.jpg
2098,The sheep is touching the person.,touching,True,True,True, True,http://images.cocodataset.org/train2017/000000016109.jpg
2099,The donut is at the right side of the dog.,at the right side of,True,True,True, True,http://images.cocodataset.org/train2017/000000108113.jpg
2100,The bird is facing the book.,facing,True,True,True, True,http://images.cocodataset.org/train2017/000000176180.jpg
2101,The teddy bear is touching the person.,touching,False,False,True, False,http://images.cocodataset.org/train2017/000000424553.jpg
2102,The train is on top of the cake.,on top of,True,True,True, True,http://images.cocodataset.org/train2017/000000022429.jpg
2103,The umbrella is behind the cat.,behind,True,True,True, True,http://images.cocodataset.org/train2017/000000541158.jpg
2104,The person is touching the hot dog.,touching,True,True,True, True,http://images.cocodataset.org/train2017/000000028713.jpg
2105,The bed is under the dog.,under,True,True,True, True,http://images.cocodataset.org/train2017/000000177913.jpg
2106,The truck contains the cow.,contains,False,False,True, False,http://images.cocodataset.org/train2017/000000132528.jpg
2107,The broccoli is beside the bowl.,beside,True,True,True, True,http://images.cocodataset.org/train2017/000000045153.jpg
2108,The cat is by the toilet.,by,False,True,False, True,http://images.cocodataset.org/train2017/000000101720.jpg
2109,The car is in front of the bus.,in front of,False,True,False, True,http://images.cocodataset.org/train2017/000000557191.jpg
2110,The pizza is touching the person.,touching,False,False,True, False,http://images.cocodataset.org/train2017/000000407056.jpg
2111,The book is in front of the train.,in front of,False,True,False, True,http://images.cocodataset.org/train2017/000000253004.jpg
2112,The handbag is attached to the horse.,attached to,True,False,False, False,http://images.cocodataset.org/train2017/000000032607.jpg
2113,The cake is on top of the oven.,on top of,True,True,True, True,http://images.cocodataset.org/train2017/000000504747.jpg
2114,The person is behind the pizza.,behind,True,True,True, True,http://images.cocodataset.org/train2017/000000154846.jpg
2115,The cat is at the edge of the sink.,at the edge of,True,True,True, True,http://images.cocodataset.org/train2017/000000194313.jpg
2116,The parking meter is in front of the car.,in front of,True,True,True, True,http://images.cocodataset.org/train2017/000000427103.jpg
2117,The bowl is right of the hot dog.,right of,True,True,True, True,http://images.cocodataset.org/train2017/000000453907.jpg
2118,The person is on top of the horse.,on top of,True,True,True, True,http://images.cocodataset.org/train2017/000000497579.jpg
2119,The giraffe is far from the car.,far from,False,False,True, False,http://images.cocodataset.org/train2017/000000217874.jpg
2120,The bowl is in front of the apple.,in front of,True,True,True, True,http://images.cocodataset.org/train2017/000000326594.jpg
2121,The couch is touching the cat.,touching,True,True,True, True,http://images.cocodataset.org/train2017/000000480566.jpg
2122,The wine glass is at the right side of the sandwich.,at the right side of,True,True,True, True,http://images.cocodataset.org/train2017/000000268787.jpg
2123,The bus is away from the elephant.,away from,False,True,False, True,http://images.cocodataset.org/train2017/000000111819.jpg
2124,The motorcycle is parallel to the car.,parallel to,True,True,True, True,http://images.cocodataset.org/train2017/000000540187.jpg
2125,The sandwich contains the banana.,contains,False,False,True, False,http://images.cocodataset.org/train2017/000000557005.jpg
2126,The cat is inside the backpack.,inside,True,True,True, True,http://images.cocodataset.org/train2017/000000433110.jpg
2127,The toilet is under the person.,under,True,True,True, True,http://images.cocodataset.org/train2017/000000177572.jpg
2128,The donut is at the right side of the person.,at the right side of,False,False,True, False,http://images.cocodataset.org/train2017/000000248276.jpg
2129,The chair is beneath the horse.,beneath,False,False,True, False,http://images.cocodataset.org/train2017/000000042472.jpg
2130,The book is on the teddy bear.,on,False,True,False, True,http://images.cocodataset.org/train2017/000000312298.jpg
2131,The zebra is near the car.,near,True,True,True, True,http://images.cocodataset.org/train2017/000000236925.jpg
2132,The cat is on top of the laptop.,on top of,False,True,False, True,http://images.cocodataset.org/train2017/000000137412.jpg
2133,The book is in front of the teddy bear.,in front of,False,True,False, True,http://images.cocodataset.org/train2017/000000361778.jpg
2134,The umbrella is above the cat.,above,True,True,True, True,http://images.cocodataset.org/train2017/000000308221.jpg
2135,The couch is behind the person.,behind,True,True,True, True,http://images.cocodataset.org/train2017/000000090523.jpg
2136,The dining table is touching the bird.,touching,False,False,True, False,http://images.cocodataset.org/train2017/000000388905.jpg
2137,The cat is into the toilet.,into,True,True,True, True,http://images.cocodataset.org/train2017/000000116380.jpg
2138,The cat is touching the sandwich.,touching,False,False,True, False,http://images.cocodataset.org/train2017/000000318209.jpg
2139,The pizza is below the person.,below,True,True,True, True,http://images.cocodataset.org/train2017/000000208250.jpg
2140,The banana is at the right side of the cake.,at the right side of,True,True,True, True,http://images.cocodataset.org/train2017/000000285512.jpg
2141,The bed is parallel to the bicycle.,parallel to,True,True,True, True,http://images.cocodataset.org/train2017/000000002139.jpg
2142,The dining table is touching the pizza.,touching,True,True,True, True,http://images.cocodataset.org/train2017/000000328270.jpg
2143,The cake is on the keyboard.,on,False,False,True, False,http://images.cocodataset.org/train2017/000000070211.jpg
2144,The donut is touching the person.,touching,True,True,True, True,http://images.cocodataset.org/train2017/000000225828.jpg
2145,The cat is at the edge of the sink.,at the edge of,True,True,True, True,http://images.cocodataset.org/train2017/000000461300.jpg
2146,The laptop is left of the sandwich.,left of,False,False,True, False,http://images.cocodataset.org/train2017/000000028320.jpg
2147,The refrigerator is behind the cat.,behind,True,True,True, True,http://images.cocodataset.org/train2017/000000141376.jpg
2148,The cat is on top of the horse.,on top of,True,True,True, True,http://images.cocodataset.org/train2017/000000001323.jpg
2149,The oven is right of the cake.,right of,True,True,True, True,http://images.cocodataset.org/train2017/000000524196.jpg
2150,The person is far from the airplane.,far from,False,False,True, False,http://images.cocodataset.org/train2017/000000529905.jpg
2151,The bear is facing the person.,facing,False,True,False, True,http://images.cocodataset.org/train2017/000000015391.jpg
2152,The cake is touching the person.,touching,False,True,False, True,http://images.cocodataset.org/train2017/000000297326.jpg
2153,The cake is in front of the oven.,in front of,False,True,False, True,http://images.cocodataset.org/train2017/000000315768.jpg
2154,The bicycle is far away from the bus.,far away from,True,True,True, True,http://images.cocodataset.org/train2017/000000490959.jpg
2155,The dog is touching the toilet.,touching,True,True,True, True,http://images.cocodataset.org/train2017/000000039913.jpg
2156,The keyboard is touching the cat.,touching,True,True,True, True,http://images.cocodataset.org/train2017/000000431681.jpg
2157,The hot dog is in the sandwich.,in,True,True,True, True,http://images.cocodataset.org/train2017/000000054385.jpg
2158,The dog is inside the suitcase.,inside,False,True,False, True,http://images.cocodataset.org/train2017/000000157931.jpg
2159,The banana is on top of the cup.,on top of,True,True,True, True,http://images.cocodataset.org/train2017/000000326849.jpg
2160,The person is facing the dining table.,facing,True,True,True, True,http://images.cocodataset.org/train2017/000000042042.jpg
2161,The microwave is next to the cat.,next to,False,True,False, True,http://images.cocodataset.org/train2017/000000295443.jpg
2162,The dog is at the left side of the car.,at the left side of,False,True,False, True,http://images.cocodataset.org/train2017/000000160211.jpg
2163,The person is left of the dining table.,left of,False,True,False, True,http://images.cocodataset.org/train2017/000000448113.jpg
2164,The elephant is on top of the boat.,on top of,True,True,True, True,http://images.cocodataset.org/train2017/000000447927.jpg
2165,The cat is facing the laptop.,facing,True,True,True, True,http://images.cocodataset.org/train2017/000000407386.jpg
2166,The sandwich is touching the person.,touching,False,False,True, False,http://images.cocodataset.org/train2017/000000540436.jpg
2167,The couch is right of the person.,right of,False,False,True, False,http://images.cocodataset.org/train2017/000000041552.jpg
2168,The dining table is touching the dog.,touching,False,False,True, False,http://images.cocodataset.org/train2017/000000550455.jpg
2169,The cat is right of the dining table.,right of,False,True,False, True,http://images.cocodataset.org/train2017/000000320089.jpg
2170,The donut is at the side of the dining table.,at the side of,False,True,False, True,http://images.cocodataset.org/train2017/000000435620.jpg
2171,The dining table is at the right side of the teddy bear.,at the right side of,True,True,True, True,http://images.cocodataset.org/train2017/000000108484.jpg
2172,The couch is touching the person.,touching,False,False,True, False,http://images.cocodataset.org/train2017/000000280766.jpg
2173,The person is on the zebra.,on,True,True,True, True,http://images.cocodataset.org/train2017/000000509225.jpg
2174,The bed is beneath the suitcase.,beneath,False,True,False, True,http://images.cocodataset.org/train2017/000000387895.jpg
2175,The suitcase contains the cat.,contains,False,True,False, True,http://images.cocodataset.org/train2017/000000019131.jpg
2176,The couch is behind the dining table.,behind,True,True,True, True,http://images.cocodataset.org/train2017/000000201530.jpg
2177,The bowl is next to the tv.,next to,True,True,True, True,http://images.cocodataset.org/train2017/000000481407.jpg
2178,The suitcase contains the cat.,contains,True,True,True, True,http://images.cocodataset.org/train2017/000000465695.jpg
2179,The cat is in the suitcase.,in,False,True,False, True,http://images.cocodataset.org/train2017/000000031893.jpg
2180,The oven is behind the person.,behind,True,True,True, True,http://images.cocodataset.org/train2017/000000578974.jpg
2181,The airplane is far from the chair.,far from,True,True,True, True,http://images.cocodataset.org/train2017/000000557578.jpg
2182,The person is touching the cat.,touching,True,True,True, True,http://images.cocodataset.org/train2017/000000055363.jpg
2183,The bed is behind the bench.,behind,True,True,True, True,http://images.cocodataset.org/train2017/000000017921.jpg
2184,The cat is on the dining table.,on,False,False,True, False,http://images.cocodataset.org/train2017/000000009002.jpg
2185,The dog is touching the donut.,touching,True,True,True, True,http://images.cocodataset.org/train2017/000000413245.jpg
2186,The person is at the edge of the couch.,at the edge of,False,False,True, False,http://images.cocodataset.org/train2017/000000406026.jpg
2187,The person is in front of the parking meter.,in front of,False,True,False, True,http://images.cocodataset.org/train2017/000000431795.jpg
2188,The sheep is above the person.,above,True,True,True, True,http://images.cocodataset.org/val2017/000000525155.jpg
2189,The bear is facing the teddy bear.,facing,False,True,False, True,http://images.cocodataset.org/train2017/000000107571.jpg
2190,The truck is in front of the airplane.,in front of,True,True,True, True,http://images.cocodataset.org/train2017/000000135057.jpg
2191,The keyboard is above the cat.,above,False,True,False, True,http://images.cocodataset.org/train2017/000000364244.jpg
2192,The dog is by the suitcase.,by,True,True,True, True,http://images.cocodataset.org/train2017/000000106229.jpg
2193,The motorcycle is far away from the banana.,far away from,False,False,True, False,http://images.cocodataset.org/train2017/000000423875.jpg
2194,The teddy bear is close to the person.,close to,True,True,True, True,http://images.cocodataset.org/train2017/000000419467.jpg
