example_id,paired_parent_id,split,condition,intervention_axis,statement,original_statement,relation,relation_family,subject,object,ground_truth,expected_transformed_label,expected_prediction_behavior,prediction,correct,raw_output,model_id,model_revision,model_condition,adapter_path,adapter_hash,training_seed,prompt_version,parser_version,image_id,source_image_id,replacement_image_id,transformed_image_id,transform_name,transform_version,transform_metadata,shuffle_seed,generation_settings,run_id,git_commit,protocol_version
vsr_test:0000,vsr_test:0000,test,continv,semantic,The refrigerator contains the person,The person is inside the refrigerator.,inside,containment,person,refrigerator,True,True,paraphrase_law,False,False, False.,HuggingFaceTB/SmolVLM2-2.2B-Instruct,,2B_general_lora,/home/ubuntu/vlm-spatial-reasoning/checkpoints/general_lora/final,"{""README.md"": ""ac104b898b7c66967afa018a2a35f1891c473694a89d1ef0ec75f970b6294276"", ""adapter_config.json"": ""fdf92e59ea3ed8249953d17a0db788ca77710a5d2192e81c2e1b071fb5cf38ca"", ""adapter_model.safetensors"": ""80bbc0ef798307c9a9ba985b11839c35118887390de46ece6d93b70c37d3f3d9"", ""chat_template.jinja"": ""830005085ddd94cec605b6e21b885b28ffad6e3f82ee6a212c523533e8f04f01"", ""processor_config.json"": ""eb8334ab39dc42fd9c5c7dd83a9c735f130d990059d2ef1a1401f078605c949b"", ""tokenizer.json"": ""0676fc5f243ffb1aee831e5a4c75dfd9122431447c26d888380e5273fddf48dc"", ""tokenizer_config.json"": ""0705650d8ae44e0e5cd4ddf77149eaca3c273f35e6eb7d24e5605c11c4831515""}",,7f29cebb9d06eca06ad0d6c690e4d5a083b71a9c42008f88e92474e3ff0eb98a,eb4075c77285da02c52794154760fa969fb21ab3dcceb0820cb7d2ba27d27471,http://images.cocodataset.org/train2017/000000451431.jpg,http://images.cocodataset.org/train2017/000000451431.jpg,,http://images.cocodataset.org/train2017/000000451431.jpg,continv,tier_b_v0.1,"{""axis"": ""semantic"", ""inverse_relation"": ""contains"", ""law"": ""paraphrase_law"", ""note"": ""containment inverse paraphrase; truth preserved"", ""original_relation"": ""inside"", ""transform"": ""continv""}",,"{""do_sample"": false, ""max_new_tokens"": 5}",tier_b_r1_2b_full,5cc3a4f64f0d09e02b3a49ba7234826aa61d42c9,v0.1
vsr_test:0004,vsr_test:0004,test,continv,semantic,The truck contains the elephant,The elephant is inside the truck.,inside,containment,elephant,truck,False,False,paraphrase_law,False,True, False.,HuggingFaceTB/SmolVLM2-2.2B-Instruct,,2B_general_lora,/home/ubuntu/vlm-spatial-reasoning/checkpoints/general_lora/final,"{""README.md"": ""ac104b898b7c66967afa018a2a35f1891c473694a89d1ef0ec75f970b6294276"", ""adapter_config.json"": ""fdf92e59ea3ed8249953d17a0db788ca77710a5d2192e81c2e1b071fb5cf38ca"", ""adapter_model.safetensors"": ""80bbc0ef798307c9a9ba985b11839c35118887390de46ece6d93b70c37d3f3d9"", ""chat_template.jinja"": ""830005085ddd94cec605b6e21b885b28ffad6e3f82ee6a212c523533e8f04f01"", ""processor_config.json"": ""eb8334ab39dc42fd9c5c7dd83a9c735f130d990059d2ef1a1401f078605c949b"", ""tokenizer.json"": ""0676fc5f243ffb1aee831e5a4c75dfd9122431447c26d888380e5273fddf48dc"", ""tokenizer_config.json"": ""0705650d8ae44e0e5cd4ddf77149eaca3c273f35e6eb7d24e5605c11c4831515""}",,7f29cebb9d06eca06ad0d6c690e4d5a083b71a9c42008f88e92474e3ff0eb98a,eb4075c77285da02c52794154760fa969fb21ab3dcceb0820cb7d2ba27d27471,http://images.cocodataset.org/train2017/000000294749.jpg,http://images.cocodataset.org/train2017/000000294749.jpg,,http://images.cocodataset.org/train2017/000000294749.jpg,continv,tier_b_v0.1,"{""axis"": ""semantic"", ""inverse_relation"": ""contains"", ""law"": ""paraphrase_law"", ""note"": ""containment inverse paraphrase; truth preserved"", ""original_relation"": ""inside"", ""transform"": ""continv""}",,"{""do_sample"": false, ""max_new_tokens"": 5}",tier_b_r1_2b_full,5cc3a4f64f0d09e02b3a49ba7234826aa61d42c9,v0.1
vsr_test:0013,vsr_test:0013,test,continv,semantic,The vase contains the cat,The cat is inside the vase.,inside,containment,cat,vase,True,True,paraphrase_law,True,True, True.,HuggingFaceTB/SmolVLM2-2.2B-Instruct,,2B_general_lora,/home/ubuntu/vlm-spatial-reasoning/checkpoints/general_lora/final,"{""README.md"": ""ac104b898b7c66967afa018a2a35f1891c473694a89d1ef0ec75f970b6294276"", ""adapter_config.json"": ""fdf92e59ea3ed8249953d17a0db788ca77710a5d2192e81c2e1b071fb5cf38ca"", ""adapter_model.safetensors"": ""80bbc0ef798307c9a9ba985b11839c35118887390de46ece6d93b70c37d3f3d9"", ""chat_template.jinja"": ""830005085ddd94cec605b6e21b885b28ffad6e3f82ee6a212c523533e8f04f01"", ""processor_config.json"": ""eb8334ab39dc42fd9c5c7dd83a9c735f130d990059d2ef1a1401f078605c949b"", ""tokenizer.json"": ""0676fc5f243ffb1aee831e5a4c75dfd9122431447c26d888380e5273fddf48dc"", ""tokenizer_config.json"": ""0705650d8ae44e0e5cd4ddf77149eaca3c273f35e6eb7d24e5605c11c4831515""}",,7f29cebb9d06eca06ad0d6c690e4d5a083b71a9c42008f88e92474e3ff0eb98a,eb4075c77285da02c52794154760fa969fb21ab3dcceb0820cb7d2ba27d27471,http://images.cocodataset.org/train2017/000000261225.jpg,http://images.cocodataset.org/train2017/000000261225.jpg,,http://images.cocodataset.org/train2017/000000261225.jpg,continv,tier_b_v0.1,"{""axis"": ""semantic"", ""inverse_relation"": ""contains"", ""law"": ""paraphrase_law"", ""note"": ""containment inverse paraphrase; truth preserved"", ""original_relation"": ""inside"", ""transform"": ""continv""}",,"{""do_sample"": false, ""max_new_tokens"": 5}",tier_b_r1_2b_full,5cc3a4f64f0d09e02b3a49ba7234826aa61d42c9,v0.1
vsr_test:0015,vsr_test:0015,test,continv,semantic,The apple is in the bowl,The bowl contains the apple.,contains,containment,bowl,apple,False,False,paraphrase_law,False,True, False.,HuggingFaceTB/SmolVLM2-2.2B-Instruct,,2B_general_lora,/home/ubuntu/vlm-spatial-reasoning/checkpoints/general_lora/final,"{""README.md"": ""ac104b898b7c66967afa018a2a35f1891c473694a89d1ef0ec75f970b6294276"", ""adapter_config.json"": ""fdf92e59ea3ed8249953d17a0db788ca77710a5d2192e81c2e1b071fb5cf38ca"", ""adapter_model.safetensors"": ""80bbc0ef798307c9a9ba985b11839c35118887390de46ece6d93b70c37d3f3d9"", ""chat_template.jinja"": ""830005085ddd94cec605b6e21b885b28ffad6e3f82ee6a212c523533e8f04f01"", ""processor_config.json"": ""eb8334ab39dc42fd9c5c7dd83a9c735f130d990059d2ef1a1401f078605c949b"", ""tokenizer.json"": ""0676fc5f243ffb1aee831e5a4c75dfd9122431447c26d888380e5273fddf48dc"", ""tokenizer_config.json"": ""0705650d8ae44e0e5cd4ddf77149eaca3c273f35e6eb7d24e5605c11c4831515""}",,7f29cebb9d06eca06ad0d6c690e4d5a083b71a9c42008f88e92474e3ff0eb98a,eb4075c77285da02c52794154760fa969fb21ab3dcceb0820cb7d2ba27d27471,http://images.cocodataset.org/val2017/000000407825.jpg,http://images.cocodataset.org/val2017/000000407825.jpg,,http://images.cocodataset.org/val2017/000000407825.jpg,continv,tier_b_v0.1,"{""axis"": ""semantic"", ""inverse_relation"": ""in"", ""law"": ""paraphrase_law"", ""note"": ""containment inverse paraphrase; truth preserved"", ""original_relation"": ""contains"", ""transform"": ""continv""}",,"{""do_sample"": false, ""max_new_tokens"": 5}",tier_b_r1_2b_full,5cc3a4f64f0d09e02b3a49ba7234826aa61d42c9,v0.1
vsr_test:0018,vsr_test:0018,test,continv,semantic,The banana is in the bowl,The bowl contains the banana.,contains,containment,bowl,banana,False,False,paraphrase_law,False,True, False.,HuggingFaceTB/SmolVLM2-2.2B-Instruct,,2B_general_lora,/home/ubuntu/vlm-spatial-reasoning/checkpoints/general_lora/final,"{""README.md"": ""ac104b898b7c66967afa018a2a35f1891c473694a89d1ef0ec75f970b6294276"", ""adapter_config.json"": ""fdf92e59ea3ed8249953d17a0db788ca77710a5d2192e81c2e1b071fb5cf38ca"", ""adapter_model.safetensors"": ""80bbc0ef798307c9a9ba985b11839c35118887390de46ece6d93b70c37d3f3d9"", ""chat_template.jinja"": ""830005085ddd94cec605b6e21b885b28ffad6e3f82ee6a212c523533e8f04f01"", ""processor_config.json"": ""eb8334ab39dc42fd9c5c7dd83a9c735f130d990059d2ef1a1401f078605c949b"", ""tokenizer.json"": ""0676fc5f243ffb1aee831e5a4c75dfd9122431447c26d888380e5273fddf48dc"", ""tokenizer_config.json"": ""0705650d8ae44e0e5cd4ddf77149eaca3c273f35e6eb7d24e5605c11c4831515""}",,7f29cebb9d06eca06ad0d6c690e4d5a083b71a9c42008f88e92474e3ff0eb98a,eb4075c77285da02c52794154760fa969fb21ab3dcceb0820cb7d2ba27d27471,http://images.cocodataset.org/train2017/000000266622.jpg,http://images.cocodataset.org/train2017/000000266622.jpg,,http://images.cocodataset.org/train2017/000000266622.jpg,continv,tier_b_v0.1,"{""axis"": ""semantic"", ""inverse_relation"": ""in"", ""law"": ""paraphrase_law"", ""note"": ""containment inverse paraphrase; truth preserved"", ""original_relation"": ""contains"", ""transform"": ""continv""}",,"{""do_sample"": false, ""max_new_tokens"": 5}",tier_b_r1_2b_full,5cc3a4f64f0d09e02b3a49ba7234826aa61d42c9,v0.1
vsr_test:0021,vsr_test:0021,test,continv,semantic,The train contains the toilet,The toilet is in the train.,in,containment,toilet,train,False,False,paraphrase_law,False,True, False.,HuggingFaceTB/SmolVLM2-2.2B-Instruct,,2B_general_lora,/home/ubuntu/vlm-spatial-reasoning/checkpoints/general_lora/final,"{""README.md"": ""ac104b898b7c66967afa018a2a35f1891c473694a89d1ef0ec75f970b6294276"", ""adapter_config.json"": ""fdf92e59ea3ed8249953d17a0db788ca77710a5d2192e81c2e1b071fb5cf38ca"", ""adapter_model.safetensors"": ""80bbc0ef798307c9a9ba985b11839c35118887390de46ece6d93b70c37d3f3d9"", ""chat_template.jinja"": ""830005085ddd94cec605b6e21b885b28ffad6e3f82ee6a212c523533e8f04f01"", ""processor_config.json"": ""eb8334ab39dc42fd9c5c7dd83a9c735f130d990059d2ef1a1401f078605c949b"", ""tokenizer.json"": ""0676fc5f243ffb1aee831e5a4c75dfd9122431447c26d888380e5273fddf48dc"", ""tokenizer_config.json"": ""0705650d8ae44e0e5cd4ddf77149eaca3c273f35e6eb7d24e5605c11c4831515""}",,7f29cebb9d06eca06ad0d6c690e4d5a083b71a9c42008f88e92474e3ff0eb98a,eb4075c77285da02c52794154760fa969fb21ab3dcceb0820cb7d2ba27d27471,http://images.cocodataset.org/train2017/000000391774.jpg,http://images.cocodataset.org/train2017/000000391774.jpg,,http://images.cocodataset.org/train2017/000000391774.jpg,continv,tier_b_v0.1,"{""axis"": ""semantic"", ""inverse_relation"": ""contains"", ""law"": ""paraphrase_law"", ""note"": ""containment inverse paraphrase; truth preserved"", ""original_relation"": ""in"", ""transform"": ""continv""}",,"{""do_sample"": false, ""max_new_tokens"": 5}",tier_b_r1_2b_full,5cc3a4f64f0d09e02b3a49ba7234826aa61d42c9,v0.1
vsr_test:0038,vsr_test:0038,test,continv,semantic,The bicycle is in the train,The train contains the bicycle.,contains,containment,train,bicycle,True,True,paraphrase_law,True,True, True.,HuggingFaceTB/SmolVLM2-2.2B-Instruct,,2B_general_lora,/home/ubuntu/vlm-spatial-reasoning/checkpoints/general_lora/final,"{""README.md"": ""ac104b898b7c66967afa018a2a35f1891c473694a89d1ef0ec75f970b6294276"", ""adapter_config.json"": ""fdf92e59ea3ed8249953d17a0db788ca77710a5d2192e81c2e1b071fb5cf38ca"", ""adapter_model.safetensors"": ""80bbc0ef798307c9a9ba985b11839c35118887390de46ece6d93b70c37d3f3d9"", ""chat_template.jinja"": ""830005085ddd94cec605b6e21b885b28ffad6e3f82ee6a212c523533e8f04f01"", ""processor_config.json"": ""eb8334ab39dc42fd9c5c7dd83a9c735f130d990059d2ef1a1401f078605c949b"", ""tokenizer.json"": ""0676fc5f243ffb1aee831e5a4c75dfd9122431447c26d888380e5273fddf48dc"", ""tokenizer_config.json"": ""0705650d8ae44e0e5cd4ddf77149eaca3c273f35e6eb7d24e5605c11c4831515""}",,7f29cebb9d06eca06ad0d6c690e4d5a083b71a9c42008f88e92474e3ff0eb98a,eb4075c77285da02c52794154760fa969fb21ab3dcceb0820cb7d2ba27d27471,http://images.cocodataset.org/train2017/000000344271.jpg,http://images.cocodataset.org/train2017/000000344271.jpg,,http://images.cocodataset.org/train2017/000000344271.jpg,continv,tier_b_v0.1,"{""axis"": ""semantic"", ""inverse_relation"": ""in"", ""law"": ""paraphrase_law"", ""note"": ""containment inverse paraphrase; truth preserved"", ""original_relation"": ""contains"", ""transform"": ""continv""}",,"{""do_sample"": false, ""max_new_tokens"": 5}",tier_b_r1_2b_full,5cc3a4f64f0d09e02b3a49ba7234826aa61d42c9,v0.1
vsr_test:0040,vsr_test:0040,test,continv,semantic,The tv contains the boat,The boat is in the tv.,in,containment,boat,tv,False,False,paraphrase_law,False,True, False.,HuggingFaceTB/SmolVLM2-2.2B-Instruct,,2B_general_lora,/home/ubuntu/vlm-spatial-reasoning/checkpoints/general_lora/final,"{""README.md"": ""ac104b898b7c66967afa018a2a35f1891c473694a89d1ef0ec75f970b6294276"", ""adapter_config.json"": ""fdf92e59ea3ed8249953d17a0db788ca77710a5d2192e81c2e1b071fb5cf38ca"", ""adapter_model.safetensors"": ""80bbc0ef798307c9a9ba985b11839c35118887390de46ece6d93b70c37d3f3d9"", ""chat_template.jinja"": ""830005085ddd94cec605b6e21b885b28ffad6e3f82ee6a212c523533e8f04f01"", ""processor_config.json"": ""eb8334ab39dc42fd9c5c7dd83a9c735f130d990059d2ef1a1401f078605c949b"", ""tokenizer.json"": ""0676fc5f243ffb1aee831e5a4c75dfd9122431447c26d888380e5273fddf48dc"", ""tokenizer_config.json"": ""0705650d8ae44e0e5cd4ddf77149eaca3c273f35e6eb7d24e5605c11c4831515""}",,7f29cebb9d06eca06ad0d6c690e4d5a083b71a9c42008f88e92474e3ff0eb98a,eb4075c77285da02c52794154760fa969fb21ab3dcceb0820cb7d2ba27d27471,http://images.cocodataset.org/train2017/000000024215.jpg,http://images.cocodataset.org/train2017/000000024215.jpg,,http://images.cocodataset.org/train2017/000000024215.jpg,continv,tier_b_v0.1,"{""axis"": ""semantic"", ""inverse_relation"": ""contains"", ""law"": ""paraphrase_law"", ""note"": ""containment inverse paraphrase; truth preserved"", ""original_relation"": ""in"", ""transform"": ""continv""}",,"{""do_sample"": false, ""max_new_tokens"": 5}",tier_b_r1_2b_full,5cc3a4f64f0d09e02b3a49ba7234826aa61d42c9,v0.1
vsr_test:0050,vsr_test:0050,test,continv,semantic,The tv is in the cow,The cow contains the tv.,contains,containment,cow,tv,True,True,paraphrase_law,True,True, True.,HuggingFaceTB/SmolVLM2-2.2B-Instruct,,2B_general_lora,/home/ubuntu/vlm-spatial-reasoning/checkpoints/general_lora/final,"{""README.md"": ""ac104b898b7c66967afa018a2a35f1891c473694a89d1ef0ec75f970b6294276"", ""adapter_config.json"": ""fdf92e59ea3ed8249953d17a0db788ca77710a5d2192e81c2e1b071fb5cf38ca"", ""adapter_model.safetensors"": ""80bbc0ef798307c9a9ba985b11839c35118887390de46ece6d93b70c37d3f3d9"", ""chat_template.jinja"": ""830005085ddd94cec605b6e21b885b28ffad6e3f82ee6a212c523533e8f04f01"", ""processor_config.json"": ""eb8334ab39dc42fd9c5c7dd83a9c735f130d990059d2ef1a1401f078605c949b"", ""tokenizer.json"": ""0676fc5f243ffb1aee831e5a4c75dfd9122431447c26d888380e5273fddf48dc"", ""tokenizer_config.json"": ""0705650d8ae44e0e5cd4ddf77149eaca3c273f35e6eb7d24e5605c11c4831515""}",,7f29cebb9d06eca06ad0d6c690e4d5a083b71a9c42008f88e92474e3ff0eb98a,eb4075c77285da02c52794154760fa969fb21ab3dcceb0820cb7d2ba27d27471,http://images.cocodataset.org/val2017/000000180383.jpg,http://images.cocodataset.org/val2017/000000180383.jpg,,http://images.cocodataset.org/val2017/000000180383.jpg,continv,tier_b_v0.1,"{""axis"": ""semantic"", ""inverse_relation"": ""in"", ""law"": ""paraphrase_law"", ""note"": ""containment inverse paraphrase; truth preserved"", ""original_relation"": ""contains"", ""transform"": ""continv""}",,"{""do_sample"": false, ""max_new_tokens"": 5}",tier_b_r1_2b_full,5cc3a4f64f0d09e02b3a49ba7234826aa61d42c9,v0.1
vsr_test:0052,vsr_test:0052,test,continv,semantic,The toilet contains the cat,The cat is in the toilet.,in,containment,cat,toilet,False,False,paraphrase_law,False,True, False.,HuggingFaceTB/SmolVLM2-2.2B-Instruct,,2B_general_lora,/home/ubuntu/vlm-spatial-reasoning/checkpoints/general_lora/final,"{""README.md"": ""ac104b898b7c66967afa018a2a35f1891c473694a89d1ef0ec75f970b6294276"", ""adapter_config.json"": ""fdf92e59ea3ed8249953d17a0db788ca77710a5d2192e81c2e1b071fb5cf38ca"", ""adapter_model.safetensors"": ""80bbc0ef798307c9a9ba985b11839c35118887390de46ece6d93b70c37d3f3d9"", ""chat_template.jinja"": ""830005085ddd94cec605b6e21b885b28ffad6e3f82ee6a212c523533e8f04f01"", ""processor_config.json"": ""eb8334ab39dc42fd9c5c7dd83a9c735f130d990059d2ef1a1401f078605c949b"", ""tokenizer.json"": ""0676fc5f243ffb1aee831e5a4c75dfd9122431447c26d888380e5273fddf48dc"", ""tokenizer_config.json"": ""0705650d8ae44e0e5cd4ddf77149eaca3c273f35e6eb7d24e5605c11c4831515""}",,7f29cebb9d06eca06ad0d6c690e4d5a083b71a9c42008f88e92474e3ff0eb98a,eb4075c77285da02c52794154760fa969fb21ab3dcceb0820cb7d2ba27d27471,http://images.cocodataset.org/train2017/000000225322.jpg,http://images.cocodataset.org/train2017/000000225322.jpg,,http://images.cocodataset.org/train2017/000000225322.jpg,continv,tier_b_v0.1,"{""axis"": ""semantic"", ""inverse_relation"": ""contains"", ""law"": ""paraphrase_law"", ""note"": ""containment inverse paraphrase; truth preserved"", ""original_relation"": ""in"", ""transform"": ""continv""}",,"{""do_sample"": false, ""max_new_tokens"": 5}",tier_b_r1_2b_full,5cc3a4f64f0d09e02b3a49ba7234826aa61d42c9,v0.1
vsr_test:0057,vsr_test:0057,test,continv,semantic,The dog is in the bus,The bus contains the dog.,contains,containment,bus,dog,False,False,paraphrase_law,False,True, False.,HuggingFaceTB/SmolVLM2-2.2B-Instruct,,2B_general_lora,/home/ubuntu/vlm-spatial-reasoning/checkpoints/general_lora/final,"{""README.md"": ""ac104b898b7c66967afa018a2a35f1891c473694a89d1ef0ec75f970b6294276"", ""adapter_config.json"": ""fdf92e59ea3ed8249953d17a0db788ca77710a5d2192e81c2e1b071fb5cf38ca"", ""adapter_model.safetensors"": ""80bbc0ef798307c9a9ba985b11839c35118887390de46ece6d93b70c37d3f3d9"", ""chat_template.jinja"": ""830005085ddd94cec605b6e21b885b28ffad6e3f82ee6a212c523533e8f04f01"", ""processor_config.json"": ""eb8334ab39dc42fd9c5c7dd83a9c735f130d990059d2ef1a1401f078605c949b"", ""tokenizer.json"": ""0676fc5f243ffb1aee831e5a4c75dfd9122431447c26d888380e5273fddf48dc"", ""tokenizer_config.json"": ""0705650d8ae44e0e5cd4ddf77149eaca3c273f35e6eb7d24e5605c11c4831515""}",,7f29cebb9d06eca06ad0d6c690e4d5a083b71a9c42008f88e92474e3ff0eb98a,eb4075c77285da02c52794154760fa969fb21ab3dcceb0820cb7d2ba27d27471,http://images.cocodataset.org/train2017/000000569177.jpg,http://images.cocodataset.org/train2017/000000569177.jpg,,http://images.cocodataset.org/train2017/000000569177.jpg,continv,tier_b_v0.1,"{""axis"": ""semantic"", ""inverse_relation"": ""in"", ""law"": ""paraphrase_law"", ""note"": ""containment inverse paraphrase; truth preserved"", ""original_relation"": ""contains"", ""transform"": ""continv""}",,"{""do_sample"": false, ""max_new_tokens"": 5}",tier_b_r1_2b_full,5cc3a4f64f0d09e02b3a49ba7234826aa61d42c9,v0.1
vsr_test:0062,vsr_test:0062,test,continv,semantic,The car contains the teddy bear,The teddy bear is in the car.,in,containment,teddy bear,car,True,True,paraphrase_law,True,True, True.,HuggingFaceTB/SmolVLM2-2.2B-Instruct,,2B_general_lora,/home/ubuntu/vlm-spatial-reasoning/checkpoints/general_lora/final,"{""README.md"": ""ac104b898b7c66967afa018a2a35f1891c473694a89d1ef0ec75f970b6294276"", ""adapter_config.json"": ""fdf92e59ea3ed8249953d17a0db788ca77710a5d2192e81c2e1b071fb5cf38ca"", ""adapter_model.safetensors"": ""80bbc0ef798307c9a9ba985b11839c35118887390de46ece6d93b70c37d3f3d9"", ""chat_template.jinja"": ""830005085ddd94cec605b6e21b885b28ffad6e3f82ee6a212c523533e8f04f01"", ""processor_config.json"": ""eb8334ab39dc42fd9c5c7dd83a9c735f130d990059d2ef1a1401f078605c949b"", ""tokenizer.json"": ""0676fc5f243ffb1aee831e5a4c75dfd9122431447c26d888380e5273fddf48dc"", ""tokenizer_config.json"": ""0705650d8ae44e0e5cd4ddf77149eaca3c273f35e6eb7d24e5605c11c4831515""}",,7f29cebb9d06eca06ad0d6c690e4d5a083b71a9c42008f88e92474e3ff0eb98a,eb4075c77285da02c52794154760fa969fb21ab3dcceb0820cb7d2ba27d27471,http://images.cocodataset.org/train2017/000000274657.jpg,http://images.cocodataset.org/train2017/000000274657.jpg,,http://images.cocodataset.org/train2017/000000274657.jpg,continv,tier_b_v0.1,"{""axis"": ""semantic"", ""inverse_relation"": ""contains"", ""law"": ""paraphrase_law"", ""note"": ""containment inverse paraphrase; truth preserved"", ""original_relation"": ""in"", ""transform"": ""continv""}",,"{""do_sample"": false, ""max_new_tokens"": 5}",tier_b_r1_2b_full,5cc3a4f64f0d09e02b3a49ba7234826aa61d42c9,v0.1
vsr_test:0065,vsr_test:0065,test,continv,semantic,The dog is in the car,The car contains the dog.,contains,containment,car,dog,False,False,paraphrase_law,False,True, False.,HuggingFaceTB/SmolVLM2-2.2B-Instruct,,2B_general_lora,/home/ubuntu/vlm-spatial-reasoning/checkpoints/general_lora/final,"{""README.md"": ""ac104b898b7c66967afa018a2a35f1891c473694a89d1ef0ec75f970b6294276"", ""adapter_config.json"": ""fdf92e59ea3ed8249953d17a0db788ca77710a5d2192e81c2e1b071fb5cf38ca"", ""adapter_model.safetensors"": ""80bbc0ef798307c9a9ba985b11839c35118887390de46ece6d93b70c37d3f3d9"", ""chat_template.jinja"": ""830005085ddd94cec605b6e21b885b28ffad6e3f82ee6a212c523533e8f04f01"", ""processor_config.json"": ""eb8334ab39dc42fd9c5c7dd83a9c735f130d990059d2ef1a1401f078605c949b"", ""tokenizer.json"": ""0676fc5f243ffb1aee831e5a4c75dfd9122431447c26d888380e5273fddf48dc"", ""tokenizer_config.json"": ""0705650d8ae44e0e5cd4ddf77149eaca3c273f35e6eb7d24e5605c11c4831515""}",,7f29cebb9d06eca06ad0d6c690e4d5a083b71a9c42008f88e92474e3ff0eb98a,eb4075c77285da02c52794154760fa969fb21ab3dcceb0820cb7d2ba27d27471,http://images.cocodataset.org/train2017/000000374922.jpg,http://images.cocodataset.org/train2017/000000374922.jpg,,http://images.cocodataset.org/train2017/000000374922.jpg,continv,tier_b_v0.1,"{""axis"": ""semantic"", ""inverse_relation"": ""in"", ""law"": ""paraphrase_law"", ""note"": ""containment inverse paraphrase; truth preserved"", ""original_relation"": ""contains"", ""transform"": ""continv""}",,"{""do_sample"": false, ""max_new_tokens"": 5}",tier_b_r1_2b_full,5cc3a4f64f0d09e02b3a49ba7234826aa61d42c9,v0.1
vsr_test:0079,vsr_test:0079,test,continv,semantic,The dog contains the pizza,The pizza is in the dog.,in,containment,pizza,dog,True,True,paraphrase_law,True,True, True.,HuggingFaceTB/SmolVLM2-2.2B-Instruct,,2B_general_lora,/home/ubuntu/vlm-spatial-reasoning/checkpoints/general_lora/final,"{""README.md"": ""ac104b898b7c66967afa018a2a35f1891c473694a89d1ef0ec75f970b6294276"", ""adapter_config.json"": ""fdf92e59ea3ed8249953d17a0db788ca77710a5d2192e81c2e1b071fb5cf38ca"", ""adapter_model.safetensors"": ""80bbc0ef798307c9a9ba985b11839c35118887390de46ece6d93b70c37d3f3d9"", ""chat_template.jinja"": ""830005085ddd94cec605b6e21b885b28ffad6e3f82ee6a212c523533e8f04f01"", ""processor_config.json"": ""eb8334ab39dc42fd9c5c7dd83a9c735f130d990059d2ef1a1401f078605c949b"", ""tokenizer.json"": ""0676fc5f243ffb1aee831e5a4c75dfd9122431447c26d888380e5273fddf48dc"", ""tokenizer_config.json"": ""0705650d8ae44e0e5cd4ddf77149eaca3c273f35e6eb7d24e5605c11c4831515""}",,7f29cebb9d06eca06ad0d6c690e4d5a083b71a9c42008f88e92474e3ff0eb98a,eb4075c77285da02c52794154760fa969fb21ab3dcceb0820cb7d2ba27d27471,http://images.cocodataset.org/train2017/000000091057.jpg,http://images.cocodataset.org/train2017/000000091057.jpg,,http://images.cocodataset.org/train2017/000000091057.jpg,continv,tier_b_v0.1,"{""axis"": ""semantic"", ""inverse_relation"": ""contains"", ""law"": ""paraphrase_law"", ""note"": ""containment inverse paraphrase; truth preserved"", ""original_relation"": ""in"", ""transform"": ""continv""}",,"{""do_sample"": false, ""max_new_tokens"": 5}",tier_b_r1_2b_full,5cc3a4f64f0d09e02b3a49ba7234826aa61d42c9,v0.1
vsr_test:0083,vsr_test:0083,test,continv,semantic,The boat contains the person,The person is inside the boat.,inside,containment,person,boat,True,True,paraphrase_law,True,True, True.,HuggingFaceTB/SmolVLM2-2.2B-Instruct,,2B_general_lora,/home/ubuntu/vlm-spatial-reasoning/checkpoints/general_lora/final,"{""README.md"": ""ac104b898b7c66967afa018a2a35f1891c473694a89d1ef0ec75f970b6294276"", ""adapter_config.json"": ""fdf92e59ea3ed8249953d17a0db788ca77710a5d2192e81c2e1b071fb5cf38ca"", ""adapter_model.safetensors"": ""80bbc0ef798307c9a9ba985b11839c35118887390de46ece6d93b70c37d3f3d9"", ""chat_template.jinja"": ""830005085ddd94cec605b6e21b885b28ffad6e3f82ee6a212c523533e8f04f01"", ""processor_config.json"": ""eb8334ab39dc42fd9c5c7dd83a9c735f130d990059d2ef1a1401f078605c949b"", ""tokenizer.json"": ""0676fc5f243ffb1aee831e5a4c75dfd9122431447c26d888380e5273fddf48dc"", ""tokenizer_config.json"": ""0705650d8ae44e0e5cd4ddf77149eaca3c273f35e6eb7d24e5605c11c4831515""}",,7f29cebb9d06eca06ad0d6c690e4d5a083b71a9c42008f88e92474e3ff0eb98a,eb4075c77285da02c52794154760fa969fb21ab3dcceb0820cb7d2ba27d27471,http://images.cocodataset.org/train2017/000000450711.jpg,http://images.cocodataset.org/train2017/000000450711.jpg,,http://images.cocodataset.org/train2017/000000450711.jpg,continv,tier_b_v0.1,"{""axis"": ""semantic"", ""inverse_relation"": ""contains"", ""law"": ""paraphrase_law"", ""note"": ""containment inverse paraphrase; truth preserved"", ""original_relation"": ""inside"", ""transform"": ""continv""}",,"{""do_sample"": false, ""max_new_tokens"": 5}",tier_b_r1_2b_full,5cc3a4f64f0d09e02b3a49ba7234826aa61d42c9,v0.1
vsr_test:0088,vsr_test:0088,test,continv,semantic,The train contains the laptop,The laptop is inside the train.,inside,containment,laptop,train,True,True,paraphrase_law,True,True, True.,HuggingFaceTB/SmolVLM2-2.2B-Instruct,,2B_general_lora,/home/ubuntu/vlm-spatial-reasoning/checkpoints/general_lora/final,"{""README.md"": ""ac104b898b7c66967afa018a2a35f1891c473694a89d1ef0ec75f970b6294276"", ""adapter_config.json"": ""fdf92e59ea3ed8249953d17a0db788ca77710a5d2192e81c2e1b071fb5cf38ca"", ""adapter_model.safetensors"": ""80bbc0ef798307c9a9ba985b11839c35118887390de46ece6d93b70c37d3f3d9"", ""chat_template.jinja"": ""830005085ddd94cec605b6e21b885b28ffad6e3f82ee6a212c523533e8f04f01"", ""processor_config.json"": ""eb8334ab39dc42fd9c5c7dd83a9c735f130d990059d2ef1a1401f078605c949b"", ""tokenizer.json"": ""0676fc5f243ffb1aee831e5a4c75dfd9122431447c26d888380e5273fddf48dc"", ""tokenizer_config.json"": ""0705650d8ae44e0e5cd4ddf77149eaca3c273f35e6eb7d24e5605c11c4831515""}",,7f29cebb9d06eca06ad0d6c690e4d5a083b71a9c42008f88e92474e3ff0eb98a,eb4075c77285da02c52794154760fa969fb21ab3dcceb0820cb7d2ba27d27471,http://images.cocodataset.org/train2017/000000224670.jpg,http://images.cocodataset.org/train2017/000000224670.jpg,,http://images.cocodataset.org/train2017/000000224670.jpg,continv,tier_b_v0.1,"{""axis"": ""semantic"", ""inverse_relation"": ""contains"", ""law"": ""paraphrase_law"", ""note"": ""containment inverse paraphrase; truth preserved"", ""original_relation"": ""inside"", ""transform"": ""continv""}",,"{""do_sample"": false, ""max_new_tokens"": 5}",tier_b_r1_2b_full,5cc3a4f64f0d09e02b3a49ba7234826aa61d42c9,v0.1
vsr_test:0092,vsr_test:0092,test,continv,semantic,The car contains the dog,The dog is in the car.,in,containment,dog,car,True,True,paraphrase_law,True,True, True.,HuggingFaceTB/SmolVLM2-2.2B-Instruct,,2B_general_lora,/home/ubuntu/vlm-spatial-reasoning/checkpoints/general_lora/final,"{""README.md"": ""ac104b898b7c66967afa018a2a35f1891c473694a89d1ef0ec75f970b6294276"", ""adapter_config.json"": ""fdf92e59ea3ed8249953d17a0db788ca77710a5d2192e81c2e1b071fb5cf38ca"", ""adapter_model.safetensors"": ""80bbc0ef798307c9a9ba985b11839c35118887390de46ece6d93b70c37d3f3d9"", ""chat_template.jinja"": ""830005085ddd94cec605b6e21b885b28ffad6e3f82ee6a212c523533e8f04f01"", ""processor_config.json"": ""eb8334ab39dc42fd9c5c7dd83a9c735f130d990059d2ef1a1401f078605c949b"", ""tokenizer.json"": ""0676fc5f243ffb1aee831e5a4c75dfd9122431447c26d888380e5273fddf48dc"", ""tokenizer_config.json"": ""0705650d8ae44e0e5cd4ddf77149eaca3c273f35e6eb7d24e5605c11c4831515""}",,7f29cebb9d06eca06ad0d6c690e4d5a083b71a9c42008f88e92474e3ff0eb98a,eb4075c77285da02c52794154760fa969fb21ab3dcceb0820cb7d2ba27d27471,http://images.cocodataset.org/val2017/000000151962.jpg,http://images.cocodataset.org/val2017/000000151962.jpg,,http://images.cocodataset.org/val2017/000000151962.jpg,continv,tier_b_v0.1,"{""axis"": ""semantic"", ""inverse_relation"": ""contains"", ""law"": ""paraphrase_law"", ""note"": ""containment inverse paraphrase; truth preserved"", ""original_relation"": ""in"", ""transform"": ""continv""}",,"{""do_sample"": false, ""max_new_tokens"": 5}",tier_b_r1_2b_full,5cc3a4f64f0d09e02b3a49ba7234826aa61d42c9,v0.1
vsr_test:0101,vsr_test:0101,test,continv,semantic,The sink contains the cat,The cat is in the sink.,in,containment,cat,sink,False,False,paraphrase_law,False,True, False.,HuggingFaceTB/SmolVLM2-2.2B-Instruct,,2B_general_lora,/home/ubuntu/vlm-spatial-reasoning/checkpoints/general_lora/final,"{""README.md"": ""ac104b898b7c66967afa018a2a35f1891c473694a89d1ef0ec75f970b6294276"", ""adapter_config.json"": ""fdf92e59ea3ed8249953d17a0db788ca77710a5d2192e81c2e1b071fb5cf38ca"", ""adapter_model.safetensors"": ""80bbc0ef798307c9a9ba985b11839c35118887390de46ece6d93b70c37d3f3d9"", ""chat_template.jinja"": ""830005085ddd94cec605b6e21b885b28ffad6e3f82ee6a212c523533e8f04f01"", ""processor_config.json"": ""eb8334ab39dc42fd9c5c7dd83a9c735f130d990059d2ef1a1401f078605c949b"", ""tokenizer.json"": ""0676fc5f243ffb1aee831e5a4c75dfd9122431447c26d888380e5273fddf48dc"", ""tokenizer_config.json"": ""0705650d8ae44e0e5cd4ddf77149eaca3c273f35e6eb7d24e5605c11c4831515""}",,7f29cebb9d06eca06ad0d6c690e4d5a083b71a9c42008f88e92474e3ff0eb98a,eb4075c77285da02c52794154760fa969fb21ab3dcceb0820cb7d2ba27d27471,http://images.cocodataset.org/train2017/000000018819.jpg,http://images.cocodataset.org/train2017/000000018819.jpg,,http://images.cocodataset.org/train2017/000000018819.jpg,continv,tier_b_v0.1,"{""axis"": ""semantic"", ""inverse_relation"": ""contains"", ""law"": ""paraphrase_law"", ""note"": ""containment inverse paraphrase; truth preserved"", ""original_relation"": ""in"", ""transform"": ""continv""}",,"{""do_sample"": false, ""max_new_tokens"": 5}",tier_b_r1_2b_full,5cc3a4f64f0d09e02b3a49ba7234826aa61d42c9,v0.1
vsr_test:0102,vsr_test:0102,test,continv,semantic,The dog is in the refrigerator,The refrigerator contains the dog.,contains,containment,refrigerator,dog,True,True,paraphrase_law,True,True, True.,HuggingFaceTB/SmolVLM2-2.2B-Instruct,,2B_general_lora,/home/ubuntu/vlm-spatial-reasoning/checkpoints/general_lora/final,"{""README.md"": ""ac104b898b7c66967afa018a2a35f1891c473694a89d1ef0ec75f970b6294276"", ""adapter_config.json"": ""fdf92e59ea3ed8249953d17a0db788ca77710a5d2192e81c2e1b071fb5cf38ca"", ""adapter_model.safetensors"": ""80bbc0ef798307c9a9ba985b11839c35118887390de46ece6d93b70c37d3f3d9"", ""chat_template.jinja"": ""830005085ddd94cec605b6e21b885b28ffad6e3f82ee6a212c523533e8f04f01"", ""processor_config.json"": ""eb8334ab39dc42fd9c5c7dd83a9c735f130d990059d2ef1a1401f078605c949b"", ""tokenizer.json"": ""0676fc5f243ffb1aee831e5a4c75dfd9122431447c26d888380e5273fddf48dc"", ""tokenizer_config.json"": ""0705650d8ae44e0e5cd4ddf77149eaca3c273f35e6eb7d24e5605c11c4831515""}",,7f29cebb9d06eca06ad0d6c690e4d5a083b71a9c42008f88e92474e3ff0eb98a,eb4075c77285da02c52794154760fa969fb21ab3dcceb0820cb7d2ba27d27471,http://images.cocodataset.org/train2017/000000350851.jpg,http://images.cocodataset.org/train2017/000000350851.jpg,,http://images.cocodataset.org/train2017/000000350851.jpg,continv,tier_b_v0.1,"{""axis"": ""semantic"", ""inverse_relation"": ""in"", ""law"": ""paraphrase_law"", ""note"": ""containment inverse paraphrase; truth preserved"", ""original_relation"": ""contains"", ""transform"": ""continv""}",,"{""do_sample"": false, ""max_new_tokens"": 5}",tier_b_r1_2b_full,5cc3a4f64f0d09e02b3a49ba7234826aa61d42c9,v0.1
vsr_test:0123,vsr_test:0123,test,continv,semantic,The truck contains the bed,The bed is inside the truck.,inside,containment,bed,truck,True,True,paraphrase_law,False,False, False.,HuggingFaceTB/SmolVLM2-2.2B-Instruct,,2B_general_lora,/home/ubuntu/vlm-spatial-reasoning/checkpoints/general_lora/final,"{""README.md"": ""ac104b898b7c66967afa018a2a35f1891c473694a89d1ef0ec75f970b6294276"", ""adapter_config.json"": ""fdf92e59ea3ed8249953d17a0db788ca77710a5d2192e81c2e1b071fb5cf38ca"", ""adapter_model.safetensors"": ""80bbc0ef798307c9a9ba985b11839c35118887390de46ece6d93b70c37d3f3d9"", ""chat_template.jinja"": ""830005085ddd94cec605b6e21b885b28ffad6e3f82ee6a212c523533e8f04f01"", ""processor_config.json"": ""eb8334ab39dc42fd9c5c7dd83a9c735f130d990059d2ef1a1401f078605c949b"", ""tokenizer.json"": ""0676fc5f243ffb1aee831e5a4c75dfd9122431447c26d888380e5273fddf48dc"", ""tokenizer_config.json"": ""0705650d8ae44e0e5cd4ddf77149eaca3c273f35e6eb7d24e5605c11c4831515""}",,7f29cebb9d06eca06ad0d6c690e4d5a083b71a9c42008f88e92474e3ff0eb98a,eb4075c77285da02c52794154760fa969fb21ab3dcceb0820cb7d2ba27d27471,http://images.cocodataset.org/val2017/000000235399.jpg,http://images.cocodataset.org/val2017/000000235399.jpg,,http://images.cocodataset.org/val2017/000000235399.jpg,continv,tier_b_v0.1,"{""axis"": ""semantic"", ""inverse_relation"": ""contains"", ""law"": ""paraphrase_law"", ""note"": ""containment inverse paraphrase; truth preserved"", ""original_relation"": ""inside"", ""transform"": ""continv""}",,"{""do_sample"": false, ""max_new_tokens"": 5}",tier_b_r1_2b_full,5cc3a4f64f0d09e02b3a49ba7234826aa61d42c9,v0.1
vsr_test:0130,vsr_test:0130,test,continv,semantic,The bowl contains the hot dog,The hot dog is in the bowl.,in,containment,hot dog,bowl,True,True,paraphrase_law,True,True, True.,HuggingFaceTB/SmolVLM2-2.2B-Instruct,,2B_general_lora,/home/ubuntu/vlm-spatial-reasoning/checkpoints/general_lora/final,"{""README.md"": ""ac104b898b7c66967afa018a2a35f1891c473694a89d1ef0ec75f970b6294276"", ""adapter_config.json"": ""fdf92e59ea3ed8249953d17a0db788ca77710a5d2192e81c2e1b071fb5cf38ca"", ""adapter_model.safetensors"": ""80bbc0ef798307c9a9ba985b11839c35118887390de46ece6d93b70c37d3f3d9"", ""chat_template.jinja"": ""830005085ddd94cec605b6e21b885b28ffad6e3f82ee6a212c523533e8f04f01"", ""processor_config.json"": ""eb8334ab39dc42fd9c5c7dd83a9c735f130d990059d2ef1a1401f078605c949b"", ""tokenizer.json"": ""0676fc5f243ffb1aee831e5a4c75dfd9122431447c26d888380e5273fddf48dc"", ""tokenizer_config.json"": ""0705650d8ae44e0e5cd4ddf77149eaca3c273f35e6eb7d24e5605c11c4831515""}",,7f29cebb9d06eca06ad0d6c690e4d5a083b71a9c42008f88e92474e3ff0eb98a,eb4075c77285da02c52794154760fa969fb21ab3dcceb0820cb7d2ba27d27471,http://images.cocodataset.org/train2017/000000428299.jpg,http://images.cocodataset.org/train2017/000000428299.jpg,,http://images.cocodataset.org/train2017/000000428299.jpg,continv,tier_b_v0.1,"{""axis"": ""semantic"", ""inverse_relation"": ""contains"", ""law"": ""paraphrase_law"", ""note"": ""containment inverse paraphrase; truth preserved"", ""original_relation"": ""in"", ""transform"": ""continv""}",,"{""do_sample"": false, ""max_new_tokens"": 5}",tier_b_r1_2b_full,5cc3a4f64f0d09e02b3a49ba7234826aa61d42c9,v0.1
vsr_test:0182,vsr_test:0182,test,continv,semantic,The cat contains the suitcase,The suitcase is within the cat.,within,containment,suitcase,cat,False,False,paraphrase_law,True,False, True.,HuggingFaceTB/SmolVLM2-2.2B-Instruct,,2B_general_lora,/home/ubuntu/vlm-spatial-reasoning/checkpoints/general_lora/final,"{""README.md"": ""ac104b898b7c66967afa018a2a35f1891c473694a89d1ef0ec75f970b6294276"", ""adapter_config.json"": ""fdf92e59ea3ed8249953d17a0db788ca77710a5d2192e81c2e1b071fb5cf38ca"", ""adapter_model.safetensors"": ""80bbc0ef798307c9a9ba985b11839c35118887390de46ece6d93b70c37d3f3d9"", ""chat_template.jinja"": ""830005085ddd94cec605b6e21b885b28ffad6e3f82ee6a212c523533e8f04f01"", ""processor_config.json"": ""eb8334ab39dc42fd9c5c7dd83a9c735f130d990059d2ef1a1401f078605c949b"", ""tokenizer.json"": ""0676fc5f243ffb1aee831e5a4c75dfd9122431447c26d888380e5273fddf48dc"", ""tokenizer_config.json"": ""0705650d8ae44e0e5cd4ddf77149eaca3c273f35e6eb7d24e5605c11c4831515""}",,7f29cebb9d06eca06ad0d6c690e4d5a083b71a9c42008f88e92474e3ff0eb98a,eb4075c77285da02c52794154760fa969fb21ab3dcceb0820cb7d2ba27d27471,http://images.cocodataset.org/train2017/000000103582.jpg,http://images.cocodataset.org/train2017/000000103582.jpg,,http://images.cocodataset.org/train2017/000000103582.jpg,continv,tier_b_v0.1,"{""axis"": ""semantic"", ""inverse_relation"": ""contains"", ""law"": ""paraphrase_law"", ""note"": ""containment inverse paraphrase; truth preserved"", ""original_relation"": ""within"", ""transform"": ""continv""}",,"{""do_sample"": false, ""max_new_tokens"": 5}",tier_b_r1_2b_full,5cc3a4f64f0d09e02b3a49ba7234826aa61d42c9,v0.1
vsr_test:0184,vsr_test:0184,test,continv,semantic,The tv contains the boat,The boat is in the tv.,in,containment,boat,tv,True,True,paraphrase_law,True,True, True.,HuggingFaceTB/SmolVLM2-2.2B-Instruct,,2B_general_lora,/home/ubuntu/vlm-spatial-reasoning/checkpoints/general_lora/final,"{""README.md"": ""ac104b898b7c66967afa018a2a35f1891c473694a89d1ef0ec75f970b6294276"", ""adapter_config.json"": ""fdf92e59ea3ed8249953d17a0db788ca77710a5d2192e81c2e1b071fb5cf38ca"", ""adapter_model.safetensors"": ""80bbc0ef798307c9a9ba985b11839c35118887390de46ece6d93b70c37d3f3d9"", ""chat_template.jinja"": ""830005085ddd94cec605b6e21b885b28ffad6e3f82ee6a212c523533e8f04f01"", ""processor_config.json"": ""eb8334ab39dc42fd9c5c7dd83a9c735f130d990059d2ef1a1401f078605c949b"", ""tokenizer.json"": ""0676fc5f243ffb1aee831e5a4c75dfd9122431447c26d888380e5273fddf48dc"", ""tokenizer_config.json"": ""0705650d8ae44e0e5cd4ddf77149eaca3c273f35e6eb7d24e5605c11c4831515""}",,7f29cebb9d06eca06ad0d6c690e4d5a083b71a9c42008f88e92474e3ff0eb98a,eb4075c77285da02c52794154760fa969fb21ab3dcceb0820cb7d2ba27d27471,http://images.cocodataset.org/train2017/000000344507.jpg,http://images.cocodataset.org/train2017/000000344507.jpg,,http://images.cocodataset.org/train2017/000000344507.jpg,continv,tier_b_v0.1,"{""axis"": ""semantic"", ""inverse_relation"": ""contains"", ""law"": ""paraphrase_law"", ""note"": ""containment inverse paraphrase; truth preserved"", ""original_relation"": ""in"", ""transform"": ""continv""}",,"{""do_sample"": false, ""max_new_tokens"": 5}",tier_b_r1_2b_full,5cc3a4f64f0d09e02b3a49ba7234826aa61d42c9,v0.1
vsr_test:0191,vsr_test:0191,test,continv,semantic,The bottle contains the sheep,The sheep is inside the bottle.,inside,containment,sheep,bottle,True,True,paraphrase_law,True,True, True.,HuggingFaceTB/SmolVLM2-2.2B-Instruct,,2B_general_lora,/home/ubuntu/vlm-spatial-reasoning/checkpoints/general_lora/final,"{""README.md"": ""ac104b898b7c66967afa018a2a35f1891c473694a89d1ef0ec75f970b6294276"", ""adapter_config.json"": ""fdf92e59ea3ed8249953d17a0db788ca77710a5d2192e81c2e1b071fb5cf38ca"", ""adapter_model.safetensors"": ""80bbc0ef798307c9a9ba985b11839c35118887390de46ece6d93b70c37d3f3d9"", ""chat_template.jinja"": ""830005085ddd94cec605b6e21b885b28ffad6e3f82ee6a212c523533e8f04f01"", ""processor_config.json"": ""eb8334ab39dc42fd9c5c7dd83a9c735f130d990059d2ef1a1401f078605c949b"", ""tokenizer.json"": ""0676fc5f243ffb1aee831e5a4c75dfd9122431447c26d888380e5273fddf48dc"", ""tokenizer_config.json"": ""0705650d8ae44e0e5cd4ddf77149eaca3c273f35e6eb7d24e5605c11c4831515""}",,7f29cebb9d06eca06ad0d6c690e4d5a083b71a9c42008f88e92474e3ff0eb98a,eb4075c77285da02c52794154760fa969fb21ab3dcceb0820cb7d2ba27d27471,http://images.cocodataset.org/train2017/000000192236.jpg,http://images.cocodataset.org/train2017/000000192236.jpg,,http://images.cocodataset.org/train2017/000000192236.jpg,continv,tier_b_v0.1,"{""axis"": ""semantic"", ""inverse_relation"": ""contains"", ""law"": ""paraphrase_law"", ""note"": ""containment inverse paraphrase; truth preserved"", ""original_relation"": ""inside"", ""transform"": ""continv""}",,"{""do_sample"": false, ""max_new_tokens"": 5}",tier_b_r1_2b_full,5cc3a4f64f0d09e02b3a49ba7234826aa61d42c9,v0.1
vsr_test:0214,vsr_test:0214,test,continv,semantic,The backpack contains the cat,The cat is in the backpack.,in,containment,cat,backpack,True,True,paraphrase_law,True,True, True.,HuggingFaceTB/SmolVLM2-2.2B-Instruct,,2B_general_lora,/home/ubuntu/vlm-spatial-reasoning/checkpoints/general_lora/final,"{""README.md"": ""ac104b898b7c66967afa018a2a35f1891c473694a89d1ef0ec75f970b6294276"", ""adapter_config.json"": ""fdf92e59ea3ed8249953d17a0db788ca77710a5d2192e81c2e1b071fb5cf38ca"", ""adapter_model.safetensors"": ""80bbc0ef798307c9a9ba985b11839c35118887390de46ece6d93b70c37d3f3d9"", ""chat_template.jinja"": ""830005085ddd94cec605b6e21b885b28ffad6e3f82ee6a212c523533e8f04f01"", ""processor_config.json"": ""eb8334ab39dc42fd9c5c7dd83a9c735f130d990059d2ef1a1401f078605c949b"", ""tokenizer.json"": ""0676fc5f243ffb1aee831e5a4c75dfd9122431447c26d888380e5273fddf48dc"", ""tokenizer_config.json"": ""0705650d8ae44e0e5cd4ddf77149eaca3c273f35e6eb7d24e5605c11c4831515""}",,7f29cebb9d06eca06ad0d6c690e4d5a083b71a9c42008f88e92474e3ff0eb98a,eb4075c77285da02c52794154760fa969fb21ab3dcceb0820cb7d2ba27d27471,http://images.cocodataset.org/train2017/000000477673.jpg,http://images.cocodataset.org/train2017/000000477673.jpg,,http://images.cocodataset.org/train2017/000000477673.jpg,continv,tier_b_v0.1,"{""axis"": ""semantic"", ""inverse_relation"": ""contains"", ""law"": ""paraphrase_law"", ""note"": ""containment inverse paraphrase; truth preserved"", ""original_relation"": ""in"", ""transform"": ""continv""}",,"{""do_sample"": false, ""max_new_tokens"": 5}",tier_b_r1_2b_full,5cc3a4f64f0d09e02b3a49ba7234826aa61d42c9,v0.1
vsr_test:0217,vsr_test:0217,test,continv,semantic,The bus contains the dog,The dog is inside the bus.,inside,containment,dog,bus,False,False,paraphrase_law,False,True, False.,HuggingFaceTB/SmolVLM2-2.2B-Instruct,,2B_general_lora,/home/ubuntu/vlm-spatial-reasoning/checkpoints/general_lora/final,"{""README.md"": ""ac104b898b7c66967afa018a2a35f1891c473694a89d1ef0ec75f970b6294276"", ""adapter_config.json"": ""fdf92e59ea3ed8249953d17a0db788ca77710a5d2192e81c2e1b071fb5cf38ca"", ""adapter_model.safetensors"": ""80bbc0ef798307c9a9ba985b11839c35118887390de46ece6d93b70c37d3f3d9"", ""chat_template.jinja"": ""830005085ddd94cec605b6e21b885b28ffad6e3f82ee6a212c523533e8f04f01"", ""processor_config.json"": ""eb8334ab39dc42fd9c5c7dd83a9c735f130d990059d2ef1a1401f078605c949b"", ""tokenizer.json"": ""0676fc5f243ffb1aee831e5a4c75dfd9122431447c26d888380e5273fddf48dc"", ""tokenizer_config.json"": ""0705650d8ae44e0e5cd4ddf77149eaca3c273f35e6eb7d24e5605c11c4831515""}",,7f29cebb9d06eca06ad0d6c690e4d5a083b71a9c42008f88e92474e3ff0eb98a,eb4075c77285da02c52794154760fa969fb21ab3dcceb0820cb7d2ba27d27471,http://images.cocodataset.org/train2017/000000033444.jpg,http://images.cocodataset.org/train2017/000000033444.jpg,,http://images.cocodataset.org/train2017/000000033444.jpg,continv,tier_b_v0.1,"{""axis"": ""semantic"", ""inverse_relation"": ""contains"", ""law"": ""paraphrase_law"", ""note"": ""containment inverse paraphrase; truth preserved"", ""original_relation"": ""inside"", ""transform"": ""continv""}",,"{""do_sample"": false, ""max_new_tokens"": 5}",tier_b_r1_2b_full,5cc3a4f64f0d09e02b3a49ba7234826aa61d42c9,v0.1
vsr_test:0227,vsr_test:0227,test,continv,semantic,The truck contains the cow,The cow is in the truck.,in,containment,cow,truck,False,False,paraphrase_law,False,True, False.,HuggingFaceTB/SmolVLM2-2.2B-Instruct,,2B_general_lora,/home/ubuntu/vlm-spatial-reasoning/checkpoints/general_lora/final,"{""README.md"": ""ac104b898b7c66967afa018a2a35f1891c473694a89d1ef0ec75f970b6294276"", ""adapter_config.json"": ""fdf92e59ea3ed8249953d17a0db788ca77710a5d2192e81c2e1b071fb5cf38ca"", ""adapter_model.safetensors"": ""80bbc0ef798307c9a9ba985b11839c35118887390de46ece6d93b70c37d3f3d9"", ""chat_template.jinja"": ""830005085ddd94cec605b6e21b885b28ffad6e3f82ee6a212c523533e8f04f01"", ""processor_config.json"": ""eb8334ab39dc42fd9c5c7dd83a9c735f130d990059d2ef1a1401f078605c949b"", ""tokenizer.json"": ""0676fc5f243ffb1aee831e5a4c75dfd9122431447c26d888380e5273fddf48dc"", ""tokenizer_config.json"": ""0705650d8ae44e0e5cd4ddf77149eaca3c273f35e6eb7d24e5605c11c4831515""}",,7f29cebb9d06eca06ad0d6c690e4d5a083b71a9c42008f88e92474e3ff0eb98a,eb4075c77285da02c52794154760fa969fb21ab3dcceb0820cb7d2ba27d27471,http://images.cocodataset.org/train2017/000000486506.jpg,http://images.cocodataset.org/train2017/000000486506.jpg,,http://images.cocodataset.org/train2017/000000486506.jpg,continv,tier_b_v0.1,"{""axis"": ""semantic"", ""inverse_relation"": ""contains"", ""law"": ""paraphrase_law"", ""note"": ""containment inverse paraphrase; truth preserved"", ""original_relation"": ""in"", ""transform"": ""continv""}",,"{""do_sample"": false, ""max_new_tokens"": 5}",tier_b_r1_2b_full,5cc3a4f64f0d09e02b3a49ba7234826aa61d42c9,v0.1
vsr_test:0237,vsr_test:0237,test,continv,semantic,The sink contains the cat,The cat is in the sink.,in,containment,cat,sink,False,False,paraphrase_law,False,True, False.,HuggingFaceTB/SmolVLM2-2.2B-Instruct,,2B_general_lora,/home/ubuntu/vlm-spatial-reasoning/checkpoints/general_lora/final,"{""README.md"": ""ac104b898b7c66967afa018a2a35f1891c473694a89d1ef0ec75f970b6294276"", ""adapter_config.json"": ""fdf92e59ea3ed8249953d17a0db788ca77710a5d2192e81c2e1b071fb5cf38ca"", ""adapter_model.safetensors"": ""80bbc0ef798307c9a9ba985b11839c35118887390de46ece6d93b70c37d3f3d9"", ""chat_template.jinja"": ""830005085ddd94cec605b6e21b885b28ffad6e3f82ee6a212c523533e8f04f01"", ""processor_config.json"": ""eb8334ab39dc42fd9c5c7dd83a9c735f130d990059d2ef1a1401f078605c949b"", ""tokenizer.json"": ""0676fc5f243ffb1aee831e5a4c75dfd9122431447c26d888380e5273fddf48dc"", ""tokenizer_config.json"": ""0705650d8ae44e0e5cd4ddf77149eaca3c273f35e6eb7d24e5605c11c4831515""}",,7f29cebb9d06eca06ad0d6c690e4d5a083b71a9c42008f88e92474e3ff0eb98a,eb4075c77285da02c52794154760fa969fb21ab3dcceb0820cb7d2ba27d27471,http://images.cocodataset.org/train2017/000000467675.jpg,http://images.cocodataset.org/train2017/000000467675.jpg,,http://images.cocodataset.org/train2017/000000467675.jpg,continv,tier_b_v0.1,"{""axis"": ""semantic"", ""inverse_relation"": ""contains"", ""law"": ""paraphrase_law"", ""note"": ""containment inverse paraphrase; truth preserved"", ""original_relation"": ""in"", ""transform"": ""continv""}",,"{""do_sample"": false, ""max_new_tokens"": 5}",tier_b_r1_2b_full,5cc3a4f64f0d09e02b3a49ba7234826aa61d42c9,v0.1
vsr_test:0272,vsr_test:0272,test,continv,semantic,The cat is in the suitcase,The suitcase contains the cat.,contains,containment,suitcase,cat,False,False,paraphrase_law,True,False, True.,HuggingFaceTB/SmolVLM2-2.2B-Instruct,,2B_general_lora,/home/ubuntu/vlm-spatial-reasoning/checkpoints/general_lora/final,"{""README.md"": ""ac104b898b7c66967afa018a2a35f1891c473694a89d1ef0ec75f970b6294276"", ""adapter_config.json"": ""fdf92e59ea3ed8249953d17a0db788ca77710a5d2192e81c2e1b071fb5cf38ca"", ""adapter_model.safetensors"": ""80bbc0ef798307c9a9ba985b11839c35118887390de46ece6d93b70c37d3f3d9"", ""chat_template.jinja"": ""830005085ddd94cec605b6e21b885b28ffad6e3f82ee6a212c523533e8f04f01"", ""processor_config.json"": ""eb8334ab39dc42fd9c5c7dd83a9c735f130d990059d2ef1a1401f078605c949b"", ""tokenizer.json"": ""0676fc5f243ffb1aee831e5a4c75dfd9122431447c26d888380e5273fddf48dc"", ""tokenizer_config.json"": ""0705650d8ae44e0e5cd4ddf77149eaca3c273f35e6eb7d24e5605c11c4831515""}",,7f29cebb9d06eca06ad0d6c690e4d5a083b71a9c42008f88e92474e3ff0eb98a,eb4075c77285da02c52794154760fa969fb21ab3dcceb0820cb7d2ba27d27471,http://images.cocodataset.org/val2017/000000432468.jpg,http://images.cocodataset.org/val2017/000000432468.jpg,,http://images.cocodataset.org/val2017/000000432468.jpg,continv,tier_b_v0.1,"{""axis"": ""semantic"", ""inverse_relation"": ""in"", ""law"": ""paraphrase_law"", ""note"": ""containment inverse paraphrase; truth preserved"", ""original_relation"": ""contains"", ""transform"": ""continv""}",,"{""do_sample"": false, ""max_new_tokens"": 5}",tier_b_r1_2b_full,5cc3a4f64f0d09e02b3a49ba7234826aa61d42c9,v0.1
vsr_test:0293,vsr_test:0293,test,continv,semantic,The cat is in the cup,The cup contains the cat.,contains,containment,cup,cat,False,False,paraphrase_law,False,True, False.,HuggingFaceTB/SmolVLM2-2.2B-Instruct,,2B_general_lora,/home/ubuntu/vlm-spatial-reasoning/checkpoints/general_lora/final,"{""README.md"": ""ac104b898b7c66967afa018a2a35f1891c473694a89d1ef0ec75f970b6294276"", ""adapter_config.json"": ""fdf92e59ea3ed8249953d17a0db788ca77710a5d2192e81c2e1b071fb5cf38ca"", ""adapter_model.safetensors"": ""80bbc0ef798307c9a9ba985b11839c35118887390de46ece6d93b70c37d3f3d9"", ""chat_template.jinja"": ""830005085ddd94cec605b6e21b885b28ffad6e3f82ee6a212c523533e8f04f01"", ""processor_config.json"": ""eb8334ab39dc42fd9c5c7dd83a9c735f130d990059d2ef1a1401f078605c949b"", ""tokenizer.json"": ""0676fc5f243ffb1aee831e5a4c75dfd9122431447c26d888380e5273fddf48dc"", ""tokenizer_config.json"": ""0705650d8ae44e0e5cd4ddf77149eaca3c273f35e6eb7d24e5605c11c4831515""}",,7f29cebb9d06eca06ad0d6c690e4d5a083b71a9c42008f88e92474e3ff0eb98a,eb4075c77285da02c52794154760fa969fb21ab3dcceb0820cb7d2ba27d27471,http://images.cocodataset.org/train2017/000000296188.jpg,http://images.cocodataset.org/train2017/000000296188.jpg,,http://images.cocodataset.org/train2017/000000296188.jpg,continv,tier_b_v0.1,"{""axis"": ""semantic"", ""inverse_relation"": ""in"", ""law"": ""paraphrase_law"", ""note"": ""containment inverse paraphrase; truth preserved"", ""original_relation"": ""contains"", ""transform"": ""continv""}",,"{""do_sample"": false, ""max_new_tokens"": 5}",tier_b_r1_2b_full,5cc3a4f64f0d09e02b3a49ba7234826aa61d42c9,v0.1
vsr_test:0296,vsr_test:0296,test,continv,semantic,The bowl contains the banana,The banana is inside the bowl.,inside,containment,banana,bowl,False,False,paraphrase_law,False,True, False.,HuggingFaceTB/SmolVLM2-2.2B-Instruct,,2B_general_lora,/home/ubuntu/vlm-spatial-reasoning/checkpoints/general_lora/final,"{""README.md"": ""ac104b898b7c66967afa018a2a35f1891c473694a89d1ef0ec75f970b6294276"", ""adapter_config.json"": ""fdf92e59ea3ed8249953d17a0db788ca77710a5d2192e81c2e1b071fb5cf38ca"", ""adapter_model.safetensors"": ""80bbc0ef798307c9a9ba985b11839c35118887390de46ece6d93b70c37d3f3d9"", ""chat_template.jinja"": ""830005085ddd94cec605b6e21b885b28ffad6e3f82ee6a212c523533e8f04f01"", ""processor_config.json"": ""eb8334ab39dc42fd9c5c7dd83a9c735f130d990059d2ef1a1401f078605c949b"", ""tokenizer.json"": ""0676fc5f243ffb1aee831e5a4c75dfd9122431447c26d888380e5273fddf48dc"", ""tokenizer_config.json"": ""0705650d8ae44e0e5cd4ddf77149eaca3c273f35e6eb7d24e5605c11c4831515""}",,7f29cebb9d06eca06ad0d6c690e4d5a083b71a9c42008f88e92474e3ff0eb98a,eb4075c77285da02c52794154760fa969fb21ab3dcceb0820cb7d2ba27d27471,http://images.cocodataset.org/train2017/000000090662.jpg,http://images.cocodataset.org/train2017/000000090662.jpg,,http://images.cocodataset.org/train2017/000000090662.jpg,continv,tier_b_v0.1,"{""axis"": ""semantic"", ""inverse_relation"": ""contains"", ""law"": ""paraphrase_law"", ""note"": ""containment inverse paraphrase; truth preserved"", ""original_relation"": ""inside"", ""transform"": ""continv""}",,"{""do_sample"": false, ""max_new_tokens"": 5}",tier_b_r1_2b_full,5cc3a4f64f0d09e02b3a49ba7234826aa61d42c9,v0.1
vsr_test:0300,vsr_test:0300,test,continv,semantic,The elephant is in the truck,The truck contains the elephant.,contains,containment,truck,elephant,True,True,paraphrase_law,True,True, True.,HuggingFaceTB/SmolVLM2-2.2B-Instruct,,2B_general_lora,/home/ubuntu/vlm-spatial-reasoning/checkpoints/general_lora/final,"{""README.md"": ""ac104b898b7c66967afa018a2a35f1891c473694a89d1ef0ec75f970b6294276"", ""adapter_config.json"": ""fdf92e59ea3ed8249953d17a0db788ca77710a5d2192e81c2e1b071fb5cf38ca"", ""adapter_model.safetensors"": ""80bbc0ef798307c9a9ba985b11839c35118887390de46ece6d93b70c37d3f3d9"", ""chat_template.jinja"": ""830005085ddd94cec605b6e21b885b28ffad6e3f82ee6a212c523533e8f04f01"", ""processor_config.json"": ""eb8334ab39dc42fd9c5c7dd83a9c735f130d990059d2ef1a1401f078605c949b"", ""tokenizer.json"": ""0676fc5f243ffb1aee831e5a4c75dfd9122431447c26d888380e5273fddf48dc"", ""tokenizer_config.json"": ""0705650d8ae44e0e5cd4ddf77149eaca3c273f35e6eb7d24e5605c11c4831515""}",,7f29cebb9d06eca06ad0d6c690e4d5a083b71a9c42008f88e92474e3ff0eb98a,eb4075c77285da02c52794154760fa969fb21ab3dcceb0820cb7d2ba27d27471,http://images.cocodataset.org/train2017/000000472250.jpg,http://images.cocodataset.org/train2017/000000472250.jpg,,http://images.cocodataset.org/train2017/000000472250.jpg,continv,tier_b_v0.1,"{""axis"": ""semantic"", ""inverse_relation"": ""in"", ""law"": ""paraphrase_law"", ""note"": ""containment inverse paraphrase; truth preserved"", ""original_relation"": ""contains"", ""transform"": ""continv""}",,"{""do_sample"": false, ""max_new_tokens"": 5}",tier_b_r1_2b_full,5cc3a4f64f0d09e02b3a49ba7234826aa61d42c9,v0.1
vsr_test:0338,vsr_test:0338,test,continv,semantic,The person is in the bus,The bus contains the person.,contains,containment,bus,person,True,True,paraphrase_law,False,False, False.,HuggingFaceTB/SmolVLM2-2.2B-Instruct,,2B_general_lora,/home/ubuntu/vlm-spatial-reasoning/checkpoints/general_lora/final,"{""README.md"": ""ac104b898b7c66967afa018a2a35f1891c473694a89d1ef0ec75f970b6294276"", ""adapter_config.json"": ""fdf92e59ea3ed8249953d17a0db788ca77710a5d2192e81c2e1b071fb5cf38ca"", ""adapter_model.safetensors"": ""80bbc0ef798307c9a9ba985b11839c35118887390de46ece6d93b70c37d3f3d9"", ""chat_template.jinja"": ""830005085ddd94cec605b6e21b885b28ffad6e3f82ee6a212c523533e8f04f01"", ""processor_config.json"": ""eb8334ab39dc42fd9c5c7dd83a9c735f130d990059d2ef1a1401f078605c949b"", ""tokenizer.json"": ""0676fc5f243ffb1aee831e5a4c75dfd9122431447c26d888380e5273fddf48dc"", ""tokenizer_config.json"": ""0705650d8ae44e0e5cd4ddf77149eaca3c273f35e6eb7d24e5605c11c4831515""}",,7f29cebb9d06eca06ad0d6c690e4d5a083b71a9c42008f88e92474e3ff0eb98a,eb4075c77285da02c52794154760fa969fb21ab3dcceb0820cb7d2ba27d27471,http://images.cocodataset.org/train2017/000000159627.jpg,http://images.cocodataset.org/train2017/000000159627.jpg,,http://images.cocodataset.org/train2017/000000159627.jpg,continv,tier_b_v0.1,"{""axis"": ""semantic"", ""inverse_relation"": ""in"", ""law"": ""paraphrase_law"", ""note"": ""containment inverse paraphrase; truth preserved"", ""original_relation"": ""contains"", ""transform"": ""continv""}",,"{""do_sample"": false, ""max_new_tokens"": 5}",tier_b_r1_2b_full,5cc3a4f64f0d09e02b3a49ba7234826aa61d42c9,v0.1
vsr_test:0414,vsr_test:0414,test,continv,semantic,The sink contains the cat,The cat is in the sink.,in,containment,cat,sink,True,True,paraphrase_law,True,True, True.,HuggingFaceTB/SmolVLM2-2.2B-Instruct,,2B_general_lora,/home/ubuntu/vlm-spatial-reasoning/checkpoints/general_lora/final,"{""README.md"": ""ac104b898b7c66967afa018a2a35f1891c473694a89d1ef0ec75f970b6294276"", ""adapter_config.json"": ""fdf92e59ea3ed8249953d17a0db788ca77710a5d2192e81c2e1b071fb5cf38ca"", ""adapter_model.safetensors"": ""80bbc0ef798307c9a9ba985b11839c35118887390de46ece6d93b70c37d3f3d9"", ""chat_template.jinja"": ""830005085ddd94cec605b6e21b885b28ffad6e3f82ee6a212c523533e8f04f01"", ""processor_config.json"": ""eb8334ab39dc42fd9c5c7dd83a9c735f130d990059d2ef1a1401f078605c949b"", ""tokenizer.json"": ""0676fc5f243ffb1aee831e5a4c75dfd9122431447c26d888380e5273fddf48dc"", ""tokenizer_config.json"": ""0705650d8ae44e0e5cd4ddf77149eaca3c273f35e6eb7d24e5605c11c4831515""}",,7f29cebb9d06eca06ad0d6c690e4d5a083b71a9c42008f88e92474e3ff0eb98a,eb4075c77285da02c52794154760fa969fb21ab3dcceb0820cb7d2ba27d27471,http://images.cocodataset.org/train2017/000000508846.jpg,http://images.cocodataset.org/train2017/000000508846.jpg,,http://images.cocodataset.org/train2017/000000508846.jpg,continv,tier_b_v0.1,"{""axis"": ""semantic"", ""inverse_relation"": ""contains"", ""law"": ""paraphrase_law"", ""note"": ""containment inverse paraphrase; truth preserved"", ""original_relation"": ""in"", ""transform"": ""continv""}",,"{""do_sample"": false, ""max_new_tokens"": 5}",tier_b_r1_2b_full,5cc3a4f64f0d09e02b3a49ba7234826aa61d42c9,v0.1
vsr_test:0427,vsr_test:0427,test,continv,semantic,The truck contains the dog,The dog is in the truck.,in,containment,dog,truck,True,True,paraphrase_law,True,True, True.,HuggingFaceTB/SmolVLM2-2.2B-Instruct,,2B_general_lora,/home/ubuntu/vlm-spatial-reasoning/checkpoints/general_lora/final,"{""README.md"": ""ac104b898b7c66967afa018a2a35f1891c473694a89d1ef0ec75f970b6294276"", ""adapter_config.json"": ""fdf92e59ea3ed8249953d17a0db788ca77710a5d2192e81c2e1b071fb5cf38ca"", ""adapter_model.safetensors"": ""80bbc0ef798307c9a9ba985b11839c35118887390de46ece6d93b70c37d3f3d9"", ""chat_template.jinja"": ""830005085ddd94cec605b6e21b885b28ffad6e3f82ee6a212c523533e8f04f01"", ""processor_config.json"": ""eb8334ab39dc42fd9c5c7dd83a9c735f130d990059d2ef1a1401f078605c949b"", ""tokenizer.json"": ""0676fc5f243ffb1aee831e5a4c75dfd9122431447c26d888380e5273fddf48dc"", ""tokenizer_config.json"": ""0705650d8ae44e0e5cd4ddf77149eaca3c273f35e6eb7d24e5605c11c4831515""}",,7f29cebb9d06eca06ad0d6c690e4d5a083b71a9c42008f88e92474e3ff0eb98a,eb4075c77285da02c52794154760fa969fb21ab3dcceb0820cb7d2ba27d27471,http://images.cocodataset.org/train2017/000000540774.jpg,http://images.cocodataset.org/train2017/000000540774.jpg,,http://images.cocodataset.org/train2017/000000540774.jpg,continv,tier_b_v0.1,"{""axis"": ""semantic"", ""inverse_relation"": ""contains"", ""law"": ""paraphrase_law"", ""note"": ""containment inverse paraphrase; truth preserved"", ""original_relation"": ""in"", ""transform"": ""continv""}",,"{""do_sample"": false, ""max_new_tokens"": 5}",tier_b_r1_2b_full,5cc3a4f64f0d09e02b3a49ba7234826aa61d42c9,v0.1
vsr_test:0437,vsr_test:0437,test,continv,semantic,The suitcase contains the cat,The cat is inside the suitcase.,inside,containment,cat,suitcase,False,False,paraphrase_law,False,True, False.,HuggingFaceTB/SmolVLM2-2.2B-Instruct,,2B_general_lora,/home/ubuntu/vlm-spatial-reasoning/checkpoints/general_lora/final,"{""README.md"": ""ac104b898b7c66967afa018a2a35f1891c473694a89d1ef0ec75f970b6294276"", ""adapter_config.json"": ""fdf92e59ea3ed8249953d17a0db788ca77710a5d2192e81c2e1b071fb5cf38ca"", ""adapter_model.safetensors"": ""80bbc0ef798307c9a9ba985b11839c35118887390de46ece6d93b70c37d3f3d9"", ""chat_template.jinja"": ""830005085ddd94cec605b6e21b885b28ffad6e3f82ee6a212c523533e8f04f01"", ""processor_config.json"": ""eb8334ab39dc42fd9c5c7dd83a9c735f130d990059d2ef1a1401f078605c949b"", ""tokenizer.json"": ""0676fc5f243ffb1aee831e5a4c75dfd9122431447c26d888380e5273fddf48dc"", ""tokenizer_config.json"": ""0705650d8ae44e0e5cd4ddf77149eaca3c273f35e6eb7d24e5605c11c4831515""}",,7f29cebb9d06eca06ad0d6c690e4d5a083b71a9c42008f88e92474e3ff0eb98a,eb4075c77285da02c52794154760fa969fb21ab3dcceb0820cb7d2ba27d27471,http://images.cocodataset.org/train2017/000000490689.jpg,http://images.cocodataset.org/train2017/000000490689.jpg,,http://images.cocodataset.org/train2017/000000490689.jpg,continv,tier_b_v0.1,"{""axis"": ""semantic"", ""inverse_relation"": ""contains"", ""law"": ""paraphrase_law"", ""note"": ""containment inverse paraphrase; truth preserved"", ""original_relation"": ""inside"", ""transform"": ""continv""}",,"{""do_sample"": false, ""max_new_tokens"": 5}",tier_b_r1_2b_full,5cc3a4f64f0d09e02b3a49ba7234826aa61d42c9,v0.1
vsr_test:0445,vsr_test:0445,test,continv,semantic,The car is in the book,The book contains the car.,contains,containment,book,car,True,True,paraphrase_law,False,False, False.,HuggingFaceTB/SmolVLM2-2.2B-Instruct,,2B_general_lora,/home/ubuntu/vlm-spatial-reasoning/checkpoints/general_lora/final,"{""README.md"": ""ac104b898b7c66967afa018a2a35f1891c473694a89d1ef0ec75f970b6294276"", ""adapter_config.json"": ""fdf92e59ea3ed8249953d17a0db788ca77710a5d2192e81c2e1b071fb5cf38ca"", ""adapter_model.safetensors"": ""80bbc0ef798307c9a9ba985b11839c35118887390de46ece6d93b70c37d3f3d9"", ""chat_template.jinja"": ""830005085ddd94cec605b6e21b885b28ffad6e3f82ee6a212c523533e8f04f01"", ""processor_config.json"": ""eb8334ab39dc42fd9c5c7dd83a9c735f130d990059d2ef1a1401f078605c949b"", ""tokenizer.json"": ""0676fc5f243ffb1aee831e5a4c75dfd9122431447c26d888380e5273fddf48dc"", ""tokenizer_config.json"": ""0705650d8ae44e0e5cd4ddf77149eaca3c273f35e6eb7d24e5605c11c4831515""}",,7f29cebb9d06eca06ad0d6c690e4d5a083b71a9c42008f88e92474e3ff0eb98a,eb4075c77285da02c52794154760fa969fb21ab3dcceb0820cb7d2ba27d27471,http://images.cocodataset.org/train2017/000000541725.jpg,http://images.cocodataset.org/train2017/000000541725.jpg,,http://images.cocodataset.org/train2017/000000541725.jpg,continv,tier_b_v0.1,"{""axis"": ""semantic"", ""inverse_relation"": ""in"", ""law"": ""paraphrase_law"", ""note"": ""containment inverse paraphrase; truth preserved"", ""original_relation"": ""contains"", ""transform"": ""continv""}",,"{""do_sample"": false, ""max_new_tokens"": 5}",tier_b_r1_2b_full,5cc3a4f64f0d09e02b3a49ba7234826aa61d42c9,v0.1
vsr_test:0498,vsr_test:0498,test,continv,semantic,The oven contains the pizza,The pizza is in the oven.,in,containment,pizza,oven,True,True,paraphrase_law,True,True, True.,HuggingFaceTB/SmolVLM2-2.2B-Instruct,,2B_general_lora,/home/ubuntu/vlm-spatial-reasoning/checkpoints/general_lora/final,"{""README.md"": ""ac104b898b7c66967afa018a2a35f1891c473694a89d1ef0ec75f970b6294276"", ""adapter_config.json"": ""fdf92e59ea3ed8249953d17a0db788ca77710a5d2192e81c2e1b071fb5cf38ca"", ""adapter_model.safetensors"": ""80bbc0ef798307c9a9ba985b11839c35118887390de46ece6d93b70c37d3f3d9"", ""chat_template.jinja"": ""830005085ddd94cec605b6e21b885b28ffad6e3f82ee6a212c523533e8f04f01"", ""processor_config.json"": ""eb8334ab39dc42fd9c5c7dd83a9c735f130d990059d2ef1a1401f078605c949b"", ""tokenizer.json"": ""0676fc5f243ffb1aee831e5a4c75dfd9122431447c26d888380e5273fddf48dc"", ""tokenizer_config.json"": ""0705650d8ae44e0e5cd4ddf77149eaca3c273f35e6eb7d24e5605c11c4831515""}",,7f29cebb9d06eca06ad0d6c690e4d5a083b71a9c42008f88e92474e3ff0eb98a,eb4075c77285da02c52794154760fa969fb21ab3dcceb0820cb7d2ba27d27471,http://images.cocodataset.org/train2017/000000171330.jpg,http://images.cocodataset.org/train2017/000000171330.jpg,,http://images.cocodataset.org/train2017/000000171330.jpg,continv,tier_b_v0.1,"{""axis"": ""semantic"", ""inverse_relation"": ""contains"", ""law"": ""paraphrase_law"", ""note"": ""containment inverse paraphrase; truth preserved"", ""original_relation"": ""in"", ""transform"": ""continv""}",,"{""do_sample"": false, ""max_new_tokens"": 5}",tier_b_r1_2b_full,5cc3a4f64f0d09e02b3a49ba7234826aa61d42c9,v0.1
vsr_test:0512,vsr_test:0512,test,continv,semantic,The microwave contains the person,The person is in the microwave.,in,containment,person,microwave,True,True,paraphrase_law,False,False, False.,HuggingFaceTB/SmolVLM2-2.2B-Instruct,,2B_general_lora,/home/ubuntu/vlm-spatial-reasoning/checkpoints/general_lora/final,"{""README.md"": ""ac104b898b7c66967afa018a2a35f1891c473694a89d1ef0ec75f970b6294276"", ""adapter_config.json"": ""fdf92e59ea3ed8249953d17a0db788ca77710a5d2192e81c2e1b071fb5cf38ca"", ""adapter_model.safetensors"": ""80bbc0ef798307c9a9ba985b11839c35118887390de46ece6d93b70c37d3f3d9"", ""chat_template.jinja"": ""830005085ddd94cec605b6e21b885b28ffad6e3f82ee6a212c523533e8f04f01"", ""processor_config.json"": ""eb8334ab39dc42fd9c5c7dd83a9c735f130d990059d2ef1a1401f078605c949b"", ""tokenizer.json"": ""0676fc5f243ffb1aee831e5a4c75dfd9122431447c26d888380e5273fddf48dc"", ""tokenizer_config.json"": ""0705650d8ae44e0e5cd4ddf77149eaca3c273f35e6eb7d24e5605c11c4831515""}",,7f29cebb9d06eca06ad0d6c690e4d5a083b71a9c42008f88e92474e3ff0eb98a,eb4075c77285da02c52794154760fa969fb21ab3dcceb0820cb7d2ba27d27471,http://images.cocodataset.org/train2017/000000264255.jpg,http://images.cocodataset.org/train2017/000000264255.jpg,,http://images.cocodataset.org/train2017/000000264255.jpg,continv,tier_b_v0.1,"{""axis"": ""semantic"", ""inverse_relation"": ""contains"", ""law"": ""paraphrase_law"", ""note"": ""containment inverse paraphrase; truth preserved"", ""original_relation"": ""in"", ""transform"": ""continv""}",,"{""do_sample"": false, ""max_new_tokens"": 5}",tier_b_r1_2b_full,5cc3a4f64f0d09e02b3a49ba7234826aa61d42c9,v0.1
vsr_test:0514,vsr_test:0514,test,continv,semantic,The couch is in the truck,The truck contains the couch.,contains,containment,truck,couch,True,True,paraphrase_law,True,True, True.,HuggingFaceTB/SmolVLM2-2.2B-Instruct,,2B_general_lora,/home/ubuntu/vlm-spatial-reasoning/checkpoints/general_lora/final,"{""README.md"": ""ac104b898b7c66967afa018a2a35f1891c473694a89d1ef0ec75f970b6294276"", ""adapter_config.json"": ""fdf92e59ea3ed8249953d17a0db788ca77710a5d2192e81c2e1b071fb5cf38ca"", ""adapter_model.safetensors"": ""80bbc0ef798307c9a9ba985b11839c35118887390de46ece6d93b70c37d3f3d9"", ""chat_template.jinja"": ""830005085ddd94cec605b6e21b885b28ffad6e3f82ee6a212c523533e8f04f01"", ""processor_config.json"": ""eb8334ab39dc42fd9c5c7dd83a9c735f130d990059d2ef1a1401f078605c949b"", ""tokenizer.json"": ""0676fc5f243ffb1aee831e5a4c75dfd9122431447c26d888380e5273fddf48dc"", ""tokenizer_config.json"": ""0705650d8ae44e0e5cd4ddf77149eaca3c273f35e6eb7d24e5605c11c4831515""}",,7f29cebb9d06eca06ad0d6c690e4d5a083b71a9c42008f88e92474e3ff0eb98a,eb4075c77285da02c52794154760fa969fb21ab3dcceb0820cb7d2ba27d27471,http://images.cocodataset.org/train2017/000000028333.jpg,http://images.cocodataset.org/train2017/000000028333.jpg,,http://images.cocodataset.org/train2017/000000028333.jpg,continv,tier_b_v0.1,"{""axis"": ""semantic"", ""inverse_relation"": ""in"", ""law"": ""paraphrase_law"", ""note"": ""containment inverse paraphrase; truth preserved"", ""original_relation"": ""contains"", ""transform"": ""continv""}",,"{""do_sample"": false, ""max_new_tokens"": 5}",tier_b_r1_2b_full,5cc3a4f64f0d09e02b3a49ba7234826aa61d42c9,v0.1
vsr_test:0517,vsr_test:0517,test,continv,semantic,The elephant is in the truck,The truck contains the elephant.,contains,containment,truck,elephant,False,False,paraphrase_law,False,True, False.,HuggingFaceTB/SmolVLM2-2.2B-Instruct,,2B_general_lora,/home/ubuntu/vlm-spatial-reasoning/checkpoints/general_lora/final,"{""README.md"": ""ac104b898b7c66967afa018a2a35f1891c473694a89d1ef0ec75f970b6294276"", ""adapter_config.json"": ""fdf92e59ea3ed8249953d17a0db788ca77710a5d2192e81c2e1b071fb5cf38ca"", ""adapter_model.safetensors"": ""80bbc0ef798307c9a9ba985b11839c35118887390de46ece6d93b70c37d3f3d9"", ""chat_template.jinja"": ""830005085ddd94cec605b6e21b885b28ffad6e3f82ee6a212c523533e8f04f01"", ""processor_config.json"": ""eb8334ab39dc42fd9c5c7dd83a9c735f130d990059d2ef1a1401f078605c949b"", ""tokenizer.json"": ""0676fc5f243ffb1aee831e5a4c75dfd9122431447c26d888380e5273fddf48dc"", ""tokenizer_config.json"": ""0705650d8ae44e0e5cd4ddf77149eaca3c273f35e6eb7d24e5605c11c4831515""}",,7f29cebb9d06eca06ad0d6c690e4d5a083b71a9c42008f88e92474e3ff0eb98a,eb4075c77285da02c52794154760fa969fb21ab3dcceb0820cb7d2ba27d27471,http://images.cocodataset.org/train2017/000000116675.jpg,http://images.cocodataset.org/train2017/000000116675.jpg,,http://images.cocodataset.org/train2017/000000116675.jpg,continv,tier_b_v0.1,"{""axis"": ""semantic"", ""inverse_relation"": ""in"", ""law"": ""paraphrase_law"", ""note"": ""containment inverse paraphrase; truth preserved"", ""original_relation"": ""contains"", ""transform"": ""continv""}",,"{""do_sample"": false, ""max_new_tokens"": 5}",tier_b_r1_2b_full,5cc3a4f64f0d09e02b3a49ba7234826aa61d42c9,v0.1
vsr_test:0527,vsr_test:0527,test,continv,semantic,The suitcase contains the cat,The cat is in the suitcase.,in,containment,cat,suitcase,True,True,paraphrase_law,False,False, False.,HuggingFaceTB/SmolVLM2-2.2B-Instruct,,2B_general_lora,/home/ubuntu/vlm-spatial-reasoning/checkpoints/general_lora/final,"{""README.md"": ""ac104b898b7c66967afa018a2a35f1891c473694a89d1ef0ec75f970b6294276"", ""adapter_config.json"": ""fdf92e59ea3ed8249953d17a0db788ca77710a5d2192e81c2e1b071fb5cf38ca"", ""adapter_model.safetensors"": ""80bbc0ef798307c9a9ba985b11839c35118887390de46ece6d93b70c37d3f3d9"", ""chat_template.jinja"": ""830005085ddd94cec605b6e21b885b28ffad6e3f82ee6a212c523533e8f04f01"", ""processor_config.json"": ""eb8334ab39dc42fd9c5c7dd83a9c735f130d990059d2ef1a1401f078605c949b"", ""tokenizer.json"": ""0676fc5f243ffb1aee831e5a4c75dfd9122431447c26d888380e5273fddf48dc"", ""tokenizer_config.json"": ""0705650d8ae44e0e5cd4ddf77149eaca3c273f35e6eb7d24e5605c11c4831515""}",,7f29cebb9d06eca06ad0d6c690e4d5a083b71a9c42008f88e92474e3ff0eb98a,eb4075c77285da02c52794154760fa969fb21ab3dcceb0820cb7d2ba27d27471,http://images.cocodataset.org/train2017/000000005142.jpg,http://images.cocodataset.org/train2017/000000005142.jpg,,http://images.cocodataset.org/train2017/000000005142.jpg,continv,tier_b_v0.1,"{""axis"": ""semantic"", ""inverse_relation"": ""contains"", ""law"": ""paraphrase_law"", ""note"": ""containment inverse paraphrase; truth preserved"", ""original_relation"": ""in"", ""transform"": ""continv""}",,"{""do_sample"": false, ""max_new_tokens"": 5}",tier_b_r1_2b_full,5cc3a4f64f0d09e02b3a49ba7234826aa61d42c9,v0.1
vsr_test:0542,vsr_test:0542,test,continv,semantic,The dog contains the truck,The truck is inside the dog.,inside,containment,truck,dog,False,False,paraphrase_law,False,True, False.,HuggingFaceTB/SmolVLM2-2.2B-Instruct,,2B_general_lora,/home/ubuntu/vlm-spatial-reasoning/checkpoints/general_lora/final,"{""README.md"": ""ac104b898b7c66967afa018a2a35f1891c473694a89d1ef0ec75f970b6294276"", ""adapter_config.json"": ""fdf92e59ea3ed8249953d17a0db788ca77710a5d2192e81c2e1b071fb5cf38ca"", ""adapter_model.safetensors"": ""80bbc0ef798307c9a9ba985b11839c35118887390de46ece6d93b70c37d3f3d9"", ""chat_template.jinja"": ""830005085ddd94cec605b6e21b885b28ffad6e3f82ee6a212c523533e8f04f01"", ""processor_config.json"": ""eb8334ab39dc42fd9c5c7dd83a9c735f130d990059d2ef1a1401f078605c949b"", ""tokenizer.json"": ""0676fc5f243ffb1aee831e5a4c75dfd9122431447c26d888380e5273fddf48dc"", ""tokenizer_config.json"": ""0705650d8ae44e0e5cd4ddf77149eaca3c273f35e6eb7d24e5605c11c4831515""}",,7f29cebb9d06eca06ad0d6c690e4d5a083b71a9c42008f88e92474e3ff0eb98a,eb4075c77285da02c52794154760fa969fb21ab3dcceb0820cb7d2ba27d27471,http://images.cocodataset.org/train2017/000000168317.jpg,http://images.cocodataset.org/train2017/000000168317.jpg,,http://images.cocodataset.org/train2017/000000168317.jpg,continv,tier_b_v0.1,"{""axis"": ""semantic"", ""inverse_relation"": ""contains"", ""law"": ""paraphrase_law"", ""note"": ""containment inverse paraphrase; truth preserved"", ""original_relation"": ""inside"", ""transform"": ""continv""}",,"{""do_sample"": false, ""max_new_tokens"": 5}",tier_b_r1_2b_full,5cc3a4f64f0d09e02b3a49ba7234826aa61d42c9,v0.1
vsr_test:0546,vsr_test:0546,test,continv,semantic,The suitcase contains the cat,The cat is inside the suitcase.,inside,containment,cat,suitcase,False,False,paraphrase_law,False,True, False.,HuggingFaceTB/SmolVLM2-2.2B-Instruct,,2B_general_lora,/home/ubuntu/vlm-spatial-reasoning/checkpoints/general_lora/final,"{""README.md"": ""ac104b898b7c66967afa018a2a35f1891c473694a89d1ef0ec75f970b6294276"", ""adapter_config.json"": ""fdf92e59ea3ed8249953d17a0db788ca77710a5d2192e81c2e1b071fb5cf38ca"", ""adapter_model.safetensors"": ""80bbc0ef798307c9a9ba985b11839c35118887390de46ece6d93b70c37d3f3d9"", ""chat_template.jinja"": ""830005085ddd94cec605b6e21b885b28ffad6e3f82ee6a212c523533e8f04f01"", ""processor_config.json"": ""eb8334ab39dc42fd9c5c7dd83a9c735f130d990059d2ef1a1401f078605c949b"", ""tokenizer.json"": ""0676fc5f243ffb1aee831e5a4c75dfd9122431447c26d888380e5273fddf48dc"", ""tokenizer_config.json"": ""0705650d8ae44e0e5cd4ddf77149eaca3c273f35e6eb7d24e5605c11c4831515""}",,7f29cebb9d06eca06ad0d6c690e4d5a083b71a9c42008f88e92474e3ff0eb98a,eb4075c77285da02c52794154760fa969fb21ab3dcceb0820cb7d2ba27d27471,http://images.cocodataset.org/train2017/000000482994.jpg,http://images.cocodataset.org/train2017/000000482994.jpg,,http://images.cocodataset.org/train2017/000000482994.jpg,continv,tier_b_v0.1,"{""axis"": ""semantic"", ""inverse_relation"": ""contains"", ""law"": ""paraphrase_law"", ""note"": ""containment inverse paraphrase; truth preserved"", ""original_relation"": ""inside"", ""transform"": ""continv""}",,"{""do_sample"": false, ""max_new_tokens"": 5}",tier_b_r1_2b_full,5cc3a4f64f0d09e02b3a49ba7234826aa61d42c9,v0.1
vsr_test:0547,vsr_test:0547,test,continv,semantic,The truck contains the elephant,The elephant is inside the truck.,inside,containment,elephant,truck,False,False,paraphrase_law,False,True, False.,HuggingFaceTB/SmolVLM2-2.2B-Instruct,,2B_general_lora,/home/ubuntu/vlm-spatial-reasoning/checkpoints/general_lora/final,"{""README.md"": ""ac104b898b7c66967afa018a2a35f1891c473694a89d1ef0ec75f970b6294276"", ""adapter_config.json"": ""fdf92e59ea3ed8249953d17a0db788ca77710a5d2192e81c2e1b071fb5cf38ca"", ""adapter_model.safetensors"": ""80bbc0ef798307c9a9ba985b11839c35118887390de46ece6d93b70c37d3f3d9"", ""chat_template.jinja"": ""830005085ddd94cec605b6e21b885b28ffad6e3f82ee6a212c523533e8f04f01"", ""processor_config.json"": ""eb8334ab39dc42fd9c5c7dd83a9c735f130d990059d2ef1a1401f078605c949b"", ""tokenizer.json"": ""0676fc5f243ffb1aee831e5a4c75dfd9122431447c26d888380e5273fddf48dc"", ""tokenizer_config.json"": ""0705650d8ae44e0e5cd4ddf77149eaca3c273f35e6eb7d24e5605c11c4831515""}",,7f29cebb9d06eca06ad0d6c690e4d5a083b71a9c42008f88e92474e3ff0eb98a,eb4075c77285da02c52794154760fa969fb21ab3dcceb0820cb7d2ba27d27471,http://images.cocodataset.org/train2017/000000028251.jpg,http://images.cocodataset.org/train2017/000000028251.jpg,,http://images.cocodataset.org/train2017/000000028251.jpg,continv,tier_b_v0.1,"{""axis"": ""semantic"", ""inverse_relation"": ""contains"", ""law"": ""paraphrase_law"", ""note"": ""containment inverse paraphrase; truth preserved"", ""original_relation"": ""inside"", ""transform"": ""continv""}",,"{""do_sample"": false, ""max_new_tokens"": 5}",tier_b_r1_2b_full,5cc3a4f64f0d09e02b3a49ba7234826aa61d42c9,v0.1
vsr_test:0584,vsr_test:0584,test,continv,semantic,The chair is in the train,The train contains the chair.,contains,containment,train,chair,False,False,paraphrase_law,False,True, False.,HuggingFaceTB/SmolVLM2-2.2B-Instruct,,2B_general_lora,/home/ubuntu/vlm-spatial-reasoning/checkpoints/general_lora/final,"{""README.md"": ""ac104b898b7c66967afa018a2a35f1891c473694a89d1ef0ec75f970b6294276"", ""adapter_config.json"": ""fdf92e59ea3ed8249953d17a0db788ca77710a5d2192e81c2e1b071fb5cf38ca"", ""adapter_model.safetensors"": ""80bbc0ef798307c9a9ba985b11839c35118887390de46ece6d93b70c37d3f3d9"", ""chat_template.jinja"": ""830005085ddd94cec605b6e21b885b28ffad6e3f82ee6a212c523533e8f04f01"", ""processor_config.json"": ""eb8334ab39dc42fd9c5c7dd83a9c735f130d990059d2ef1a1401f078605c949b"", ""tokenizer.json"": ""0676fc5f243ffb1aee831e5a4c75dfd9122431447c26d888380e5273fddf48dc"", ""tokenizer_config.json"": ""0705650d8ae44e0e5cd4ddf77149eaca3c273f35e6eb7d24e5605c11c4831515""}",,7f29cebb9d06eca06ad0d6c690e4d5a083b71a9c42008f88e92474e3ff0eb98a,eb4075c77285da02c52794154760fa969fb21ab3dcceb0820cb7d2ba27d27471,http://images.cocodataset.org/train2017/000000012681.jpg,http://images.cocodataset.org/train2017/000000012681.jpg,,http://images.cocodataset.org/train2017/000000012681.jpg,continv,tier_b_v0.1,"{""axis"": ""semantic"", ""inverse_relation"": ""in"", ""law"": ""paraphrase_law"", ""note"": ""containment inverse paraphrase; truth preserved"", ""original_relation"": ""contains"", ""transform"": ""continv""}",,"{""do_sample"": false, ""max_new_tokens"": 5}",tier_b_r1_2b_full,5cc3a4f64f0d09e02b3a49ba7234826aa61d42c9,v0.1
vsr_test:0587,vsr_test:0587,test,continv,semantic,The cat is in the sink,The sink contains the cat.,contains,containment,sink,cat,True,True,paraphrase_law,True,True, True.,HuggingFaceTB/SmolVLM2-2.2B-Instruct,,2B_general_lora,/home/ubuntu/vlm-spatial-reasoning/checkpoints/general_lora/final,"{""README.md"": ""ac104b898b7c66967afa018a2a35f1891c473694a89d1ef0ec75f970b6294276"", ""adapter_config.json"": ""fdf92e59ea3ed8249953d17a0db788ca77710a5d2192e81c2e1b071fb5cf38ca"", ""adapter_model.safetensors"": ""80bbc0ef798307c9a9ba985b11839c35118887390de46ece6d93b70c37d3f3d9"", ""chat_template.jinja"": ""830005085ddd94cec605b6e21b885b28ffad6e3f82ee6a212c523533e8f04f01"", ""processor_config.json"": ""eb8334ab39dc42fd9c5c7dd83a9c735f130d990059d2ef1a1401f078605c949b"", ""tokenizer.json"": ""0676fc5f243ffb1aee831e5a4c75dfd9122431447c26d888380e5273fddf48dc"", ""tokenizer_config.json"": ""0705650d8ae44e0e5cd4ddf77149eaca3c273f35e6eb7d24e5605c11c4831515""}",,7f29cebb9d06eca06ad0d6c690e4d5a083b71a9c42008f88e92474e3ff0eb98a,eb4075c77285da02c52794154760fa969fb21ab3dcceb0820cb7d2ba27d27471,http://images.cocodataset.org/train2017/000000346985.jpg,http://images.cocodataset.org/train2017/000000346985.jpg,,http://images.cocodataset.org/train2017/000000346985.jpg,continv,tier_b_v0.1,"{""axis"": ""semantic"", ""inverse_relation"": ""in"", ""law"": ""paraphrase_law"", ""note"": ""containment inverse paraphrase; truth preserved"", ""original_relation"": ""contains"", ""transform"": ""continv""}",,"{""do_sample"": false, ""max_new_tokens"": 5}",tier_b_r1_2b_full,5cc3a4f64f0d09e02b3a49ba7234826aa61d42c9,v0.1
vsr_test:0597,vsr_test:0597,test,continv,semantic,The dog is in the refrigerator,The refrigerator contains the dog.,contains,containment,refrigerator,dog,False,False,paraphrase_law,False,True, False.,HuggingFaceTB/SmolVLM2-2.2B-Instruct,,2B_general_lora,/home/ubuntu/vlm-spatial-reasoning/checkpoints/general_lora/final,"{""README.md"": ""ac104b898b7c66967afa018a2a35f1891c473694a89d1ef0ec75f970b6294276"", ""adapter_config.json"": ""fdf92e59ea3ed8249953d17a0db788ca77710a5d2192e81c2e1b071fb5cf38ca"", ""adapter_model.safetensors"": ""80bbc0ef798307c9a9ba985b11839c35118887390de46ece6d93b70c37d3f3d9"", ""chat_template.jinja"": ""830005085ddd94cec605b6e21b885b28ffad6e3f82ee6a212c523533e8f04f01"", ""processor_config.json"": ""eb8334ab39dc42fd9c5c7dd83a9c735f130d990059d2ef1a1401f078605c949b"", ""tokenizer.json"": ""0676fc5f243ffb1aee831e5a4c75dfd9122431447c26d888380e5273fddf48dc"", ""tokenizer_config.json"": ""0705650d8ae44e0e5cd4ddf77149eaca3c273f35e6eb7d24e5605c11c4831515""}",,7f29cebb9d06eca06ad0d6c690e4d5a083b71a9c42008f88e92474e3ff0eb98a,eb4075c77285da02c52794154760fa969fb21ab3dcceb0820cb7d2ba27d27471,http://images.cocodataset.org/train2017/000000335581.jpg,http://images.cocodataset.org/train2017/000000335581.jpg,,http://images.cocodataset.org/train2017/000000335581.jpg,continv,tier_b_v0.1,"{""axis"": ""semantic"", ""inverse_relation"": ""in"", ""law"": ""paraphrase_law"", ""note"": ""containment inverse paraphrase; truth preserved"", ""original_relation"": ""contains"", ""transform"": ""continv""}",,"{""do_sample"": false, ""max_new_tokens"": 5}",tier_b_r1_2b_full,5cc3a4f64f0d09e02b3a49ba7234826aa61d42c9,v0.1
vsr_test:0619,vsr_test:0619,test,continv,semantic,The suitcase contains the cat,The cat is inside the suitcase.,inside,containment,cat,suitcase,True,True,paraphrase_law,True,True, True.,HuggingFaceTB/SmolVLM2-2.2B-Instruct,,2B_general_lora,/home/ubuntu/vlm-spatial-reasoning/checkpoints/general_lora/final,"{""README.md"": ""ac104b898b7c66967afa018a2a35f1891c473694a89d1ef0ec75f970b6294276"", ""adapter_config.json"": ""fdf92e59ea3ed8249953d17a0db788ca77710a5d2192e81c2e1b071fb5cf38ca"", ""adapter_model.safetensors"": ""80bbc0ef798307c9a9ba985b11839c35118887390de46ece6d93b70c37d3f3d9"", ""chat_template.jinja"": ""830005085ddd94cec605b6e21b885b28ffad6e3f82ee6a212c523533e8f04f01"", ""processor_config.json"": ""eb8334ab39dc42fd9c5c7dd83a9c735f130d990059d2ef1a1401f078605c949b"", ""tokenizer.json"": ""0676fc5f243ffb1aee831e5a4c75dfd9122431447c26d888380e5273fddf48dc"", ""tokenizer_config.json"": ""0705650d8ae44e0e5cd4ddf77149eaca3c273f35e6eb7d24e5605c11c4831515""}",,7f29cebb9d06eca06ad0d6c690e4d5a083b71a9c42008f88e92474e3ff0eb98a,eb4075c77285da02c52794154760fa969fb21ab3dcceb0820cb7d2ba27d27471,http://images.cocodataset.org/train2017/000000141441.jpg,http://images.cocodataset.org/train2017/000000141441.jpg,,http://images.cocodataset.org/train2017/000000141441.jpg,continv,tier_b_v0.1,"{""axis"": ""semantic"", ""inverse_relation"": ""contains"", ""law"": ""paraphrase_law"", ""note"": ""containment inverse paraphrase; truth preserved"", ""original_relation"": ""inside"", ""transform"": ""continv""}",,"{""do_sample"": false, ""max_new_tokens"": 5}",tier_b_r1_2b_full,5cc3a4f64f0d09e02b3a49ba7234826aa61d42c9,v0.1
vsr_test:0661,vsr_test:0661,test,continv,semantic,The banana is in the cup,The cup contains the banana.,contains,containment,cup,banana,False,False,paraphrase_law,False,True, False.,HuggingFaceTB/SmolVLM2-2.2B-Instruct,,2B_general_lora,/home/ubuntu/vlm-spatial-reasoning/checkpoints/general_lora/final,"{""README.md"": ""ac104b898b7c66967afa018a2a35f1891c473694a89d1ef0ec75f970b6294276"", ""adapter_config.json"": ""fdf92e59ea3ed8249953d17a0db788ca77710a5d2192e81c2e1b071fb5cf38ca"", ""adapter_model.safetensors"": ""80bbc0ef798307c9a9ba985b11839c35118887390de46ece6d93b70c37d3f3d9"", ""chat_template.jinja"": ""830005085ddd94cec605b6e21b885b28ffad6e3f82ee6a212c523533e8f04f01"", ""processor_config.json"": ""eb8334ab39dc42fd9c5c7dd83a9c735f130d990059d2ef1a1401f078605c949b"", ""tokenizer.json"": ""0676fc5f243ffb1aee831e5a4c75dfd9122431447c26d888380e5273fddf48dc"", ""tokenizer_config.json"": ""0705650d8ae44e0e5cd4ddf77149eaca3c273f35e6eb7d24e5605c11c4831515""}",,7f29cebb9d06eca06ad0d6c690e4d5a083b71a9c42008f88e92474e3ff0eb98a,eb4075c77285da02c52794154760fa969fb21ab3dcceb0820cb7d2ba27d27471,http://images.cocodataset.org/train2017/000000308849.jpg,http://images.cocodataset.org/train2017/000000308849.jpg,,http://images.cocodataset.org/train2017/000000308849.jpg,continv,tier_b_v0.1,"{""axis"": ""semantic"", ""inverse_relation"": ""in"", ""law"": ""paraphrase_law"", ""note"": ""containment inverse paraphrase; truth preserved"", ""original_relation"": ""contains"", ""transform"": ""continv""}",,"{""do_sample"": false, ""max_new_tokens"": 5}",tier_b_r1_2b_full,5cc3a4f64f0d09e02b3a49ba7234826aa61d42c9,v0.1
vsr_test:0669,vsr_test:0669,test,continv,semantic,The cat is in the suitcase,The suitcase contains the cat.,contains,containment,suitcase,cat,True,True,paraphrase_law,True,True, True.,HuggingFaceTB/SmolVLM2-2.2B-Instruct,,2B_general_lora,/home/ubuntu/vlm-spatial-reasoning/checkpoints/general_lora/final,"{""README.md"": ""ac104b898b7c66967afa018a2a35f1891c473694a89d1ef0ec75f970b6294276"", ""adapter_config.json"": ""fdf92e59ea3ed8249953d17a0db788ca77710a5d2192e81c2e1b071fb5cf38ca"", ""adapter_model.safetensors"": ""80bbc0ef798307c9a9ba985b11839c35118887390de46ece6d93b70c37d3f3d9"", ""chat_template.jinja"": ""830005085ddd94cec605b6e21b885b28ffad6e3f82ee6a212c523533e8f04f01"", ""processor_config.json"": ""eb8334ab39dc42fd9c5c7dd83a9c735f130d990059d2ef1a1401f078605c949b"", ""tokenizer.json"": ""0676fc5f243ffb1aee831e5a4c75dfd9122431447c26d888380e5273fddf48dc"", ""tokenizer_config.json"": ""0705650d8ae44e0e5cd4ddf77149eaca3c273f35e6eb7d24e5605c11c4831515""}",,7f29cebb9d06eca06ad0d6c690e4d5a083b71a9c42008f88e92474e3ff0eb98a,eb4075c77285da02c52794154760fa969fb21ab3dcceb0820cb7d2ba27d27471,http://images.cocodataset.org/train2017/000000185432.jpg,http://images.cocodataset.org/train2017/000000185432.jpg,,http://images.cocodataset.org/train2017/000000185432.jpg,continv,tier_b_v0.1,"{""axis"": ""semantic"", ""inverse_relation"": ""in"", ""law"": ""paraphrase_law"", ""note"": ""containment inverse paraphrase; truth preserved"", ""original_relation"": ""contains"", ""transform"": ""continv""}",,"{""do_sample"": false, ""max_new_tokens"": 5}",tier_b_r1_2b_full,5cc3a4f64f0d09e02b3a49ba7234826aa61d42c9,v0.1
vsr_test:0687,vsr_test:0687,test,continv,semantic,The person contains the hot dog,The hot dog is in the person.,in,containment,hot dog,person,False,False,paraphrase_law,True,False, True.,HuggingFaceTB/SmolVLM2-2.2B-Instruct,,2B_general_lora,/home/ubuntu/vlm-spatial-reasoning/checkpoints/general_lora/final,"{""README.md"": ""ac104b898b7c66967afa018a2a35f1891c473694a89d1ef0ec75f970b6294276"", ""adapter_config.json"": ""fdf92e59ea3ed8249953d17a0db788ca77710a5d2192e81c2e1b071fb5cf38ca"", ""adapter_model.safetensors"": ""80bbc0ef798307c9a9ba985b11839c35118887390de46ece6d93b70c37d3f3d9"", ""chat_template.jinja"": ""830005085ddd94cec605b6e21b885b28ffad6e3f82ee6a212c523533e8f04f01"", ""processor_config.json"": ""eb8334ab39dc42fd9c5c7dd83a9c735f130d990059d2ef1a1401f078605c949b"", ""tokenizer.json"": ""0676fc5f243ffb1aee831e5a4c75dfd9122431447c26d888380e5273fddf48dc"", ""tokenizer_config.json"": ""0705650d8ae44e0e5cd4ddf77149eaca3c273f35e6eb7d24e5605c11c4831515""}",,7f29cebb9d06eca06ad0d6c690e4d5a083b71a9c42008f88e92474e3ff0eb98a,eb4075c77285da02c52794154760fa969fb21ab3dcceb0820cb7d2ba27d27471,http://images.cocodataset.org/train2017/000000574955.jpg,http://images.cocodataset.org/train2017/000000574955.jpg,,http://images.cocodataset.org/train2017/000000574955.jpg,continv,tier_b_v0.1,"{""axis"": ""semantic"", ""inverse_relation"": ""contains"", ""law"": ""paraphrase_law"", ""note"": ""containment inverse paraphrase; truth preserved"", ""original_relation"": ""in"", ""transform"": ""continv""}",,"{""do_sample"": false, ""max_new_tokens"": 5}",tier_b_r1_2b_full,5cc3a4f64f0d09e02b3a49ba7234826aa61d42c9,v0.1
vsr_test:0692,vsr_test:0692,test,continv,semantic,The sink contains the cat,The cat is in the sink.,in,containment,cat,sink,False,False,paraphrase_law,False,True, False.,HuggingFaceTB/SmolVLM2-2.2B-Instruct,,2B_general_lora,/home/ubuntu/vlm-spatial-reasoning/checkpoints/general_lora/final,"{""README.md"": ""ac104b898b7c66967afa018a2a35f1891c473694a89d1ef0ec75f970b6294276"", ""adapter_config.json"": ""fdf92e59ea3ed8249953d17a0db788ca77710a5d2192e81c2e1b071fb5cf38ca"", ""adapter_model.safetensors"": ""80bbc0ef798307c9a9ba985b11839c35118887390de46ece6d93b70c37d3f3d9"", ""chat_template.jinja"": ""830005085ddd94cec605b6e21b885b28ffad6e3f82ee6a212c523533e8f04f01"", ""processor_config.json"": ""eb8334ab39dc42fd9c5c7dd83a9c735f130d990059d2ef1a1401f078605c949b"", ""tokenizer.json"": ""0676fc5f243ffb1aee831e5a4c75dfd9122431447c26d888380e5273fddf48dc"", ""tokenizer_config.json"": ""0705650d8ae44e0e5cd4ddf77149eaca3c273f35e6eb7d24e5605c11c4831515""}",,7f29cebb9d06eca06ad0d6c690e4d5a083b71a9c42008f88e92474e3ff0eb98a,eb4075c77285da02c52794154760fa969fb21ab3dcceb0820cb7d2ba27d27471,http://images.cocodataset.org/train2017/000000550394.jpg,http://images.cocodataset.org/train2017/000000550394.jpg,,http://images.cocodataset.org/train2017/000000550394.jpg,continv,tier_b_v0.1,"{""axis"": ""semantic"", ""inverse_relation"": ""contains"", ""law"": ""paraphrase_law"", ""note"": ""containment inverse paraphrase; truth preserved"", ""original_relation"": ""in"", ""transform"": ""continv""}",,"{""do_sample"": false, ""max_new_tokens"": 5}",tier_b_r1_2b_full,5cc3a4f64f0d09e02b3a49ba7234826aa61d42c9,v0.1
vsr_test:0706,vsr_test:0706,test,continv,semantic,The teddy bear is in the car,The car contains the teddy bear.,contains,containment,car,teddy bear,False,False,paraphrase_law,False,True, False.,HuggingFaceTB/SmolVLM2-2.2B-Instruct,,2B_general_lora,/home/ubuntu/vlm-spatial-reasoning/checkpoints/general_lora/final,"{""README.md"": ""ac104b898b7c66967afa018a2a35f1891c473694a89d1ef0ec75f970b6294276"", ""adapter_config.json"": ""fdf92e59ea3ed8249953d17a0db788ca77710a5d2192e81c2e1b071fb5cf38ca"", ""adapter_model.safetensors"": ""80bbc0ef798307c9a9ba985b11839c35118887390de46ece6d93b70c37d3f3d9"", ""chat_template.jinja"": ""830005085ddd94cec605b6e21b885b28ffad6e3f82ee6a212c523533e8f04f01"", ""processor_config.json"": ""eb8334ab39dc42fd9c5c7dd83a9c735f130d990059d2ef1a1401f078605c949b"", ""tokenizer.json"": ""0676fc5f243ffb1aee831e5a4c75dfd9122431447c26d888380e5273fddf48dc"", ""tokenizer_config.json"": ""0705650d8ae44e0e5cd4ddf77149eaca3c273f35e6eb7d24e5605c11c4831515""}",,7f29cebb9d06eca06ad0d6c690e4d5a083b71a9c42008f88e92474e3ff0eb98a,eb4075c77285da02c52794154760fa969fb21ab3dcceb0820cb7d2ba27d27471,http://images.cocodataset.org/train2017/000000458132.jpg,http://images.cocodataset.org/train2017/000000458132.jpg,,http://images.cocodataset.org/train2017/000000458132.jpg,continv,tier_b_v0.1,"{""axis"": ""semantic"", ""inverse_relation"": ""in"", ""law"": ""paraphrase_law"", ""note"": ""containment inverse paraphrase; truth preserved"", ""original_relation"": ""contains"", ""transform"": ""continv""}",,"{""do_sample"": false, ""max_new_tokens"": 5}",tier_b_r1_2b_full,5cc3a4f64f0d09e02b3a49ba7234826aa61d42c9,v0.1
vsr_test:0722,vsr_test:0722,test,continv,semantic,The teddy bear is in the chair,The chair contains the teddy bear.,contains,containment,chair,teddy bear,False,False,paraphrase_law,False,True, False.,HuggingFaceTB/SmolVLM2-2.2B-Instruct,,2B_general_lora,/home/ubuntu/vlm-spatial-reasoning/checkpoints/general_lora/final,"{""README.md"": ""ac104b898b7c66967afa018a2a35f1891c473694a89d1ef0ec75f970b6294276"", ""adapter_config.json"": ""fdf92e59ea3ed8249953d17a0db788ca77710a5d2192e81c2e1b071fb5cf38ca"", ""adapter_model.safetensors"": ""80bbc0ef798307c9a9ba985b11839c35118887390de46ece6d93b70c37d3f3d9"", ""chat_template.jinja"": ""830005085ddd94cec605b6e21b885b28ffad6e3f82ee6a212c523533e8f04f01"", ""processor_config.json"": ""eb8334ab39dc42fd9c5c7dd83a9c735f130d990059d2ef1a1401f078605c949b"", ""tokenizer.json"": ""0676fc5f243ffb1aee831e5a4c75dfd9122431447c26d888380e5273fddf48dc"", ""tokenizer_config.json"": ""0705650d8ae44e0e5cd4ddf77149eaca3c273f35e6eb7d24e5605c11c4831515""}",,7f29cebb9d06eca06ad0d6c690e4d5a083b71a9c42008f88e92474e3ff0eb98a,eb4075c77285da02c52794154760fa969fb21ab3dcceb0820cb7d2ba27d27471,http://images.cocodataset.org/train2017/000000221247.jpg,http://images.cocodataset.org/train2017/000000221247.jpg,,http://images.cocodataset.org/train2017/000000221247.jpg,continv,tier_b_v0.1,"{""axis"": ""semantic"", ""inverse_relation"": ""in"", ""law"": ""paraphrase_law"", ""note"": ""containment inverse paraphrase; truth preserved"", ""original_relation"": ""contains"", ""transform"": ""continv""}",,"{""do_sample"": false, ""max_new_tokens"": 5}",tier_b_r1_2b_full,5cc3a4f64f0d09e02b3a49ba7234826aa61d42c9,v0.1
vsr_test:0734,vsr_test:0734,test,continv,semantic,The car contains the donut,The donut is inside the car.,inside,containment,donut,car,True,True,paraphrase_law,True,True, True.,HuggingFaceTB/SmolVLM2-2.2B-Instruct,,2B_general_lora,/home/ubuntu/vlm-spatial-reasoning/checkpoints/general_lora/final,"{""README.md"": ""ac104b898b7c66967afa018a2a35f1891c473694a89d1ef0ec75f970b6294276"", ""adapter_config.json"": ""fdf92e59ea3ed8249953d17a0db788ca77710a5d2192e81c2e1b071fb5cf38ca"", ""adapter_model.safetensors"": ""80bbc0ef798307c9a9ba985b11839c35118887390de46ece6d93b70c37d3f3d9"", ""chat_template.jinja"": ""830005085ddd94cec605b6e21b885b28ffad6e3f82ee6a212c523533e8f04f01"", ""processor_config.json"": ""eb8334ab39dc42fd9c5c7dd83a9c735f130d990059d2ef1a1401f078605c949b"", ""tokenizer.json"": ""0676fc5f243ffb1aee831e5a4c75dfd9122431447c26d888380e5273fddf48dc"", ""tokenizer_config.json"": ""0705650d8ae44e0e5cd4ddf77149eaca3c273f35e6eb7d24e5605c11c4831515""}",,7f29cebb9d06eca06ad0d6c690e4d5a083b71a9c42008f88e92474e3ff0eb98a,eb4075c77285da02c52794154760fa969fb21ab3dcceb0820cb7d2ba27d27471,http://images.cocodataset.org/train2017/000000196002.jpg,http://images.cocodataset.org/train2017/000000196002.jpg,,http://images.cocodataset.org/train2017/000000196002.jpg,continv,tier_b_v0.1,"{""axis"": ""semantic"", ""inverse_relation"": ""contains"", ""law"": ""paraphrase_law"", ""note"": ""containment inverse paraphrase; truth preserved"", ""original_relation"": ""inside"", ""transform"": ""continv""}",,"{""do_sample"": false, ""max_new_tokens"": 5}",tier_b_r1_2b_full,5cc3a4f64f0d09e02b3a49ba7234826aa61d42c9,v0.1
vsr_test:0740,vsr_test:0740,test,continv,semantic,The cat is in the suitcase,The suitcase contains the cat.,contains,containment,suitcase,cat,False,False,paraphrase_law,True,False, True.,HuggingFaceTB/SmolVLM2-2.2B-Instruct,,2B_general_lora,/home/ubuntu/vlm-spatial-reasoning/checkpoints/general_lora/final,"{""README.md"": ""ac104b898b7c66967afa018a2a35f1891c473694a89d1ef0ec75f970b6294276"", ""adapter_config.json"": ""fdf92e59ea3ed8249953d17a0db788ca77710a5d2192e81c2e1b071fb5cf38ca"", ""adapter_model.safetensors"": ""80bbc0ef798307c9a9ba985b11839c35118887390de46ece6d93b70c37d3f3d9"", ""chat_template.jinja"": ""830005085ddd94cec605b6e21b885b28ffad6e3f82ee6a212c523533e8f04f01"", ""processor_config.json"": ""eb8334ab39dc42fd9c5c7dd83a9c735f130d990059d2ef1a1401f078605c949b"", ""tokenizer.json"": ""0676fc5f243ffb1aee831e5a4c75dfd9122431447c26d888380e5273fddf48dc"", ""tokenizer_config.json"": ""0705650d8ae44e0e5cd4ddf77149eaca3c273f35e6eb7d24e5605c11c4831515""}",,7f29cebb9d06eca06ad0d6c690e4d5a083b71a9c42008f88e92474e3ff0eb98a,eb4075c77285da02c52794154760fa969fb21ab3dcceb0820cb7d2ba27d27471,http://images.cocodataset.org/train2017/000000282002.jpg,http://images.cocodataset.org/train2017/000000282002.jpg,,http://images.cocodataset.org/train2017/000000282002.jpg,continv,tier_b_v0.1,"{""axis"": ""semantic"", ""inverse_relation"": ""in"", ""law"": ""paraphrase_law"", ""note"": ""containment inverse paraphrase; truth preserved"", ""original_relation"": ""contains"", ""transform"": ""continv""}",,"{""do_sample"": false, ""max_new_tokens"": 5}",tier_b_r1_2b_full,5cc3a4f64f0d09e02b3a49ba7234826aa61d42c9,v0.1
vsr_test:0753,vsr_test:0753,test,continv,semantic,The truck contains the elephant,The elephant is in the truck.,in,containment,elephant,truck,False,False,paraphrase_law,False,True, False.,HuggingFaceTB/SmolVLM2-2.2B-Instruct,,2B_general_lora,/home/ubuntu/vlm-spatial-reasoning/checkpoints/general_lora/final,"{""README.md"": ""ac104b898b7c66967afa018a2a35f1891c473694a89d1ef0ec75f970b6294276"", ""adapter_config.json"": ""fdf92e59ea3ed8249953d17a0db788ca77710a5d2192e81c2e1b071fb5cf38ca"", ""adapter_model.safetensors"": ""80bbc0ef798307c9a9ba985b11839c35118887390de46ece6d93b70c37d3f3d9"", ""chat_template.jinja"": ""830005085ddd94cec605b6e21b885b28ffad6e3f82ee6a212c523533e8f04f01"", ""processor_config.json"": ""eb8334ab39dc42fd9c5c7dd83a9c735f130d990059d2ef1a1401f078605c949b"", ""tokenizer.json"": ""0676fc5f243ffb1aee831e5a4c75dfd9122431447c26d888380e5273fddf48dc"", ""tokenizer_config.json"": ""0705650d8ae44e0e5cd4ddf77149eaca3c273f35e6eb7d24e5605c11c4831515""}",,7f29cebb9d06eca06ad0d6c690e4d5a083b71a9c42008f88e92474e3ff0eb98a,eb4075c77285da02c52794154760fa969fb21ab3dcceb0820cb7d2ba27d27471,http://images.cocodataset.org/train2017/000000166631.jpg,http://images.cocodataset.org/train2017/000000166631.jpg,,http://images.cocodataset.org/train2017/000000166631.jpg,continv,tier_b_v0.1,"{""axis"": ""semantic"", ""inverse_relation"": ""contains"", ""law"": ""paraphrase_law"", ""note"": ""containment inverse paraphrase; truth preserved"", ""original_relation"": ""in"", ""transform"": ""continv""}",,"{""do_sample"": false, ""max_new_tokens"": 5}",tier_b_r1_2b_full,5cc3a4f64f0d09e02b3a49ba7234826aa61d42c9,v0.1
vsr_test:0767,vsr_test:0767,test,continv,semantic,The cat is in the backpack,The backpack contains the cat.,contains,containment,backpack,cat,True,True,paraphrase_law,True,True, True.,HuggingFaceTB/SmolVLM2-2.2B-Instruct,,2B_general_lora,/home/ubuntu/vlm-spatial-reasoning/checkpoints/general_lora/final,"{""README.md"": ""ac104b898b7c66967afa018a2a35f1891c473694a89d1ef0ec75f970b6294276"", ""adapter_config.json"": ""fdf92e59ea3ed8249953d17a0db788ca77710a5d2192e81c2e1b071fb5cf38ca"", ""adapter_model.safetensors"": ""80bbc0ef798307c9a9ba985b11839c35118887390de46ece6d93b70c37d3f3d9"", ""chat_template.jinja"": ""830005085ddd94cec605b6e21b885b28ffad6e3f82ee6a212c523533e8f04f01"", ""processor_config.json"": ""eb8334ab39dc42fd9c5c7dd83a9c735f130d990059d2ef1a1401f078605c949b"", ""tokenizer.json"": ""0676fc5f243ffb1aee831e5a4c75dfd9122431447c26d888380e5273fddf48dc"", ""tokenizer_config.json"": ""0705650d8ae44e0e5cd4ddf77149eaca3c273f35e6eb7d24e5605c11c4831515""}",,7f29cebb9d06eca06ad0d6c690e4d5a083b71a9c42008f88e92474e3ff0eb98a,eb4075c77285da02c52794154760fa969fb21ab3dcceb0820cb7d2ba27d27471,http://images.cocodataset.org/train2017/000000041132.jpg,http://images.cocodataset.org/train2017/000000041132.jpg,,http://images.cocodataset.org/train2017/000000041132.jpg,continv,tier_b_v0.1,"{""axis"": ""semantic"", ""inverse_relation"": ""in"", ""law"": ""paraphrase_law"", ""note"": ""containment inverse paraphrase; truth preserved"", ""original_relation"": ""contains"", ""transform"": ""continv""}",,"{""do_sample"": false, ""max_new_tokens"": 5}",tier_b_r1_2b_full,5cc3a4f64f0d09e02b3a49ba7234826aa61d42c9,v0.1
vsr_test:0776,vsr_test:0776,test,continv,semantic,The pizza contains the oven,The oven is in the pizza.,in,containment,oven,pizza,False,False,paraphrase_law,False,True, False.,HuggingFaceTB/SmolVLM2-2.2B-Instruct,,2B_general_lora,/home/ubuntu/vlm-spatial-reasoning/checkpoints/general_lora/final,"{""README.md"": ""ac104b898b7c66967afa018a2a35f1891c473694a89d1ef0ec75f970b6294276"", ""adapter_config.json"": ""fdf92e59ea3ed8249953d17a0db788ca77710a5d2192e81c2e1b071fb5cf38ca"", ""adapter_model.safetensors"": ""80bbc0ef798307c9a9ba985b11839c35118887390de46ece6d93b70c37d3f3d9"", ""chat_template.jinja"": ""830005085ddd94cec605b6e21b885b28ffad6e3f82ee6a212c523533e8f04f01"", ""processor_config.json"": ""eb8334ab39dc42fd9c5c7dd83a9c735f130d990059d2ef1a1401f078605c949b"", ""tokenizer.json"": ""0676fc5f243ffb1aee831e5a4c75dfd9122431447c26d888380e5273fddf48dc"", ""tokenizer_config.json"": ""0705650d8ae44e0e5cd4ddf77149eaca3c273f35e6eb7d24e5605c11c4831515""}",,7f29cebb9d06eca06ad0d6c690e4d5a083b71a9c42008f88e92474e3ff0eb98a,eb4075c77285da02c52794154760fa969fb21ab3dcceb0820cb7d2ba27d27471,http://images.cocodataset.org/train2017/000000116521.jpg,http://images.cocodataset.org/train2017/000000116521.jpg,,http://images.cocodataset.org/train2017/000000116521.jpg,continv,tier_b_v0.1,"{""axis"": ""semantic"", ""inverse_relation"": ""contains"", ""law"": ""paraphrase_law"", ""note"": ""containment inverse paraphrase; truth preserved"", ""original_relation"": ""in"", ""transform"": ""continv""}",,"{""do_sample"": false, ""max_new_tokens"": 5}",tier_b_r1_2b_full,5cc3a4f64f0d09e02b3a49ba7234826aa61d42c9,v0.1
vsr_test:0791,vsr_test:0791,test,continv,semantic,The suitcase contains the cat,The cat is inside the suitcase.,inside,containment,cat,suitcase,False,False,paraphrase_law,True,False, True.,HuggingFaceTB/SmolVLM2-2.2B-Instruct,,2B_general_lora,/home/ubuntu/vlm-spatial-reasoning/checkpoints/general_lora/final,"{""README.md"": ""ac104b898b7c66967afa018a2a35f1891c473694a89d1ef0ec75f970b6294276"", ""adapter_config.json"": ""fdf92e59ea3ed8249953d17a0db788ca77710a5d2192e81c2e1b071fb5cf38ca"", ""adapter_model.safetensors"": ""80bbc0ef798307c9a9ba985b11839c35118887390de46ece6d93b70c37d3f3d9"", ""chat_template.jinja"": ""830005085ddd94cec605b6e21b885b28ffad6e3f82ee6a212c523533e8f04f01"", ""processor_config.json"": ""eb8334ab39dc42fd9c5c7dd83a9c735f130d990059d2ef1a1401f078605c949b"", ""tokenizer.json"": ""0676fc5f243ffb1aee831e5a4c75dfd9122431447c26d888380e5273fddf48dc"", ""tokenizer_config.json"": ""0705650d8ae44e0e5cd4ddf77149eaca3c273f35e6eb7d24e5605c11c4831515""}",,7f29cebb9d06eca06ad0d6c690e4d5a083b71a9c42008f88e92474e3ff0eb98a,eb4075c77285da02c52794154760fa969fb21ab3dcceb0820cb7d2ba27d27471,http://images.cocodataset.org/train2017/000000522380.jpg,http://images.cocodataset.org/train2017/000000522380.jpg,,http://images.cocodataset.org/train2017/000000522380.jpg,continv,tier_b_v0.1,"{""axis"": ""semantic"", ""inverse_relation"": ""contains"", ""law"": ""paraphrase_law"", ""note"": ""containment inverse paraphrase; truth preserved"", ""original_relation"": ""inside"", ""transform"": ""continv""}",,"{""do_sample"": false, ""max_new_tokens"": 5}",tier_b_r1_2b_full,5cc3a4f64f0d09e02b3a49ba7234826aa61d42c9,v0.1
vsr_test:0792,vsr_test:0792,test,continv,semantic,The bowl contains the banana,The banana is inside the bowl.,inside,containment,banana,bowl,False,False,paraphrase_law,False,True, False.,HuggingFaceTB/SmolVLM2-2.2B-Instruct,,2B_general_lora,/home/ubuntu/vlm-spatial-reasoning/checkpoints/general_lora/final,"{""README.md"": ""ac104b898b7c66967afa018a2a35f1891c473694a89d1ef0ec75f970b6294276"", ""adapter_config.json"": ""fdf92e59ea3ed8249953d17a0db788ca77710a5d2192e81c2e1b071fb5cf38ca"", ""adapter_model.safetensors"": ""80bbc0ef798307c9a9ba985b11839c35118887390de46ece6d93b70c37d3f3d9"", ""chat_template.jinja"": ""830005085ddd94cec605b6e21b885b28ffad6e3f82ee6a212c523533e8f04f01"", ""processor_config.json"": ""eb8334ab39dc42fd9c5c7dd83a9c735f130d990059d2ef1a1401f078605c949b"", ""tokenizer.json"": ""0676fc5f243ffb1aee831e5a4c75dfd9122431447c26d888380e5273fddf48dc"", ""tokenizer_config.json"": ""0705650d8ae44e0e5cd4ddf77149eaca3c273f35e6eb7d24e5605c11c4831515""}",,7f29cebb9d06eca06ad0d6c690e4d5a083b71a9c42008f88e92474e3ff0eb98a,eb4075c77285da02c52794154760fa969fb21ab3dcceb0820cb7d2ba27d27471,http://images.cocodataset.org/train2017/000000546337.jpg,http://images.cocodataset.org/train2017/000000546337.jpg,,http://images.cocodataset.org/train2017/000000546337.jpg,continv,tier_b_v0.1,"{""axis"": ""semantic"", ""inverse_relation"": ""contains"", ""law"": ""paraphrase_law"", ""note"": ""containment inverse paraphrase; truth preserved"", ""original_relation"": ""inside"", ""transform"": ""continv""}",,"{""do_sample"": false, ""max_new_tokens"": 5}",tier_b_r1_2b_full,5cc3a4f64f0d09e02b3a49ba7234826aa61d42c9,v0.1
vsr_test:0793,vsr_test:0793,test,continv,semantic,The toilet contains the cat,The cat is in the toilet.,in,containment,cat,toilet,False,False,paraphrase_law,True,False, True.,HuggingFaceTB/SmolVLM2-2.2B-Instruct,,2B_general_lora,/home/ubuntu/vlm-spatial-reasoning/checkpoints/general_lora/final,"{""README.md"": ""ac104b898b7c66967afa018a2a35f1891c473694a89d1ef0ec75f970b6294276"", ""adapter_config.json"": ""fdf92e59ea3ed8249953d17a0db788ca77710a5d2192e81c2e1b071fb5cf38ca"", ""adapter_model.safetensors"": ""80bbc0ef798307c9a9ba985b11839c35118887390de46ece6d93b70c37d3f3d9"", ""chat_template.jinja"": ""830005085ddd94cec605b6e21b885b28ffad6e3f82ee6a212c523533e8f04f01"", ""processor_config.json"": ""eb8334ab39dc42fd9c5c7dd83a9c735f130d990059d2ef1a1401f078605c949b"", ""tokenizer.json"": ""0676fc5f243ffb1aee831e5a4c75dfd9122431447c26d888380e5273fddf48dc"", ""tokenizer_config.json"": ""0705650d8ae44e0e5cd4ddf77149eaca3c273f35e6eb7d24e5605c11c4831515""}",,7f29cebb9d06eca06ad0d6c690e4d5a083b71a9c42008f88e92474e3ff0eb98a,eb4075c77285da02c52794154760fa969fb21ab3dcceb0820cb7d2ba27d27471,http://images.cocodataset.org/train2017/000000048935.jpg,http://images.cocodataset.org/train2017/000000048935.jpg,,http://images.cocodataset.org/train2017/000000048935.jpg,continv,tier_b_v0.1,"{""axis"": ""semantic"", ""inverse_relation"": ""contains"", ""law"": ""paraphrase_law"", ""note"": ""containment inverse paraphrase; truth preserved"", ""original_relation"": ""in"", ""transform"": ""continv""}",,"{""do_sample"": false, ""max_new_tokens"": 5}",tier_b_r1_2b_full,5cc3a4f64f0d09e02b3a49ba7234826aa61d42c9,v0.1
vsr_test:0806,vsr_test:0806,test,continv,semantic,The oven contains the cake,The cake is inside the oven.,inside,containment,cake,oven,True,True,paraphrase_law,True,True, True.,HuggingFaceTB/SmolVLM2-2.2B-Instruct,,2B_general_lora,/home/ubuntu/vlm-spatial-reasoning/checkpoints/general_lora/final,"{""README.md"": ""ac104b898b7c66967afa018a2a35f1891c473694a89d1ef0ec75f970b6294276"", ""adapter_config.json"": ""fdf92e59ea3ed8249953d17a0db788ca77710a5d2192e81c2e1b071fb5cf38ca"", ""adapter_model.safetensors"": ""80bbc0ef798307c9a9ba985b11839c35118887390de46ece6d93b70c37d3f3d9"", ""chat_template.jinja"": ""830005085ddd94cec605b6e21b885b28ffad6e3f82ee6a212c523533e8f04f01"", ""processor_config.json"": ""eb8334ab39dc42fd9c5c7dd83a9c735f130d990059d2ef1a1401f078605c949b"", ""tokenizer.json"": ""0676fc5f243ffb1aee831e5a4c75dfd9122431447c26d888380e5273fddf48dc"", ""tokenizer_config.json"": ""0705650d8ae44e0e5cd4ddf77149eaca3c273f35e6eb7d24e5605c11c4831515""}",,7f29cebb9d06eca06ad0d6c690e4d5a083b71a9c42008f88e92474e3ff0eb98a,eb4075c77285da02c52794154760fa969fb21ab3dcceb0820cb7d2ba27d27471,http://images.cocodataset.org/train2017/000000201925.jpg,http://images.cocodataset.org/train2017/000000201925.jpg,,http://images.cocodataset.org/train2017/000000201925.jpg,continv,tier_b_v0.1,"{""axis"": ""semantic"", ""inverse_relation"": ""contains"", ""law"": ""paraphrase_law"", ""note"": ""containment inverse paraphrase; truth preserved"", ""original_relation"": ""inside"", ""transform"": ""continv""}",,"{""do_sample"": false, ""max_new_tokens"": 5}",tier_b_r1_2b_full,5cc3a4f64f0d09e02b3a49ba7234826aa61d42c9,v0.1
vsr_test:0825,vsr_test:0825,test,continv,semantic,The truck contains the surfboard,The surfboard is in the truck.,in,containment,surfboard,truck,False,False,paraphrase_law,False,True, False.,HuggingFaceTB/SmolVLM2-2.2B-Instruct,,2B_general_lora,/home/ubuntu/vlm-spatial-reasoning/checkpoints/general_lora/final,"{""README.md"": ""ac104b898b7c66967afa018a2a35f1891c473694a89d1ef0ec75f970b6294276"", ""adapter_config.json"": ""fdf92e59ea3ed8249953d17a0db788ca77710a5d2192e81c2e1b071fb5cf38ca"", ""adapter_model.safetensors"": ""80bbc0ef798307c9a9ba985b11839c35118887390de46ece6d93b70c37d3f3d9"", ""chat_template.jinja"": ""830005085ddd94cec605b6e21b885b28ffad6e3f82ee6a212c523533e8f04f01"", ""processor_config.json"": ""eb8334ab39dc42fd9c5c7dd83a9c735f130d990059d2ef1a1401f078605c949b"", ""tokenizer.json"": ""0676fc5f243ffb1aee831e5a4c75dfd9122431447c26d888380e5273fddf48dc"", ""tokenizer_config.json"": ""0705650d8ae44e0e5cd4ddf77149eaca3c273f35e6eb7d24e5605c11c4831515""}",,7f29cebb9d06eca06ad0d6c690e4d5a083b71a9c42008f88e92474e3ff0eb98a,eb4075c77285da02c52794154760fa969fb21ab3dcceb0820cb7d2ba27d27471,http://images.cocodataset.org/train2017/000000250035.jpg,http://images.cocodataset.org/train2017/000000250035.jpg,,http://images.cocodataset.org/train2017/000000250035.jpg,continv,tier_b_v0.1,"{""axis"": ""semantic"", ""inverse_relation"": ""contains"", ""law"": ""paraphrase_law"", ""note"": ""containment inverse paraphrase; truth preserved"", ""original_relation"": ""in"", ""transform"": ""continv""}",,"{""do_sample"": false, ""max_new_tokens"": 5}",tier_b_r1_2b_full,5cc3a4f64f0d09e02b3a49ba7234826aa61d42c9,v0.1
vsr_test:0829,vsr_test:0829,test,continv,semantic,The suitcase contains the cat,The cat is in the suitcase.,in,containment,cat,suitcase,False,False,paraphrase_law,False,True, False.,HuggingFaceTB/SmolVLM2-2.2B-Instruct,,2B_general_lora,/home/ubuntu/vlm-spatial-reasoning/checkpoints/general_lora/final,"{""README.md"": ""ac104b898b7c66967afa018a2a35f1891c473694a89d1ef0ec75f970b6294276"", ""adapter_config.json"": ""fdf92e59ea3ed8249953d17a0db788ca77710a5d2192e81c2e1b071fb5cf38ca"", ""adapter_model.safetensors"": ""80bbc0ef798307c9a9ba985b11839c35118887390de46ece6d93b70c37d3f3d9"", ""chat_template.jinja"": ""830005085ddd94cec605b6e21b885b28ffad6e3f82ee6a212c523533e8f04f01"", ""processor_config.json"": ""eb8334ab39dc42fd9c5c7dd83a9c735f130d990059d2ef1a1401f078605c949b"", ""tokenizer.json"": ""0676fc5f243ffb1aee831e5a4c75dfd9122431447c26d888380e5273fddf48dc"", ""tokenizer_config.json"": ""0705650d8ae44e0e5cd4ddf77149eaca3c273f35e6eb7d24e5605c11c4831515""}",,7f29cebb9d06eca06ad0d6c690e4d5a083b71a9c42008f88e92474e3ff0eb98a,eb4075c77285da02c52794154760fa969fb21ab3dcceb0820cb7d2ba27d27471,http://images.cocodataset.org/train2017/000000104454.jpg,http://images.cocodataset.org/train2017/000000104454.jpg,,http://images.cocodataset.org/train2017/000000104454.jpg,continv,tier_b_v0.1,"{""axis"": ""semantic"", ""inverse_relation"": ""contains"", ""law"": ""paraphrase_law"", ""note"": ""containment inverse paraphrase; truth preserved"", ""original_relation"": ""in"", ""transform"": ""continv""}",,"{""do_sample"": false, ""max_new_tokens"": 5}",tier_b_r1_2b_full,5cc3a4f64f0d09e02b3a49ba7234826aa61d42c9,v0.1
vsr_test:0830,vsr_test:0830,test,continv,semantic,The person is in the bus,The bus contains the person.,contains,containment,bus,person,False,False,paraphrase_law,False,True, False.,HuggingFaceTB/SmolVLM2-2.2B-Instruct,,2B_general_lora,/home/ubuntu/vlm-spatial-reasoning/checkpoints/general_lora/final,"{""README.md"": ""ac104b898b7c66967afa018a2a35f1891c473694a89d1ef0ec75f970b6294276"", ""adapter_config.json"": ""fdf92e59ea3ed8249953d17a0db788ca77710a5d2192e81c2e1b071fb5cf38ca"", ""adapter_model.safetensors"": ""80bbc0ef798307c9a9ba985b11839c35118887390de46ece6d93b70c37d3f3d9"", ""chat_template.jinja"": ""830005085ddd94cec605b6e21b885b28ffad6e3f82ee6a212c523533e8f04f01"", ""processor_config.json"": ""eb8334ab39dc42fd9c5c7dd83a9c735f130d990059d2ef1a1401f078605c949b"", ""tokenizer.json"": ""0676fc5f243ffb1aee831e5a4c75dfd9122431447c26d888380e5273fddf48dc"", ""tokenizer_config.json"": ""0705650d8ae44e0e5cd4ddf77149eaca3c273f35e6eb7d24e5605c11c4831515""}",,7f29cebb9d06eca06ad0d6c690e4d5a083b71a9c42008f88e92474e3ff0eb98a,eb4075c77285da02c52794154760fa969fb21ab3dcceb0820cb7d2ba27d27471,http://images.cocodataset.org/train2017/000000507502.jpg,http://images.cocodataset.org/train2017/000000507502.jpg,,http://images.cocodataset.org/train2017/000000507502.jpg,continv,tier_b_v0.1,"{""axis"": ""semantic"", ""inverse_relation"": ""in"", ""law"": ""paraphrase_law"", ""note"": ""containment inverse paraphrase; truth preserved"", ""original_relation"": ""contains"", ""transform"": ""continv""}",,"{""do_sample"": false, ""max_new_tokens"": 5}",tier_b_r1_2b_full,5cc3a4f64f0d09e02b3a49ba7234826aa61d42c9,v0.1
vsr_test:0874,vsr_test:0874,test,continv,semantic,The oven contains the cake,The cake is in the oven.,in,containment,cake,oven,True,True,paraphrase_law,True,True, True.,HuggingFaceTB/SmolVLM2-2.2B-Instruct,,2B_general_lora,/home/ubuntu/vlm-spatial-reasoning/checkpoints/general_lora/final,"{""README.md"": ""ac104b898b7c66967afa018a2a35f1891c473694a89d1ef0ec75f970b6294276"", ""adapter_config.json"": ""fdf92e59ea3ed8249953d17a0db788ca77710a5d2192e81c2e1b071fb5cf38ca"", ""adapter_model.safetensors"": ""80bbc0ef798307c9a9ba985b11839c35118887390de46ece6d93b70c37d3f3d9"", ""chat_template.jinja"": ""830005085ddd94cec605b6e21b885b28ffad6e3f82ee6a212c523533e8f04f01"", ""processor_config.json"": ""eb8334ab39dc42fd9c5c7dd83a9c735f130d990059d2ef1a1401f078605c949b"", ""tokenizer.json"": ""0676fc5f243ffb1aee831e5a4c75dfd9122431447c26d888380e5273fddf48dc"", ""tokenizer_config.json"": ""0705650d8ae44e0e5cd4ddf77149eaca3c273f35e6eb7d24e5605c11c4831515""}",,7f29cebb9d06eca06ad0d6c690e4d5a083b71a9c42008f88e92474e3ff0eb98a,eb4075c77285da02c52794154760fa969fb21ab3dcceb0820cb7d2ba27d27471,http://images.cocodataset.org/train2017/000000396725.jpg,http://images.cocodataset.org/train2017/000000396725.jpg,,http://images.cocodataset.org/train2017/000000396725.jpg,continv,tier_b_v0.1,"{""axis"": ""semantic"", ""inverse_relation"": ""contains"", ""law"": ""paraphrase_law"", ""note"": ""containment inverse paraphrase; truth preserved"", ""original_relation"": ""in"", ""transform"": ""continv""}",,"{""do_sample"": false, ""max_new_tokens"": 5}",tier_b_r1_2b_full,5cc3a4f64f0d09e02b3a49ba7234826aa61d42c9,v0.1
vsr_test:0882,vsr_test:0882,test,continv,semantic,The cat is in the cup,The cup contains the cat.,contains,containment,cup,cat,True,True,paraphrase_law,False,False, False.,HuggingFaceTB/SmolVLM2-2.2B-Instruct,,2B_general_lora,/home/ubuntu/vlm-spatial-reasoning/checkpoints/general_lora/final,"{""README.md"": ""ac104b898b7c66967afa018a2a35f1891c473694a89d1ef0ec75f970b6294276"", ""adapter_config.json"": ""fdf92e59ea3ed8249953d17a0db788ca77710a5d2192e81c2e1b071fb5cf38ca"", ""adapter_model.safetensors"": ""80bbc0ef798307c9a9ba985b11839c35118887390de46ece6d93b70c37d3f3d9"", ""chat_template.jinja"": ""830005085ddd94cec605b6e21b885b28ffad6e3f82ee6a212c523533e8f04f01"", ""processor_config.json"": ""eb8334ab39dc42fd9c5c7dd83a9c735f130d990059d2ef1a1401f078605c949b"", ""tokenizer.json"": ""0676fc5f243ffb1aee831e5a4c75dfd9122431447c26d888380e5273fddf48dc"", ""tokenizer_config.json"": ""0705650d8ae44e0e5cd4ddf77149eaca3c273f35e6eb7d24e5605c11c4831515""}",,7f29cebb9d06eca06ad0d6c690e4d5a083b71a9c42008f88e92474e3ff0eb98a,eb4075c77285da02c52794154760fa969fb21ab3dcceb0820cb7d2ba27d27471,http://images.cocodataset.org/train2017/000000440650.jpg,http://images.cocodataset.org/train2017/000000440650.jpg,,http://images.cocodataset.org/train2017/000000440650.jpg,continv,tier_b_v0.1,"{""axis"": ""semantic"", ""inverse_relation"": ""in"", ""law"": ""paraphrase_law"", ""note"": ""containment inverse paraphrase; truth preserved"", ""original_relation"": ""contains"", ""transform"": ""continv""}",,"{""do_sample"": false, ""max_new_tokens"": 5}",tier_b_r1_2b_full,5cc3a4f64f0d09e02b3a49ba7234826aa61d42c9,v0.1
vsr_test:0903,vsr_test:0903,test,continv,semantic,The chair is in the train,The train contains the chair.,contains,containment,train,chair,True,True,paraphrase_law,True,True, True.,HuggingFaceTB/SmolVLM2-2.2B-Instruct,,2B_general_lora,/home/ubuntu/vlm-spatial-reasoning/checkpoints/general_lora/final,"{""README.md"": ""ac104b898b7c66967afa018a2a35f1891c473694a89d1ef0ec75f970b6294276"", ""adapter_config.json"": ""fdf92e59ea3ed8249953d17a0db788ca77710a5d2192e81c2e1b071fb5cf38ca"", ""adapter_model.safetensors"": ""80bbc0ef798307c9a9ba985b11839c35118887390de46ece6d93b70c37d3f3d9"", ""chat_template.jinja"": ""830005085ddd94cec605b6e21b885b28ffad6e3f82ee6a212c523533e8f04f01"", ""processor_config.json"": ""eb8334ab39dc42fd9c5c7dd83a9c735f130d990059d2ef1a1401f078605c949b"", ""tokenizer.json"": ""0676fc5f243ffb1aee831e5a4c75dfd9122431447c26d888380e5273fddf48dc"", ""tokenizer_config.json"": ""0705650d8ae44e0e5cd4ddf77149eaca3c273f35e6eb7d24e5605c11c4831515""}",,7f29cebb9d06eca06ad0d6c690e4d5a083b71a9c42008f88e92474e3ff0eb98a,eb4075c77285da02c52794154760fa969fb21ab3dcceb0820cb7d2ba27d27471,http://images.cocodataset.org/train2017/000000281660.jpg,http://images.cocodataset.org/train2017/000000281660.jpg,,http://images.cocodataset.org/train2017/000000281660.jpg,continv,tier_b_v0.1,"{""axis"": ""semantic"", ""inverse_relation"": ""in"", ""law"": ""paraphrase_law"", ""note"": ""containment inverse paraphrase; truth preserved"", ""original_relation"": ""contains"", ""transform"": ""continv""}",,"{""do_sample"": false, ""max_new_tokens"": 5}",tier_b_r1_2b_full,5cc3a4f64f0d09e02b3a49ba7234826aa61d42c9,v0.1
vsr_test:0906,vsr_test:0906,test,continv,semantic,The suitcase contains the person,The person is in the suitcase.,in,containment,person,suitcase,False,False,paraphrase_law,False,True, False.,HuggingFaceTB/SmolVLM2-2.2B-Instruct,,2B_general_lora,/home/ubuntu/vlm-spatial-reasoning/checkpoints/general_lora/final,"{""README.md"": ""ac104b898b7c66967afa018a2a35f1891c473694a89d1ef0ec75f970b6294276"", ""adapter_config.json"": ""fdf92e59ea3ed8249953d17a0db788ca77710a5d2192e81c2e1b071fb5cf38ca"", ""adapter_model.safetensors"": ""80bbc0ef798307c9a9ba985b11839c35118887390de46ece6d93b70c37d3f3d9"", ""chat_template.jinja"": ""830005085ddd94cec605b6e21b885b28ffad6e3f82ee6a212c523533e8f04f01"", ""processor_config.json"": ""eb8334ab39dc42fd9c5c7dd83a9c735f130d990059d2ef1a1401f078605c949b"", ""tokenizer.json"": ""0676fc5f243ffb1aee831e5a4c75dfd9122431447c26d888380e5273fddf48dc"", ""tokenizer_config.json"": ""0705650d8ae44e0e5cd4ddf77149eaca3c273f35e6eb7d24e5605c11c4831515""}",,7f29cebb9d06eca06ad0d6c690e4d5a083b71a9c42008f88e92474e3ff0eb98a,eb4075c77285da02c52794154760fa969fb21ab3dcceb0820cb7d2ba27d27471,http://images.cocodataset.org/train2017/000000243527.jpg,http://images.cocodataset.org/train2017/000000243527.jpg,,http://images.cocodataset.org/train2017/000000243527.jpg,continv,tier_b_v0.1,"{""axis"": ""semantic"", ""inverse_relation"": ""contains"", ""law"": ""paraphrase_law"", ""note"": ""containment inverse paraphrase; truth preserved"", ""original_relation"": ""in"", ""transform"": ""continv""}",,"{""do_sample"": false, ""max_new_tokens"": 5}",tier_b_r1_2b_full,5cc3a4f64f0d09e02b3a49ba7234826aa61d42c9,v0.1
vsr_test:0907,vsr_test:0907,test,continv,semantic,The suitcase contains the person,The person is inside the suitcase.,inside,containment,person,suitcase,True,True,paraphrase_law,True,True, True.,HuggingFaceTB/SmolVLM2-2.2B-Instruct,,2B_general_lora,/home/ubuntu/vlm-spatial-reasoning/checkpoints/general_lora/final,"{""README.md"": ""ac104b898b7c66967afa018a2a35f1891c473694a89d1ef0ec75f970b6294276"", ""adapter_config.json"": ""fdf92e59ea3ed8249953d17a0db788ca77710a5d2192e81c2e1b071fb5cf38ca"", ""adapter_model.safetensors"": ""80bbc0ef798307c9a9ba985b11839c35118887390de46ece6d93b70c37d3f3d9"", ""chat_template.jinja"": ""830005085ddd94cec605b6e21b885b28ffad6e3f82ee6a212c523533e8f04f01"", ""processor_config.json"": ""eb8334ab39dc42fd9c5c7dd83a9c735f130d990059d2ef1a1401f078605c949b"", ""tokenizer.json"": ""0676fc5f243ffb1aee831e5a4c75dfd9122431447c26d888380e5273fddf48dc"", ""tokenizer_config.json"": ""0705650d8ae44e0e5cd4ddf77149eaca3c273f35e6eb7d24e5605c11c4831515""}",,7f29cebb9d06eca06ad0d6c690e4d5a083b71a9c42008f88e92474e3ff0eb98a,eb4075c77285da02c52794154760fa969fb21ab3dcceb0820cb7d2ba27d27471,http://images.cocodataset.org/train2017/000000256533.jpg,http://images.cocodataset.org/train2017/000000256533.jpg,,http://images.cocodataset.org/train2017/000000256533.jpg,continv,tier_b_v0.1,"{""axis"": ""semantic"", ""inverse_relation"": ""contains"", ""law"": ""paraphrase_law"", ""note"": ""containment inverse paraphrase; truth preserved"", ""original_relation"": ""inside"", ""transform"": ""continv""}",,"{""do_sample"": false, ""max_new_tokens"": 5}",tier_b_r1_2b_full,5cc3a4f64f0d09e02b3a49ba7234826aa61d42c9,v0.1
vsr_test:0929,vsr_test:0929,test,continv,semantic,The dog contains the bird,The bird is inside the dog.,inside,containment,bird,dog,True,True,paraphrase_law,True,True, True.,HuggingFaceTB/SmolVLM2-2.2B-Instruct,,2B_general_lora,/home/ubuntu/vlm-spatial-reasoning/checkpoints/general_lora/final,"{""README.md"": ""ac104b898b7c66967afa018a2a35f1891c473694a89d1ef0ec75f970b6294276"", ""adapter_config.json"": ""fdf92e59ea3ed8249953d17a0db788ca77710a5d2192e81c2e1b071fb5cf38ca"", ""adapter_model.safetensors"": ""80bbc0ef798307c9a9ba985b11839c35118887390de46ece6d93b70c37d3f3d9"", ""chat_template.jinja"": ""830005085ddd94cec605b6e21b885b28ffad6e3f82ee6a212c523533e8f04f01"", ""processor_config.json"": ""eb8334ab39dc42fd9c5c7dd83a9c735f130d990059d2ef1a1401f078605c949b"", ""tokenizer.json"": ""0676fc5f243ffb1aee831e5a4c75dfd9122431447c26d888380e5273fddf48dc"", ""tokenizer_config.json"": ""0705650d8ae44e0e5cd4ddf77149eaca3c273f35e6eb7d24e5605c11c4831515""}",,7f29cebb9d06eca06ad0d6c690e4d5a083b71a9c42008f88e92474e3ff0eb98a,eb4075c77285da02c52794154760fa969fb21ab3dcceb0820cb7d2ba27d27471,http://images.cocodataset.org/train2017/000000173071.jpg,http://images.cocodataset.org/train2017/000000173071.jpg,,http://images.cocodataset.org/train2017/000000173071.jpg,continv,tier_b_v0.1,"{""axis"": ""semantic"", ""inverse_relation"": ""contains"", ""law"": ""paraphrase_law"", ""note"": ""containment inverse paraphrase; truth preserved"", ""original_relation"": ""inside"", ""transform"": ""continv""}",,"{""do_sample"": false, ""max_new_tokens"": 5}",tier_b_r1_2b_full,5cc3a4f64f0d09e02b3a49ba7234826aa61d42c9,v0.1
vsr_test:0936,vsr_test:0936,test,continv,semantic,The hot dog contains the person,The person is in the hot dog.,in,containment,person,hot dog,False,False,paraphrase_law,True,False, True.,HuggingFaceTB/SmolVLM2-2.2B-Instruct,,2B_general_lora,/home/ubuntu/vlm-spatial-reasoning/checkpoints/general_lora/final,"{""README.md"": ""ac104b898b7c66967afa018a2a35f1891c473694a89d1ef0ec75f970b6294276"", ""adapter_config.json"": ""fdf92e59ea3ed8249953d17a0db788ca77710a5d2192e81c2e1b071fb5cf38ca"", ""adapter_model.safetensors"": ""80bbc0ef798307c9a9ba985b11839c35118887390de46ece6d93b70c37d3f3d9"", ""chat_template.jinja"": ""830005085ddd94cec605b6e21b885b28ffad6e3f82ee6a212c523533e8f04f01"", ""processor_config.json"": ""eb8334ab39dc42fd9c5c7dd83a9c735f130d990059d2ef1a1401f078605c949b"", ""tokenizer.json"": ""0676fc5f243ffb1aee831e5a4c75dfd9122431447c26d888380e5273fddf48dc"", ""tokenizer_config.json"": ""0705650d8ae44e0e5cd4ddf77149eaca3c273f35e6eb7d24e5605c11c4831515""}",,7f29cebb9d06eca06ad0d6c690e4d5a083b71a9c42008f88e92474e3ff0eb98a,eb4075c77285da02c52794154760fa969fb21ab3dcceb0820cb7d2ba27d27471,http://images.cocodataset.org/train2017/000000013908.jpg,http://images.cocodataset.org/train2017/000000013908.jpg,,http://images.cocodataset.org/train2017/000000013908.jpg,continv,tier_b_v0.1,"{""axis"": ""semantic"", ""inverse_relation"": ""contains"", ""law"": ""paraphrase_law"", ""note"": ""containment inverse paraphrase; truth preserved"", ""original_relation"": ""in"", ""transform"": ""continv""}",,"{""do_sample"": false, ""max_new_tokens"": 5}",tier_b_r1_2b_full,5cc3a4f64f0d09e02b3a49ba7234826aa61d42c9,v0.1
vsr_test:0968,vsr_test:0968,test,continv,semantic,The cake is in the oven,The oven contains the cake.,contains,containment,oven,cake,False,False,paraphrase_law,False,True, False.,HuggingFaceTB/SmolVLM2-2.2B-Instruct,,2B_general_lora,/home/ubuntu/vlm-spatial-reasoning/checkpoints/general_lora/final,"{""README.md"": ""ac104b898b7c66967afa018a2a35f1891c473694a89d1ef0ec75f970b6294276"", ""adapter_config.json"": ""fdf92e59ea3ed8249953d17a0db788ca77710a5d2192e81c2e1b071fb5cf38ca"", ""adapter_model.safetensors"": ""80bbc0ef798307c9a9ba985b11839c35118887390de46ece6d93b70c37d3f3d9"", ""chat_template.jinja"": ""830005085ddd94cec605b6e21b885b28ffad6e3f82ee6a212c523533e8f04f01"", ""processor_config.json"": ""eb8334ab39dc42fd9c5c7dd83a9c735f130d990059d2ef1a1401f078605c949b"", ""tokenizer.json"": ""0676fc5f243ffb1aee831e5a4c75dfd9122431447c26d888380e5273fddf48dc"", ""tokenizer_config.json"": ""0705650d8ae44e0e5cd4ddf77149eaca3c273f35e6eb7d24e5605c11c4831515""}",,7f29cebb9d06eca06ad0d6c690e4d5a083b71a9c42008f88e92474e3ff0eb98a,eb4075c77285da02c52794154760fa969fb21ab3dcceb0820cb7d2ba27d27471,http://images.cocodataset.org/train2017/000000299326.jpg,http://images.cocodataset.org/train2017/000000299326.jpg,,http://images.cocodataset.org/train2017/000000299326.jpg,continv,tier_b_v0.1,"{""axis"": ""semantic"", ""inverse_relation"": ""in"", ""law"": ""paraphrase_law"", ""note"": ""containment inverse paraphrase; truth preserved"", ""original_relation"": ""contains"", ""transform"": ""continv""}",,"{""do_sample"": false, ""max_new_tokens"": 5}",tier_b_r1_2b_full,5cc3a4f64f0d09e02b3a49ba7234826aa61d42c9,v0.1
vsr_test:0973,vsr_test:0973,test,continv,semantic,The cat is in the backpack,The backpack contains the cat.,contains,containment,backpack,cat,True,True,paraphrase_law,True,True, True.,HuggingFaceTB/SmolVLM2-2.2B-Instruct,,2B_general_lora,/home/ubuntu/vlm-spatial-reasoning/checkpoints/general_lora/final,"{""README.md"": ""ac104b898b7c66967afa018a2a35f1891c473694a89d1ef0ec75f970b6294276"", ""adapter_config.json"": ""fdf92e59ea3ed8249953d17a0db788ca77710a5d2192e81c2e1b071fb5cf38ca"", ""adapter_model.safetensors"": ""80bbc0ef798307c9a9ba985b11839c35118887390de46ece6d93b70c37d3f3d9"", ""chat_template.jinja"": ""830005085ddd94cec605b6e21b885b28ffad6e3f82ee6a212c523533e8f04f01"", ""processor_config.json"": ""eb8334ab39dc42fd9c5c7dd83a9c735f130d990059d2ef1a1401f078605c949b"", ""tokenizer.json"": ""0676fc5f243ffb1aee831e5a4c75dfd9122431447c26d888380e5273fddf48dc"", ""tokenizer_config.json"": ""0705650d8ae44e0e5cd4ddf77149eaca3c273f35e6eb7d24e5605c11c4831515""}",,7f29cebb9d06eca06ad0d6c690e4d5a083b71a9c42008f88e92474e3ff0eb98a,eb4075c77285da02c52794154760fa969fb21ab3dcceb0820cb7d2ba27d27471,http://images.cocodataset.org/train2017/000000318723.jpg,http://images.cocodataset.org/train2017/000000318723.jpg,,http://images.cocodataset.org/train2017/000000318723.jpg,continv,tier_b_v0.1,"{""axis"": ""semantic"", ""inverse_relation"": ""in"", ""law"": ""paraphrase_law"", ""note"": ""containment inverse paraphrase; truth preserved"", ""original_relation"": ""contains"", ""transform"": ""continv""}",,"{""do_sample"": false, ""max_new_tokens"": 5}",tier_b_r1_2b_full,5cc3a4f64f0d09e02b3a49ba7234826aa61d42c9,v0.1
vsr_test:0975,vsr_test:0975,test,continv,semantic,The wine glass contains the cake,The cake is inside the wine glass.,inside,containment,cake,wine glass,True,True,paraphrase_law,False,False, False.,HuggingFaceTB/SmolVLM2-2.2B-Instruct,,2B_general_lora,/home/ubuntu/vlm-spatial-reasoning/checkpoints/general_lora/final,"{""README.md"": ""ac104b898b7c66967afa018a2a35f1891c473694a89d1ef0ec75f970b6294276"", ""adapter_config.json"": ""fdf92e59ea3ed8249953d17a0db788ca77710a5d2192e81c2e1b071fb5cf38ca"", ""adapter_model.safetensors"": ""80bbc0ef798307c9a9ba985b11839c35118887390de46ece6d93b70c37d3f3d9"", ""chat_template.jinja"": ""830005085ddd94cec605b6e21b885b28ffad6e3f82ee6a212c523533e8f04f01"", ""processor_config.json"": ""eb8334ab39dc42fd9c5c7dd83a9c735f130d990059d2ef1a1401f078605c949b"", ""tokenizer.json"": ""0676fc5f243ffb1aee831e5a4c75dfd9122431447c26d888380e5273fddf48dc"", ""tokenizer_config.json"": ""0705650d8ae44e0e5cd4ddf77149eaca3c273f35e6eb7d24e5605c11c4831515""}",,7f29cebb9d06eca06ad0d6c690e4d5a083b71a9c42008f88e92474e3ff0eb98a,eb4075c77285da02c52794154760fa969fb21ab3dcceb0820cb7d2ba27d27471,http://images.cocodataset.org/train2017/000000172135.jpg,http://images.cocodataset.org/train2017/000000172135.jpg,,http://images.cocodataset.org/train2017/000000172135.jpg,continv,tier_b_v0.1,"{""axis"": ""semantic"", ""inverse_relation"": ""contains"", ""law"": ""paraphrase_law"", ""note"": ""containment inverse paraphrase; truth preserved"", ""original_relation"": ""inside"", ""transform"": ""continv""}",,"{""do_sample"": false, ""max_new_tokens"": 5}",tier_b_r1_2b_full,5cc3a4f64f0d09e02b3a49ba7234826aa61d42c9,v0.1
vsr_test:0983,vsr_test:0983,test,continv,semantic,The sink contains the cat,The cat is in the sink.,in,containment,cat,sink,True,True,paraphrase_law,True,True, True.,HuggingFaceTB/SmolVLM2-2.2B-Instruct,,2B_general_lora,/home/ubuntu/vlm-spatial-reasoning/checkpoints/general_lora/final,"{""README.md"": ""ac104b898b7c66967afa018a2a35f1891c473694a89d1ef0ec75f970b6294276"", ""adapter_config.json"": ""fdf92e59ea3ed8249953d17a0db788ca77710a5d2192e81c2e1b071fb5cf38ca"", ""adapter_model.safetensors"": ""80bbc0ef798307c9a9ba985b11839c35118887390de46ece6d93b70c37d3f3d9"", ""chat_template.jinja"": ""830005085ddd94cec605b6e21b885b28ffad6e3f82ee6a212c523533e8f04f01"", ""processor_config.json"": ""eb8334ab39dc42fd9c5c7dd83a9c735f130d990059d2ef1a1401f078605c949b"", ""tokenizer.json"": ""0676fc5f243ffb1aee831e5a4c75dfd9122431447c26d888380e5273fddf48dc"", ""tokenizer_config.json"": ""0705650d8ae44e0e5cd4ddf77149eaca3c273f35e6eb7d24e5605c11c4831515""}",,7f29cebb9d06eca06ad0d6c690e4d5a083b71a9c42008f88e92474e3ff0eb98a,eb4075c77285da02c52794154760fa969fb21ab3dcceb0820cb7d2ba27d27471,http://images.cocodataset.org/train2017/000000151567.jpg,http://images.cocodataset.org/train2017/000000151567.jpg,,http://images.cocodataset.org/train2017/000000151567.jpg,continv,tier_b_v0.1,"{""axis"": ""semantic"", ""inverse_relation"": ""contains"", ""law"": ""paraphrase_law"", ""note"": ""containment inverse paraphrase; truth preserved"", ""original_relation"": ""in"", ""transform"": ""continv""}",,"{""do_sample"": false, ""max_new_tokens"": 5}",tier_b_r1_2b_full,5cc3a4f64f0d09e02b3a49ba7234826aa61d42c9,v0.1
vsr_test:0988,vsr_test:0988,test,continv,semantic,The tv is in the truck,The truck contains the tv.,contains,containment,truck,tv,False,False,paraphrase_law,False,True, False.,HuggingFaceTB/SmolVLM2-2.2B-Instruct,,2B_general_lora,/home/ubuntu/vlm-spatial-reasoning/checkpoints/general_lora/final,"{""README.md"": ""ac104b898b7c66967afa018a2a35f1891c473694a89d1ef0ec75f970b6294276"", ""adapter_config.json"": ""fdf92e59ea3ed8249953d17a0db788ca77710a5d2192e81c2e1b071fb5cf38ca"", ""adapter_model.safetensors"": ""80bbc0ef798307c9a9ba985b11839c35118887390de46ece6d93b70c37d3f3d9"", ""chat_template.jinja"": ""830005085ddd94cec605b6e21b885b28ffad6e3f82ee6a212c523533e8f04f01"", ""processor_config.json"": ""eb8334ab39dc42fd9c5c7dd83a9c735f130d990059d2ef1a1401f078605c949b"", ""tokenizer.json"": ""0676fc5f243ffb1aee831e5a4c75dfd9122431447c26d888380e5273fddf48dc"", ""tokenizer_config.json"": ""0705650d8ae44e0e5cd4ddf77149eaca3c273f35e6eb7d24e5605c11c4831515""}",,7f29cebb9d06eca06ad0d6c690e4d5a083b71a9c42008f88e92474e3ff0eb98a,eb4075c77285da02c52794154760fa969fb21ab3dcceb0820cb7d2ba27d27471,http://images.cocodataset.org/train2017/000000005883.jpg,http://images.cocodataset.org/train2017/000000005883.jpg,,http://images.cocodataset.org/train2017/000000005883.jpg,continv,tier_b_v0.1,"{""axis"": ""semantic"", ""inverse_relation"": ""in"", ""law"": ""paraphrase_law"", ""note"": ""containment inverse paraphrase; truth preserved"", ""original_relation"": ""contains"", ""transform"": ""continv""}",,"{""do_sample"": false, ""max_new_tokens"": 5}",tier_b_r1_2b_full,5cc3a4f64f0d09e02b3a49ba7234826aa61d42c9,v0.1
vsr_test:0991,vsr_test:0991,test,continv,semantic,The backpack contains the cat,The cat is within the backpack.,within,containment,cat,backpack,True,True,paraphrase_law,True,True, True.,HuggingFaceTB/SmolVLM2-2.2B-Instruct,,2B_general_lora,/home/ubuntu/vlm-spatial-reasoning/checkpoints/general_lora/final,"{""README.md"": ""ac104b898b7c66967afa018a2a35f1891c473694a89d1ef0ec75f970b6294276"", ""adapter_config.json"": ""fdf92e59ea3ed8249953d17a0db788ca77710a5d2192e81c2e1b071fb5cf38ca"", ""adapter_model.safetensors"": ""80bbc0ef798307c9a9ba985b11839c35118887390de46ece6d93b70c37d3f3d9"", ""chat_template.jinja"": ""830005085ddd94cec605b6e21b885b28ffad6e3f82ee6a212c523533e8f04f01"", ""processor_config.json"": ""eb8334ab39dc42fd9c5c7dd83a9c735f130d990059d2ef1a1401f078605c949b"", ""tokenizer.json"": ""0676fc5f243ffb1aee831e5a4c75dfd9122431447c26d888380e5273fddf48dc"", ""tokenizer_config.json"": ""0705650d8ae44e0e5cd4ddf77149eaca3c273f35e6eb7d24e5605c11c4831515""}",,7f29cebb9d06eca06ad0d6c690e4d5a083b71a9c42008f88e92474e3ff0eb98a,eb4075c77285da02c52794154760fa969fb21ab3dcceb0820cb7d2ba27d27471,http://images.cocodataset.org/train2017/000000318723.jpg,http://images.cocodataset.org/train2017/000000318723.jpg,,http://images.cocodataset.org/train2017/000000318723.jpg,continv,tier_b_v0.1,"{""axis"": ""semantic"", ""inverse_relation"": ""contains"", ""law"": ""paraphrase_law"", ""note"": ""containment inverse paraphrase; truth preserved"", ""original_relation"": ""within"", ""transform"": ""continv""}",,"{""do_sample"": false, ""max_new_tokens"": 5}",tier_b_r1_2b_full,5cc3a4f64f0d09e02b3a49ba7234826aa61d42c9,v0.1
vsr_test:1027,vsr_test:1027,test,continv,semantic,The bus contains the dog,The dog is inside the bus.,inside,containment,dog,bus,False,False,paraphrase_law,False,True, False.,HuggingFaceTB/SmolVLM2-2.2B-Instruct,,2B_general_lora,/home/ubuntu/vlm-spatial-reasoning/checkpoints/general_lora/final,"{""README.md"": ""ac104b898b7c66967afa018a2a35f1891c473694a89d1ef0ec75f970b6294276"", ""adapter_config.json"": ""fdf92e59ea3ed8249953d17a0db788ca77710a5d2192e81c2e1b071fb5cf38ca"", ""adapter_model.safetensors"": ""80bbc0ef798307c9a9ba985b11839c35118887390de46ece6d93b70c37d3f3d9"", ""chat_template.jinja"": ""830005085ddd94cec605b6e21b885b28ffad6e3f82ee6a212c523533e8f04f01"", ""processor_config.json"": ""eb8334ab39dc42fd9c5c7dd83a9c735f130d990059d2ef1a1401f078605c949b"", ""tokenizer.json"": ""0676fc5f243ffb1aee831e5a4c75dfd9122431447c26d888380e5273fddf48dc"", ""tokenizer_config.json"": ""0705650d8ae44e0e5cd4ddf77149eaca3c273f35e6eb7d24e5605c11c4831515""}",,7f29cebb9d06eca06ad0d6c690e4d5a083b71a9c42008f88e92474e3ff0eb98a,eb4075c77285da02c52794154760fa969fb21ab3dcceb0820cb7d2ba27d27471,http://images.cocodataset.org/train2017/000000445500.jpg,http://images.cocodataset.org/train2017/000000445500.jpg,,http://images.cocodataset.org/train2017/000000445500.jpg,continv,tier_b_v0.1,"{""axis"": ""semantic"", ""inverse_relation"": ""contains"", ""law"": ""paraphrase_law"", ""note"": ""containment inverse paraphrase; truth preserved"", ""original_relation"": ""inside"", ""transform"": ""continv""}",,"{""do_sample"": false, ""max_new_tokens"": 5}",tier_b_r1_2b_full,5cc3a4f64f0d09e02b3a49ba7234826aa61d42c9,v0.1
vsr_test:1058,vsr_test:1058,test,continv,semantic,The oven contains the pizza,The pizza is inside the oven.,inside,containment,pizza,oven,False,False,paraphrase_law,False,True, False.,HuggingFaceTB/SmolVLM2-2.2B-Instruct,,2B_general_lora,/home/ubuntu/vlm-spatial-reasoning/checkpoints/general_lora/final,"{""README.md"": ""ac104b898b7c66967afa018a2a35f1891c473694a89d1ef0ec75f970b6294276"", ""adapter_config.json"": ""fdf92e59ea3ed8249953d17a0db788ca77710a5d2192e81c2e1b071fb5cf38ca"", ""adapter_model.safetensors"": ""80bbc0ef798307c9a9ba985b11839c35118887390de46ece6d93b70c37d3f3d9"", ""chat_template.jinja"": ""830005085ddd94cec605b6e21b885b28ffad6e3f82ee6a212c523533e8f04f01"", ""processor_config.json"": ""eb8334ab39dc42fd9c5c7dd83a9c735f130d990059d2ef1a1401f078605c949b"", ""tokenizer.json"": ""0676fc5f243ffb1aee831e5a4c75dfd9122431447c26d888380e5273fddf48dc"", ""tokenizer_config.json"": ""0705650d8ae44e0e5cd4ddf77149eaca3c273f35e6eb7d24e5605c11c4831515""}",,7f29cebb9d06eca06ad0d6c690e4d5a083b71a9c42008f88e92474e3ff0eb98a,eb4075c77285da02c52794154760fa969fb21ab3dcceb0820cb7d2ba27d27471,http://images.cocodataset.org/train2017/000000140017.jpg,http://images.cocodataset.org/train2017/000000140017.jpg,,http://images.cocodataset.org/train2017/000000140017.jpg,continv,tier_b_v0.1,"{""axis"": ""semantic"", ""inverse_relation"": ""contains"", ""law"": ""paraphrase_law"", ""note"": ""containment inverse paraphrase; truth preserved"", ""original_relation"": ""inside"", ""transform"": ""continv""}",,"{""do_sample"": false, ""max_new_tokens"": 5}",tier_b_r1_2b_full,5cc3a4f64f0d09e02b3a49ba7234826aa61d42c9,v0.1
vsr_test:1073,vsr_test:1073,test,continv,semantic,The cat is in the suitcase,The suitcase contains the cat.,contains,containment,suitcase,cat,True,True,paraphrase_law,True,True, True.,HuggingFaceTB/SmolVLM2-2.2B-Instruct,,2B_general_lora,/home/ubuntu/vlm-spatial-reasoning/checkpoints/general_lora/final,"{""README.md"": ""ac104b898b7c66967afa018a2a35f1891c473694a89d1ef0ec75f970b6294276"", ""adapter_config.json"": ""fdf92e59ea3ed8249953d17a0db788ca77710a5d2192e81c2e1b071fb5cf38ca"", ""adapter_model.safetensors"": ""80bbc0ef798307c9a9ba985b11839c35118887390de46ece6d93b70c37d3f3d9"", ""chat_template.jinja"": ""830005085ddd94cec605b6e21b885b28ffad6e3f82ee6a212c523533e8f04f01"", ""processor_config.json"": ""eb8334ab39dc42fd9c5c7dd83a9c735f130d990059d2ef1a1401f078605c949b"", ""tokenizer.json"": ""0676fc5f243ffb1aee831e5a4c75dfd9122431447c26d888380e5273fddf48dc"", ""tokenizer_config.json"": ""0705650d8ae44e0e5cd4ddf77149eaca3c273f35e6eb7d24e5605c11c4831515""}",,7f29cebb9d06eca06ad0d6c690e4d5a083b71a9c42008f88e92474e3ff0eb98a,eb4075c77285da02c52794154760fa969fb21ab3dcceb0820cb7d2ba27d27471,http://images.cocodataset.org/train2017/000000141441.jpg,http://images.cocodataset.org/train2017/000000141441.jpg,,http://images.cocodataset.org/train2017/000000141441.jpg,continv,tier_b_v0.1,"{""axis"": ""semantic"", ""inverse_relation"": ""in"", ""law"": ""paraphrase_law"", ""note"": ""containment inverse paraphrase; truth preserved"", ""original_relation"": ""contains"", ""transform"": ""continv""}",,"{""do_sample"": false, ""max_new_tokens"": 5}",tier_b_r1_2b_full,5cc3a4f64f0d09e02b3a49ba7234826aa61d42c9,v0.1
vsr_test:1089,vsr_test:1089,test,continv,semantic,The oven contains the pizza,The pizza is inside the oven.,inside,containment,pizza,oven,False,False,paraphrase_law,False,True, False.,HuggingFaceTB/SmolVLM2-2.2B-Instruct,,2B_general_lora,/home/ubuntu/vlm-spatial-reasoning/checkpoints/general_lora/final,"{""README.md"": ""ac104b898b7c66967afa018a2a35f1891c473694a89d1ef0ec75f970b6294276"", ""adapter_config.json"": ""fdf92e59ea3ed8249953d17a0db788ca77710a5d2192e81c2e1b071fb5cf38ca"", ""adapter_model.safetensors"": ""80bbc0ef798307c9a9ba985b11839c35118887390de46ece6d93b70c37d3f3d9"", ""chat_template.jinja"": ""830005085ddd94cec605b6e21b885b28ffad6e3f82ee6a212c523533e8f04f01"", ""processor_config.json"": ""eb8334ab39dc42fd9c5c7dd83a9c735f130d990059d2ef1a1401f078605c949b"", ""tokenizer.json"": ""0676fc5f243ffb1aee831e5a4c75dfd9122431447c26d888380e5273fddf48dc"", ""tokenizer_config.json"": ""0705650d8ae44e0e5cd4ddf77149eaca3c273f35e6eb7d24e5605c11c4831515""}",,7f29cebb9d06eca06ad0d6c690e4d5a083b71a9c42008f88e92474e3ff0eb98a,eb4075c77285da02c52794154760fa969fb21ab3dcceb0820cb7d2ba27d27471,http://images.cocodataset.org/train2017/000000047935.jpg,http://images.cocodataset.org/train2017/000000047935.jpg,,http://images.cocodataset.org/train2017/000000047935.jpg,continv,tier_b_v0.1,"{""axis"": ""semantic"", ""inverse_relation"": ""contains"", ""law"": ""paraphrase_law"", ""note"": ""containment inverse paraphrase; truth preserved"", ""original_relation"": ""inside"", ""transform"": ""continv""}",,"{""do_sample"": false, ""max_new_tokens"": 5}",tier_b_r1_2b_full,5cc3a4f64f0d09e02b3a49ba7234826aa61d42c9,v0.1
vsr_test:1105,vsr_test:1105,test,continv,semantic,The sink contains the cat,The cat is in the sink.,in,containment,cat,sink,True,True,paraphrase_law,True,True, True.,HuggingFaceTB/SmolVLM2-2.2B-Instruct,,2B_general_lora,/home/ubuntu/vlm-spatial-reasoning/checkpoints/general_lora/final,"{""README.md"": ""ac104b898b7c66967afa018a2a35f1891c473694a89d1ef0ec75f970b6294276"", ""adapter_config.json"": ""fdf92e59ea3ed8249953d17a0db788ca77710a5d2192e81c2e1b071fb5cf38ca"", ""adapter_model.safetensors"": ""80bbc0ef798307c9a9ba985b11839c35118887390de46ece6d93b70c37d3f3d9"", ""chat_template.jinja"": ""830005085ddd94cec605b6e21b885b28ffad6e3f82ee6a212c523533e8f04f01"", ""processor_config.json"": ""eb8334ab39dc42fd9c5c7dd83a9c735f130d990059d2ef1a1401f078605c949b"", ""tokenizer.json"": ""0676fc5f243ffb1aee831e5a4c75dfd9122431447c26d888380e5273fddf48dc"", ""tokenizer_config.json"": ""0705650d8ae44e0e5cd4ddf77149eaca3c273f35e6eb7d24e5605c11c4831515""}",,7f29cebb9d06eca06ad0d6c690e4d5a083b71a9c42008f88e92474e3ff0eb98a,eb4075c77285da02c52794154760fa969fb21ab3dcceb0820cb7d2ba27d27471,http://images.cocodataset.org/train2017/000000373252.jpg,http://images.cocodataset.org/train2017/000000373252.jpg,,http://images.cocodataset.org/train2017/000000373252.jpg,continv,tier_b_v0.1,"{""axis"": ""semantic"", ""inverse_relation"": ""contains"", ""law"": ""paraphrase_law"", ""note"": ""containment inverse paraphrase; truth preserved"", ""original_relation"": ""in"", ""transform"": ""continv""}",,"{""do_sample"": false, ""max_new_tokens"": 5}",tier_b_r1_2b_full,5cc3a4f64f0d09e02b3a49ba7234826aa61d42c9,v0.1
vsr_test:1159,vsr_test:1159,test,continv,semantic,The bowl contains the donut,The donut is inside the bowl.,inside,containment,donut,bowl,False,False,paraphrase_law,True,False, True.,HuggingFaceTB/SmolVLM2-2.2B-Instruct,,2B_general_lora,/home/ubuntu/vlm-spatial-reasoning/checkpoints/general_lora/final,"{""README.md"": ""ac104b898b7c66967afa018a2a35f1891c473694a89d1ef0ec75f970b6294276"", ""adapter_config.json"": ""fdf92e59ea3ed8249953d17a0db788ca77710a5d2192e81c2e1b071fb5cf38ca"", ""adapter_model.safetensors"": ""80bbc0ef798307c9a9ba985b11839c35118887390de46ece6d93b70c37d3f3d9"", ""chat_template.jinja"": ""830005085ddd94cec605b6e21b885b28ffad6e3f82ee6a212c523533e8f04f01"", ""processor_config.json"": ""eb8334ab39dc42fd9c5c7dd83a9c735f130d990059d2ef1a1401f078605c949b"", ""tokenizer.json"": ""0676fc5f243ffb1aee831e5a4c75dfd9122431447c26d888380e5273fddf48dc"", ""tokenizer_config.json"": ""0705650d8ae44e0e5cd4ddf77149eaca3c273f35e6eb7d24e5605c11c4831515""}",,7f29cebb9d06eca06ad0d6c690e4d5a083b71a9c42008f88e92474e3ff0eb98a,eb4075c77285da02c52794154760fa969fb21ab3dcceb0820cb7d2ba27d27471,http://images.cocodataset.org/train2017/000000522741.jpg,http://images.cocodataset.org/train2017/000000522741.jpg,,http://images.cocodataset.org/train2017/000000522741.jpg,continv,tier_b_v0.1,"{""axis"": ""semantic"", ""inverse_relation"": ""contains"", ""law"": ""paraphrase_law"", ""note"": ""containment inverse paraphrase; truth preserved"", ""original_relation"": ""inside"", ""transform"": ""continv""}",,"{""do_sample"": false, ""max_new_tokens"": 5}",tier_b_r1_2b_full,5cc3a4f64f0d09e02b3a49ba7234826aa61d42c9,v0.1
vsr_test:1189,vsr_test:1189,test,continv,semantic,The suitcase contains the dog,The dog is in the suitcase.,in,containment,dog,suitcase,True,True,paraphrase_law,True,True, True.,HuggingFaceTB/SmolVLM2-2.2B-Instruct,,2B_general_lora,/home/ubuntu/vlm-spatial-reasoning/checkpoints/general_lora/final,"{""README.md"": ""ac104b898b7c66967afa018a2a35f1891c473694a89d1ef0ec75f970b6294276"", ""adapter_config.json"": ""fdf92e59ea3ed8249953d17a0db788ca77710a5d2192e81c2e1b071fb5cf38ca"", ""adapter_model.safetensors"": ""80bbc0ef798307c9a9ba985b11839c35118887390de46ece6d93b70c37d3f3d9"", ""chat_template.jinja"": ""830005085ddd94cec605b6e21b885b28ffad6e3f82ee6a212c523533e8f04f01"", ""processor_config.json"": ""eb8334ab39dc42fd9c5c7dd83a9c735f130d990059d2ef1a1401f078605c949b"", ""tokenizer.json"": ""0676fc5f243ffb1aee831e5a4c75dfd9122431447c26d888380e5273fddf48dc"", ""tokenizer_config.json"": ""0705650d8ae44e0e5cd4ddf77149eaca3c273f35e6eb7d24e5605c11c4831515""}",,7f29cebb9d06eca06ad0d6c690e4d5a083b71a9c42008f88e92474e3ff0eb98a,eb4075c77285da02c52794154760fa969fb21ab3dcceb0820cb7d2ba27d27471,http://images.cocodataset.org/train2017/000000271588.jpg,http://images.cocodataset.org/train2017/000000271588.jpg,,http://images.cocodataset.org/train2017/000000271588.jpg,continv,tier_b_v0.1,"{""axis"": ""semantic"", ""inverse_relation"": ""contains"", ""law"": ""paraphrase_law"", ""note"": ""containment inverse paraphrase; truth preserved"", ""original_relation"": ""in"", ""transform"": ""continv""}",,"{""do_sample"": false, ""max_new_tokens"": 5}",tier_b_r1_2b_full,5cc3a4f64f0d09e02b3a49ba7234826aa61d42c9,v0.1
vsr_test:1267,vsr_test:1267,test,continv,semantic,The handbag contains the cat,The cat is inside the handbag.,inside,containment,cat,handbag,False,False,paraphrase_law,False,True, False.,HuggingFaceTB/SmolVLM2-2.2B-Instruct,,2B_general_lora,/home/ubuntu/vlm-spatial-reasoning/checkpoints/general_lora/final,"{""README.md"": ""ac104b898b7c66967afa018a2a35f1891c473694a89d1ef0ec75f970b6294276"", ""adapter_config.json"": ""fdf92e59ea3ed8249953d17a0db788ca77710a5d2192e81c2e1b071fb5cf38ca"", ""adapter_model.safetensors"": ""80bbc0ef798307c9a9ba985b11839c35118887390de46ece6d93b70c37d3f3d9"", ""chat_template.jinja"": ""830005085ddd94cec605b6e21b885b28ffad6e3f82ee6a212c523533e8f04f01"", ""processor_config.json"": ""eb8334ab39dc42fd9c5c7dd83a9c735f130d990059d2ef1a1401f078605c949b"", ""tokenizer.json"": ""0676fc5f243ffb1aee831e5a4c75dfd9122431447c26d888380e5273fddf48dc"", ""tokenizer_config.json"": ""0705650d8ae44e0e5cd4ddf77149eaca3c273f35e6eb7d24e5605c11c4831515""}",,7f29cebb9d06eca06ad0d6c690e4d5a083b71a9c42008f88e92474e3ff0eb98a,eb4075c77285da02c52794154760fa969fb21ab3dcceb0820cb7d2ba27d27471,http://images.cocodataset.org/train2017/000000228029.jpg,http://images.cocodataset.org/train2017/000000228029.jpg,,http://images.cocodataset.org/train2017/000000228029.jpg,continv,tier_b_v0.1,"{""axis"": ""semantic"", ""inverse_relation"": ""contains"", ""law"": ""paraphrase_law"", ""note"": ""containment inverse paraphrase; truth preserved"", ""original_relation"": ""inside"", ""transform"": ""continv""}",,"{""do_sample"": false, ""max_new_tokens"": 5}",tier_b_r1_2b_full,5cc3a4f64f0d09e02b3a49ba7234826aa61d42c9,v0.1
vsr_test:1289,vsr_test:1289,test,continv,semantic,The cat is in the suitcase,The suitcase contains the cat.,contains,containment,suitcase,cat,False,False,paraphrase_law,False,True, False.,HuggingFaceTB/SmolVLM2-2.2B-Instruct,,2B_general_lora,/home/ubuntu/vlm-spatial-reasoning/checkpoints/general_lora/final,"{""README.md"": ""ac104b898b7c66967afa018a2a35f1891c473694a89d1ef0ec75f970b6294276"", ""adapter_config.json"": ""fdf92e59ea3ed8249953d17a0db788ca77710a5d2192e81c2e1b071fb5cf38ca"", ""adapter_model.safetensors"": ""80bbc0ef798307c9a9ba985b11839c35118887390de46ece6d93b70c37d3f3d9"", ""chat_template.jinja"": ""830005085ddd94cec605b6e21b885b28ffad6e3f82ee6a212c523533e8f04f01"", ""processor_config.json"": ""eb8334ab39dc42fd9c5c7dd83a9c735f130d990059d2ef1a1401f078605c949b"", ""tokenizer.json"": ""0676fc5f243ffb1aee831e5a4c75dfd9122431447c26d888380e5273fddf48dc"", ""tokenizer_config.json"": ""0705650d8ae44e0e5cd4ddf77149eaca3c273f35e6eb7d24e5605c11c4831515""}",,7f29cebb9d06eca06ad0d6c690e4d5a083b71a9c42008f88e92474e3ff0eb98a,eb4075c77285da02c52794154760fa969fb21ab3dcceb0820cb7d2ba27d27471,http://images.cocodataset.org/train2017/000000045071.jpg,http://images.cocodataset.org/train2017/000000045071.jpg,,http://images.cocodataset.org/train2017/000000045071.jpg,continv,tier_b_v0.1,"{""axis"": ""semantic"", ""inverse_relation"": ""in"", ""law"": ""paraphrase_law"", ""note"": ""containment inverse paraphrase; truth preserved"", ""original_relation"": ""contains"", ""transform"": ""continv""}",,"{""do_sample"": false, ""max_new_tokens"": 5}",tier_b_r1_2b_full,5cc3a4f64f0d09e02b3a49ba7234826aa61d42c9,v0.1
vsr_test:1291,vsr_test:1291,test,continv,semantic,The sink contains the cat,The cat is in the sink.,in,containment,cat,sink,True,True,paraphrase_law,False,False, False.,HuggingFaceTB/SmolVLM2-2.2B-Instruct,,2B_general_lora,/home/ubuntu/vlm-spatial-reasoning/checkpoints/general_lora/final,"{""README.md"": ""ac104b898b7c66967afa018a2a35f1891c473694a89d1ef0ec75f970b6294276"", ""adapter_config.json"": ""fdf92e59ea3ed8249953d17a0db788ca77710a5d2192e81c2e1b071fb5cf38ca"", ""adapter_model.safetensors"": ""80bbc0ef798307c9a9ba985b11839c35118887390de46ece6d93b70c37d3f3d9"", ""chat_template.jinja"": ""830005085ddd94cec605b6e21b885b28ffad6e3f82ee6a212c523533e8f04f01"", ""processor_config.json"": ""eb8334ab39dc42fd9c5c7dd83a9c735f130d990059d2ef1a1401f078605c949b"", ""tokenizer.json"": ""0676fc5f243ffb1aee831e5a4c75dfd9122431447c26d888380e5273fddf48dc"", ""tokenizer_config.json"": ""0705650d8ae44e0e5cd4ddf77149eaca3c273f35e6eb7d24e5605c11c4831515""}",,7f29cebb9d06eca06ad0d6c690e4d5a083b71a9c42008f88e92474e3ff0eb98a,eb4075c77285da02c52794154760fa969fb21ab3dcceb0820cb7d2ba27d27471,http://images.cocodataset.org/train2017/000000022041.jpg,http://images.cocodataset.org/train2017/000000022041.jpg,,http://images.cocodataset.org/train2017/000000022041.jpg,continv,tier_b_v0.1,"{""axis"": ""semantic"", ""inverse_relation"": ""contains"", ""law"": ""paraphrase_law"", ""note"": ""containment inverse paraphrase; truth preserved"", ""original_relation"": ""in"", ""transform"": ""continv""}",,"{""do_sample"": false, ""max_new_tokens"": 5}",tier_b_r1_2b_full,5cc3a4f64f0d09e02b3a49ba7234826aa61d42c9,v0.1
vsr_test:1293,vsr_test:1293,test,continv,semantic,The umbrella contains the cat,The cat is inside the umbrella.,inside,containment,cat,umbrella,True,True,paraphrase_law,True,True, True.,HuggingFaceTB/SmolVLM2-2.2B-Instruct,,2B_general_lora,/home/ubuntu/vlm-spatial-reasoning/checkpoints/general_lora/final,"{""README.md"": ""ac104b898b7c66967afa018a2a35f1891c473694a89d1ef0ec75f970b6294276"", ""adapter_config.json"": ""fdf92e59ea3ed8249953d17a0db788ca77710a5d2192e81c2e1b071fb5cf38ca"", ""adapter_model.safetensors"": ""80bbc0ef798307c9a9ba985b11839c35118887390de46ece6d93b70c37d3f3d9"", ""chat_template.jinja"": ""830005085ddd94cec605b6e21b885b28ffad6e3f82ee6a212c523533e8f04f01"", ""processor_config.json"": ""eb8334ab39dc42fd9c5c7dd83a9c735f130d990059d2ef1a1401f078605c949b"", ""tokenizer.json"": ""0676fc5f243ffb1aee831e5a4c75dfd9122431447c26d888380e5273fddf48dc"", ""tokenizer_config.json"": ""0705650d8ae44e0e5cd4ddf77149eaca3c273f35e6eb7d24e5605c11c4831515""}",,7f29cebb9d06eca06ad0d6c690e4d5a083b71a9c42008f88e92474e3ff0eb98a,eb4075c77285da02c52794154760fa969fb21ab3dcceb0820cb7d2ba27d27471,http://images.cocodataset.org/train2017/000000112719.jpg,http://images.cocodataset.org/train2017/000000112719.jpg,,http://images.cocodataset.org/train2017/000000112719.jpg,continv,tier_b_v0.1,"{""axis"": ""semantic"", ""inverse_relation"": ""contains"", ""law"": ""paraphrase_law"", ""note"": ""containment inverse paraphrase; truth preserved"", ""original_relation"": ""inside"", ""transform"": ""continv""}",,"{""do_sample"": false, ""max_new_tokens"": 5}",tier_b_r1_2b_full,5cc3a4f64f0d09e02b3a49ba7234826aa61d42c9,v0.1
vsr_test:1324,vsr_test:1324,test,continv,semantic,The banana is in the sandwich,The sandwich contains the banana.,contains,containment,sandwich,banana,False,False,paraphrase_law,False,True, False.,HuggingFaceTB/SmolVLM2-2.2B-Instruct,,2B_general_lora,/home/ubuntu/vlm-spatial-reasoning/checkpoints/general_lora/final,"{""README.md"": ""ac104b898b7c66967afa018a2a35f1891c473694a89d1ef0ec75f970b6294276"", ""adapter_config.json"": ""fdf92e59ea3ed8249953d17a0db788ca77710a5d2192e81c2e1b071fb5cf38ca"", ""adapter_model.safetensors"": ""80bbc0ef798307c9a9ba985b11839c35118887390de46ece6d93b70c37d3f3d9"", ""chat_template.jinja"": ""830005085ddd94cec605b6e21b885b28ffad6e3f82ee6a212c523533e8f04f01"", ""processor_config.json"": ""eb8334ab39dc42fd9c5c7dd83a9c735f130d990059d2ef1a1401f078605c949b"", ""tokenizer.json"": ""0676fc5f243ffb1aee831e5a4c75dfd9122431447c26d888380e5273fddf48dc"", ""tokenizer_config.json"": ""0705650d8ae44e0e5cd4ddf77149eaca3c273f35e6eb7d24e5605c11c4831515""}",,7f29cebb9d06eca06ad0d6c690e4d5a083b71a9c42008f88e92474e3ff0eb98a,eb4075c77285da02c52794154760fa969fb21ab3dcceb0820cb7d2ba27d27471,http://images.cocodataset.org/train2017/000000029994.jpg,http://images.cocodataset.org/train2017/000000029994.jpg,,http://images.cocodataset.org/train2017/000000029994.jpg,continv,tier_b_v0.1,"{""axis"": ""semantic"", ""inverse_relation"": ""in"", ""law"": ""paraphrase_law"", ""note"": ""containment inverse paraphrase; truth preserved"", ""original_relation"": ""contains"", ""transform"": ""continv""}",,"{""do_sample"": false, ""max_new_tokens"": 5}",tier_b_r1_2b_full,5cc3a4f64f0d09e02b3a49ba7234826aa61d42c9,v0.1
vsr_test:1330,vsr_test:1330,test,continv,semantic,The train contains the bicycle,The bicycle is in the train.,in,containment,bicycle,train,False,False,paraphrase_law,False,True, False.,HuggingFaceTB/SmolVLM2-2.2B-Instruct,,2B_general_lora,/home/ubuntu/vlm-spatial-reasoning/checkpoints/general_lora/final,"{""README.md"": ""ac104b898b7c66967afa018a2a35f1891c473694a89d1ef0ec75f970b6294276"", ""adapter_config.json"": ""fdf92e59ea3ed8249953d17a0db788ca77710a5d2192e81c2e1b071fb5cf38ca"", ""adapter_model.safetensors"": ""80bbc0ef798307c9a9ba985b11839c35118887390de46ece6d93b70c37d3f3d9"", ""chat_template.jinja"": ""830005085ddd94cec605b6e21b885b28ffad6e3f82ee6a212c523533e8f04f01"", ""processor_config.json"": ""eb8334ab39dc42fd9c5c7dd83a9c735f130d990059d2ef1a1401f078605c949b"", ""tokenizer.json"": ""0676fc5f243ffb1aee831e5a4c75dfd9122431447c26d888380e5273fddf48dc"", ""tokenizer_config.json"": ""0705650d8ae44e0e5cd4ddf77149eaca3c273f35e6eb7d24e5605c11c4831515""}",,7f29cebb9d06eca06ad0d6c690e4d5a083b71a9c42008f88e92474e3ff0eb98a,eb4075c77285da02c52794154760fa969fb21ab3dcceb0820cb7d2ba27d27471,http://images.cocodataset.org/train2017/000000415093.jpg,http://images.cocodataset.org/train2017/000000415093.jpg,,http://images.cocodataset.org/train2017/000000415093.jpg,continv,tier_b_v0.1,"{""axis"": ""semantic"", ""inverse_relation"": ""contains"", ""law"": ""paraphrase_law"", ""note"": ""containment inverse paraphrase; truth preserved"", ""original_relation"": ""in"", ""transform"": ""continv""}",,"{""do_sample"": false, ""max_new_tokens"": 5}",tier_b_r1_2b_full,5cc3a4f64f0d09e02b3a49ba7234826aa61d42c9,v0.1
vsr_test:1360,vsr_test:1360,test,continv,semantic,The truck contains the sheep,The sheep is in the truck.,in,containment,sheep,truck,False,False,paraphrase_law,False,True, False.,HuggingFaceTB/SmolVLM2-2.2B-Instruct,,2B_general_lora,/home/ubuntu/vlm-spatial-reasoning/checkpoints/general_lora/final,"{""README.md"": ""ac104b898b7c66967afa018a2a35f1891c473694a89d1ef0ec75f970b6294276"", ""adapter_config.json"": ""fdf92e59ea3ed8249953d17a0db788ca77710a5d2192e81c2e1b071fb5cf38ca"", ""adapter_model.safetensors"": ""80bbc0ef798307c9a9ba985b11839c35118887390de46ece6d93b70c37d3f3d9"", ""chat_template.jinja"": ""830005085ddd94cec605b6e21b885b28ffad6e3f82ee6a212c523533e8f04f01"", ""processor_config.json"": ""eb8334ab39dc42fd9c5c7dd83a9c735f130d990059d2ef1a1401f078605c949b"", ""tokenizer.json"": ""0676fc5f243ffb1aee831e5a4c75dfd9122431447c26d888380e5273fddf48dc"", ""tokenizer_config.json"": ""0705650d8ae44e0e5cd4ddf77149eaca3c273f35e6eb7d24e5605c11c4831515""}",,7f29cebb9d06eca06ad0d6c690e4d5a083b71a9c42008f88e92474e3ff0eb98a,eb4075c77285da02c52794154760fa969fb21ab3dcceb0820cb7d2ba27d27471,http://images.cocodataset.org/train2017/000000432917.jpg,http://images.cocodataset.org/train2017/000000432917.jpg,,http://images.cocodataset.org/train2017/000000432917.jpg,continv,tier_b_v0.1,"{""axis"": ""semantic"", ""inverse_relation"": ""contains"", ""law"": ""paraphrase_law"", ""note"": ""containment inverse paraphrase; truth preserved"", ""original_relation"": ""in"", ""transform"": ""continv""}",,"{""do_sample"": false, ""max_new_tokens"": 5}",tier_b_r1_2b_full,5cc3a4f64f0d09e02b3a49ba7234826aa61d42c9,v0.1
vsr_test:1372,vsr_test:1372,test,continv,semantic,The sink contains the cat,The cat is in the sink.,in,containment,cat,sink,False,False,paraphrase_law,False,True, False.,HuggingFaceTB/SmolVLM2-2.2B-Instruct,,2B_general_lora,/home/ubuntu/vlm-spatial-reasoning/checkpoints/general_lora/final,"{""README.md"": ""ac104b898b7c66967afa018a2a35f1891c473694a89d1ef0ec75f970b6294276"", ""adapter_config.json"": ""fdf92e59ea3ed8249953d17a0db788ca77710a5d2192e81c2e1b071fb5cf38ca"", ""adapter_model.safetensors"": ""80bbc0ef798307c9a9ba985b11839c35118887390de46ece6d93b70c37d3f3d9"", ""chat_template.jinja"": ""830005085ddd94cec605b6e21b885b28ffad6e3f82ee6a212c523533e8f04f01"", ""processor_config.json"": ""eb8334ab39dc42fd9c5c7dd83a9c735f130d990059d2ef1a1401f078605c949b"", ""tokenizer.json"": ""0676fc5f243ffb1aee831e5a4c75dfd9122431447c26d888380e5273fddf48dc"", ""tokenizer_config.json"": ""0705650d8ae44e0e5cd4ddf77149eaca3c273f35e6eb7d24e5605c11c4831515""}",,7f29cebb9d06eca06ad0d6c690e4d5a083b71a9c42008f88e92474e3ff0eb98a,eb4075c77285da02c52794154760fa969fb21ab3dcceb0820cb7d2ba27d27471,http://images.cocodataset.org/train2017/000000229740.jpg,http://images.cocodataset.org/train2017/000000229740.jpg,,http://images.cocodataset.org/train2017/000000229740.jpg,continv,tier_b_v0.1,"{""axis"": ""semantic"", ""inverse_relation"": ""contains"", ""law"": ""paraphrase_law"", ""note"": ""containment inverse paraphrase; truth preserved"", ""original_relation"": ""in"", ""transform"": ""continv""}",,"{""do_sample"": false, ""max_new_tokens"": 5}",tier_b_r1_2b_full,5cc3a4f64f0d09e02b3a49ba7234826aa61d42c9,v0.1
vsr_test:1418,vsr_test:1418,test,continv,semantic,The donut is in the bowl,The bowl contains the donut.,contains,containment,bowl,donut,True,True,paraphrase_law,False,False, False.,HuggingFaceTB/SmolVLM2-2.2B-Instruct,,2B_general_lora,/home/ubuntu/vlm-spatial-reasoning/checkpoints/general_lora/final,"{""README.md"": ""ac104b898b7c66967afa018a2a35f1891c473694a89d1ef0ec75f970b6294276"", ""adapter_config.json"": ""fdf92e59ea3ed8249953d17a0db788ca77710a5d2192e81c2e1b071fb5cf38ca"", ""adapter_model.safetensors"": ""80bbc0ef798307c9a9ba985b11839c35118887390de46ece6d93b70c37d3f3d9"", ""chat_template.jinja"": ""830005085ddd94cec605b6e21b885b28ffad6e3f82ee6a212c523533e8f04f01"", ""processor_config.json"": ""eb8334ab39dc42fd9c5c7dd83a9c735f130d990059d2ef1a1401f078605c949b"", ""tokenizer.json"": ""0676fc5f243ffb1aee831e5a4c75dfd9122431447c26d888380e5273fddf48dc"", ""tokenizer_config.json"": ""0705650d8ae44e0e5cd4ddf77149eaca3c273f35e6eb7d24e5605c11c4831515""}",,7f29cebb9d06eca06ad0d6c690e4d5a083b71a9c42008f88e92474e3ff0eb98a,eb4075c77285da02c52794154760fa969fb21ab3dcceb0820cb7d2ba27d27471,http://images.cocodataset.org/train2017/000000204289.jpg,http://images.cocodataset.org/train2017/000000204289.jpg,,http://images.cocodataset.org/train2017/000000204289.jpg,continv,tier_b_v0.1,"{""axis"": ""semantic"", ""inverse_relation"": ""in"", ""law"": ""paraphrase_law"", ""note"": ""containment inverse paraphrase; truth preserved"", ""original_relation"": ""contains"", ""transform"": ""continv""}",,"{""do_sample"": false, ""max_new_tokens"": 5}",tier_b_r1_2b_full,5cc3a4f64f0d09e02b3a49ba7234826aa61d42c9,v0.1
vsr_test:1446,vsr_test:1446,test,continv,semantic,The cat is in the sink,The sink contains the cat.,contains,containment,sink,cat,True,True,paraphrase_law,True,True, True.,HuggingFaceTB/SmolVLM2-2.2B-Instruct,,2B_general_lora,/home/ubuntu/vlm-spatial-reasoning/checkpoints/general_lora/final,"{""README.md"": ""ac104b898b7c66967afa018a2a35f1891c473694a89d1ef0ec75f970b6294276"", ""adapter_config.json"": ""fdf92e59ea3ed8249953d17a0db788ca77710a5d2192e81c2e1b071fb5cf38ca"", ""adapter_model.safetensors"": ""80bbc0ef798307c9a9ba985b11839c35118887390de46ece6d93b70c37d3f3d9"", ""chat_template.jinja"": ""830005085ddd94cec605b6e21b885b28ffad6e3f82ee6a212c523533e8f04f01"", ""processor_config.json"": ""eb8334ab39dc42fd9c5c7dd83a9c735f130d990059d2ef1a1401f078605c949b"", ""tokenizer.json"": ""0676fc5f243ffb1aee831e5a4c75dfd9122431447c26d888380e5273fddf48dc"", ""tokenizer_config.json"": ""0705650d8ae44e0e5cd4ddf77149eaca3c273f35e6eb7d24e5605c11c4831515""}",,7f29cebb9d06eca06ad0d6c690e4d5a083b71a9c42008f88e92474e3ff0eb98a,eb4075c77285da02c52794154760fa969fb21ab3dcceb0820cb7d2ba27d27471,http://images.cocodataset.org/train2017/000000426690.jpg,http://images.cocodataset.org/train2017/000000426690.jpg,,http://images.cocodataset.org/train2017/000000426690.jpg,continv,tier_b_v0.1,"{""axis"": ""semantic"", ""inverse_relation"": ""in"", ""law"": ""paraphrase_law"", ""note"": ""containment inverse paraphrase; truth preserved"", ""original_relation"": ""contains"", ""transform"": ""continv""}",,"{""do_sample"": false, ""max_new_tokens"": 5}",tier_b_r1_2b_full,5cc3a4f64f0d09e02b3a49ba7234826aa61d42c9,v0.1
vsr_test:1461,vsr_test:1461,test,continv,semantic,The teddy bear is in the handbag,The handbag contains the teddy bear.,contains,containment,handbag,teddy bear,False,False,paraphrase_law,False,True, False.,HuggingFaceTB/SmolVLM2-2.2B-Instruct,,2B_general_lora,/home/ubuntu/vlm-spatial-reasoning/checkpoints/general_lora/final,"{""README.md"": ""ac104b898b7c66967afa018a2a35f1891c473694a89d1ef0ec75f970b6294276"", ""adapter_config.json"": ""fdf92e59ea3ed8249953d17a0db788ca77710a5d2192e81c2e1b071fb5cf38ca"", ""adapter_model.safetensors"": ""80bbc0ef798307c9a9ba985b11839c35118887390de46ece6d93b70c37d3f3d9"", ""chat_template.jinja"": ""830005085ddd94cec605b6e21b885b28ffad6e3f82ee6a212c523533e8f04f01"", ""processor_config.json"": ""eb8334ab39dc42fd9c5c7dd83a9c735f130d990059d2ef1a1401f078605c949b"", ""tokenizer.json"": ""0676fc5f243ffb1aee831e5a4c75dfd9122431447c26d888380e5273fddf48dc"", ""tokenizer_config.json"": ""0705650d8ae44e0e5cd4ddf77149eaca3c273f35e6eb7d24e5605c11c4831515""}",,7f29cebb9d06eca06ad0d6c690e4d5a083b71a9c42008f88e92474e3ff0eb98a,eb4075c77285da02c52794154760fa969fb21ab3dcceb0820cb7d2ba27d27471,http://images.cocodataset.org/train2017/000000494680.jpg,http://images.cocodataset.org/train2017/000000494680.jpg,,http://images.cocodataset.org/train2017/000000494680.jpg,continv,tier_b_v0.1,"{""axis"": ""semantic"", ""inverse_relation"": ""in"", ""law"": ""paraphrase_law"", ""note"": ""containment inverse paraphrase; truth preserved"", ""original_relation"": ""contains"", ""transform"": ""continv""}",,"{""do_sample"": false, ""max_new_tokens"": 5}",tier_b_r1_2b_full,5cc3a4f64f0d09e02b3a49ba7234826aa61d42c9,v0.1
vsr_test:1476,vsr_test:1476,test,continv,semantic,The teddy bear is in the handbag,The handbag contains the teddy bear.,contains,containment,handbag,teddy bear,True,True,paraphrase_law,False,False, False.,HuggingFaceTB/SmolVLM2-2.2B-Instruct,,2B_general_lora,/home/ubuntu/vlm-spatial-reasoning/checkpoints/general_lora/final,"{""README.md"": ""ac104b898b7c66967afa018a2a35f1891c473694a89d1ef0ec75f970b6294276"", ""adapter_config.json"": ""fdf92e59ea3ed8249953d17a0db788ca77710a5d2192e81c2e1b071fb5cf38ca"", ""adapter_model.safetensors"": ""80bbc0ef798307c9a9ba985b11839c35118887390de46ece6d93b70c37d3f3d9"", ""chat_template.jinja"": ""830005085ddd94cec605b6e21b885b28ffad6e3f82ee6a212c523533e8f04f01"", ""processor_config.json"": ""eb8334ab39dc42fd9c5c7dd83a9c735f130d990059d2ef1a1401f078605c949b"", ""tokenizer.json"": ""0676fc5f243ffb1aee831e5a4c75dfd9122431447c26d888380e5273fddf48dc"", ""tokenizer_config.json"": ""0705650d8ae44e0e5cd4ddf77149eaca3c273f35e6eb7d24e5605c11c4831515""}",,7f29cebb9d06eca06ad0d6c690e4d5a083b71a9c42008f88e92474e3ff0eb98a,eb4075c77285da02c52794154760fa969fb21ab3dcceb0820cb7d2ba27d27471,http://images.cocodataset.org/train2017/000000020632.jpg,http://images.cocodataset.org/train2017/000000020632.jpg,,http://images.cocodataset.org/train2017/000000020632.jpg,continv,tier_b_v0.1,"{""axis"": ""semantic"", ""inverse_relation"": ""in"", ""law"": ""paraphrase_law"", ""note"": ""containment inverse paraphrase; truth preserved"", ""original_relation"": ""contains"", ""transform"": ""continv""}",,"{""do_sample"": false, ""max_new_tokens"": 5}",tier_b_r1_2b_full,5cc3a4f64f0d09e02b3a49ba7234826aa61d42c9,v0.1
vsr_test:1477,vsr_test:1477,test,continv,semantic,The bicycle is in the train,The train contains the bicycle.,contains,containment,train,bicycle,False,False,paraphrase_law,False,True, False.,HuggingFaceTB/SmolVLM2-2.2B-Instruct,,2B_general_lora,/home/ubuntu/vlm-spatial-reasoning/checkpoints/general_lora/final,"{""README.md"": ""ac104b898b7c66967afa018a2a35f1891c473694a89d1ef0ec75f970b6294276"", ""adapter_config.json"": ""fdf92e59ea3ed8249953d17a0db788ca77710a5d2192e81c2e1b071fb5cf38ca"", ""adapter_model.safetensors"": ""80bbc0ef798307c9a9ba985b11839c35118887390de46ece6d93b70c37d3f3d9"", ""chat_template.jinja"": ""830005085ddd94cec605b6e21b885b28ffad6e3f82ee6a212c523533e8f04f01"", ""processor_config.json"": ""eb8334ab39dc42fd9c5c7dd83a9c735f130d990059d2ef1a1401f078605c949b"", ""tokenizer.json"": ""0676fc5f243ffb1aee831e5a4c75dfd9122431447c26d888380e5273fddf48dc"", ""tokenizer_config.json"": ""0705650d8ae44e0e5cd4ddf77149eaca3c273f35e6eb7d24e5605c11c4831515""}",,7f29cebb9d06eca06ad0d6c690e4d5a083b71a9c42008f88e92474e3ff0eb98a,eb4075c77285da02c52794154760fa969fb21ab3dcceb0820cb7d2ba27d27471,http://images.cocodataset.org/val2017/000000492937.jpg,http://images.cocodataset.org/val2017/000000492937.jpg,,http://images.cocodataset.org/val2017/000000492937.jpg,continv,tier_b_v0.1,"{""axis"": ""semantic"", ""inverse_relation"": ""in"", ""law"": ""paraphrase_law"", ""note"": ""containment inverse paraphrase; truth preserved"", ""original_relation"": ""contains"", ""transform"": ""continv""}",,"{""do_sample"": false, ""max_new_tokens"": 5}",tier_b_r1_2b_full,5cc3a4f64f0d09e02b3a49ba7234826aa61d42c9,v0.1
vsr_test:1483,vsr_test:1483,test,continv,semantic,The suitcase contains the person,The person is in the suitcase.,in,containment,person,suitcase,False,False,paraphrase_law,False,True, False.,HuggingFaceTB/SmolVLM2-2.2B-Instruct,,2B_general_lora,/home/ubuntu/vlm-spatial-reasoning/checkpoints/general_lora/final,"{""README.md"": ""ac104b898b7c66967afa018a2a35f1891c473694a89d1ef0ec75f970b6294276"", ""adapter_config.json"": ""fdf92e59ea3ed8249953d17a0db788ca77710a5d2192e81c2e1b071fb5cf38ca"", ""adapter_model.safetensors"": ""80bbc0ef798307c9a9ba985b11839c35118887390de46ece6d93b70c37d3f3d9"", ""chat_template.jinja"": ""830005085ddd94cec605b6e21b885b28ffad6e3f82ee6a212c523533e8f04f01"", ""processor_config.json"": ""eb8334ab39dc42fd9c5c7dd83a9c735f130d990059d2ef1a1401f078605c949b"", ""tokenizer.json"": ""0676fc5f243ffb1aee831e5a4c75dfd9122431447c26d888380e5273fddf48dc"", ""tokenizer_config.json"": ""0705650d8ae44e0e5cd4ddf77149eaca3c273f35e6eb7d24e5605c11c4831515""}",,7f29cebb9d06eca06ad0d6c690e4d5a083b71a9c42008f88e92474e3ff0eb98a,eb4075c77285da02c52794154760fa969fb21ab3dcceb0820cb7d2ba27d27471,http://images.cocodataset.org/train2017/000000158601.jpg,http://images.cocodataset.org/train2017/000000158601.jpg,,http://images.cocodataset.org/train2017/000000158601.jpg,continv,tier_b_v0.1,"{""axis"": ""semantic"", ""inverse_relation"": ""contains"", ""law"": ""paraphrase_law"", ""note"": ""containment inverse paraphrase; truth preserved"", ""original_relation"": ""in"", ""transform"": ""continv""}",,"{""do_sample"": false, ""max_new_tokens"": 5}",tier_b_r1_2b_full,5cc3a4f64f0d09e02b3a49ba7234826aa61d42c9,v0.1
vsr_test:1497,vsr_test:1497,test,continv,semantic,The hot dog is in the oven,The oven contains the hot dog.,contains,containment,oven,hot dog,True,True,paraphrase_law,True,True, True.,HuggingFaceTB/SmolVLM2-2.2B-Instruct,,2B_general_lora,/home/ubuntu/vlm-spatial-reasoning/checkpoints/general_lora/final,"{""README.md"": ""ac104b898b7c66967afa018a2a35f1891c473694a89d1ef0ec75f970b6294276"", ""adapter_config.json"": ""fdf92e59ea3ed8249953d17a0db788ca77710a5d2192e81c2e1b071fb5cf38ca"", ""adapter_model.safetensors"": ""80bbc0ef798307c9a9ba985b11839c35118887390de46ece6d93b70c37d3f3d9"", ""chat_template.jinja"": ""830005085ddd94cec605b6e21b885b28ffad6e3f82ee6a212c523533e8f04f01"", ""processor_config.json"": ""eb8334ab39dc42fd9c5c7dd83a9c735f130d990059d2ef1a1401f078605c949b"", ""tokenizer.json"": ""0676fc5f243ffb1aee831e5a4c75dfd9122431447c26d888380e5273fddf48dc"", ""tokenizer_config.json"": ""0705650d8ae44e0e5cd4ddf77149eaca3c273f35e6eb7d24e5605c11c4831515""}",,7f29cebb9d06eca06ad0d6c690e4d5a083b71a9c42008f88e92474e3ff0eb98a,eb4075c77285da02c52794154760fa969fb21ab3dcceb0820cb7d2ba27d27471,http://images.cocodataset.org/train2017/000000546401.jpg,http://images.cocodataset.org/train2017/000000546401.jpg,,http://images.cocodataset.org/train2017/000000546401.jpg,continv,tier_b_v0.1,"{""axis"": ""semantic"", ""inverse_relation"": ""in"", ""law"": ""paraphrase_law"", ""note"": ""containment inverse paraphrase; truth preserved"", ""original_relation"": ""contains"", ""transform"": ""continv""}",,"{""do_sample"": false, ""max_new_tokens"": 5}",tier_b_r1_2b_full,5cc3a4f64f0d09e02b3a49ba7234826aa61d42c9,v0.1
vsr_test:1503,vsr_test:1503,test,continv,semantic,The cat is in the refrigerator,The refrigerator contains the cat.,contains,containment,refrigerator,cat,False,False,paraphrase_law,True,False, True.,HuggingFaceTB/SmolVLM2-2.2B-Instruct,,2B_general_lora,/home/ubuntu/vlm-spatial-reasoning/checkpoints/general_lora/final,"{""README.md"": ""ac104b898b7c66967afa018a2a35f1891c473694a89d1ef0ec75f970b6294276"", ""adapter_config.json"": ""fdf92e59ea3ed8249953d17a0db788ca77710a5d2192e81c2e1b071fb5cf38ca"", ""adapter_model.safetensors"": ""80bbc0ef798307c9a9ba985b11839c35118887390de46ece6d93b70c37d3f3d9"", ""chat_template.jinja"": ""830005085ddd94cec605b6e21b885b28ffad6e3f82ee6a212c523533e8f04f01"", ""processor_config.json"": ""eb8334ab39dc42fd9c5c7dd83a9c735f130d990059d2ef1a1401f078605c949b"", ""tokenizer.json"": ""0676fc5f243ffb1aee831e5a4c75dfd9122431447c26d888380e5273fddf48dc"", ""tokenizer_config.json"": ""0705650d8ae44e0e5cd4ddf77149eaca3c273f35e6eb7d24e5605c11c4831515""}",,7f29cebb9d06eca06ad0d6c690e4d5a083b71a9c42008f88e92474e3ff0eb98a,eb4075c77285da02c52794154760fa969fb21ab3dcceb0820cb7d2ba27d27471,http://images.cocodataset.org/train2017/000000552028.jpg,http://images.cocodataset.org/train2017/000000552028.jpg,,http://images.cocodataset.org/train2017/000000552028.jpg,continv,tier_b_v0.1,"{""axis"": ""semantic"", ""inverse_relation"": ""in"", ""law"": ""paraphrase_law"", ""note"": ""containment inverse paraphrase; truth preserved"", ""original_relation"": ""contains"", ""transform"": ""continv""}",,"{""do_sample"": false, ""max_new_tokens"": 5}",tier_b_r1_2b_full,5cc3a4f64f0d09e02b3a49ba7234826aa61d42c9,v0.1
vsr_test:1504,vsr_test:1504,test,continv,semantic,The cow is in the truck,The truck contains the cow.,contains,containment,truck,cow,True,True,paraphrase_law,True,True, True.,HuggingFaceTB/SmolVLM2-2.2B-Instruct,,2B_general_lora,/home/ubuntu/vlm-spatial-reasoning/checkpoints/general_lora/final,"{""README.md"": ""ac104b898b7c66967afa018a2a35f1891c473694a89d1ef0ec75f970b6294276"", ""adapter_config.json"": ""fdf92e59ea3ed8249953d17a0db788ca77710a5d2192e81c2e1b071fb5cf38ca"", ""adapter_model.safetensors"": ""80bbc0ef798307c9a9ba985b11839c35118887390de46ece6d93b70c37d3f3d9"", ""chat_template.jinja"": ""830005085ddd94cec605b6e21b885b28ffad6e3f82ee6a212c523533e8f04f01"", ""processor_config.json"": ""eb8334ab39dc42fd9c5c7dd83a9c735f130d990059d2ef1a1401f078605c949b"", ""tokenizer.json"": ""0676fc5f243ffb1aee831e5a4c75dfd9122431447c26d888380e5273fddf48dc"", ""tokenizer_config.json"": ""0705650d8ae44e0e5cd4ddf77149eaca3c273f35e6eb7d24e5605c11c4831515""}",,7f29cebb9d06eca06ad0d6c690e4d5a083b71a9c42008f88e92474e3ff0eb98a,eb4075c77285da02c52794154760fa969fb21ab3dcceb0820cb7d2ba27d27471,http://images.cocodataset.org/train2017/000000001590.jpg,http://images.cocodataset.org/train2017/000000001590.jpg,,http://images.cocodataset.org/train2017/000000001590.jpg,continv,tier_b_v0.1,"{""axis"": ""semantic"", ""inverse_relation"": ""in"", ""law"": ""paraphrase_law"", ""note"": ""containment inverse paraphrase; truth preserved"", ""original_relation"": ""contains"", ""transform"": ""continv""}",,"{""do_sample"": false, ""max_new_tokens"": 5}",tier_b_r1_2b_full,5cc3a4f64f0d09e02b3a49ba7234826aa61d42c9,v0.1
vsr_test:1516,vsr_test:1516,test,continv,semantic,The bowl contains the sandwich,The sandwich is in the bowl.,in,containment,sandwich,bowl,False,False,paraphrase_law,False,True, False.,HuggingFaceTB/SmolVLM2-2.2B-Instruct,,2B_general_lora,/home/ubuntu/vlm-spatial-reasoning/checkpoints/general_lora/final,"{""README.md"": ""ac104b898b7c66967afa018a2a35f1891c473694a89d1ef0ec75f970b6294276"", ""adapter_config.json"": ""fdf92e59ea3ed8249953d17a0db788ca77710a5d2192e81c2e1b071fb5cf38ca"", ""adapter_model.safetensors"": ""80bbc0ef798307c9a9ba985b11839c35118887390de46ece6d93b70c37d3f3d9"", ""chat_template.jinja"": ""830005085ddd94cec605b6e21b885b28ffad6e3f82ee6a212c523533e8f04f01"", ""processor_config.json"": ""eb8334ab39dc42fd9c5c7dd83a9c735f130d990059d2ef1a1401f078605c949b"", ""tokenizer.json"": ""0676fc5f243ffb1aee831e5a4c75dfd9122431447c26d888380e5273fddf48dc"", ""tokenizer_config.json"": ""0705650d8ae44e0e5cd4ddf77149eaca3c273f35e6eb7d24e5605c11c4831515""}",,7f29cebb9d06eca06ad0d6c690e4d5a083b71a9c42008f88e92474e3ff0eb98a,eb4075c77285da02c52794154760fa969fb21ab3dcceb0820cb7d2ba27d27471,http://images.cocodataset.org/train2017/000000229191.jpg,http://images.cocodataset.org/train2017/000000229191.jpg,,http://images.cocodataset.org/train2017/000000229191.jpg,continv,tier_b_v0.1,"{""axis"": ""semantic"", ""inverse_relation"": ""contains"", ""law"": ""paraphrase_law"", ""note"": ""containment inverse paraphrase; truth preserved"", ""original_relation"": ""in"", ""transform"": ""continv""}",,"{""do_sample"": false, ""max_new_tokens"": 5}",tier_b_r1_2b_full,5cc3a4f64f0d09e02b3a49ba7234826aa61d42c9,v0.1
vsr_test:1526,vsr_test:1526,test,continv,semantic,The banana is in the bowl,The bowl contains the banana.,contains,containment,bowl,banana,False,False,paraphrase_law,False,True, False.,HuggingFaceTB/SmolVLM2-2.2B-Instruct,,2B_general_lora,/home/ubuntu/vlm-spatial-reasoning/checkpoints/general_lora/final,"{""README.md"": ""ac104b898b7c66967afa018a2a35f1891c473694a89d1ef0ec75f970b6294276"", ""adapter_config.json"": ""fdf92e59ea3ed8249953d17a0db788ca77710a5d2192e81c2e1b071fb5cf38ca"", ""adapter_model.safetensors"": ""80bbc0ef798307c9a9ba985b11839c35118887390de46ece6d93b70c37d3f3d9"", ""chat_template.jinja"": ""830005085ddd94cec605b6e21b885b28ffad6e3f82ee6a212c523533e8f04f01"", ""processor_config.json"": ""eb8334ab39dc42fd9c5c7dd83a9c735f130d990059d2ef1a1401f078605c949b"", ""tokenizer.json"": ""0676fc5f243ffb1aee831e5a4c75dfd9122431447c26d888380e5273fddf48dc"", ""tokenizer_config.json"": ""0705650d8ae44e0e5cd4ddf77149eaca3c273f35e6eb7d24e5605c11c4831515""}",,7f29cebb9d06eca06ad0d6c690e4d5a083b71a9c42008f88e92474e3ff0eb98a,eb4075c77285da02c52794154760fa969fb21ab3dcceb0820cb7d2ba27d27471,http://images.cocodataset.org/train2017/000000428407.jpg,http://images.cocodataset.org/train2017/000000428407.jpg,,http://images.cocodataset.org/train2017/000000428407.jpg,continv,tier_b_v0.1,"{""axis"": ""semantic"", ""inverse_relation"": ""in"", ""law"": ""paraphrase_law"", ""note"": ""containment inverse paraphrase; truth preserved"", ""original_relation"": ""contains"", ""transform"": ""continv""}",,"{""do_sample"": false, ""max_new_tokens"": 5}",tier_b_r1_2b_full,5cc3a4f64f0d09e02b3a49ba7234826aa61d42c9,v0.1
vsr_test:1533,vsr_test:1533,test,continv,semantic,The donut is in the car,The car contains the donut.,contains,containment,car,donut,True,True,paraphrase_law,True,True, True.,HuggingFaceTB/SmolVLM2-2.2B-Instruct,,2B_general_lora,/home/ubuntu/vlm-spatial-reasoning/checkpoints/general_lora/final,"{""README.md"": ""ac104b898b7c66967afa018a2a35f1891c473694a89d1ef0ec75f970b6294276"", ""adapter_config.json"": ""fdf92e59ea3ed8249953d17a0db788ca77710a5d2192e81c2e1b071fb5cf38ca"", ""adapter_model.safetensors"": ""80bbc0ef798307c9a9ba985b11839c35118887390de46ece6d93b70c37d3f3d9"", ""chat_template.jinja"": ""830005085ddd94cec605b6e21b885b28ffad6e3f82ee6a212c523533e8f04f01"", ""processor_config.json"": ""eb8334ab39dc42fd9c5c7dd83a9c735f130d990059d2ef1a1401f078605c949b"", ""tokenizer.json"": ""0676fc5f243ffb1aee831e5a4c75dfd9122431447c26d888380e5273fddf48dc"", ""tokenizer_config.json"": ""0705650d8ae44e0e5cd4ddf77149eaca3c273f35e6eb7d24e5605c11c4831515""}",,7f29cebb9d06eca06ad0d6c690e4d5a083b71a9c42008f88e92474e3ff0eb98a,eb4075c77285da02c52794154760fa969fb21ab3dcceb0820cb7d2ba27d27471,http://images.cocodataset.org/train2017/000000196002.jpg,http://images.cocodataset.org/train2017/000000196002.jpg,,http://images.cocodataset.org/train2017/000000196002.jpg,continv,tier_b_v0.1,"{""axis"": ""semantic"", ""inverse_relation"": ""in"", ""law"": ""paraphrase_law"", ""note"": ""containment inverse paraphrase; truth preserved"", ""original_relation"": ""contains"", ""transform"": ""continv""}",,"{""do_sample"": false, ""max_new_tokens"": 5}",tier_b_r1_2b_full,5cc3a4f64f0d09e02b3a49ba7234826aa61d42c9,v0.1
vsr_test:1535,vsr_test:1535,test,continv,semantic,The car contains the dog,The dog is inside the car.,inside,containment,dog,car,False,False,paraphrase_law,False,True, False.,HuggingFaceTB/SmolVLM2-2.2B-Instruct,,2B_general_lora,/home/ubuntu/vlm-spatial-reasoning/checkpoints/general_lora/final,"{""README.md"": ""ac104b898b7c66967afa018a2a35f1891c473694a89d1ef0ec75f970b6294276"", ""adapter_config.json"": ""fdf92e59ea3ed8249953d17a0db788ca77710a5d2192e81c2e1b071fb5cf38ca"", ""adapter_model.safetensors"": ""80bbc0ef798307c9a9ba985b11839c35118887390de46ece6d93b70c37d3f3d9"", ""chat_template.jinja"": ""830005085ddd94cec605b6e21b885b28ffad6e3f82ee6a212c523533e8f04f01"", ""processor_config.json"": ""eb8334ab39dc42fd9c5c7dd83a9c735f130d990059d2ef1a1401f078605c949b"", ""tokenizer.json"": ""0676fc5f243ffb1aee831e5a4c75dfd9122431447c26d888380e5273fddf48dc"", ""tokenizer_config.json"": ""0705650d8ae44e0e5cd4ddf77149eaca3c273f35e6eb7d24e5605c11c4831515""}",,7f29cebb9d06eca06ad0d6c690e4d5a083b71a9c42008f88e92474e3ff0eb98a,eb4075c77285da02c52794154760fa969fb21ab3dcceb0820cb7d2ba27d27471,http://images.cocodataset.org/train2017/000000441470.jpg,http://images.cocodataset.org/train2017/000000441470.jpg,,http://images.cocodataset.org/train2017/000000441470.jpg,continv,tier_b_v0.1,"{""axis"": ""semantic"", ""inverse_relation"": ""contains"", ""law"": ""paraphrase_law"", ""note"": ""containment inverse paraphrase; truth preserved"", ""original_relation"": ""inside"", ""transform"": ""continv""}",,"{""do_sample"": false, ""max_new_tokens"": 5}",tier_b_r1_2b_full,5cc3a4f64f0d09e02b3a49ba7234826aa61d42c9,v0.1
vsr_test:1541,vsr_test:1541,test,continv,semantic,The cat is in the backpack,The backpack contains the cat.,contains,containment,backpack,cat,True,True,paraphrase_law,True,True, True.,HuggingFaceTB/SmolVLM2-2.2B-Instruct,,2B_general_lora,/home/ubuntu/vlm-spatial-reasoning/checkpoints/general_lora/final,"{""README.md"": ""ac104b898b7c66967afa018a2a35f1891c473694a89d1ef0ec75f970b6294276"", ""adapter_config.json"": ""fdf92e59ea3ed8249953d17a0db788ca77710a5d2192e81c2e1b071fb5cf38ca"", ""adapter_model.safetensors"": ""80bbc0ef798307c9a9ba985b11839c35118887390de46ece6d93b70c37d3f3d9"", ""chat_template.jinja"": ""830005085ddd94cec605b6e21b885b28ffad6e3f82ee6a212c523533e8f04f01"", ""processor_config.json"": ""eb8334ab39dc42fd9c5c7dd83a9c735f130d990059d2ef1a1401f078605c949b"", ""tokenizer.json"": ""0676fc5f243ffb1aee831e5a4c75dfd9122431447c26d888380e5273fddf48dc"", ""tokenizer_config.json"": ""0705650d8ae44e0e5cd4ddf77149eaca3c273f35e6eb7d24e5605c11c4831515""}",,7f29cebb9d06eca06ad0d6c690e4d5a083b71a9c42008f88e92474e3ff0eb98a,eb4075c77285da02c52794154760fa969fb21ab3dcceb0820cb7d2ba27d27471,http://images.cocodataset.org/train2017/000000493316.jpg,http://images.cocodataset.org/train2017/000000493316.jpg,,http://images.cocodataset.org/train2017/000000493316.jpg,continv,tier_b_v0.1,"{""axis"": ""semantic"", ""inverse_relation"": ""in"", ""law"": ""paraphrase_law"", ""note"": ""containment inverse paraphrase; truth preserved"", ""original_relation"": ""contains"", ""transform"": ""continv""}",,"{""do_sample"": false, ""max_new_tokens"": 5}",tier_b_r1_2b_full,5cc3a4f64f0d09e02b3a49ba7234826aa61d42c9,v0.1
vsr_test:1556,vsr_test:1556,test,continv,semantic,The cake contains the truck,The truck is in the cake.,in,containment,truck,cake,False,False,paraphrase_law,True,False, True.,HuggingFaceTB/SmolVLM2-2.2B-Instruct,,2B_general_lora,/home/ubuntu/vlm-spatial-reasoning/checkpoints/general_lora/final,"{""README.md"": ""ac104b898b7c66967afa018a2a35f1891c473694a89d1ef0ec75f970b6294276"", ""adapter_config.json"": ""fdf92e59ea3ed8249953d17a0db788ca77710a5d2192e81c2e1b071fb5cf38ca"", ""adapter_model.safetensors"": ""80bbc0ef798307c9a9ba985b11839c35118887390de46ece6d93b70c37d3f3d9"", ""chat_template.jinja"": ""830005085ddd94cec605b6e21b885b28ffad6e3f82ee6a212c523533e8f04f01"", ""processor_config.json"": ""eb8334ab39dc42fd9c5c7dd83a9c735f130d990059d2ef1a1401f078605c949b"", ""tokenizer.json"": ""0676fc5f243ffb1aee831e5a4c75dfd9122431447c26d888380e5273fddf48dc"", ""tokenizer_config.json"": ""0705650d8ae44e0e5cd4ddf77149eaca3c273f35e6eb7d24e5605c11c4831515""}",,7f29cebb9d06eca06ad0d6c690e4d5a083b71a9c42008f88e92474e3ff0eb98a,eb4075c77285da02c52794154760fa969fb21ab3dcceb0820cb7d2ba27d27471,http://images.cocodataset.org/train2017/000000273704.jpg,http://images.cocodataset.org/train2017/000000273704.jpg,,http://images.cocodataset.org/train2017/000000273704.jpg,continv,tier_b_v0.1,"{""axis"": ""semantic"", ""inverse_relation"": ""contains"", ""law"": ""paraphrase_law"", ""note"": ""containment inverse paraphrase; truth preserved"", ""original_relation"": ""in"", ""transform"": ""continv""}",,"{""do_sample"": false, ""max_new_tokens"": 5}",tier_b_r1_2b_full,5cc3a4f64f0d09e02b3a49ba7234826aa61d42c9,v0.1
vsr_test:1566,vsr_test:1566,test,continv,semantic,The oven contains the pizza,The pizza is in the oven.,in,containment,pizza,oven,True,True,paraphrase_law,True,True, True.,HuggingFaceTB/SmolVLM2-2.2B-Instruct,,2B_general_lora,/home/ubuntu/vlm-spatial-reasoning/checkpoints/general_lora/final,"{""README.md"": ""ac104b898b7c66967afa018a2a35f1891c473694a89d1ef0ec75f970b6294276"", ""adapter_config.json"": ""fdf92e59ea3ed8249953d17a0db788ca77710a5d2192e81c2e1b071fb5cf38ca"", ""adapter_model.safetensors"": ""80bbc0ef798307c9a9ba985b11839c35118887390de46ece6d93b70c37d3f3d9"", ""chat_template.jinja"": ""830005085ddd94cec605b6e21b885b28ffad6e3f82ee6a212c523533e8f04f01"", ""processor_config.json"": ""eb8334ab39dc42fd9c5c7dd83a9c735f130d990059d2ef1a1401f078605c949b"", ""tokenizer.json"": ""0676fc5f243ffb1aee831e5a4c75dfd9122431447c26d888380e5273fddf48dc"", ""tokenizer_config.json"": ""0705650d8ae44e0e5cd4ddf77149eaca3c273f35e6eb7d24e5605c11c4831515""}",,7f29cebb9d06eca06ad0d6c690e4d5a083b71a9c42008f88e92474e3ff0eb98a,eb4075c77285da02c52794154760fa969fb21ab3dcceb0820cb7d2ba27d27471,http://images.cocodataset.org/train2017/000000116521.jpg,http://images.cocodataset.org/train2017/000000116521.jpg,,http://images.cocodataset.org/train2017/000000116521.jpg,continv,tier_b_v0.1,"{""axis"": ""semantic"", ""inverse_relation"": ""contains"", ""law"": ""paraphrase_law"", ""note"": ""containment inverse paraphrase; truth preserved"", ""original_relation"": ""in"", ""transform"": ""continv""}",,"{""do_sample"": false, ""max_new_tokens"": 5}",tier_b_r1_2b_full,5cc3a4f64f0d09e02b3a49ba7234826aa61d42c9,v0.1
vsr_test:1569,vsr_test:1569,test,continv,semantic,The cat is in the suitcase,The suitcase contains the cat.,contains,containment,suitcase,cat,True,True,paraphrase_law,True,True, True.,HuggingFaceTB/SmolVLM2-2.2B-Instruct,,2B_general_lora,/home/ubuntu/vlm-spatial-reasoning/checkpoints/general_lora/final,"{""README.md"": ""ac104b898b7c66967afa018a2a35f1891c473694a89d1ef0ec75f970b6294276"", ""adapter_config.json"": ""fdf92e59ea3ed8249953d17a0db788ca77710a5d2192e81c2e1b071fb5cf38ca"", ""adapter_model.safetensors"": ""80bbc0ef798307c9a9ba985b11839c35118887390de46ece6d93b70c37d3f3d9"", ""chat_template.jinja"": ""830005085ddd94cec605b6e21b885b28ffad6e3f82ee6a212c523533e8f04f01"", ""processor_config.json"": ""eb8334ab39dc42fd9c5c7dd83a9c735f130d990059d2ef1a1401f078605c949b"", ""tokenizer.json"": ""0676fc5f243ffb1aee831e5a4c75dfd9122431447c26d888380e5273fddf48dc"", ""tokenizer_config.json"": ""0705650d8ae44e0e5cd4ddf77149eaca3c273f35e6eb7d24e5605c11c4831515""}",,7f29cebb9d06eca06ad0d6c690e4d5a083b71a9c42008f88e92474e3ff0eb98a,eb4075c77285da02c52794154760fa969fb21ab3dcceb0820cb7d2ba27d27471,http://images.cocodataset.org/train2017/000000344181.jpg,http://images.cocodataset.org/train2017/000000344181.jpg,,http://images.cocodataset.org/train2017/000000344181.jpg,continv,tier_b_v0.1,"{""axis"": ""semantic"", ""inverse_relation"": ""in"", ""law"": ""paraphrase_law"", ""note"": ""containment inverse paraphrase; truth preserved"", ""original_relation"": ""contains"", ""transform"": ""continv""}",,"{""do_sample"": false, ""max_new_tokens"": 5}",tier_b_r1_2b_full,5cc3a4f64f0d09e02b3a49ba7234826aa61d42c9,v0.1
vsr_test:1570,vsr_test:1570,test,continv,semantic,The train contains the toilet,The toilet is in the train.,in,containment,toilet,train,True,True,paraphrase_law,True,True, True.,HuggingFaceTB/SmolVLM2-2.2B-Instruct,,2B_general_lora,/home/ubuntu/vlm-spatial-reasoning/checkpoints/general_lora/final,"{""README.md"": ""ac104b898b7c66967afa018a2a35f1891c473694a89d1ef0ec75f970b6294276"", ""adapter_config.json"": ""fdf92e59ea3ed8249953d17a0db788ca77710a5d2192e81c2e1b071fb5cf38ca"", ""adapter_model.safetensors"": ""80bbc0ef798307c9a9ba985b11839c35118887390de46ece6d93b70c37d3f3d9"", ""chat_template.jinja"": ""830005085ddd94cec605b6e21b885b28ffad6e3f82ee6a212c523533e8f04f01"", ""processor_config.json"": ""eb8334ab39dc42fd9c5c7dd83a9c735f130d990059d2ef1a1401f078605c949b"", ""tokenizer.json"": ""0676fc5f243ffb1aee831e5a4c75dfd9122431447c26d888380e5273fddf48dc"", ""tokenizer_config.json"": ""0705650d8ae44e0e5cd4ddf77149eaca3c273f35e6eb7d24e5605c11c4831515""}",,7f29cebb9d06eca06ad0d6c690e4d5a083b71a9c42008f88e92474e3ff0eb98a,eb4075c77285da02c52794154760fa969fb21ab3dcceb0820cb7d2ba27d27471,http://images.cocodataset.org/train2017/000000015745.jpg,http://images.cocodataset.org/train2017/000000015745.jpg,,http://images.cocodataset.org/train2017/000000015745.jpg,continv,tier_b_v0.1,"{""axis"": ""semantic"", ""inverse_relation"": ""contains"", ""law"": ""paraphrase_law"", ""note"": ""containment inverse paraphrase; truth preserved"", ""original_relation"": ""in"", ""transform"": ""continv""}",,"{""do_sample"": false, ""max_new_tokens"": 5}",tier_b_r1_2b_full,5cc3a4f64f0d09e02b3a49ba7234826aa61d42c9,v0.1
vsr_test:1571,vsr_test:1571,test,continv,semantic,The book contains the bird,The bird is in the book.,in,containment,bird,book,False,False,paraphrase_law,False,True, False.,HuggingFaceTB/SmolVLM2-2.2B-Instruct,,2B_general_lora,/home/ubuntu/vlm-spatial-reasoning/checkpoints/general_lora/final,"{""README.md"": ""ac104b898b7c66967afa018a2a35f1891c473694a89d1ef0ec75f970b6294276"", ""adapter_config.json"": ""fdf92e59ea3ed8249953d17a0db788ca77710a5d2192e81c2e1b071fb5cf38ca"", ""adapter_model.safetensors"": ""80bbc0ef798307c9a9ba985b11839c35118887390de46ece6d93b70c37d3f3d9"", ""chat_template.jinja"": ""830005085ddd94cec605b6e21b885b28ffad6e3f82ee6a212c523533e8f04f01"", ""processor_config.json"": ""eb8334ab39dc42fd9c5c7dd83a9c735f130d990059d2ef1a1401f078605c949b"", ""tokenizer.json"": ""0676fc5f243ffb1aee831e5a4c75dfd9122431447c26d888380e5273fddf48dc"", ""tokenizer_config.json"": ""0705650d8ae44e0e5cd4ddf77149eaca3c273f35e6eb7d24e5605c11c4831515""}",,7f29cebb9d06eca06ad0d6c690e4d5a083b71a9c42008f88e92474e3ff0eb98a,eb4075c77285da02c52794154760fa969fb21ab3dcceb0820cb7d2ba27d27471,http://images.cocodataset.org/train2017/000000028134.jpg,http://images.cocodataset.org/train2017/000000028134.jpg,,http://images.cocodataset.org/train2017/000000028134.jpg,continv,tier_b_v0.1,"{""axis"": ""semantic"", ""inverse_relation"": ""contains"", ""law"": ""paraphrase_law"", ""note"": ""containment inverse paraphrase; truth preserved"", ""original_relation"": ""in"", ""transform"": ""continv""}",,"{""do_sample"": false, ""max_new_tokens"": 5}",tier_b_r1_2b_full,5cc3a4f64f0d09e02b3a49ba7234826aa61d42c9,v0.1
vsr_test:1583,vsr_test:1583,test,continv,semantic,The cow is in the truck,The truck contains the cow.,contains,containment,truck,cow,False,False,paraphrase_law,True,False, True.,HuggingFaceTB/SmolVLM2-2.2B-Instruct,,2B_general_lora,/home/ubuntu/vlm-spatial-reasoning/checkpoints/general_lora/final,"{""README.md"": ""ac104b898b7c66967afa018a2a35f1891c473694a89d1ef0ec75f970b6294276"", ""adapter_config.json"": ""fdf92e59ea3ed8249953d17a0db788ca77710a5d2192e81c2e1b071fb5cf38ca"", ""adapter_model.safetensors"": ""80bbc0ef798307c9a9ba985b11839c35118887390de46ece6d93b70c37d3f3d9"", ""chat_template.jinja"": ""830005085ddd94cec605b6e21b885b28ffad6e3f82ee6a212c523533e8f04f01"", ""processor_config.json"": ""eb8334ab39dc42fd9c5c7dd83a9c735f130d990059d2ef1a1401f078605c949b"", ""tokenizer.json"": ""0676fc5f243ffb1aee831e5a4c75dfd9122431447c26d888380e5273fddf48dc"", ""tokenizer_config.json"": ""0705650d8ae44e0e5cd4ddf77149eaca3c273f35e6eb7d24e5605c11c4831515""}",,7f29cebb9d06eca06ad0d6c690e4d5a083b71a9c42008f88e92474e3ff0eb98a,eb4075c77285da02c52794154760fa969fb21ab3dcceb0820cb7d2ba27d27471,http://images.cocodataset.org/train2017/000000387136.jpg,http://images.cocodataset.org/train2017/000000387136.jpg,,http://images.cocodataset.org/train2017/000000387136.jpg,continv,tier_b_v0.1,"{""axis"": ""semantic"", ""inverse_relation"": ""in"", ""law"": ""paraphrase_law"", ""note"": ""containment inverse paraphrase; truth preserved"", ""original_relation"": ""contains"", ""transform"": ""continv""}",,"{""do_sample"": false, ""max_new_tokens"": 5}",tier_b_r1_2b_full,5cc3a4f64f0d09e02b3a49ba7234826aa61d42c9,v0.1
vsr_test:1589,vsr_test:1589,test,continv,semantic,The suitcase contains the cat,The cat is in the suitcase.,in,containment,cat,suitcase,True,True,paraphrase_law,True,True, True.,HuggingFaceTB/SmolVLM2-2.2B-Instruct,,2B_general_lora,/home/ubuntu/vlm-spatial-reasoning/checkpoints/general_lora/final,"{""README.md"": ""ac104b898b7c66967afa018a2a35f1891c473694a89d1ef0ec75f970b6294276"", ""adapter_config.json"": ""fdf92e59ea3ed8249953d17a0db788ca77710a5d2192e81c2e1b071fb5cf38ca"", ""adapter_model.safetensors"": ""80bbc0ef798307c9a9ba985b11839c35118887390de46ece6d93b70c37d3f3d9"", ""chat_template.jinja"": ""830005085ddd94cec605b6e21b885b28ffad6e3f82ee6a212c523533e8f04f01"", ""processor_config.json"": ""eb8334ab39dc42fd9c5c7dd83a9c735f130d990059d2ef1a1401f078605c949b"", ""tokenizer.json"": ""0676fc5f243ffb1aee831e5a4c75dfd9122431447c26d888380e5273fddf48dc"", ""tokenizer_config.json"": ""0705650d8ae44e0e5cd4ddf77149eaca3c273f35e6eb7d24e5605c11c4831515""}",,7f29cebb9d06eca06ad0d6c690e4d5a083b71a9c42008f88e92474e3ff0eb98a,eb4075c77285da02c52794154760fa969fb21ab3dcceb0820cb7d2ba27d27471,http://images.cocodataset.org/train2017/000000064423.jpg,http://images.cocodataset.org/train2017/000000064423.jpg,,http://images.cocodataset.org/train2017/000000064423.jpg,continv,tier_b_v0.1,"{""axis"": ""semantic"", ""inverse_relation"": ""contains"", ""law"": ""paraphrase_law"", ""note"": ""containment inverse paraphrase; truth preserved"", ""original_relation"": ""in"", ""transform"": ""continv""}",,"{""do_sample"": false, ""max_new_tokens"": 5}",tier_b_r1_2b_full,5cc3a4f64f0d09e02b3a49ba7234826aa61d42c9,v0.1
vsr_test:1596,vsr_test:1596,test,continv,semantic,The backpack contains the cat,The cat is inside the backpack.,inside,containment,cat,backpack,False,False,paraphrase_law,False,True, False.,HuggingFaceTB/SmolVLM2-2.2B-Instruct,,2B_general_lora,/home/ubuntu/vlm-spatial-reasoning/checkpoints/general_lora/final,"{""README.md"": ""ac104b898b7c66967afa018a2a35f1891c473694a89d1ef0ec75f970b6294276"", ""adapter_config.json"": ""fdf92e59ea3ed8249953d17a0db788ca77710a5d2192e81c2e1b071fb5cf38ca"", ""adapter_model.safetensors"": ""80bbc0ef798307c9a9ba985b11839c35118887390de46ece6d93b70c37d3f3d9"", ""chat_template.jinja"": ""830005085ddd94cec605b6e21b885b28ffad6e3f82ee6a212c523533e8f04f01"", ""processor_config.json"": ""eb8334ab39dc42fd9c5c7dd83a9c735f130d990059d2ef1a1401f078605c949b"", ""tokenizer.json"": ""0676fc5f243ffb1aee831e5a4c75dfd9122431447c26d888380e5273fddf48dc"", ""tokenizer_config.json"": ""0705650d8ae44e0e5cd4ddf77149eaca3c273f35e6eb7d24e5605c11c4831515""}",,7f29cebb9d06eca06ad0d6c690e4d5a083b71a9c42008f88e92474e3ff0eb98a,eb4075c77285da02c52794154760fa969fb21ab3dcceb0820cb7d2ba27d27471,http://images.cocodataset.org/train2017/000000212868.jpg,http://images.cocodataset.org/train2017/000000212868.jpg,,http://images.cocodataset.org/train2017/000000212868.jpg,continv,tier_b_v0.1,"{""axis"": ""semantic"", ""inverse_relation"": ""contains"", ""law"": ""paraphrase_law"", ""note"": ""containment inverse paraphrase; truth preserved"", ""original_relation"": ""inside"", ""transform"": ""continv""}",,"{""do_sample"": false, ""max_new_tokens"": 5}",tier_b_r1_2b_full,5cc3a4f64f0d09e02b3a49ba7234826aa61d42c9,v0.1
vsr_test:1600,vsr_test:1600,test,continv,semantic,The bowl contains the cup,The cup is in the bowl.,in,containment,cup,bowl,True,True,paraphrase_law,False,False, False.,HuggingFaceTB/SmolVLM2-2.2B-Instruct,,2B_general_lora,/home/ubuntu/vlm-spatial-reasoning/checkpoints/general_lora/final,"{""README.md"": ""ac104b898b7c66967afa018a2a35f1891c473694a89d1ef0ec75f970b6294276"", ""adapter_config.json"": ""fdf92e59ea3ed8249953d17a0db788ca77710a5d2192e81c2e1b071fb5cf38ca"", ""adapter_model.safetensors"": ""80bbc0ef798307c9a9ba985b11839c35118887390de46ece6d93b70c37d3f3d9"", ""chat_template.jinja"": ""830005085ddd94cec605b6e21b885b28ffad6e3f82ee6a212c523533e8f04f01"", ""processor_config.json"": ""eb8334ab39dc42fd9c5c7dd83a9c735f130d990059d2ef1a1401f078605c949b"", ""tokenizer.json"": ""0676fc5f243ffb1aee831e5a4c75dfd9122431447c26d888380e5273fddf48dc"", ""tokenizer_config.json"": ""0705650d8ae44e0e5cd4ddf77149eaca3c273f35e6eb7d24e5605c11c4831515""}",,7f29cebb9d06eca06ad0d6c690e4d5a083b71a9c42008f88e92474e3ff0eb98a,eb4075c77285da02c52794154760fa969fb21ab3dcceb0820cb7d2ba27d27471,http://images.cocodataset.org/train2017/000000392198.jpg,http://images.cocodataset.org/train2017/000000392198.jpg,,http://images.cocodataset.org/train2017/000000392198.jpg,continv,tier_b_v0.1,"{""axis"": ""semantic"", ""inverse_relation"": ""contains"", ""law"": ""paraphrase_law"", ""note"": ""containment inverse paraphrase; truth preserved"", ""original_relation"": ""in"", ""transform"": ""continv""}",,"{""do_sample"": false, ""max_new_tokens"": 5}",tier_b_r1_2b_full,5cc3a4f64f0d09e02b3a49ba7234826aa61d42c9,v0.1
vsr_test:1601,vsr_test:1601,test,continv,semantic,The airplane contains the person,The person is inside the airplane.,inside,containment,person,airplane,True,True,paraphrase_law,True,True, True.,HuggingFaceTB/SmolVLM2-2.2B-Instruct,,2B_general_lora,/home/ubuntu/vlm-spatial-reasoning/checkpoints/general_lora/final,"{""README.md"": ""ac104b898b7c66967afa018a2a35f1891c473694a89d1ef0ec75f970b6294276"", ""adapter_config.json"": ""fdf92e59ea3ed8249953d17a0db788ca77710a5d2192e81c2e1b071fb5cf38ca"", ""adapter_model.safetensors"": ""80bbc0ef798307c9a9ba985b11839c35118887390de46ece6d93b70c37d3f3d9"", ""chat_template.jinja"": ""830005085ddd94cec605b6e21b885b28ffad6e3f82ee6a212c523533e8f04f01"", ""processor_config.json"": ""eb8334ab39dc42fd9c5c7dd83a9c735f130d990059d2ef1a1401f078605c949b"", ""tokenizer.json"": ""0676fc5f243ffb1aee831e5a4c75dfd9122431447c26d888380e5273fddf48dc"", ""tokenizer_config.json"": ""0705650d8ae44e0e5cd4ddf77149eaca3c273f35e6eb7d24e5605c11c4831515""}",,7f29cebb9d06eca06ad0d6c690e4d5a083b71a9c42008f88e92474e3ff0eb98a,eb4075c77285da02c52794154760fa969fb21ab3dcceb0820cb7d2ba27d27471,http://images.cocodataset.org/train2017/000000395850.jpg,http://images.cocodataset.org/train2017/000000395850.jpg,,http://images.cocodataset.org/train2017/000000395850.jpg,continv,tier_b_v0.1,"{""axis"": ""semantic"", ""inverse_relation"": ""contains"", ""law"": ""paraphrase_law"", ""note"": ""containment inverse paraphrase; truth preserved"", ""original_relation"": ""inside"", ""transform"": ""continv""}",,"{""do_sample"": false, ""max_new_tokens"": 5}",tier_b_r1_2b_full,5cc3a4f64f0d09e02b3a49ba7234826aa61d42c9,v0.1
vsr_test:1602,vsr_test:1602,test,continv,semantic,The chair contains the teddy bear,The teddy bear is in the chair.,in,containment,teddy bear,chair,False,False,paraphrase_law,False,True, False.,HuggingFaceTB/SmolVLM2-2.2B-Instruct,,2B_general_lora,/home/ubuntu/vlm-spatial-reasoning/checkpoints/general_lora/final,"{""README.md"": ""ac104b898b7c66967afa018a2a35f1891c473694a89d1ef0ec75f970b6294276"", ""adapter_config.json"": ""fdf92e59ea3ed8249953d17a0db788ca77710a5d2192e81c2e1b071fb5cf38ca"", ""adapter_model.safetensors"": ""80bbc0ef798307c9a9ba985b11839c35118887390de46ece6d93b70c37d3f3d9"", ""chat_template.jinja"": ""830005085ddd94cec605b6e21b885b28ffad6e3f82ee6a212c523533e8f04f01"", ""processor_config.json"": ""eb8334ab39dc42fd9c5c7dd83a9c735f130d990059d2ef1a1401f078605c949b"", ""tokenizer.json"": ""0676fc5f243ffb1aee831e5a4c75dfd9122431447c26d888380e5273fddf48dc"", ""tokenizer_config.json"": ""0705650d8ae44e0e5cd4ddf77149eaca3c273f35e6eb7d24e5605c11c4831515""}",,7f29cebb9d06eca06ad0d6c690e4d5a083b71a9c42008f88e92474e3ff0eb98a,eb4075c77285da02c52794154760fa969fb21ab3dcceb0820cb7d2ba27d27471,http://images.cocodataset.org/train2017/000000440522.jpg,http://images.cocodataset.org/train2017/000000440522.jpg,,http://images.cocodataset.org/train2017/000000440522.jpg,continv,tier_b_v0.1,"{""axis"": ""semantic"", ""inverse_relation"": ""contains"", ""law"": ""paraphrase_law"", ""note"": ""containment inverse paraphrase; truth preserved"", ""original_relation"": ""in"", ""transform"": ""continv""}",,"{""do_sample"": false, ""max_new_tokens"": 5}",tier_b_r1_2b_full,5cc3a4f64f0d09e02b3a49ba7234826aa61d42c9,v0.1
vsr_test:1615,vsr_test:1615,test,continv,semantic,The truck contains the surfboard,The surfboard is in the truck.,in,containment,surfboard,truck,True,True,paraphrase_law,True,True, True.,HuggingFaceTB/SmolVLM2-2.2B-Instruct,,2B_general_lora,/home/ubuntu/vlm-spatial-reasoning/checkpoints/general_lora/final,"{""README.md"": ""ac104b898b7c66967afa018a2a35f1891c473694a89d1ef0ec75f970b6294276"", ""adapter_config.json"": ""fdf92e59ea3ed8249953d17a0db788ca77710a5d2192e81c2e1b071fb5cf38ca"", ""adapter_model.safetensors"": ""80bbc0ef798307c9a9ba985b11839c35118887390de46ece6d93b70c37d3f3d9"", ""chat_template.jinja"": ""830005085ddd94cec605b6e21b885b28ffad6e3f82ee6a212c523533e8f04f01"", ""processor_config.json"": ""eb8334ab39dc42fd9c5c7dd83a9c735f130d990059d2ef1a1401f078605c949b"", ""tokenizer.json"": ""0676fc5f243ffb1aee831e5a4c75dfd9122431447c26d888380e5273fddf48dc"", ""tokenizer_config.json"": ""0705650d8ae44e0e5cd4ddf77149eaca3c273f35e6eb7d24e5605c11c4831515""}",,7f29cebb9d06eca06ad0d6c690e4d5a083b71a9c42008f88e92474e3ff0eb98a,eb4075c77285da02c52794154760fa969fb21ab3dcceb0820cb7d2ba27d27471,http://images.cocodataset.org/train2017/000000197775.jpg,http://images.cocodataset.org/train2017/000000197775.jpg,,http://images.cocodataset.org/train2017/000000197775.jpg,continv,tier_b_v0.1,"{""axis"": ""semantic"", ""inverse_relation"": ""contains"", ""law"": ""paraphrase_law"", ""note"": ""containment inverse paraphrase; truth preserved"", ""original_relation"": ""in"", ""transform"": ""continv""}",,"{""do_sample"": false, ""max_new_tokens"": 5}",tier_b_r1_2b_full,5cc3a4f64f0d09e02b3a49ba7234826aa61d42c9,v0.1
vsr_test:1631,vsr_test:1631,test,continv,semantic,The donut is in the car,The car contains the donut.,contains,containment,car,donut,False,False,paraphrase_law,False,True, False.,HuggingFaceTB/SmolVLM2-2.2B-Instruct,,2B_general_lora,/home/ubuntu/vlm-spatial-reasoning/checkpoints/general_lora/final,"{""README.md"": ""ac104b898b7c66967afa018a2a35f1891c473694a89d1ef0ec75f970b6294276"", ""adapter_config.json"": ""fdf92e59ea3ed8249953d17a0db788ca77710a5d2192e81c2e1b071fb5cf38ca"", ""adapter_model.safetensors"": ""80bbc0ef798307c9a9ba985b11839c35118887390de46ece6d93b70c37d3f3d9"", ""chat_template.jinja"": ""830005085ddd94cec605b6e21b885b28ffad6e3f82ee6a212c523533e8f04f01"", ""processor_config.json"": ""eb8334ab39dc42fd9c5c7dd83a9c735f130d990059d2ef1a1401f078605c949b"", ""tokenizer.json"": ""0676fc5f243ffb1aee831e5a4c75dfd9122431447c26d888380e5273fddf48dc"", ""tokenizer_config.json"": ""0705650d8ae44e0e5cd4ddf77149eaca3c273f35e6eb7d24e5605c11c4831515""}",,7f29cebb9d06eca06ad0d6c690e4d5a083b71a9c42008f88e92474e3ff0eb98a,eb4075c77285da02c52794154760fa969fb21ab3dcceb0820cb7d2ba27d27471,http://images.cocodataset.org/train2017/000000382863.jpg,http://images.cocodataset.org/train2017/000000382863.jpg,,http://images.cocodataset.org/train2017/000000382863.jpg,continv,tier_b_v0.1,"{""axis"": ""semantic"", ""inverse_relation"": ""in"", ""law"": ""paraphrase_law"", ""note"": ""containment inverse paraphrase; truth preserved"", ""original_relation"": ""contains"", ""transform"": ""continv""}",,"{""do_sample"": false, ""max_new_tokens"": 5}",tier_b_r1_2b_full,5cc3a4f64f0d09e02b3a49ba7234826aa61d42c9,v0.1
vsr_test:1640,vsr_test:1640,test,continv,semantic,The suitcase contains the cat,The cat is in the suitcase.,in,containment,cat,suitcase,True,True,paraphrase_law,True,True, True.,HuggingFaceTB/SmolVLM2-2.2B-Instruct,,2B_general_lora,/home/ubuntu/vlm-spatial-reasoning/checkpoints/general_lora/final,"{""README.md"": ""ac104b898b7c66967afa018a2a35f1891c473694a89d1ef0ec75f970b6294276"", ""adapter_config.json"": ""fdf92e59ea3ed8249953d17a0db788ca77710a5d2192e81c2e1b071fb5cf38ca"", ""adapter_model.safetensors"": ""80bbc0ef798307c9a9ba985b11839c35118887390de46ece6d93b70c37d3f3d9"", ""chat_template.jinja"": ""830005085ddd94cec605b6e21b885b28ffad6e3f82ee6a212c523533e8f04f01"", ""processor_config.json"": ""eb8334ab39dc42fd9c5c7dd83a9c735f130d990059d2ef1a1401f078605c949b"", ""tokenizer.json"": ""0676fc5f243ffb1aee831e5a4c75dfd9122431447c26d888380e5273fddf48dc"", ""tokenizer_config.json"": ""0705650d8ae44e0e5cd4ddf77149eaca3c273f35e6eb7d24e5605c11c4831515""}",,7f29cebb9d06eca06ad0d6c690e4d5a083b71a9c42008f88e92474e3ff0eb98a,eb4075c77285da02c52794154760fa969fb21ab3dcceb0820cb7d2ba27d27471,http://images.cocodataset.org/val2017/000000443303.jpg,http://images.cocodataset.org/val2017/000000443303.jpg,,http://images.cocodataset.org/val2017/000000443303.jpg,continv,tier_b_v0.1,"{""axis"": ""semantic"", ""inverse_relation"": ""contains"", ""law"": ""paraphrase_law"", ""note"": ""containment inverse paraphrase; truth preserved"", ""original_relation"": ""in"", ""transform"": ""continv""}",,"{""do_sample"": false, ""max_new_tokens"": 5}",tier_b_r1_2b_full,5cc3a4f64f0d09e02b3a49ba7234826aa61d42c9,v0.1
vsr_test:1647,vsr_test:1647,test,continv,semantic,The bed is in the truck,The truck contains the bed.,contains,containment,truck,bed,False,False,paraphrase_law,False,True, False.,HuggingFaceTB/SmolVLM2-2.2B-Instruct,,2B_general_lora,/home/ubuntu/vlm-spatial-reasoning/checkpoints/general_lora/final,"{""README.md"": ""ac104b898b7c66967afa018a2a35f1891c473694a89d1ef0ec75f970b6294276"", ""adapter_config.json"": ""fdf92e59ea3ed8249953d17a0db788ca77710a5d2192e81c2e1b071fb5cf38ca"", ""adapter_model.safetensors"": ""80bbc0ef798307c9a9ba985b11839c35118887390de46ece6d93b70c37d3f3d9"", ""chat_template.jinja"": ""830005085ddd94cec605b6e21b885b28ffad6e3f82ee6a212c523533e8f04f01"", ""processor_config.json"": ""eb8334ab39dc42fd9c5c7dd83a9c735f130d990059d2ef1a1401f078605c949b"", ""tokenizer.json"": ""0676fc5f243ffb1aee831e5a4c75dfd9122431447c26d888380e5273fddf48dc"", ""tokenizer_config.json"": ""0705650d8ae44e0e5cd4ddf77149eaca3c273f35e6eb7d24e5605c11c4831515""}",,7f29cebb9d06eca06ad0d6c690e4d5a083b71a9c42008f88e92474e3ff0eb98a,eb4075c77285da02c52794154760fa969fb21ab3dcceb0820cb7d2ba27d27471,http://images.cocodataset.org/train2017/000000172006.jpg,http://images.cocodataset.org/train2017/000000172006.jpg,,http://images.cocodataset.org/train2017/000000172006.jpg,continv,tier_b_v0.1,"{""axis"": ""semantic"", ""inverse_relation"": ""in"", ""law"": ""paraphrase_law"", ""note"": ""containment inverse paraphrase; truth preserved"", ""original_relation"": ""contains"", ""transform"": ""continv""}",,"{""do_sample"": false, ""max_new_tokens"": 5}",tier_b_r1_2b_full,5cc3a4f64f0d09e02b3a49ba7234826aa61d42c9,v0.1
vsr_test:1648,vsr_test:1648,test,continv,semantic,The suitcase contains the cat,The cat is inside the suitcase.,inside,containment,cat,suitcase,False,False,paraphrase_law,False,True, False.,HuggingFaceTB/SmolVLM2-2.2B-Instruct,,2B_general_lora,/home/ubuntu/vlm-spatial-reasoning/checkpoints/general_lora/final,"{""README.md"": ""ac104b898b7c66967afa018a2a35f1891c473694a89d1ef0ec75f970b6294276"", ""adapter_config.json"": ""fdf92e59ea3ed8249953d17a0db788ca77710a5d2192e81c2e1b071fb5cf38ca"", ""adapter_model.safetensors"": ""80bbc0ef798307c9a9ba985b11839c35118887390de46ece6d93b70c37d3f3d9"", ""chat_template.jinja"": ""830005085ddd94cec605b6e21b885b28ffad6e3f82ee6a212c523533e8f04f01"", ""processor_config.json"": ""eb8334ab39dc42fd9c5c7dd83a9c735f130d990059d2ef1a1401f078605c949b"", ""tokenizer.json"": ""0676fc5f243ffb1aee831e5a4c75dfd9122431447c26d888380e5273fddf48dc"", ""tokenizer_config.json"": ""0705650d8ae44e0e5cd4ddf77149eaca3c273f35e6eb7d24e5605c11c4831515""}",,7f29cebb9d06eca06ad0d6c690e4d5a083b71a9c42008f88e92474e3ff0eb98a,eb4075c77285da02c52794154760fa969fb21ab3dcceb0820cb7d2ba27d27471,http://images.cocodataset.org/train2017/000000574000.jpg,http://images.cocodataset.org/train2017/000000574000.jpg,,http://images.cocodataset.org/train2017/000000574000.jpg,continv,tier_b_v0.1,"{""axis"": ""semantic"", ""inverse_relation"": ""contains"", ""law"": ""paraphrase_law"", ""note"": ""containment inverse paraphrase; truth preserved"", ""original_relation"": ""inside"", ""transform"": ""continv""}",,"{""do_sample"": false, ""max_new_tokens"": 5}",tier_b_r1_2b_full,5cc3a4f64f0d09e02b3a49ba7234826aa61d42c9,v0.1
vsr_test:1677,vsr_test:1677,test,continv,semantic,The suitcase contains the cat,The cat is inside the suitcase.,inside,containment,cat,suitcase,True,True,paraphrase_law,True,True, True.,HuggingFaceTB/SmolVLM2-2.2B-Instruct,,2B_general_lora,/home/ubuntu/vlm-spatial-reasoning/checkpoints/general_lora/final,"{""README.md"": ""ac104b898b7c66967afa018a2a35f1891c473694a89d1ef0ec75f970b6294276"", ""adapter_config.json"": ""fdf92e59ea3ed8249953d17a0db788ca77710a5d2192e81c2e1b071fb5cf38ca"", ""adapter_model.safetensors"": ""80bbc0ef798307c9a9ba985b11839c35118887390de46ece6d93b70c37d3f3d9"", ""chat_template.jinja"": ""830005085ddd94cec605b6e21b885b28ffad6e3f82ee6a212c523533e8f04f01"", ""processor_config.json"": ""eb8334ab39dc42fd9c5c7dd83a9c735f130d990059d2ef1a1401f078605c949b"", ""tokenizer.json"": ""0676fc5f243ffb1aee831e5a4c75dfd9122431447c26d888380e5273fddf48dc"", ""tokenizer_config.json"": ""0705650d8ae44e0e5cd4ddf77149eaca3c273f35e6eb7d24e5605c11c4831515""}",,7f29cebb9d06eca06ad0d6c690e4d5a083b71a9c42008f88e92474e3ff0eb98a,eb4075c77285da02c52794154760fa969fb21ab3dcceb0820cb7d2ba27d27471,http://images.cocodataset.org/train2017/000000292232.jpg,http://images.cocodataset.org/train2017/000000292232.jpg,,http://images.cocodataset.org/train2017/000000292232.jpg,continv,tier_b_v0.1,"{""axis"": ""semantic"", ""inverse_relation"": ""contains"", ""law"": ""paraphrase_law"", ""note"": ""containment inverse paraphrase; truth preserved"", ""original_relation"": ""inside"", ""transform"": ""continv""}",,"{""do_sample"": false, ""max_new_tokens"": 5}",tier_b_r1_2b_full,5cc3a4f64f0d09e02b3a49ba7234826aa61d42c9,v0.1
vsr_test:1694,vsr_test:1694,test,continv,semantic,The dog is in the truck,The truck contains the dog.,contains,containment,truck,dog,True,True,paraphrase_law,True,True, True.,HuggingFaceTB/SmolVLM2-2.2B-Instruct,,2B_general_lora,/home/ubuntu/vlm-spatial-reasoning/checkpoints/general_lora/final,"{""README.md"": ""ac104b898b7c66967afa018a2a35f1891c473694a89d1ef0ec75f970b6294276"", ""adapter_config.json"": ""fdf92e59ea3ed8249953d17a0db788ca77710a5d2192e81c2e1b071fb5cf38ca"", ""adapter_model.safetensors"": ""80bbc0ef798307c9a9ba985b11839c35118887390de46ece6d93b70c37d3f3d9"", ""chat_template.jinja"": ""830005085ddd94cec605b6e21b885b28ffad6e3f82ee6a212c523533e8f04f01"", ""processor_config.json"": ""eb8334ab39dc42fd9c5c7dd83a9c735f130d990059d2ef1a1401f078605c949b"", ""tokenizer.json"": ""0676fc5f243ffb1aee831e5a4c75dfd9122431447c26d888380e5273fddf48dc"", ""tokenizer_config.json"": ""0705650d8ae44e0e5cd4ddf77149eaca3c273f35e6eb7d24e5605c11c4831515""}",,7f29cebb9d06eca06ad0d6c690e4d5a083b71a9c42008f88e92474e3ff0eb98a,eb4075c77285da02c52794154760fa969fb21ab3dcceb0820cb7d2ba27d27471,http://images.cocodataset.org/train2017/000000257690.jpg,http://images.cocodataset.org/train2017/000000257690.jpg,,http://images.cocodataset.org/train2017/000000257690.jpg,continv,tier_b_v0.1,"{""axis"": ""semantic"", ""inverse_relation"": ""in"", ""law"": ""paraphrase_law"", ""note"": ""containment inverse paraphrase; truth preserved"", ""original_relation"": ""contains"", ""transform"": ""continv""}",,"{""do_sample"": false, ""max_new_tokens"": 5}",tier_b_r1_2b_full,5cc3a4f64f0d09e02b3a49ba7234826aa61d42c9,v0.1
vsr_test:1709,vsr_test:1709,test,continv,semantic,The boat contains the dining table,The dining table is within the boat.,within,containment,dining table,boat,False,False,paraphrase_law,False,True, False.,HuggingFaceTB/SmolVLM2-2.2B-Instruct,,2B_general_lora,/home/ubuntu/vlm-spatial-reasoning/checkpoints/general_lora/final,"{""README.md"": ""ac104b898b7c66967afa018a2a35f1891c473694a89d1ef0ec75f970b6294276"", ""adapter_config.json"": ""fdf92e59ea3ed8249953d17a0db788ca77710a5d2192e81c2e1b071fb5cf38ca"", ""adapter_model.safetensors"": ""80bbc0ef798307c9a9ba985b11839c35118887390de46ece6d93b70c37d3f3d9"", ""chat_template.jinja"": ""830005085ddd94cec605b6e21b885b28ffad6e3f82ee6a212c523533e8f04f01"", ""processor_config.json"": ""eb8334ab39dc42fd9c5c7dd83a9c735f130d990059d2ef1a1401f078605c949b"", ""tokenizer.json"": ""0676fc5f243ffb1aee831e5a4c75dfd9122431447c26d888380e5273fddf48dc"", ""tokenizer_config.json"": ""0705650d8ae44e0e5cd4ddf77149eaca3c273f35e6eb7d24e5605c11c4831515""}",,7f29cebb9d06eca06ad0d6c690e4d5a083b71a9c42008f88e92474e3ff0eb98a,eb4075c77285da02c52794154760fa969fb21ab3dcceb0820cb7d2ba27d27471,http://images.cocodataset.org/train2017/000000554518.jpg,http://images.cocodataset.org/train2017/000000554518.jpg,,http://images.cocodataset.org/train2017/000000554518.jpg,continv,tier_b_v0.1,"{""axis"": ""semantic"", ""inverse_relation"": ""contains"", ""law"": ""paraphrase_law"", ""note"": ""containment inverse paraphrase; truth preserved"", ""original_relation"": ""within"", ""transform"": ""continv""}",,"{""do_sample"": false, ""max_new_tokens"": 5}",tier_b_r1_2b_full,5cc3a4f64f0d09e02b3a49ba7234826aa61d42c9,v0.1
vsr_test:1744,vsr_test:1744,test,continv,semantic,The cat is in the bowl,The bowl contains the cat.,contains,containment,bowl,cat,False,False,paraphrase_law,False,True, False.,HuggingFaceTB/SmolVLM2-2.2B-Instruct,,2B_general_lora,/home/ubuntu/vlm-spatial-reasoning/checkpoints/general_lora/final,"{""README.md"": ""ac104b898b7c66967afa018a2a35f1891c473694a89d1ef0ec75f970b6294276"", ""adapter_config.json"": ""fdf92e59ea3ed8249953d17a0db788ca77710a5d2192e81c2e1b071fb5cf38ca"", ""adapter_model.safetensors"": ""80bbc0ef798307c9a9ba985b11839c35118887390de46ece6d93b70c37d3f3d9"", ""chat_template.jinja"": ""830005085ddd94cec605b6e21b885b28ffad6e3f82ee6a212c523533e8f04f01"", ""processor_config.json"": ""eb8334ab39dc42fd9c5c7dd83a9c735f130d990059d2ef1a1401f078605c949b"", ""tokenizer.json"": ""0676fc5f243ffb1aee831e5a4c75dfd9122431447c26d888380e5273fddf48dc"", ""tokenizer_config.json"": ""0705650d8ae44e0e5cd4ddf77149eaca3c273f35e6eb7d24e5605c11c4831515""}",,7f29cebb9d06eca06ad0d6c690e4d5a083b71a9c42008f88e92474e3ff0eb98a,eb4075c77285da02c52794154760fa969fb21ab3dcceb0820cb7d2ba27d27471,http://images.cocodataset.org/train2017/000000248381.jpg,http://images.cocodataset.org/train2017/000000248381.jpg,,http://images.cocodataset.org/train2017/000000248381.jpg,continv,tier_b_v0.1,"{""axis"": ""semantic"", ""inverse_relation"": ""in"", ""law"": ""paraphrase_law"", ""note"": ""containment inverse paraphrase; truth preserved"", ""original_relation"": ""contains"", ""transform"": ""continv""}",,"{""do_sample"": false, ""max_new_tokens"": 5}",tier_b_r1_2b_full,5cc3a4f64f0d09e02b3a49ba7234826aa61d42c9,v0.1
vsr_test:1766,vsr_test:1766,test,continv,semantic,The bed contains the person,The person is in the bed.,in,containment,person,bed,False,False,paraphrase_law,False,True, False.,HuggingFaceTB/SmolVLM2-2.2B-Instruct,,2B_general_lora,/home/ubuntu/vlm-spatial-reasoning/checkpoints/general_lora/final,"{""README.md"": ""ac104b898b7c66967afa018a2a35f1891c473694a89d1ef0ec75f970b6294276"", ""adapter_config.json"": ""fdf92e59ea3ed8249953d17a0db788ca77710a5d2192e81c2e1b071fb5cf38ca"", ""adapter_model.safetensors"": ""80bbc0ef798307c9a9ba985b11839c35118887390de46ece6d93b70c37d3f3d9"", ""chat_template.jinja"": ""830005085ddd94cec605b6e21b885b28ffad6e3f82ee6a212c523533e8f04f01"", ""processor_config.json"": ""eb8334ab39dc42fd9c5c7dd83a9c735f130d990059d2ef1a1401f078605c949b"", ""tokenizer.json"": ""0676fc5f243ffb1aee831e5a4c75dfd9122431447c26d888380e5273fddf48dc"", ""tokenizer_config.json"": ""0705650d8ae44e0e5cd4ddf77149eaca3c273f35e6eb7d24e5605c11c4831515""}",,7f29cebb9d06eca06ad0d6c690e4d5a083b71a9c42008f88e92474e3ff0eb98a,eb4075c77285da02c52794154760fa969fb21ab3dcceb0820cb7d2ba27d27471,http://images.cocodataset.org/train2017/000000369023.jpg,http://images.cocodataset.org/train2017/000000369023.jpg,,http://images.cocodataset.org/train2017/000000369023.jpg,continv,tier_b_v0.1,"{""axis"": ""semantic"", ""inverse_relation"": ""contains"", ""law"": ""paraphrase_law"", ""note"": ""containment inverse paraphrase; truth preserved"", ""original_relation"": ""in"", ""transform"": ""continv""}",,"{""do_sample"": false, ""max_new_tokens"": 5}",tier_b_r1_2b_full,5cc3a4f64f0d09e02b3a49ba7234826aa61d42c9,v0.1
vsr_test:1771,vsr_test:1771,test,continv,semantic,The car contains the cat,The cat is within the car.,within,containment,cat,car,False,False,paraphrase_law,False,True, False.,HuggingFaceTB/SmolVLM2-2.2B-Instruct,,2B_general_lora,/home/ubuntu/vlm-spatial-reasoning/checkpoints/general_lora/final,"{""README.md"": ""ac104b898b7c66967afa018a2a35f1891c473694a89d1ef0ec75f970b6294276"", ""adapter_config.json"": ""fdf92e59ea3ed8249953d17a0db788ca77710a5d2192e81c2e1b071fb5cf38ca"", ""adapter_model.safetensors"": ""80bbc0ef798307c9a9ba985b11839c35118887390de46ece6d93b70c37d3f3d9"", ""chat_template.jinja"": ""830005085ddd94cec605b6e21b885b28ffad6e3f82ee6a212c523533e8f04f01"", ""processor_config.json"": ""eb8334ab39dc42fd9c5c7dd83a9c735f130d990059d2ef1a1401f078605c949b"", ""tokenizer.json"": ""0676fc5f243ffb1aee831e5a4c75dfd9122431447c26d888380e5273fddf48dc"", ""tokenizer_config.json"": ""0705650d8ae44e0e5cd4ddf77149eaca3c273f35e6eb7d24e5605c11c4831515""}",,7f29cebb9d06eca06ad0d6c690e4d5a083b71a9c42008f88e92474e3ff0eb98a,eb4075c77285da02c52794154760fa969fb21ab3dcceb0820cb7d2ba27d27471,http://images.cocodataset.org/train2017/000000003935.jpg,http://images.cocodataset.org/train2017/000000003935.jpg,,http://images.cocodataset.org/train2017/000000003935.jpg,continv,tier_b_v0.1,"{""axis"": ""semantic"", ""inverse_relation"": ""contains"", ""law"": ""paraphrase_law"", ""note"": ""containment inverse paraphrase; truth preserved"", ""original_relation"": ""within"", ""transform"": ""continv""}",,"{""do_sample"": false, ""max_new_tokens"": 5}",tier_b_r1_2b_full,5cc3a4f64f0d09e02b3a49ba7234826aa61d42c9,v0.1
vsr_test:1774,vsr_test:1774,test,continv,semantic,The car contains the zebra,The zebra is in the car.,in,containment,zebra,car,False,False,paraphrase_law,False,True, False.,HuggingFaceTB/SmolVLM2-2.2B-Instruct,,2B_general_lora,/home/ubuntu/vlm-spatial-reasoning/checkpoints/general_lora/final,"{""README.md"": ""ac104b898b7c66967afa018a2a35f1891c473694a89d1ef0ec75f970b6294276"", ""adapter_config.json"": ""fdf92e59ea3ed8249953d17a0db788ca77710a5d2192e81c2e1b071fb5cf38ca"", ""adapter_model.safetensors"": ""80bbc0ef798307c9a9ba985b11839c35118887390de46ece6d93b70c37d3f3d9"", ""chat_template.jinja"": ""830005085ddd94cec605b6e21b885b28ffad6e3f82ee6a212c523533e8f04f01"", ""processor_config.json"": ""eb8334ab39dc42fd9c5c7dd83a9c735f130d990059d2ef1a1401f078605c949b"", ""tokenizer.json"": ""0676fc5f243ffb1aee831e5a4c75dfd9122431447c26d888380e5273fddf48dc"", ""tokenizer_config.json"": ""0705650d8ae44e0e5cd4ddf77149eaca3c273f35e6eb7d24e5605c11c4831515""}",,7f29cebb9d06eca06ad0d6c690e4d5a083b71a9c42008f88e92474e3ff0eb98a,eb4075c77285da02c52794154760fa969fb21ab3dcceb0820cb7d2ba27d27471,http://images.cocodataset.org/train2017/000000135820.jpg,http://images.cocodataset.org/train2017/000000135820.jpg,,http://images.cocodataset.org/train2017/000000135820.jpg,continv,tier_b_v0.1,"{""axis"": ""semantic"", ""inverse_relation"": ""contains"", ""law"": ""paraphrase_law"", ""note"": ""containment inverse paraphrase; truth preserved"", ""original_relation"": ""in"", ""transform"": ""continv""}",,"{""do_sample"": false, ""max_new_tokens"": 5}",tier_b_r1_2b_full,5cc3a4f64f0d09e02b3a49ba7234826aa61d42c9,v0.1
vsr_test:1780,vsr_test:1780,test,continv,semantic,The cat is in the suitcase,The suitcase contains the cat.,contains,containment,suitcase,cat,True,True,paraphrase_law,True,True, True.,HuggingFaceTB/SmolVLM2-2.2B-Instruct,,2B_general_lora,/home/ubuntu/vlm-spatial-reasoning/checkpoints/general_lora/final,"{""README.md"": ""ac104b898b7c66967afa018a2a35f1891c473694a89d1ef0ec75f970b6294276"", ""adapter_config.json"": ""fdf92e59ea3ed8249953d17a0db788ca77710a5d2192e81c2e1b071fb5cf38ca"", ""adapter_model.safetensors"": ""80bbc0ef798307c9a9ba985b11839c35118887390de46ece6d93b70c37d3f3d9"", ""chat_template.jinja"": ""830005085ddd94cec605b6e21b885b28ffad6e3f82ee6a212c523533e8f04f01"", ""processor_config.json"": ""eb8334ab39dc42fd9c5c7dd83a9c735f130d990059d2ef1a1401f078605c949b"", ""tokenizer.json"": ""0676fc5f243ffb1aee831e5a4c75dfd9122431447c26d888380e5273fddf48dc"", ""tokenizer_config.json"": ""0705650d8ae44e0e5cd4ddf77149eaca3c273f35e6eb7d24e5605c11c4831515""}",,7f29cebb9d06eca06ad0d6c690e4d5a083b71a9c42008f88e92474e3ff0eb98a,eb4075c77285da02c52794154760fa969fb21ab3dcceb0820cb7d2ba27d27471,http://images.cocodataset.org/train2017/000000013574.jpg,http://images.cocodataset.org/train2017/000000013574.jpg,,http://images.cocodataset.org/train2017/000000013574.jpg,continv,tier_b_v0.1,"{""axis"": ""semantic"", ""inverse_relation"": ""in"", ""law"": ""paraphrase_law"", ""note"": ""containment inverse paraphrase; truth preserved"", ""original_relation"": ""contains"", ""transform"": ""continv""}",,"{""do_sample"": false, ""max_new_tokens"": 5}",tier_b_r1_2b_full,5cc3a4f64f0d09e02b3a49ba7234826aa61d42c9,v0.1
vsr_test:1782,vsr_test:1782,test,continv,semantic,The cat is in the suitcase,The suitcase contains the cat.,contains,containment,suitcase,cat,True,True,paraphrase_law,True,True, True.,HuggingFaceTB/SmolVLM2-2.2B-Instruct,,2B_general_lora,/home/ubuntu/vlm-spatial-reasoning/checkpoints/general_lora/final,"{""README.md"": ""ac104b898b7c66967afa018a2a35f1891c473694a89d1ef0ec75f970b6294276"", ""adapter_config.json"": ""fdf92e59ea3ed8249953d17a0db788ca77710a5d2192e81c2e1b071fb5cf38ca"", ""adapter_model.safetensors"": ""80bbc0ef798307c9a9ba985b11839c35118887390de46ece6d93b70c37d3f3d9"", ""chat_template.jinja"": ""830005085ddd94cec605b6e21b885b28ffad6e3f82ee6a212c523533e8f04f01"", ""processor_config.json"": ""eb8334ab39dc42fd9c5c7dd83a9c735f130d990059d2ef1a1401f078605c949b"", ""tokenizer.json"": ""0676fc5f243ffb1aee831e5a4c75dfd9122431447c26d888380e5273fddf48dc"", ""tokenizer_config.json"": ""0705650d8ae44e0e5cd4ddf77149eaca3c273f35e6eb7d24e5605c11c4831515""}",,7f29cebb9d06eca06ad0d6c690e4d5a083b71a9c42008f88e92474e3ff0eb98a,eb4075c77285da02c52794154760fa969fb21ab3dcceb0820cb7d2ba27d27471,http://images.cocodataset.org/train2017/000000497030.jpg,http://images.cocodataset.org/train2017/000000497030.jpg,,http://images.cocodataset.org/train2017/000000497030.jpg,continv,tier_b_v0.1,"{""axis"": ""semantic"", ""inverse_relation"": ""in"", ""law"": ""paraphrase_law"", ""note"": ""containment inverse paraphrase; truth preserved"", ""original_relation"": ""contains"", ""transform"": ""continv""}",,"{""do_sample"": false, ""max_new_tokens"": 5}",tier_b_r1_2b_full,5cc3a4f64f0d09e02b3a49ba7234826aa61d42c9,v0.1
vsr_test:1790,vsr_test:1790,test,continv,semantic,The bicycle contains the cat,The cat is inside the bicycle.,inside,containment,cat,bicycle,False,False,paraphrase_law,False,True, False.,HuggingFaceTB/SmolVLM2-2.2B-Instruct,,2B_general_lora,/home/ubuntu/vlm-spatial-reasoning/checkpoints/general_lora/final,"{""README.md"": ""ac104b898b7c66967afa018a2a35f1891c473694a89d1ef0ec75f970b6294276"", ""adapter_config.json"": ""fdf92e59ea3ed8249953d17a0db788ca77710a5d2192e81c2e1b071fb5cf38ca"", ""adapter_model.safetensors"": ""80bbc0ef798307c9a9ba985b11839c35118887390de46ece6d93b70c37d3f3d9"", ""chat_template.jinja"": ""830005085ddd94cec605b6e21b885b28ffad6e3f82ee6a212c523533e8f04f01"", ""processor_config.json"": ""eb8334ab39dc42fd9c5c7dd83a9c735f130d990059d2ef1a1401f078605c949b"", ""tokenizer.json"": ""0676fc5f243ffb1aee831e5a4c75dfd9122431447c26d888380e5273fddf48dc"", ""tokenizer_config.json"": ""0705650d8ae44e0e5cd4ddf77149eaca3c273f35e6eb7d24e5605c11c4831515""}",,7f29cebb9d06eca06ad0d6c690e4d5a083b71a9c42008f88e92474e3ff0eb98a,eb4075c77285da02c52794154760fa969fb21ab3dcceb0820cb7d2ba27d27471,http://images.cocodataset.org/train2017/000000371890.jpg,http://images.cocodataset.org/train2017/000000371890.jpg,,http://images.cocodataset.org/train2017/000000371890.jpg,continv,tier_b_v0.1,"{""axis"": ""semantic"", ""inverse_relation"": ""contains"", ""law"": ""paraphrase_law"", ""note"": ""containment inverse paraphrase; truth preserved"", ""original_relation"": ""inside"", ""transform"": ""continv""}",,"{""do_sample"": false, ""max_new_tokens"": 5}",tier_b_r1_2b_full,5cc3a4f64f0d09e02b3a49ba7234826aa61d42c9,v0.1
vsr_test:1805,vsr_test:1805,test,continv,semantic,The hot dog is in the bowl,The bowl contains the hot dog.,contains,containment,bowl,hot dog,True,True,paraphrase_law,True,True, True.,HuggingFaceTB/SmolVLM2-2.2B-Instruct,,2B_general_lora,/home/ubuntu/vlm-spatial-reasoning/checkpoints/general_lora/final,"{""README.md"": ""ac104b898b7c66967afa018a2a35f1891c473694a89d1ef0ec75f970b6294276"", ""adapter_config.json"": ""fdf92e59ea3ed8249953d17a0db788ca77710a5d2192e81c2e1b071fb5cf38ca"", ""adapter_model.safetensors"": ""80bbc0ef798307c9a9ba985b11839c35118887390de46ece6d93b70c37d3f3d9"", ""chat_template.jinja"": ""830005085ddd94cec605b6e21b885b28ffad6e3f82ee6a212c523533e8f04f01"", ""processor_config.json"": ""eb8334ab39dc42fd9c5c7dd83a9c735f130d990059d2ef1a1401f078605c949b"", ""tokenizer.json"": ""0676fc5f243ffb1aee831e5a4c75dfd9122431447c26d888380e5273fddf48dc"", ""tokenizer_config.json"": ""0705650d8ae44e0e5cd4ddf77149eaca3c273f35e6eb7d24e5605c11c4831515""}",,7f29cebb9d06eca06ad0d6c690e4d5a083b71a9c42008f88e92474e3ff0eb98a,eb4075c77285da02c52794154760fa969fb21ab3dcceb0820cb7d2ba27d27471,http://images.cocodataset.org/train2017/000000240211.jpg,http://images.cocodataset.org/train2017/000000240211.jpg,,http://images.cocodataset.org/train2017/000000240211.jpg,continv,tier_b_v0.1,"{""axis"": ""semantic"", ""inverse_relation"": ""in"", ""law"": ""paraphrase_law"", ""note"": ""containment inverse paraphrase; truth preserved"", ""original_relation"": ""contains"", ""transform"": ""continv""}",,"{""do_sample"": false, ""max_new_tokens"": 5}",tier_b_r1_2b_full,5cc3a4f64f0d09e02b3a49ba7234826aa61d42c9,v0.1
vsr_test:1808,vsr_test:1808,test,continv,semantic,The suitcase contains the cat,The cat is inside the suitcase.,inside,containment,cat,suitcase,False,False,paraphrase_law,False,True, False.,HuggingFaceTB/SmolVLM2-2.2B-Instruct,,2B_general_lora,/home/ubuntu/vlm-spatial-reasoning/checkpoints/general_lora/final,"{""README.md"": ""ac104b898b7c66967afa018a2a35f1891c473694a89d1ef0ec75f970b6294276"", ""adapter_config.json"": ""fdf92e59ea3ed8249953d17a0db788ca77710a5d2192e81c2e1b071fb5cf38ca"", ""adapter_model.safetensors"": ""80bbc0ef798307c9a9ba985b11839c35118887390de46ece6d93b70c37d3f3d9"", ""chat_template.jinja"": ""830005085ddd94cec605b6e21b885b28ffad6e3f82ee6a212c523533e8f04f01"", ""processor_config.json"": ""eb8334ab39dc42fd9c5c7dd83a9c735f130d990059d2ef1a1401f078605c949b"", ""tokenizer.json"": ""0676fc5f243ffb1aee831e5a4c75dfd9122431447c26d888380e5273fddf48dc"", ""tokenizer_config.json"": ""0705650d8ae44e0e5cd4ddf77149eaca3c273f35e6eb7d24e5605c11c4831515""}",,7f29cebb9d06eca06ad0d6c690e4d5a083b71a9c42008f88e92474e3ff0eb98a,eb4075c77285da02c52794154760fa969fb21ab3dcceb0820cb7d2ba27d27471,http://images.cocodataset.org/train2017/000000045882.jpg,http://images.cocodataset.org/train2017/000000045882.jpg,,http://images.cocodataset.org/train2017/000000045882.jpg,continv,tier_b_v0.1,"{""axis"": ""semantic"", ""inverse_relation"": ""contains"", ""law"": ""paraphrase_law"", ""note"": ""containment inverse paraphrase; truth preserved"", ""original_relation"": ""inside"", ""transform"": ""continv""}",,"{""do_sample"": false, ""max_new_tokens"": 5}",tier_b_r1_2b_full,5cc3a4f64f0d09e02b3a49ba7234826aa61d42c9,v0.1
vsr_test:1824,vsr_test:1824,test,continv,semantic,The bowl contains the sandwich,The sandwich is in the bowl.,in,containment,sandwich,bowl,True,True,paraphrase_law,True,True, True.,HuggingFaceTB/SmolVLM2-2.2B-Instruct,,2B_general_lora,/home/ubuntu/vlm-spatial-reasoning/checkpoints/general_lora/final,"{""README.md"": ""ac104b898b7c66967afa018a2a35f1891c473694a89d1ef0ec75f970b6294276"", ""adapter_config.json"": ""fdf92e59ea3ed8249953d17a0db788ca77710a5d2192e81c2e1b071fb5cf38ca"", ""adapter_model.safetensors"": ""80bbc0ef798307c9a9ba985b11839c35118887390de46ece6d93b70c37d3f3d9"", ""chat_template.jinja"": ""830005085ddd94cec605b6e21b885b28ffad6e3f82ee6a212c523533e8f04f01"", ""processor_config.json"": ""eb8334ab39dc42fd9c5c7dd83a9c735f130d990059d2ef1a1401f078605c949b"", ""tokenizer.json"": ""0676fc5f243ffb1aee831e5a4c75dfd9122431447c26d888380e5273fddf48dc"", ""tokenizer_config.json"": ""0705650d8ae44e0e5cd4ddf77149eaca3c273f35e6eb7d24e5605c11c4831515""}",,7f29cebb9d06eca06ad0d6c690e4d5a083b71a9c42008f88e92474e3ff0eb98a,eb4075c77285da02c52794154760fa969fb21ab3dcceb0820cb7d2ba27d27471,http://images.cocodataset.org/train2017/000000109568.jpg,http://images.cocodataset.org/train2017/000000109568.jpg,,http://images.cocodataset.org/train2017/000000109568.jpg,continv,tier_b_v0.1,"{""axis"": ""semantic"", ""inverse_relation"": ""contains"", ""law"": ""paraphrase_law"", ""note"": ""containment inverse paraphrase; truth preserved"", ""original_relation"": ""in"", ""transform"": ""continv""}",,"{""do_sample"": false, ""max_new_tokens"": 5}",tier_b_r1_2b_full,5cc3a4f64f0d09e02b3a49ba7234826aa61d42c9,v0.1
vsr_test:1832,vsr_test:1832,test,continv,semantic,The dog contains the pizza,The pizza is in the dog.,in,containment,pizza,dog,False,False,paraphrase_law,False,True, False.,HuggingFaceTB/SmolVLM2-2.2B-Instruct,,2B_general_lora,/home/ubuntu/vlm-spatial-reasoning/checkpoints/general_lora/final,"{""README.md"": ""ac104b898b7c66967afa018a2a35f1891c473694a89d1ef0ec75f970b6294276"", ""adapter_config.json"": ""fdf92e59ea3ed8249953d17a0db788ca77710a5d2192e81c2e1b071fb5cf38ca"", ""adapter_model.safetensors"": ""80bbc0ef798307c9a9ba985b11839c35118887390de46ece6d93b70c37d3f3d9"", ""chat_template.jinja"": ""830005085ddd94cec605b6e21b885b28ffad6e3f82ee6a212c523533e8f04f01"", ""processor_config.json"": ""eb8334ab39dc42fd9c5c7dd83a9c735f130d990059d2ef1a1401f078605c949b"", ""tokenizer.json"": ""0676fc5f243ffb1aee831e5a4c75dfd9122431447c26d888380e5273fddf48dc"", ""tokenizer_config.json"": ""0705650d8ae44e0e5cd4ddf77149eaca3c273f35e6eb7d24e5605c11c4831515""}",,7f29cebb9d06eca06ad0d6c690e4d5a083b71a9c42008f88e92474e3ff0eb98a,eb4075c77285da02c52794154760fa969fb21ab3dcceb0820cb7d2ba27d27471,http://images.cocodataset.org/train2017/000000364994.jpg,http://images.cocodataset.org/train2017/000000364994.jpg,,http://images.cocodataset.org/train2017/000000364994.jpg,continv,tier_b_v0.1,"{""axis"": ""semantic"", ""inverse_relation"": ""contains"", ""law"": ""paraphrase_law"", ""note"": ""containment inverse paraphrase; truth preserved"", ""original_relation"": ""in"", ""transform"": ""continv""}",,"{""do_sample"": false, ""max_new_tokens"": 5}",tier_b_r1_2b_full,5cc3a4f64f0d09e02b3a49ba7234826aa61d42c9,v0.1
vsr_test:1836,vsr_test:1836,test,continv,semantic,The cat is in the sink,The sink contains the cat.,contains,containment,sink,cat,True,True,paraphrase_law,True,True, True.,HuggingFaceTB/SmolVLM2-2.2B-Instruct,,2B_general_lora,/home/ubuntu/vlm-spatial-reasoning/checkpoints/general_lora/final,"{""README.md"": ""ac104b898b7c66967afa018a2a35f1891c473694a89d1ef0ec75f970b6294276"", ""adapter_config.json"": ""fdf92e59ea3ed8249953d17a0db788ca77710a5d2192e81c2e1b071fb5cf38ca"", ""adapter_model.safetensors"": ""80bbc0ef798307c9a9ba985b11839c35118887390de46ece6d93b70c37d3f3d9"", ""chat_template.jinja"": ""830005085ddd94cec605b6e21b885b28ffad6e3f82ee6a212c523533e8f04f01"", ""processor_config.json"": ""eb8334ab39dc42fd9c5c7dd83a9c735f130d990059d2ef1a1401f078605c949b"", ""tokenizer.json"": ""0676fc5f243ffb1aee831e5a4c75dfd9122431447c26d888380e5273fddf48dc"", ""tokenizer_config.json"": ""0705650d8ae44e0e5cd4ddf77149eaca3c273f35e6eb7d24e5605c11c4831515""}",,7f29cebb9d06eca06ad0d6c690e4d5a083b71a9c42008f88e92474e3ff0eb98a,eb4075c77285da02c52794154760fa969fb21ab3dcceb0820cb7d2ba27d27471,http://images.cocodataset.org/train2017/000000089848.jpg,http://images.cocodataset.org/train2017/000000089848.jpg,,http://images.cocodataset.org/train2017/000000089848.jpg,continv,tier_b_v0.1,"{""axis"": ""semantic"", ""inverse_relation"": ""in"", ""law"": ""paraphrase_law"", ""note"": ""containment inverse paraphrase; truth preserved"", ""original_relation"": ""contains"", ""transform"": ""continv""}",,"{""do_sample"": false, ""max_new_tokens"": 5}",tier_b_r1_2b_full,5cc3a4f64f0d09e02b3a49ba7234826aa61d42c9,v0.1
vsr_test:1840,vsr_test:1840,test,continv,semantic,The teddy bear is in the toilet,The toilet contains the teddy bear.,contains,containment,toilet,teddy bear,False,False,paraphrase_law,True,False, True.,HuggingFaceTB/SmolVLM2-2.2B-Instruct,,2B_general_lora,/home/ubuntu/vlm-spatial-reasoning/checkpoints/general_lora/final,"{""README.md"": ""ac104b898b7c66967afa018a2a35f1891c473694a89d1ef0ec75f970b6294276"", ""adapter_config.json"": ""fdf92e59ea3ed8249953d17a0db788ca77710a5d2192e81c2e1b071fb5cf38ca"", ""adapter_model.safetensors"": ""80bbc0ef798307c9a9ba985b11839c35118887390de46ece6d93b70c37d3f3d9"", ""chat_template.jinja"": ""830005085ddd94cec605b6e21b885b28ffad6e3f82ee6a212c523533e8f04f01"", ""processor_config.json"": ""eb8334ab39dc42fd9c5c7dd83a9c735f130d990059d2ef1a1401f078605c949b"", ""tokenizer.json"": ""0676fc5f243ffb1aee831e5a4c75dfd9122431447c26d888380e5273fddf48dc"", ""tokenizer_config.json"": ""0705650d8ae44e0e5cd4ddf77149eaca3c273f35e6eb7d24e5605c11c4831515""}",,7f29cebb9d06eca06ad0d6c690e4d5a083b71a9c42008f88e92474e3ff0eb98a,eb4075c77285da02c52794154760fa969fb21ab3dcceb0820cb7d2ba27d27471,http://images.cocodataset.org/train2017/000000078782.jpg,http://images.cocodataset.org/train2017/000000078782.jpg,,http://images.cocodataset.org/train2017/000000078782.jpg,continv,tier_b_v0.1,"{""axis"": ""semantic"", ""inverse_relation"": ""in"", ""law"": ""paraphrase_law"", ""note"": ""containment inverse paraphrase; truth preserved"", ""original_relation"": ""contains"", ""transform"": ""continv""}",,"{""do_sample"": false, ""max_new_tokens"": 5}",tier_b_r1_2b_full,5cc3a4f64f0d09e02b3a49ba7234826aa61d42c9,v0.1
vsr_test:1843,vsr_test:1843,test,continv,semantic,The couch contains the teddy bear,The teddy bear is in the couch.,in,containment,teddy bear,couch,True,True,paraphrase_law,True,True, True.,HuggingFaceTB/SmolVLM2-2.2B-Instruct,,2B_general_lora,/home/ubuntu/vlm-spatial-reasoning/checkpoints/general_lora/final,"{""README.md"": ""ac104b898b7c66967afa018a2a35f1891c473694a89d1ef0ec75f970b6294276"", ""adapter_config.json"": ""fdf92e59ea3ed8249953d17a0db788ca77710a5d2192e81c2e1b071fb5cf38ca"", ""adapter_model.safetensors"": ""80bbc0ef798307c9a9ba985b11839c35118887390de46ece6d93b70c37d3f3d9"", ""chat_template.jinja"": ""830005085ddd94cec605b6e21b885b28ffad6e3f82ee6a212c523533e8f04f01"", ""processor_config.json"": ""eb8334ab39dc42fd9c5c7dd83a9c735f130d990059d2ef1a1401f078605c949b"", ""tokenizer.json"": ""0676fc5f243ffb1aee831e5a4c75dfd9122431447c26d888380e5273fddf48dc"", ""tokenizer_config.json"": ""0705650d8ae44e0e5cd4ddf77149eaca3c273f35e6eb7d24e5605c11c4831515""}",,7f29cebb9d06eca06ad0d6c690e4d5a083b71a9c42008f88e92474e3ff0eb98a,eb4075c77285da02c52794154760fa969fb21ab3dcceb0820cb7d2ba27d27471,http://images.cocodataset.org/train2017/000000033904.jpg,http://images.cocodataset.org/train2017/000000033904.jpg,,http://images.cocodataset.org/train2017/000000033904.jpg,continv,tier_b_v0.1,"{""axis"": ""semantic"", ""inverse_relation"": ""contains"", ""law"": ""paraphrase_law"", ""note"": ""containment inverse paraphrase; truth preserved"", ""original_relation"": ""in"", ""transform"": ""continv""}",,"{""do_sample"": false, ""max_new_tokens"": 5}",tier_b_r1_2b_full,5cc3a4f64f0d09e02b3a49ba7234826aa61d42c9,v0.1
vsr_test:1864,vsr_test:1864,test,continv,semantic,The cow contains the tv,The tv is in the cow.,in,containment,tv,cow,True,True,paraphrase_law,True,True, True.,HuggingFaceTB/SmolVLM2-2.2B-Instruct,,2B_general_lora,/home/ubuntu/vlm-spatial-reasoning/checkpoints/general_lora/final,"{""README.md"": ""ac104b898b7c66967afa018a2a35f1891c473694a89d1ef0ec75f970b6294276"", ""adapter_config.json"": ""fdf92e59ea3ed8249953d17a0db788ca77710a5d2192e81c2e1b071fb5cf38ca"", ""adapter_model.safetensors"": ""80bbc0ef798307c9a9ba985b11839c35118887390de46ece6d93b70c37d3f3d9"", ""chat_template.jinja"": ""830005085ddd94cec605b6e21b885b28ffad6e3f82ee6a212c523533e8f04f01"", ""processor_config.json"": ""eb8334ab39dc42fd9c5c7dd83a9c735f130d990059d2ef1a1401f078605c949b"", ""tokenizer.json"": ""0676fc5f243ffb1aee831e5a4c75dfd9122431447c26d888380e5273fddf48dc"", ""tokenizer_config.json"": ""0705650d8ae44e0e5cd4ddf77149eaca3c273f35e6eb7d24e5605c11c4831515""}",,7f29cebb9d06eca06ad0d6c690e4d5a083b71a9c42008f88e92474e3ff0eb98a,eb4075c77285da02c52794154760fa969fb21ab3dcceb0820cb7d2ba27d27471,http://images.cocodataset.org/val2017/000000180383.jpg,http://images.cocodataset.org/val2017/000000180383.jpg,,http://images.cocodataset.org/val2017/000000180383.jpg,continv,tier_b_v0.1,"{""axis"": ""semantic"", ""inverse_relation"": ""contains"", ""law"": ""paraphrase_law"", ""note"": ""containment inverse paraphrase; truth preserved"", ""original_relation"": ""in"", ""transform"": ""continv""}",,"{""do_sample"": false, ""max_new_tokens"": 5}",tier_b_r1_2b_full,5cc3a4f64f0d09e02b3a49ba7234826aa61d42c9,v0.1
vsr_test:1874,vsr_test:1874,test,continv,semantic,The pizza is in the oven,The oven contains the pizza.,contains,containment,oven,pizza,False,False,paraphrase_law,False,True, False.,HuggingFaceTB/SmolVLM2-2.2B-Instruct,,2B_general_lora,/home/ubuntu/vlm-spatial-reasoning/checkpoints/general_lora/final,"{""README.md"": ""ac104b898b7c66967afa018a2a35f1891c473694a89d1ef0ec75f970b6294276"", ""adapter_config.json"": ""fdf92e59ea3ed8249953d17a0db788ca77710a5d2192e81c2e1b071fb5cf38ca"", ""adapter_model.safetensors"": ""80bbc0ef798307c9a9ba985b11839c35118887390de46ece6d93b70c37d3f3d9"", ""chat_template.jinja"": ""830005085ddd94cec605b6e21b885b28ffad6e3f82ee6a212c523533e8f04f01"", ""processor_config.json"": ""eb8334ab39dc42fd9c5c7dd83a9c735f130d990059d2ef1a1401f078605c949b"", ""tokenizer.json"": ""0676fc5f243ffb1aee831e5a4c75dfd9122431447c26d888380e5273fddf48dc"", ""tokenizer_config.json"": ""0705650d8ae44e0e5cd4ddf77149eaca3c273f35e6eb7d24e5605c11c4831515""}",,7f29cebb9d06eca06ad0d6c690e4d5a083b71a9c42008f88e92474e3ff0eb98a,eb4075c77285da02c52794154760fa969fb21ab3dcceb0820cb7d2ba27d27471,http://images.cocodataset.org/train2017/000000157965.jpg,http://images.cocodataset.org/train2017/000000157965.jpg,,http://images.cocodataset.org/train2017/000000157965.jpg,continv,tier_b_v0.1,"{""axis"": ""semantic"", ""inverse_relation"": ""in"", ""law"": ""paraphrase_law"", ""note"": ""containment inverse paraphrase; truth preserved"", ""original_relation"": ""contains"", ""transform"": ""continv""}",,"{""do_sample"": false, ""max_new_tokens"": 5}",tier_b_r1_2b_full,5cc3a4f64f0d09e02b3a49ba7234826aa61d42c9,v0.1
vsr_test:1878,vsr_test:1878,test,continv,semantic,The sink contains the cat,The cat is in the sink.,in,containment,cat,sink,True,True,paraphrase_law,True,True, True.,HuggingFaceTB/SmolVLM2-2.2B-Instruct,,2B_general_lora,/home/ubuntu/vlm-spatial-reasoning/checkpoints/general_lora/final,"{""README.md"": ""ac104b898b7c66967afa018a2a35f1891c473694a89d1ef0ec75f970b6294276"", ""adapter_config.json"": ""fdf92e59ea3ed8249953d17a0db788ca77710a5d2192e81c2e1b071fb5cf38ca"", ""adapter_model.safetensors"": ""80bbc0ef798307c9a9ba985b11839c35118887390de46ece6d93b70c37d3f3d9"", ""chat_template.jinja"": ""830005085ddd94cec605b6e21b885b28ffad6e3f82ee6a212c523533e8f04f01"", ""processor_config.json"": ""eb8334ab39dc42fd9c5c7dd83a9c735f130d990059d2ef1a1401f078605c949b"", ""tokenizer.json"": ""0676fc5f243ffb1aee831e5a4c75dfd9122431447c26d888380e5273fddf48dc"", ""tokenizer_config.json"": ""0705650d8ae44e0e5cd4ddf77149eaca3c273f35e6eb7d24e5605c11c4831515""}",,7f29cebb9d06eca06ad0d6c690e4d5a083b71a9c42008f88e92474e3ff0eb98a,eb4075c77285da02c52794154760fa969fb21ab3dcceb0820cb7d2ba27d27471,http://images.cocodataset.org/train2017/000000410533.jpg,http://images.cocodataset.org/train2017/000000410533.jpg,,http://images.cocodataset.org/train2017/000000410533.jpg,continv,tier_b_v0.1,"{""axis"": ""semantic"", ""inverse_relation"": ""contains"", ""law"": ""paraphrase_law"", ""note"": ""containment inverse paraphrase; truth preserved"", ""original_relation"": ""in"", ""transform"": ""continv""}",,"{""do_sample"": false, ""max_new_tokens"": 5}",tier_b_r1_2b_full,5cc3a4f64f0d09e02b3a49ba7234826aa61d42c9,v0.1
vsr_test:1885,vsr_test:1885,test,continv,semantic,The cat is in the bowl,The bowl contains the cat.,contains,containment,bowl,cat,False,False,paraphrase_law,True,False, True.,HuggingFaceTB/SmolVLM2-2.2B-Instruct,,2B_general_lora,/home/ubuntu/vlm-spatial-reasoning/checkpoints/general_lora/final,"{""README.md"": ""ac104b898b7c66967afa018a2a35f1891c473694a89d1ef0ec75f970b6294276"", ""adapter_config.json"": ""fdf92e59ea3ed8249953d17a0db788ca77710a5d2192e81c2e1b071fb5cf38ca"", ""adapter_model.safetensors"": ""80bbc0ef798307c9a9ba985b11839c35118887390de46ece6d93b70c37d3f3d9"", ""chat_template.jinja"": ""830005085ddd94cec605b6e21b885b28ffad6e3f82ee6a212c523533e8f04f01"", ""processor_config.json"": ""eb8334ab39dc42fd9c5c7dd83a9c735f130d990059d2ef1a1401f078605c949b"", ""tokenizer.json"": ""0676fc5f243ffb1aee831e5a4c75dfd9122431447c26d888380e5273fddf48dc"", ""tokenizer_config.json"": ""0705650d8ae44e0e5cd4ddf77149eaca3c273f35e6eb7d24e5605c11c4831515""}",,7f29cebb9d06eca06ad0d6c690e4d5a083b71a9c42008f88e92474e3ff0eb98a,eb4075c77285da02c52794154760fa969fb21ab3dcceb0820cb7d2ba27d27471,http://images.cocodataset.org/train2017/000000139416.jpg,http://images.cocodataset.org/train2017/000000139416.jpg,,http://images.cocodataset.org/train2017/000000139416.jpg,continv,tier_b_v0.1,"{""axis"": ""semantic"", ""inverse_relation"": ""in"", ""law"": ""paraphrase_law"", ""note"": ""containment inverse paraphrase; truth preserved"", ""original_relation"": ""contains"", ""transform"": ""continv""}",,"{""do_sample"": false, ""max_new_tokens"": 5}",tier_b_r1_2b_full,5cc3a4f64f0d09e02b3a49ba7234826aa61d42c9,v0.1
vsr_test:1892,vsr_test:1892,test,continv,semantic,The oven contains the pizza,The pizza is inside the oven.,inside,containment,pizza,oven,False,False,paraphrase_law,False,True, False.,HuggingFaceTB/SmolVLM2-2.2B-Instruct,,2B_general_lora,/home/ubuntu/vlm-spatial-reasoning/checkpoints/general_lora/final,"{""README.md"": ""ac104b898b7c66967afa018a2a35f1891c473694a89d1ef0ec75f970b6294276"", ""adapter_config.json"": ""fdf92e59ea3ed8249953d17a0db788ca77710a5d2192e81c2e1b071fb5cf38ca"", ""adapter_model.safetensors"": ""80bbc0ef798307c9a9ba985b11839c35118887390de46ece6d93b70c37d3f3d9"", ""chat_template.jinja"": ""830005085ddd94cec605b6e21b885b28ffad6e3f82ee6a212c523533e8f04f01"", ""processor_config.json"": ""eb8334ab39dc42fd9c5c7dd83a9c735f130d990059d2ef1a1401f078605c949b"", ""tokenizer.json"": ""0676fc5f243ffb1aee831e5a4c75dfd9122431447c26d888380e5273fddf48dc"", ""tokenizer_config.json"": ""0705650d8ae44e0e5cd4ddf77149eaca3c273f35e6eb7d24e5605c11c4831515""}",,7f29cebb9d06eca06ad0d6c690e4d5a083b71a9c42008f88e92474e3ff0eb98a,eb4075c77285da02c52794154760fa969fb21ab3dcceb0820cb7d2ba27d27471,http://images.cocodataset.org/train2017/000000437948.jpg,http://images.cocodataset.org/train2017/000000437948.jpg,,http://images.cocodataset.org/train2017/000000437948.jpg,continv,tier_b_v0.1,"{""axis"": ""semantic"", ""inverse_relation"": ""contains"", ""law"": ""paraphrase_law"", ""note"": ""containment inverse paraphrase; truth preserved"", ""original_relation"": ""inside"", ""transform"": ""continv""}",,"{""do_sample"": false, ""max_new_tokens"": 5}",tier_b_r1_2b_full,5cc3a4f64f0d09e02b3a49ba7234826aa61d42c9,v0.1
vsr_test:1894,vsr_test:1894,test,continv,semantic,The bicycle is in the train,The train contains the bicycle.,contains,containment,train,bicycle,False,False,paraphrase_law,False,True, False.,HuggingFaceTB/SmolVLM2-2.2B-Instruct,,2B_general_lora,/home/ubuntu/vlm-spatial-reasoning/checkpoints/general_lora/final,"{""README.md"": ""ac104b898b7c66967afa018a2a35f1891c473694a89d1ef0ec75f970b6294276"", ""adapter_config.json"": ""fdf92e59ea3ed8249953d17a0db788ca77710a5d2192e81c2e1b071fb5cf38ca"", ""adapter_model.safetensors"": ""80bbc0ef798307c9a9ba985b11839c35118887390de46ece6d93b70c37d3f3d9"", ""chat_template.jinja"": ""830005085ddd94cec605b6e21b885b28ffad6e3f82ee6a212c523533e8f04f01"", ""processor_config.json"": ""eb8334ab39dc42fd9c5c7dd83a9c735f130d990059d2ef1a1401f078605c949b"", ""tokenizer.json"": ""0676fc5f243ffb1aee831e5a4c75dfd9122431447c26d888380e5273fddf48dc"", ""tokenizer_config.json"": ""0705650d8ae44e0e5cd4ddf77149eaca3c273f35e6eb7d24e5605c11c4831515""}",,7f29cebb9d06eca06ad0d6c690e4d5a083b71a9c42008f88e92474e3ff0eb98a,eb4075c77285da02c52794154760fa969fb21ab3dcceb0820cb7d2ba27d27471,http://images.cocodataset.org/train2017/000000073234.jpg,http://images.cocodataset.org/train2017/000000073234.jpg,,http://images.cocodataset.org/train2017/000000073234.jpg,continv,tier_b_v0.1,"{""axis"": ""semantic"", ""inverse_relation"": ""in"", ""law"": ""paraphrase_law"", ""note"": ""containment inverse paraphrase; truth preserved"", ""original_relation"": ""contains"", ""transform"": ""continv""}",,"{""do_sample"": false, ""max_new_tokens"": 5}",tier_b_r1_2b_full,5cc3a4f64f0d09e02b3a49ba7234826aa61d42c9,v0.1
vsr_test:1906,vsr_test:1906,test,continv,semantic,The dog is in the car,The car contains the dog.,contains,containment,car,dog,False,False,paraphrase_law,False,True, False.,HuggingFaceTB/SmolVLM2-2.2B-Instruct,,2B_general_lora,/home/ubuntu/vlm-spatial-reasoning/checkpoints/general_lora/final,"{""README.md"": ""ac104b898b7c66967afa018a2a35f1891c473694a89d1ef0ec75f970b6294276"", ""adapter_config.json"": ""fdf92e59ea3ed8249953d17a0db788ca77710a5d2192e81c2e1b071fb5cf38ca"", ""adapter_model.safetensors"": ""80bbc0ef798307c9a9ba985b11839c35118887390de46ece6d93b70c37d3f3d9"", ""chat_template.jinja"": ""830005085ddd94cec605b6e21b885b28ffad6e3f82ee6a212c523533e8f04f01"", ""processor_config.json"": ""eb8334ab39dc42fd9c5c7dd83a9c735f130d990059d2ef1a1401f078605c949b"", ""tokenizer.json"": ""0676fc5f243ffb1aee831e5a4c75dfd9122431447c26d888380e5273fddf48dc"", ""tokenizer_config.json"": ""0705650d8ae44e0e5cd4ddf77149eaca3c273f35e6eb7d24e5605c11c4831515""}",,7f29cebb9d06eca06ad0d6c690e4d5a083b71a9c42008f88e92474e3ff0eb98a,eb4075c77285da02c52794154760fa969fb21ab3dcceb0820cb7d2ba27d27471,http://images.cocodataset.org/train2017/000000075283.jpg,http://images.cocodataset.org/train2017/000000075283.jpg,,http://images.cocodataset.org/train2017/000000075283.jpg,continv,tier_b_v0.1,"{""axis"": ""semantic"", ""inverse_relation"": ""in"", ""law"": ""paraphrase_law"", ""note"": ""containment inverse paraphrase; truth preserved"", ""original_relation"": ""contains"", ""transform"": ""continv""}",,"{""do_sample"": false, ""max_new_tokens"": 5}",tier_b_r1_2b_full,5cc3a4f64f0d09e02b3a49ba7234826aa61d42c9,v0.1
vsr_test:1945,vsr_test:1945,test,continv,semantic,The book contains the bird,The bird is in the book.,in,containment,bird,book,True,True,paraphrase_law,True,True, True.,HuggingFaceTB/SmolVLM2-2.2B-Instruct,,2B_general_lora,/home/ubuntu/vlm-spatial-reasoning/checkpoints/general_lora/final,"{""README.md"": ""ac104b898b7c66967afa018a2a35f1891c473694a89d1ef0ec75f970b6294276"", ""adapter_config.json"": ""fdf92e59ea3ed8249953d17a0db788ca77710a5d2192e81c2e1b071fb5cf38ca"", ""adapter_model.safetensors"": ""80bbc0ef798307c9a9ba985b11839c35118887390de46ece6d93b70c37d3f3d9"", ""chat_template.jinja"": ""830005085ddd94cec605b6e21b885b28ffad6e3f82ee6a212c523533e8f04f01"", ""processor_config.json"": ""eb8334ab39dc42fd9c5c7dd83a9c735f130d990059d2ef1a1401f078605c949b"", ""tokenizer.json"": ""0676fc5f243ffb1aee831e5a4c75dfd9122431447c26d888380e5273fddf48dc"", ""tokenizer_config.json"": ""0705650d8ae44e0e5cd4ddf77149eaca3c273f35e6eb7d24e5605c11c4831515""}",,7f29cebb9d06eca06ad0d6c690e4d5a083b71a9c42008f88e92474e3ff0eb98a,eb4075c77285da02c52794154760fa969fb21ab3dcceb0820cb7d2ba27d27471,http://images.cocodataset.org/train2017/000000160653.jpg,http://images.cocodataset.org/train2017/000000160653.jpg,,http://images.cocodataset.org/train2017/000000160653.jpg,continv,tier_b_v0.1,"{""axis"": ""semantic"", ""inverse_relation"": ""contains"", ""law"": ""paraphrase_law"", ""note"": ""containment inverse paraphrase; truth preserved"", ""original_relation"": ""in"", ""transform"": ""continv""}",,"{""do_sample"": false, ""max_new_tokens"": 5}",tier_b_r1_2b_full,5cc3a4f64f0d09e02b3a49ba7234826aa61d42c9,v0.1
vsr_test:1946,vsr_test:1946,test,continv,semantic,The suitcase contains the handbag,The handbag is in the suitcase.,in,containment,handbag,suitcase,True,True,paraphrase_law,True,True, True.,HuggingFaceTB/SmolVLM2-2.2B-Instruct,,2B_general_lora,/home/ubuntu/vlm-spatial-reasoning/checkpoints/general_lora/final,"{""README.md"": ""ac104b898b7c66967afa018a2a35f1891c473694a89d1ef0ec75f970b6294276"", ""adapter_config.json"": ""fdf92e59ea3ed8249953d17a0db788ca77710a5d2192e81c2e1b071fb5cf38ca"", ""adapter_model.safetensors"": ""80bbc0ef798307c9a9ba985b11839c35118887390de46ece6d93b70c37d3f3d9"", ""chat_template.jinja"": ""830005085ddd94cec605b6e21b885b28ffad6e3f82ee6a212c523533e8f04f01"", ""processor_config.json"": ""eb8334ab39dc42fd9c5c7dd83a9c735f130d990059d2ef1a1401f078605c949b"", ""tokenizer.json"": ""0676fc5f243ffb1aee831e5a4c75dfd9122431447c26d888380e5273fddf48dc"", ""tokenizer_config.json"": ""0705650d8ae44e0e5cd4ddf77149eaca3c273f35e6eb7d24e5605c11c4831515""}",,7f29cebb9d06eca06ad0d6c690e4d5a083b71a9c42008f88e92474e3ff0eb98a,eb4075c77285da02c52794154760fa969fb21ab3dcceb0820cb7d2ba27d27471,http://images.cocodataset.org/train2017/000000020632.jpg,http://images.cocodataset.org/train2017/000000020632.jpg,,http://images.cocodataset.org/train2017/000000020632.jpg,continv,tier_b_v0.1,"{""axis"": ""semantic"", ""inverse_relation"": ""contains"", ""law"": ""paraphrase_law"", ""note"": ""containment inverse paraphrase; truth preserved"", ""original_relation"": ""in"", ""transform"": ""continv""}",,"{""do_sample"": false, ""max_new_tokens"": 5}",tier_b_r1_2b_full,5cc3a4f64f0d09e02b3a49ba7234826aa61d42c9,v0.1
vsr_test:1950,vsr_test:1950,test,continv,semantic,The cake is in the oven,The oven contains the cake.,contains,containment,oven,cake,False,False,paraphrase_law,True,False, True.,HuggingFaceTB/SmolVLM2-2.2B-Instruct,,2B_general_lora,/home/ubuntu/vlm-spatial-reasoning/checkpoints/general_lora/final,"{""README.md"": ""ac104b898b7c66967afa018a2a35f1891c473694a89d1ef0ec75f970b6294276"", ""adapter_config.json"": ""fdf92e59ea3ed8249953d17a0db788ca77710a5d2192e81c2e1b071fb5cf38ca"", ""adapter_model.safetensors"": ""80bbc0ef798307c9a9ba985b11839c35118887390de46ece6d93b70c37d3f3d9"", ""chat_template.jinja"": ""830005085ddd94cec605b6e21b885b28ffad6e3f82ee6a212c523533e8f04f01"", ""processor_config.json"": ""eb8334ab39dc42fd9c5c7dd83a9c735f130d990059d2ef1a1401f078605c949b"", ""tokenizer.json"": ""0676fc5f243ffb1aee831e5a4c75dfd9122431447c26d888380e5273fddf48dc"", ""tokenizer_config.json"": ""0705650d8ae44e0e5cd4ddf77149eaca3c273f35e6eb7d24e5605c11c4831515""}",,7f29cebb9d06eca06ad0d6c690e4d5a083b71a9c42008f88e92474e3ff0eb98a,eb4075c77285da02c52794154760fa969fb21ab3dcceb0820cb7d2ba27d27471,http://images.cocodataset.org/train2017/000000185777.jpg,http://images.cocodataset.org/train2017/000000185777.jpg,,http://images.cocodataset.org/train2017/000000185777.jpg,continv,tier_b_v0.1,"{""axis"": ""semantic"", ""inverse_relation"": ""in"", ""law"": ""paraphrase_law"", ""note"": ""containment inverse paraphrase; truth preserved"", ""original_relation"": ""contains"", ""transform"": ""continv""}",,"{""do_sample"": false, ""max_new_tokens"": 5}",tier_b_r1_2b_full,5cc3a4f64f0d09e02b3a49ba7234826aa61d42c9,v0.1
vsr_test:1970,vsr_test:1970,test,continv,semantic,The suitcase contains the dog,The dog is inside the suitcase.,inside,containment,dog,suitcase,True,True,paraphrase_law,True,True, True.,HuggingFaceTB/SmolVLM2-2.2B-Instruct,,2B_general_lora,/home/ubuntu/vlm-spatial-reasoning/checkpoints/general_lora/final,"{""README.md"": ""ac104b898b7c66967afa018a2a35f1891c473694a89d1ef0ec75f970b6294276"", ""adapter_config.json"": ""fdf92e59ea3ed8249953d17a0db788ca77710a5d2192e81c2e1b071fb5cf38ca"", ""adapter_model.safetensors"": ""80bbc0ef798307c9a9ba985b11839c35118887390de46ece6d93b70c37d3f3d9"", ""chat_template.jinja"": ""830005085ddd94cec605b6e21b885b28ffad6e3f82ee6a212c523533e8f04f01"", ""processor_config.json"": ""eb8334ab39dc42fd9c5c7dd83a9c735f130d990059d2ef1a1401f078605c949b"", ""tokenizer.json"": ""0676fc5f243ffb1aee831e5a4c75dfd9122431447c26d888380e5273fddf48dc"", ""tokenizer_config.json"": ""0705650d8ae44e0e5cd4ddf77149eaca3c273f35e6eb7d24e5605c11c4831515""}",,7f29cebb9d06eca06ad0d6c690e4d5a083b71a9c42008f88e92474e3ff0eb98a,eb4075c77285da02c52794154760fa969fb21ab3dcceb0820cb7d2ba27d27471,http://images.cocodataset.org/train2017/000000251608.jpg,http://images.cocodataset.org/train2017/000000251608.jpg,,http://images.cocodataset.org/train2017/000000251608.jpg,continv,tier_b_v0.1,"{""axis"": ""semantic"", ""inverse_relation"": ""contains"", ""law"": ""paraphrase_law"", ""note"": ""containment inverse paraphrase; truth preserved"", ""original_relation"": ""inside"", ""transform"": ""continv""}",,"{""do_sample"": false, ""max_new_tokens"": 5}",tier_b_r1_2b_full,5cc3a4f64f0d09e02b3a49ba7234826aa61d42c9,v0.1
vsr_test:1981,vsr_test:1981,test,continv,semantic,The sink contains the cat,The cat is in the sink.,in,containment,cat,sink,True,True,paraphrase_law,True,True, True.,HuggingFaceTB/SmolVLM2-2.2B-Instruct,,2B_general_lora,/home/ubuntu/vlm-spatial-reasoning/checkpoints/general_lora/final,"{""README.md"": ""ac104b898b7c66967afa018a2a35f1891c473694a89d1ef0ec75f970b6294276"", ""adapter_config.json"": ""fdf92e59ea3ed8249953d17a0db788ca77710a5d2192e81c2e1b071fb5cf38ca"", ""adapter_model.safetensors"": ""80bbc0ef798307c9a9ba985b11839c35118887390de46ece6d93b70c37d3f3d9"", ""chat_template.jinja"": ""830005085ddd94cec605b6e21b885b28ffad6e3f82ee6a212c523533e8f04f01"", ""processor_config.json"": ""eb8334ab39dc42fd9c5c7dd83a9c735f130d990059d2ef1a1401f078605c949b"", ""tokenizer.json"": ""0676fc5f243ffb1aee831e5a4c75dfd9122431447c26d888380e5273fddf48dc"", ""tokenizer_config.json"": ""0705650d8ae44e0e5cd4ddf77149eaca3c273f35e6eb7d24e5605c11c4831515""}",,7f29cebb9d06eca06ad0d6c690e4d5a083b71a9c42008f88e92474e3ff0eb98a,eb4075c77285da02c52794154760fa969fb21ab3dcceb0820cb7d2ba27d27471,http://images.cocodataset.org/train2017/000000286471.jpg,http://images.cocodataset.org/train2017/000000286471.jpg,,http://images.cocodataset.org/train2017/000000286471.jpg,continv,tier_b_v0.1,"{""axis"": ""semantic"", ""inverse_relation"": ""contains"", ""law"": ""paraphrase_law"", ""note"": ""containment inverse paraphrase; truth preserved"", ""original_relation"": ""in"", ""transform"": ""continv""}",,"{""do_sample"": false, ""max_new_tokens"": 5}",tier_b_r1_2b_full,5cc3a4f64f0d09e02b3a49ba7234826aa61d42c9,v0.1
vsr_test:1996,vsr_test:1996,test,continv,semantic,The sink contains the cat,The cat is in the sink.,in,containment,cat,sink,True,True,paraphrase_law,True,True, True.,HuggingFaceTB/SmolVLM2-2.2B-Instruct,,2B_general_lora,/home/ubuntu/vlm-spatial-reasoning/checkpoints/general_lora/final,"{""README.md"": ""ac104b898b7c66967afa018a2a35f1891c473694a89d1ef0ec75f970b6294276"", ""adapter_config.json"": ""fdf92e59ea3ed8249953d17a0db788ca77710a5d2192e81c2e1b071fb5cf38ca"", ""adapter_model.safetensors"": ""80bbc0ef798307c9a9ba985b11839c35118887390de46ece6d93b70c37d3f3d9"", ""chat_template.jinja"": ""830005085ddd94cec605b6e21b885b28ffad6e3f82ee6a212c523533e8f04f01"", ""processor_config.json"": ""eb8334ab39dc42fd9c5c7dd83a9c735f130d990059d2ef1a1401f078605c949b"", ""tokenizer.json"": ""0676fc5f243ffb1aee831e5a4c75dfd9122431447c26d888380e5273fddf48dc"", ""tokenizer_config.json"": ""0705650d8ae44e0e5cd4ddf77149eaca3c273f35e6eb7d24e5605c11c4831515""}",,7f29cebb9d06eca06ad0d6c690e4d5a083b71a9c42008f88e92474e3ff0eb98a,eb4075c77285da02c52794154760fa969fb21ab3dcceb0820cb7d2ba27d27471,http://images.cocodataset.org/train2017/000000311167.jpg,http://images.cocodataset.org/train2017/000000311167.jpg,,http://images.cocodataset.org/train2017/000000311167.jpg,continv,tier_b_v0.1,"{""axis"": ""semantic"", ""inverse_relation"": ""contains"", ""law"": ""paraphrase_law"", ""note"": ""containment inverse paraphrase; truth preserved"", ""original_relation"": ""in"", ""transform"": ""continv""}",,"{""do_sample"": false, ""max_new_tokens"": 5}",tier_b_r1_2b_full,5cc3a4f64f0d09e02b3a49ba7234826aa61d42c9,v0.1
vsr_test:2010,vsr_test:2010,test,continv,semantic,The oven contains the pizza,The pizza is in the oven.,in,containment,pizza,oven,False,False,paraphrase_law,False,True, False.,HuggingFaceTB/SmolVLM2-2.2B-Instruct,,2B_general_lora,/home/ubuntu/vlm-spatial-reasoning/checkpoints/general_lora/final,"{""README.md"": ""ac104b898b7c66967afa018a2a35f1891c473694a89d1ef0ec75f970b6294276"", ""adapter_config.json"": ""fdf92e59ea3ed8249953d17a0db788ca77710a5d2192e81c2e1b071fb5cf38ca"", ""adapter_model.safetensors"": ""80bbc0ef798307c9a9ba985b11839c35118887390de46ece6d93b70c37d3f3d9"", ""chat_template.jinja"": ""830005085ddd94cec605b6e21b885b28ffad6e3f82ee6a212c523533e8f04f01"", ""processor_config.json"": ""eb8334ab39dc42fd9c5c7dd83a9c735f130d990059d2ef1a1401f078605c949b"", ""tokenizer.json"": ""0676fc5f243ffb1aee831e5a4c75dfd9122431447c26d888380e5273fddf48dc"", ""tokenizer_config.json"": ""0705650d8ae44e0e5cd4ddf77149eaca3c273f35e6eb7d24e5605c11c4831515""}",,7f29cebb9d06eca06ad0d6c690e4d5a083b71a9c42008f88e92474e3ff0eb98a,eb4075c77285da02c52794154760fa969fb21ab3dcceb0820cb7d2ba27d27471,http://images.cocodataset.org/train2017/000000437948.jpg,http://images.cocodataset.org/train2017/000000437948.jpg,,http://images.cocodataset.org/train2017/000000437948.jpg,continv,tier_b_v0.1,"{""axis"": ""semantic"", ""inverse_relation"": ""contains"", ""law"": ""paraphrase_law"", ""note"": ""containment inverse paraphrase; truth preserved"", ""original_relation"": ""in"", ""transform"": ""continv""}",,"{""do_sample"": false, ""max_new_tokens"": 5}",tier_b_r1_2b_full,5cc3a4f64f0d09e02b3a49ba7234826aa61d42c9,v0.1
vsr_test:2026,vsr_test:2026,test,continv,semantic,The sandwich is in the refrigerator,The refrigerator contains the sandwich.,contains,containment,refrigerator,sandwich,False,False,paraphrase_law,False,True, False.,HuggingFaceTB/SmolVLM2-2.2B-Instruct,,2B_general_lora,/home/ubuntu/vlm-spatial-reasoning/checkpoints/general_lora/final,"{""README.md"": ""ac104b898b7c66967afa018a2a35f1891c473694a89d1ef0ec75f970b6294276"", ""adapter_config.json"": ""fdf92e59ea3ed8249953d17a0db788ca77710a5d2192e81c2e1b071fb5cf38ca"", ""adapter_model.safetensors"": ""80bbc0ef798307c9a9ba985b11839c35118887390de46ece6d93b70c37d3f3d9"", ""chat_template.jinja"": ""830005085ddd94cec605b6e21b885b28ffad6e3f82ee6a212c523533e8f04f01"", ""processor_config.json"": ""eb8334ab39dc42fd9c5c7dd83a9c735f130d990059d2ef1a1401f078605c949b"", ""tokenizer.json"": ""0676fc5f243ffb1aee831e5a4c75dfd9122431447c26d888380e5273fddf48dc"", ""tokenizer_config.json"": ""0705650d8ae44e0e5cd4ddf77149eaca3c273f35e6eb7d24e5605c11c4831515""}",,7f29cebb9d06eca06ad0d6c690e4d5a083b71a9c42008f88e92474e3ff0eb98a,eb4075c77285da02c52794154760fa969fb21ab3dcceb0820cb7d2ba27d27471,http://images.cocodataset.org/train2017/000000318209.jpg,http://images.cocodataset.org/train2017/000000318209.jpg,,http://images.cocodataset.org/train2017/000000318209.jpg,continv,tier_b_v0.1,"{""axis"": ""semantic"", ""inverse_relation"": ""in"", ""law"": ""paraphrase_law"", ""note"": ""containment inverse paraphrase; truth preserved"", ""original_relation"": ""contains"", ""transform"": ""continv""}",,"{""do_sample"": false, ""max_new_tokens"": 5}",tier_b_r1_2b_full,5cc3a4f64f0d09e02b3a49ba7234826aa61d42c9,v0.1
vsr_test:2029,vsr_test:2029,test,continv,semantic,The oven is in the pizza,The pizza contains the oven.,contains,containment,pizza,oven,False,False,paraphrase_law,False,True, False.,HuggingFaceTB/SmolVLM2-2.2B-Instruct,,2B_general_lora,/home/ubuntu/vlm-spatial-reasoning/checkpoints/general_lora/final,"{""README.md"": ""ac104b898b7c66967afa018a2a35f1891c473694a89d1ef0ec75f970b6294276"", ""adapter_config.json"": ""fdf92e59ea3ed8249953d17a0db788ca77710a5d2192e81c2e1b071fb5cf38ca"", ""adapter_model.safetensors"": ""80bbc0ef798307c9a9ba985b11839c35118887390de46ece6d93b70c37d3f3d9"", ""chat_template.jinja"": ""830005085ddd94cec605b6e21b885b28ffad6e3f82ee6a212c523533e8f04f01"", ""processor_config.json"": ""eb8334ab39dc42fd9c5c7dd83a9c735f130d990059d2ef1a1401f078605c949b"", ""tokenizer.json"": ""0676fc5f243ffb1aee831e5a4c75dfd9122431447c26d888380e5273fddf48dc"", ""tokenizer_config.json"": ""0705650d8ae44e0e5cd4ddf77149eaca3c273f35e6eb7d24e5605c11c4831515""}",,7f29cebb9d06eca06ad0d6c690e4d5a083b71a9c42008f88e92474e3ff0eb98a,eb4075c77285da02c52794154760fa969fb21ab3dcceb0820cb7d2ba27d27471,http://images.cocodataset.org/train2017/000000424588.jpg,http://images.cocodataset.org/train2017/000000424588.jpg,,http://images.cocodataset.org/train2017/000000424588.jpg,continv,tier_b_v0.1,"{""axis"": ""semantic"", ""inverse_relation"": ""in"", ""law"": ""paraphrase_law"", ""note"": ""containment inverse paraphrase; truth preserved"", ""original_relation"": ""contains"", ""transform"": ""continv""}",,"{""do_sample"": false, ""max_new_tokens"": 5}",tier_b_r1_2b_full,5cc3a4f64f0d09e02b3a49ba7234826aa61d42c9,v0.1
vsr_test:2064,vsr_test:2064,test,continv,semantic,The oven contains the pizza,The pizza is inside the oven.,inside,containment,pizza,oven,True,True,paraphrase_law,True,True, True.,HuggingFaceTB/SmolVLM2-2.2B-Instruct,,2B_general_lora,/home/ubuntu/vlm-spatial-reasoning/checkpoints/general_lora/final,"{""README.md"": ""ac104b898b7c66967afa018a2a35f1891c473694a89d1ef0ec75f970b6294276"", ""adapter_config.json"": ""fdf92e59ea3ed8249953d17a0db788ca77710a5d2192e81c2e1b071fb5cf38ca"", ""adapter_model.safetensors"": ""80bbc0ef798307c9a9ba985b11839c35118887390de46ece6d93b70c37d3f3d9"", ""chat_template.jinja"": ""830005085ddd94cec605b6e21b885b28ffad6e3f82ee6a212c523533e8f04f01"", ""processor_config.json"": ""eb8334ab39dc42fd9c5c7dd83a9c735f130d990059d2ef1a1401f078605c949b"", ""tokenizer.json"": ""0676fc5f243ffb1aee831e5a4c75dfd9122431447c26d888380e5273fddf48dc"", ""tokenizer_config.json"": ""0705650d8ae44e0e5cd4ddf77149eaca3c273f35e6eb7d24e5605c11c4831515""}",,7f29cebb9d06eca06ad0d6c690e4d5a083b71a9c42008f88e92474e3ff0eb98a,eb4075c77285da02c52794154760fa969fb21ab3dcceb0820cb7d2ba27d27471,http://images.cocodataset.org/train2017/000000338289.jpg,http://images.cocodataset.org/train2017/000000338289.jpg,,http://images.cocodataset.org/train2017/000000338289.jpg,continv,tier_b_v0.1,"{""axis"": ""semantic"", ""inverse_relation"": ""contains"", ""law"": ""paraphrase_law"", ""note"": ""containment inverse paraphrase; truth preserved"", ""original_relation"": ""inside"", ""transform"": ""continv""}",,"{""do_sample"": false, ""max_new_tokens"": 5}",tier_b_r1_2b_full,5cc3a4f64f0d09e02b3a49ba7234826aa61d42c9,v0.1
vsr_test:2089,vsr_test:2089,test,continv,semantic,The oven contains the pizza,The pizza is in the oven.,in,containment,pizza,oven,True,True,paraphrase_law,True,True, True.,HuggingFaceTB/SmolVLM2-2.2B-Instruct,,2B_general_lora,/home/ubuntu/vlm-spatial-reasoning/checkpoints/general_lora/final,"{""README.md"": ""ac104b898b7c66967afa018a2a35f1891c473694a89d1ef0ec75f970b6294276"", ""adapter_config.json"": ""fdf92e59ea3ed8249953d17a0db788ca77710a5d2192e81c2e1b071fb5cf38ca"", ""adapter_model.safetensors"": ""80bbc0ef798307c9a9ba985b11839c35118887390de46ece6d93b70c37d3f3d9"", ""chat_template.jinja"": ""830005085ddd94cec605b6e21b885b28ffad6e3f82ee6a212c523533e8f04f01"", ""processor_config.json"": ""eb8334ab39dc42fd9c5c7dd83a9c735f130d990059d2ef1a1401f078605c949b"", ""tokenizer.json"": ""0676fc5f243ffb1aee831e5a4c75dfd9122431447c26d888380e5273fddf48dc"", ""tokenizer_config.json"": ""0705650d8ae44e0e5cd4ddf77149eaca3c273f35e6eb7d24e5605c11c4831515""}",,7f29cebb9d06eca06ad0d6c690e4d5a083b71a9c42008f88e92474e3ff0eb98a,eb4075c77285da02c52794154760fa969fb21ab3dcceb0820cb7d2ba27d27471,http://images.cocodataset.org/train2017/000000484425.jpg,http://images.cocodataset.org/train2017/000000484425.jpg,,http://images.cocodataset.org/train2017/000000484425.jpg,continv,tier_b_v0.1,"{""axis"": ""semantic"", ""inverse_relation"": ""contains"", ""law"": ""paraphrase_law"", ""note"": ""containment inverse paraphrase; truth preserved"", ""original_relation"": ""in"", ""transform"": ""continv""}",,"{""do_sample"": false, ""max_new_tokens"": 5}",tier_b_r1_2b_full,5cc3a4f64f0d09e02b3a49ba7234826aa61d42c9,v0.1
vsr_test:2091,vsr_test:2091,test,continv,semantic,The cat is in the suitcase,The suitcase contains the cat.,contains,containment,suitcase,cat,False,False,paraphrase_law,True,False, True.,HuggingFaceTB/SmolVLM2-2.2B-Instruct,,2B_general_lora,/home/ubuntu/vlm-spatial-reasoning/checkpoints/general_lora/final,"{""README.md"": ""ac104b898b7c66967afa018a2a35f1891c473694a89d1ef0ec75f970b6294276"", ""adapter_config.json"": ""fdf92e59ea3ed8249953d17a0db788ca77710a5d2192e81c2e1b071fb5cf38ca"", ""adapter_model.safetensors"": ""80bbc0ef798307c9a9ba985b11839c35118887390de46ece6d93b70c37d3f3d9"", ""chat_template.jinja"": ""830005085ddd94cec605b6e21b885b28ffad6e3f82ee6a212c523533e8f04f01"", ""processor_config.json"": ""eb8334ab39dc42fd9c5c7dd83a9c735f130d990059d2ef1a1401f078605c949b"", ""tokenizer.json"": ""0676fc5f243ffb1aee831e5a4c75dfd9122431447c26d888380e5273fddf48dc"", ""tokenizer_config.json"": ""0705650d8ae44e0e5cd4ddf77149eaca3c273f35e6eb7d24e5605c11c4831515""}",,7f29cebb9d06eca06ad0d6c690e4d5a083b71a9c42008f88e92474e3ff0eb98a,eb4075c77285da02c52794154760fa969fb21ab3dcceb0820cb7d2ba27d27471,http://images.cocodataset.org/train2017/000000501498.jpg,http://images.cocodataset.org/train2017/000000501498.jpg,,http://images.cocodataset.org/train2017/000000501498.jpg,continv,tier_b_v0.1,"{""axis"": ""semantic"", ""inverse_relation"": ""in"", ""law"": ""paraphrase_law"", ""note"": ""containment inverse paraphrase; truth preserved"", ""original_relation"": ""contains"", ""transform"": ""continv""}",,"{""do_sample"": false, ""max_new_tokens"": 5}",tier_b_r1_2b_full,5cc3a4f64f0d09e02b3a49ba7234826aa61d42c9,v0.1
vsr_test:2106,vsr_test:2106,test,continv,semantic,The cow is in the truck,The truck contains the cow.,contains,containment,truck,cow,False,False,paraphrase_law,False,True, False.,HuggingFaceTB/SmolVLM2-2.2B-Instruct,,2B_general_lora,/home/ubuntu/vlm-spatial-reasoning/checkpoints/general_lora/final,"{""README.md"": ""ac104b898b7c66967afa018a2a35f1891c473694a89d1ef0ec75f970b6294276"", ""adapter_config.json"": ""fdf92e59ea3ed8249953d17a0db788ca77710a5d2192e81c2e1b071fb5cf38ca"", ""adapter_model.safetensors"": ""80bbc0ef798307c9a9ba985b11839c35118887390de46ece6d93b70c37d3f3d9"", ""chat_template.jinja"": ""830005085ddd94cec605b6e21b885b28ffad6e3f82ee6a212c523533e8f04f01"", ""processor_config.json"": ""eb8334ab39dc42fd9c5c7dd83a9c735f130d990059d2ef1a1401f078605c949b"", ""tokenizer.json"": ""0676fc5f243ffb1aee831e5a4c75dfd9122431447c26d888380e5273fddf48dc"", ""tokenizer_config.json"": ""0705650d8ae44e0e5cd4ddf77149eaca3c273f35e6eb7d24e5605c11c4831515""}",,7f29cebb9d06eca06ad0d6c690e4d5a083b71a9c42008f88e92474e3ff0eb98a,eb4075c77285da02c52794154760fa969fb21ab3dcceb0820cb7d2ba27d27471,http://images.cocodataset.org/train2017/000000132528.jpg,http://images.cocodataset.org/train2017/000000132528.jpg,,http://images.cocodataset.org/train2017/000000132528.jpg,continv,tier_b_v0.1,"{""axis"": ""semantic"", ""inverse_relation"": ""in"", ""law"": ""paraphrase_law"", ""note"": ""containment inverse paraphrase; truth preserved"", ""original_relation"": ""contains"", ""transform"": ""continv""}",,"{""do_sample"": false, ""max_new_tokens"": 5}",tier_b_r1_2b_full,5cc3a4f64f0d09e02b3a49ba7234826aa61d42c9,v0.1
vsr_test:2125,vsr_test:2125,test,continv,semantic,The banana is in the sandwich,The sandwich contains the banana.,contains,containment,sandwich,banana,False,False,paraphrase_law,False,True, False.,HuggingFaceTB/SmolVLM2-2.2B-Instruct,,2B_general_lora,/home/ubuntu/vlm-spatial-reasoning/checkpoints/general_lora/final,"{""README.md"": ""ac104b898b7c66967afa018a2a35f1891c473694a89d1ef0ec75f970b6294276"", ""adapter_config.json"": ""fdf92e59ea3ed8249953d17a0db788ca77710a5d2192e81c2e1b071fb5cf38ca"", ""adapter_model.safetensors"": ""80bbc0ef798307c9a9ba985b11839c35118887390de46ece6d93b70c37d3f3d9"", ""chat_template.jinja"": ""830005085ddd94cec605b6e21b885b28ffad6e3f82ee6a212c523533e8f04f01"", ""processor_config.json"": ""eb8334ab39dc42fd9c5c7dd83a9c735f130d990059d2ef1a1401f078605c949b"", ""tokenizer.json"": ""0676fc5f243ffb1aee831e5a4c75dfd9122431447c26d888380e5273fddf48dc"", ""tokenizer_config.json"": ""0705650d8ae44e0e5cd4ddf77149eaca3c273f35e6eb7d24e5605c11c4831515""}",,7f29cebb9d06eca06ad0d6c690e4d5a083b71a9c42008f88e92474e3ff0eb98a,eb4075c77285da02c52794154760fa969fb21ab3dcceb0820cb7d2ba27d27471,http://images.cocodataset.org/train2017/000000557005.jpg,http://images.cocodataset.org/train2017/000000557005.jpg,,http://images.cocodataset.org/train2017/000000557005.jpg,continv,tier_b_v0.1,"{""axis"": ""semantic"", ""inverse_relation"": ""in"", ""law"": ""paraphrase_law"", ""note"": ""containment inverse paraphrase; truth preserved"", ""original_relation"": ""contains"", ""transform"": ""continv""}",,"{""do_sample"": false, ""max_new_tokens"": 5}",tier_b_r1_2b_full,5cc3a4f64f0d09e02b3a49ba7234826aa61d42c9,v0.1
vsr_test:2126,vsr_test:2126,test,continv,semantic,The backpack contains the cat,The cat is inside the backpack.,inside,containment,cat,backpack,True,True,paraphrase_law,True,True, True.,HuggingFaceTB/SmolVLM2-2.2B-Instruct,,2B_general_lora,/home/ubuntu/vlm-spatial-reasoning/checkpoints/general_lora/final,"{""README.md"": ""ac104b898b7c66967afa018a2a35f1891c473694a89d1ef0ec75f970b6294276"", ""adapter_config.json"": ""fdf92e59ea3ed8249953d17a0db788ca77710a5d2192e81c2e1b071fb5cf38ca"", ""adapter_model.safetensors"": ""80bbc0ef798307c9a9ba985b11839c35118887390de46ece6d93b70c37d3f3d9"", ""chat_template.jinja"": ""830005085ddd94cec605b6e21b885b28ffad6e3f82ee6a212c523533e8f04f01"", ""processor_config.json"": ""eb8334ab39dc42fd9c5c7dd83a9c735f130d990059d2ef1a1401f078605c949b"", ""tokenizer.json"": ""0676fc5f243ffb1aee831e5a4c75dfd9122431447c26d888380e5273fddf48dc"", ""tokenizer_config.json"": ""0705650d8ae44e0e5cd4ddf77149eaca3c273f35e6eb7d24e5605c11c4831515""}",,7f29cebb9d06eca06ad0d6c690e4d5a083b71a9c42008f88e92474e3ff0eb98a,eb4075c77285da02c52794154760fa969fb21ab3dcceb0820cb7d2ba27d27471,http://images.cocodataset.org/train2017/000000433110.jpg,http://images.cocodataset.org/train2017/000000433110.jpg,,http://images.cocodataset.org/train2017/000000433110.jpg,continv,tier_b_v0.1,"{""axis"": ""semantic"", ""inverse_relation"": ""contains"", ""law"": ""paraphrase_law"", ""note"": ""containment inverse paraphrase; truth preserved"", ""original_relation"": ""inside"", ""transform"": ""continv""}",,"{""do_sample"": false, ""max_new_tokens"": 5}",tier_b_r1_2b_full,5cc3a4f64f0d09e02b3a49ba7234826aa61d42c9,v0.1
vsr_test:2157,vsr_test:2157,test,continv,semantic,The sandwich contains the hot dog,The hot dog is in the sandwich.,in,containment,hot dog,sandwich,True,True,paraphrase_law,True,True, True.,HuggingFaceTB/SmolVLM2-2.2B-Instruct,,2B_general_lora,/home/ubuntu/vlm-spatial-reasoning/checkpoints/general_lora/final,"{""README.md"": ""ac104b898b7c66967afa018a2a35f1891c473694a89d1ef0ec75f970b6294276"", ""adapter_config.json"": ""fdf92e59ea3ed8249953d17a0db788ca77710a5d2192e81c2e1b071fb5cf38ca"", ""adapter_model.safetensors"": ""80bbc0ef798307c9a9ba985b11839c35118887390de46ece6d93b70c37d3f3d9"", ""chat_template.jinja"": ""830005085ddd94cec605b6e21b885b28ffad6e3f82ee6a212c523533e8f04f01"", ""processor_config.json"": ""eb8334ab39dc42fd9c5c7dd83a9c735f130d990059d2ef1a1401f078605c949b"", ""tokenizer.json"": ""0676fc5f243ffb1aee831e5a4c75dfd9122431447c26d888380e5273fddf48dc"", ""tokenizer_config.json"": ""0705650d8ae44e0e5cd4ddf77149eaca3c273f35e6eb7d24e5605c11c4831515""}",,7f29cebb9d06eca06ad0d6c690e4d5a083b71a9c42008f88e92474e3ff0eb98a,eb4075c77285da02c52794154760fa969fb21ab3dcceb0820cb7d2ba27d27471,http://images.cocodataset.org/train2017/000000054385.jpg,http://images.cocodataset.org/train2017/000000054385.jpg,,http://images.cocodataset.org/train2017/000000054385.jpg,continv,tier_b_v0.1,"{""axis"": ""semantic"", ""inverse_relation"": ""contains"", ""law"": ""paraphrase_law"", ""note"": ""containment inverse paraphrase; truth preserved"", ""original_relation"": ""in"", ""transform"": ""continv""}",,"{""do_sample"": false, ""max_new_tokens"": 5}",tier_b_r1_2b_full,5cc3a4f64f0d09e02b3a49ba7234826aa61d42c9,v0.1
vsr_test:2158,vsr_test:2158,test,continv,semantic,The suitcase contains the dog,The dog is inside the suitcase.,inside,containment,dog,suitcase,False,False,paraphrase_law,False,True, False.,HuggingFaceTB/SmolVLM2-2.2B-Instruct,,2B_general_lora,/home/ubuntu/vlm-spatial-reasoning/checkpoints/general_lora/final,"{""README.md"": ""ac104b898b7c66967afa018a2a35f1891c473694a89d1ef0ec75f970b6294276"", ""adapter_config.json"": ""fdf92e59ea3ed8249953d17a0db788ca77710a5d2192e81c2e1b071fb5cf38ca"", ""adapter_model.safetensors"": ""80bbc0ef798307c9a9ba985b11839c35118887390de46ece6d93b70c37d3f3d9"", ""chat_template.jinja"": ""830005085ddd94cec605b6e21b885b28ffad6e3f82ee6a212c523533e8f04f01"", ""processor_config.json"": ""eb8334ab39dc42fd9c5c7dd83a9c735f130d990059d2ef1a1401f078605c949b"", ""tokenizer.json"": ""0676fc5f243ffb1aee831e5a4c75dfd9122431447c26d888380e5273fddf48dc"", ""tokenizer_config.json"": ""0705650d8ae44e0e5cd4ddf77149eaca3c273f35e6eb7d24e5605c11c4831515""}",,7f29cebb9d06eca06ad0d6c690e4d5a083b71a9c42008f88e92474e3ff0eb98a,eb4075c77285da02c52794154760fa969fb21ab3dcceb0820cb7d2ba27d27471,http://images.cocodataset.org/train2017/000000157931.jpg,http://images.cocodataset.org/train2017/000000157931.jpg,,http://images.cocodataset.org/train2017/000000157931.jpg,continv,tier_b_v0.1,"{""axis"": ""semantic"", ""inverse_relation"": ""contains"", ""law"": ""paraphrase_law"", ""note"": ""containment inverse paraphrase; truth preserved"", ""original_relation"": ""inside"", ""transform"": ""continv""}",,"{""do_sample"": false, ""max_new_tokens"": 5}",tier_b_r1_2b_full,5cc3a4f64f0d09e02b3a49ba7234826aa61d42c9,v0.1
vsr_test:2175,vsr_test:2175,test,continv,semantic,The cat is in the suitcase,The suitcase contains the cat.,contains,containment,suitcase,cat,False,False,paraphrase_law,False,True, False.,HuggingFaceTB/SmolVLM2-2.2B-Instruct,,2B_general_lora,/home/ubuntu/vlm-spatial-reasoning/checkpoints/general_lora/final,"{""README.md"": ""ac104b898b7c66967afa018a2a35f1891c473694a89d1ef0ec75f970b6294276"", ""adapter_config.json"": ""fdf92e59ea3ed8249953d17a0db788ca77710a5d2192e81c2e1b071fb5cf38ca"", ""adapter_model.safetensors"": ""80bbc0ef798307c9a9ba985b11839c35118887390de46ece6d93b70c37d3f3d9"", ""chat_template.jinja"": ""830005085ddd94cec605b6e21b885b28ffad6e3f82ee6a212c523533e8f04f01"", ""processor_config.json"": ""eb8334ab39dc42fd9c5c7dd83a9c735f130d990059d2ef1a1401f078605c949b"", ""tokenizer.json"": ""0676fc5f243ffb1aee831e5a4c75dfd9122431447c26d888380e5273fddf48dc"", ""tokenizer_config.json"": ""0705650d8ae44e0e5cd4ddf77149eaca3c273f35e6eb7d24e5605c11c4831515""}",,7f29cebb9d06eca06ad0d6c690e4d5a083b71a9c42008f88e92474e3ff0eb98a,eb4075c77285da02c52794154760fa969fb21ab3dcceb0820cb7d2ba27d27471,http://images.cocodataset.org/train2017/000000019131.jpg,http://images.cocodataset.org/train2017/000000019131.jpg,,http://images.cocodataset.org/train2017/000000019131.jpg,continv,tier_b_v0.1,"{""axis"": ""semantic"", ""inverse_relation"": ""in"", ""law"": ""paraphrase_law"", ""note"": ""containment inverse paraphrase; truth preserved"", ""original_relation"": ""contains"", ""transform"": ""continv""}",,"{""do_sample"": false, ""max_new_tokens"": 5}",tier_b_r1_2b_full,5cc3a4f64f0d09e02b3a49ba7234826aa61d42c9,v0.1
vsr_test:2178,vsr_test:2178,test,continv,semantic,The cat is in the suitcase,The suitcase contains the cat.,contains,containment,suitcase,cat,True,True,paraphrase_law,True,True, True.,HuggingFaceTB/SmolVLM2-2.2B-Instruct,,2B_general_lora,/home/ubuntu/vlm-spatial-reasoning/checkpoints/general_lora/final,"{""README.md"": ""ac104b898b7c66967afa018a2a35f1891c473694a89d1ef0ec75f970b6294276"", ""adapter_config.json"": ""fdf92e59ea3ed8249953d17a0db788ca77710a5d2192e81c2e1b071fb5cf38ca"", ""adapter_model.safetensors"": ""80bbc0ef798307c9a9ba985b11839c35118887390de46ece6d93b70c37d3f3d9"", ""chat_template.jinja"": ""830005085ddd94cec605b6e21b885b28ffad6e3f82ee6a212c523533e8f04f01"", ""processor_config.json"": ""eb8334ab39dc42fd9c5c7dd83a9c735f130d990059d2ef1a1401f078605c949b"", ""tokenizer.json"": ""0676fc5f243ffb1aee831e5a4c75dfd9122431447c26d888380e5273fddf48dc"", ""tokenizer_config.json"": ""0705650d8ae44e0e5cd4ddf77149eaca3c273f35e6eb7d24e5605c11c4831515""}",,7f29cebb9d06eca06ad0d6c690e4d5a083b71a9c42008f88e92474e3ff0eb98a,eb4075c77285da02c52794154760fa969fb21ab3dcceb0820cb7d2ba27d27471,http://images.cocodataset.org/train2017/000000465695.jpg,http://images.cocodataset.org/train2017/000000465695.jpg,,http://images.cocodataset.org/train2017/000000465695.jpg,continv,tier_b_v0.1,"{""axis"": ""semantic"", ""inverse_relation"": ""in"", ""law"": ""paraphrase_law"", ""note"": ""containment inverse paraphrase; truth preserved"", ""original_relation"": ""contains"", ""transform"": ""continv""}",,"{""do_sample"": false, ""max_new_tokens"": 5}",tier_b_r1_2b_full,5cc3a4f64f0d09e02b3a49ba7234826aa61d42c9,v0.1
vsr_test:2179,vsr_test:2179,test,continv,semantic,The suitcase contains the cat,The cat is in the suitcase.,in,containment,cat,suitcase,False,False,paraphrase_law,False,True, False.,HuggingFaceTB/SmolVLM2-2.2B-Instruct,,2B_general_lora,/home/ubuntu/vlm-spatial-reasoning/checkpoints/general_lora/final,"{""README.md"": ""ac104b898b7c66967afa018a2a35f1891c473694a89d1ef0ec75f970b6294276"", ""adapter_config.json"": ""fdf92e59ea3ed8249953d17a0db788ca77710a5d2192e81c2e1b071fb5cf38ca"", ""adapter_model.safetensors"": ""80bbc0ef798307c9a9ba985b11839c35118887390de46ece6d93b70c37d3f3d9"", ""chat_template.jinja"": ""830005085ddd94cec605b6e21b885b28ffad6e3f82ee6a212c523533e8f04f01"", ""processor_config.json"": ""eb8334ab39dc42fd9c5c7dd83a9c735f130d990059d2ef1a1401f078605c949b"", ""tokenizer.json"": ""0676fc5f243ffb1aee831e5a4c75dfd9122431447c26d888380e5273fddf48dc"", ""tokenizer_config.json"": ""0705650d8ae44e0e5cd4ddf77149eaca3c273f35e6eb7d24e5605c11c4831515""}",,7f29cebb9d06eca06ad0d6c690e4d5a083b71a9c42008f88e92474e3ff0eb98a,eb4075c77285da02c52794154760fa969fb21ab3dcceb0820cb7d2ba27d27471,http://images.cocodataset.org/train2017/000000031893.jpg,http://images.cocodataset.org/train2017/000000031893.jpg,,http://images.cocodataset.org/train2017/000000031893.jpg,continv,tier_b_v0.1,"{""axis"": ""semantic"", ""inverse_relation"": ""contains"", ""law"": ""paraphrase_law"", ""note"": ""containment inverse paraphrase; truth preserved"", ""original_relation"": ""in"", ""transform"": ""continv""}",,"{""do_sample"": false, ""max_new_tokens"": 5}",tier_b_r1_2b_full,5cc3a4f64f0d09e02b3a49ba7234826aa61d42c9,v0.1
