example_id,paired_parent_id,split,condition,intervention_axis,statement,original_statement,relation,relation_family,subject,object,ground_truth,expected_transformed_label,expected_prediction_behavior,prediction,correct,raw_output,model_id,model_revision,model_condition,adapter_path,adapter_hash,training_seed,prompt_version,parser_version,image_id,source_image_id,replacement_image_id,transformed_image_id,transform_name,transform_version,transform_metadata,shuffle_seed,generation_settings,run_id,git_commit,protocol_version
vsr_test:0006,vsr_test:0006,test,sorev,semantic,The dining table is touching the bench,The bench is touching the dining table.,touching,topology_contact,bench,dining table,True,True,stability_law,False,False, False.,HuggingFaceTB/SmolVLM2-2.2B-Instruct,,2B_zero_shot,,,,7f29cebb9d06eca06ad0d6c690e4d5a083b71a9c42008f88e92474e3ff0eb98a,eb4075c77285da02c52794154760fa969fb21ab3dcceb0820cb7d2ba27d27471,http://images.cocodataset.org/train2017/000000550405.jpg,http://images.cocodataset.org/train2017/000000550405.jpg,,http://images.cocodataset.org/train2017/000000550405.jpg,sorev,tier_b_v0.1,"{""axis"": ""semantic"", ""law"": ""stability_law"", ""note"": ""symmetric relation; subject/object reversal keeps truth"", ""relation"": ""touching"", ""transform"": ""sorev""}",,"{""do_sample"": false, ""max_new_tokens"": 5}",tier_b_r1_2b_full,5cc3a4f64f0d09e02b3a49ba7234826aa61d42c9,v0.1
vsr_test:0008,vsr_test:0008,test,sorev,semantic,The bed is beside the bench,The bench is beside the bed.,beside,horizontal,bench,bed,True,True,stability_law,True,True, True.,HuggingFaceTB/SmolVLM2-2.2B-Instruct,,2B_zero_shot,,,,7f29cebb9d06eca06ad0d6c690e4d5a083b71a9c42008f88e92474e3ff0eb98a,eb4075c77285da02c52794154760fa969fb21ab3dcceb0820cb7d2ba27d27471,http://images.cocodataset.org/train2017/000000268227.jpg,http://images.cocodataset.org/train2017/000000268227.jpg,,http://images.cocodataset.org/train2017/000000268227.jpg,sorev,tier_b_v0.1,"{""axis"": ""semantic"", ""law"": ""stability_law"", ""note"": ""symmetric relation; subject/object reversal keeps truth"", ""relation"": ""beside"", ""transform"": ""sorev""}",,"{""do_sample"": false, ""max_new_tokens"": 5}",tier_b_r1_2b_full,5cc3a4f64f0d09e02b3a49ba7234826aa61d42c9,v0.1
vsr_test:0017,vsr_test:0017,test,sorev,semantic,The teddy bear is touching the potted plant,The potted plant is touching the teddy bear.,touching,topology_contact,potted plant,teddy bear,True,True,stability_law,True,True, True.,HuggingFaceTB/SmolVLM2-2.2B-Instruct,,2B_zero_shot,,,,7f29cebb9d06eca06ad0d6c690e4d5a083b71a9c42008f88e92474e3ff0eb98a,eb4075c77285da02c52794154760fa969fb21ab3dcceb0820cb7d2ba27d27471,http://images.cocodataset.org/train2017/000000380299.jpg,http://images.cocodataset.org/train2017/000000380299.jpg,,http://images.cocodataset.org/train2017/000000380299.jpg,sorev,tier_b_v0.1,"{""axis"": ""semantic"", ""law"": ""stability_law"", ""note"": ""symmetric relation; subject/object reversal keeps truth"", ""relation"": ""touching"", ""transform"": ""sorev""}",,"{""do_sample"": false, ""max_new_tokens"": 5}",tier_b_r1_2b_full,5cc3a4f64f0d09e02b3a49ba7234826aa61d42c9,v0.1
vsr_test:0020,vsr_test:0020,test,sorev,semantic,The cup is away from the bus,The bus is away from the cup.,away from,proximity,bus,cup,True,True,stability_law,True,True, True.,HuggingFaceTB/SmolVLM2-2.2B-Instruct,,2B_zero_shot,,,,7f29cebb9d06eca06ad0d6c690e4d5a083b71a9c42008f88e92474e3ff0eb98a,eb4075c77285da02c52794154760fa969fb21ab3dcceb0820cb7d2ba27d27471,http://images.cocodataset.org/train2017/000000067373.jpg,http://images.cocodataset.org/train2017/000000067373.jpg,,http://images.cocodataset.org/train2017/000000067373.jpg,sorev,tier_b_v0.1,"{""axis"": ""semantic"", ""law"": ""stability_law"", ""note"": ""symmetric relation; subject/object reversal keeps truth"", ""relation"": ""away from"", ""transform"": ""sorev""}",,"{""do_sample"": false, ""max_new_tokens"": 5}",tier_b_r1_2b_full,5cc3a4f64f0d09e02b3a49ba7234826aa61d42c9,v0.1
vsr_test:0024,vsr_test:0024,test,sorev,semantic,The sandwich is beside the cup,The cup is beside the sandwich.,beside,horizontal,cup,sandwich,True,True,stability_law,True,True, True.,HuggingFaceTB/SmolVLM2-2.2B-Instruct,,2B_zero_shot,,,,7f29cebb9d06eca06ad0d6c690e4d5a083b71a9c42008f88e92474e3ff0eb98a,eb4075c77285da02c52794154760fa969fb21ab3dcceb0820cb7d2ba27d27471,http://images.cocodataset.org/train2017/000000202998.jpg,http://images.cocodataset.org/train2017/000000202998.jpg,,http://images.cocodataset.org/train2017/000000202998.jpg,sorev,tier_b_v0.1,"{""axis"": ""semantic"", ""law"": ""stability_law"", ""note"": ""symmetric relation; subject/object reversal keeps truth"", ""relation"": ""beside"", ""transform"": ""sorev""}",,"{""do_sample"": false, ""max_new_tokens"": 5}",tier_b_r1_2b_full,5cc3a4f64f0d09e02b3a49ba7234826aa61d42c9,v0.1
vsr_test:0026,vsr_test:0026,test,sorev,semantic,The banana is attached to the umbrella,The umbrella is attached to the banana.,attached to,topology_contact,umbrella,banana,False,False,stability_law,False,True, False.,HuggingFaceTB/SmolVLM2-2.2B-Instruct,,2B_zero_shot,,,,7f29cebb9d06eca06ad0d6c690e4d5a083b71a9c42008f88e92474e3ff0eb98a,eb4075c77285da02c52794154760fa969fb21ab3dcceb0820cb7d2ba27d27471,http://images.cocodataset.org/train2017/000000159296.jpg,http://images.cocodataset.org/train2017/000000159296.jpg,,http://images.cocodataset.org/train2017/000000159296.jpg,sorev,tier_b_v0.1,"{""axis"": ""semantic"", ""law"": ""stability_law"", ""note"": ""symmetric relation; subject/object reversal keeps truth"", ""relation"": ""attached to"", ""transform"": ""sorev""}",,"{""do_sample"": false, ""max_new_tokens"": 5}",tier_b_r1_2b_full,5cc3a4f64f0d09e02b3a49ba7234826aa61d42c9,v0.1
vsr_test:0030,vsr_test:0030,test,sorev,semantic,The person is touching the pizza,The pizza is touching the person.,touching,topology_contact,pizza,person,True,True,stability_law,True,True, True.,HuggingFaceTB/SmolVLM2-2.2B-Instruct,,2B_zero_shot,,,,7f29cebb9d06eca06ad0d6c690e4d5a083b71a9c42008f88e92474e3ff0eb98a,eb4075c77285da02c52794154760fa969fb21ab3dcceb0820cb7d2ba27d27471,http://images.cocodataset.org/train2017/000000114169.jpg,http://images.cocodataset.org/train2017/000000114169.jpg,,http://images.cocodataset.org/train2017/000000114169.jpg,sorev,tier_b_v0.1,"{""axis"": ""semantic"", ""law"": ""stability_law"", ""note"": ""symmetric relation; subject/object reversal keeps truth"", ""relation"": ""touching"", ""transform"": ""sorev""}",,"{""do_sample"": false, ""max_new_tokens"": 5}",tier_b_r1_2b_full,5cc3a4f64f0d09e02b3a49ba7234826aa61d42c9,v0.1
vsr_test:0032,vsr_test:0032,test,sorev,semantic,The person is at the side of the teddy bear,The teddy bear is at the side of the person.,at the side of,horizontal,teddy bear,person,False,False,stability_law,False,True, False.,HuggingFaceTB/SmolVLM2-2.2B-Instruct,,2B_zero_shot,,,,7f29cebb9d06eca06ad0d6c690e4d5a083b71a9c42008f88e92474e3ff0eb98a,eb4075c77285da02c52794154760fa969fb21ab3dcceb0820cb7d2ba27d27471,http://images.cocodataset.org/train2017/000000451680.jpg,http://images.cocodataset.org/train2017/000000451680.jpg,,http://images.cocodataset.org/train2017/000000451680.jpg,sorev,tier_b_v0.1,"{""axis"": ""semantic"", ""law"": ""stability_law"", ""note"": ""symmetric relation; subject/object reversal keeps truth"", ""relation"": ""at the side of"", ""transform"": ""sorev""}",,"{""do_sample"": false, ""max_new_tokens"": 5}",tier_b_r1_2b_full,5cc3a4f64f0d09e02b3a49ba7234826aa61d42c9,v0.1
vsr_test:0044,vsr_test:0044,test,sorev,semantic,The teddy bear is touching the chair,The chair is touching the teddy bear.,touching,topology_contact,chair,teddy bear,False,False,stability_law,False,True, False.,HuggingFaceTB/SmolVLM2-2.2B-Instruct,,2B_zero_shot,,,,7f29cebb9d06eca06ad0d6c690e4d5a083b71a9c42008f88e92474e3ff0eb98a,eb4075c77285da02c52794154760fa969fb21ab3dcceb0820cb7d2ba27d27471,http://images.cocodataset.org/train2017/000000364722.jpg,http://images.cocodataset.org/train2017/000000364722.jpg,,http://images.cocodataset.org/train2017/000000364722.jpg,sorev,tier_b_v0.1,"{""axis"": ""semantic"", ""law"": ""stability_law"", ""note"": ""symmetric relation; subject/object reversal keeps truth"", ""relation"": ""touching"", ""transform"": ""sorev""}",,"{""do_sample"": false, ""max_new_tokens"": 5}",tier_b_r1_2b_full,5cc3a4f64f0d09e02b3a49ba7234826aa61d42c9,v0.1
vsr_test:0045,vsr_test:0045,test,sorev,semantic,The oven is alongside the person,The person is alongside the oven.,alongside,horizontal,person,oven,True,True,stability_law,False,False, False.,HuggingFaceTB/SmolVLM2-2.2B-Instruct,,2B_zero_shot,,,,7f29cebb9d06eca06ad0d6c690e4d5a083b71a9c42008f88e92474e3ff0eb98a,eb4075c77285da02c52794154760fa969fb21ab3dcceb0820cb7d2ba27d27471,http://images.cocodataset.org/train2017/000000281111.jpg,http://images.cocodataset.org/train2017/000000281111.jpg,,http://images.cocodataset.org/train2017/000000281111.jpg,sorev,tier_b_v0.1,"{""axis"": ""semantic"", ""law"": ""stability_law"", ""note"": ""symmetric relation; subject/object reversal keeps truth"", ""relation"": ""alongside"", ""transform"": ""sorev""}",,"{""do_sample"": false, ""max_new_tokens"": 5}",tier_b_r1_2b_full,5cc3a4f64f0d09e02b3a49ba7234826aa61d42c9,v0.1
vsr_test:0046,vsr_test:0046,test,sorev,semantic,The car is near the fire hydrant,The fire hydrant is near the car.,near,proximity,fire hydrant,car,False,False,stability_law,False,True, False.,HuggingFaceTB/SmolVLM2-2.2B-Instruct,,2B_zero_shot,,,,7f29cebb9d06eca06ad0d6c690e4d5a083b71a9c42008f88e92474e3ff0eb98a,eb4075c77285da02c52794154760fa969fb21ab3dcceb0820cb7d2ba27d27471,http://images.cocodataset.org/train2017/000000035814.jpg,http://images.cocodataset.org/train2017/000000035814.jpg,,http://images.cocodataset.org/train2017/000000035814.jpg,sorev,tier_b_v0.1,"{""axis"": ""semantic"", ""law"": ""stability_law"", ""note"": ""symmetric relation; subject/object reversal keeps truth"", ""relation"": ""near"", ""transform"": ""sorev""}",,"{""do_sample"": false, ""max_new_tokens"": 5}",tier_b_r1_2b_full,5cc3a4f64f0d09e02b3a49ba7234826aa61d42c9,v0.1
vsr_test:0054,vsr_test:0054,test,sorev,semantic,The person is beside the bed,The bed is beside the person.,beside,horizontal,bed,person,True,True,stability_law,True,True, True.,HuggingFaceTB/SmolVLM2-2.2B-Instruct,,2B_zero_shot,,,,7f29cebb9d06eca06ad0d6c690e4d5a083b71a9c42008f88e92474e3ff0eb98a,eb4075c77285da02c52794154760fa969fb21ab3dcceb0820cb7d2ba27d27471,http://images.cocodataset.org/train2017/000000160890.jpg,http://images.cocodataset.org/train2017/000000160890.jpg,,http://images.cocodataset.org/train2017/000000160890.jpg,sorev,tier_b_v0.1,"{""axis"": ""semantic"", ""law"": ""stability_law"", ""note"": ""symmetric relation; subject/object reversal keeps truth"", ""relation"": ""beside"", ""transform"": ""sorev""}",,"{""do_sample"": false, ""max_new_tokens"": 5}",tier_b_r1_2b_full,5cc3a4f64f0d09e02b3a49ba7234826aa61d42c9,v0.1
vsr_test:0055,vsr_test:0055,test,sorev,semantic,The stop sign is far away from the car,The car is far away from the stop sign.,far away from,proximity,car,stop sign,True,True,stability_law,False,False, False.,HuggingFaceTB/SmolVLM2-2.2B-Instruct,,2B_zero_shot,,,,7f29cebb9d06eca06ad0d6c690e4d5a083b71a9c42008f88e92474e3ff0eb98a,eb4075c77285da02c52794154760fa969fb21ab3dcceb0820cb7d2ba27d27471,http://images.cocodataset.org/val2017/000000283038.jpg,http://images.cocodataset.org/val2017/000000283038.jpg,,http://images.cocodataset.org/val2017/000000283038.jpg,sorev,tier_b_v0.1,"{""axis"": ""semantic"", ""law"": ""stability_law"", ""note"": ""symmetric relation; subject/object reversal keeps truth"", ""relation"": ""far away from"", ""transform"": ""sorev""}",,"{""do_sample"": false, ""max_new_tokens"": 5}",tier_b_r1_2b_full,5cc3a4f64f0d09e02b3a49ba7234826aa61d42c9,v0.1
vsr_test:0060,vsr_test:0060,test,sorev,semantic,The cat is far from the suitcase,The suitcase is far from the cat.,far from,proximity,suitcase,cat,False,False,stability_law,False,True, False.,HuggingFaceTB/SmolVLM2-2.2B-Instruct,,2B_zero_shot,,,,7f29cebb9d06eca06ad0d6c690e4d5a083b71a9c42008f88e92474e3ff0eb98a,eb4075c77285da02c52794154760fa969fb21ab3dcceb0820cb7d2ba27d27471,http://images.cocodataset.org/train2017/000000067307.jpg,http://images.cocodataset.org/train2017/000000067307.jpg,,http://images.cocodataset.org/train2017/000000067307.jpg,sorev,tier_b_v0.1,"{""axis"": ""semantic"", ""law"": ""stability_law"", ""note"": ""symmetric relation; subject/object reversal keeps truth"", ""relation"": ""far from"", ""transform"": ""sorev""}",,"{""do_sample"": false, ""max_new_tokens"": 5}",tier_b_r1_2b_full,5cc3a4f64f0d09e02b3a49ba7234826aa61d42c9,v0.1
vsr_test:0063,vsr_test:0063,test,sorev,semantic,The dining table is touching the bench,The bench is touching the dining table.,touching,topology_contact,bench,dining table,False,False,stability_law,False,True, False.,HuggingFaceTB/SmolVLM2-2.2B-Instruct,,2B_zero_shot,,,,7f29cebb9d06eca06ad0d6c690e4d5a083b71a9c42008f88e92474e3ff0eb98a,eb4075c77285da02c52794154760fa969fb21ab3dcceb0820cb7d2ba27d27471,http://images.cocodataset.org/train2017/000000462023.jpg,http://images.cocodataset.org/train2017/000000462023.jpg,,http://images.cocodataset.org/train2017/000000462023.jpg,sorev,tier_b_v0.1,"{""axis"": ""semantic"", ""law"": ""stability_law"", ""note"": ""symmetric relation; subject/object reversal keeps truth"", ""relation"": ""touching"", ""transform"": ""sorev""}",,"{""do_sample"": false, ""max_new_tokens"": 5}",tier_b_r1_2b_full,5cc3a4f64f0d09e02b3a49ba7234826aa61d42c9,v0.1
vsr_test:0066,vsr_test:0066,test,sorev,semantic,The pizza is touching the person,The person is touching the pizza.,touching,topology_contact,person,pizza,False,False,stability_law,False,True, False.,HuggingFaceTB/SmolVLM2-2.2B-Instruct,,2B_zero_shot,,,,7f29cebb9d06eca06ad0d6c690e4d5a083b71a9c42008f88e92474e3ff0eb98a,eb4075c77285da02c52794154760fa969fb21ab3dcceb0820cb7d2ba27d27471,http://images.cocodataset.org/train2017/000000144641.jpg,http://images.cocodataset.org/train2017/000000144641.jpg,,http://images.cocodataset.org/train2017/000000144641.jpg,sorev,tier_b_v0.1,"{""axis"": ""semantic"", ""law"": ""stability_law"", ""note"": ""symmetric relation; subject/object reversal keeps truth"", ""relation"": ""touching"", ""transform"": ""sorev""}",,"{""do_sample"": false, ""max_new_tokens"": 5}",tier_b_r1_2b_full,5cc3a4f64f0d09e02b3a49ba7234826aa61d42c9,v0.1
vsr_test:0070,vsr_test:0070,test,sorev,semantic,The hot dog is touching the person,The person is touching the hot dog.,touching,topology_contact,person,hot dog,True,True,stability_law,True,True, True.,HuggingFaceTB/SmolVLM2-2.2B-Instruct,,2B_zero_shot,,,,7f29cebb9d06eca06ad0d6c690e4d5a083b71a9c42008f88e92474e3ff0eb98a,eb4075c77285da02c52794154760fa969fb21ab3dcceb0820cb7d2ba27d27471,http://images.cocodataset.org/train2017/000000325473.jpg,http://images.cocodataset.org/train2017/000000325473.jpg,,http://images.cocodataset.org/train2017/000000325473.jpg,sorev,tier_b_v0.1,"{""axis"": ""semantic"", ""law"": ""stability_law"", ""note"": ""symmetric relation; subject/object reversal keeps truth"", ""relation"": ""touching"", ""transform"": ""sorev""}",,"{""do_sample"": false, ""max_new_tokens"": 5}",tier_b_r1_2b_full,5cc3a4f64f0d09e02b3a49ba7234826aa61d42c9,v0.1
vsr_test:0071,vsr_test:0071,test,sorev,semantic,The bowl is beside the broccoli,The broccoli is beside the bowl.,beside,horizontal,broccoli,bowl,False,False,stability_law,False,True, False.,HuggingFaceTB/SmolVLM2-2.2B-Instruct,,2B_zero_shot,,,,7f29cebb9d06eca06ad0d6c690e4d5a083b71a9c42008f88e92474e3ff0eb98a,eb4075c77285da02c52794154760fa969fb21ab3dcceb0820cb7d2ba27d27471,http://images.cocodataset.org/train2017/000000355881.jpg,http://images.cocodataset.org/train2017/000000355881.jpg,,http://images.cocodataset.org/train2017/000000355881.jpg,sorev,tier_b_v0.1,"{""axis"": ""semantic"", ""law"": ""stability_law"", ""note"": ""symmetric relation; subject/object reversal keeps truth"", ""relation"": ""beside"", ""transform"": ""sorev""}",,"{""do_sample"": false, ""max_new_tokens"": 5}",tier_b_r1_2b_full,5cc3a4f64f0d09e02b3a49ba7234826aa61d42c9,v0.1
vsr_test:0072,vsr_test:0072,test,sorev,semantic,The cat is touching the dog,The dog is touching the cat.,touching,topology_contact,dog,cat,True,True,stability_law,True,True, True.,HuggingFaceTB/SmolVLM2-2.2B-Instruct,,2B_zero_shot,,,,7f29cebb9d06eca06ad0d6c690e4d5a083b71a9c42008f88e92474e3ff0eb98a,eb4075c77285da02c52794154760fa969fb21ab3dcceb0820cb7d2ba27d27471,http://images.cocodataset.org/train2017/000000456376.jpg,http://images.cocodataset.org/train2017/000000456376.jpg,,http://images.cocodataset.org/train2017/000000456376.jpg,sorev,tier_b_v0.1,"{""axis"": ""semantic"", ""law"": ""stability_law"", ""note"": ""symmetric relation; subject/object reversal keeps truth"", ""relation"": ""touching"", ""transform"": ""sorev""}",,"{""do_sample"": false, ""max_new_tokens"": 5}",tier_b_r1_2b_full,5cc3a4f64f0d09e02b3a49ba7234826aa61d42c9,v0.1
vsr_test:0074,vsr_test:0074,test,sorev,semantic,The person is attached to the handbag,The handbag is attached to the person.,attached to,topology_contact,handbag,person,False,False,stability_law,False,True, False.,HuggingFaceTB/SmolVLM2-2.2B-Instruct,,2B_zero_shot,,,,7f29cebb9d06eca06ad0d6c690e4d5a083b71a9c42008f88e92474e3ff0eb98a,eb4075c77285da02c52794154760fa969fb21ab3dcceb0820cb7d2ba27d27471,http://images.cocodataset.org/train2017/000000398305.jpg,http://images.cocodataset.org/train2017/000000398305.jpg,,http://images.cocodataset.org/train2017/000000398305.jpg,sorev,tier_b_v0.1,"{""axis"": ""semantic"", ""law"": ""stability_law"", ""note"": ""symmetric relation; subject/object reversal keeps truth"", ""relation"": ""attached to"", ""transform"": ""sorev""}",,"{""do_sample"": false, ""max_new_tokens"": 5}",tier_b_r1_2b_full,5cc3a4f64f0d09e02b3a49ba7234826aa61d42c9,v0.1
vsr_test:0077,vsr_test:0077,test,sorev,semantic,The sink is beside the handbag,The handbag is beside the sink.,beside,horizontal,handbag,sink,True,True,stability_law,True,True, True.,HuggingFaceTB/SmolVLM2-2.2B-Instruct,,2B_zero_shot,,,,7f29cebb9d06eca06ad0d6c690e4d5a083b71a9c42008f88e92474e3ff0eb98a,eb4075c77285da02c52794154760fa969fb21ab3dcceb0820cb7d2ba27d27471,http://images.cocodataset.org/train2017/000000022656.jpg,http://images.cocodataset.org/train2017/000000022656.jpg,,http://images.cocodataset.org/train2017/000000022656.jpg,sorev,tier_b_v0.1,"{""axis"": ""semantic"", ""law"": ""stability_law"", ""note"": ""symmetric relation; subject/object reversal keeps truth"", ""relation"": ""beside"", ""transform"": ""sorev""}",,"{""do_sample"": false, ""max_new_tokens"": 5}",tier_b_r1_2b_full,5cc3a4f64f0d09e02b3a49ba7234826aa61d42c9,v0.1
vsr_test:0078,vsr_test:0078,test,sorev,semantic,The teddy bear is far from the bench,The bench is far from the teddy bear.,far from,proximity,bench,teddy bear,True,True,stability_law,False,False, False.,HuggingFaceTB/SmolVLM2-2.2B-Instruct,,2B_zero_shot,,,,7f29cebb9d06eca06ad0d6c690e4d5a083b71a9c42008f88e92474e3ff0eb98a,eb4075c77285da02c52794154760fa969fb21ab3dcceb0820cb7d2ba27d27471,http://images.cocodataset.org/train2017/000000306749.jpg,http://images.cocodataset.org/train2017/000000306749.jpg,,http://images.cocodataset.org/train2017/000000306749.jpg,sorev,tier_b_v0.1,"{""axis"": ""semantic"", ""law"": ""stability_law"", ""note"": ""symmetric relation; subject/object reversal keeps truth"", ""relation"": ""far from"", ""transform"": ""sorev""}",,"{""do_sample"": false, ""max_new_tokens"": 5}",tier_b_r1_2b_full,5cc3a4f64f0d09e02b3a49ba7234826aa61d42c9,v0.1
vsr_test:0087,vsr_test:0087,test,sorev,semantic,The train is far away from the bus,The bus is far away from the train.,far away from,proximity,bus,train,False,False,stability_law,False,True, False.,HuggingFaceTB/SmolVLM2-2.2B-Instruct,,2B_zero_shot,,,,7f29cebb9d06eca06ad0d6c690e4d5a083b71a9c42008f88e92474e3ff0eb98a,eb4075c77285da02c52794154760fa969fb21ab3dcceb0820cb7d2ba27d27471,http://images.cocodataset.org/train2017/000000434867.jpg,http://images.cocodataset.org/train2017/000000434867.jpg,,http://images.cocodataset.org/train2017/000000434867.jpg,sorev,tier_b_v0.1,"{""axis"": ""semantic"", ""law"": ""stability_law"", ""note"": ""symmetric relation; subject/object reversal keeps truth"", ""relation"": ""far away from"", ""transform"": ""sorev""}",,"{""do_sample"": false, ""max_new_tokens"": 5}",tier_b_r1_2b_full,5cc3a4f64f0d09e02b3a49ba7234826aa61d42c9,v0.1
vsr_test:0090,vsr_test:0090,test,sorev,semantic,The dining table is touching the person,The person is touching the dining table.,touching,topology_contact,person,dining table,False,False,stability_law,False,True, False.,HuggingFaceTB/SmolVLM2-2.2B-Instruct,,2B_zero_shot,,,,7f29cebb9d06eca06ad0d6c690e4d5a083b71a9c42008f88e92474e3ff0eb98a,eb4075c77285da02c52794154760fa969fb21ab3dcceb0820cb7d2ba27d27471,http://images.cocodataset.org/train2017/000000243970.jpg,http://images.cocodataset.org/train2017/000000243970.jpg,,http://images.cocodataset.org/train2017/000000243970.jpg,sorev,tier_b_v0.1,"{""axis"": ""semantic"", ""law"": ""stability_law"", ""note"": ""symmetric relation; subject/object reversal keeps truth"", ""relation"": ""touching"", ""transform"": ""sorev""}",,"{""do_sample"": false, ""max_new_tokens"": 5}",tier_b_r1_2b_full,5cc3a4f64f0d09e02b3a49ba7234826aa61d42c9,v0.1
vsr_test:0096,vsr_test:0096,test,sorev,semantic,The bed is away from the backpack,The backpack is away from the bed.,away from,proximity,backpack,bed,False,False,stability_law,True,False, True.,HuggingFaceTB/SmolVLM2-2.2B-Instruct,,2B_zero_shot,,,,7f29cebb9d06eca06ad0d6c690e4d5a083b71a9c42008f88e92474e3ff0eb98a,eb4075c77285da02c52794154760fa969fb21ab3dcceb0820cb7d2ba27d27471,http://images.cocodataset.org/train2017/000000296696.jpg,http://images.cocodataset.org/train2017/000000296696.jpg,,http://images.cocodataset.org/train2017/000000296696.jpg,sorev,tier_b_v0.1,"{""axis"": ""semantic"", ""law"": ""stability_law"", ""note"": ""symmetric relation; subject/object reversal keeps truth"", ""relation"": ""away from"", ""transform"": ""sorev""}",,"{""do_sample"": false, ""max_new_tokens"": 5}",tier_b_r1_2b_full,5cc3a4f64f0d09e02b3a49ba7234826aa61d42c9,v0.1
vsr_test:0099,vsr_test:0099,test,sorev,semantic,The cat is beside the suitcase,The suitcase is beside the cat.,beside,horizontal,suitcase,cat,True,True,stability_law,False,False, False.,HuggingFaceTB/SmolVLM2-2.2B-Instruct,,2B_zero_shot,,,,7f29cebb9d06eca06ad0d6c690e4d5a083b71a9c42008f88e92474e3ff0eb98a,eb4075c77285da02c52794154760fa969fb21ab3dcceb0820cb7d2ba27d27471,http://images.cocodataset.org/train2017/000000468951.jpg,http://images.cocodataset.org/train2017/000000468951.jpg,,http://images.cocodataset.org/train2017/000000468951.jpg,sorev,tier_b_v0.1,"{""axis"": ""semantic"", ""law"": ""stability_law"", ""note"": ""symmetric relation; subject/object reversal keeps truth"", ""relation"": ""beside"", ""transform"": ""sorev""}",,"{""do_sample"": false, ""max_new_tokens"": 5}",tier_b_r1_2b_full,5cc3a4f64f0d09e02b3a49ba7234826aa61d42c9,v0.1
vsr_test:0100,vsr_test:0100,test,sorev,semantic,The cat is beside the book,The book is beside the cat.,beside,horizontal,book,cat,True,True,stability_law,True,True, True.,HuggingFaceTB/SmolVLM2-2.2B-Instruct,,2B_zero_shot,,,,7f29cebb9d06eca06ad0d6c690e4d5a083b71a9c42008f88e92474e3ff0eb98a,eb4075c77285da02c52794154760fa969fb21ab3dcceb0820cb7d2ba27d27471,http://images.cocodataset.org/train2017/000000403231.jpg,http://images.cocodataset.org/train2017/000000403231.jpg,,http://images.cocodataset.org/train2017/000000403231.jpg,sorev,tier_b_v0.1,"{""axis"": ""semantic"", ""law"": ""stability_law"", ""note"": ""symmetric relation; subject/object reversal keeps truth"", ""relation"": ""beside"", ""transform"": ""sorev""}",,"{""do_sample"": false, ""max_new_tokens"": 5}",tier_b_r1_2b_full,5cc3a4f64f0d09e02b3a49ba7234826aa61d42c9,v0.1
vsr_test:0103,vsr_test:0103,test,sorev,semantic,The dog is near the couch,The couch is near the dog.,near,proximity,couch,dog,True,True,stability_law,True,True, True.,HuggingFaceTB/SmolVLM2-2.2B-Instruct,,2B_zero_shot,,,,7f29cebb9d06eca06ad0d6c690e4d5a083b71a9c42008f88e92474e3ff0eb98a,eb4075c77285da02c52794154760fa969fb21ab3dcceb0820cb7d2ba27d27471,http://images.cocodataset.org/train2017/000000286480.jpg,http://images.cocodataset.org/train2017/000000286480.jpg,,http://images.cocodataset.org/train2017/000000286480.jpg,sorev,tier_b_v0.1,"{""axis"": ""semantic"", ""law"": ""stability_law"", ""note"": ""symmetric relation; subject/object reversal keeps truth"", ""relation"": ""near"", ""transform"": ""sorev""}",,"{""do_sample"": false, ""max_new_tokens"": 5}",tier_b_r1_2b_full,5cc3a4f64f0d09e02b3a49ba7234826aa61d42c9,v0.1
vsr_test:0113,vsr_test:0113,test,sorev,semantic,The cat is touching the person,The person is touching the cat.,touching,topology_contact,person,cat,True,True,stability_law,False,False, False.,HuggingFaceTB/SmolVLM2-2.2B-Instruct,,2B_zero_shot,,,,7f29cebb9d06eca06ad0d6c690e4d5a083b71a9c42008f88e92474e3ff0eb98a,eb4075c77285da02c52794154760fa969fb21ab3dcceb0820cb7d2ba27d27471,http://images.cocodataset.org/train2017/000000101348.jpg,http://images.cocodataset.org/train2017/000000101348.jpg,,http://images.cocodataset.org/train2017/000000101348.jpg,sorev,tier_b_v0.1,"{""axis"": ""semantic"", ""law"": ""stability_law"", ""note"": ""symmetric relation; subject/object reversal keeps truth"", ""relation"": ""touching"", ""transform"": ""sorev""}",,"{""do_sample"": false, ""max_new_tokens"": 5}",tier_b_r1_2b_full,5cc3a4f64f0d09e02b3a49ba7234826aa61d42c9,v0.1
vsr_test:0116,vsr_test:0116,test,sorev,semantic,The teddy bear is touching the person,The person is touching the teddy bear.,touching,topology_contact,person,teddy bear,True,True,stability_law,True,True, True.,HuggingFaceTB/SmolVLM2-2.2B-Instruct,,2B_zero_shot,,,,7f29cebb9d06eca06ad0d6c690e4d5a083b71a9c42008f88e92474e3ff0eb98a,eb4075c77285da02c52794154760fa969fb21ab3dcceb0820cb7d2ba27d27471,http://images.cocodataset.org/train2017/000000387358.jpg,http://images.cocodataset.org/train2017/000000387358.jpg,,http://images.cocodataset.org/train2017/000000387358.jpg,sorev,tier_b_v0.1,"{""axis"": ""semantic"", ""law"": ""stability_law"", ""note"": ""symmetric relation; subject/object reversal keeps truth"", ""relation"": ""touching"", ""transform"": ""sorev""}",,"{""do_sample"": false, ""max_new_tokens"": 5}",tier_b_r1_2b_full,5cc3a4f64f0d09e02b3a49ba7234826aa61d42c9,v0.1
vsr_test:0120,vsr_test:0120,test,sorev,semantic,The laptop is alongside the cake,The cake is alongside the laptop.,alongside,horizontal,cake,laptop,True,True,stability_law,True,True, True.,HuggingFaceTB/SmolVLM2-2.2B-Instruct,,2B_zero_shot,,,,7f29cebb9d06eca06ad0d6c690e4d5a083b71a9c42008f88e92474e3ff0eb98a,eb4075c77285da02c52794154760fa969fb21ab3dcceb0820cb7d2ba27d27471,http://images.cocodataset.org/train2017/000000518592.jpg,http://images.cocodataset.org/train2017/000000518592.jpg,,http://images.cocodataset.org/train2017/000000518592.jpg,sorev,tier_b_v0.1,"{""axis"": ""semantic"", ""law"": ""stability_law"", ""note"": ""symmetric relation; subject/object reversal keeps truth"", ""relation"": ""alongside"", ""transform"": ""sorev""}",,"{""do_sample"": false, ""max_new_tokens"": 5}",tier_b_r1_2b_full,5cc3a4f64f0d09e02b3a49ba7234826aa61d42c9,v0.1
vsr_test:0121,vsr_test:0121,test,sorev,semantic,The cat is touching the bed,The bed is touching the cat.,touching,topology_contact,bed,cat,True,True,stability_law,True,True, True.,HuggingFaceTB/SmolVLM2-2.2B-Instruct,,2B_zero_shot,,,,7f29cebb9d06eca06ad0d6c690e4d5a083b71a9c42008f88e92474e3ff0eb98a,eb4075c77285da02c52794154760fa969fb21ab3dcceb0820cb7d2ba27d27471,http://images.cocodataset.org/train2017/000000067995.jpg,http://images.cocodataset.org/train2017/000000067995.jpg,,http://images.cocodataset.org/train2017/000000067995.jpg,sorev,tier_b_v0.1,"{""axis"": ""semantic"", ""law"": ""stability_law"", ""note"": ""symmetric relation; subject/object reversal keeps truth"", ""relation"": ""touching"", ""transform"": ""sorev""}",,"{""do_sample"": false, ""max_new_tokens"": 5}",tier_b_r1_2b_full,5cc3a4f64f0d09e02b3a49ba7234826aa61d42c9,v0.1
vsr_test:0122,vsr_test:0122,test,sorev,semantic,The boat is across from the tv,The tv is across from the boat.,across from,horizontal,tv,boat,True,True,stability_law,False,False, False.,HuggingFaceTB/SmolVLM2-2.2B-Instruct,,2B_zero_shot,,,,7f29cebb9d06eca06ad0d6c690e4d5a083b71a9c42008f88e92474e3ff0eb98a,eb4075c77285da02c52794154760fa969fb21ab3dcceb0820cb7d2ba27d27471,http://images.cocodataset.org/train2017/000000024215.jpg,http://images.cocodataset.org/train2017/000000024215.jpg,,http://images.cocodataset.org/train2017/000000024215.jpg,sorev,tier_b_v0.1,"{""axis"": ""semantic"", ""law"": ""stability_law"", ""note"": ""symmetric relation; subject/object reversal keeps truth"", ""relation"": ""across from"", ""transform"": ""sorev""}",,"{""do_sample"": false, ""max_new_tokens"": 5}",tier_b_r1_2b_full,5cc3a4f64f0d09e02b3a49ba7234826aa61d42c9,v0.1
vsr_test:0127,vsr_test:0127,test,sorev,semantic,The tv is close to the cat,The cat is close to the tv.,close to,proximity,cat,tv,False,False,stability_law,False,True, False.,HuggingFaceTB/SmolVLM2-2.2B-Instruct,,2B_zero_shot,,,,7f29cebb9d06eca06ad0d6c690e4d5a083b71a9c42008f88e92474e3ff0eb98a,eb4075c77285da02c52794154760fa969fb21ab3dcceb0820cb7d2ba27d27471,http://images.cocodataset.org/train2017/000000004622.jpg,http://images.cocodataset.org/train2017/000000004622.jpg,,http://images.cocodataset.org/train2017/000000004622.jpg,sorev,tier_b_v0.1,"{""axis"": ""semantic"", ""law"": ""stability_law"", ""note"": ""symmetric relation; subject/object reversal keeps truth"", ""relation"": ""close to"", ""transform"": ""sorev""}",,"{""do_sample"": false, ""max_new_tokens"": 5}",tier_b_r1_2b_full,5cc3a4f64f0d09e02b3a49ba7234826aa61d42c9,v0.1
vsr_test:0132,vsr_test:0132,test,sorev,semantic,The couch is against the person,The person is against the couch.,against,topology_contact,person,couch,True,True,stability_law,True,True, True.,HuggingFaceTB/SmolVLM2-2.2B-Instruct,,2B_zero_shot,,,,7f29cebb9d06eca06ad0d6c690e4d5a083b71a9c42008f88e92474e3ff0eb98a,eb4075c77285da02c52794154760fa969fb21ab3dcceb0820cb7d2ba27d27471,http://images.cocodataset.org/train2017/000000465143.jpg,http://images.cocodataset.org/train2017/000000465143.jpg,,http://images.cocodataset.org/train2017/000000465143.jpg,sorev,tier_b_v0.1,"{""axis"": ""semantic"", ""law"": ""stability_law"", ""note"": ""symmetric relation; subject/object reversal keeps truth"", ""relation"": ""against"", ""transform"": ""sorev""}",,"{""do_sample"": false, ""max_new_tokens"": 5}",tier_b_r1_2b_full,5cc3a4f64f0d09e02b3a49ba7234826aa61d42c9,v0.1
vsr_test:0133,vsr_test:0133,test,sorev,semantic,The bird is touching the chair,The chair is touching the bird.,touching,topology_contact,chair,bird,False,False,stability_law,False,True, False.,HuggingFaceTB/SmolVLM2-2.2B-Instruct,,2B_zero_shot,,,,7f29cebb9d06eca06ad0d6c690e4d5a083b71a9c42008f88e92474e3ff0eb98a,eb4075c77285da02c52794154760fa969fb21ab3dcceb0820cb7d2ba27d27471,http://images.cocodataset.org/train2017/000000430238.jpg,http://images.cocodataset.org/train2017/000000430238.jpg,,http://images.cocodataset.org/train2017/000000430238.jpg,sorev,tier_b_v0.1,"{""axis"": ""semantic"", ""law"": ""stability_law"", ""note"": ""symmetric relation; subject/object reversal keeps truth"", ""relation"": ""touching"", ""transform"": ""sorev""}",,"{""do_sample"": false, ""max_new_tokens"": 5}",tier_b_r1_2b_full,5cc3a4f64f0d09e02b3a49ba7234826aa61d42c9,v0.1
vsr_test:0136,vsr_test:0136,test,sorev,semantic,The bench is far away from the hot dog,The hot dog is far away from the bench.,far away from,proximity,hot dog,bench,False,False,stability_law,False,True, False.,HuggingFaceTB/SmolVLM2-2.2B-Instruct,,2B_zero_shot,,,,7f29cebb9d06eca06ad0d6c690e4d5a083b71a9c42008f88e92474e3ff0eb98a,eb4075c77285da02c52794154760fa969fb21ab3dcceb0820cb7d2ba27d27471,http://images.cocodataset.org/train2017/000000292661.jpg,http://images.cocodataset.org/train2017/000000292661.jpg,,http://images.cocodataset.org/train2017/000000292661.jpg,sorev,tier_b_v0.1,"{""axis"": ""semantic"", ""law"": ""stability_law"", ""note"": ""symmetric relation; subject/object reversal keeps truth"", ""relation"": ""far away from"", ""transform"": ""sorev""}",,"{""do_sample"": false, ""max_new_tokens"": 5}",tier_b_r1_2b_full,5cc3a4f64f0d09e02b3a49ba7234826aa61d42c9,v0.1
vsr_test:0137,vsr_test:0137,test,sorev,semantic,The refrigerator is touching the person,The person is touching the refrigerator.,touching,topology_contact,person,refrigerator,False,False,stability_law,False,True, False.,HuggingFaceTB/SmolVLM2-2.2B-Instruct,,2B_zero_shot,,,,7f29cebb9d06eca06ad0d6c690e4d5a083b71a9c42008f88e92474e3ff0eb98a,eb4075c77285da02c52794154760fa969fb21ab3dcceb0820cb7d2ba27d27471,http://images.cocodataset.org/train2017/000000518321.jpg,http://images.cocodataset.org/train2017/000000518321.jpg,,http://images.cocodataset.org/train2017/000000518321.jpg,sorev,tier_b_v0.1,"{""axis"": ""semantic"", ""law"": ""stability_law"", ""note"": ""symmetric relation; subject/object reversal keeps truth"", ""relation"": ""touching"", ""transform"": ""sorev""}",,"{""do_sample"": false, ""max_new_tokens"": 5}",tier_b_r1_2b_full,5cc3a4f64f0d09e02b3a49ba7234826aa61d42c9,v0.1
vsr_test:0147,vsr_test:0147,test,sorev,semantic,The refrigerator is touching the person,The person is touching the refrigerator.,touching,topology_contact,person,refrigerator,False,False,stability_law,False,True, False.,HuggingFaceTB/SmolVLM2-2.2B-Instruct,,2B_zero_shot,,,,7f29cebb9d06eca06ad0d6c690e4d5a083b71a9c42008f88e92474e3ff0eb98a,eb4075c77285da02c52794154760fa969fb21ab3dcceb0820cb7d2ba27d27471,http://images.cocodataset.org/train2017/000000407617.jpg,http://images.cocodataset.org/train2017/000000407617.jpg,,http://images.cocodataset.org/train2017/000000407617.jpg,sorev,tier_b_v0.1,"{""axis"": ""semantic"", ""law"": ""stability_law"", ""note"": ""symmetric relation; subject/object reversal keeps truth"", ""relation"": ""touching"", ""transform"": ""sorev""}",,"{""do_sample"": false, ""max_new_tokens"": 5}",tier_b_r1_2b_full,5cc3a4f64f0d09e02b3a49ba7234826aa61d42c9,v0.1
vsr_test:0149,vsr_test:0149,test,sorev,semantic,The person is touching the sandwich,The sandwich is touching the person.,touching,topology_contact,sandwich,person,True,True,stability_law,True,True, True.,HuggingFaceTB/SmolVLM2-2.2B-Instruct,,2B_zero_shot,,,,7f29cebb9d06eca06ad0d6c690e4d5a083b71a9c42008f88e92474e3ff0eb98a,eb4075c77285da02c52794154760fa969fb21ab3dcceb0820cb7d2ba27d27471,http://images.cocodataset.org/train2017/000000492164.jpg,http://images.cocodataset.org/train2017/000000492164.jpg,,http://images.cocodataset.org/train2017/000000492164.jpg,sorev,tier_b_v0.1,"{""axis"": ""semantic"", ""law"": ""stability_law"", ""note"": ""symmetric relation; subject/object reversal keeps truth"", ""relation"": ""touching"", ""transform"": ""sorev""}",,"{""do_sample"": false, ""max_new_tokens"": 5}",tier_b_r1_2b_full,5cc3a4f64f0d09e02b3a49ba7234826aa61d42c9,v0.1
vsr_test:0158,vsr_test:0158,test,sorev,semantic,The truck is far away from the cow,The cow is far away from the truck.,far away from,proximity,cow,truck,True,True,stability_law,True,True, True.,HuggingFaceTB/SmolVLM2-2.2B-Instruct,,2B_zero_shot,,,,7f29cebb9d06eca06ad0d6c690e4d5a083b71a9c42008f88e92474e3ff0eb98a,eb4075c77285da02c52794154760fa969fb21ab3dcceb0820cb7d2ba27d27471,http://images.cocodataset.org/train2017/000000484341.jpg,http://images.cocodataset.org/train2017/000000484341.jpg,,http://images.cocodataset.org/train2017/000000484341.jpg,sorev,tier_b_v0.1,"{""axis"": ""semantic"", ""law"": ""stability_law"", ""note"": ""symmetric relation; subject/object reversal keeps truth"", ""relation"": ""far away from"", ""transform"": ""sorev""}",,"{""do_sample"": false, ""max_new_tokens"": 5}",tier_b_r1_2b_full,5cc3a4f64f0d09e02b3a49ba7234826aa61d42c9,v0.1
vsr_test:0159,vsr_test:0159,test,sorev,semantic,The wine glass is next to the teddy bear,The teddy bear is next to the wine glass.,next to,horizontal,teddy bear,wine glass,False,False,stability_law,False,True, False.,HuggingFaceTB/SmolVLM2-2.2B-Instruct,,2B_zero_shot,,,,7f29cebb9d06eca06ad0d6c690e4d5a083b71a9c42008f88e92474e3ff0eb98a,eb4075c77285da02c52794154760fa969fb21ab3dcceb0820cb7d2ba27d27471,http://images.cocodataset.org/train2017/000000439117.jpg,http://images.cocodataset.org/train2017/000000439117.jpg,,http://images.cocodataset.org/train2017/000000439117.jpg,sorev,tier_b_v0.1,"{""axis"": ""semantic"", ""law"": ""stability_law"", ""note"": ""symmetric relation; subject/object reversal keeps truth"", ""relation"": ""next to"", ""transform"": ""sorev""}",,"{""do_sample"": false, ""max_new_tokens"": 5}",tier_b_r1_2b_full,5cc3a4f64f0d09e02b3a49ba7234826aa61d42c9,v0.1
vsr_test:0163,vsr_test:0163,test,sorev,semantic,The bench is far away from the hot dog,The hot dog is far away from the bench.,far away from,proximity,hot dog,bench,False,False,stability_law,False,True, False.,HuggingFaceTB/SmolVLM2-2.2B-Instruct,,2B_zero_shot,,,,7f29cebb9d06eca06ad0d6c690e4d5a083b71a9c42008f88e92474e3ff0eb98a,eb4075c77285da02c52794154760fa969fb21ab3dcceb0820cb7d2ba27d27471,http://images.cocodataset.org/train2017/000000330955.jpg,http://images.cocodataset.org/train2017/000000330955.jpg,,http://images.cocodataset.org/train2017/000000330955.jpg,sorev,tier_b_v0.1,"{""axis"": ""semantic"", ""law"": ""stability_law"", ""note"": ""symmetric relation; subject/object reversal keeps truth"", ""relation"": ""far away from"", ""transform"": ""sorev""}",,"{""do_sample"": false, ""max_new_tokens"": 5}",tier_b_r1_2b_full,5cc3a4f64f0d09e02b3a49ba7234826aa61d42c9,v0.1
vsr_test:0166,vsr_test:0166,test,sorev,semantic,The bench is beside the bed,The bed is beside the bench.,beside,horizontal,bed,bench,True,True,stability_law,True,True, True.,HuggingFaceTB/SmolVLM2-2.2B-Instruct,,2B_zero_shot,,,,7f29cebb9d06eca06ad0d6c690e4d5a083b71a9c42008f88e92474e3ff0eb98a,eb4075c77285da02c52794154760fa969fb21ab3dcceb0820cb7d2ba27d27471,http://images.cocodataset.org/train2017/000000268227.jpg,http://images.cocodataset.org/train2017/000000268227.jpg,,http://images.cocodataset.org/train2017/000000268227.jpg,sorev,tier_b_v0.1,"{""axis"": ""semantic"", ""law"": ""stability_law"", ""note"": ""symmetric relation; subject/object reversal keeps truth"", ""relation"": ""beside"", ""transform"": ""sorev""}",,"{""do_sample"": false, ""max_new_tokens"": 5}",tier_b_r1_2b_full,5cc3a4f64f0d09e02b3a49ba7234826aa61d42c9,v0.1
vsr_test:0167,vsr_test:0167,test,sorev,semantic,The suitcase is touching the person,The person is touching the suitcase.,touching,topology_contact,person,suitcase,False,False,stability_law,True,False, True.,HuggingFaceTB/SmolVLM2-2.2B-Instruct,,2B_zero_shot,,,,7f29cebb9d06eca06ad0d6c690e4d5a083b71a9c42008f88e92474e3ff0eb98a,eb4075c77285da02c52794154760fa969fb21ab3dcceb0820cb7d2ba27d27471,http://images.cocodataset.org/val2017/000000375278.jpg,http://images.cocodataset.org/val2017/000000375278.jpg,,http://images.cocodataset.org/val2017/000000375278.jpg,sorev,tier_b_v0.1,"{""axis"": ""semantic"", ""law"": ""stability_law"", ""note"": ""symmetric relation; subject/object reversal keeps truth"", ""relation"": ""touching"", ""transform"": ""sorev""}",,"{""do_sample"": false, ""max_new_tokens"": 5}",tier_b_r1_2b_full,5cc3a4f64f0d09e02b3a49ba7234826aa61d42c9,v0.1
vsr_test:0168,vsr_test:0168,test,sorev,semantic,The truck is connected to the surfboard,The surfboard is connected to the truck.,connected to,topology_contact,surfboard,truck,False,False,stability_law,False,True, False.,HuggingFaceTB/SmolVLM2-2.2B-Instruct,,2B_zero_shot,,,,7f29cebb9d06eca06ad0d6c690e4d5a083b71a9c42008f88e92474e3ff0eb98a,eb4075c77285da02c52794154760fa969fb21ab3dcceb0820cb7d2ba27d27471,http://images.cocodataset.org/train2017/000000083580.jpg,http://images.cocodataset.org/train2017/000000083580.jpg,,http://images.cocodataset.org/train2017/000000083580.jpg,sorev,tier_b_v0.1,"{""axis"": ""semantic"", ""law"": ""stability_law"", ""note"": ""symmetric relation; subject/object reversal keeps truth"", ""relation"": ""connected to"", ""transform"": ""sorev""}",,"{""do_sample"": false, ""max_new_tokens"": 5}",tier_b_r1_2b_full,5cc3a4f64f0d09e02b3a49ba7234826aa61d42c9,v0.1
vsr_test:0169,vsr_test:0169,test,sorev,semantic,The bench is at the side of the potted plant,The potted plant is at the side of the bench.,at the side of,horizontal,potted plant,bench,True,True,stability_law,False,False, False.,HuggingFaceTB/SmolVLM2-2.2B-Instruct,,2B_zero_shot,,,,7f29cebb9d06eca06ad0d6c690e4d5a083b71a9c42008f88e92474e3ff0eb98a,eb4075c77285da02c52794154760fa969fb21ab3dcceb0820cb7d2ba27d27471,http://images.cocodataset.org/train2017/000000139967.jpg,http://images.cocodataset.org/train2017/000000139967.jpg,,http://images.cocodataset.org/train2017/000000139967.jpg,sorev,tier_b_v0.1,"{""axis"": ""semantic"", ""law"": ""stability_law"", ""note"": ""symmetric relation; subject/object reversal keeps truth"", ""relation"": ""at the side of"", ""transform"": ""sorev""}",,"{""do_sample"": false, ""max_new_tokens"": 5}",tier_b_r1_2b_full,5cc3a4f64f0d09e02b3a49ba7234826aa61d42c9,v0.1
vsr_test:0172,vsr_test:0172,test,sorev,semantic,The apple is away from the cat,The cat is away from the apple.,away from,proximity,cat,apple,True,True,stability_law,True,True, True.,HuggingFaceTB/SmolVLM2-2.2B-Instruct,,2B_zero_shot,,,,7f29cebb9d06eca06ad0d6c690e4d5a083b71a9c42008f88e92474e3ff0eb98a,eb4075c77285da02c52794154760fa969fb21ab3dcceb0820cb7d2ba27d27471,http://images.cocodataset.org/train2017/000000389011.jpg,http://images.cocodataset.org/train2017/000000389011.jpg,,http://images.cocodataset.org/train2017/000000389011.jpg,sorev,tier_b_v0.1,"{""axis"": ""semantic"", ""law"": ""stability_law"", ""note"": ""symmetric relation; subject/object reversal keeps truth"", ""relation"": ""away from"", ""transform"": ""sorev""}",,"{""do_sample"": false, ""max_new_tokens"": 5}",tier_b_r1_2b_full,5cc3a4f64f0d09e02b3a49ba7234826aa61d42c9,v0.1
vsr_test:0173,vsr_test:0173,test,sorev,semantic,The keyboard is touching the cat,The cat is touching the keyboard.,touching,topology_contact,cat,keyboard,False,False,stability_law,False,True, False.,HuggingFaceTB/SmolVLM2-2.2B-Instruct,,2B_zero_shot,,,,7f29cebb9d06eca06ad0d6c690e4d5a083b71a9c42008f88e92474e3ff0eb98a,eb4075c77285da02c52794154760fa969fb21ab3dcceb0820cb7d2ba27d27471,http://images.cocodataset.org/train2017/000000407390.jpg,http://images.cocodataset.org/train2017/000000407390.jpg,,http://images.cocodataset.org/train2017/000000407390.jpg,sorev,tier_b_v0.1,"{""axis"": ""semantic"", ""law"": ""stability_law"", ""note"": ""symmetric relation; subject/object reversal keeps truth"", ""relation"": ""touching"", ""transform"": ""sorev""}",,"{""do_sample"": false, ""max_new_tokens"": 5}",tier_b_r1_2b_full,5cc3a4f64f0d09e02b3a49ba7234826aa61d42c9,v0.1
vsr_test:0175,vsr_test:0175,test,sorev,semantic,The cake is away from the person,The person is away from the cake.,away from,proximity,person,cake,True,True,stability_law,False,False, False.,HuggingFaceTB/SmolVLM2-2.2B-Instruct,,2B_zero_shot,,,,7f29cebb9d06eca06ad0d6c690e4d5a083b71a9c42008f88e92474e3ff0eb98a,eb4075c77285da02c52794154760fa969fb21ab3dcceb0820cb7d2ba27d27471,http://images.cocodataset.org/train2017/000000398153.jpg,http://images.cocodataset.org/train2017/000000398153.jpg,,http://images.cocodataset.org/train2017/000000398153.jpg,sorev,tier_b_v0.1,"{""axis"": ""semantic"", ""law"": ""stability_law"", ""note"": ""symmetric relation; subject/object reversal keeps truth"", ""relation"": ""away from"", ""transform"": ""sorev""}",,"{""do_sample"": false, ""max_new_tokens"": 5}",tier_b_r1_2b_full,5cc3a4f64f0d09e02b3a49ba7234826aa61d42c9,v0.1
vsr_test:0176,vsr_test:0176,test,sorev,semantic,The cat is touching the couch,The couch is touching the cat.,touching,topology_contact,couch,cat,True,True,stability_law,True,True, True.,HuggingFaceTB/SmolVLM2-2.2B-Instruct,,2B_zero_shot,,,,7f29cebb9d06eca06ad0d6c690e4d5a083b71a9c42008f88e92474e3ff0eb98a,eb4075c77285da02c52794154760fa969fb21ab3dcceb0820cb7d2ba27d27471,http://images.cocodataset.org/train2017/000000404754.jpg,http://images.cocodataset.org/train2017/000000404754.jpg,,http://images.cocodataset.org/train2017/000000404754.jpg,sorev,tier_b_v0.1,"{""axis"": ""semantic"", ""law"": ""stability_law"", ""note"": ""symmetric relation; subject/object reversal keeps truth"", ""relation"": ""touching"", ""transform"": ""sorev""}",,"{""do_sample"": false, ""max_new_tokens"": 5}",tier_b_r1_2b_full,5cc3a4f64f0d09e02b3a49ba7234826aa61d42c9,v0.1
vsr_test:0179,vsr_test:0179,test,sorev,semantic,The bed is touching the bicycle,The bicycle is touching the bed.,touching,topology_contact,bicycle,bed,True,True,stability_law,True,True, True.,HuggingFaceTB/SmolVLM2-2.2B-Instruct,,2B_zero_shot,,,,7f29cebb9d06eca06ad0d6c690e4d5a083b71a9c42008f88e92474e3ff0eb98a,eb4075c77285da02c52794154760fa969fb21ab3dcceb0820cb7d2ba27d27471,http://images.cocodataset.org/val2017/000000274687.jpg,http://images.cocodataset.org/val2017/000000274687.jpg,,http://images.cocodataset.org/val2017/000000274687.jpg,sorev,tier_b_v0.1,"{""axis"": ""semantic"", ""law"": ""stability_law"", ""note"": ""symmetric relation; subject/object reversal keeps truth"", ""relation"": ""touching"", ""transform"": ""sorev""}",,"{""do_sample"": false, ""max_new_tokens"": 5}",tier_b_r1_2b_full,5cc3a4f64f0d09e02b3a49ba7234826aa61d42c9,v0.1
vsr_test:0188,vsr_test:0188,test,sorev,semantic,The dining table is touching the person,The person is touching the dining table.,touching,topology_contact,person,dining table,True,True,stability_law,True,True, True.,HuggingFaceTB/SmolVLM2-2.2B-Instruct,,2B_zero_shot,,,,7f29cebb9d06eca06ad0d6c690e4d5a083b71a9c42008f88e92474e3ff0eb98a,eb4075c77285da02c52794154760fa969fb21ab3dcceb0820cb7d2ba27d27471,http://images.cocodataset.org/train2017/000000207475.jpg,http://images.cocodataset.org/train2017/000000207475.jpg,,http://images.cocodataset.org/train2017/000000207475.jpg,sorev,tier_b_v0.1,"{""axis"": ""semantic"", ""law"": ""stability_law"", ""note"": ""symmetric relation; subject/object reversal keeps truth"", ""relation"": ""touching"", ""transform"": ""sorev""}",,"{""do_sample"": false, ""max_new_tokens"": 5}",tier_b_r1_2b_full,5cc3a4f64f0d09e02b3a49ba7234826aa61d42c9,v0.1
vsr_test:0192,vsr_test:0192,test,sorev,semantic,The couch is adjacent to the bed,The bed is adjacent to the couch.,adjacent to,other,bed,couch,False,False,stability_law,False,True, False.,HuggingFaceTB/SmolVLM2-2.2B-Instruct,,2B_zero_shot,,,,7f29cebb9d06eca06ad0d6c690e4d5a083b71a9c42008f88e92474e3ff0eb98a,eb4075c77285da02c52794154760fa969fb21ab3dcceb0820cb7d2ba27d27471,http://images.cocodataset.org/train2017/000000221515.jpg,http://images.cocodataset.org/train2017/000000221515.jpg,,http://images.cocodataset.org/train2017/000000221515.jpg,sorev,tier_b_v0.1,"{""axis"": ""semantic"", ""law"": ""stability_law"", ""note"": ""symmetric relation; subject/object reversal keeps truth"", ""relation"": ""adjacent to"", ""transform"": ""sorev""}",,"{""do_sample"": false, ""max_new_tokens"": 5}",tier_b_r1_2b_full,5cc3a4f64f0d09e02b3a49ba7234826aa61d42c9,v0.1
vsr_test:0193,vsr_test:0193,test,sorev,semantic,The book is next to the dog,The dog is next to the book.,next to,horizontal,dog,book,True,True,stability_law,True,True, True.,HuggingFaceTB/SmolVLM2-2.2B-Instruct,,2B_zero_shot,,,,7f29cebb9d06eca06ad0d6c690e4d5a083b71a9c42008f88e92474e3ff0eb98a,eb4075c77285da02c52794154760fa969fb21ab3dcceb0820cb7d2ba27d27471,http://images.cocodataset.org/train2017/000000183453.jpg,http://images.cocodataset.org/train2017/000000183453.jpg,,http://images.cocodataset.org/train2017/000000183453.jpg,sorev,tier_b_v0.1,"{""axis"": ""semantic"", ""law"": ""stability_law"", ""note"": ""symmetric relation; subject/object reversal keeps truth"", ""relation"": ""next to"", ""transform"": ""sorev""}",,"{""do_sample"": false, ""max_new_tokens"": 5}",tier_b_r1_2b_full,5cc3a4f64f0d09e02b3a49ba7234826aa61d42c9,v0.1
vsr_test:0197,vsr_test:0197,test,sorev,semantic,The cow is touching the person,The person is touching the cow.,touching,topology_contact,person,cow,False,False,stability_law,False,True, False.,HuggingFaceTB/SmolVLM2-2.2B-Instruct,,2B_zero_shot,,,,7f29cebb9d06eca06ad0d6c690e4d5a083b71a9c42008f88e92474e3ff0eb98a,eb4075c77285da02c52794154760fa969fb21ab3dcceb0820cb7d2ba27d27471,http://images.cocodataset.org/train2017/000000515186.jpg,http://images.cocodataset.org/train2017/000000515186.jpg,,http://images.cocodataset.org/train2017/000000515186.jpg,sorev,tier_b_v0.1,"{""axis"": ""semantic"", ""law"": ""stability_law"", ""note"": ""symmetric relation; subject/object reversal keeps truth"", ""relation"": ""touching"", ""transform"": ""sorev""}",,"{""do_sample"": false, ""max_new_tokens"": 5}",tier_b_r1_2b_full,5cc3a4f64f0d09e02b3a49ba7234826aa61d42c9,v0.1
vsr_test:0202,vsr_test:0202,test,sorev,semantic,The laptop is touching the bed,The bed is touching the laptop.,touching,topology_contact,bed,laptop,False,False,stability_law,True,False, True.,HuggingFaceTB/SmolVLM2-2.2B-Instruct,,2B_zero_shot,,,,7f29cebb9d06eca06ad0d6c690e4d5a083b71a9c42008f88e92474e3ff0eb98a,eb4075c77285da02c52794154760fa969fb21ab3dcceb0820cb7d2ba27d27471,http://images.cocodataset.org/train2017/000000522360.jpg,http://images.cocodataset.org/train2017/000000522360.jpg,,http://images.cocodataset.org/train2017/000000522360.jpg,sorev,tier_b_v0.1,"{""axis"": ""semantic"", ""law"": ""stability_law"", ""note"": ""symmetric relation; subject/object reversal keeps truth"", ""relation"": ""touching"", ""transform"": ""sorev""}",,"{""do_sample"": false, ""max_new_tokens"": 5}",tier_b_r1_2b_full,5cc3a4f64f0d09e02b3a49ba7234826aa61d42c9,v0.1
vsr_test:0208,vsr_test:0208,test,sorev,semantic,The dining table is touching the cat,The cat is touching the dining table.,touching,topology_contact,cat,dining table,False,False,stability_law,True,False, True.,HuggingFaceTB/SmolVLM2-2.2B-Instruct,,2B_zero_shot,,,,7f29cebb9d06eca06ad0d6c690e4d5a083b71a9c42008f88e92474e3ff0eb98a,eb4075c77285da02c52794154760fa969fb21ab3dcceb0820cb7d2ba27d27471,http://images.cocodataset.org/train2017/000000009735.jpg,http://images.cocodataset.org/train2017/000000009735.jpg,,http://images.cocodataset.org/train2017/000000009735.jpg,sorev,tier_b_v0.1,"{""axis"": ""semantic"", ""law"": ""stability_law"", ""note"": ""symmetric relation; subject/object reversal keeps truth"", ""relation"": ""touching"", ""transform"": ""sorev""}",,"{""do_sample"": false, ""max_new_tokens"": 5}",tier_b_r1_2b_full,5cc3a4f64f0d09e02b3a49ba7234826aa61d42c9,v0.1
vsr_test:0209,vsr_test:0209,test,sorev,semantic,The cake is far away from the car,The car is far away from the cake.,far away from,proximity,car,cake,True,True,stability_law,True,True, True.,HuggingFaceTB/SmolVLM2-2.2B-Instruct,,2B_zero_shot,,,,7f29cebb9d06eca06ad0d6c690e4d5a083b71a9c42008f88e92474e3ff0eb98a,eb4075c77285da02c52794154760fa969fb21ab3dcceb0820cb7d2ba27d27471,http://images.cocodataset.org/train2017/000000108303.jpg,http://images.cocodataset.org/train2017/000000108303.jpg,,http://images.cocodataset.org/train2017/000000108303.jpg,sorev,tier_b_v0.1,"{""axis"": ""semantic"", ""law"": ""stability_law"", ""note"": ""symmetric relation; subject/object reversal keeps truth"", ""relation"": ""far away from"", ""transform"": ""sorev""}",,"{""do_sample"": false, ""max_new_tokens"": 5}",tier_b_r1_2b_full,5cc3a4f64f0d09e02b3a49ba7234826aa61d42c9,v0.1
vsr_test:0218,vsr_test:0218,test,sorev,semantic,The bear is far from the person,The person is far from the bear.,far from,proximity,person,bear,True,True,stability_law,True,True, True.,HuggingFaceTB/SmolVLM2-2.2B-Instruct,,2B_zero_shot,,,,7f29cebb9d06eca06ad0d6c690e4d5a083b71a9c42008f88e92474e3ff0eb98a,eb4075c77285da02c52794154760fa969fb21ab3dcceb0820cb7d2ba27d27471,http://images.cocodataset.org/train2017/000000283942.jpg,http://images.cocodataset.org/train2017/000000283942.jpg,,http://images.cocodataset.org/train2017/000000283942.jpg,sorev,tier_b_v0.1,"{""axis"": ""semantic"", ""law"": ""stability_law"", ""note"": ""symmetric relation; subject/object reversal keeps truth"", ""relation"": ""far from"", ""transform"": ""sorev""}",,"{""do_sample"": false, ""max_new_tokens"": 5}",tier_b_r1_2b_full,5cc3a4f64f0d09e02b3a49ba7234826aa61d42c9,v0.1
vsr_test:0220,vsr_test:0220,test,sorev,semantic,The teddy bear is alongside the person,The person is alongside the teddy bear.,alongside,horizontal,person,teddy bear,True,True,stability_law,True,True, True.,HuggingFaceTB/SmolVLM2-2.2B-Instruct,,2B_zero_shot,,,,7f29cebb9d06eca06ad0d6c690e4d5a083b71a9c42008f88e92474e3ff0eb98a,eb4075c77285da02c52794154760fa969fb21ab3dcceb0820cb7d2ba27d27471,http://images.cocodataset.org/train2017/000000153892.jpg,http://images.cocodataset.org/train2017/000000153892.jpg,,http://images.cocodataset.org/train2017/000000153892.jpg,sorev,tier_b_v0.1,"{""axis"": ""semantic"", ""law"": ""stability_law"", ""note"": ""symmetric relation; subject/object reversal keeps truth"", ""relation"": ""alongside"", ""transform"": ""sorev""}",,"{""do_sample"": false, ""max_new_tokens"": 5}",tier_b_r1_2b_full,5cc3a4f64f0d09e02b3a49ba7234826aa61d42c9,v0.1
vsr_test:0224,vsr_test:0224,test,sorev,semantic,The pizza is touching the person,The person is touching the pizza.,touching,topology_contact,person,pizza,True,True,stability_law,True,True, True.,HuggingFaceTB/SmolVLM2-2.2B-Instruct,,2B_zero_shot,,,,7f29cebb9d06eca06ad0d6c690e4d5a083b71a9c42008f88e92474e3ff0eb98a,eb4075c77285da02c52794154760fa969fb21ab3dcceb0820cb7d2ba27d27471,http://images.cocodataset.org/train2017/000000102330.jpg,http://images.cocodataset.org/train2017/000000102330.jpg,,http://images.cocodataset.org/train2017/000000102330.jpg,sorev,tier_b_v0.1,"{""axis"": ""semantic"", ""law"": ""stability_law"", ""note"": ""symmetric relation; subject/object reversal keeps truth"", ""relation"": ""touching"", ""transform"": ""sorev""}",,"{""do_sample"": false, ""max_new_tokens"": 5}",tier_b_r1_2b_full,5cc3a4f64f0d09e02b3a49ba7234826aa61d42c9,v0.1
vsr_test:0225,vsr_test:0225,test,sorev,semantic,The sandwich is away from the person,The person is away from the sandwich.,away from,proximity,person,sandwich,False,False,stability_law,False,True, False.,HuggingFaceTB/SmolVLM2-2.2B-Instruct,,2B_zero_shot,,,,7f29cebb9d06eca06ad0d6c690e4d5a083b71a9c42008f88e92474e3ff0eb98a,eb4075c77285da02c52794154760fa969fb21ab3dcceb0820cb7d2ba27d27471,http://images.cocodataset.org/train2017/000000324513.jpg,http://images.cocodataset.org/train2017/000000324513.jpg,,http://images.cocodataset.org/train2017/000000324513.jpg,sorev,tier_b_v0.1,"{""axis"": ""semantic"", ""law"": ""stability_law"", ""note"": ""symmetric relation; subject/object reversal keeps truth"", ""relation"": ""away from"", ""transform"": ""sorev""}",,"{""do_sample"": false, ""max_new_tokens"": 5}",tier_b_r1_2b_full,5cc3a4f64f0d09e02b3a49ba7234826aa61d42c9,v0.1
vsr_test:0226,vsr_test:0226,test,sorev,semantic,The teddy bear is with the cat,The cat is with the teddy bear.,with,other,cat,teddy bear,False,False,stability_law,False,True, False.,HuggingFaceTB/SmolVLM2-2.2B-Instruct,,2B_zero_shot,,,,7f29cebb9d06eca06ad0d6c690e4d5a083b71a9c42008f88e92474e3ff0eb98a,eb4075c77285da02c52794154760fa969fb21ab3dcceb0820cb7d2ba27d27471,http://images.cocodataset.org/val2017/000000520531.jpg,http://images.cocodataset.org/val2017/000000520531.jpg,,http://images.cocodataset.org/val2017/000000520531.jpg,sorev,tier_b_v0.1,"{""axis"": ""semantic"", ""law"": ""stability_law"", ""note"": ""symmetric relation; subject/object reversal keeps truth"", ""relation"": ""with"", ""transform"": ""sorev""}",,"{""do_sample"": false, ""max_new_tokens"": 5}",tier_b_r1_2b_full,5cc3a4f64f0d09e02b3a49ba7234826aa61d42c9,v0.1
vsr_test:0228,vsr_test:0228,test,sorev,semantic,The banana is touching the cat,The cat is touching the banana.,touching,topology_contact,cat,banana,True,True,stability_law,True,True, True.,HuggingFaceTB/SmolVLM2-2.2B-Instruct,,2B_zero_shot,,,,7f29cebb9d06eca06ad0d6c690e4d5a083b71a9c42008f88e92474e3ff0eb98a,eb4075c77285da02c52794154760fa969fb21ab3dcceb0820cb7d2ba27d27471,http://images.cocodataset.org/train2017/000000066413.jpg,http://images.cocodataset.org/train2017/000000066413.jpg,,http://images.cocodataset.org/train2017/000000066413.jpg,sorev,tier_b_v0.1,"{""axis"": ""semantic"", ""law"": ""stability_law"", ""note"": ""symmetric relation; subject/object reversal keeps truth"", ""relation"": ""touching"", ""transform"": ""sorev""}",,"{""do_sample"": false, ""max_new_tokens"": 5}",tier_b_r1_2b_full,5cc3a4f64f0d09e02b3a49ba7234826aa61d42c9,v0.1
vsr_test:0241,vsr_test:0241,test,sorev,semantic,The teddy bear is beside the laptop,The laptop is beside the teddy bear.,beside,horizontal,laptop,teddy bear,True,True,stability_law,True,True, True.,HuggingFaceTB/SmolVLM2-2.2B-Instruct,,2B_zero_shot,,,,7f29cebb9d06eca06ad0d6c690e4d5a083b71a9c42008f88e92474e3ff0eb98a,eb4075c77285da02c52794154760fa969fb21ab3dcceb0820cb7d2ba27d27471,http://images.cocodataset.org/train2017/000000113132.jpg,http://images.cocodataset.org/train2017/000000113132.jpg,,http://images.cocodataset.org/train2017/000000113132.jpg,sorev,tier_b_v0.1,"{""axis"": ""semantic"", ""law"": ""stability_law"", ""note"": ""symmetric relation; subject/object reversal keeps truth"", ""relation"": ""beside"", ""transform"": ""sorev""}",,"{""do_sample"": false, ""max_new_tokens"": 5}",tier_b_r1_2b_full,5cc3a4f64f0d09e02b3a49ba7234826aa61d42c9,v0.1
vsr_test:0242,vsr_test:0242,test,sorev,semantic,The couch is away from the cat,The cat is away from the couch.,away from,proximity,cat,couch,False,False,stability_law,False,True, False.,HuggingFaceTB/SmolVLM2-2.2B-Instruct,,2B_zero_shot,,,,7f29cebb9d06eca06ad0d6c690e4d5a083b71a9c42008f88e92474e3ff0eb98a,eb4075c77285da02c52794154760fa969fb21ab3dcceb0820cb7d2ba27d27471,http://images.cocodataset.org/train2017/000000477137.jpg,http://images.cocodataset.org/train2017/000000477137.jpg,,http://images.cocodataset.org/train2017/000000477137.jpg,sorev,tier_b_v0.1,"{""axis"": ""semantic"", ""law"": ""stability_law"", ""note"": ""symmetric relation; subject/object reversal keeps truth"", ""relation"": ""away from"", ""transform"": ""sorev""}",,"{""do_sample"": false, ""max_new_tokens"": 5}",tier_b_r1_2b_full,5cc3a4f64f0d09e02b3a49ba7234826aa61d42c9,v0.1
vsr_test:0243,vsr_test:0243,test,sorev,semantic,The motorcycle is touching the banana,The banana is touching the motorcycle.,touching,topology_contact,banana,motorcycle,False,False,stability_law,False,True, False.,HuggingFaceTB/SmolVLM2-2.2B-Instruct,,2B_zero_shot,,,,7f29cebb9d06eca06ad0d6c690e4d5a083b71a9c42008f88e92474e3ff0eb98a,eb4075c77285da02c52794154760fa969fb21ab3dcceb0820cb7d2ba27d27471,http://images.cocodataset.org/train2017/000000414258.jpg,http://images.cocodataset.org/train2017/000000414258.jpg,,http://images.cocodataset.org/train2017/000000414258.jpg,sorev,tier_b_v0.1,"{""axis"": ""semantic"", ""law"": ""stability_law"", ""note"": ""symmetric relation; subject/object reversal keeps truth"", ""relation"": ""touching"", ""transform"": ""sorev""}",,"{""do_sample"": false, ""max_new_tokens"": 5}",tier_b_r1_2b_full,5cc3a4f64f0d09e02b3a49ba7234826aa61d42c9,v0.1
vsr_test:0245,vsr_test:0245,test,sorev,semantic,The motorcycle is next to the truck,The truck is next to the motorcycle.,next to,horizontal,truck,motorcycle,True,True,stability_law,True,True, True.,HuggingFaceTB/SmolVLM2-2.2B-Instruct,,2B_zero_shot,,,,7f29cebb9d06eca06ad0d6c690e4d5a083b71a9c42008f88e92474e3ff0eb98a,eb4075c77285da02c52794154760fa969fb21ab3dcceb0820cb7d2ba27d27471,http://images.cocodataset.org/train2017/000000137681.jpg,http://images.cocodataset.org/train2017/000000137681.jpg,,http://images.cocodataset.org/train2017/000000137681.jpg,sorev,tier_b_v0.1,"{""axis"": ""semantic"", ""law"": ""stability_law"", ""note"": ""symmetric relation; subject/object reversal keeps truth"", ""relation"": ""next to"", ""transform"": ""sorev""}",,"{""do_sample"": false, ""max_new_tokens"": 5}",tier_b_r1_2b_full,5cc3a4f64f0d09e02b3a49ba7234826aa61d42c9,v0.1
vsr_test:0246,vsr_test:0246,test,sorev,semantic,The bear is touching the couch,The couch is touching the bear.,touching,topology_contact,couch,bear,True,True,stability_law,False,False, False.,HuggingFaceTB/SmolVLM2-2.2B-Instruct,,2B_zero_shot,,,,7f29cebb9d06eca06ad0d6c690e4d5a083b71a9c42008f88e92474e3ff0eb98a,eb4075c77285da02c52794154760fa969fb21ab3dcceb0820cb7d2ba27d27471,http://images.cocodataset.org/train2017/000000107571.jpg,http://images.cocodataset.org/train2017/000000107571.jpg,,http://images.cocodataset.org/train2017/000000107571.jpg,sorev,tier_b_v0.1,"{""axis"": ""semantic"", ""law"": ""stability_law"", ""note"": ""symmetric relation; subject/object reversal keeps truth"", ""relation"": ""touching"", ""transform"": ""sorev""}",,"{""do_sample"": false, ""max_new_tokens"": 5}",tier_b_r1_2b_full,5cc3a4f64f0d09e02b3a49ba7234826aa61d42c9,v0.1
vsr_test:0249,vsr_test:0249,test,sorev,semantic,The couch is against the person,The person is against the couch.,against,topology_contact,person,couch,False,False,stability_law,True,False, True.,HuggingFaceTB/SmolVLM2-2.2B-Instruct,,2B_zero_shot,,,,7f29cebb9d06eca06ad0d6c690e4d5a083b71a9c42008f88e92474e3ff0eb98a,eb4075c77285da02c52794154760fa969fb21ab3dcceb0820cb7d2ba27d27471,http://images.cocodataset.org/train2017/000000250400.jpg,http://images.cocodataset.org/train2017/000000250400.jpg,,http://images.cocodataset.org/train2017/000000250400.jpg,sorev,tier_b_v0.1,"{""axis"": ""semantic"", ""law"": ""stability_law"", ""note"": ""symmetric relation; subject/object reversal keeps truth"", ""relation"": ""against"", ""transform"": ""sorev""}",,"{""do_sample"": false, ""max_new_tokens"": 5}",tier_b_r1_2b_full,5cc3a4f64f0d09e02b3a49ba7234826aa61d42c9,v0.1
vsr_test:0258,vsr_test:0258,test,sorev,semantic,The teddy bear is touching the person,The person is touching the teddy bear.,touching,topology_contact,person,teddy bear,True,True,stability_law,True,True, True.,HuggingFaceTB/SmolVLM2-2.2B-Instruct,,2B_zero_shot,,,,7f29cebb9d06eca06ad0d6c690e4d5a083b71a9c42008f88e92474e3ff0eb98a,eb4075c77285da02c52794154760fa969fb21ab3dcceb0820cb7d2ba27d27471,http://images.cocodataset.org/train2017/000000438258.jpg,http://images.cocodataset.org/train2017/000000438258.jpg,,http://images.cocodataset.org/train2017/000000438258.jpg,sorev,tier_b_v0.1,"{""axis"": ""semantic"", ""law"": ""stability_law"", ""note"": ""symmetric relation; subject/object reversal keeps truth"", ""relation"": ""touching"", ""transform"": ""sorev""}",,"{""do_sample"": false, ""max_new_tokens"": 5}",tier_b_r1_2b_full,5cc3a4f64f0d09e02b3a49ba7234826aa61d42c9,v0.1
vsr_test:0266,vsr_test:0266,test,sorev,semantic,The cake is close to the person,The person is close to the cake.,close to,proximity,person,cake,True,True,stability_law,True,True, True.,HuggingFaceTB/SmolVLM2-2.2B-Instruct,,2B_zero_shot,,,,7f29cebb9d06eca06ad0d6c690e4d5a083b71a9c42008f88e92474e3ff0eb98a,eb4075c77285da02c52794154760fa969fb21ab3dcceb0820cb7d2ba27d27471,http://images.cocodataset.org/train2017/000000111911.jpg,http://images.cocodataset.org/train2017/000000111911.jpg,,http://images.cocodataset.org/train2017/000000111911.jpg,sorev,tier_b_v0.1,"{""axis"": ""semantic"", ""law"": ""stability_law"", ""note"": ""symmetric relation; subject/object reversal keeps truth"", ""relation"": ""close to"", ""transform"": ""sorev""}",,"{""do_sample"": false, ""max_new_tokens"": 5}",tier_b_r1_2b_full,5cc3a4f64f0d09e02b3a49ba7234826aa61d42c9,v0.1
vsr_test:0277,vsr_test:0277,test,sorev,semantic,The person is touching the laptop,The laptop is touching the person.,touching,topology_contact,laptop,person,True,True,stability_law,True,True, True.,HuggingFaceTB/SmolVLM2-2.2B-Instruct,,2B_zero_shot,,,,7f29cebb9d06eca06ad0d6c690e4d5a083b71a9c42008f88e92474e3ff0eb98a,eb4075c77285da02c52794154760fa969fb21ab3dcceb0820cb7d2ba27d27471,http://images.cocodataset.org/train2017/000000463865.jpg,http://images.cocodataset.org/train2017/000000463865.jpg,,http://images.cocodataset.org/train2017/000000463865.jpg,sorev,tier_b_v0.1,"{""axis"": ""semantic"", ""law"": ""stability_law"", ""note"": ""symmetric relation; subject/object reversal keeps truth"", ""relation"": ""touching"", ""transform"": ""sorev""}",,"{""do_sample"": false, ""max_new_tokens"": 5}",tier_b_r1_2b_full,5cc3a4f64f0d09e02b3a49ba7234826aa61d42c9,v0.1
vsr_test:0283,vsr_test:0283,test,sorev,semantic,The bicycle is far away from the airplane,The airplane is far away from the bicycle.,far away from,proximity,airplane,bicycle,True,True,stability_law,True,True, True.,HuggingFaceTB/SmolVLM2-2.2B-Instruct,,2B_zero_shot,,,,7f29cebb9d06eca06ad0d6c690e4d5a083b71a9c42008f88e92474e3ff0eb98a,eb4075c77285da02c52794154760fa969fb21ab3dcceb0820cb7d2ba27d27471,http://images.cocodataset.org/val2017/000000388258.jpg,http://images.cocodataset.org/val2017/000000388258.jpg,,http://images.cocodataset.org/val2017/000000388258.jpg,sorev,tier_b_v0.1,"{""axis"": ""semantic"", ""law"": ""stability_law"", ""note"": ""symmetric relation; subject/object reversal keeps truth"", ""relation"": ""far away from"", ""transform"": ""sorev""}",,"{""do_sample"": false, ""max_new_tokens"": 5}",tier_b_r1_2b_full,5cc3a4f64f0d09e02b3a49ba7234826aa61d42c9,v0.1
vsr_test:0285,vsr_test:0285,test,sorev,semantic,The keyboard is touching the cat,The cat is touching the keyboard.,touching,topology_contact,cat,keyboard,True,True,stability_law,True,True, True.,HuggingFaceTB/SmolVLM2-2.2B-Instruct,,2B_zero_shot,,,,7f29cebb9d06eca06ad0d6c690e4d5a083b71a9c42008f88e92474e3ff0eb98a,eb4075c77285da02c52794154760fa969fb21ab3dcceb0820cb7d2ba27d27471,http://images.cocodataset.org/train2017/000000438628.jpg,http://images.cocodataset.org/train2017/000000438628.jpg,,http://images.cocodataset.org/train2017/000000438628.jpg,sorev,tier_b_v0.1,"{""axis"": ""semantic"", ""law"": ""stability_law"", ""note"": ""symmetric relation; subject/object reversal keeps truth"", ""relation"": ""touching"", ""transform"": ""sorev""}",,"{""do_sample"": false, ""max_new_tokens"": 5}",tier_b_r1_2b_full,5cc3a4f64f0d09e02b3a49ba7234826aa61d42c9,v0.1
vsr_test:0286,vsr_test:0286,test,sorev,semantic,The dining table is touching the pizza,The pizza is touching the dining table.,touching,topology_contact,pizza,dining table,True,True,stability_law,True,True, True.,HuggingFaceTB/SmolVLM2-2.2B-Instruct,,2B_zero_shot,,,,7f29cebb9d06eca06ad0d6c690e4d5a083b71a9c42008f88e92474e3ff0eb98a,eb4075c77285da02c52794154760fa969fb21ab3dcceb0820cb7d2ba27d27471,http://images.cocodataset.org/train2017/000000348973.jpg,http://images.cocodataset.org/train2017/000000348973.jpg,,http://images.cocodataset.org/train2017/000000348973.jpg,sorev,tier_b_v0.1,"{""axis"": ""semantic"", ""law"": ""stability_law"", ""note"": ""symmetric relation; subject/object reversal keeps truth"", ""relation"": ""touching"", ""transform"": ""sorev""}",,"{""do_sample"": false, ""max_new_tokens"": 5}",tier_b_r1_2b_full,5cc3a4f64f0d09e02b3a49ba7234826aa61d42c9,v0.1
vsr_test:0287,vsr_test:0287,test,sorev,semantic,The giraffe is touching the person,The person is touching the giraffe.,touching,topology_contact,person,giraffe,False,False,stability_law,True,False, True.,HuggingFaceTB/SmolVLM2-2.2B-Instruct,,2B_zero_shot,,,,7f29cebb9d06eca06ad0d6c690e4d5a083b71a9c42008f88e92474e3ff0eb98a,eb4075c77285da02c52794154760fa969fb21ab3dcceb0820cb7d2ba27d27471,http://images.cocodataset.org/train2017/000000388074.jpg,http://images.cocodataset.org/train2017/000000388074.jpg,,http://images.cocodataset.org/train2017/000000388074.jpg,sorev,tier_b_v0.1,"{""axis"": ""semantic"", ""law"": ""stability_law"", ""note"": ""symmetric relation; subject/object reversal keeps truth"", ""relation"": ""touching"", ""transform"": ""sorev""}",,"{""do_sample"": false, ""max_new_tokens"": 5}",tier_b_r1_2b_full,5cc3a4f64f0d09e02b3a49ba7234826aa61d42c9,v0.1
vsr_test:0290,vsr_test:0290,test,sorev,semantic,The laptop is close to the bench,The bench is close to the laptop.,close to,proximity,bench,laptop,True,True,stability_law,True,True, True.,HuggingFaceTB/SmolVLM2-2.2B-Instruct,,2B_zero_shot,,,,7f29cebb9d06eca06ad0d6c690e4d5a083b71a9c42008f88e92474e3ff0eb98a,eb4075c77285da02c52794154760fa969fb21ab3dcceb0820cb7d2ba27d27471,http://images.cocodataset.org/train2017/000000054723.jpg,http://images.cocodataset.org/train2017/000000054723.jpg,,http://images.cocodataset.org/train2017/000000054723.jpg,sorev,tier_b_v0.1,"{""axis"": ""semantic"", ""law"": ""stability_law"", ""note"": ""symmetric relation; subject/object reversal keeps truth"", ""relation"": ""close to"", ""transform"": ""sorev""}",,"{""do_sample"": false, ""max_new_tokens"": 5}",tier_b_r1_2b_full,5cc3a4f64f0d09e02b3a49ba7234826aa61d42c9,v0.1
vsr_test:0294,vsr_test:0294,test,sorev,semantic,The bed is next to the book,The book is next to the bed.,next to,horizontal,book,bed,True,True,stability_law,False,False, False.,HuggingFaceTB/SmolVLM2-2.2B-Instruct,,2B_zero_shot,,,,7f29cebb9d06eca06ad0d6c690e4d5a083b71a9c42008f88e92474e3ff0eb98a,eb4075c77285da02c52794154760fa969fb21ab3dcceb0820cb7d2ba27d27471,http://images.cocodataset.org/val2017/000000297353.jpg,http://images.cocodataset.org/val2017/000000297353.jpg,,http://images.cocodataset.org/val2017/000000297353.jpg,sorev,tier_b_v0.1,"{""axis"": ""semantic"", ""law"": ""stability_law"", ""note"": ""symmetric relation; subject/object reversal keeps truth"", ""relation"": ""next to"", ""transform"": ""sorev""}",,"{""do_sample"": false, ""max_new_tokens"": 5}",tier_b_r1_2b_full,5cc3a4f64f0d09e02b3a49ba7234826aa61d42c9,v0.1
vsr_test:0306,vsr_test:0306,test,sorev,semantic,The bowl is next to the donut,The donut is next to the bowl.,next to,horizontal,donut,bowl,False,False,stability_law,True,False, True.,HuggingFaceTB/SmolVLM2-2.2B-Instruct,,2B_zero_shot,,,,7f29cebb9d06eca06ad0d6c690e4d5a083b71a9c42008f88e92474e3ff0eb98a,eb4075c77285da02c52794154760fa969fb21ab3dcceb0820cb7d2ba27d27471,http://images.cocodataset.org/train2017/000000400869.jpg,http://images.cocodataset.org/train2017/000000400869.jpg,,http://images.cocodataset.org/train2017/000000400869.jpg,sorev,tier_b_v0.1,"{""axis"": ""semantic"", ""law"": ""stability_law"", ""note"": ""symmetric relation; subject/object reversal keeps truth"", ""relation"": ""next to"", ""transform"": ""sorev""}",,"{""do_sample"": false, ""max_new_tokens"": 5}",tier_b_r1_2b_full,5cc3a4f64f0d09e02b3a49ba7234826aa61d42c9,v0.1
vsr_test:0311,vsr_test:0311,test,sorev,semantic,The bed is touching the cat,The cat is touching the bed.,touching,topology_contact,cat,bed,False,False,stability_law,True,False, True.,HuggingFaceTB/SmolVLM2-2.2B-Instruct,,2B_zero_shot,,,,7f29cebb9d06eca06ad0d6c690e4d5a083b71a9c42008f88e92474e3ff0eb98a,eb4075c77285da02c52794154760fa969fb21ab3dcceb0820cb7d2ba27d27471,http://images.cocodataset.org/train2017/000000530730.jpg,http://images.cocodataset.org/train2017/000000530730.jpg,,http://images.cocodataset.org/train2017/000000530730.jpg,sorev,tier_b_v0.1,"{""axis"": ""semantic"", ""law"": ""stability_law"", ""note"": ""symmetric relation; subject/object reversal keeps truth"", ""relation"": ""touching"", ""transform"": ""sorev""}",,"{""do_sample"": false, ""max_new_tokens"": 5}",tier_b_r1_2b_full,5cc3a4f64f0d09e02b3a49ba7234826aa61d42c9,v0.1
vsr_test:0314,vsr_test:0314,test,sorev,semantic,The person is opposite to the microwave,The microwave is opposite to the person.,opposite to,other,microwave,person,True,True,stability_law,False,False, False.,HuggingFaceTB/SmolVLM2-2.2B-Instruct,,2B_zero_shot,,,,7f29cebb9d06eca06ad0d6c690e4d5a083b71a9c42008f88e92474e3ff0eb98a,eb4075c77285da02c52794154760fa969fb21ab3dcceb0820cb7d2ba27d27471,http://images.cocodataset.org/train2017/000000481828.jpg,http://images.cocodataset.org/train2017/000000481828.jpg,,http://images.cocodataset.org/train2017/000000481828.jpg,sorev,tier_b_v0.1,"{""axis"": ""semantic"", ""law"": ""stability_law"", ""note"": ""symmetric relation; subject/object reversal keeps truth"", ""relation"": ""opposite to"", ""transform"": ""sorev""}",,"{""do_sample"": false, ""max_new_tokens"": 5}",tier_b_r1_2b_full,5cc3a4f64f0d09e02b3a49ba7234826aa61d42c9,v0.1
vsr_test:0316,vsr_test:0316,test,sorev,semantic,The person is detached from the bed,The bed is detached from the person.,detached from,topology_contact,bed,person,True,True,stability_law,True,True, True.,HuggingFaceTB/SmolVLM2-2.2B-Instruct,,2B_zero_shot,,,,7f29cebb9d06eca06ad0d6c690e4d5a083b71a9c42008f88e92474e3ff0eb98a,eb4075c77285da02c52794154760fa969fb21ab3dcceb0820cb7d2ba27d27471,http://images.cocodataset.org/train2017/000000507385.jpg,http://images.cocodataset.org/train2017/000000507385.jpg,,http://images.cocodataset.org/train2017/000000507385.jpg,sorev,tier_b_v0.1,"{""axis"": ""semantic"", ""law"": ""stability_law"", ""note"": ""symmetric relation; subject/object reversal keeps truth"", ""relation"": ""detached from"", ""transform"": ""sorev""}",,"{""do_sample"": false, ""max_new_tokens"": 5}",tier_b_r1_2b_full,5cc3a4f64f0d09e02b3a49ba7234826aa61d42c9,v0.1
vsr_test:0319,vsr_test:0319,test,sorev,semantic,The person is with the carrot,The carrot is with the person.,with,other,carrot,person,False,False,stability_law,False,True, False.,HuggingFaceTB/SmolVLM2-2.2B-Instruct,,2B_zero_shot,,,,7f29cebb9d06eca06ad0d6c690e4d5a083b71a9c42008f88e92474e3ff0eb98a,eb4075c77285da02c52794154760fa969fb21ab3dcceb0820cb7d2ba27d27471,http://images.cocodataset.org/train2017/000000170401.jpg,http://images.cocodataset.org/train2017/000000170401.jpg,,http://images.cocodataset.org/train2017/000000170401.jpg,sorev,tier_b_v0.1,"{""axis"": ""semantic"", ""law"": ""stability_law"", ""note"": ""symmetric relation; subject/object reversal keeps truth"", ""relation"": ""with"", ""transform"": ""sorev""}",,"{""do_sample"": false, ""max_new_tokens"": 5}",tier_b_r1_2b_full,5cc3a4f64f0d09e02b3a49ba7234826aa61d42c9,v0.1
vsr_test:0324,vsr_test:0324,test,sorev,semantic,The sandwich is near the toaster,The toaster is near the sandwich.,near,proximity,toaster,sandwich,False,False,stability_law,False,True, False.,HuggingFaceTB/SmolVLM2-2.2B-Instruct,,2B_zero_shot,,,,7f29cebb9d06eca06ad0d6c690e4d5a083b71a9c42008f88e92474e3ff0eb98a,eb4075c77285da02c52794154760fa969fb21ab3dcceb0820cb7d2ba27d27471,http://images.cocodataset.org/train2017/000000214725.jpg,http://images.cocodataset.org/train2017/000000214725.jpg,,http://images.cocodataset.org/train2017/000000214725.jpg,sorev,tier_b_v0.1,"{""axis"": ""semantic"", ""law"": ""stability_law"", ""note"": ""symmetric relation; subject/object reversal keeps truth"", ""relation"": ""near"", ""transform"": ""sorev""}",,"{""do_sample"": false, ""max_new_tokens"": 5}",tier_b_r1_2b_full,5cc3a4f64f0d09e02b3a49ba7234826aa61d42c9,v0.1
vsr_test:0325,vsr_test:0325,test,sorev,semantic,The dog is touching the pizza,The pizza is touching the dog.,touching,topology_contact,pizza,dog,False,False,stability_law,True,False, True.,HuggingFaceTB/SmolVLM2-2.2B-Instruct,,2B_zero_shot,,,,7f29cebb9d06eca06ad0d6c690e4d5a083b71a9c42008f88e92474e3ff0eb98a,eb4075c77285da02c52794154760fa969fb21ab3dcceb0820cb7d2ba27d27471,http://images.cocodataset.org/train2017/000000508555.jpg,http://images.cocodataset.org/train2017/000000508555.jpg,,http://images.cocodataset.org/train2017/000000508555.jpg,sorev,tier_b_v0.1,"{""axis"": ""semantic"", ""law"": ""stability_law"", ""note"": ""symmetric relation; subject/object reversal keeps truth"", ""relation"": ""touching"", ""transform"": ""sorev""}",,"{""do_sample"": false, ""max_new_tokens"": 5}",tier_b_r1_2b_full,5cc3a4f64f0d09e02b3a49ba7234826aa61d42c9,v0.1
vsr_test:0328,vsr_test:0328,test,sorev,semantic,The pizza is touching the dining table,The dining table is touching the pizza.,touching,topology_contact,dining table,pizza,False,False,stability_law,True,False, True.,HuggingFaceTB/SmolVLM2-2.2B-Instruct,,2B_zero_shot,,,,7f29cebb9d06eca06ad0d6c690e4d5a083b71a9c42008f88e92474e3ff0eb98a,eb4075c77285da02c52794154760fa969fb21ab3dcceb0820cb7d2ba27d27471,http://images.cocodataset.org/train2017/000000503456.jpg,http://images.cocodataset.org/train2017/000000503456.jpg,,http://images.cocodataset.org/train2017/000000503456.jpg,sorev,tier_b_v0.1,"{""axis"": ""semantic"", ""law"": ""stability_law"", ""note"": ""symmetric relation; subject/object reversal keeps truth"", ""relation"": ""touching"", ""transform"": ""sorev""}",,"{""do_sample"": false, ""max_new_tokens"": 5}",tier_b_r1_2b_full,5cc3a4f64f0d09e02b3a49ba7234826aa61d42c9,v0.1
vsr_test:0331,vsr_test:0331,test,sorev,semantic,The bed is across from the chair,The chair is across from the bed.,across from,horizontal,chair,bed,False,False,stability_law,False,True, False.,HuggingFaceTB/SmolVLM2-2.2B-Instruct,,2B_zero_shot,,,,7f29cebb9d06eca06ad0d6c690e4d5a083b71a9c42008f88e92474e3ff0eb98a,eb4075c77285da02c52794154760fa969fb21ab3dcceb0820cb7d2ba27d27471,http://images.cocodataset.org/train2017/000000054401.jpg,http://images.cocodataset.org/train2017/000000054401.jpg,,http://images.cocodataset.org/train2017/000000054401.jpg,sorev,tier_b_v0.1,"{""axis"": ""semantic"", ""law"": ""stability_law"", ""note"": ""symmetric relation; subject/object reversal keeps truth"", ""relation"": ""across from"", ""transform"": ""sorev""}",,"{""do_sample"": false, ""max_new_tokens"": 5}",tier_b_r1_2b_full,5cc3a4f64f0d09e02b3a49ba7234826aa61d42c9,v0.1
vsr_test:0332,vsr_test:0332,test,sorev,semantic,The horse is away from the bus,The bus is away from the horse.,away from,proximity,bus,horse,False,False,stability_law,True,False, True.,HuggingFaceTB/SmolVLM2-2.2B-Instruct,,2B_zero_shot,,,,7f29cebb9d06eca06ad0d6c690e4d5a083b71a9c42008f88e92474e3ff0eb98a,eb4075c77285da02c52794154760fa969fb21ab3dcceb0820cb7d2ba27d27471,http://images.cocodataset.org/train2017/000000411603.jpg,http://images.cocodataset.org/train2017/000000411603.jpg,,http://images.cocodataset.org/train2017/000000411603.jpg,sorev,tier_b_v0.1,"{""axis"": ""semantic"", ""law"": ""stability_law"", ""note"": ""symmetric relation; subject/object reversal keeps truth"", ""relation"": ""away from"", ""transform"": ""sorev""}",,"{""do_sample"": false, ""max_new_tokens"": 5}",tier_b_r1_2b_full,5cc3a4f64f0d09e02b3a49ba7234826aa61d42c9,v0.1
vsr_test:0334,vsr_test:0334,test,sorev,semantic,The cat is touching the umbrella,The umbrella is touching the cat.,touching,topology_contact,umbrella,cat,True,True,stability_law,True,True, True.,HuggingFaceTB/SmolVLM2-2.2B-Instruct,,2B_zero_shot,,,,7f29cebb9d06eca06ad0d6c690e4d5a083b71a9c42008f88e92474e3ff0eb98a,eb4075c77285da02c52794154760fa969fb21ab3dcceb0820cb7d2ba27d27471,http://images.cocodataset.org/train2017/000000305338.jpg,http://images.cocodataset.org/train2017/000000305338.jpg,,http://images.cocodataset.org/train2017/000000305338.jpg,sorev,tier_b_v0.1,"{""axis"": ""semantic"", ""law"": ""stability_law"", ""note"": ""symmetric relation; subject/object reversal keeps truth"", ""relation"": ""touching"", ""transform"": ""sorev""}",,"{""do_sample"": false, ""max_new_tokens"": 5}",tier_b_r1_2b_full,5cc3a4f64f0d09e02b3a49ba7234826aa61d42c9,v0.1
vsr_test:0336,vsr_test:0336,test,sorev,semantic,The sandwich is near the pizza,The pizza is near the sandwich.,near,proximity,pizza,sandwich,False,False,stability_law,False,True, False.,HuggingFaceTB/SmolVLM2-2.2B-Instruct,,2B_zero_shot,,,,7f29cebb9d06eca06ad0d6c690e4d5a083b71a9c42008f88e92474e3ff0eb98a,eb4075c77285da02c52794154760fa969fb21ab3dcceb0820cb7d2ba27d27471,http://images.cocodataset.org/train2017/000000040934.jpg,http://images.cocodataset.org/train2017/000000040934.jpg,,http://images.cocodataset.org/train2017/000000040934.jpg,sorev,tier_b_v0.1,"{""axis"": ""semantic"", ""law"": ""stability_law"", ""note"": ""symmetric relation; subject/object reversal keeps truth"", ""relation"": ""near"", ""transform"": ""sorev""}",,"{""do_sample"": false, ""max_new_tokens"": 5}",tier_b_r1_2b_full,5cc3a4f64f0d09e02b3a49ba7234826aa61d42c9,v0.1
vsr_test:0337,vsr_test:0337,test,sorev,semantic,The bird is away from the motorcycle,The motorcycle is away from the bird.,away from,proximity,motorcycle,bird,True,True,stability_law,True,True, True.,HuggingFaceTB/SmolVLM2-2.2B-Instruct,,2B_zero_shot,,,,7f29cebb9d06eca06ad0d6c690e4d5a083b71a9c42008f88e92474e3ff0eb98a,eb4075c77285da02c52794154760fa969fb21ab3dcceb0820cb7d2ba27d27471,http://images.cocodataset.org/train2017/000000155777.jpg,http://images.cocodataset.org/train2017/000000155777.jpg,,http://images.cocodataset.org/train2017/000000155777.jpg,sorev,tier_b_v0.1,"{""axis"": ""semantic"", ""law"": ""stability_law"", ""note"": ""symmetric relation; subject/object reversal keeps truth"", ""relation"": ""away from"", ""transform"": ""sorev""}",,"{""do_sample"": false, ""max_new_tokens"": 5}",tier_b_r1_2b_full,5cc3a4f64f0d09e02b3a49ba7234826aa61d42c9,v0.1
vsr_test:0343,vsr_test:0343,test,sorev,semantic,The dining table is beside the surfboard,The surfboard is beside the dining table.,beside,horizontal,surfboard,dining table,True,True,stability_law,True,True, True.,HuggingFaceTB/SmolVLM2-2.2B-Instruct,,2B_zero_shot,,,,7f29cebb9d06eca06ad0d6c690e4d5a083b71a9c42008f88e92474e3ff0eb98a,eb4075c77285da02c52794154760fa969fb21ab3dcceb0820cb7d2ba27d27471,http://images.cocodataset.org/train2017/000000177809.jpg,http://images.cocodataset.org/train2017/000000177809.jpg,,http://images.cocodataset.org/train2017/000000177809.jpg,sorev,tier_b_v0.1,"{""axis"": ""semantic"", ""law"": ""stability_law"", ""note"": ""symmetric relation; subject/object reversal keeps truth"", ""relation"": ""beside"", ""transform"": ""sorev""}",,"{""do_sample"": false, ""max_new_tokens"": 5}",tier_b_r1_2b_full,5cc3a4f64f0d09e02b3a49ba7234826aa61d42c9,v0.1
vsr_test:0344,vsr_test:0344,test,sorev,semantic,The wine glass is next to the teddy bear,The teddy bear is next to the wine glass.,next to,horizontal,teddy bear,wine glass,True,True,stability_law,True,True, True.,HuggingFaceTB/SmolVLM2-2.2B-Instruct,,2B_zero_shot,,,,7f29cebb9d06eca06ad0d6c690e4d5a083b71a9c42008f88e92474e3ff0eb98a,eb4075c77285da02c52794154760fa969fb21ab3dcceb0820cb7d2ba27d27471,http://images.cocodataset.org/train2017/000000444343.jpg,http://images.cocodataset.org/train2017/000000444343.jpg,,http://images.cocodataset.org/train2017/000000444343.jpg,sorev,tier_b_v0.1,"{""axis"": ""semantic"", ""law"": ""stability_law"", ""note"": ""symmetric relation; subject/object reversal keeps truth"", ""relation"": ""next to"", ""transform"": ""sorev""}",,"{""do_sample"": false, ""max_new_tokens"": 5}",tier_b_r1_2b_full,5cc3a4f64f0d09e02b3a49ba7234826aa61d42c9,v0.1
vsr_test:0346,vsr_test:0346,test,sorev,semantic,The hot dog is touching the person,The person is touching the hot dog.,touching,topology_contact,person,hot dog,True,True,stability_law,True,True, True.,HuggingFaceTB/SmolVLM2-2.2B-Instruct,,2B_zero_shot,,,,7f29cebb9d06eca06ad0d6c690e4d5a083b71a9c42008f88e92474e3ff0eb98a,eb4075c77285da02c52794154760fa969fb21ab3dcceb0820cb7d2ba27d27471,http://images.cocodataset.org/train2017/000000335532.jpg,http://images.cocodataset.org/train2017/000000335532.jpg,,http://images.cocodataset.org/train2017/000000335532.jpg,sorev,tier_b_v0.1,"{""axis"": ""semantic"", ""law"": ""stability_law"", ""note"": ""symmetric relation; subject/object reversal keeps truth"", ""relation"": ""touching"", ""transform"": ""sorev""}",,"{""do_sample"": false, ""max_new_tokens"": 5}",tier_b_r1_2b_full,5cc3a4f64f0d09e02b3a49ba7234826aa61d42c9,v0.1
vsr_test:0347,vsr_test:0347,test,sorev,semantic,The donut is touching the person,The person is touching the donut.,touching,topology_contact,person,donut,True,True,stability_law,True,True, True.,HuggingFaceTB/SmolVLM2-2.2B-Instruct,,2B_zero_shot,,,,7f29cebb9d06eca06ad0d6c690e4d5a083b71a9c42008f88e92474e3ff0eb98a,eb4075c77285da02c52794154760fa969fb21ab3dcceb0820cb7d2ba27d27471,http://images.cocodataset.org/train2017/000000309607.jpg,http://images.cocodataset.org/train2017/000000309607.jpg,,http://images.cocodataset.org/train2017/000000309607.jpg,sorev,tier_b_v0.1,"{""axis"": ""semantic"", ""law"": ""stability_law"", ""note"": ""symmetric relation; subject/object reversal keeps truth"", ""relation"": ""touching"", ""transform"": ""sorev""}",,"{""do_sample"": false, ""max_new_tokens"": 5}",tier_b_r1_2b_full,5cc3a4f64f0d09e02b3a49ba7234826aa61d42c9,v0.1
vsr_test:0351,vsr_test:0351,test,sorev,semantic,The truck is far away from the elephant,The elephant is far away from the truck.,far away from,proximity,elephant,truck,False,False,stability_law,False,True, False.,HuggingFaceTB/SmolVLM2-2.2B-Instruct,,2B_zero_shot,,,,7f29cebb9d06eca06ad0d6c690e4d5a083b71a9c42008f88e92474e3ff0eb98a,eb4075c77285da02c52794154760fa969fb21ab3dcceb0820cb7d2ba27d27471,http://images.cocodataset.org/train2017/000000027989.jpg,http://images.cocodataset.org/train2017/000000027989.jpg,,http://images.cocodataset.org/train2017/000000027989.jpg,sorev,tier_b_v0.1,"{""axis"": ""semantic"", ""law"": ""stability_law"", ""note"": ""symmetric relation; subject/object reversal keeps truth"", ""relation"": ""far away from"", ""transform"": ""sorev""}",,"{""do_sample"": false, ""max_new_tokens"": 5}",tier_b_r1_2b_full,5cc3a4f64f0d09e02b3a49ba7234826aa61d42c9,v0.1
vsr_test:0353,vsr_test:0353,test,sorev,semantic,The mouse is next to the teddy bear,The teddy bear is next to the mouse.,next to,horizontal,teddy bear,mouse,False,False,stability_law,True,False, True.,HuggingFaceTB/SmolVLM2-2.2B-Instruct,,2B_zero_shot,,,,7f29cebb9d06eca06ad0d6c690e4d5a083b71a9c42008f88e92474e3ff0eb98a,eb4075c77285da02c52794154760fa969fb21ab3dcceb0820cb7d2ba27d27471,http://images.cocodataset.org/train2017/000000569024.jpg,http://images.cocodataset.org/train2017/000000569024.jpg,,http://images.cocodataset.org/train2017/000000569024.jpg,sorev,tier_b_v0.1,"{""axis"": ""semantic"", ""law"": ""stability_law"", ""note"": ""symmetric relation; subject/object reversal keeps truth"", ""relation"": ""next to"", ""transform"": ""sorev""}",,"{""do_sample"": false, ""max_new_tokens"": 5}",tier_b_r1_2b_full,5cc3a4f64f0d09e02b3a49ba7234826aa61d42c9,v0.1
vsr_test:0354,vsr_test:0354,test,sorev,semantic,The cat is touching the motorcycle,The motorcycle is touching the cat.,touching,topology_contact,motorcycle,cat,False,False,stability_law,False,True, False.,HuggingFaceTB/SmolVLM2-2.2B-Instruct,,2B_zero_shot,,,,7f29cebb9d06eca06ad0d6c690e4d5a083b71a9c42008f88e92474e3ff0eb98a,eb4075c77285da02c52794154760fa969fb21ab3dcceb0820cb7d2ba27d27471,http://images.cocodataset.org/train2017/000000156506.jpg,http://images.cocodataset.org/train2017/000000156506.jpg,,http://images.cocodataset.org/train2017/000000156506.jpg,sorev,tier_b_v0.1,"{""axis"": ""semantic"", ""law"": ""stability_law"", ""note"": ""symmetric relation; subject/object reversal keeps truth"", ""relation"": ""touching"", ""transform"": ""sorev""}",,"{""do_sample"": false, ""max_new_tokens"": 5}",tier_b_r1_2b_full,5cc3a4f64f0d09e02b3a49ba7234826aa61d42c9,v0.1
vsr_test:0358,vsr_test:0358,test,sorev,semantic,The car is far away from the parking meter,The parking meter is far away from the car.,far away from,proximity,parking meter,car,False,False,stability_law,False,True, False.,HuggingFaceTB/SmolVLM2-2.2B-Instruct,,2B_zero_shot,,,,7f29cebb9d06eca06ad0d6c690e4d5a083b71a9c42008f88e92474e3ff0eb98a,eb4075c77285da02c52794154760fa969fb21ab3dcceb0820cb7d2ba27d27471,http://images.cocodataset.org/train2017/000000431357.jpg,http://images.cocodataset.org/train2017/000000431357.jpg,,http://images.cocodataset.org/train2017/000000431357.jpg,sorev,tier_b_v0.1,"{""axis"": ""semantic"", ""law"": ""stability_law"", ""note"": ""symmetric relation; subject/object reversal keeps truth"", ""relation"": ""far away from"", ""transform"": ""sorev""}",,"{""do_sample"": false, ""max_new_tokens"": 5}",tier_b_r1_2b_full,5cc3a4f64f0d09e02b3a49ba7234826aa61d42c9,v0.1
vsr_test:0365,vsr_test:0365,test,sorev,semantic,The couch is touching the teddy bear,The teddy bear is touching the couch.,touching,topology_contact,teddy bear,couch,True,True,stability_law,True,True, True.,HuggingFaceTB/SmolVLM2-2.2B-Instruct,,2B_zero_shot,,,,7f29cebb9d06eca06ad0d6c690e4d5a083b71a9c42008f88e92474e3ff0eb98a,eb4075c77285da02c52794154760fa969fb21ab3dcceb0820cb7d2ba27d27471,http://images.cocodataset.org/train2017/000000355971.jpg,http://images.cocodataset.org/train2017/000000355971.jpg,,http://images.cocodataset.org/train2017/000000355971.jpg,sorev,tier_b_v0.1,"{""axis"": ""semantic"", ""law"": ""stability_law"", ""note"": ""symmetric relation; subject/object reversal keeps truth"", ""relation"": ""touching"", ""transform"": ""sorev""}",,"{""do_sample"": false, ""max_new_tokens"": 5}",tier_b_r1_2b_full,5cc3a4f64f0d09e02b3a49ba7234826aa61d42c9,v0.1
vsr_test:0366,vsr_test:0366,test,sorev,semantic,The truck is away from the car,The car is away from the truck.,away from,proximity,car,truck,True,True,stability_law,False,False, False.,HuggingFaceTB/SmolVLM2-2.2B-Instruct,,2B_zero_shot,,,,7f29cebb9d06eca06ad0d6c690e4d5a083b71a9c42008f88e92474e3ff0eb98a,eb4075c77285da02c52794154760fa969fb21ab3dcceb0820cb7d2ba27d27471,http://images.cocodataset.org/train2017/000000051985.jpg,http://images.cocodataset.org/train2017/000000051985.jpg,,http://images.cocodataset.org/train2017/000000051985.jpg,sorev,tier_b_v0.1,"{""axis"": ""semantic"", ""law"": ""stability_law"", ""note"": ""symmetric relation; subject/object reversal keeps truth"", ""relation"": ""away from"", ""transform"": ""sorev""}",,"{""do_sample"": false, ""max_new_tokens"": 5}",tier_b_r1_2b_full,5cc3a4f64f0d09e02b3a49ba7234826aa61d42c9,v0.1
vsr_test:0368,vsr_test:0368,test,sorev,semantic,The motorcycle is across from the car,The car is across from the motorcycle.,across from,horizontal,car,motorcycle,False,False,stability_law,True,False, True.,HuggingFaceTB/SmolVLM2-2.2B-Instruct,,2B_zero_shot,,,,7f29cebb9d06eca06ad0d6c690e4d5a083b71a9c42008f88e92474e3ff0eb98a,eb4075c77285da02c52794154760fa969fb21ab3dcceb0820cb7d2ba27d27471,http://images.cocodataset.org/train2017/000000173155.jpg,http://images.cocodataset.org/train2017/000000173155.jpg,,http://images.cocodataset.org/train2017/000000173155.jpg,sorev,tier_b_v0.1,"{""axis"": ""semantic"", ""law"": ""stability_law"", ""note"": ""symmetric relation; subject/object reversal keeps truth"", ""relation"": ""across from"", ""transform"": ""sorev""}",,"{""do_sample"": false, ""max_new_tokens"": 5}",tier_b_r1_2b_full,5cc3a4f64f0d09e02b3a49ba7234826aa61d42c9,v0.1
vsr_test:0371,vsr_test:0371,test,sorev,semantic,The toilet is opposite to the chair,The chair is opposite to the toilet.,opposite to,other,chair,toilet,False,False,stability_law,False,True, False.,HuggingFaceTB/SmolVLM2-2.2B-Instruct,,2B_zero_shot,,,,7f29cebb9d06eca06ad0d6c690e4d5a083b71a9c42008f88e92474e3ff0eb98a,eb4075c77285da02c52794154760fa969fb21ab3dcceb0820cb7d2ba27d27471,http://images.cocodataset.org/train2017/000000243211.jpg,http://images.cocodataset.org/train2017/000000243211.jpg,,http://images.cocodataset.org/train2017/000000243211.jpg,sorev,tier_b_v0.1,"{""axis"": ""semantic"", ""law"": ""stability_law"", ""note"": ""symmetric relation; subject/object reversal keeps truth"", ""relation"": ""opposite to"", ""transform"": ""sorev""}",,"{""do_sample"": false, ""max_new_tokens"": 5}",tier_b_r1_2b_full,5cc3a4f64f0d09e02b3a49ba7234826aa61d42c9,v0.1
vsr_test:0373,vsr_test:0373,test,sorev,semantic,The bus is far away from the cup,The cup is far away from the bus.,far away from,proximity,cup,bus,False,False,stability_law,False,True, False.,HuggingFaceTB/SmolVLM2-2.2B-Instruct,,2B_zero_shot,,,,7f29cebb9d06eca06ad0d6c690e4d5a083b71a9c42008f88e92474e3ff0eb98a,eb4075c77285da02c52794154760fa969fb21ab3dcceb0820cb7d2ba27d27471,http://images.cocodataset.org/train2017/000000098943.jpg,http://images.cocodataset.org/train2017/000000098943.jpg,,http://images.cocodataset.org/train2017/000000098943.jpg,sorev,tier_b_v0.1,"{""axis"": ""semantic"", ""law"": ""stability_law"", ""note"": ""symmetric relation; subject/object reversal keeps truth"", ""relation"": ""far away from"", ""transform"": ""sorev""}",,"{""do_sample"": false, ""max_new_tokens"": 5}",tier_b_r1_2b_full,5cc3a4f64f0d09e02b3a49ba7234826aa61d42c9,v0.1
vsr_test:0378,vsr_test:0378,test,sorev,semantic,The apple is beside the person,The person is beside the apple.,beside,horizontal,person,apple,True,True,stability_law,False,False, False.,HuggingFaceTB/SmolVLM2-2.2B-Instruct,,2B_zero_shot,,,,7f29cebb9d06eca06ad0d6c690e4d5a083b71a9c42008f88e92474e3ff0eb98a,eb4075c77285da02c52794154760fa969fb21ab3dcceb0820cb7d2ba27d27471,http://images.cocodataset.org/train2017/000000157991.jpg,http://images.cocodataset.org/train2017/000000157991.jpg,,http://images.cocodataset.org/train2017/000000157991.jpg,sorev,tier_b_v0.1,"{""axis"": ""semantic"", ""law"": ""stability_law"", ""note"": ""symmetric relation; subject/object reversal keeps truth"", ""relation"": ""beside"", ""transform"": ""sorev""}",,"{""do_sample"": false, ""max_new_tokens"": 5}",tier_b_r1_2b_full,5cc3a4f64f0d09e02b3a49ba7234826aa61d42c9,v0.1
vsr_test:0379,vsr_test:0379,test,sorev,semantic,The teddy bear is touching the dining table,The dining table is touching the teddy bear.,touching,topology_contact,dining table,teddy bear,True,True,stability_law,False,False, False.,HuggingFaceTB/SmolVLM2-2.2B-Instruct,,2B_zero_shot,,,,7f29cebb9d06eca06ad0d6c690e4d5a083b71a9c42008f88e92474e3ff0eb98a,eb4075c77285da02c52794154760fa969fb21ab3dcceb0820cb7d2ba27d27471,http://images.cocodataset.org/train2017/000000451400.jpg,http://images.cocodataset.org/train2017/000000451400.jpg,,http://images.cocodataset.org/train2017/000000451400.jpg,sorev,tier_b_v0.1,"{""axis"": ""semantic"", ""law"": ""stability_law"", ""note"": ""symmetric relation; subject/object reversal keeps truth"", ""relation"": ""touching"", ""transform"": ""sorev""}",,"{""do_sample"": false, ""max_new_tokens"": 5}",tier_b_r1_2b_full,5cc3a4f64f0d09e02b3a49ba7234826aa61d42c9,v0.1
vsr_test:0383,vsr_test:0383,test,sorev,semantic,The pizza is touching the person,The person is touching the pizza.,touching,topology_contact,person,pizza,False,False,stability_law,False,True, False.,HuggingFaceTB/SmolVLM2-2.2B-Instruct,,2B_zero_shot,,,,7f29cebb9d06eca06ad0d6c690e4d5a083b71a9c42008f88e92474e3ff0eb98a,eb4075c77285da02c52794154760fa969fb21ab3dcceb0820cb7d2ba27d27471,http://images.cocodataset.org/train2017/000000339159.jpg,http://images.cocodataset.org/train2017/000000339159.jpg,,http://images.cocodataset.org/train2017/000000339159.jpg,sorev,tier_b_v0.1,"{""axis"": ""semantic"", ""law"": ""stability_law"", ""note"": ""symmetric relation; subject/object reversal keeps truth"", ""relation"": ""touching"", ""transform"": ""sorev""}",,"{""do_sample"": false, ""max_new_tokens"": 5}",tier_b_r1_2b_full,5cc3a4f64f0d09e02b3a49ba7234826aa61d42c9,v0.1
vsr_test:0384,vsr_test:0384,test,sorev,semantic,The book is touching the handbag,The handbag is touching the book.,touching,topology_contact,handbag,book,False,False,stability_law,False,True, False.,HuggingFaceTB/SmolVLM2-2.2B-Instruct,,2B_zero_shot,,,,7f29cebb9d06eca06ad0d6c690e4d5a083b71a9c42008f88e92474e3ff0eb98a,eb4075c77285da02c52794154760fa969fb21ab3dcceb0820cb7d2ba27d27471,http://images.cocodataset.org/train2017/000000258509.jpg,http://images.cocodataset.org/train2017/000000258509.jpg,,http://images.cocodataset.org/train2017/000000258509.jpg,sorev,tier_b_v0.1,"{""axis"": ""semantic"", ""law"": ""stability_law"", ""note"": ""symmetric relation; subject/object reversal keeps truth"", ""relation"": ""touching"", ""transform"": ""sorev""}",,"{""do_sample"": false, ""max_new_tokens"": 5}",tier_b_r1_2b_full,5cc3a4f64f0d09e02b3a49ba7234826aa61d42c9,v0.1
vsr_test:0388,vsr_test:0388,test,sorev,semantic,The airplane is far from the chair,The chair is far from the airplane.,far from,proximity,chair,airplane,False,False,stability_law,True,False, True.,HuggingFaceTB/SmolVLM2-2.2B-Instruct,,2B_zero_shot,,,,7f29cebb9d06eca06ad0d6c690e4d5a083b71a9c42008f88e92474e3ff0eb98a,eb4075c77285da02c52794154760fa969fb21ab3dcceb0820cb7d2ba27d27471,http://images.cocodataset.org/train2017/000000367434.jpg,http://images.cocodataset.org/train2017/000000367434.jpg,,http://images.cocodataset.org/train2017/000000367434.jpg,sorev,tier_b_v0.1,"{""axis"": ""semantic"", ""law"": ""stability_law"", ""note"": ""symmetric relation; subject/object reversal keeps truth"", ""relation"": ""far from"", ""transform"": ""sorev""}",,"{""do_sample"": false, ""max_new_tokens"": 5}",tier_b_r1_2b_full,5cc3a4f64f0d09e02b3a49ba7234826aa61d42c9,v0.1
vsr_test:0392,vsr_test:0392,test,sorev,semantic,The umbrella is away from the cat,The cat is away from the umbrella.,away from,proximity,cat,umbrella,False,False,stability_law,False,True, False.,HuggingFaceTB/SmolVLM2-2.2B-Instruct,,2B_zero_shot,,,,7f29cebb9d06eca06ad0d6c690e4d5a083b71a9c42008f88e92474e3ff0eb98a,eb4075c77285da02c52794154760fa969fb21ab3dcceb0820cb7d2ba27d27471,http://images.cocodataset.org/train2017/000000112719.jpg,http://images.cocodataset.org/train2017/000000112719.jpg,,http://images.cocodataset.org/train2017/000000112719.jpg,sorev,tier_b_v0.1,"{""axis"": ""semantic"", ""law"": ""stability_law"", ""note"": ""symmetric relation; subject/object reversal keeps truth"", ""relation"": ""away from"", ""transform"": ""sorev""}",,"{""do_sample"": false, ""max_new_tokens"": 5}",tier_b_r1_2b_full,5cc3a4f64f0d09e02b3a49ba7234826aa61d42c9,v0.1
vsr_test:0409,vsr_test:0409,test,sorev,semantic,The cat is touching the laptop,The laptop is touching the cat.,touching,topology_contact,laptop,cat,True,True,stability_law,True,True, True.,HuggingFaceTB/SmolVLM2-2.2B-Instruct,,2B_zero_shot,,,,7f29cebb9d06eca06ad0d6c690e4d5a083b71a9c42008f88e92474e3ff0eb98a,eb4075c77285da02c52794154760fa969fb21ab3dcceb0820cb7d2ba27d27471,http://images.cocodataset.org/train2017/000000100588.jpg,http://images.cocodataset.org/train2017/000000100588.jpg,,http://images.cocodataset.org/train2017/000000100588.jpg,sorev,tier_b_v0.1,"{""axis"": ""semantic"", ""law"": ""stability_law"", ""note"": ""symmetric relation; subject/object reversal keeps truth"", ""relation"": ""touching"", ""transform"": ""sorev""}",,"{""do_sample"": false, ""max_new_tokens"": 5}",tier_b_r1_2b_full,5cc3a4f64f0d09e02b3a49ba7234826aa61d42c9,v0.1
vsr_test:0411,vsr_test:0411,test,sorev,semantic,The teddy bear is touching the bench,The bench is touching the teddy bear.,touching,topology_contact,bench,teddy bear,True,True,stability_law,True,True, True.,HuggingFaceTB/SmolVLM2-2.2B-Instruct,,2B_zero_shot,,,,7f29cebb9d06eca06ad0d6c690e4d5a083b71a9c42008f88e92474e3ff0eb98a,eb4075c77285da02c52794154760fa969fb21ab3dcceb0820cb7d2ba27d27471,http://images.cocodataset.org/train2017/000000344974.jpg,http://images.cocodataset.org/train2017/000000344974.jpg,,http://images.cocodataset.org/train2017/000000344974.jpg,sorev,tier_b_v0.1,"{""axis"": ""semantic"", ""law"": ""stability_law"", ""note"": ""symmetric relation; subject/object reversal keeps truth"", ""relation"": ""touching"", ""transform"": ""sorev""}",,"{""do_sample"": false, ""max_new_tokens"": 5}",tier_b_r1_2b_full,5cc3a4f64f0d09e02b3a49ba7234826aa61d42c9,v0.1
vsr_test:0415,vsr_test:0415,test,sorev,semantic,The dog is beside the donut,The donut is beside the dog.,beside,horizontal,donut,dog,False,False,stability_law,False,True, False.,HuggingFaceTB/SmolVLM2-2.2B-Instruct,,2B_zero_shot,,,,7f29cebb9d06eca06ad0d6c690e4d5a083b71a9c42008f88e92474e3ff0eb98a,eb4075c77285da02c52794154760fa969fb21ab3dcceb0820cb7d2ba27d27471,http://images.cocodataset.org/train2017/000000117884.jpg,http://images.cocodataset.org/train2017/000000117884.jpg,,http://images.cocodataset.org/train2017/000000117884.jpg,sorev,tier_b_v0.1,"{""axis"": ""semantic"", ""law"": ""stability_law"", ""note"": ""symmetric relation; subject/object reversal keeps truth"", ""relation"": ""beside"", ""transform"": ""sorev""}",,"{""do_sample"": false, ""max_new_tokens"": 5}",tier_b_r1_2b_full,5cc3a4f64f0d09e02b3a49ba7234826aa61d42c9,v0.1
vsr_test:0416,vsr_test:0416,test,sorev,semantic,The pizza is touching the person,The person is touching the pizza.,touching,topology_contact,person,pizza,True,True,stability_law,True,True, True.,HuggingFaceTB/SmolVLM2-2.2B-Instruct,,2B_zero_shot,,,,7f29cebb9d06eca06ad0d6c690e4d5a083b71a9c42008f88e92474e3ff0eb98a,eb4075c77285da02c52794154760fa969fb21ab3dcceb0820cb7d2ba27d27471,http://images.cocodataset.org/train2017/000000363146.jpg,http://images.cocodataset.org/train2017/000000363146.jpg,,http://images.cocodataset.org/train2017/000000363146.jpg,sorev,tier_b_v0.1,"{""axis"": ""semantic"", ""law"": ""stability_law"", ""note"": ""symmetric relation; subject/object reversal keeps truth"", ""relation"": ""touching"", ""transform"": ""sorev""}",,"{""do_sample"": false, ""max_new_tokens"": 5}",tier_b_r1_2b_full,5cc3a4f64f0d09e02b3a49ba7234826aa61d42c9,v0.1
vsr_test:0422,vsr_test:0422,test,sorev,semantic,The teddy bear is touching the bench,The bench is touching the teddy bear.,touching,topology_contact,bench,teddy bear,False,False,stability_law,False,True, False.,HuggingFaceTB/SmolVLM2-2.2B-Instruct,,2B_zero_shot,,,,7f29cebb9d06eca06ad0d6c690e4d5a083b71a9c42008f88e92474e3ff0eb98a,eb4075c77285da02c52794154760fa969fb21ab3dcceb0820cb7d2ba27d27471,http://images.cocodataset.org/train2017/000000241324.jpg,http://images.cocodataset.org/train2017/000000241324.jpg,,http://images.cocodataset.org/train2017/000000241324.jpg,sorev,tier_b_v0.1,"{""axis"": ""semantic"", ""law"": ""stability_law"", ""note"": ""symmetric relation; subject/object reversal keeps truth"", ""relation"": ""touching"", ""transform"": ""sorev""}",,"{""do_sample"": false, ""max_new_tokens"": 5}",tier_b_r1_2b_full,5cc3a4f64f0d09e02b3a49ba7234826aa61d42c9,v0.1
vsr_test:0423,vsr_test:0423,test,sorev,semantic,The pizza is near the sink,The sink is near the pizza.,near,proximity,sink,pizza,True,True,stability_law,True,True, True.,HuggingFaceTB/SmolVLM2-2.2B-Instruct,,2B_zero_shot,,,,7f29cebb9d06eca06ad0d6c690e4d5a083b71a9c42008f88e92474e3ff0eb98a,eb4075c77285da02c52794154760fa969fb21ab3dcceb0820cb7d2ba27d27471,http://images.cocodataset.org/train2017/000000365139.jpg,http://images.cocodataset.org/train2017/000000365139.jpg,,http://images.cocodataset.org/train2017/000000365139.jpg,sorev,tier_b_v0.1,"{""axis"": ""semantic"", ""law"": ""stability_law"", ""note"": ""symmetric relation; subject/object reversal keeps truth"", ""relation"": ""near"", ""transform"": ""sorev""}",,"{""do_sample"": false, ""max_new_tokens"": 5}",tier_b_r1_2b_full,5cc3a4f64f0d09e02b3a49ba7234826aa61d42c9,v0.1
vsr_test:0425,vsr_test:0425,test,sorev,semantic,The broccoli is alongside the bowl,The bowl is alongside the broccoli.,alongside,horizontal,bowl,broccoli,True,True,stability_law,False,False, False.,HuggingFaceTB/SmolVLM2-2.2B-Instruct,,2B_zero_shot,,,,7f29cebb9d06eca06ad0d6c690e4d5a083b71a9c42008f88e92474e3ff0eb98a,eb4075c77285da02c52794154760fa969fb21ab3dcceb0820cb7d2ba27d27471,http://images.cocodataset.org/train2017/000000364803.jpg,http://images.cocodataset.org/train2017/000000364803.jpg,,http://images.cocodataset.org/train2017/000000364803.jpg,sorev,tier_b_v0.1,"{""axis"": ""semantic"", ""law"": ""stability_law"", ""note"": ""symmetric relation; subject/object reversal keeps truth"", ""relation"": ""alongside"", ""transform"": ""sorev""}",,"{""do_sample"": false, ""max_new_tokens"": 5}",tier_b_r1_2b_full,5cc3a4f64f0d09e02b3a49ba7234826aa61d42c9,v0.1
vsr_test:0428,vsr_test:0428,test,sorev,semantic,The banana is far away from the motorcycle,The motorcycle is far away from the banana.,far away from,proximity,motorcycle,banana,True,True,stability_law,True,True, True.,HuggingFaceTB/SmolVLM2-2.2B-Instruct,,2B_zero_shot,,,,7f29cebb9d06eca06ad0d6c690e4d5a083b71a9c42008f88e92474e3ff0eb98a,eb4075c77285da02c52794154760fa969fb21ab3dcceb0820cb7d2ba27d27471,http://images.cocodataset.org/train2017/000000414258.jpg,http://images.cocodataset.org/train2017/000000414258.jpg,,http://images.cocodataset.org/train2017/000000414258.jpg,sorev,tier_b_v0.1,"{""axis"": ""semantic"", ""law"": ""stability_law"", ""note"": ""symmetric relation; subject/object reversal keeps truth"", ""relation"": ""far away from"", ""transform"": ""sorev""}",,"{""do_sample"": false, ""max_new_tokens"": 5}",tier_b_r1_2b_full,5cc3a4f64f0d09e02b3a49ba7234826aa61d42c9,v0.1
vsr_test:0429,vsr_test:0429,test,sorev,semantic,The person is opposite to the pizza,The pizza is opposite to the person.,opposite to,other,pizza,person,False,False,stability_law,False,True, False.,HuggingFaceTB/SmolVLM2-2.2B-Instruct,,2B_zero_shot,,,,7f29cebb9d06eca06ad0d6c690e4d5a083b71a9c42008f88e92474e3ff0eb98a,eb4075c77285da02c52794154760fa969fb21ab3dcceb0820cb7d2ba27d27471,http://images.cocodataset.org/train2017/000000442001.jpg,http://images.cocodataset.org/train2017/000000442001.jpg,,http://images.cocodataset.org/train2017/000000442001.jpg,sorev,tier_b_v0.1,"{""axis"": ""semantic"", ""law"": ""stability_law"", ""note"": ""symmetric relation; subject/object reversal keeps truth"", ""relation"": ""opposite to"", ""transform"": ""sorev""}",,"{""do_sample"": false, ""max_new_tokens"": 5}",tier_b_r1_2b_full,5cc3a4f64f0d09e02b3a49ba7234826aa61d42c9,v0.1
vsr_test:0430,vsr_test:0430,test,sorev,semantic,The banana is touching the dining table,The dining table is touching the banana.,touching,topology_contact,dining table,banana,True,True,stability_law,True,True, True.,HuggingFaceTB/SmolVLM2-2.2B-Instruct,,2B_zero_shot,,,,7f29cebb9d06eca06ad0d6c690e4d5a083b71a9c42008f88e92474e3ff0eb98a,eb4075c77285da02c52794154760fa969fb21ab3dcceb0820cb7d2ba27d27471,http://images.cocodataset.org/train2017/000000443397.jpg,http://images.cocodataset.org/train2017/000000443397.jpg,,http://images.cocodataset.org/train2017/000000443397.jpg,sorev,tier_b_v0.1,"{""axis"": ""semantic"", ""law"": ""stability_law"", ""note"": ""symmetric relation; subject/object reversal keeps truth"", ""relation"": ""touching"", ""transform"": ""sorev""}",,"{""do_sample"": false, ""max_new_tokens"": 5}",tier_b_r1_2b_full,5cc3a4f64f0d09e02b3a49ba7234826aa61d42c9,v0.1
vsr_test:0432,vsr_test:0432,test,sorev,semantic,The teddy bear is touching the person,The person is touching the teddy bear.,touching,topology_contact,person,teddy bear,False,False,stability_law,False,True, False.,HuggingFaceTB/SmolVLM2-2.2B-Instruct,,2B_zero_shot,,,,7f29cebb9d06eca06ad0d6c690e4d5a083b71a9c42008f88e92474e3ff0eb98a,eb4075c77285da02c52794154760fa969fb21ab3dcceb0820cb7d2ba27d27471,http://images.cocodataset.org/train2017/000000388344.jpg,http://images.cocodataset.org/train2017/000000388344.jpg,,http://images.cocodataset.org/train2017/000000388344.jpg,sorev,tier_b_v0.1,"{""axis"": ""semantic"", ""law"": ""stability_law"", ""note"": ""symmetric relation; subject/object reversal keeps truth"", ""relation"": ""touching"", ""transform"": ""sorev""}",,"{""do_sample"": false, ""max_new_tokens"": 5}",tier_b_r1_2b_full,5cc3a4f64f0d09e02b3a49ba7234826aa61d42c9,v0.1
vsr_test:0433,vsr_test:0433,test,sorev,semantic,The person is touching the orange,The orange is touching the person.,touching,topology_contact,orange,person,False,False,stability_law,False,True, False.,HuggingFaceTB/SmolVLM2-2.2B-Instruct,,2B_zero_shot,,,,7f29cebb9d06eca06ad0d6c690e4d5a083b71a9c42008f88e92474e3ff0eb98a,eb4075c77285da02c52794154760fa969fb21ab3dcceb0820cb7d2ba27d27471,http://images.cocodataset.org/train2017/000000098127.jpg,http://images.cocodataset.org/train2017/000000098127.jpg,,http://images.cocodataset.org/train2017/000000098127.jpg,sorev,tier_b_v0.1,"{""axis"": ""semantic"", ""law"": ""stability_law"", ""note"": ""symmetric relation; subject/object reversal keeps truth"", ""relation"": ""touching"", ""transform"": ""sorev""}",,"{""do_sample"": false, ""max_new_tokens"": 5}",tier_b_r1_2b_full,5cc3a4f64f0d09e02b3a49ba7234826aa61d42c9,v0.1
vsr_test:0435,vsr_test:0435,test,sorev,semantic,The banana is touching the apple,The apple is touching the banana.,touching,topology_contact,apple,banana,False,False,stability_law,False,True, False.,HuggingFaceTB/SmolVLM2-2.2B-Instruct,,2B_zero_shot,,,,7f29cebb9d06eca06ad0d6c690e4d5a083b71a9c42008f88e92474e3ff0eb98a,eb4075c77285da02c52794154760fa969fb21ab3dcceb0820cb7d2ba27d27471,http://images.cocodataset.org/train2017/000000490871.jpg,http://images.cocodataset.org/train2017/000000490871.jpg,,http://images.cocodataset.org/train2017/000000490871.jpg,sorev,tier_b_v0.1,"{""axis"": ""semantic"", ""law"": ""stability_law"", ""note"": ""symmetric relation; subject/object reversal keeps truth"", ""relation"": ""touching"", ""transform"": ""sorev""}",,"{""do_sample"": false, ""max_new_tokens"": 5}",tier_b_r1_2b_full,5cc3a4f64f0d09e02b3a49ba7234826aa61d42c9,v0.1
vsr_test:0438,vsr_test:0438,test,sorev,semantic,The tv is opposite to the person,The person is opposite to the tv.,opposite to,other,person,tv,False,False,stability_law,False,True, False.,HuggingFaceTB/SmolVLM2-2.2B-Instruct,,2B_zero_shot,,,,7f29cebb9d06eca06ad0d6c690e4d5a083b71a9c42008f88e92474e3ff0eb98a,eb4075c77285da02c52794154760fa969fb21ab3dcceb0820cb7d2ba27d27471,http://images.cocodataset.org/train2017/000000561630.jpg,http://images.cocodataset.org/train2017/000000561630.jpg,,http://images.cocodataset.org/train2017/000000561630.jpg,sorev,tier_b_v0.1,"{""axis"": ""semantic"", ""law"": ""stability_law"", ""note"": ""symmetric relation; subject/object reversal keeps truth"", ""relation"": ""opposite to"", ""transform"": ""sorev""}",,"{""do_sample"": false, ""max_new_tokens"": 5}",tier_b_r1_2b_full,5cc3a4f64f0d09e02b3a49ba7234826aa61d42c9,v0.1
vsr_test:0441,vsr_test:0441,test,sorev,semantic,The train is attached to the boat,The boat is attached to the train.,attached to,topology_contact,boat,train,True,True,stability_law,True,True, True.,HuggingFaceTB/SmolVLM2-2.2B-Instruct,,2B_zero_shot,,,,7f29cebb9d06eca06ad0d6c690e4d5a083b71a9c42008f88e92474e3ff0eb98a,eb4075c77285da02c52794154760fa969fb21ab3dcceb0820cb7d2ba27d27471,http://images.cocodataset.org/train2017/000000284873.jpg,http://images.cocodataset.org/train2017/000000284873.jpg,,http://images.cocodataset.org/train2017/000000284873.jpg,sorev,tier_b_v0.1,"{""axis"": ""semantic"", ""law"": ""stability_law"", ""note"": ""symmetric relation; subject/object reversal keeps truth"", ""relation"": ""attached to"", ""transform"": ""sorev""}",,"{""do_sample"": false, ""max_new_tokens"": 5}",tier_b_r1_2b_full,5cc3a4f64f0d09e02b3a49ba7234826aa61d42c9,v0.1
vsr_test:0448,vsr_test:0448,test,sorev,semantic,The tv is touching the cat,The cat is touching the tv.,touching,topology_contact,cat,tv,True,True,stability_law,False,False, False.,HuggingFaceTB/SmolVLM2-2.2B-Instruct,,2B_zero_shot,,,,7f29cebb9d06eca06ad0d6c690e4d5a083b71a9c42008f88e92474e3ff0eb98a,eb4075c77285da02c52794154760fa969fb21ab3dcceb0820cb7d2ba27d27471,http://images.cocodataset.org/train2017/000000025421.jpg,http://images.cocodataset.org/train2017/000000025421.jpg,,http://images.cocodataset.org/train2017/000000025421.jpg,sorev,tier_b_v0.1,"{""axis"": ""semantic"", ""law"": ""stability_law"", ""note"": ""symmetric relation; subject/object reversal keeps truth"", ""relation"": ""touching"", ""transform"": ""sorev""}",,"{""do_sample"": false, ""max_new_tokens"": 5}",tier_b_r1_2b_full,5cc3a4f64f0d09e02b3a49ba7234826aa61d42c9,v0.1
vsr_test:0450,vsr_test:0450,test,sorev,semantic,The train is alongside the potted plant,The potted plant is alongside the train.,alongside,horizontal,potted plant,train,False,False,stability_law,True,False, True.,HuggingFaceTB/SmolVLM2-2.2B-Instruct,,2B_zero_shot,,,,7f29cebb9d06eca06ad0d6c690e4d5a083b71a9c42008f88e92474e3ff0eb98a,eb4075c77285da02c52794154760fa969fb21ab3dcceb0820cb7d2ba27d27471,http://images.cocodataset.org/train2017/000000435481.jpg,http://images.cocodataset.org/train2017/000000435481.jpg,,http://images.cocodataset.org/train2017/000000435481.jpg,sorev,tier_b_v0.1,"{""axis"": ""semantic"", ""law"": ""stability_law"", ""note"": ""symmetric relation; subject/object reversal keeps truth"", ""relation"": ""alongside"", ""transform"": ""sorev""}",,"{""do_sample"": false, ""max_new_tokens"": 5}",tier_b_r1_2b_full,5cc3a4f64f0d09e02b3a49ba7234826aa61d42c9,v0.1
vsr_test:0451,vsr_test:0451,test,sorev,semantic,The cup is touching the donut,The donut is touching the cup.,touching,topology_contact,donut,cup,False,False,stability_law,False,True, False.,HuggingFaceTB/SmolVLM2-2.2B-Instruct,,2B_zero_shot,,,,7f29cebb9d06eca06ad0d6c690e4d5a083b71a9c42008f88e92474e3ff0eb98a,eb4075c77285da02c52794154760fa969fb21ab3dcceb0820cb7d2ba27d27471,http://images.cocodataset.org/train2017/000000398093.jpg,http://images.cocodataset.org/train2017/000000398093.jpg,,http://images.cocodataset.org/train2017/000000398093.jpg,sorev,tier_b_v0.1,"{""axis"": ""semantic"", ""law"": ""stability_law"", ""note"": ""symmetric relation; subject/object reversal keeps truth"", ""relation"": ""touching"", ""transform"": ""sorev""}",,"{""do_sample"": false, ""max_new_tokens"": 5}",tier_b_r1_2b_full,5cc3a4f64f0d09e02b3a49ba7234826aa61d42c9,v0.1
vsr_test:0453,vsr_test:0453,test,sorev,semantic,The bicycle is touching the bed,The bed is touching the bicycle.,touching,topology_contact,bed,bicycle,True,True,stability_law,True,True, True.,HuggingFaceTB/SmolVLM2-2.2B-Instruct,,2B_zero_shot,,,,7f29cebb9d06eca06ad0d6c690e4d5a083b71a9c42008f88e92474e3ff0eb98a,eb4075c77285da02c52794154760fa969fb21ab3dcceb0820cb7d2ba27d27471,http://images.cocodataset.org/train2017/000000002139.jpg,http://images.cocodataset.org/train2017/000000002139.jpg,,http://images.cocodataset.org/train2017/000000002139.jpg,sorev,tier_b_v0.1,"{""axis"": ""semantic"", ""law"": ""stability_law"", ""note"": ""symmetric relation; subject/object reversal keeps truth"", ""relation"": ""touching"", ""transform"": ""sorev""}",,"{""do_sample"": false, ""max_new_tokens"": 5}",tier_b_r1_2b_full,5cc3a4f64f0d09e02b3a49ba7234826aa61d42c9,v0.1
vsr_test:0454,vsr_test:0454,test,sorev,semantic,The bear is far away from the person,The person is far away from the bear.,far away from,proximity,person,bear,True,True,stability_law,True,True, True.,HuggingFaceTB/SmolVLM2-2.2B-Instruct,,2B_zero_shot,,,,7f29cebb9d06eca06ad0d6c690e4d5a083b71a9c42008f88e92474e3ff0eb98a,eb4075c77285da02c52794154760fa969fb21ab3dcceb0820cb7d2ba27d27471,http://images.cocodataset.org/train2017/000000094926.jpg,http://images.cocodataset.org/train2017/000000094926.jpg,,http://images.cocodataset.org/train2017/000000094926.jpg,sorev,tier_b_v0.1,"{""axis"": ""semantic"", ""law"": ""stability_law"", ""note"": ""symmetric relation; subject/object reversal keeps truth"", ""relation"": ""far away from"", ""transform"": ""sorev""}",,"{""do_sample"": false, ""max_new_tokens"": 5}",tier_b_r1_2b_full,5cc3a4f64f0d09e02b3a49ba7234826aa61d42c9,v0.1
vsr_test:0455,vsr_test:0455,test,sorev,semantic,The teddy bear is touching the dining table,The dining table is touching the teddy bear.,touching,topology_contact,dining table,teddy bear,False,False,stability_law,False,True, False.,HuggingFaceTB/SmolVLM2-2.2B-Instruct,,2B_zero_shot,,,,7f29cebb9d06eca06ad0d6c690e4d5a083b71a9c42008f88e92474e3ff0eb98a,eb4075c77285da02c52794154760fa969fb21ab3dcceb0820cb7d2ba27d27471,http://images.cocodataset.org/train2017/000000479563.jpg,http://images.cocodataset.org/train2017/000000479563.jpg,,http://images.cocodataset.org/train2017/000000479563.jpg,sorev,tier_b_v0.1,"{""axis"": ""semantic"", ""law"": ""stability_law"", ""note"": ""symmetric relation; subject/object reversal keeps truth"", ""relation"": ""touching"", ""transform"": ""sorev""}",,"{""do_sample"": false, ""max_new_tokens"": 5}",tier_b_r1_2b_full,5cc3a4f64f0d09e02b3a49ba7234826aa61d42c9,v0.1
vsr_test:0456,vsr_test:0456,test,sorev,semantic,The car is opposite to the parking meter,The parking meter is opposite to the car.,opposite to,other,parking meter,car,False,False,stability_law,False,True, False.,HuggingFaceTB/SmolVLM2-2.2B-Instruct,,2B_zero_shot,,,,7f29cebb9d06eca06ad0d6c690e4d5a083b71a9c42008f88e92474e3ff0eb98a,eb4075c77285da02c52794154760fa969fb21ab3dcceb0820cb7d2ba27d27471,http://images.cocodataset.org/train2017/000000385172.jpg,http://images.cocodataset.org/train2017/000000385172.jpg,,http://images.cocodataset.org/train2017/000000385172.jpg,sorev,tier_b_v0.1,"{""axis"": ""semantic"", ""law"": ""stability_law"", ""note"": ""symmetric relation; subject/object reversal keeps truth"", ""relation"": ""opposite to"", ""transform"": ""sorev""}",,"{""do_sample"": false, ""max_new_tokens"": 5}",tier_b_r1_2b_full,5cc3a4f64f0d09e02b3a49ba7234826aa61d42c9,v0.1
vsr_test:0458,vsr_test:0458,test,sorev,semantic,The cat is touching the bench,The bench is touching the cat.,touching,topology_contact,bench,cat,True,True,stability_law,True,True, True.,HuggingFaceTB/SmolVLM2-2.2B-Instruct,,2B_zero_shot,,,,7f29cebb9d06eca06ad0d6c690e4d5a083b71a9c42008f88e92474e3ff0eb98a,eb4075c77285da02c52794154760fa969fb21ab3dcceb0820cb7d2ba27d27471,http://images.cocodataset.org/train2017/000000109869.jpg,http://images.cocodataset.org/train2017/000000109869.jpg,,http://images.cocodataset.org/train2017/000000109869.jpg,sorev,tier_b_v0.1,"{""axis"": ""semantic"", ""law"": ""stability_law"", ""note"": ""symmetric relation; subject/object reversal keeps truth"", ""relation"": ""touching"", ""transform"": ""sorev""}",,"{""do_sample"": false, ""max_new_tokens"": 5}",tier_b_r1_2b_full,5cc3a4f64f0d09e02b3a49ba7234826aa61d42c9,v0.1
vsr_test:0460,vsr_test:0460,test,sorev,semantic,The potted plant is next to the wine glass,The wine glass is next to the potted plant.,next to,horizontal,wine glass,potted plant,False,False,stability_law,True,False, True.,HuggingFaceTB/SmolVLM2-2.2B-Instruct,,2B_zero_shot,,,,7f29cebb9d06eca06ad0d6c690e4d5a083b71a9c42008f88e92474e3ff0eb98a,eb4075c77285da02c52794154760fa969fb21ab3dcceb0820cb7d2ba27d27471,http://images.cocodataset.org/train2017/000000275449.jpg,http://images.cocodataset.org/train2017/000000275449.jpg,,http://images.cocodataset.org/train2017/000000275449.jpg,sorev,tier_b_v0.1,"{""axis"": ""semantic"", ""law"": ""stability_law"", ""note"": ""symmetric relation; subject/object reversal keeps truth"", ""relation"": ""next to"", ""transform"": ""sorev""}",,"{""do_sample"": false, ""max_new_tokens"": 5}",tier_b_r1_2b_full,5cc3a4f64f0d09e02b3a49ba7234826aa61d42c9,v0.1
vsr_test:0461,vsr_test:0461,test,sorev,semantic,The donut is touching the person,The person is touching the donut.,touching,topology_contact,person,donut,False,False,stability_law,False,True, False.,HuggingFaceTB/SmolVLM2-2.2B-Instruct,,2B_zero_shot,,,,7f29cebb9d06eca06ad0d6c690e4d5a083b71a9c42008f88e92474e3ff0eb98a,eb4075c77285da02c52794154760fa969fb21ab3dcceb0820cb7d2ba27d27471,http://images.cocodataset.org/train2017/000000303718.jpg,http://images.cocodataset.org/train2017/000000303718.jpg,,http://images.cocodataset.org/train2017/000000303718.jpg,sorev,tier_b_v0.1,"{""axis"": ""semantic"", ""law"": ""stability_law"", ""note"": ""symmetric relation; subject/object reversal keeps truth"", ""relation"": ""touching"", ""transform"": ""sorev""}",,"{""do_sample"": false, ""max_new_tokens"": 5}",tier_b_r1_2b_full,5cc3a4f64f0d09e02b3a49ba7234826aa61d42c9,v0.1
vsr_test:0462,vsr_test:0462,test,sorev,semantic,The person is touching the giraffe,The giraffe is touching the person.,touching,topology_contact,giraffe,person,False,False,stability_law,True,False, True.,HuggingFaceTB/SmolVLM2-2.2B-Instruct,,2B_zero_shot,,,,7f29cebb9d06eca06ad0d6c690e4d5a083b71a9c42008f88e92474e3ff0eb98a,eb4075c77285da02c52794154760fa969fb21ab3dcceb0820cb7d2ba27d27471,http://images.cocodataset.org/train2017/000000558163.jpg,http://images.cocodataset.org/train2017/000000558163.jpg,,http://images.cocodataset.org/train2017/000000558163.jpg,sorev,tier_b_v0.1,"{""axis"": ""semantic"", ""law"": ""stability_law"", ""note"": ""symmetric relation; subject/object reversal keeps truth"", ""relation"": ""touching"", ""transform"": ""sorev""}",,"{""do_sample"": false, ""max_new_tokens"": 5}",tier_b_r1_2b_full,5cc3a4f64f0d09e02b3a49ba7234826aa61d42c9,v0.1
vsr_test:0465,vsr_test:0465,test,sorev,semantic,The backpack is touching the bed,The bed is touching the backpack.,touching,topology_contact,bed,backpack,True,True,stability_law,True,True, True.,HuggingFaceTB/SmolVLM2-2.2B-Instruct,,2B_zero_shot,,,,7f29cebb9d06eca06ad0d6c690e4d5a083b71a9c42008f88e92474e3ff0eb98a,eb4075c77285da02c52794154760fa969fb21ab3dcceb0820cb7d2ba27d27471,http://images.cocodataset.org/train2017/000000303534.jpg,http://images.cocodataset.org/train2017/000000303534.jpg,,http://images.cocodataset.org/train2017/000000303534.jpg,sorev,tier_b_v0.1,"{""axis"": ""semantic"", ""law"": ""stability_law"", ""note"": ""symmetric relation; subject/object reversal keeps truth"", ""relation"": ""touching"", ""transform"": ""sorev""}",,"{""do_sample"": false, ""max_new_tokens"": 5}",tier_b_r1_2b_full,5cc3a4f64f0d09e02b3a49ba7234826aa61d42c9,v0.1
vsr_test:0473,vsr_test:0473,test,sorev,semantic,The bed is next to the cat,The cat is next to the bed.,next to,horizontal,cat,bed,True,True,stability_law,True,True, True.,HuggingFaceTB/SmolVLM2-2.2B-Instruct,,2B_zero_shot,,,,7f29cebb9d06eca06ad0d6c690e4d5a083b71a9c42008f88e92474e3ff0eb98a,eb4075c77285da02c52794154760fa969fb21ab3dcceb0820cb7d2ba27d27471,http://images.cocodataset.org/train2017/000000268227.jpg,http://images.cocodataset.org/train2017/000000268227.jpg,,http://images.cocodataset.org/train2017/000000268227.jpg,sorev,tier_b_v0.1,"{""axis"": ""semantic"", ""law"": ""stability_law"", ""note"": ""symmetric relation; subject/object reversal keeps truth"", ""relation"": ""next to"", ""transform"": ""sorev""}",,"{""do_sample"": false, ""max_new_tokens"": 5}",tier_b_r1_2b_full,5cc3a4f64f0d09e02b3a49ba7234826aa61d42c9,v0.1
vsr_test:0475,vsr_test:0475,test,sorev,semantic,The broccoli is touching the person,The person is touching the broccoli.,touching,topology_contact,person,broccoli,True,True,stability_law,True,True, True.,HuggingFaceTB/SmolVLM2-2.2B-Instruct,,2B_zero_shot,,,,7f29cebb9d06eca06ad0d6c690e4d5a083b71a9c42008f88e92474e3ff0eb98a,eb4075c77285da02c52794154760fa969fb21ab3dcceb0820cb7d2ba27d27471,http://images.cocodataset.org/train2017/000000204467.jpg,http://images.cocodataset.org/train2017/000000204467.jpg,,http://images.cocodataset.org/train2017/000000204467.jpg,sorev,tier_b_v0.1,"{""axis"": ""semantic"", ""law"": ""stability_law"", ""note"": ""symmetric relation; subject/object reversal keeps truth"", ""relation"": ""touching"", ""transform"": ""sorev""}",,"{""do_sample"": false, ""max_new_tokens"": 5}",tier_b_r1_2b_full,5cc3a4f64f0d09e02b3a49ba7234826aa61d42c9,v0.1
vsr_test:0477,vsr_test:0477,test,sorev,semantic,The giraffe is touching the person,The person is touching the giraffe.,touching,topology_contact,person,giraffe,True,True,stability_law,True,True, True.,HuggingFaceTB/SmolVLM2-2.2B-Instruct,,2B_zero_shot,,,,7f29cebb9d06eca06ad0d6c690e4d5a083b71a9c42008f88e92474e3ff0eb98a,eb4075c77285da02c52794154760fa969fb21ab3dcceb0820cb7d2ba27d27471,http://images.cocodataset.org/train2017/000000527183.jpg,http://images.cocodataset.org/train2017/000000527183.jpg,,http://images.cocodataset.org/train2017/000000527183.jpg,sorev,tier_b_v0.1,"{""axis"": ""semantic"", ""law"": ""stability_law"", ""note"": ""symmetric relation; subject/object reversal keeps truth"", ""relation"": ""touching"", ""transform"": ""sorev""}",,"{""do_sample"": false, ""max_new_tokens"": 5}",tier_b_r1_2b_full,5cc3a4f64f0d09e02b3a49ba7234826aa61d42c9,v0.1
vsr_test:0478,vsr_test:0478,test,sorev,semantic,The pizza is touching the dog,The dog is touching the pizza.,touching,topology_contact,dog,pizza,False,False,stability_law,True,False, True.,HuggingFaceTB/SmolVLM2-2.2B-Instruct,,2B_zero_shot,,,,7f29cebb9d06eca06ad0d6c690e4d5a083b71a9c42008f88e92474e3ff0eb98a,eb4075c77285da02c52794154760fa969fb21ab3dcceb0820cb7d2ba27d27471,http://images.cocodataset.org/train2017/000000473720.jpg,http://images.cocodataset.org/train2017/000000473720.jpg,,http://images.cocodataset.org/train2017/000000473720.jpg,sorev,tier_b_v0.1,"{""axis"": ""semantic"", ""law"": ""stability_law"", ""note"": ""symmetric relation; subject/object reversal keeps truth"", ""relation"": ""touching"", ""transform"": ""sorev""}",,"{""do_sample"": false, ""max_new_tokens"": 5}",tier_b_r1_2b_full,5cc3a4f64f0d09e02b3a49ba7234826aa61d42c9,v0.1
vsr_test:0479,vsr_test:0479,test,sorev,semantic,The donut is touching the dining table,The dining table is touching the donut.,touching,topology_contact,dining table,donut,True,True,stability_law,True,True, True.,HuggingFaceTB/SmolVLM2-2.2B-Instruct,,2B_zero_shot,,,,7f29cebb9d06eca06ad0d6c690e4d5a083b71a9c42008f88e92474e3ff0eb98a,eb4075c77285da02c52794154760fa969fb21ab3dcceb0820cb7d2ba27d27471,http://images.cocodataset.org/train2017/000000392387.jpg,http://images.cocodataset.org/train2017/000000392387.jpg,,http://images.cocodataset.org/train2017/000000392387.jpg,sorev,tier_b_v0.1,"{""axis"": ""semantic"", ""law"": ""stability_law"", ""note"": ""symmetric relation; subject/object reversal keeps truth"", ""relation"": ""touching"", ""transform"": ""sorev""}",,"{""do_sample"": false, ""max_new_tokens"": 5}",tier_b_r1_2b_full,5cc3a4f64f0d09e02b3a49ba7234826aa61d42c9,v0.1
vsr_test:0488,vsr_test:0488,test,sorev,semantic,The dining table is touching the sandwich,The sandwich is touching the dining table.,touching,topology_contact,sandwich,dining table,True,True,stability_law,True,True, True.,HuggingFaceTB/SmolVLM2-2.2B-Instruct,,2B_zero_shot,,,,7f29cebb9d06eca06ad0d6c690e4d5a083b71a9c42008f88e92474e3ff0eb98a,eb4075c77285da02c52794154760fa969fb21ab3dcceb0820cb7d2ba27d27471,http://images.cocodataset.org/train2017/000000116572.jpg,http://images.cocodataset.org/train2017/000000116572.jpg,,http://images.cocodataset.org/train2017/000000116572.jpg,sorev,tier_b_v0.1,"{""axis"": ""semantic"", ""law"": ""stability_law"", ""note"": ""symmetric relation; subject/object reversal keeps truth"", ""relation"": ""touching"", ""transform"": ""sorev""}",,"{""do_sample"": false, ""max_new_tokens"": 5}",tier_b_r1_2b_full,5cc3a4f64f0d09e02b3a49ba7234826aa61d42c9,v0.1
vsr_test:0489,vsr_test:0489,test,sorev,semantic,The oven is near the refrigerator,The refrigerator is near the oven.,near,proximity,refrigerator,oven,True,True,stability_law,True,True, True.,HuggingFaceTB/SmolVLM2-2.2B-Instruct,,2B_zero_shot,,,,7f29cebb9d06eca06ad0d6c690e4d5a083b71a9c42008f88e92474e3ff0eb98a,eb4075c77285da02c52794154760fa969fb21ab3dcceb0820cb7d2ba27d27471,http://images.cocodataset.org/train2017/000000243280.jpg,http://images.cocodataset.org/train2017/000000243280.jpg,,http://images.cocodataset.org/train2017/000000243280.jpg,sorev,tier_b_v0.1,"{""axis"": ""semantic"", ""law"": ""stability_law"", ""note"": ""symmetric relation; subject/object reversal keeps truth"", ""relation"": ""near"", ""transform"": ""sorev""}",,"{""do_sample"": false, ""max_new_tokens"": 5}",tier_b_r1_2b_full,5cc3a4f64f0d09e02b3a49ba7234826aa61d42c9,v0.1
vsr_test:0496,vsr_test:0496,test,sorev,semantic,The book is touching the bed,The bed is touching the book.,touching,topology_contact,bed,book,True,True,stability_law,True,True, True.,HuggingFaceTB/SmolVLM2-2.2B-Instruct,,2B_zero_shot,,,,7f29cebb9d06eca06ad0d6c690e4d5a083b71a9c42008f88e92474e3ff0eb98a,eb4075c77285da02c52794154760fa969fb21ab3dcceb0820cb7d2ba27d27471,http://images.cocodataset.org/train2017/000000044989.jpg,http://images.cocodataset.org/train2017/000000044989.jpg,,http://images.cocodataset.org/train2017/000000044989.jpg,sorev,tier_b_v0.1,"{""axis"": ""semantic"", ""law"": ""stability_law"", ""note"": ""symmetric relation; subject/object reversal keeps truth"", ""relation"": ""touching"", ""transform"": ""sorev""}",,"{""do_sample"": false, ""max_new_tokens"": 5}",tier_b_r1_2b_full,5cc3a4f64f0d09e02b3a49ba7234826aa61d42c9,v0.1
vsr_test:0497,vsr_test:0497,test,sorev,semantic,The cake is touching the person,The person is touching the cake.,touching,topology_contact,person,cake,True,True,stability_law,True,True, True.,HuggingFaceTB/SmolVLM2-2.2B-Instruct,,2B_zero_shot,,,,7f29cebb9d06eca06ad0d6c690e4d5a083b71a9c42008f88e92474e3ff0eb98a,eb4075c77285da02c52794154760fa969fb21ab3dcceb0820cb7d2ba27d27471,http://images.cocodataset.org/train2017/000000148176.jpg,http://images.cocodataset.org/train2017/000000148176.jpg,,http://images.cocodataset.org/train2017/000000148176.jpg,sorev,tier_b_v0.1,"{""axis"": ""semantic"", ""law"": ""stability_law"", ""note"": ""symmetric relation; subject/object reversal keeps truth"", ""relation"": ""touching"", ""transform"": ""sorev""}",,"{""do_sample"": false, ""max_new_tokens"": 5}",tier_b_r1_2b_full,5cc3a4f64f0d09e02b3a49ba7234826aa61d42c9,v0.1
vsr_test:0505,vsr_test:0505,test,sorev,semantic,The cake is close to the oven,The oven is close to the cake.,close to,proximity,oven,cake,False,False,stability_law,False,True, False.,HuggingFaceTB/SmolVLM2-2.2B-Instruct,,2B_zero_shot,,,,7f29cebb9d06eca06ad0d6c690e4d5a083b71a9c42008f88e92474e3ff0eb98a,eb4075c77285da02c52794154760fa969fb21ab3dcceb0820cb7d2ba27d27471,http://images.cocodataset.org/train2017/000000558271.jpg,http://images.cocodataset.org/train2017/000000558271.jpg,,http://images.cocodataset.org/train2017/000000558271.jpg,sorev,tier_b_v0.1,"{""axis"": ""semantic"", ""law"": ""stability_law"", ""note"": ""symmetric relation; subject/object reversal keeps truth"", ""relation"": ""close to"", ""transform"": ""sorev""}",,"{""do_sample"": false, ""max_new_tokens"": 5}",tier_b_r1_2b_full,5cc3a4f64f0d09e02b3a49ba7234826aa61d42c9,v0.1
vsr_test:0506,vsr_test:0506,test,sorev,semantic,The cat is touching the backpack,The backpack is touching the cat.,touching,topology_contact,backpack,cat,False,False,stability_law,False,True, False.,HuggingFaceTB/SmolVLM2-2.2B-Instruct,,2B_zero_shot,,,,7f29cebb9d06eca06ad0d6c690e4d5a083b71a9c42008f88e92474e3ff0eb98a,eb4075c77285da02c52794154760fa969fb21ab3dcceb0820cb7d2ba27d27471,http://images.cocodataset.org/train2017/000000536321.jpg,http://images.cocodataset.org/train2017/000000536321.jpg,,http://images.cocodataset.org/train2017/000000536321.jpg,sorev,tier_b_v0.1,"{""axis"": ""semantic"", ""law"": ""stability_law"", ""note"": ""symmetric relation; subject/object reversal keeps truth"", ""relation"": ""touching"", ""transform"": ""sorev""}",,"{""do_sample"": false, ""max_new_tokens"": 5}",tier_b_r1_2b_full,5cc3a4f64f0d09e02b3a49ba7234826aa61d42c9,v0.1
vsr_test:0509,vsr_test:0509,test,sorev,semantic,The sheep is touching the person,The person is touching the sheep.,touching,topology_contact,person,sheep,True,True,stability_law,False,False, False.,HuggingFaceTB/SmolVLM2-2.2B-Instruct,,2B_zero_shot,,,,7f29cebb9d06eca06ad0d6c690e4d5a083b71a9c42008f88e92474e3ff0eb98a,eb4075c77285da02c52794154760fa969fb21ab3dcceb0820cb7d2ba27d27471,http://images.cocodataset.org/val2017/000000500477.jpg,http://images.cocodataset.org/val2017/000000500477.jpg,,http://images.cocodataset.org/val2017/000000500477.jpg,sorev,tier_b_v0.1,"{""axis"": ""semantic"", ""law"": ""stability_law"", ""note"": ""symmetric relation; subject/object reversal keeps truth"", ""relation"": ""touching"", ""transform"": ""sorev""}",,"{""do_sample"": false, ""max_new_tokens"": 5}",tier_b_r1_2b_full,5cc3a4f64f0d09e02b3a49ba7234826aa61d42c9,v0.1
vsr_test:0515,vsr_test:0515,test,sorev,semantic,The umbrella is touching the bed,The bed is touching the umbrella.,touching,topology_contact,bed,umbrella,True,True,stability_law,True,True, True.,HuggingFaceTB/SmolVLM2-2.2B-Instruct,,2B_zero_shot,,,,7f29cebb9d06eca06ad0d6c690e4d5a083b71a9c42008f88e92474e3ff0eb98a,eb4075c77285da02c52794154760fa969fb21ab3dcceb0820cb7d2ba27d27471,http://images.cocodataset.org/train2017/000000179476.jpg,http://images.cocodataset.org/train2017/000000179476.jpg,,http://images.cocodataset.org/train2017/000000179476.jpg,sorev,tier_b_v0.1,"{""axis"": ""semantic"", ""law"": ""stability_law"", ""note"": ""symmetric relation; subject/object reversal keeps truth"", ""relation"": ""touching"", ""transform"": ""sorev""}",,"{""do_sample"": false, ""max_new_tokens"": 5}",tier_b_r1_2b_full,5cc3a4f64f0d09e02b3a49ba7234826aa61d42c9,v0.1
vsr_test:0528,vsr_test:0528,test,sorev,semantic,The dog is touching the apple,The apple is touching the dog.,touching,topology_contact,apple,dog,True,True,stability_law,True,True, True.,HuggingFaceTB/SmolVLM2-2.2B-Instruct,,2B_zero_shot,,,,7f29cebb9d06eca06ad0d6c690e4d5a083b71a9c42008f88e92474e3ff0eb98a,eb4075c77285da02c52794154760fa969fb21ab3dcceb0820cb7d2ba27d27471,http://images.cocodataset.org/train2017/000000459084.jpg,http://images.cocodataset.org/train2017/000000459084.jpg,,http://images.cocodataset.org/train2017/000000459084.jpg,sorev,tier_b_v0.1,"{""axis"": ""semantic"", ""law"": ""stability_law"", ""note"": ""symmetric relation; subject/object reversal keeps truth"", ""relation"": ""touching"", ""transform"": ""sorev""}",,"{""do_sample"": false, ""max_new_tokens"": 5}",tier_b_r1_2b_full,5cc3a4f64f0d09e02b3a49ba7234826aa61d42c9,v0.1
vsr_test:0532,vsr_test:0532,test,sorev,semantic,The pizza is touching the person,The person is touching the pizza.,touching,topology_contact,person,pizza,False,False,stability_law,True,False, True.,HuggingFaceTB/SmolVLM2-2.2B-Instruct,,2B_zero_shot,,,,7f29cebb9d06eca06ad0d6c690e4d5a083b71a9c42008f88e92474e3ff0eb98a,eb4075c77285da02c52794154760fa969fb21ab3dcceb0820cb7d2ba27d27471,http://images.cocodataset.org/train2017/000000083508.jpg,http://images.cocodataset.org/train2017/000000083508.jpg,,http://images.cocodataset.org/train2017/000000083508.jpg,sorev,tier_b_v0.1,"{""axis"": ""semantic"", ""law"": ""stability_law"", ""note"": ""symmetric relation; subject/object reversal keeps truth"", ""relation"": ""touching"", ""transform"": ""sorev""}",,"{""do_sample"": false, ""max_new_tokens"": 5}",tier_b_r1_2b_full,5cc3a4f64f0d09e02b3a49ba7234826aa61d42c9,v0.1
vsr_test:0533,vsr_test:0533,test,sorev,semantic,The person is touching the sandwich,The sandwich is touching the person.,touching,topology_contact,sandwich,person,True,True,stability_law,True,True, True.,HuggingFaceTB/SmolVLM2-2.2B-Instruct,,2B_zero_shot,,,,7f29cebb9d06eca06ad0d6c690e4d5a083b71a9c42008f88e92474e3ff0eb98a,eb4075c77285da02c52794154760fa969fb21ab3dcceb0820cb7d2ba27d27471,http://images.cocodataset.org/train2017/000000328326.jpg,http://images.cocodataset.org/train2017/000000328326.jpg,,http://images.cocodataset.org/train2017/000000328326.jpg,sorev,tier_b_v0.1,"{""axis"": ""semantic"", ""law"": ""stability_law"", ""note"": ""symmetric relation; subject/object reversal keeps truth"", ""relation"": ""touching"", ""transform"": ""sorev""}",,"{""do_sample"": false, ""max_new_tokens"": 5}",tier_b_r1_2b_full,5cc3a4f64f0d09e02b3a49ba7234826aa61d42c9,v0.1
vsr_test:0535,vsr_test:0535,test,sorev,semantic,The person is touching the pizza,The pizza is touching the person.,touching,topology_contact,pizza,person,False,False,stability_law,True,False, True.,HuggingFaceTB/SmolVLM2-2.2B-Instruct,,2B_zero_shot,,,,7f29cebb9d06eca06ad0d6c690e4d5a083b71a9c42008f88e92474e3ff0eb98a,eb4075c77285da02c52794154760fa969fb21ab3dcceb0820cb7d2ba27d27471,http://images.cocodataset.org/train2017/000000163186.jpg,http://images.cocodataset.org/train2017/000000163186.jpg,,http://images.cocodataset.org/train2017/000000163186.jpg,sorev,tier_b_v0.1,"{""axis"": ""semantic"", ""law"": ""stability_law"", ""note"": ""symmetric relation; subject/object reversal keeps truth"", ""relation"": ""touching"", ""transform"": ""sorev""}",,"{""do_sample"": false, ""max_new_tokens"": 5}",tier_b_r1_2b_full,5cc3a4f64f0d09e02b3a49ba7234826aa61d42c9,v0.1
vsr_test:0537,vsr_test:0537,test,sorev,semantic,The cat is touching the laptop,The laptop is touching the cat.,touching,topology_contact,laptop,cat,True,True,stability_law,True,True, True.,HuggingFaceTB/SmolVLM2-2.2B-Instruct,,2B_zero_shot,,,,7f29cebb9d06eca06ad0d6c690e4d5a083b71a9c42008f88e92474e3ff0eb98a,eb4075c77285da02c52794154760fa969fb21ab3dcceb0820cb7d2ba27d27471,http://images.cocodataset.org/train2017/000000212605.jpg,http://images.cocodataset.org/train2017/000000212605.jpg,,http://images.cocodataset.org/train2017/000000212605.jpg,sorev,tier_b_v0.1,"{""axis"": ""semantic"", ""law"": ""stability_law"", ""note"": ""symmetric relation; subject/object reversal keeps truth"", ""relation"": ""touching"", ""transform"": ""sorev""}",,"{""do_sample"": false, ""max_new_tokens"": 5}",tier_b_r1_2b_full,5cc3a4f64f0d09e02b3a49ba7234826aa61d42c9,v0.1
vsr_test:0539,vsr_test:0539,test,sorev,semantic,The apple is adjacent to the cat,The cat is adjacent to the apple.,adjacent to,other,cat,apple,True,True,stability_law,True,True, True.,HuggingFaceTB/SmolVLM2-2.2B-Instruct,,2B_zero_shot,,,,7f29cebb9d06eca06ad0d6c690e4d5a083b71a9c42008f88e92474e3ff0eb98a,eb4075c77285da02c52794154760fa969fb21ab3dcceb0820cb7d2ba27d27471,http://images.cocodataset.org/train2017/000000003067.jpg,http://images.cocodataset.org/train2017/000000003067.jpg,,http://images.cocodataset.org/train2017/000000003067.jpg,sorev,tier_b_v0.1,"{""axis"": ""semantic"", ""law"": ""stability_law"", ""note"": ""symmetric relation; subject/object reversal keeps truth"", ""relation"": ""adjacent to"", ""transform"": ""sorev""}",,"{""do_sample"": false, ""max_new_tokens"": 5}",tier_b_r1_2b_full,5cc3a4f64f0d09e02b3a49ba7234826aa61d42c9,v0.1
vsr_test:0549,vsr_test:0549,test,sorev,semantic,The skateboard is far away from the bus,The bus is far away from the skateboard.,far away from,proximity,bus,skateboard,False,False,stability_law,False,True, False.,HuggingFaceTB/SmolVLM2-2.2B-Instruct,,2B_zero_shot,,,,7f29cebb9d06eca06ad0d6c690e4d5a083b71a9c42008f88e92474e3ff0eb98a,eb4075c77285da02c52794154760fa969fb21ab3dcceb0820cb7d2ba27d27471,http://images.cocodataset.org/train2017/000000530653.jpg,http://images.cocodataset.org/train2017/000000530653.jpg,,http://images.cocodataset.org/train2017/000000530653.jpg,sorev,tier_b_v0.1,"{""axis"": ""semantic"", ""law"": ""stability_law"", ""note"": ""symmetric relation; subject/object reversal keeps truth"", ""relation"": ""far away from"", ""transform"": ""sorev""}",,"{""do_sample"": false, ""max_new_tokens"": 5}",tier_b_r1_2b_full,5cc3a4f64f0d09e02b3a49ba7234826aa61d42c9,v0.1
vsr_test:0550,vsr_test:0550,test,sorev,semantic,The person is next to the bed,The bed is next to the person.,next to,horizontal,bed,person,False,False,stability_law,True,False, True.,HuggingFaceTB/SmolVLM2-2.2B-Instruct,,2B_zero_shot,,,,7f29cebb9d06eca06ad0d6c690e4d5a083b71a9c42008f88e92474e3ff0eb98a,eb4075c77285da02c52794154760fa969fb21ab3dcceb0820cb7d2ba27d27471,http://images.cocodataset.org/train2017/000000514749.jpg,http://images.cocodataset.org/train2017/000000514749.jpg,,http://images.cocodataset.org/train2017/000000514749.jpg,sorev,tier_b_v0.1,"{""axis"": ""semantic"", ""law"": ""stability_law"", ""note"": ""symmetric relation; subject/object reversal keeps truth"", ""relation"": ""next to"", ""transform"": ""sorev""}",,"{""do_sample"": false, ""max_new_tokens"": 5}",tier_b_r1_2b_full,5cc3a4f64f0d09e02b3a49ba7234826aa61d42c9,v0.1
vsr_test:0551,vsr_test:0551,test,sorev,semantic,The keyboard is touching the cat,The cat is touching the keyboard.,touching,topology_contact,cat,keyboard,False,False,stability_law,False,True, False.,HuggingFaceTB/SmolVLM2-2.2B-Instruct,,2B_zero_shot,,,,7f29cebb9d06eca06ad0d6c690e4d5a083b71a9c42008f88e92474e3ff0eb98a,eb4075c77285da02c52794154760fa969fb21ab3dcceb0820cb7d2ba27d27471,http://images.cocodataset.org/train2017/000000198561.jpg,http://images.cocodataset.org/train2017/000000198561.jpg,,http://images.cocodataset.org/train2017/000000198561.jpg,sorev,tier_b_v0.1,"{""axis"": ""semantic"", ""law"": ""stability_law"", ""note"": ""symmetric relation; subject/object reversal keeps truth"", ""relation"": ""touching"", ""transform"": ""sorev""}",,"{""do_sample"": false, ""max_new_tokens"": 5}",tier_b_r1_2b_full,5cc3a4f64f0d09e02b3a49ba7234826aa61d42c9,v0.1
vsr_test:0560,vsr_test:0560,test,sorev,semantic,The potted plant is far away from the person,The person is far away from the potted plant.,far away from,proximity,person,potted plant,False,False,stability_law,False,True, False.,HuggingFaceTB/SmolVLM2-2.2B-Instruct,,2B_zero_shot,,,,7f29cebb9d06eca06ad0d6c690e4d5a083b71a9c42008f88e92474e3ff0eb98a,eb4075c77285da02c52794154760fa969fb21ab3dcceb0820cb7d2ba27d27471,http://images.cocodataset.org/train2017/000000322720.jpg,http://images.cocodataset.org/train2017/000000322720.jpg,,http://images.cocodataset.org/train2017/000000322720.jpg,sorev,tier_b_v0.1,"{""axis"": ""semantic"", ""law"": ""stability_law"", ""note"": ""symmetric relation; subject/object reversal keeps truth"", ""relation"": ""far away from"", ""transform"": ""sorev""}",,"{""do_sample"": false, ""max_new_tokens"": 5}",tier_b_r1_2b_full,5cc3a4f64f0d09e02b3a49ba7234826aa61d42c9,v0.1
vsr_test:0566,vsr_test:0566,test,sorev,semantic,The person is far away from the traffic light,The traffic light is far away from the person.,far away from,proximity,traffic light,person,True,True,stability_law,True,True, True.,HuggingFaceTB/SmolVLM2-2.2B-Instruct,,2B_zero_shot,,,,7f29cebb9d06eca06ad0d6c690e4d5a083b71a9c42008f88e92474e3ff0eb98a,eb4075c77285da02c52794154760fa969fb21ab3dcceb0820cb7d2ba27d27471,http://images.cocodataset.org/train2017/000000011788.jpg,http://images.cocodataset.org/train2017/000000011788.jpg,,http://images.cocodataset.org/train2017/000000011788.jpg,sorev,tier_b_v0.1,"{""axis"": ""semantic"", ""law"": ""stability_law"", ""note"": ""symmetric relation; subject/object reversal keeps truth"", ""relation"": ""far away from"", ""transform"": ""sorev""}",,"{""do_sample"": false, ""max_new_tokens"": 5}",tier_b_r1_2b_full,5cc3a4f64f0d09e02b3a49ba7234826aa61d42c9,v0.1
vsr_test:0567,vsr_test:0567,test,sorev,semantic,The cup is adjacent to the teddy bear,The teddy bear is adjacent to the cup.,adjacent to,other,teddy bear,cup,True,True,stability_law,True,True, True.,HuggingFaceTB/SmolVLM2-2.2B-Instruct,,2B_zero_shot,,,,7f29cebb9d06eca06ad0d6c690e4d5a083b71a9c42008f88e92474e3ff0eb98a,eb4075c77285da02c52794154760fa969fb21ab3dcceb0820cb7d2ba27d27471,http://images.cocodataset.org/train2017/000000188053.jpg,http://images.cocodataset.org/train2017/000000188053.jpg,,http://images.cocodataset.org/train2017/000000188053.jpg,sorev,tier_b_v0.1,"{""axis"": ""semantic"", ""law"": ""stability_law"", ""note"": ""symmetric relation; subject/object reversal keeps truth"", ""relation"": ""adjacent to"", ""transform"": ""sorev""}",,"{""do_sample"": false, ""max_new_tokens"": 5}",tier_b_r1_2b_full,5cc3a4f64f0d09e02b3a49ba7234826aa61d42c9,v0.1
vsr_test:0568,vsr_test:0568,test,sorev,semantic,The person is touching the horse,The horse is touching the person.,touching,topology_contact,horse,person,True,True,stability_law,True,True, True.,HuggingFaceTB/SmolVLM2-2.2B-Instruct,,2B_zero_shot,,,,7f29cebb9d06eca06ad0d6c690e4d5a083b71a9c42008f88e92474e3ff0eb98a,eb4075c77285da02c52794154760fa969fb21ab3dcceb0820cb7d2ba27d27471,http://images.cocodataset.org/train2017/000000326801.jpg,http://images.cocodataset.org/train2017/000000326801.jpg,,http://images.cocodataset.org/train2017/000000326801.jpg,sorev,tier_b_v0.1,"{""axis"": ""semantic"", ""law"": ""stability_law"", ""note"": ""symmetric relation; subject/object reversal keeps truth"", ""relation"": ""touching"", ""transform"": ""sorev""}",,"{""do_sample"": false, ""max_new_tokens"": 5}",tier_b_r1_2b_full,5cc3a4f64f0d09e02b3a49ba7234826aa61d42c9,v0.1
vsr_test:0572,vsr_test:0572,test,sorev,semantic,The cup is touching the donut,The donut is touching the cup.,touching,topology_contact,donut,cup,False,False,stability_law,False,True, False.,HuggingFaceTB/SmolVLM2-2.2B-Instruct,,2B_zero_shot,,,,7f29cebb9d06eca06ad0d6c690e4d5a083b71a9c42008f88e92474e3ff0eb98a,eb4075c77285da02c52794154760fa969fb21ab3dcceb0820cb7d2ba27d27471,http://images.cocodataset.org/train2017/000000302678.jpg,http://images.cocodataset.org/train2017/000000302678.jpg,,http://images.cocodataset.org/train2017/000000302678.jpg,sorev,tier_b_v0.1,"{""axis"": ""semantic"", ""law"": ""stability_law"", ""note"": ""symmetric relation; subject/object reversal keeps truth"", ""relation"": ""touching"", ""transform"": ""sorev""}",,"{""do_sample"": false, ""max_new_tokens"": 5}",tier_b_r1_2b_full,5cc3a4f64f0d09e02b3a49ba7234826aa61d42c9,v0.1
vsr_test:0577,vsr_test:0577,test,sorev,semantic,The cat is at the side of the carrot,The carrot is at the side of the cat.,at the side of,horizontal,carrot,cat,True,True,stability_law,False,False, False.,HuggingFaceTB/SmolVLM2-2.2B-Instruct,,2B_zero_shot,,,,7f29cebb9d06eca06ad0d6c690e4d5a083b71a9c42008f88e92474e3ff0eb98a,eb4075c77285da02c52794154760fa969fb21ab3dcceb0820cb7d2ba27d27471,http://images.cocodataset.org/train2017/000000579773.jpg,http://images.cocodataset.org/train2017/000000579773.jpg,,http://images.cocodataset.org/train2017/000000579773.jpg,sorev,tier_b_v0.1,"{""axis"": ""semantic"", ""law"": ""stability_law"", ""note"": ""symmetric relation; subject/object reversal keeps truth"", ""relation"": ""at the side of"", ""transform"": ""sorev""}",,"{""do_sample"": false, ""max_new_tokens"": 5}",tier_b_r1_2b_full,5cc3a4f64f0d09e02b3a49ba7234826aa61d42c9,v0.1
vsr_test:0578,vsr_test:0578,test,sorev,semantic,The person is touching the dining table,The dining table is touching the person.,touching,topology_contact,dining table,person,False,False,stability_law,False,True, False.,HuggingFaceTB/SmolVLM2-2.2B-Instruct,,2B_zero_shot,,,,7f29cebb9d06eca06ad0d6c690e4d5a083b71a9c42008f88e92474e3ff0eb98a,eb4075c77285da02c52794154760fa969fb21ab3dcceb0820cb7d2ba27d27471,http://images.cocodataset.org/train2017/000000508470.jpg,http://images.cocodataset.org/train2017/000000508470.jpg,,http://images.cocodataset.org/train2017/000000508470.jpg,sorev,tier_b_v0.1,"{""axis"": ""semantic"", ""law"": ""stability_law"", ""note"": ""symmetric relation; subject/object reversal keeps truth"", ""relation"": ""touching"", ""transform"": ""sorev""}",,"{""do_sample"": false, ""max_new_tokens"": 5}",tier_b_r1_2b_full,5cc3a4f64f0d09e02b3a49ba7234826aa61d42c9,v0.1
vsr_test:0580,vsr_test:0580,test,sorev,semantic,The hot dog is far away from the bench,The bench is far away from the hot dog.,far away from,proximity,bench,hot dog,True,True,stability_law,False,False, False.,HuggingFaceTB/SmolVLM2-2.2B-Instruct,,2B_zero_shot,,,,7f29cebb9d06eca06ad0d6c690e4d5a083b71a9c42008f88e92474e3ff0eb98a,eb4075c77285da02c52794154760fa969fb21ab3dcceb0820cb7d2ba27d27471,http://images.cocodataset.org/train2017/000000443165.jpg,http://images.cocodataset.org/train2017/000000443165.jpg,,http://images.cocodataset.org/train2017/000000443165.jpg,sorev,tier_b_v0.1,"{""axis"": ""semantic"", ""law"": ""stability_law"", ""note"": ""symmetric relation; subject/object reversal keeps truth"", ""relation"": ""far away from"", ""transform"": ""sorev""}",,"{""do_sample"": false, ""max_new_tokens"": 5}",tier_b_r1_2b_full,5cc3a4f64f0d09e02b3a49ba7234826aa61d42c9,v0.1
vsr_test:0586,vsr_test:0586,test,sorev,semantic,The sheep is detached from the person,The person is detached from the sheep.,detached from,topology_contact,person,sheep,False,False,stability_law,True,False, True.,HuggingFaceTB/SmolVLM2-2.2B-Instruct,,2B_zero_shot,,,,7f29cebb9d06eca06ad0d6c690e4d5a083b71a9c42008f88e92474e3ff0eb98a,eb4075c77285da02c52794154760fa969fb21ab3dcceb0820cb7d2ba27d27471,http://images.cocodataset.org/train2017/000000270581.jpg,http://images.cocodataset.org/train2017/000000270581.jpg,,http://images.cocodataset.org/train2017/000000270581.jpg,sorev,tier_b_v0.1,"{""axis"": ""semantic"", ""law"": ""stability_law"", ""note"": ""symmetric relation; subject/object reversal keeps truth"", ""relation"": ""detached from"", ""transform"": ""sorev""}",,"{""do_sample"": false, ""max_new_tokens"": 5}",tier_b_r1_2b_full,5cc3a4f64f0d09e02b3a49ba7234826aa61d42c9,v0.1
vsr_test:0588,vsr_test:0588,test,sorev,semantic,The banana is touching the cat,The cat is touching the banana.,touching,topology_contact,cat,banana,True,True,stability_law,True,True, True.,HuggingFaceTB/SmolVLM2-2.2B-Instruct,,2B_zero_shot,,,,7f29cebb9d06eca06ad0d6c690e4d5a083b71a9c42008f88e92474e3ff0eb98a,eb4075c77285da02c52794154760fa969fb21ab3dcceb0820cb7d2ba27d27471,http://images.cocodataset.org/train2017/000000007781.jpg,http://images.cocodataset.org/train2017/000000007781.jpg,,http://images.cocodataset.org/train2017/000000007781.jpg,sorev,tier_b_v0.1,"{""axis"": ""semantic"", ""law"": ""stability_law"", ""note"": ""symmetric relation; subject/object reversal keeps truth"", ""relation"": ""touching"", ""transform"": ""sorev""}",,"{""do_sample"": false, ""max_new_tokens"": 5}",tier_b_r1_2b_full,5cc3a4f64f0d09e02b3a49ba7234826aa61d42c9,v0.1
vsr_test:0589,vsr_test:0589,test,sorev,semantic,The oven is across from the cake,The cake is across from the oven.,across from,horizontal,cake,oven,True,True,stability_law,False,False, False.,HuggingFaceTB/SmolVLM2-2.2B-Instruct,,2B_zero_shot,,,,7f29cebb9d06eca06ad0d6c690e4d5a083b71a9c42008f88e92474e3ff0eb98a,eb4075c77285da02c52794154760fa969fb21ab3dcceb0820cb7d2ba27d27471,http://images.cocodataset.org/train2017/000000271759.jpg,http://images.cocodataset.org/train2017/000000271759.jpg,,http://images.cocodataset.org/train2017/000000271759.jpg,sorev,tier_b_v0.1,"{""axis"": ""semantic"", ""law"": ""stability_law"", ""note"": ""symmetric relation; subject/object reversal keeps truth"", ""relation"": ""across from"", ""transform"": ""sorev""}",,"{""do_sample"": false, ""max_new_tokens"": 5}",tier_b_r1_2b_full,5cc3a4f64f0d09e02b3a49ba7234826aa61d42c9,v0.1
vsr_test:0590,vsr_test:0590,test,sorev,semantic,The bicycle is near the train,The train is near the bicycle.,near,proximity,train,bicycle,True,True,stability_law,True,True, True.,HuggingFaceTB/SmolVLM2-2.2B-Instruct,,2B_zero_shot,,,,7f29cebb9d06eca06ad0d6c690e4d5a083b71a9c42008f88e92474e3ff0eb98a,eb4075c77285da02c52794154760fa969fb21ab3dcceb0820cb7d2ba27d27471,http://images.cocodataset.org/val2017/000000492937.jpg,http://images.cocodataset.org/val2017/000000492937.jpg,,http://images.cocodataset.org/val2017/000000492937.jpg,sorev,tier_b_v0.1,"{""axis"": ""semantic"", ""law"": ""stability_law"", ""note"": ""symmetric relation; subject/object reversal keeps truth"", ""relation"": ""near"", ""transform"": ""sorev""}",,"{""do_sample"": false, ""max_new_tokens"": 5}",tier_b_r1_2b_full,5cc3a4f64f0d09e02b3a49ba7234826aa61d42c9,v0.1
vsr_test:0591,vsr_test:0591,test,sorev,semantic,The chair is touching the bird,The bird is touching the chair.,touching,topology_contact,bird,chair,False,False,stability_law,False,True, False.,HuggingFaceTB/SmolVLM2-2.2B-Instruct,,2B_zero_shot,,,,7f29cebb9d06eca06ad0d6c690e4d5a083b71a9c42008f88e92474e3ff0eb98a,eb4075c77285da02c52794154760fa969fb21ab3dcceb0820cb7d2ba27d27471,http://images.cocodataset.org/train2017/000000142941.jpg,http://images.cocodataset.org/train2017/000000142941.jpg,,http://images.cocodataset.org/train2017/000000142941.jpg,sorev,tier_b_v0.1,"{""axis"": ""semantic"", ""law"": ""stability_law"", ""note"": ""symmetric relation; subject/object reversal keeps truth"", ""relation"": ""touching"", ""transform"": ""sorev""}",,"{""do_sample"": false, ""max_new_tokens"": 5}",tier_b_r1_2b_full,5cc3a4f64f0d09e02b3a49ba7234826aa61d42c9,v0.1
vsr_test:0592,vsr_test:0592,test,sorev,semantic,The bed is touching the suitcase,The suitcase is touching the bed.,touching,topology_contact,suitcase,bed,True,True,stability_law,True,True, True.,HuggingFaceTB/SmolVLM2-2.2B-Instruct,,2B_zero_shot,,,,7f29cebb9d06eca06ad0d6c690e4d5a083b71a9c42008f88e92474e3ff0eb98a,eb4075c77285da02c52794154760fa969fb21ab3dcceb0820cb7d2ba27d27471,http://images.cocodataset.org/train2017/000000192212.jpg,http://images.cocodataset.org/train2017/000000192212.jpg,,http://images.cocodataset.org/train2017/000000192212.jpg,sorev,tier_b_v0.1,"{""axis"": ""semantic"", ""law"": ""stability_law"", ""note"": ""symmetric relation; subject/object reversal keeps truth"", ""relation"": ""touching"", ""transform"": ""sorev""}",,"{""do_sample"": false, ""max_new_tokens"": 5}",tier_b_r1_2b_full,5cc3a4f64f0d09e02b3a49ba7234826aa61d42c9,v0.1
vsr_test:0598,vsr_test:0598,test,sorev,semantic,The couch is next to the dog,The dog is next to the couch.,next to,horizontal,dog,couch,False,False,stability_law,True,False, True.,HuggingFaceTB/SmolVLM2-2.2B-Instruct,,2B_zero_shot,,,,7f29cebb9d06eca06ad0d6c690e4d5a083b71a9c42008f88e92474e3ff0eb98a,eb4075c77285da02c52794154760fa969fb21ab3dcceb0820cb7d2ba27d27471,http://images.cocodataset.org/train2017/000000462330.jpg,http://images.cocodataset.org/train2017/000000462330.jpg,,http://images.cocodataset.org/train2017/000000462330.jpg,sorev,tier_b_v0.1,"{""axis"": ""semantic"", ""law"": ""stability_law"", ""note"": ""symmetric relation; subject/object reversal keeps truth"", ""relation"": ""next to"", ""transform"": ""sorev""}",,"{""do_sample"": false, ""max_new_tokens"": 5}",tier_b_r1_2b_full,5cc3a4f64f0d09e02b3a49ba7234826aa61d42c9,v0.1
vsr_test:0603,vsr_test:0603,test,sorev,semantic,The kite is touching the person,The person is touching the kite.,touching,topology_contact,person,kite,True,True,stability_law,False,False, False.,HuggingFaceTB/SmolVLM2-2.2B-Instruct,,2B_zero_shot,,,,7f29cebb9d06eca06ad0d6c690e4d5a083b71a9c42008f88e92474e3ff0eb98a,eb4075c77285da02c52794154760fa969fb21ab3dcceb0820cb7d2ba27d27471,http://images.cocodataset.org/val2017/000000099024.jpg,http://images.cocodataset.org/val2017/000000099024.jpg,,http://images.cocodataset.org/val2017/000000099024.jpg,sorev,tier_b_v0.1,"{""axis"": ""semantic"", ""law"": ""stability_law"", ""note"": ""symmetric relation; subject/object reversal keeps truth"", ""relation"": ""touching"", ""transform"": ""sorev""}",,"{""do_sample"": false, ""max_new_tokens"": 5}",tier_b_r1_2b_full,5cc3a4f64f0d09e02b3a49ba7234826aa61d42c9,v0.1
vsr_test:0607,vsr_test:0607,test,sorev,semantic,The person is attached to the orange,The orange is attached to the person.,attached to,topology_contact,orange,person,True,True,stability_law,False,False, False.,HuggingFaceTB/SmolVLM2-2.2B-Instruct,,2B_zero_shot,,,,7f29cebb9d06eca06ad0d6c690e4d5a083b71a9c42008f88e92474e3ff0eb98a,eb4075c77285da02c52794154760fa969fb21ab3dcceb0820cb7d2ba27d27471,http://images.cocodataset.org/train2017/000000337660.jpg,http://images.cocodataset.org/train2017/000000337660.jpg,,http://images.cocodataset.org/train2017/000000337660.jpg,sorev,tier_b_v0.1,"{""axis"": ""semantic"", ""law"": ""stability_law"", ""note"": ""symmetric relation; subject/object reversal keeps truth"", ""relation"": ""attached to"", ""transform"": ""sorev""}",,"{""do_sample"": false, ""max_new_tokens"": 5}",tier_b_r1_2b_full,5cc3a4f64f0d09e02b3a49ba7234826aa61d42c9,v0.1
vsr_test:0609,vsr_test:0609,test,sorev,semantic,The bus is alongside the motorcycle,The motorcycle is alongside the bus.,alongside,horizontal,motorcycle,bus,True,True,stability_law,True,True, True.,HuggingFaceTB/SmolVLM2-2.2B-Instruct,,2B_zero_shot,,,,7f29cebb9d06eca06ad0d6c690e4d5a083b71a9c42008f88e92474e3ff0eb98a,eb4075c77285da02c52794154760fa969fb21ab3dcceb0820cb7d2ba27d27471,http://images.cocodataset.org/train2017/000000460143.jpg,http://images.cocodataset.org/train2017/000000460143.jpg,,http://images.cocodataset.org/train2017/000000460143.jpg,sorev,tier_b_v0.1,"{""axis"": ""semantic"", ""law"": ""stability_law"", ""note"": ""symmetric relation; subject/object reversal keeps truth"", ""relation"": ""alongside"", ""transform"": ""sorev""}",,"{""do_sample"": false, ""max_new_tokens"": 5}",tier_b_r1_2b_full,5cc3a4f64f0d09e02b3a49ba7234826aa61d42c9,v0.1
vsr_test:0610,vsr_test:0610,test,sorev,semantic,The person is touching the dog,The dog is touching the person.,touching,topology_contact,dog,person,True,True,stability_law,True,True, True.,HuggingFaceTB/SmolVLM2-2.2B-Instruct,,2B_zero_shot,,,,7f29cebb9d06eca06ad0d6c690e4d5a083b71a9c42008f88e92474e3ff0eb98a,eb4075c77285da02c52794154760fa969fb21ab3dcceb0820cb7d2ba27d27471,http://images.cocodataset.org/train2017/000000548500.jpg,http://images.cocodataset.org/train2017/000000548500.jpg,,http://images.cocodataset.org/train2017/000000548500.jpg,sorev,tier_b_v0.1,"{""axis"": ""semantic"", ""law"": ""stability_law"", ""note"": ""symmetric relation; subject/object reversal keeps truth"", ""relation"": ""touching"", ""transform"": ""sorev""}",,"{""do_sample"": false, ""max_new_tokens"": 5}",tier_b_r1_2b_full,5cc3a4f64f0d09e02b3a49ba7234826aa61d42c9,v0.1
vsr_test:0611,vsr_test:0611,test,sorev,semantic,The person is touching the airplane,The airplane is touching the person.,touching,topology_contact,airplane,person,False,False,stability_law,False,True, False.,HuggingFaceTB/SmolVLM2-2.2B-Instruct,,2B_zero_shot,,,,7f29cebb9d06eca06ad0d6c690e4d5a083b71a9c42008f88e92474e3ff0eb98a,eb4075c77285da02c52794154760fa969fb21ab3dcceb0820cb7d2ba27d27471,http://images.cocodataset.org/train2017/000000218482.jpg,http://images.cocodataset.org/train2017/000000218482.jpg,,http://images.cocodataset.org/train2017/000000218482.jpg,sorev,tier_b_v0.1,"{""axis"": ""semantic"", ""law"": ""stability_law"", ""note"": ""symmetric relation; subject/object reversal keeps truth"", ""relation"": ""touching"", ""transform"": ""sorev""}",,"{""do_sample"": false, ""max_new_tokens"": 5}",tier_b_r1_2b_full,5cc3a4f64f0d09e02b3a49ba7234826aa61d42c9,v0.1
vsr_test:0614,vsr_test:0614,test,sorev,semantic,The bus is opposite to the dining table,The dining table is opposite to the bus.,opposite to,other,dining table,bus,False,False,stability_law,False,True, False.,HuggingFaceTB/SmolVLM2-2.2B-Instruct,,2B_zero_shot,,,,7f29cebb9d06eca06ad0d6c690e4d5a083b71a9c42008f88e92474e3ff0eb98a,eb4075c77285da02c52794154760fa969fb21ab3dcceb0820cb7d2ba27d27471,http://images.cocodataset.org/train2017/000000556203.jpg,http://images.cocodataset.org/train2017/000000556203.jpg,,http://images.cocodataset.org/train2017/000000556203.jpg,sorev,tier_b_v0.1,"{""axis"": ""semantic"", ""law"": ""stability_law"", ""note"": ""symmetric relation; subject/object reversal keeps truth"", ""relation"": ""opposite to"", ""transform"": ""sorev""}",,"{""do_sample"": false, ""max_new_tokens"": 5}",tier_b_r1_2b_full,5cc3a4f64f0d09e02b3a49ba7234826aa61d42c9,v0.1
vsr_test:0620,vsr_test:0620,test,sorev,semantic,The dining table is away from the donut,The donut is away from the dining table.,away from,proximity,donut,dining table,True,True,stability_law,False,False, False.,HuggingFaceTB/SmolVLM2-2.2B-Instruct,,2B_zero_shot,,,,7f29cebb9d06eca06ad0d6c690e4d5a083b71a9c42008f88e92474e3ff0eb98a,eb4075c77285da02c52794154760fa969fb21ab3dcceb0820cb7d2ba27d27471,http://images.cocodataset.org/train2017/000000068743.jpg,http://images.cocodataset.org/train2017/000000068743.jpg,,http://images.cocodataset.org/train2017/000000068743.jpg,sorev,tier_b_v0.1,"{""axis"": ""semantic"", ""law"": ""stability_law"", ""note"": ""symmetric relation; subject/object reversal keeps truth"", ""relation"": ""away from"", ""transform"": ""sorev""}",,"{""do_sample"": false, ""max_new_tokens"": 5}",tier_b_r1_2b_full,5cc3a4f64f0d09e02b3a49ba7234826aa61d42c9,v0.1
vsr_test:0622,vsr_test:0622,test,sorev,semantic,The person is touching the sheep,The sheep is touching the person.,touching,topology_contact,sheep,person,True,True,stability_law,False,False, False.,HuggingFaceTB/SmolVLM2-2.2B-Instruct,,2B_zero_shot,,,,7f29cebb9d06eca06ad0d6c690e4d5a083b71a9c42008f88e92474e3ff0eb98a,eb4075c77285da02c52794154760fa969fb21ab3dcceb0820cb7d2ba27d27471,http://images.cocodataset.org/val2017/000000525155.jpg,http://images.cocodataset.org/val2017/000000525155.jpg,,http://images.cocodataset.org/val2017/000000525155.jpg,sorev,tier_b_v0.1,"{""axis"": ""semantic"", ""law"": ""stability_law"", ""note"": ""symmetric relation; subject/object reversal keeps truth"", ""relation"": ""touching"", ""transform"": ""sorev""}",,"{""do_sample"": false, ""max_new_tokens"": 5}",tier_b_r1_2b_full,5cc3a4f64f0d09e02b3a49ba7234826aa61d42c9,v0.1
vsr_test:0625,vsr_test:0625,test,sorev,semantic,The dining table is touching the orange,The orange is touching the dining table.,touching,topology_contact,orange,dining table,True,True,stability_law,True,True, True.,HuggingFaceTB/SmolVLM2-2.2B-Instruct,,2B_zero_shot,,,,7f29cebb9d06eca06ad0d6c690e4d5a083b71a9c42008f88e92474e3ff0eb98a,eb4075c77285da02c52794154760fa969fb21ab3dcceb0820cb7d2ba27d27471,http://images.cocodataset.org/train2017/000000150324.jpg,http://images.cocodataset.org/train2017/000000150324.jpg,,http://images.cocodataset.org/train2017/000000150324.jpg,sorev,tier_b_v0.1,"{""axis"": ""semantic"", ""law"": ""stability_law"", ""note"": ""symmetric relation; subject/object reversal keeps truth"", ""relation"": ""touching"", ""transform"": ""sorev""}",,"{""do_sample"": false, ""max_new_tokens"": 5}",tier_b_r1_2b_full,5cc3a4f64f0d09e02b3a49ba7234826aa61d42c9,v0.1
vsr_test:0626,vsr_test:0626,test,sorev,semantic,The banana is touching the dining table,The dining table is touching the banana.,touching,topology_contact,dining table,banana,False,False,stability_law,False,True, False.,HuggingFaceTB/SmolVLM2-2.2B-Instruct,,2B_zero_shot,,,,7f29cebb9d06eca06ad0d6c690e4d5a083b71a9c42008f88e92474e3ff0eb98a,eb4075c77285da02c52794154760fa969fb21ab3dcceb0820cb7d2ba27d27471,http://images.cocodataset.org/train2017/000000568137.jpg,http://images.cocodataset.org/train2017/000000568137.jpg,,http://images.cocodataset.org/train2017/000000568137.jpg,sorev,tier_b_v0.1,"{""axis"": ""semantic"", ""law"": ""stability_law"", ""note"": ""symmetric relation; subject/object reversal keeps truth"", ""relation"": ""touching"", ""transform"": ""sorev""}",,"{""do_sample"": false, ""max_new_tokens"": 5}",tier_b_r1_2b_full,5cc3a4f64f0d09e02b3a49ba7234826aa61d42c9,v0.1
vsr_test:0627,vsr_test:0627,test,sorev,semantic,The refrigerator is next to the oven,The oven is next to the refrigerator.,next to,horizontal,oven,refrigerator,True,True,stability_law,True,True, True.,HuggingFaceTB/SmolVLM2-2.2B-Instruct,,2B_zero_shot,,,,7f29cebb9d06eca06ad0d6c690e4d5a083b71a9c42008f88e92474e3ff0eb98a,eb4075c77285da02c52794154760fa969fb21ab3dcceb0820cb7d2ba27d27471,http://images.cocodataset.org/train2017/000000250833.jpg,http://images.cocodataset.org/train2017/000000250833.jpg,,http://images.cocodataset.org/train2017/000000250833.jpg,sorev,tier_b_v0.1,"{""axis"": ""semantic"", ""law"": ""stability_law"", ""note"": ""symmetric relation; subject/object reversal keeps truth"", ""relation"": ""next to"", ""transform"": ""sorev""}",,"{""do_sample"": false, ""max_new_tokens"": 5}",tier_b_r1_2b_full,5cc3a4f64f0d09e02b3a49ba7234826aa61d42c9,v0.1
vsr_test:0631,vsr_test:0631,test,sorev,semantic,The dog is across from the car,The car is across from the dog.,across from,horizontal,car,dog,False,False,stability_law,False,True, False.,HuggingFaceTB/SmolVLM2-2.2B-Instruct,,2B_zero_shot,,,,7f29cebb9d06eca06ad0d6c690e4d5a083b71a9c42008f88e92474e3ff0eb98a,eb4075c77285da02c52794154760fa969fb21ab3dcceb0820cb7d2ba27d27471,http://images.cocodataset.org/train2017/000000119805.jpg,http://images.cocodataset.org/train2017/000000119805.jpg,,http://images.cocodataset.org/train2017/000000119805.jpg,sorev,tier_b_v0.1,"{""axis"": ""semantic"", ""law"": ""stability_law"", ""note"": ""symmetric relation; subject/object reversal keeps truth"", ""relation"": ""across from"", ""transform"": ""sorev""}",,"{""do_sample"": false, ""max_new_tokens"": 5}",tier_b_r1_2b_full,5cc3a4f64f0d09e02b3a49ba7234826aa61d42c9,v0.1
vsr_test:0633,vsr_test:0633,test,sorev,semantic,The bowl is adjacent to the sandwich,The sandwich is adjacent to the bowl.,adjacent to,other,sandwich,bowl,True,True,stability_law,True,True, True.,HuggingFaceTB/SmolVLM2-2.2B-Instruct,,2B_zero_shot,,,,7f29cebb9d06eca06ad0d6c690e4d5a083b71a9c42008f88e92474e3ff0eb98a,eb4075c77285da02c52794154760fa969fb21ab3dcceb0820cb7d2ba27d27471,http://images.cocodataset.org/train2017/000000227675.jpg,http://images.cocodataset.org/train2017/000000227675.jpg,,http://images.cocodataset.org/train2017/000000227675.jpg,sorev,tier_b_v0.1,"{""axis"": ""semantic"", ""law"": ""stability_law"", ""note"": ""symmetric relation; subject/object reversal keeps truth"", ""relation"": ""adjacent to"", ""transform"": ""sorev""}",,"{""do_sample"": false, ""max_new_tokens"": 5}",tier_b_r1_2b_full,5cc3a4f64f0d09e02b3a49ba7234826aa61d42c9,v0.1
vsr_test:0636,vsr_test:0636,test,sorev,semantic,The boat is far from the person,The person is far from the boat.,far from,proximity,person,boat,True,True,stability_law,False,False, False.,HuggingFaceTB/SmolVLM2-2.2B-Instruct,,2B_zero_shot,,,,7f29cebb9d06eca06ad0d6c690e4d5a083b71a9c42008f88e92474e3ff0eb98a,eb4075c77285da02c52794154760fa969fb21ab3dcceb0820cb7d2ba27d27471,http://images.cocodataset.org/train2017/000000386880.jpg,http://images.cocodataset.org/train2017/000000386880.jpg,,http://images.cocodataset.org/train2017/000000386880.jpg,sorev,tier_b_v0.1,"{""axis"": ""semantic"", ""law"": ""stability_law"", ""note"": ""symmetric relation; subject/object reversal keeps truth"", ""relation"": ""far from"", ""transform"": ""sorev""}",,"{""do_sample"": false, ""max_new_tokens"": 5}",tier_b_r1_2b_full,5cc3a4f64f0d09e02b3a49ba7234826aa61d42c9,v0.1
vsr_test:0641,vsr_test:0641,test,sorev,semantic,The laptop is touching the bed,The bed is touching the laptop.,touching,topology_contact,bed,laptop,True,True,stability_law,True,True, True.,HuggingFaceTB/SmolVLM2-2.2B-Instruct,,2B_zero_shot,,,,7f29cebb9d06eca06ad0d6c690e4d5a083b71a9c42008f88e92474e3ff0eb98a,eb4075c77285da02c52794154760fa969fb21ab3dcceb0820cb7d2ba27d27471,http://images.cocodataset.org/train2017/000000353316.jpg,http://images.cocodataset.org/train2017/000000353316.jpg,,http://images.cocodataset.org/train2017/000000353316.jpg,sorev,tier_b_v0.1,"{""axis"": ""semantic"", ""law"": ""stability_law"", ""note"": ""symmetric relation; subject/object reversal keeps truth"", ""relation"": ""touching"", ""transform"": ""sorev""}",,"{""do_sample"": false, ""max_new_tokens"": 5}",tier_b_r1_2b_full,5cc3a4f64f0d09e02b3a49ba7234826aa61d42c9,v0.1
vsr_test:0646,vsr_test:0646,test,sorev,semantic,The pizza is near the toaster,The toaster is near the pizza.,near,proximity,toaster,pizza,True,True,stability_law,True,True, True.,HuggingFaceTB/SmolVLM2-2.2B-Instruct,,2B_zero_shot,,,,7f29cebb9d06eca06ad0d6c690e4d5a083b71a9c42008f88e92474e3ff0eb98a,eb4075c77285da02c52794154760fa969fb21ab3dcceb0820cb7d2ba27d27471,http://images.cocodataset.org/train2017/000000330513.jpg,http://images.cocodataset.org/train2017/000000330513.jpg,,http://images.cocodataset.org/train2017/000000330513.jpg,sorev,tier_b_v0.1,"{""axis"": ""semantic"", ""law"": ""stability_law"", ""note"": ""symmetric relation; subject/object reversal keeps truth"", ""relation"": ""near"", ""transform"": ""sorev""}",,"{""do_sample"": false, ""max_new_tokens"": 5}",tier_b_r1_2b_full,5cc3a4f64f0d09e02b3a49ba7234826aa61d42c9,v0.1
vsr_test:0654,vsr_test:0654,test,sorev,semantic,The wine glass is touching the cat,The cat is touching the wine glass.,touching,topology_contact,cat,wine glass,False,False,stability_law,False,True, False.,HuggingFaceTB/SmolVLM2-2.2B-Instruct,,2B_zero_shot,,,,7f29cebb9d06eca06ad0d6c690e4d5a083b71a9c42008f88e92474e3ff0eb98a,eb4075c77285da02c52794154760fa969fb21ab3dcceb0820cb7d2ba27d27471,http://images.cocodataset.org/train2017/000000275449.jpg,http://images.cocodataset.org/train2017/000000275449.jpg,,http://images.cocodataset.org/train2017/000000275449.jpg,sorev,tier_b_v0.1,"{""axis"": ""semantic"", ""law"": ""stability_law"", ""note"": ""symmetric relation; subject/object reversal keeps truth"", ""relation"": ""touching"", ""transform"": ""sorev""}",,"{""do_sample"": false, ""max_new_tokens"": 5}",tier_b_r1_2b_full,5cc3a4f64f0d09e02b3a49ba7234826aa61d42c9,v0.1
vsr_test:0662,vsr_test:0662,test,sorev,semantic,The sandwich is touching the person,The person is touching the sandwich.,touching,topology_contact,person,sandwich,True,True,stability_law,True,True, True.,HuggingFaceTB/SmolVLM2-2.2B-Instruct,,2B_zero_shot,,,,7f29cebb9d06eca06ad0d6c690e4d5a083b71a9c42008f88e92474e3ff0eb98a,eb4075c77285da02c52794154760fa969fb21ab3dcceb0820cb7d2ba27d27471,http://images.cocodataset.org/train2017/000000560969.jpg,http://images.cocodataset.org/train2017/000000560969.jpg,,http://images.cocodataset.org/train2017/000000560969.jpg,sorev,tier_b_v0.1,"{""axis"": ""semantic"", ""law"": ""stability_law"", ""note"": ""symmetric relation; subject/object reversal keeps truth"", ""relation"": ""touching"", ""transform"": ""sorev""}",,"{""do_sample"": false, ""max_new_tokens"": 5}",tier_b_r1_2b_full,5cc3a4f64f0d09e02b3a49ba7234826aa61d42c9,v0.1
vsr_test:0663,vsr_test:0663,test,sorev,semantic,The banana is next to the bowl,The bowl is next to the banana.,next to,horizontal,bowl,banana,True,True,stability_law,True,True, True.,HuggingFaceTB/SmolVLM2-2.2B-Instruct,,2B_zero_shot,,,,7f29cebb9d06eca06ad0d6c690e4d5a083b71a9c42008f88e92474e3ff0eb98a,eb4075c77285da02c52794154760fa969fb21ab3dcceb0820cb7d2ba27d27471,http://images.cocodataset.org/train2017/000000293955.jpg,http://images.cocodataset.org/train2017/000000293955.jpg,,http://images.cocodataset.org/train2017/000000293955.jpg,sorev,tier_b_v0.1,"{""axis"": ""semantic"", ""law"": ""stability_law"", ""note"": ""symmetric relation; subject/object reversal keeps truth"", ""relation"": ""next to"", ""transform"": ""sorev""}",,"{""do_sample"": false, ""max_new_tokens"": 5}",tier_b_r1_2b_full,5cc3a4f64f0d09e02b3a49ba7234826aa61d42c9,v0.1
vsr_test:0664,vsr_test:0664,test,sorev,semantic,The bench is touching the book,The book is touching the bench.,touching,topology_contact,book,bench,True,True,stability_law,True,True, True.,HuggingFaceTB/SmolVLM2-2.2B-Instruct,,2B_zero_shot,,,,7f29cebb9d06eca06ad0d6c690e4d5a083b71a9c42008f88e92474e3ff0eb98a,eb4075c77285da02c52794154760fa969fb21ab3dcceb0820cb7d2ba27d27471,http://images.cocodataset.org/train2017/000000251835.jpg,http://images.cocodataset.org/train2017/000000251835.jpg,,http://images.cocodataset.org/train2017/000000251835.jpg,sorev,tier_b_v0.1,"{""axis"": ""semantic"", ""law"": ""stability_law"", ""note"": ""symmetric relation; subject/object reversal keeps truth"", ""relation"": ""touching"", ""transform"": ""sorev""}",,"{""do_sample"": false, ""max_new_tokens"": 5}",tier_b_r1_2b_full,5cc3a4f64f0d09e02b3a49ba7234826aa61d42c9,v0.1
vsr_test:0667,vsr_test:0667,test,sorev,semantic,The zebra is touching the horse,The horse is touching the zebra.,touching,topology_contact,horse,zebra,False,False,stability_law,False,True, False.,HuggingFaceTB/SmolVLM2-2.2B-Instruct,,2B_zero_shot,,,,7f29cebb9d06eca06ad0d6c690e4d5a083b71a9c42008f88e92474e3ff0eb98a,eb4075c77285da02c52794154760fa969fb21ab3dcceb0820cb7d2ba27d27471,http://images.cocodataset.org/train2017/000000024260.jpg,http://images.cocodataset.org/train2017/000000024260.jpg,,http://images.cocodataset.org/train2017/000000024260.jpg,sorev,tier_b_v0.1,"{""axis"": ""semantic"", ""law"": ""stability_law"", ""note"": ""symmetric relation; subject/object reversal keeps truth"", ""relation"": ""touching"", ""transform"": ""sorev""}",,"{""do_sample"": false, ""max_new_tokens"": 5}",tier_b_r1_2b_full,5cc3a4f64f0d09e02b3a49ba7234826aa61d42c9,v0.1
vsr_test:0668,vsr_test:0668,test,sorev,semantic,The laptop is close to the teddy bear,The teddy bear is close to the laptop.,close to,proximity,teddy bear,laptop,True,True,stability_law,True,True, True.,HuggingFaceTB/SmolVLM2-2.2B-Instruct,,2B_zero_shot,,,,7f29cebb9d06eca06ad0d6c690e4d5a083b71a9c42008f88e92474e3ff0eb98a,eb4075c77285da02c52794154760fa969fb21ab3dcceb0820cb7d2ba27d27471,http://images.cocodataset.org/train2017/000000434141.jpg,http://images.cocodataset.org/train2017/000000434141.jpg,,http://images.cocodataset.org/train2017/000000434141.jpg,sorev,tier_b_v0.1,"{""axis"": ""semantic"", ""law"": ""stability_law"", ""note"": ""symmetric relation; subject/object reversal keeps truth"", ""relation"": ""close to"", ""transform"": ""sorev""}",,"{""do_sample"": false, ""max_new_tokens"": 5}",tier_b_r1_2b_full,5cc3a4f64f0d09e02b3a49ba7234826aa61d42c9,v0.1
vsr_test:0670,vsr_test:0670,test,sorev,semantic,The motorcycle is far away from the umbrella,The umbrella is far away from the motorcycle.,far away from,proximity,umbrella,motorcycle,True,True,stability_law,False,False, False.,HuggingFaceTB/SmolVLM2-2.2B-Instruct,,2B_zero_shot,,,,7f29cebb9d06eca06ad0d6c690e4d5a083b71a9c42008f88e92474e3ff0eb98a,eb4075c77285da02c52794154760fa969fb21ab3dcceb0820cb7d2ba27d27471,http://images.cocodataset.org/train2017/000000239483.jpg,http://images.cocodataset.org/train2017/000000239483.jpg,,http://images.cocodataset.org/train2017/000000239483.jpg,sorev,tier_b_v0.1,"{""axis"": ""semantic"", ""law"": ""stability_law"", ""note"": ""symmetric relation; subject/object reversal keeps truth"", ""relation"": ""far away from"", ""transform"": ""sorev""}",,"{""do_sample"": false, ""max_new_tokens"": 5}",tier_b_r1_2b_full,5cc3a4f64f0d09e02b3a49ba7234826aa61d42c9,v0.1
vsr_test:0673,vsr_test:0673,test,sorev,semantic,The pizza is next to the bowl,The bowl is next to the pizza.,next to,horizontal,bowl,pizza,True,True,stability_law,True,True, True.,HuggingFaceTB/SmolVLM2-2.2B-Instruct,,2B_zero_shot,,,,7f29cebb9d06eca06ad0d6c690e4d5a083b71a9c42008f88e92474e3ff0eb98a,eb4075c77285da02c52794154760fa969fb21ab3dcceb0820cb7d2ba27d27471,http://images.cocodataset.org/train2017/000000292574.jpg,http://images.cocodataset.org/train2017/000000292574.jpg,,http://images.cocodataset.org/train2017/000000292574.jpg,sorev,tier_b_v0.1,"{""axis"": ""semantic"", ""law"": ""stability_law"", ""note"": ""symmetric relation; subject/object reversal keeps truth"", ""relation"": ""next to"", ""transform"": ""sorev""}",,"{""do_sample"": false, ""max_new_tokens"": 5}",tier_b_r1_2b_full,5cc3a4f64f0d09e02b3a49ba7234826aa61d42c9,v0.1
vsr_test:0677,vsr_test:0677,test,sorev,semantic,The bed is touching the banana,The banana is touching the bed.,touching,topology_contact,banana,bed,False,False,stability_law,True,False, True.,HuggingFaceTB/SmolVLM2-2.2B-Instruct,,2B_zero_shot,,,,7f29cebb9d06eca06ad0d6c690e4d5a083b71a9c42008f88e92474e3ff0eb98a,eb4075c77285da02c52794154760fa969fb21ab3dcceb0820cb7d2ba27d27471,http://images.cocodataset.org/train2017/000000512118.jpg,http://images.cocodataset.org/train2017/000000512118.jpg,,http://images.cocodataset.org/train2017/000000512118.jpg,sorev,tier_b_v0.1,"{""axis"": ""semantic"", ""law"": ""stability_law"", ""note"": ""symmetric relation; subject/object reversal keeps truth"", ""relation"": ""touching"", ""transform"": ""sorev""}",,"{""do_sample"": false, ""max_new_tokens"": 5}",tier_b_r1_2b_full,5cc3a4f64f0d09e02b3a49ba7234826aa61d42c9,v0.1
vsr_test:0680,vsr_test:0680,test,sorev,semantic,The cat is touching the teddy bear,The teddy bear is touching the cat.,touching,topology_contact,teddy bear,cat,True,True,stability_law,True,True, True.,HuggingFaceTB/SmolVLM2-2.2B-Instruct,,2B_zero_shot,,,,7f29cebb9d06eca06ad0d6c690e4d5a083b71a9c42008f88e92474e3ff0eb98a,eb4075c77285da02c52794154760fa969fb21ab3dcceb0820cb7d2ba27d27471,http://images.cocodataset.org/train2017/000000546896.jpg,http://images.cocodataset.org/train2017/000000546896.jpg,,http://images.cocodataset.org/train2017/000000546896.jpg,sorev,tier_b_v0.1,"{""axis"": ""semantic"", ""law"": ""stability_law"", ""note"": ""symmetric relation; subject/object reversal keeps truth"", ""relation"": ""touching"", ""transform"": ""sorev""}",,"{""do_sample"": false, ""max_new_tokens"": 5}",tier_b_r1_2b_full,5cc3a4f64f0d09e02b3a49ba7234826aa61d42c9,v0.1
vsr_test:0683,vsr_test:0683,test,sorev,semantic,The truck is beside the cake,The cake is beside the truck.,beside,horizontal,cake,truck,False,False,stability_law,False,True, False.,HuggingFaceTB/SmolVLM2-2.2B-Instruct,,2B_zero_shot,,,,7f29cebb9d06eca06ad0d6c690e4d5a083b71a9c42008f88e92474e3ff0eb98a,eb4075c77285da02c52794154760fa969fb21ab3dcceb0820cb7d2ba27d27471,http://images.cocodataset.org/train2017/000000501204.jpg,http://images.cocodataset.org/train2017/000000501204.jpg,,http://images.cocodataset.org/train2017/000000501204.jpg,sorev,tier_b_v0.1,"{""axis"": ""semantic"", ""law"": ""stability_law"", ""note"": ""symmetric relation; subject/object reversal keeps truth"", ""relation"": ""beside"", ""transform"": ""sorev""}",,"{""do_sample"": false, ""max_new_tokens"": 5}",tier_b_r1_2b_full,5cc3a4f64f0d09e02b3a49ba7234826aa61d42c9,v0.1
vsr_test:0684,vsr_test:0684,test,sorev,semantic,The person is next to the bed,The bed is next to the person.,next to,horizontal,bed,person,True,True,stability_law,True,True, True.,HuggingFaceTB/SmolVLM2-2.2B-Instruct,,2B_zero_shot,,,,7f29cebb9d06eca06ad0d6c690e4d5a083b71a9c42008f88e92474e3ff0eb98a,eb4075c77285da02c52794154760fa969fb21ab3dcceb0820cb7d2ba27d27471,http://images.cocodataset.org/train2017/000000159856.jpg,http://images.cocodataset.org/train2017/000000159856.jpg,,http://images.cocodataset.org/train2017/000000159856.jpg,sorev,tier_b_v0.1,"{""axis"": ""semantic"", ""law"": ""stability_law"", ""note"": ""symmetric relation; subject/object reversal keeps truth"", ""relation"": ""next to"", ""transform"": ""sorev""}",,"{""do_sample"": false, ""max_new_tokens"": 5}",tier_b_r1_2b_full,5cc3a4f64f0d09e02b3a49ba7234826aa61d42c9,v0.1
vsr_test:0685,vsr_test:0685,test,sorev,semantic,The suitcase is far away from the truck,The truck is far away from the suitcase.,far away from,proximity,truck,suitcase,True,True,stability_law,True,True, True.,HuggingFaceTB/SmolVLM2-2.2B-Instruct,,2B_zero_shot,,,,7f29cebb9d06eca06ad0d6c690e4d5a083b71a9c42008f88e92474e3ff0eb98a,eb4075c77285da02c52794154760fa969fb21ab3dcceb0820cb7d2ba27d27471,http://images.cocodataset.org/train2017/000000407927.jpg,http://images.cocodataset.org/train2017/000000407927.jpg,,http://images.cocodataset.org/train2017/000000407927.jpg,sorev,tier_b_v0.1,"{""axis"": ""semantic"", ""law"": ""stability_law"", ""note"": ""symmetric relation; subject/object reversal keeps truth"", ""relation"": ""far away from"", ""transform"": ""sorev""}",,"{""do_sample"": false, ""max_new_tokens"": 5}",tier_b_r1_2b_full,5cc3a4f64f0d09e02b3a49ba7234826aa61d42c9,v0.1
vsr_test:0688,vsr_test:0688,test,sorev,semantic,The backpack is far away from the airplane,The airplane is far away from the backpack.,far away from,proximity,airplane,backpack,True,True,stability_law,False,False, False.,HuggingFaceTB/SmolVLM2-2.2B-Instruct,,2B_zero_shot,,,,7f29cebb9d06eca06ad0d6c690e4d5a083b71a9c42008f88e92474e3ff0eb98a,eb4075c77285da02c52794154760fa969fb21ab3dcceb0820cb7d2ba27d27471,http://images.cocodataset.org/train2017/000000378448.jpg,http://images.cocodataset.org/train2017/000000378448.jpg,,http://images.cocodataset.org/train2017/000000378448.jpg,sorev,tier_b_v0.1,"{""axis"": ""semantic"", ""law"": ""stability_law"", ""note"": ""symmetric relation; subject/object reversal keeps truth"", ""relation"": ""far away from"", ""transform"": ""sorev""}",,"{""do_sample"": false, ""max_new_tokens"": 5}",tier_b_r1_2b_full,5cc3a4f64f0d09e02b3a49ba7234826aa61d42c9,v0.1
vsr_test:0691,vsr_test:0691,test,sorev,semantic,The chair is away from the person,The person is away from the chair.,away from,proximity,person,chair,True,True,stability_law,True,True, True.,HuggingFaceTB/SmolVLM2-2.2B-Instruct,,2B_zero_shot,,,,7f29cebb9d06eca06ad0d6c690e4d5a083b71a9c42008f88e92474e3ff0eb98a,eb4075c77285da02c52794154760fa969fb21ab3dcceb0820cb7d2ba27d27471,http://images.cocodataset.org/val2017/000000084362.jpg,http://images.cocodataset.org/val2017/000000084362.jpg,,http://images.cocodataset.org/val2017/000000084362.jpg,sorev,tier_b_v0.1,"{""axis"": ""semantic"", ""law"": ""stability_law"", ""note"": ""symmetric relation; subject/object reversal keeps truth"", ""relation"": ""away from"", ""transform"": ""sorev""}",,"{""do_sample"": false, ""max_new_tokens"": 5}",tier_b_r1_2b_full,5cc3a4f64f0d09e02b3a49ba7234826aa61d42c9,v0.1
vsr_test:0694,vsr_test:0694,test,sorev,semantic,The umbrella is touching the cat,The cat is touching the umbrella.,touching,topology_contact,cat,umbrella,True,True,stability_law,True,True, True.,HuggingFaceTB/SmolVLM2-2.2B-Instruct,,2B_zero_shot,,,,7f29cebb9d06eca06ad0d6c690e4d5a083b71a9c42008f88e92474e3ff0eb98a,eb4075c77285da02c52794154760fa969fb21ab3dcceb0820cb7d2ba27d27471,http://images.cocodataset.org/train2017/000000440935.jpg,http://images.cocodataset.org/train2017/000000440935.jpg,,http://images.cocodataset.org/train2017/000000440935.jpg,sorev,tier_b_v0.1,"{""axis"": ""semantic"", ""law"": ""stability_law"", ""note"": ""symmetric relation; subject/object reversal keeps truth"", ""relation"": ""touching"", ""transform"": ""sorev""}",,"{""do_sample"": false, ""max_new_tokens"": 5}",tier_b_r1_2b_full,5cc3a4f64f0d09e02b3a49ba7234826aa61d42c9,v0.1
vsr_test:0696,vsr_test:0696,test,sorev,semantic,The parking meter is close to the truck,The truck is close to the parking meter.,close to,proximity,truck,parking meter,False,False,stability_law,True,False, True.,HuggingFaceTB/SmolVLM2-2.2B-Instruct,,2B_zero_shot,,,,7f29cebb9d06eca06ad0d6c690e4d5a083b71a9c42008f88e92474e3ff0eb98a,eb4075c77285da02c52794154760fa969fb21ab3dcceb0820cb7d2ba27d27471,http://images.cocodataset.org/train2017/000000411384.jpg,http://images.cocodataset.org/train2017/000000411384.jpg,,http://images.cocodataset.org/train2017/000000411384.jpg,sorev,tier_b_v0.1,"{""axis"": ""semantic"", ""law"": ""stability_law"", ""note"": ""symmetric relation; subject/object reversal keeps truth"", ""relation"": ""close to"", ""transform"": ""sorev""}",,"{""do_sample"": false, ""max_new_tokens"": 5}",tier_b_r1_2b_full,5cc3a4f64f0d09e02b3a49ba7234826aa61d42c9,v0.1
vsr_test:0707,vsr_test:0707,test,sorev,semantic,The cup is next to the donut,The donut is next to the cup.,next to,horizontal,donut,cup,True,True,stability_law,True,True, True.,HuggingFaceTB/SmolVLM2-2.2B-Instruct,,2B_zero_shot,,,,7f29cebb9d06eca06ad0d6c690e4d5a083b71a9c42008f88e92474e3ff0eb98a,eb4075c77285da02c52794154760fa969fb21ab3dcceb0820cb7d2ba27d27471,http://images.cocodataset.org/train2017/000000397414.jpg,http://images.cocodataset.org/train2017/000000397414.jpg,,http://images.cocodataset.org/train2017/000000397414.jpg,sorev,tier_b_v0.1,"{""axis"": ""semantic"", ""law"": ""stability_law"", ""note"": ""symmetric relation; subject/object reversal keeps truth"", ""relation"": ""next to"", ""transform"": ""sorev""}",,"{""do_sample"": false, ""max_new_tokens"": 5}",tier_b_r1_2b_full,5cc3a4f64f0d09e02b3a49ba7234826aa61d42c9,v0.1
vsr_test:0708,vsr_test:0708,test,sorev,semantic,The apple is touching the person,The person is touching the apple.,touching,topology_contact,person,apple,True,True,stability_law,True,True, True.,HuggingFaceTB/SmolVLM2-2.2B-Instruct,,2B_zero_shot,,,,7f29cebb9d06eca06ad0d6c690e4d5a083b71a9c42008f88e92474e3ff0eb98a,eb4075c77285da02c52794154760fa969fb21ab3dcceb0820cb7d2ba27d27471,http://images.cocodataset.org/val2017/000000188592.jpg,http://images.cocodataset.org/val2017/000000188592.jpg,,http://images.cocodataset.org/val2017/000000188592.jpg,sorev,tier_b_v0.1,"{""axis"": ""semantic"", ""law"": ""stability_law"", ""note"": ""symmetric relation; subject/object reversal keeps truth"", ""relation"": ""touching"", ""transform"": ""sorev""}",,"{""do_sample"": false, ""max_new_tokens"": 5}",tier_b_r1_2b_full,5cc3a4f64f0d09e02b3a49ba7234826aa61d42c9,v0.1
vsr_test:0709,vsr_test:0709,test,sorev,semantic,The suitcase is connected to the teddy bear,The teddy bear is connected to the suitcase.,connected to,topology_contact,teddy bear,suitcase,True,True,stability_law,True,True, True.,HuggingFaceTB/SmolVLM2-2.2B-Instruct,,2B_zero_shot,,,,7f29cebb9d06eca06ad0d6c690e4d5a083b71a9c42008f88e92474e3ff0eb98a,eb4075c77285da02c52794154760fa969fb21ab3dcceb0820cb7d2ba27d27471,http://images.cocodataset.org/train2017/000000580454.jpg,http://images.cocodataset.org/train2017/000000580454.jpg,,http://images.cocodataset.org/train2017/000000580454.jpg,sorev,tier_b_v0.1,"{""axis"": ""semantic"", ""law"": ""stability_law"", ""note"": ""symmetric relation; subject/object reversal keeps truth"", ""relation"": ""connected to"", ""transform"": ""sorev""}",,"{""do_sample"": false, ""max_new_tokens"": 5}",tier_b_r1_2b_full,5cc3a4f64f0d09e02b3a49ba7234826aa61d42c9,v0.1
vsr_test:0710,vsr_test:0710,test,sorev,semantic,The person is touching the keyboard,The keyboard is touching the person.,touching,topology_contact,keyboard,person,True,True,stability_law,True,True, True.,HuggingFaceTB/SmolVLM2-2.2B-Instruct,,2B_zero_shot,,,,7f29cebb9d06eca06ad0d6c690e4d5a083b71a9c42008f88e92474e3ff0eb98a,eb4075c77285da02c52794154760fa969fb21ab3dcceb0820cb7d2ba27d27471,http://images.cocodataset.org/train2017/000000255573.jpg,http://images.cocodataset.org/train2017/000000255573.jpg,,http://images.cocodataset.org/train2017/000000255573.jpg,sorev,tier_b_v0.1,"{""axis"": ""semantic"", ""law"": ""stability_law"", ""note"": ""symmetric relation; subject/object reversal keeps truth"", ""relation"": ""touching"", ""transform"": ""sorev""}",,"{""do_sample"": false, ""max_new_tokens"": 5}",tier_b_r1_2b_full,5cc3a4f64f0d09e02b3a49ba7234826aa61d42c9,v0.1
vsr_test:0715,vsr_test:0715,test,sorev,semantic,The handbag is touching the person,The person is touching the handbag.,touching,topology_contact,person,handbag,False,False,stability_law,False,True, False.,HuggingFaceTB/SmolVLM2-2.2B-Instruct,,2B_zero_shot,,,,7f29cebb9d06eca06ad0d6c690e4d5a083b71a9c42008f88e92474e3ff0eb98a,eb4075c77285da02c52794154760fa969fb21ab3dcceb0820cb7d2ba27d27471,http://images.cocodataset.org/train2017/000000096790.jpg,http://images.cocodataset.org/train2017/000000096790.jpg,,http://images.cocodataset.org/train2017/000000096790.jpg,sorev,tier_b_v0.1,"{""axis"": ""semantic"", ""law"": ""stability_law"", ""note"": ""symmetric relation; subject/object reversal keeps truth"", ""relation"": ""touching"", ""transform"": ""sorev""}",,"{""do_sample"": false, ""max_new_tokens"": 5}",tier_b_r1_2b_full,5cc3a4f64f0d09e02b3a49ba7234826aa61d42c9,v0.1
vsr_test:0719,vsr_test:0719,test,sorev,semantic,The elephant is far from the bird,The bird is far from the elephant.,far from,proximity,bird,elephant,True,True,stability_law,False,False, False.,HuggingFaceTB/SmolVLM2-2.2B-Instruct,,2B_zero_shot,,,,7f29cebb9d06eca06ad0d6c690e4d5a083b71a9c42008f88e92474e3ff0eb98a,eb4075c77285da02c52794154760fa969fb21ab3dcceb0820cb7d2ba27d27471,http://images.cocodataset.org/train2017/000000534070.jpg,http://images.cocodataset.org/train2017/000000534070.jpg,,http://images.cocodataset.org/train2017/000000534070.jpg,sorev,tier_b_v0.1,"{""axis"": ""semantic"", ""law"": ""stability_law"", ""note"": ""symmetric relation; subject/object reversal keeps truth"", ""relation"": ""far from"", ""transform"": ""sorev""}",,"{""do_sample"": false, ""max_new_tokens"": 5}",tier_b_r1_2b_full,5cc3a4f64f0d09e02b3a49ba7234826aa61d42c9,v0.1
vsr_test:0730,vsr_test:0730,test,sorev,semantic,The umbrella is next to the bus,The bus is next to the umbrella.,next to,horizontal,bus,umbrella,True,True,stability_law,False,False, False.,HuggingFaceTB/SmolVLM2-2.2B-Instruct,,2B_zero_shot,,,,7f29cebb9d06eca06ad0d6c690e4d5a083b71a9c42008f88e92474e3ff0eb98a,eb4075c77285da02c52794154760fa969fb21ab3dcceb0820cb7d2ba27d27471,http://images.cocodataset.org/train2017/000000083736.jpg,http://images.cocodataset.org/train2017/000000083736.jpg,,http://images.cocodataset.org/train2017/000000083736.jpg,sorev,tier_b_v0.1,"{""axis"": ""semantic"", ""law"": ""stability_law"", ""note"": ""symmetric relation; subject/object reversal keeps truth"", ""relation"": ""next to"", ""transform"": ""sorev""}",,"{""do_sample"": false, ""max_new_tokens"": 5}",tier_b_r1_2b_full,5cc3a4f64f0d09e02b3a49ba7234826aa61d42c9,v0.1
vsr_test:0736,vsr_test:0736,test,sorev,semantic,The refrigerator is away from the bird,The bird is away from the refrigerator.,away from,proximity,bird,refrigerator,True,True,stability_law,True,True, True.,HuggingFaceTB/SmolVLM2-2.2B-Instruct,,2B_zero_shot,,,,7f29cebb9d06eca06ad0d6c690e4d5a083b71a9c42008f88e92474e3ff0eb98a,eb4075c77285da02c52794154760fa969fb21ab3dcceb0820cb7d2ba27d27471,http://images.cocodataset.org/train2017/000000576705.jpg,http://images.cocodataset.org/train2017/000000576705.jpg,,http://images.cocodataset.org/train2017/000000576705.jpg,sorev,tier_b_v0.1,"{""axis"": ""semantic"", ""law"": ""stability_law"", ""note"": ""symmetric relation; subject/object reversal keeps truth"", ""relation"": ""away from"", ""transform"": ""sorev""}",,"{""do_sample"": false, ""max_new_tokens"": 5}",tier_b_r1_2b_full,5cc3a4f64f0d09e02b3a49ba7234826aa61d42c9,v0.1
vsr_test:0744,vsr_test:0744,test,sorev,semantic,The person is touching the sandwich,The sandwich is touching the person.,touching,topology_contact,sandwich,person,False,False,stability_law,False,True, False.,HuggingFaceTB/SmolVLM2-2.2B-Instruct,,2B_zero_shot,,,,7f29cebb9d06eca06ad0d6c690e4d5a083b71a9c42008f88e92474e3ff0eb98a,eb4075c77285da02c52794154760fa969fb21ab3dcceb0820cb7d2ba27d27471,http://images.cocodataset.org/train2017/000000301614.jpg,http://images.cocodataset.org/train2017/000000301614.jpg,,http://images.cocodataset.org/train2017/000000301614.jpg,sorev,tier_b_v0.1,"{""axis"": ""semantic"", ""law"": ""stability_law"", ""note"": ""symmetric relation; subject/object reversal keeps truth"", ""relation"": ""touching"", ""transform"": ""sorev""}",,"{""do_sample"": false, ""max_new_tokens"": 5}",tier_b_r1_2b_full,5cc3a4f64f0d09e02b3a49ba7234826aa61d42c9,v0.1
vsr_test:0745,vsr_test:0745,test,sorev,semantic,The bowl is touching the dog,The dog is touching the bowl.,touching,topology_contact,dog,bowl,False,False,stability_law,False,True, False.,HuggingFaceTB/SmolVLM2-2.2B-Instruct,,2B_zero_shot,,,,7f29cebb9d06eca06ad0d6c690e4d5a083b71a9c42008f88e92474e3ff0eb98a,eb4075c77285da02c52794154760fa969fb21ab3dcceb0820cb7d2ba27d27471,http://images.cocodataset.org/train2017/000000025994.jpg,http://images.cocodataset.org/train2017/000000025994.jpg,,http://images.cocodataset.org/train2017/000000025994.jpg,sorev,tier_b_v0.1,"{""axis"": ""semantic"", ""law"": ""stability_law"", ""note"": ""symmetric relation; subject/object reversal keeps truth"", ""relation"": ""touching"", ""transform"": ""sorev""}",,"{""do_sample"": false, ""max_new_tokens"": 5}",tier_b_r1_2b_full,5cc3a4f64f0d09e02b3a49ba7234826aa61d42c9,v0.1
vsr_test:0748,vsr_test:0748,test,sorev,semantic,The zebra is next to the giraffe,The giraffe is next to the zebra.,next to,horizontal,giraffe,zebra,True,True,stability_law,True,True, True.,HuggingFaceTB/SmolVLM2-2.2B-Instruct,,2B_zero_shot,,,,7f29cebb9d06eca06ad0d6c690e4d5a083b71a9c42008f88e92474e3ff0eb98a,eb4075c77285da02c52794154760fa969fb21ab3dcceb0820cb7d2ba27d27471,http://images.cocodataset.org/val2017/000000433243.jpg,http://images.cocodataset.org/val2017/000000433243.jpg,,http://images.cocodataset.org/val2017/000000433243.jpg,sorev,tier_b_v0.1,"{""axis"": ""semantic"", ""law"": ""stability_law"", ""note"": ""symmetric relation; subject/object reversal keeps truth"", ""relation"": ""next to"", ""transform"": ""sorev""}",,"{""do_sample"": false, ""max_new_tokens"": 5}",tier_b_r1_2b_full,5cc3a4f64f0d09e02b3a49ba7234826aa61d42c9,v0.1
vsr_test:0758,vsr_test:0758,test,sorev,semantic,The bowl is near the carrot,The carrot is near the bowl.,near,proximity,carrot,bowl,False,False,stability_law,True,False, True.,HuggingFaceTB/SmolVLM2-2.2B-Instruct,,2B_zero_shot,,,,7f29cebb9d06eca06ad0d6c690e4d5a083b71a9c42008f88e92474e3ff0eb98a,eb4075c77285da02c52794154760fa969fb21ab3dcceb0820cb7d2ba27d27471,http://images.cocodataset.org/train2017/000000378486.jpg,http://images.cocodataset.org/train2017/000000378486.jpg,,http://images.cocodataset.org/train2017/000000378486.jpg,sorev,tier_b_v0.1,"{""axis"": ""semantic"", ""law"": ""stability_law"", ""note"": ""symmetric relation; subject/object reversal keeps truth"", ""relation"": ""near"", ""transform"": ""sorev""}",,"{""do_sample"": false, ""max_new_tokens"": 5}",tier_b_r1_2b_full,5cc3a4f64f0d09e02b3a49ba7234826aa61d42c9,v0.1
vsr_test:0760,vsr_test:0760,test,sorev,semantic,The banana is touching the person,The person is touching the banana.,touching,topology_contact,person,banana,True,True,stability_law,True,True, True.,HuggingFaceTB/SmolVLM2-2.2B-Instruct,,2B_zero_shot,,,,7f29cebb9d06eca06ad0d6c690e4d5a083b71a9c42008f88e92474e3ff0eb98a,eb4075c77285da02c52794154760fa969fb21ab3dcceb0820cb7d2ba27d27471,http://images.cocodataset.org/train2017/000000347675.jpg,http://images.cocodataset.org/train2017/000000347675.jpg,,http://images.cocodataset.org/train2017/000000347675.jpg,sorev,tier_b_v0.1,"{""axis"": ""semantic"", ""law"": ""stability_law"", ""note"": ""symmetric relation; subject/object reversal keeps truth"", ""relation"": ""touching"", ""transform"": ""sorev""}",,"{""do_sample"": false, ""max_new_tokens"": 5}",tier_b_r1_2b_full,5cc3a4f64f0d09e02b3a49ba7234826aa61d42c9,v0.1
vsr_test:0764,vsr_test:0764,test,sorev,semantic,The tv is touching the cat,The cat is touching the tv.,touching,topology_contact,cat,tv,True,True,stability_law,True,True, True.,HuggingFaceTB/SmolVLM2-2.2B-Instruct,,2B_zero_shot,,,,7f29cebb9d06eca06ad0d6c690e4d5a083b71a9c42008f88e92474e3ff0eb98a,eb4075c77285da02c52794154760fa969fb21ab3dcceb0820cb7d2ba27d27471,http://images.cocodataset.org/train2017/000000119115.jpg,http://images.cocodataset.org/train2017/000000119115.jpg,,http://images.cocodataset.org/train2017/000000119115.jpg,sorev,tier_b_v0.1,"{""axis"": ""semantic"", ""law"": ""stability_law"", ""note"": ""symmetric relation; subject/object reversal keeps truth"", ""relation"": ""touching"", ""transform"": ""sorev""}",,"{""do_sample"": false, ""max_new_tokens"": 5}",tier_b_r1_2b_full,5cc3a4f64f0d09e02b3a49ba7234826aa61d42c9,v0.1
vsr_test:0765,vsr_test:0765,test,sorev,semantic,The apple is next to the cat,The cat is next to the apple.,next to,horizontal,cat,apple,False,False,stability_law,True,False, True.,HuggingFaceTB/SmolVLM2-2.2B-Instruct,,2B_zero_shot,,,,7f29cebb9d06eca06ad0d6c690e4d5a083b71a9c42008f88e92474e3ff0eb98a,eb4075c77285da02c52794154760fa969fb21ab3dcceb0820cb7d2ba27d27471,http://images.cocodataset.org/train2017/000000389011.jpg,http://images.cocodataset.org/train2017/000000389011.jpg,,http://images.cocodataset.org/train2017/000000389011.jpg,sorev,tier_b_v0.1,"{""axis"": ""semantic"", ""law"": ""stability_law"", ""note"": ""symmetric relation; subject/object reversal keeps truth"", ""relation"": ""next to"", ""transform"": ""sorev""}",,"{""do_sample"": false, ""max_new_tokens"": 5}",tier_b_r1_2b_full,5cc3a4f64f0d09e02b3a49ba7234826aa61d42c9,v0.1
vsr_test:0766,vsr_test:0766,test,sorev,semantic,The cow is far away from the person,The person is far away from the cow.,far away from,proximity,person,cow,False,False,stability_law,False,True, False.,HuggingFaceTB/SmolVLM2-2.2B-Instruct,,2B_zero_shot,,,,7f29cebb9d06eca06ad0d6c690e4d5a083b71a9c42008f88e92474e3ff0eb98a,eb4075c77285da02c52794154760fa969fb21ab3dcceb0820cb7d2ba27d27471,http://images.cocodataset.org/train2017/000000316536.jpg,http://images.cocodataset.org/train2017/000000316536.jpg,,http://images.cocodataset.org/train2017/000000316536.jpg,sorev,tier_b_v0.1,"{""axis"": ""semantic"", ""law"": ""stability_law"", ""note"": ""symmetric relation; subject/object reversal keeps truth"", ""relation"": ""far away from"", ""transform"": ""sorev""}",,"{""do_sample"": false, ""max_new_tokens"": 5}",tier_b_r1_2b_full,5cc3a4f64f0d09e02b3a49ba7234826aa61d42c9,v0.1
vsr_test:0768,vsr_test:0768,test,sorev,semantic,The pizza is touching the person,The person is touching the pizza.,touching,topology_contact,person,pizza,False,False,stability_law,False,True, False.,HuggingFaceTB/SmolVLM2-2.2B-Instruct,,2B_zero_shot,,,,7f29cebb9d06eca06ad0d6c690e4d5a083b71a9c42008f88e92474e3ff0eb98a,eb4075c77285da02c52794154760fa969fb21ab3dcceb0820cb7d2ba27d27471,http://images.cocodataset.org/train2017/000000156687.jpg,http://images.cocodataset.org/train2017/000000156687.jpg,,http://images.cocodataset.org/train2017/000000156687.jpg,sorev,tier_b_v0.1,"{""axis"": ""semantic"", ""law"": ""stability_law"", ""note"": ""symmetric relation; subject/object reversal keeps truth"", ""relation"": ""touching"", ""transform"": ""sorev""}",,"{""do_sample"": false, ""max_new_tokens"": 5}",tier_b_r1_2b_full,5cc3a4f64f0d09e02b3a49ba7234826aa61d42c9,v0.1
vsr_test:0771,vsr_test:0771,test,sorev,semantic,The cat is beside the microwave,The microwave is beside the cat.,beside,horizontal,microwave,cat,True,True,stability_law,True,True, True.,HuggingFaceTB/SmolVLM2-2.2B-Instruct,,2B_zero_shot,,,,7f29cebb9d06eca06ad0d6c690e4d5a083b71a9c42008f88e92474e3ff0eb98a,eb4075c77285da02c52794154760fa969fb21ab3dcceb0820cb7d2ba27d27471,http://images.cocodataset.org/train2017/000000288106.jpg,http://images.cocodataset.org/train2017/000000288106.jpg,,http://images.cocodataset.org/train2017/000000288106.jpg,sorev,tier_b_v0.1,"{""axis"": ""semantic"", ""law"": ""stability_law"", ""note"": ""symmetric relation; subject/object reversal keeps truth"", ""relation"": ""beside"", ""transform"": ""sorev""}",,"{""do_sample"": false, ""max_new_tokens"": 5}",tier_b_r1_2b_full,5cc3a4f64f0d09e02b3a49ba7234826aa61d42c9,v0.1
vsr_test:0775,vsr_test:0775,test,sorev,semantic,The bed is against the bicycle,The bicycle is against the bed.,against,topology_contact,bicycle,bed,True,True,stability_law,True,True, True.,HuggingFaceTB/SmolVLM2-2.2B-Instruct,,2B_zero_shot,,,,7f29cebb9d06eca06ad0d6c690e4d5a083b71a9c42008f88e92474e3ff0eb98a,eb4075c77285da02c52794154760fa969fb21ab3dcceb0820cb7d2ba27d27471,http://images.cocodataset.org/train2017/000000002139.jpg,http://images.cocodataset.org/train2017/000000002139.jpg,,http://images.cocodataset.org/train2017/000000002139.jpg,sorev,tier_b_v0.1,"{""axis"": ""semantic"", ""law"": ""stability_law"", ""note"": ""symmetric relation; subject/object reversal keeps truth"", ""relation"": ""against"", ""transform"": ""sorev""}",,"{""do_sample"": false, ""max_new_tokens"": 5}",tier_b_r1_2b_full,5cc3a4f64f0d09e02b3a49ba7234826aa61d42c9,v0.1
vsr_test:0778,vsr_test:0778,test,sorev,semantic,The pizza is touching the person,The person is touching the pizza.,touching,topology_contact,person,pizza,True,True,stability_law,False,False, False.,HuggingFaceTB/SmolVLM2-2.2B-Instruct,,2B_zero_shot,,,,7f29cebb9d06eca06ad0d6c690e4d5a083b71a9c42008f88e92474e3ff0eb98a,eb4075c77285da02c52794154760fa969fb21ab3dcceb0820cb7d2ba27d27471,http://images.cocodataset.org/train2017/000000195509.jpg,http://images.cocodataset.org/train2017/000000195509.jpg,,http://images.cocodataset.org/train2017/000000195509.jpg,sorev,tier_b_v0.1,"{""axis"": ""semantic"", ""law"": ""stability_law"", ""note"": ""symmetric relation; subject/object reversal keeps truth"", ""relation"": ""touching"", ""transform"": ""sorev""}",,"{""do_sample"": false, ""max_new_tokens"": 5}",tier_b_r1_2b_full,5cc3a4f64f0d09e02b3a49ba7234826aa61d42c9,v0.1
vsr_test:0781,vsr_test:0781,test,sorev,semantic,The bottle is beside the teddy bear,The teddy bear is beside the bottle.,beside,horizontal,teddy bear,bottle,True,True,stability_law,True,True, True.,HuggingFaceTB/SmolVLM2-2.2B-Instruct,,2B_zero_shot,,,,7f29cebb9d06eca06ad0d6c690e4d5a083b71a9c42008f88e92474e3ff0eb98a,eb4075c77285da02c52794154760fa969fb21ab3dcceb0820cb7d2ba27d27471,http://images.cocodataset.org/train2017/000000151862.jpg,http://images.cocodataset.org/train2017/000000151862.jpg,,http://images.cocodataset.org/train2017/000000151862.jpg,sorev,tier_b_v0.1,"{""axis"": ""semantic"", ""law"": ""stability_law"", ""note"": ""symmetric relation; subject/object reversal keeps truth"", ""relation"": ""beside"", ""transform"": ""sorev""}",,"{""do_sample"": false, ""max_new_tokens"": 5}",tier_b_r1_2b_full,5cc3a4f64f0d09e02b3a49ba7234826aa61d42c9,v0.1
vsr_test:0783,vsr_test:0783,test,sorev,semantic,The person is touching the sandwich,The sandwich is touching the person.,touching,topology_contact,sandwich,person,False,False,stability_law,False,True, False.,HuggingFaceTB/SmolVLM2-2.2B-Instruct,,2B_zero_shot,,,,7f29cebb9d06eca06ad0d6c690e4d5a083b71a9c42008f88e92474e3ff0eb98a,eb4075c77285da02c52794154760fa969fb21ab3dcceb0820cb7d2ba27d27471,http://images.cocodataset.org/train2017/000000382636.jpg,http://images.cocodataset.org/train2017/000000382636.jpg,,http://images.cocodataset.org/train2017/000000382636.jpg,sorev,tier_b_v0.1,"{""axis"": ""semantic"", ""law"": ""stability_law"", ""note"": ""symmetric relation; subject/object reversal keeps truth"", ""relation"": ""touching"", ""transform"": ""sorev""}",,"{""do_sample"": false, ""max_new_tokens"": 5}",tier_b_r1_2b_full,5cc3a4f64f0d09e02b3a49ba7234826aa61d42c9,v0.1
vsr_test:0785,vsr_test:0785,test,sorev,semantic,The donut is touching the dining table,The dining table is touching the donut.,touching,topology_contact,dining table,donut,False,False,stability_law,False,True, False.,HuggingFaceTB/SmolVLM2-2.2B-Instruct,,2B_zero_shot,,,,7f29cebb9d06eca06ad0d6c690e4d5a083b71a9c42008f88e92474e3ff0eb98a,eb4075c77285da02c52794154760fa969fb21ab3dcceb0820cb7d2ba27d27471,http://images.cocodataset.org/train2017/000000541288.jpg,http://images.cocodataset.org/train2017/000000541288.jpg,,http://images.cocodataset.org/train2017/000000541288.jpg,sorev,tier_b_v0.1,"{""axis"": ""semantic"", ""law"": ""stability_law"", ""note"": ""symmetric relation; subject/object reversal keeps truth"", ""relation"": ""touching"", ""transform"": ""sorev""}",,"{""do_sample"": false, ""max_new_tokens"": 5}",tier_b_r1_2b_full,5cc3a4f64f0d09e02b3a49ba7234826aa61d42c9,v0.1
vsr_test:0786,vsr_test:0786,test,sorev,semantic,The cat is next to the apple,The apple is next to the cat.,next to,horizontal,apple,cat,True,True,stability_law,True,True, True.,HuggingFaceTB/SmolVLM2-2.2B-Instruct,,2B_zero_shot,,,,7f29cebb9d06eca06ad0d6c690e4d5a083b71a9c42008f88e92474e3ff0eb98a,eb4075c77285da02c52794154760fa969fb21ab3dcceb0820cb7d2ba27d27471,http://images.cocodataset.org/train2017/000000003067.jpg,http://images.cocodataset.org/train2017/000000003067.jpg,,http://images.cocodataset.org/train2017/000000003067.jpg,sorev,tier_b_v0.1,"{""axis"": ""semantic"", ""law"": ""stability_law"", ""note"": ""symmetric relation; subject/object reversal keeps truth"", ""relation"": ""next to"", ""transform"": ""sorev""}",,"{""do_sample"": false, ""max_new_tokens"": 5}",tier_b_r1_2b_full,5cc3a4f64f0d09e02b3a49ba7234826aa61d42c9,v0.1
vsr_test:0790,vsr_test:0790,test,sorev,semantic,The truck is far away from the toilet,The toilet is far away from the truck.,far away from,proximity,toilet,truck,True,True,stability_law,True,True, True.,HuggingFaceTB/SmolVLM2-2.2B-Instruct,,2B_zero_shot,,,,7f29cebb9d06eca06ad0d6c690e4d5a083b71a9c42008f88e92474e3ff0eb98a,eb4075c77285da02c52794154760fa969fb21ab3dcceb0820cb7d2ba27d27471,http://images.cocodataset.org/train2017/000000093519.jpg,http://images.cocodataset.org/train2017/000000093519.jpg,,http://images.cocodataset.org/train2017/000000093519.jpg,sorev,tier_b_v0.1,"{""axis"": ""semantic"", ""law"": ""stability_law"", ""note"": ""symmetric relation; subject/object reversal keeps truth"", ""relation"": ""far away from"", ""transform"": ""sorev""}",,"{""do_sample"": false, ""max_new_tokens"": 5}",tier_b_r1_2b_full,5cc3a4f64f0d09e02b3a49ba7234826aa61d42c9,v0.1
vsr_test:0794,vsr_test:0794,test,sorev,semantic,The refrigerator is adjacent to the dining table,The dining table is adjacent to the refrigerator.,adjacent to,other,dining table,refrigerator,True,True,stability_law,True,True, True.,HuggingFaceTB/SmolVLM2-2.2B-Instruct,,2B_zero_shot,,,,7f29cebb9d06eca06ad0d6c690e4d5a083b71a9c42008f88e92474e3ff0eb98a,eb4075c77285da02c52794154760fa969fb21ab3dcceb0820cb7d2ba27d27471,http://images.cocodataset.org/train2017/000000211302.jpg,http://images.cocodataset.org/train2017/000000211302.jpg,,http://images.cocodataset.org/train2017/000000211302.jpg,sorev,tier_b_v0.1,"{""axis"": ""semantic"", ""law"": ""stability_law"", ""note"": ""symmetric relation; subject/object reversal keeps truth"", ""relation"": ""adjacent to"", ""transform"": ""sorev""}",,"{""do_sample"": false, ""max_new_tokens"": 5}",tier_b_r1_2b_full,5cc3a4f64f0d09e02b3a49ba7234826aa61d42c9,v0.1
vsr_test:0800,vsr_test:0800,test,sorev,semantic,The sandwich is touching the person,The person is touching the sandwich.,touching,topology_contact,person,sandwich,True,True,stability_law,True,True, True.,HuggingFaceTB/SmolVLM2-2.2B-Instruct,,2B_zero_shot,,,,7f29cebb9d06eca06ad0d6c690e4d5a083b71a9c42008f88e92474e3ff0eb98a,eb4075c77285da02c52794154760fa969fb21ab3dcceb0820cb7d2ba27d27471,http://images.cocodataset.org/train2017/000000097365.jpg,http://images.cocodataset.org/train2017/000000097365.jpg,,http://images.cocodataset.org/train2017/000000097365.jpg,sorev,tier_b_v0.1,"{""axis"": ""semantic"", ""law"": ""stability_law"", ""note"": ""symmetric relation; subject/object reversal keeps truth"", ""relation"": ""touching"", ""transform"": ""sorev""}",,"{""do_sample"": false, ""max_new_tokens"": 5}",tier_b_r1_2b_full,5cc3a4f64f0d09e02b3a49ba7234826aa61d42c9,v0.1
vsr_test:0807,vsr_test:0807,test,sorev,semantic,The giraffe is touching the person,The person is touching the giraffe.,touching,topology_contact,person,giraffe,False,False,stability_law,False,True, False.,HuggingFaceTB/SmolVLM2-2.2B-Instruct,,2B_zero_shot,,,,7f29cebb9d06eca06ad0d6c690e4d5a083b71a9c42008f88e92474e3ff0eb98a,eb4075c77285da02c52794154760fa969fb21ab3dcceb0820cb7d2ba27d27471,http://images.cocodataset.org/val2017/000000449909.jpg,http://images.cocodataset.org/val2017/000000449909.jpg,,http://images.cocodataset.org/val2017/000000449909.jpg,sorev,tier_b_v0.1,"{""axis"": ""semantic"", ""law"": ""stability_law"", ""note"": ""symmetric relation; subject/object reversal keeps truth"", ""relation"": ""touching"", ""transform"": ""sorev""}",,"{""do_sample"": false, ""max_new_tokens"": 5}",tier_b_r1_2b_full,5cc3a4f64f0d09e02b3a49ba7234826aa61d42c9,v0.1
vsr_test:0808,vsr_test:0808,test,sorev,semantic,The cat is touching the teddy bear,The teddy bear is touching the cat.,touching,topology_contact,teddy bear,cat,False,False,stability_law,False,True, False.,HuggingFaceTB/SmolVLM2-2.2B-Instruct,,2B_zero_shot,,,,7f29cebb9d06eca06ad0d6c690e4d5a083b71a9c42008f88e92474e3ff0eb98a,eb4075c77285da02c52794154760fa969fb21ab3dcceb0820cb7d2ba27d27471,http://images.cocodataset.org/train2017/000000079421.jpg,http://images.cocodataset.org/train2017/000000079421.jpg,,http://images.cocodataset.org/train2017/000000079421.jpg,sorev,tier_b_v0.1,"{""axis"": ""semantic"", ""law"": ""stability_law"", ""note"": ""symmetric relation; subject/object reversal keeps truth"", ""relation"": ""touching"", ""transform"": ""sorev""}",,"{""do_sample"": false, ""max_new_tokens"": 5}",tier_b_r1_2b_full,5cc3a4f64f0d09e02b3a49ba7234826aa61d42c9,v0.1
vsr_test:0809,vsr_test:0809,test,sorev,semantic,The bus is next to the dining table,The dining table is next to the bus.,next to,horizontal,dining table,bus,False,False,stability_law,True,False, True.,HuggingFaceTB/SmolVLM2-2.2B-Instruct,,2B_zero_shot,,,,7f29cebb9d06eca06ad0d6c690e4d5a083b71a9c42008f88e92474e3ff0eb98a,eb4075c77285da02c52794154760fa969fb21ab3dcceb0820cb7d2ba27d27471,http://images.cocodataset.org/train2017/000000355159.jpg,http://images.cocodataset.org/train2017/000000355159.jpg,,http://images.cocodataset.org/train2017/000000355159.jpg,sorev,tier_b_v0.1,"{""axis"": ""semantic"", ""law"": ""stability_law"", ""note"": ""symmetric relation; subject/object reversal keeps truth"", ""relation"": ""next to"", ""transform"": ""sorev""}",,"{""do_sample"": false, ""max_new_tokens"": 5}",tier_b_r1_2b_full,5cc3a4f64f0d09e02b3a49ba7234826aa61d42c9,v0.1
vsr_test:0812,vsr_test:0812,test,sorev,semantic,The banana is touching the cat,The cat is touching the banana.,touching,topology_contact,cat,banana,True,True,stability_law,True,True, True.,HuggingFaceTB/SmolVLM2-2.2B-Instruct,,2B_zero_shot,,,,7f29cebb9d06eca06ad0d6c690e4d5a083b71a9c42008f88e92474e3ff0eb98a,eb4075c77285da02c52794154760fa969fb21ab3dcceb0820cb7d2ba27d27471,http://images.cocodataset.org/train2017/000000367959.jpg,http://images.cocodataset.org/train2017/000000367959.jpg,,http://images.cocodataset.org/train2017/000000367959.jpg,sorev,tier_b_v0.1,"{""axis"": ""semantic"", ""law"": ""stability_law"", ""note"": ""symmetric relation; subject/object reversal keeps truth"", ""relation"": ""touching"", ""transform"": ""sorev""}",,"{""do_sample"": false, ""max_new_tokens"": 5}",tier_b_r1_2b_full,5cc3a4f64f0d09e02b3a49ba7234826aa61d42c9,v0.1
vsr_test:0822,vsr_test:0822,test,sorev,semantic,The bench is far away from the hot dog,The hot dog is far away from the bench.,far away from,proximity,hot dog,bench,False,False,stability_law,False,True, False.,HuggingFaceTB/SmolVLM2-2.2B-Instruct,,2B_zero_shot,,,,7f29cebb9d06eca06ad0d6c690e4d5a083b71a9c42008f88e92474e3ff0eb98a,eb4075c77285da02c52794154760fa969fb21ab3dcceb0820cb7d2ba27d27471,http://images.cocodataset.org/train2017/000000039360.jpg,http://images.cocodataset.org/train2017/000000039360.jpg,,http://images.cocodataset.org/train2017/000000039360.jpg,sorev,tier_b_v0.1,"{""axis"": ""semantic"", ""law"": ""stability_law"", ""note"": ""symmetric relation; subject/object reversal keeps truth"", ""relation"": ""far away from"", ""transform"": ""sorev""}",,"{""do_sample"": false, ""max_new_tokens"": 5}",tier_b_r1_2b_full,5cc3a4f64f0d09e02b3a49ba7234826aa61d42c9,v0.1
vsr_test:0824,vsr_test:0824,test,sorev,semantic,The knife is next to the pizza,The pizza is next to the knife.,next to,horizontal,pizza,knife,False,False,stability_law,False,True, False.,HuggingFaceTB/SmolVLM2-2.2B-Instruct,,2B_zero_shot,,,,7f29cebb9d06eca06ad0d6c690e4d5a083b71a9c42008f88e92474e3ff0eb98a,eb4075c77285da02c52794154760fa969fb21ab3dcceb0820cb7d2ba27d27471,http://images.cocodataset.org/train2017/000000091639.jpg,http://images.cocodataset.org/train2017/000000091639.jpg,,http://images.cocodataset.org/train2017/000000091639.jpg,sorev,tier_b_v0.1,"{""axis"": ""semantic"", ""law"": ""stability_law"", ""note"": ""symmetric relation; subject/object reversal keeps truth"", ""relation"": ""next to"", ""transform"": ""sorev""}",,"{""do_sample"": false, ""max_new_tokens"": 5}",tier_b_r1_2b_full,5cc3a4f64f0d09e02b3a49ba7234826aa61d42c9,v0.1
vsr_test:0827,vsr_test:0827,test,sorev,semantic,The apple is far from the cat,The cat is far from the apple.,far from,proximity,cat,apple,False,False,stability_law,False,True, False.,HuggingFaceTB/SmolVLM2-2.2B-Instruct,,2B_zero_shot,,,,7f29cebb9d06eca06ad0d6c690e4d5a083b71a9c42008f88e92474e3ff0eb98a,eb4075c77285da02c52794154760fa969fb21ab3dcceb0820cb7d2ba27d27471,http://images.cocodataset.org/train2017/000000434385.jpg,http://images.cocodataset.org/train2017/000000434385.jpg,,http://images.cocodataset.org/train2017/000000434385.jpg,sorev,tier_b_v0.1,"{""axis"": ""semantic"", ""law"": ""stability_law"", ""note"": ""symmetric relation; subject/object reversal keeps truth"", ""relation"": ""far from"", ""transform"": ""sorev""}",,"{""do_sample"": false, ""max_new_tokens"": 5}",tier_b_r1_2b_full,5cc3a4f64f0d09e02b3a49ba7234826aa61d42c9,v0.1
vsr_test:0838,vsr_test:0838,test,sorev,semantic,The pizza is touching the laptop,The laptop is touching the pizza.,touching,topology_contact,laptop,pizza,False,False,stability_law,False,True, False.,HuggingFaceTB/SmolVLM2-2.2B-Instruct,,2B_zero_shot,,,,7f29cebb9d06eca06ad0d6c690e4d5a083b71a9c42008f88e92474e3ff0eb98a,eb4075c77285da02c52794154760fa969fb21ab3dcceb0820cb7d2ba27d27471,http://images.cocodataset.org/val2017/000000294831.jpg,http://images.cocodataset.org/val2017/000000294831.jpg,,http://images.cocodataset.org/val2017/000000294831.jpg,sorev,tier_b_v0.1,"{""axis"": ""semantic"", ""law"": ""stability_law"", ""note"": ""symmetric relation; subject/object reversal keeps truth"", ""relation"": ""touching"", ""transform"": ""sorev""}",,"{""do_sample"": false, ""max_new_tokens"": 5}",tier_b_r1_2b_full,5cc3a4f64f0d09e02b3a49ba7234826aa61d42c9,v0.1
vsr_test:0847,vsr_test:0847,test,sorev,semantic,The suitcase is close to the refrigerator,The refrigerator is close to the suitcase.,close to,proximity,refrigerator,suitcase,True,True,stability_law,False,False, False.,HuggingFaceTB/SmolVLM2-2.2B-Instruct,,2B_zero_shot,,,,7f29cebb9d06eca06ad0d6c690e4d5a083b71a9c42008f88e92474e3ff0eb98a,eb4075c77285da02c52794154760fa969fb21ab3dcceb0820cb7d2ba27d27471,http://images.cocodataset.org/train2017/000000561393.jpg,http://images.cocodataset.org/train2017/000000561393.jpg,,http://images.cocodataset.org/train2017/000000561393.jpg,sorev,tier_b_v0.1,"{""axis"": ""semantic"", ""law"": ""stability_law"", ""note"": ""symmetric relation; subject/object reversal keeps truth"", ""relation"": ""close to"", ""transform"": ""sorev""}",,"{""do_sample"": false, ""max_new_tokens"": 5}",tier_b_r1_2b_full,5cc3a4f64f0d09e02b3a49ba7234826aa61d42c9,v0.1
vsr_test:0848,vsr_test:0848,test,sorev,semantic,The cat is adjacent to the teddy bear,The teddy bear is adjacent to the cat.,adjacent to,other,teddy bear,cat,True,True,stability_law,True,True, True.,HuggingFaceTB/SmolVLM2-2.2B-Instruct,,2B_zero_shot,,,,7f29cebb9d06eca06ad0d6c690e4d5a083b71a9c42008f88e92474e3ff0eb98a,eb4075c77285da02c52794154760fa969fb21ab3dcceb0820cb7d2ba27d27471,http://images.cocodataset.org/train2017/000000400285.jpg,http://images.cocodataset.org/train2017/000000400285.jpg,,http://images.cocodataset.org/train2017/000000400285.jpg,sorev,tier_b_v0.1,"{""axis"": ""semantic"", ""law"": ""stability_law"", ""note"": ""symmetric relation; subject/object reversal keeps truth"", ""relation"": ""adjacent to"", ""transform"": ""sorev""}",,"{""do_sample"": false, ""max_new_tokens"": 5}",tier_b_r1_2b_full,5cc3a4f64f0d09e02b3a49ba7234826aa61d42c9,v0.1
vsr_test:0849,vsr_test:0849,test,sorev,semantic,The wine glass is near the sandwich,The sandwich is near the wine glass.,near,proximity,sandwich,wine glass,False,False,stability_law,False,True, False.,HuggingFaceTB/SmolVLM2-2.2B-Instruct,,2B_zero_shot,,,,7f29cebb9d06eca06ad0d6c690e4d5a083b71a9c42008f88e92474e3ff0eb98a,eb4075c77285da02c52794154760fa969fb21ab3dcceb0820cb7d2ba27d27471,http://images.cocodataset.org/train2017/000000429811.jpg,http://images.cocodataset.org/train2017/000000429811.jpg,,http://images.cocodataset.org/train2017/000000429811.jpg,sorev,tier_b_v0.1,"{""axis"": ""semantic"", ""law"": ""stability_law"", ""note"": ""symmetric relation; subject/object reversal keeps truth"", ""relation"": ""near"", ""transform"": ""sorev""}",,"{""do_sample"": false, ""max_new_tokens"": 5}",tier_b_r1_2b_full,5cc3a4f64f0d09e02b3a49ba7234826aa61d42c9,v0.1
vsr_test:0851,vsr_test:0851,test,sorev,semantic,The dining table is away from the bicycle,The bicycle is away from the dining table.,away from,proximity,bicycle,dining table,True,True,stability_law,True,True, True.,HuggingFaceTB/SmolVLM2-2.2B-Instruct,,2B_zero_shot,,,,7f29cebb9d06eca06ad0d6c690e4d5a083b71a9c42008f88e92474e3ff0eb98a,eb4075c77285da02c52794154760fa969fb21ab3dcceb0820cb7d2ba27d27471,http://images.cocodataset.org/train2017/000000152769.jpg,http://images.cocodataset.org/train2017/000000152769.jpg,,http://images.cocodataset.org/train2017/000000152769.jpg,sorev,tier_b_v0.1,"{""axis"": ""semantic"", ""law"": ""stability_law"", ""note"": ""symmetric relation; subject/object reversal keeps truth"", ""relation"": ""away from"", ""transform"": ""sorev""}",,"{""do_sample"": false, ""max_new_tokens"": 5}",tier_b_r1_2b_full,5cc3a4f64f0d09e02b3a49ba7234826aa61d42c9,v0.1
vsr_test:0852,vsr_test:0852,test,sorev,semantic,The sandwich is touching the person,The person is touching the sandwich.,touching,topology_contact,person,sandwich,True,True,stability_law,True,True, True.,HuggingFaceTB/SmolVLM2-2.2B-Instruct,,2B_zero_shot,,,,7f29cebb9d06eca06ad0d6c690e4d5a083b71a9c42008f88e92474e3ff0eb98a,eb4075c77285da02c52794154760fa969fb21ab3dcceb0820cb7d2ba27d27471,http://images.cocodataset.org/train2017/000000169962.jpg,http://images.cocodataset.org/train2017/000000169962.jpg,,http://images.cocodataset.org/train2017/000000169962.jpg,sorev,tier_b_v0.1,"{""axis"": ""semantic"", ""law"": ""stability_law"", ""note"": ""symmetric relation; subject/object reversal keeps truth"", ""relation"": ""touching"", ""transform"": ""sorev""}",,"{""do_sample"": false, ""max_new_tokens"": 5}",tier_b_r1_2b_full,5cc3a4f64f0d09e02b3a49ba7234826aa61d42c9,v0.1
vsr_test:0854,vsr_test:0854,test,sorev,semantic,The truck is close to the train,The train is close to the truck.,close to,proximity,train,truck,True,True,stability_law,True,True, True.,HuggingFaceTB/SmolVLM2-2.2B-Instruct,,2B_zero_shot,,,,7f29cebb9d06eca06ad0d6c690e4d5a083b71a9c42008f88e92474e3ff0eb98a,eb4075c77285da02c52794154760fa969fb21ab3dcceb0820cb7d2ba27d27471,http://images.cocodataset.org/train2017/000000480153.jpg,http://images.cocodataset.org/train2017/000000480153.jpg,,http://images.cocodataset.org/train2017/000000480153.jpg,sorev,tier_b_v0.1,"{""axis"": ""semantic"", ""law"": ""stability_law"", ""note"": ""symmetric relation; subject/object reversal keeps truth"", ""relation"": ""close to"", ""transform"": ""sorev""}",,"{""do_sample"": false, ""max_new_tokens"": 5}",tier_b_r1_2b_full,5cc3a4f64f0d09e02b3a49ba7234826aa61d42c9,v0.1
vsr_test:0856,vsr_test:0856,test,sorev,semantic,The car is next to the cake,The cake is next to the car.,next to,horizontal,cake,car,True,True,stability_law,True,True, True.,HuggingFaceTB/SmolVLM2-2.2B-Instruct,,2B_zero_shot,,,,7f29cebb9d06eca06ad0d6c690e4d5a083b71a9c42008f88e92474e3ff0eb98a,eb4075c77285da02c52794154760fa969fb21ab3dcceb0820cb7d2ba27d27471,http://images.cocodataset.org/train2017/000000399675.jpg,http://images.cocodataset.org/train2017/000000399675.jpg,,http://images.cocodataset.org/train2017/000000399675.jpg,sorev,tier_b_v0.1,"{""axis"": ""semantic"", ""law"": ""stability_law"", ""note"": ""symmetric relation; subject/object reversal keeps truth"", ""relation"": ""next to"", ""transform"": ""sorev""}",,"{""do_sample"": false, ""max_new_tokens"": 5}",tier_b_r1_2b_full,5cc3a4f64f0d09e02b3a49ba7234826aa61d42c9,v0.1
vsr_test:0862,vsr_test:0862,test,sorev,semantic,The dog is far away from the car,The car is far away from the dog.,far away from,proximity,car,dog,False,False,stability_law,False,True, False.,HuggingFaceTB/SmolVLM2-2.2B-Instruct,,2B_zero_shot,,,,7f29cebb9d06eca06ad0d6c690e4d5a083b71a9c42008f88e92474e3ff0eb98a,eb4075c77285da02c52794154760fa969fb21ab3dcceb0820cb7d2ba27d27471,http://images.cocodataset.org/train2017/000000132841.jpg,http://images.cocodataset.org/train2017/000000132841.jpg,,http://images.cocodataset.org/train2017/000000132841.jpg,sorev,tier_b_v0.1,"{""axis"": ""semantic"", ""law"": ""stability_law"", ""note"": ""symmetric relation; subject/object reversal keeps truth"", ""relation"": ""far away from"", ""transform"": ""sorev""}",,"{""do_sample"": false, ""max_new_tokens"": 5}",tier_b_r1_2b_full,5cc3a4f64f0d09e02b3a49ba7234826aa61d42c9,v0.1
vsr_test:0864,vsr_test:0864,test,sorev,semantic,The zebra is touching the person,The person is touching the zebra.,touching,topology_contact,person,zebra,False,False,stability_law,False,True, False.,HuggingFaceTB/SmolVLM2-2.2B-Instruct,,2B_zero_shot,,,,7f29cebb9d06eca06ad0d6c690e4d5a083b71a9c42008f88e92474e3ff0eb98a,eb4075c77285da02c52794154760fa969fb21ab3dcceb0820cb7d2ba27d27471,http://images.cocodataset.org/train2017/000000129262.jpg,http://images.cocodataset.org/train2017/000000129262.jpg,,http://images.cocodataset.org/train2017/000000129262.jpg,sorev,tier_b_v0.1,"{""axis"": ""semantic"", ""law"": ""stability_law"", ""note"": ""symmetric relation; subject/object reversal keeps truth"", ""relation"": ""touching"", ""transform"": ""sorev""}",,"{""do_sample"": false, ""max_new_tokens"": 5}",tier_b_r1_2b_full,5cc3a4f64f0d09e02b3a49ba7234826aa61d42c9,v0.1
vsr_test:0870,vsr_test:0870,test,sorev,semantic,The bird is beside the car,The car is beside the bird.,beside,horizontal,car,bird,True,True,stability_law,True,True, True.,HuggingFaceTB/SmolVLM2-2.2B-Instruct,,2B_zero_shot,,,,7f29cebb9d06eca06ad0d6c690e4d5a083b71a9c42008f88e92474e3ff0eb98a,eb4075c77285da02c52794154760fa969fb21ab3dcceb0820cb7d2ba27d27471,http://images.cocodataset.org/train2017/000000454172.jpg,http://images.cocodataset.org/train2017/000000454172.jpg,,http://images.cocodataset.org/train2017/000000454172.jpg,sorev,tier_b_v0.1,"{""axis"": ""semantic"", ""law"": ""stability_law"", ""note"": ""symmetric relation; subject/object reversal keeps truth"", ""relation"": ""beside"", ""transform"": ""sorev""}",,"{""do_sample"": false, ""max_new_tokens"": 5}",tier_b_r1_2b_full,5cc3a4f64f0d09e02b3a49ba7234826aa61d42c9,v0.1
vsr_test:0871,vsr_test:0871,test,sorev,semantic,The motorcycle is next to the truck,The truck is next to the motorcycle.,next to,horizontal,truck,motorcycle,False,False,stability_law,False,True, False.,HuggingFaceTB/SmolVLM2-2.2B-Instruct,,2B_zero_shot,,,,7f29cebb9d06eca06ad0d6c690e4d5a083b71a9c42008f88e92474e3ff0eb98a,eb4075c77285da02c52794154760fa969fb21ab3dcceb0820cb7d2ba27d27471,http://images.cocodataset.org/train2017/000000120207.jpg,http://images.cocodataset.org/train2017/000000120207.jpg,,http://images.cocodataset.org/train2017/000000120207.jpg,sorev,tier_b_v0.1,"{""axis"": ""semantic"", ""law"": ""stability_law"", ""note"": ""symmetric relation; subject/object reversal keeps truth"", ""relation"": ""next to"", ""transform"": ""sorev""}",,"{""do_sample"": false, ""max_new_tokens"": 5}",tier_b_r1_2b_full,5cc3a4f64f0d09e02b3a49ba7234826aa61d42c9,v0.1
vsr_test:0879,vsr_test:0879,test,sorev,semantic,The bottle is touching the cat,The cat is touching the bottle.,touching,topology_contact,cat,bottle,False,False,stability_law,False,True, False.,HuggingFaceTB/SmolVLM2-2.2B-Instruct,,2B_zero_shot,,,,7f29cebb9d06eca06ad0d6c690e4d5a083b71a9c42008f88e92474e3ff0eb98a,eb4075c77285da02c52794154760fa969fb21ab3dcceb0820cb7d2ba27d27471,http://images.cocodataset.org/train2017/000000046090.jpg,http://images.cocodataset.org/train2017/000000046090.jpg,,http://images.cocodataset.org/train2017/000000046090.jpg,sorev,tier_b_v0.1,"{""axis"": ""semantic"", ""law"": ""stability_law"", ""note"": ""symmetric relation; subject/object reversal keeps truth"", ""relation"": ""touching"", ""transform"": ""sorev""}",,"{""do_sample"": false, ""max_new_tokens"": 5}",tier_b_r1_2b_full,5cc3a4f64f0d09e02b3a49ba7234826aa61d42c9,v0.1
vsr_test:0881,vsr_test:0881,test,sorev,semantic,The bed is touching the laptop,The laptop is touching the bed.,touching,topology_contact,laptop,bed,True,True,stability_law,True,True, True.,HuggingFaceTB/SmolVLM2-2.2B-Instruct,,2B_zero_shot,,,,7f29cebb9d06eca06ad0d6c690e4d5a083b71a9c42008f88e92474e3ff0eb98a,eb4075c77285da02c52794154760fa969fb21ab3dcceb0820cb7d2ba27d27471,http://images.cocodataset.org/train2017/000000121358.jpg,http://images.cocodataset.org/train2017/000000121358.jpg,,http://images.cocodataset.org/train2017/000000121358.jpg,sorev,tier_b_v0.1,"{""axis"": ""semantic"", ""law"": ""stability_law"", ""note"": ""symmetric relation; subject/object reversal keeps truth"", ""relation"": ""touching"", ""transform"": ""sorev""}",,"{""do_sample"": false, ""max_new_tokens"": 5}",tier_b_r1_2b_full,5cc3a4f64f0d09e02b3a49ba7234826aa61d42c9,v0.1
vsr_test:0883,vsr_test:0883,test,sorev,semantic,The bus is far away from the airplane,The airplane is far away from the bus.,far away from,proximity,airplane,bus,True,True,stability_law,True,True, True.,HuggingFaceTB/SmolVLM2-2.2B-Instruct,,2B_zero_shot,,,,7f29cebb9d06eca06ad0d6c690e4d5a083b71a9c42008f88e92474e3ff0eb98a,eb4075c77285da02c52794154760fa969fb21ab3dcceb0820cb7d2ba27d27471,http://images.cocodataset.org/train2017/000000303879.jpg,http://images.cocodataset.org/train2017/000000303879.jpg,,http://images.cocodataset.org/train2017/000000303879.jpg,sorev,tier_b_v0.1,"{""axis"": ""semantic"", ""law"": ""stability_law"", ""note"": ""symmetric relation; subject/object reversal keeps truth"", ""relation"": ""far away from"", ""transform"": ""sorev""}",,"{""do_sample"": false, ""max_new_tokens"": 5}",tier_b_r1_2b_full,5cc3a4f64f0d09e02b3a49ba7234826aa61d42c9,v0.1
vsr_test:0890,vsr_test:0890,test,sorev,semantic,The potted plant is away from the dining table,The dining table is away from the potted plant.,away from,proximity,dining table,potted plant,False,False,stability_law,False,True, False.,HuggingFaceTB/SmolVLM2-2.2B-Instruct,,2B_zero_shot,,,,7f29cebb9d06eca06ad0d6c690e4d5a083b71a9c42008f88e92474e3ff0eb98a,eb4075c77285da02c52794154760fa969fb21ab3dcceb0820cb7d2ba27d27471,http://images.cocodataset.org/train2017/000000481820.jpg,http://images.cocodataset.org/train2017/000000481820.jpg,,http://images.cocodataset.org/train2017/000000481820.jpg,sorev,tier_b_v0.1,"{""axis"": ""semantic"", ""law"": ""stability_law"", ""note"": ""symmetric relation; subject/object reversal keeps truth"", ""relation"": ""away from"", ""transform"": ""sorev""}",,"{""do_sample"": false, ""max_new_tokens"": 5}",tier_b_r1_2b_full,5cc3a4f64f0d09e02b3a49ba7234826aa61d42c9,v0.1
vsr_test:0891,vsr_test:0891,test,sorev,semantic,The dining table is close to the person,The person is close to the dining table.,close to,proximity,person,dining table,False,False,stability_law,True,False, True.,HuggingFaceTB/SmolVLM2-2.2B-Instruct,,2B_zero_shot,,,,7f29cebb9d06eca06ad0d6c690e4d5a083b71a9c42008f88e92474e3ff0eb98a,eb4075c77285da02c52794154760fa969fb21ab3dcceb0820cb7d2ba27d27471,http://images.cocodataset.org/train2017/000000529260.jpg,http://images.cocodataset.org/train2017/000000529260.jpg,,http://images.cocodataset.org/train2017/000000529260.jpg,sorev,tier_b_v0.1,"{""axis"": ""semantic"", ""law"": ""stability_law"", ""note"": ""symmetric relation; subject/object reversal keeps truth"", ""relation"": ""close to"", ""transform"": ""sorev""}",,"{""do_sample"": false, ""max_new_tokens"": 5}",tier_b_r1_2b_full,5cc3a4f64f0d09e02b3a49ba7234826aa61d42c9,v0.1
vsr_test:0896,vsr_test:0896,test,sorev,semantic,The person is touching the bear,The bear is touching the person.,touching,topology_contact,bear,person,False,False,stability_law,False,True, False.,HuggingFaceTB/SmolVLM2-2.2B-Instruct,,2B_zero_shot,,,,7f29cebb9d06eca06ad0d6c690e4d5a083b71a9c42008f88e92474e3ff0eb98a,eb4075c77285da02c52794154760fa969fb21ab3dcceb0820cb7d2ba27d27471,http://images.cocodataset.org/train2017/000000015391.jpg,http://images.cocodataset.org/train2017/000000015391.jpg,,http://images.cocodataset.org/train2017/000000015391.jpg,sorev,tier_b_v0.1,"{""axis"": ""semantic"", ""law"": ""stability_law"", ""note"": ""symmetric relation; subject/object reversal keeps truth"", ""relation"": ""touching"", ""transform"": ""sorev""}",,"{""do_sample"": false, ""max_new_tokens"": 5}",tier_b_r1_2b_full,5cc3a4f64f0d09e02b3a49ba7234826aa61d42c9,v0.1
vsr_test:0914,vsr_test:0914,test,sorev,semantic,The potted plant is touching the teddy bear,The teddy bear is touching the potted plant.,touching,topology_contact,teddy bear,potted plant,True,True,stability_law,False,False, False.,HuggingFaceTB/SmolVLM2-2.2B-Instruct,,2B_zero_shot,,,,7f29cebb9d06eca06ad0d6c690e4d5a083b71a9c42008f88e92474e3ff0eb98a,eb4075c77285da02c52794154760fa969fb21ab3dcceb0820cb7d2ba27d27471,http://images.cocodataset.org/val2017/000000175443.jpg,http://images.cocodataset.org/val2017/000000175443.jpg,,http://images.cocodataset.org/val2017/000000175443.jpg,sorev,tier_b_v0.1,"{""axis"": ""semantic"", ""law"": ""stability_law"", ""note"": ""symmetric relation; subject/object reversal keeps truth"", ""relation"": ""touching"", ""transform"": ""sorev""}",,"{""do_sample"": false, ""max_new_tokens"": 5}",tier_b_r1_2b_full,5cc3a4f64f0d09e02b3a49ba7234826aa61d42c9,v0.1
vsr_test:0926,vsr_test:0926,test,sorev,semantic,The dog is near the bear,The bear is near the dog.,near,proximity,bear,dog,True,True,stability_law,True,True, True.,HuggingFaceTB/SmolVLM2-2.2B-Instruct,,2B_zero_shot,,,,7f29cebb9d06eca06ad0d6c690e4d5a083b71a9c42008f88e92474e3ff0eb98a,eb4075c77285da02c52794154760fa969fb21ab3dcceb0820cb7d2ba27d27471,http://images.cocodataset.org/train2017/000000522225.jpg,http://images.cocodataset.org/train2017/000000522225.jpg,,http://images.cocodataset.org/train2017/000000522225.jpg,sorev,tier_b_v0.1,"{""axis"": ""semantic"", ""law"": ""stability_law"", ""note"": ""symmetric relation; subject/object reversal keeps truth"", ""relation"": ""near"", ""transform"": ""sorev""}",,"{""do_sample"": false, ""max_new_tokens"": 5}",tier_b_r1_2b_full,5cc3a4f64f0d09e02b3a49ba7234826aa61d42c9,v0.1
vsr_test:0927,vsr_test:0927,test,sorev,semantic,The person is touching the orange,The orange is touching the person.,touching,topology_contact,orange,person,True,True,stability_law,True,True, True.,HuggingFaceTB/SmolVLM2-2.2B-Instruct,,2B_zero_shot,,,,7f29cebb9d06eca06ad0d6c690e4d5a083b71a9c42008f88e92474e3ff0eb98a,eb4075c77285da02c52794154760fa969fb21ab3dcceb0820cb7d2ba27d27471,http://images.cocodataset.org/train2017/000000488743.jpg,http://images.cocodataset.org/train2017/000000488743.jpg,,http://images.cocodataset.org/train2017/000000488743.jpg,sorev,tier_b_v0.1,"{""axis"": ""semantic"", ""law"": ""stability_law"", ""note"": ""symmetric relation; subject/object reversal keeps truth"", ""relation"": ""touching"", ""transform"": ""sorev""}",,"{""do_sample"": false, ""max_new_tokens"": 5}",tier_b_r1_2b_full,5cc3a4f64f0d09e02b3a49ba7234826aa61d42c9,v0.1
vsr_test:0928,vsr_test:0928,test,sorev,semantic,The bicycle is next to the train,The train is next to the bicycle.,next to,horizontal,train,bicycle,True,True,stability_law,False,False, False.,HuggingFaceTB/SmolVLM2-2.2B-Instruct,,2B_zero_shot,,,,7f29cebb9d06eca06ad0d6c690e4d5a083b71a9c42008f88e92474e3ff0eb98a,eb4075c77285da02c52794154760fa969fb21ab3dcceb0820cb7d2ba27d27471,http://images.cocodataset.org/train2017/000000050354.jpg,http://images.cocodataset.org/train2017/000000050354.jpg,,http://images.cocodataset.org/train2017/000000050354.jpg,sorev,tier_b_v0.1,"{""axis"": ""semantic"", ""law"": ""stability_law"", ""note"": ""symmetric relation; subject/object reversal keeps truth"", ""relation"": ""next to"", ""transform"": ""sorev""}",,"{""do_sample"": false, ""max_new_tokens"": 5}",tier_b_r1_2b_full,5cc3a4f64f0d09e02b3a49ba7234826aa61d42c9,v0.1
vsr_test:0930,vsr_test:0930,test,sorev,semantic,The dog is near the donut,The donut is near the dog.,near,proximity,donut,dog,True,True,stability_law,True,True, True.,HuggingFaceTB/SmolVLM2-2.2B-Instruct,,2B_zero_shot,,,,7f29cebb9d06eca06ad0d6c690e4d5a083b71a9c42008f88e92474e3ff0eb98a,eb4075c77285da02c52794154760fa969fb21ab3dcceb0820cb7d2ba27d27471,http://images.cocodataset.org/train2017/000000026908.jpg,http://images.cocodataset.org/train2017/000000026908.jpg,,http://images.cocodataset.org/train2017/000000026908.jpg,sorev,tier_b_v0.1,"{""axis"": ""semantic"", ""law"": ""stability_law"", ""note"": ""symmetric relation; subject/object reversal keeps truth"", ""relation"": ""near"", ""transform"": ""sorev""}",,"{""do_sample"": false, ""max_new_tokens"": 5}",tier_b_r1_2b_full,5cc3a4f64f0d09e02b3a49ba7234826aa61d42c9,v0.1
vsr_test:0939,vsr_test:0939,test,sorev,semantic,The person is beside the bed,The bed is beside the person.,beside,horizontal,bed,person,False,False,stability_law,False,True, False.,HuggingFaceTB/SmolVLM2-2.2B-Instruct,,2B_zero_shot,,,,7f29cebb9d06eca06ad0d6c690e4d5a083b71a9c42008f88e92474e3ff0eb98a,eb4075c77285da02c52794154760fa969fb21ab3dcceb0820cb7d2ba27d27471,http://images.cocodataset.org/train2017/000000418604.jpg,http://images.cocodataset.org/train2017/000000418604.jpg,,http://images.cocodataset.org/train2017/000000418604.jpg,sorev,tier_b_v0.1,"{""axis"": ""semantic"", ""law"": ""stability_law"", ""note"": ""symmetric relation; subject/object reversal keeps truth"", ""relation"": ""beside"", ""transform"": ""sorev""}",,"{""do_sample"": false, ""max_new_tokens"": 5}",tier_b_r1_2b_full,5cc3a4f64f0d09e02b3a49ba7234826aa61d42c9,v0.1
vsr_test:0940,vsr_test:0940,test,sorev,semantic,The person is touching the pizza,The pizza is touching the person.,touching,topology_contact,pizza,person,True,True,stability_law,True,True, True.,HuggingFaceTB/SmolVLM2-2.2B-Instruct,,2B_zero_shot,,,,7f29cebb9d06eca06ad0d6c690e4d5a083b71a9c42008f88e92474e3ff0eb98a,eb4075c77285da02c52794154760fa969fb21ab3dcceb0820cb7d2ba27d27471,http://images.cocodataset.org/train2017/000000496307.jpg,http://images.cocodataset.org/train2017/000000496307.jpg,,http://images.cocodataset.org/train2017/000000496307.jpg,sorev,tier_b_v0.1,"{""axis"": ""semantic"", ""law"": ""stability_law"", ""note"": ""symmetric relation; subject/object reversal keeps truth"", ""relation"": ""touching"", ""transform"": ""sorev""}",,"{""do_sample"": false, ""max_new_tokens"": 5}",tier_b_r1_2b_full,5cc3a4f64f0d09e02b3a49ba7234826aa61d42c9,v0.1
vsr_test:0942,vsr_test:0942,test,sorev,semantic,The dining table is touching the person,The person is touching the dining table.,touching,topology_contact,person,dining table,False,False,stability_law,False,True, False.,HuggingFaceTB/SmolVLM2-2.2B-Instruct,,2B_zero_shot,,,,7f29cebb9d06eca06ad0d6c690e4d5a083b71a9c42008f88e92474e3ff0eb98a,eb4075c77285da02c52794154760fa969fb21ab3dcceb0820cb7d2ba27d27471,http://images.cocodataset.org/train2017/000000281764.jpg,http://images.cocodataset.org/train2017/000000281764.jpg,,http://images.cocodataset.org/train2017/000000281764.jpg,sorev,tier_b_v0.1,"{""axis"": ""semantic"", ""law"": ""stability_law"", ""note"": ""symmetric relation; subject/object reversal keeps truth"", ""relation"": ""touching"", ""transform"": ""sorev""}",,"{""do_sample"": false, ""max_new_tokens"": 5}",tier_b_r1_2b_full,5cc3a4f64f0d09e02b3a49ba7234826aa61d42c9,v0.1
vsr_test:0944,vsr_test:0944,test,sorev,semantic,The zebra is far from the person,The person is far from the zebra.,far from,proximity,person,zebra,False,False,stability_law,False,True, False.,HuggingFaceTB/SmolVLM2-2.2B-Instruct,,2B_zero_shot,,,,7f29cebb9d06eca06ad0d6c690e4d5a083b71a9c42008f88e92474e3ff0eb98a,eb4075c77285da02c52794154760fa969fb21ab3dcceb0820cb7d2ba27d27471,http://images.cocodataset.org/train2017/000000484066.jpg,http://images.cocodataset.org/train2017/000000484066.jpg,,http://images.cocodataset.org/train2017/000000484066.jpg,sorev,tier_b_v0.1,"{""axis"": ""semantic"", ""law"": ""stability_law"", ""note"": ""symmetric relation; subject/object reversal keeps truth"", ""relation"": ""far from"", ""transform"": ""sorev""}",,"{""do_sample"": false, ""max_new_tokens"": 5}",tier_b_r1_2b_full,5cc3a4f64f0d09e02b3a49ba7234826aa61d42c9,v0.1
vsr_test:0950,vsr_test:0950,test,sorev,semantic,The cake is close to the keyboard,The keyboard is close to the cake.,close to,proximity,keyboard,cake,True,True,stability_law,True,True, True.,HuggingFaceTB/SmolVLM2-2.2B-Instruct,,2B_zero_shot,,,,7f29cebb9d06eca06ad0d6c690e4d5a083b71a9c42008f88e92474e3ff0eb98a,eb4075c77285da02c52794154760fa969fb21ab3dcceb0820cb7d2ba27d27471,http://images.cocodataset.org/train2017/000000505754.jpg,http://images.cocodataset.org/train2017/000000505754.jpg,,http://images.cocodataset.org/train2017/000000505754.jpg,sorev,tier_b_v0.1,"{""axis"": ""semantic"", ""law"": ""stability_law"", ""note"": ""symmetric relation; subject/object reversal keeps truth"", ""relation"": ""close to"", ""transform"": ""sorev""}",,"{""do_sample"": false, ""max_new_tokens"": 5}",tier_b_r1_2b_full,5cc3a4f64f0d09e02b3a49ba7234826aa61d42c9,v0.1
vsr_test:0957,vsr_test:0957,test,sorev,semantic,The wine glass is next to the teddy bear,The teddy bear is next to the wine glass.,next to,horizontal,teddy bear,wine glass,True,True,stability_law,True,True, True.,HuggingFaceTB/SmolVLM2-2.2B-Instruct,,2B_zero_shot,,,,7f29cebb9d06eca06ad0d6c690e4d5a083b71a9c42008f88e92474e3ff0eb98a,eb4075c77285da02c52794154760fa969fb21ab3dcceb0820cb7d2ba27d27471,http://images.cocodataset.org/train2017/000000386377.jpg,http://images.cocodataset.org/train2017/000000386377.jpg,,http://images.cocodataset.org/train2017/000000386377.jpg,sorev,tier_b_v0.1,"{""axis"": ""semantic"", ""law"": ""stability_law"", ""note"": ""symmetric relation; subject/object reversal keeps truth"", ""relation"": ""next to"", ""transform"": ""sorev""}",,"{""do_sample"": false, ""max_new_tokens"": 5}",tier_b_r1_2b_full,5cc3a4f64f0d09e02b3a49ba7234826aa61d42c9,v0.1
vsr_test:0964,vsr_test:0964,test,sorev,semantic,The bottle is beside the suitcase,The suitcase is beside the bottle.,beside,horizontal,suitcase,bottle,False,False,stability_law,True,False, True.,HuggingFaceTB/SmolVLM2-2.2B-Instruct,,2B_zero_shot,,,,7f29cebb9d06eca06ad0d6c690e4d5a083b71a9c42008f88e92474e3ff0eb98a,eb4075c77285da02c52794154760fa969fb21ab3dcceb0820cb7d2ba27d27471,http://images.cocodataset.org/train2017/000000131162.jpg,http://images.cocodataset.org/train2017/000000131162.jpg,,http://images.cocodataset.org/train2017/000000131162.jpg,sorev,tier_b_v0.1,"{""axis"": ""semantic"", ""law"": ""stability_law"", ""note"": ""symmetric relation; subject/object reversal keeps truth"", ""relation"": ""beside"", ""transform"": ""sorev""}",,"{""do_sample"": false, ""max_new_tokens"": 5}",tier_b_r1_2b_full,5cc3a4f64f0d09e02b3a49ba7234826aa61d42c9,v0.1
vsr_test:0971,vsr_test:0971,test,sorev,semantic,The suitcase is attached to the teddy bear,The teddy bear is attached to the suitcase.,attached to,topology_contact,teddy bear,suitcase,False,False,stability_law,False,True, False.,HuggingFaceTB/SmolVLM2-2.2B-Instruct,,2B_zero_shot,,,,7f29cebb9d06eca06ad0d6c690e4d5a083b71a9c42008f88e92474e3ff0eb98a,eb4075c77285da02c52794154760fa969fb21ab3dcceb0820cb7d2ba27d27471,http://images.cocodataset.org/train2017/000000123751.jpg,http://images.cocodataset.org/train2017/000000123751.jpg,,http://images.cocodataset.org/train2017/000000123751.jpg,sorev,tier_b_v0.1,"{""axis"": ""semantic"", ""law"": ""stability_law"", ""note"": ""symmetric relation; subject/object reversal keeps truth"", ""relation"": ""attached to"", ""transform"": ""sorev""}",,"{""do_sample"": false, ""max_new_tokens"": 5}",tier_b_r1_2b_full,5cc3a4f64f0d09e02b3a49ba7234826aa61d42c9,v0.1
vsr_test:0976,vsr_test:0976,test,sorev,semantic,The laptop is touching the person,The person is touching the laptop.,touching,topology_contact,person,laptop,False,False,stability_law,False,True, False.,HuggingFaceTB/SmolVLM2-2.2B-Instruct,,2B_zero_shot,,,,7f29cebb9d06eca06ad0d6c690e4d5a083b71a9c42008f88e92474e3ff0eb98a,eb4075c77285da02c52794154760fa969fb21ab3dcceb0820cb7d2ba27d27471,http://images.cocodataset.org/train2017/000000153638.jpg,http://images.cocodataset.org/train2017/000000153638.jpg,,http://images.cocodataset.org/train2017/000000153638.jpg,sorev,tier_b_v0.1,"{""axis"": ""semantic"", ""law"": ""stability_law"", ""note"": ""symmetric relation; subject/object reversal keeps truth"", ""relation"": ""touching"", ""transform"": ""sorev""}",,"{""do_sample"": false, ""max_new_tokens"": 5}",tier_b_r1_2b_full,5cc3a4f64f0d09e02b3a49ba7234826aa61d42c9,v0.1
vsr_test:0978,vsr_test:0978,test,sorev,semantic,The cow is far away from the car,The car is far away from the cow.,far away from,proximity,car,cow,False,False,stability_law,True,False, True.,HuggingFaceTB/SmolVLM2-2.2B-Instruct,,2B_zero_shot,,,,7f29cebb9d06eca06ad0d6c690e4d5a083b71a9c42008f88e92474e3ff0eb98a,eb4075c77285da02c52794154760fa969fb21ab3dcceb0820cb7d2ba27d27471,http://images.cocodataset.org/train2017/000000173530.jpg,http://images.cocodataset.org/train2017/000000173530.jpg,,http://images.cocodataset.org/train2017/000000173530.jpg,sorev,tier_b_v0.1,"{""axis"": ""semantic"", ""law"": ""stability_law"", ""note"": ""symmetric relation; subject/object reversal keeps truth"", ""relation"": ""far away from"", ""transform"": ""sorev""}",,"{""do_sample"": false, ""max_new_tokens"": 5}",tier_b_r1_2b_full,5cc3a4f64f0d09e02b3a49ba7234826aa61d42c9,v0.1
vsr_test:0992,vsr_test:0992,test,sorev,semantic,The keyboard is next to the cat,The cat is next to the keyboard.,next to,horizontal,cat,keyboard,True,True,stability_law,True,True, True.,HuggingFaceTB/SmolVLM2-2.2B-Instruct,,2B_zero_shot,,,,7f29cebb9d06eca06ad0d6c690e4d5a083b71a9c42008f88e92474e3ff0eb98a,eb4075c77285da02c52794154760fa969fb21ab3dcceb0820cb7d2ba27d27471,http://images.cocodataset.org/train2017/000000407390.jpg,http://images.cocodataset.org/train2017/000000407390.jpg,,http://images.cocodataset.org/train2017/000000407390.jpg,sorev,tier_b_v0.1,"{""axis"": ""semantic"", ""law"": ""stability_law"", ""note"": ""symmetric relation; subject/object reversal keeps truth"", ""relation"": ""next to"", ""transform"": ""sorev""}",,"{""do_sample"": false, ""max_new_tokens"": 5}",tier_b_r1_2b_full,5cc3a4f64f0d09e02b3a49ba7234826aa61d42c9,v0.1
vsr_test:0997,vsr_test:0997,test,sorev,semantic,The apple is touching the person,The person is touching the apple.,touching,topology_contact,person,apple,False,False,stability_law,True,False, True.,HuggingFaceTB/SmolVLM2-2.2B-Instruct,,2B_zero_shot,,,,7f29cebb9d06eca06ad0d6c690e4d5a083b71a9c42008f88e92474e3ff0eb98a,eb4075c77285da02c52794154760fa969fb21ab3dcceb0820cb7d2ba27d27471,http://images.cocodataset.org/train2017/000000396082.jpg,http://images.cocodataset.org/train2017/000000396082.jpg,,http://images.cocodataset.org/train2017/000000396082.jpg,sorev,tier_b_v0.1,"{""axis"": ""semantic"", ""law"": ""stability_law"", ""note"": ""symmetric relation; subject/object reversal keeps truth"", ""relation"": ""touching"", ""transform"": ""sorev""}",,"{""do_sample"": false, ""max_new_tokens"": 5}",tier_b_r1_2b_full,5cc3a4f64f0d09e02b3a49ba7234826aa61d42c9,v0.1
vsr_test:0998,vsr_test:0998,test,sorev,semantic,The cat is next to the suitcase,The suitcase is next to the cat.,next to,horizontal,suitcase,cat,False,False,stability_law,True,False, True.,HuggingFaceTB/SmolVLM2-2.2B-Instruct,,2B_zero_shot,,,,7f29cebb9d06eca06ad0d6c690e4d5a083b71a9c42008f88e92474e3ff0eb98a,eb4075c77285da02c52794154760fa969fb21ab3dcceb0820cb7d2ba27d27471,http://images.cocodataset.org/train2017/000000148677.jpg,http://images.cocodataset.org/train2017/000000148677.jpg,,http://images.cocodataset.org/train2017/000000148677.jpg,sorev,tier_b_v0.1,"{""axis"": ""semantic"", ""law"": ""stability_law"", ""note"": ""symmetric relation; subject/object reversal keeps truth"", ""relation"": ""next to"", ""transform"": ""sorev""}",,"{""do_sample"": false, ""max_new_tokens"": 5}",tier_b_r1_2b_full,5cc3a4f64f0d09e02b3a49ba7234826aa61d42c9,v0.1
vsr_test:1004,vsr_test:1004,test,sorev,semantic,The cake is beside the laptop,The laptop is beside the cake.,beside,horizontal,laptop,cake,True,True,stability_law,True,True, True.,HuggingFaceTB/SmolVLM2-2.2B-Instruct,,2B_zero_shot,,,,7f29cebb9d06eca06ad0d6c690e4d5a083b71a9c42008f88e92474e3ff0eb98a,eb4075c77285da02c52794154760fa969fb21ab3dcceb0820cb7d2ba27d27471,http://images.cocodataset.org/train2017/000000349230.jpg,http://images.cocodataset.org/train2017/000000349230.jpg,,http://images.cocodataset.org/train2017/000000349230.jpg,sorev,tier_b_v0.1,"{""axis"": ""semantic"", ""law"": ""stability_law"", ""note"": ""symmetric relation; subject/object reversal keeps truth"", ""relation"": ""beside"", ""transform"": ""sorev""}",,"{""do_sample"": false, ""max_new_tokens"": 5}",tier_b_r1_2b_full,5cc3a4f64f0d09e02b3a49ba7234826aa61d42c9,v0.1
vsr_test:1007,vsr_test:1007,test,sorev,semantic,The laptop is next to the pizza,The pizza is next to the laptop.,next to,horizontal,pizza,laptop,True,True,stability_law,True,True, True.,HuggingFaceTB/SmolVLM2-2.2B-Instruct,,2B_zero_shot,,,,7f29cebb9d06eca06ad0d6c690e4d5a083b71a9c42008f88e92474e3ff0eb98a,eb4075c77285da02c52794154760fa969fb21ab3dcceb0820cb7d2ba27d27471,http://images.cocodataset.org/train2017/000000073353.jpg,http://images.cocodataset.org/train2017/000000073353.jpg,,http://images.cocodataset.org/train2017/000000073353.jpg,sorev,tier_b_v0.1,"{""axis"": ""semantic"", ""law"": ""stability_law"", ""note"": ""symmetric relation; subject/object reversal keeps truth"", ""relation"": ""next to"", ""transform"": ""sorev""}",,"{""do_sample"": false, ""max_new_tokens"": 5}",tier_b_r1_2b_full,5cc3a4f64f0d09e02b3a49ba7234826aa61d42c9,v0.1
vsr_test:1009,vsr_test:1009,test,sorev,semantic,The cell phone is adjacent to the teddy bear,The teddy bear is adjacent to the cell phone.,adjacent to,other,teddy bear,cell phone,True,True,stability_law,True,True, True.,HuggingFaceTB/SmolVLM2-2.2B-Instruct,,2B_zero_shot,,,,7f29cebb9d06eca06ad0d6c690e4d5a083b71a9c42008f88e92474e3ff0eb98a,eb4075c77285da02c52794154760fa969fb21ab3dcceb0820cb7d2ba27d27471,http://images.cocodataset.org/train2017/000000500921.jpg,http://images.cocodataset.org/train2017/000000500921.jpg,,http://images.cocodataset.org/train2017/000000500921.jpg,sorev,tier_b_v0.1,"{""axis"": ""semantic"", ""law"": ""stability_law"", ""note"": ""symmetric relation; subject/object reversal keeps truth"", ""relation"": ""adjacent to"", ""transform"": ""sorev""}",,"{""do_sample"": false, ""max_new_tokens"": 5}",tier_b_r1_2b_full,5cc3a4f64f0d09e02b3a49ba7234826aa61d42c9,v0.1
vsr_test:1016,vsr_test:1016,test,sorev,semantic,The oven is beside the sandwich,The sandwich is beside the oven.,beside,horizontal,sandwich,oven,False,False,stability_law,False,True, False.,HuggingFaceTB/SmolVLM2-2.2B-Instruct,,2B_zero_shot,,,,7f29cebb9d06eca06ad0d6c690e4d5a083b71a9c42008f88e92474e3ff0eb98a,eb4075c77285da02c52794154760fa969fb21ab3dcceb0820cb7d2ba27d27471,http://images.cocodataset.org/val2017/000000046463.jpg,http://images.cocodataset.org/val2017/000000046463.jpg,,http://images.cocodataset.org/val2017/000000046463.jpg,sorev,tier_b_v0.1,"{""axis"": ""semantic"", ""law"": ""stability_law"", ""note"": ""symmetric relation; subject/object reversal keeps truth"", ""relation"": ""beside"", ""transform"": ""sorev""}",,"{""do_sample"": false, ""max_new_tokens"": 5}",tier_b_r1_2b_full,5cc3a4f64f0d09e02b3a49ba7234826aa61d42c9,v0.1
vsr_test:1022,vsr_test:1022,test,sorev,semantic,The parking meter is adjacent to the truck,The truck is adjacent to the parking meter.,adjacent to,other,truck,parking meter,False,False,stability_law,True,False, True.,HuggingFaceTB/SmolVLM2-2.2B-Instruct,,2B_zero_shot,,,,7f29cebb9d06eca06ad0d6c690e4d5a083b71a9c42008f88e92474e3ff0eb98a,eb4075c77285da02c52794154760fa969fb21ab3dcceb0820cb7d2ba27d27471,http://images.cocodataset.org/train2017/000000341137.jpg,http://images.cocodataset.org/train2017/000000341137.jpg,,http://images.cocodataset.org/train2017/000000341137.jpg,sorev,tier_b_v0.1,"{""axis"": ""semantic"", ""law"": ""stability_law"", ""note"": ""symmetric relation; subject/object reversal keeps truth"", ""relation"": ""adjacent to"", ""transform"": ""sorev""}",,"{""do_sample"": false, ""max_new_tokens"": 5}",tier_b_r1_2b_full,5cc3a4f64f0d09e02b3a49ba7234826aa61d42c9,v0.1
vsr_test:1023,vsr_test:1023,test,sorev,semantic,The bicycle is far from the cow,The cow is far from the bicycle.,far from,proximity,cow,bicycle,True,True,stability_law,False,False, False.,HuggingFaceTB/SmolVLM2-2.2B-Instruct,,2B_zero_shot,,,,7f29cebb9d06eca06ad0d6c690e4d5a083b71a9c42008f88e92474e3ff0eb98a,eb4075c77285da02c52794154760fa969fb21ab3dcceb0820cb7d2ba27d27471,http://images.cocodataset.org/train2017/000000162355.jpg,http://images.cocodataset.org/train2017/000000162355.jpg,,http://images.cocodataset.org/train2017/000000162355.jpg,sorev,tier_b_v0.1,"{""axis"": ""semantic"", ""law"": ""stability_law"", ""note"": ""symmetric relation; subject/object reversal keeps truth"", ""relation"": ""far from"", ""transform"": ""sorev""}",,"{""do_sample"": false, ""max_new_tokens"": 5}",tier_b_r1_2b_full,5cc3a4f64f0d09e02b3a49ba7234826aa61d42c9,v0.1
vsr_test:1028,vsr_test:1028,test,sorev,semantic,The banana is touching the bed,The bed is touching the banana.,touching,topology_contact,bed,banana,True,True,stability_law,True,True, True.,HuggingFaceTB/SmolVLM2-2.2B-Instruct,,2B_zero_shot,,,,7f29cebb9d06eca06ad0d6c690e4d5a083b71a9c42008f88e92474e3ff0eb98a,eb4075c77285da02c52794154760fa969fb21ab3dcceb0820cb7d2ba27d27471,http://images.cocodataset.org/train2017/000000026978.jpg,http://images.cocodataset.org/train2017/000000026978.jpg,,http://images.cocodataset.org/train2017/000000026978.jpg,sorev,tier_b_v0.1,"{""axis"": ""semantic"", ""law"": ""stability_law"", ""note"": ""symmetric relation; subject/object reversal keeps truth"", ""relation"": ""touching"", ""transform"": ""sorev""}",,"{""do_sample"": false, ""max_new_tokens"": 5}",tier_b_r1_2b_full,5cc3a4f64f0d09e02b3a49ba7234826aa61d42c9,v0.1
vsr_test:1033,vsr_test:1033,test,sorev,semantic,The couch is touching the teddy bear,The teddy bear is touching the couch.,touching,topology_contact,teddy bear,couch,True,True,stability_law,True,True, True.,HuggingFaceTB/SmolVLM2-2.2B-Instruct,,2B_zero_shot,,,,7f29cebb9d06eca06ad0d6c690e4d5a083b71a9c42008f88e92474e3ff0eb98a,eb4075c77285da02c52794154760fa969fb21ab3dcceb0820cb7d2ba27d27471,http://images.cocodataset.org/train2017/000000452004.jpg,http://images.cocodataset.org/train2017/000000452004.jpg,,http://images.cocodataset.org/train2017/000000452004.jpg,sorev,tier_b_v0.1,"{""axis"": ""semantic"", ""law"": ""stability_law"", ""note"": ""symmetric relation; subject/object reversal keeps truth"", ""relation"": ""touching"", ""transform"": ""sorev""}",,"{""do_sample"": false, ""max_new_tokens"": 5}",tier_b_r1_2b_full,5cc3a4f64f0d09e02b3a49ba7234826aa61d42c9,v0.1
vsr_test:1034,vsr_test:1034,test,sorev,semantic,The zebra is next to the person,The person is next to the zebra.,next to,horizontal,person,zebra,True,True,stability_law,True,True, True.,HuggingFaceTB/SmolVLM2-2.2B-Instruct,,2B_zero_shot,,,,7f29cebb9d06eca06ad0d6c690e4d5a083b71a9c42008f88e92474e3ff0eb98a,eb4075c77285da02c52794154760fa969fb21ab3dcceb0820cb7d2ba27d27471,http://images.cocodataset.org/train2017/000000425807.jpg,http://images.cocodataset.org/train2017/000000425807.jpg,,http://images.cocodataset.org/train2017/000000425807.jpg,sorev,tier_b_v0.1,"{""axis"": ""semantic"", ""law"": ""stability_law"", ""note"": ""symmetric relation; subject/object reversal keeps truth"", ""relation"": ""next to"", ""transform"": ""sorev""}",,"{""do_sample"": false, ""max_new_tokens"": 5}",tier_b_r1_2b_full,5cc3a4f64f0d09e02b3a49ba7234826aa61d42c9,v0.1
vsr_test:1040,vsr_test:1040,test,sorev,semantic,The bear is touching the person,The person is touching the bear.,touching,topology_contact,person,bear,False,False,stability_law,False,True, False.,HuggingFaceTB/SmolVLM2-2.2B-Instruct,,2B_zero_shot,,,,7f29cebb9d06eca06ad0d6c690e4d5a083b71a9c42008f88e92474e3ff0eb98a,eb4075c77285da02c52794154760fa969fb21ab3dcceb0820cb7d2ba27d27471,http://images.cocodataset.org/train2017/000000290967.jpg,http://images.cocodataset.org/train2017/000000290967.jpg,,http://images.cocodataset.org/train2017/000000290967.jpg,sorev,tier_b_v0.1,"{""axis"": ""semantic"", ""law"": ""stability_law"", ""note"": ""symmetric relation; subject/object reversal keeps truth"", ""relation"": ""touching"", ""transform"": ""sorev""}",,"{""do_sample"": false, ""max_new_tokens"": 5}",tier_b_r1_2b_full,5cc3a4f64f0d09e02b3a49ba7234826aa61d42c9,v0.1
vsr_test:1048,vsr_test:1048,test,sorev,semantic,The cake is touching the person,The person is touching the cake.,touching,topology_contact,person,cake,True,True,stability_law,False,False, False.,HuggingFaceTB/SmolVLM2-2.2B-Instruct,,2B_zero_shot,,,,7f29cebb9d06eca06ad0d6c690e4d5a083b71a9c42008f88e92474e3ff0eb98a,eb4075c77285da02c52794154760fa969fb21ab3dcceb0820cb7d2ba27d27471,http://images.cocodataset.org/train2017/000000340674.jpg,http://images.cocodataset.org/train2017/000000340674.jpg,,http://images.cocodataset.org/train2017/000000340674.jpg,sorev,tier_b_v0.1,"{""axis"": ""semantic"", ""law"": ""stability_law"", ""note"": ""symmetric relation; subject/object reversal keeps truth"", ""relation"": ""touching"", ""transform"": ""sorev""}",,"{""do_sample"": false, ""max_new_tokens"": 5}",tier_b_r1_2b_full,5cc3a4f64f0d09e02b3a49ba7234826aa61d42c9,v0.1
vsr_test:1050,vsr_test:1050,test,sorev,semantic,The dining table is touching the orange,The orange is touching the dining table.,touching,topology_contact,orange,dining table,True,True,stability_law,True,True, True.,HuggingFaceTB/SmolVLM2-2.2B-Instruct,,2B_zero_shot,,,,7f29cebb9d06eca06ad0d6c690e4d5a083b71a9c42008f88e92474e3ff0eb98a,eb4075c77285da02c52794154760fa969fb21ab3dcceb0820cb7d2ba27d27471,http://images.cocodataset.org/train2017/000000108862.jpg,http://images.cocodataset.org/train2017/000000108862.jpg,,http://images.cocodataset.org/train2017/000000108862.jpg,sorev,tier_b_v0.1,"{""axis"": ""semantic"", ""law"": ""stability_law"", ""note"": ""symmetric relation; subject/object reversal keeps truth"", ""relation"": ""touching"", ""transform"": ""sorev""}",,"{""do_sample"": false, ""max_new_tokens"": 5}",tier_b_r1_2b_full,5cc3a4f64f0d09e02b3a49ba7234826aa61d42c9,v0.1
vsr_test:1053,vsr_test:1053,test,sorev,semantic,The teddy bear is touching the laptop,The laptop is touching the teddy bear.,touching,topology_contact,laptop,teddy bear,True,True,stability_law,True,True, True.,HuggingFaceTB/SmolVLM2-2.2B-Instruct,,2B_zero_shot,,,,7f29cebb9d06eca06ad0d6c690e4d5a083b71a9c42008f88e92474e3ff0eb98a,eb4075c77285da02c52794154760fa969fb21ab3dcceb0820cb7d2ba27d27471,http://images.cocodataset.org/train2017/000000487002.jpg,http://images.cocodataset.org/train2017/000000487002.jpg,,http://images.cocodataset.org/train2017/000000487002.jpg,sorev,tier_b_v0.1,"{""axis"": ""semantic"", ""law"": ""stability_law"", ""note"": ""symmetric relation; subject/object reversal keeps truth"", ""relation"": ""touching"", ""transform"": ""sorev""}",,"{""do_sample"": false, ""max_new_tokens"": 5}",tier_b_r1_2b_full,5cc3a4f64f0d09e02b3a49ba7234826aa61d42c9,v0.1
vsr_test:1055,vsr_test:1055,test,sorev,semantic,The dog is touching the keyboard,The keyboard is touching the dog.,touching,topology_contact,keyboard,dog,False,False,stability_law,False,True, False.,HuggingFaceTB/SmolVLM2-2.2B-Instruct,,2B_zero_shot,,,,7f29cebb9d06eca06ad0d6c690e4d5a083b71a9c42008f88e92474e3ff0eb98a,eb4075c77285da02c52794154760fa969fb21ab3dcceb0820cb7d2ba27d27471,http://images.cocodataset.org/train2017/000000127799.jpg,http://images.cocodataset.org/train2017/000000127799.jpg,,http://images.cocodataset.org/train2017/000000127799.jpg,sorev,tier_b_v0.1,"{""axis"": ""semantic"", ""law"": ""stability_law"", ""note"": ""symmetric relation; subject/object reversal keeps truth"", ""relation"": ""touching"", ""transform"": ""sorev""}",,"{""do_sample"": false, ""max_new_tokens"": 5}",tier_b_r1_2b_full,5cc3a4f64f0d09e02b3a49ba7234826aa61d42c9,v0.1
vsr_test:1056,vsr_test:1056,test,sorev,semantic,The donut is touching the dining table,The dining table is touching the donut.,touching,topology_contact,dining table,donut,False,False,stability_law,False,True, False.,HuggingFaceTB/SmolVLM2-2.2B-Instruct,,2B_zero_shot,,,,7f29cebb9d06eca06ad0d6c690e4d5a083b71a9c42008f88e92474e3ff0eb98a,eb4075c77285da02c52794154760fa969fb21ab3dcceb0820cb7d2ba27d27471,http://images.cocodataset.org/train2017/000000304858.jpg,http://images.cocodataset.org/train2017/000000304858.jpg,,http://images.cocodataset.org/train2017/000000304858.jpg,sorev,tier_b_v0.1,"{""axis"": ""semantic"", ""law"": ""stability_law"", ""note"": ""symmetric relation; subject/object reversal keeps truth"", ""relation"": ""touching"", ""transform"": ""sorev""}",,"{""do_sample"": false, ""max_new_tokens"": 5}",tier_b_r1_2b_full,5cc3a4f64f0d09e02b3a49ba7234826aa61d42c9,v0.1
vsr_test:1062,vsr_test:1062,test,sorev,semantic,The truck is next to the chair,The chair is next to the truck.,next to,horizontal,chair,truck,True,True,stability_law,True,True, True.,HuggingFaceTB/SmolVLM2-2.2B-Instruct,,2B_zero_shot,,,,7f29cebb9d06eca06ad0d6c690e4d5a083b71a9c42008f88e92474e3ff0eb98a,eb4075c77285da02c52794154760fa969fb21ab3dcceb0820cb7d2ba27d27471,http://images.cocodataset.org/train2017/000000173001.jpg,http://images.cocodataset.org/train2017/000000173001.jpg,,http://images.cocodataset.org/train2017/000000173001.jpg,sorev,tier_b_v0.1,"{""axis"": ""semantic"", ""law"": ""stability_law"", ""note"": ""symmetric relation; subject/object reversal keeps truth"", ""relation"": ""next to"", ""transform"": ""sorev""}",,"{""do_sample"": false, ""max_new_tokens"": 5}",tier_b_r1_2b_full,5cc3a4f64f0d09e02b3a49ba7234826aa61d42c9,v0.1
vsr_test:1066,vsr_test:1066,test,sorev,semantic,The refrigerator is touching the cat,The cat is touching the refrigerator.,touching,topology_contact,cat,refrigerator,False,False,stability_law,False,True, False.,HuggingFaceTB/SmolVLM2-2.2B-Instruct,,2B_zero_shot,,,,7f29cebb9d06eca06ad0d6c690e4d5a083b71a9c42008f88e92474e3ff0eb98a,eb4075c77285da02c52794154760fa969fb21ab3dcceb0820cb7d2ba27d27471,http://images.cocodataset.org/train2017/000000407390.jpg,http://images.cocodataset.org/train2017/000000407390.jpg,,http://images.cocodataset.org/train2017/000000407390.jpg,sorev,tier_b_v0.1,"{""axis"": ""semantic"", ""law"": ""stability_law"", ""note"": ""symmetric relation; subject/object reversal keeps truth"", ""relation"": ""touching"", ""transform"": ""sorev""}",,"{""do_sample"": false, ""max_new_tokens"": 5}",tier_b_r1_2b_full,5cc3a4f64f0d09e02b3a49ba7234826aa61d42c9,v0.1
vsr_test:1069,vsr_test:1069,test,sorev,semantic,The cat is far from the pizza,The pizza is far from the cat.,far from,proximity,pizza,cat,True,True,stability_law,True,True, True.,HuggingFaceTB/SmolVLM2-2.2B-Instruct,,2B_zero_shot,,,,7f29cebb9d06eca06ad0d6c690e4d5a083b71a9c42008f88e92474e3ff0eb98a,eb4075c77285da02c52794154760fa969fb21ab3dcceb0820cb7d2ba27d27471,http://images.cocodataset.org/train2017/000000494785.jpg,http://images.cocodataset.org/train2017/000000494785.jpg,,http://images.cocodataset.org/train2017/000000494785.jpg,sorev,tier_b_v0.1,"{""axis"": ""semantic"", ""law"": ""stability_law"", ""note"": ""symmetric relation; subject/object reversal keeps truth"", ""relation"": ""far from"", ""transform"": ""sorev""}",,"{""do_sample"": false, ""max_new_tokens"": 5}",tier_b_r1_2b_full,5cc3a4f64f0d09e02b3a49ba7234826aa61d42c9,v0.1
vsr_test:1071,vsr_test:1071,test,sorev,semantic,The umbrella is touching the person,The person is touching the umbrella.,touching,topology_contact,person,umbrella,True,True,stability_law,False,False, False.,HuggingFaceTB/SmolVLM2-2.2B-Instruct,,2B_zero_shot,,,,7f29cebb9d06eca06ad0d6c690e4d5a083b71a9c42008f88e92474e3ff0eb98a,eb4075c77285da02c52794154760fa969fb21ab3dcceb0820cb7d2ba27d27471,http://images.cocodataset.org/train2017/000000433170.jpg,http://images.cocodataset.org/train2017/000000433170.jpg,,http://images.cocodataset.org/train2017/000000433170.jpg,sorev,tier_b_v0.1,"{""axis"": ""semantic"", ""law"": ""stability_law"", ""note"": ""symmetric relation; subject/object reversal keeps truth"", ""relation"": ""touching"", ""transform"": ""sorev""}",,"{""do_sample"": false, ""max_new_tokens"": 5}",tier_b_r1_2b_full,5cc3a4f64f0d09e02b3a49ba7234826aa61d42c9,v0.1
vsr_test:1072,vsr_test:1072,test,sorev,semantic,The cat is far from the refrigerator,The refrigerator is far from the cat.,far from,proximity,refrigerator,cat,False,False,stability_law,False,True, False.,HuggingFaceTB/SmolVLM2-2.2B-Instruct,,2B_zero_shot,,,,7f29cebb9d06eca06ad0d6c690e4d5a083b71a9c42008f88e92474e3ff0eb98a,eb4075c77285da02c52794154760fa969fb21ab3dcceb0820cb7d2ba27d27471,http://images.cocodataset.org/train2017/000000296471.jpg,http://images.cocodataset.org/train2017/000000296471.jpg,,http://images.cocodataset.org/train2017/000000296471.jpg,sorev,tier_b_v0.1,"{""axis"": ""semantic"", ""law"": ""stability_law"", ""note"": ""symmetric relation; subject/object reversal keeps truth"", ""relation"": ""far from"", ""transform"": ""sorev""}",,"{""do_sample"": false, ""max_new_tokens"": 5}",tier_b_r1_2b_full,5cc3a4f64f0d09e02b3a49ba7234826aa61d42c9,v0.1
vsr_test:1074,vsr_test:1074,test,sorev,semantic,The cat is touching the umbrella,The umbrella is touching the cat.,touching,topology_contact,umbrella,cat,True,True,stability_law,False,False, False.,HuggingFaceTB/SmolVLM2-2.2B-Instruct,,2B_zero_shot,,,,7f29cebb9d06eca06ad0d6c690e4d5a083b71a9c42008f88e92474e3ff0eb98a,eb4075c77285da02c52794154760fa969fb21ab3dcceb0820cb7d2ba27d27471,http://images.cocodataset.org/train2017/000000318462.jpg,http://images.cocodataset.org/train2017/000000318462.jpg,,http://images.cocodataset.org/train2017/000000318462.jpg,sorev,tier_b_v0.1,"{""axis"": ""semantic"", ""law"": ""stability_law"", ""note"": ""symmetric relation; subject/object reversal keeps truth"", ""relation"": ""touching"", ""transform"": ""sorev""}",,"{""do_sample"": false, ""max_new_tokens"": 5}",tier_b_r1_2b_full,5cc3a4f64f0d09e02b3a49ba7234826aa61d42c9,v0.1
vsr_test:1075,vsr_test:1075,test,sorev,semantic,The dining table is beside the bicycle,The bicycle is beside the dining table.,beside,horizontal,bicycle,dining table,False,False,stability_law,False,True, False.,HuggingFaceTB/SmolVLM2-2.2B-Instruct,,2B_zero_shot,,,,7f29cebb9d06eca06ad0d6c690e4d5a083b71a9c42008f88e92474e3ff0eb98a,eb4075c77285da02c52794154760fa969fb21ab3dcceb0820cb7d2ba27d27471,http://images.cocodataset.org/train2017/000000091527.jpg,http://images.cocodataset.org/train2017/000000091527.jpg,,http://images.cocodataset.org/train2017/000000091527.jpg,sorev,tier_b_v0.1,"{""axis"": ""semantic"", ""law"": ""stability_law"", ""note"": ""symmetric relation; subject/object reversal keeps truth"", ""relation"": ""beside"", ""transform"": ""sorev""}",,"{""do_sample"": false, ""max_new_tokens"": 5}",tier_b_r1_2b_full,5cc3a4f64f0d09e02b3a49ba7234826aa61d42c9,v0.1
vsr_test:1079,vsr_test:1079,test,sorev,semantic,The motorcycle is near the car,The car is near the motorcycle.,near,proximity,car,motorcycle,True,True,stability_law,True,True, True.,HuggingFaceTB/SmolVLM2-2.2B-Instruct,,2B_zero_shot,,,,7f29cebb9d06eca06ad0d6c690e4d5a083b71a9c42008f88e92474e3ff0eb98a,eb4075c77285da02c52794154760fa969fb21ab3dcceb0820cb7d2ba27d27471,http://images.cocodataset.org/train2017/000000384422.jpg,http://images.cocodataset.org/train2017/000000384422.jpg,,http://images.cocodataset.org/train2017/000000384422.jpg,sorev,tier_b_v0.1,"{""axis"": ""semantic"", ""law"": ""stability_law"", ""note"": ""symmetric relation; subject/object reversal keeps truth"", ""relation"": ""near"", ""transform"": ""sorev""}",,"{""do_sample"": false, ""max_new_tokens"": 5}",tier_b_r1_2b_full,5cc3a4f64f0d09e02b3a49ba7234826aa61d42c9,v0.1
vsr_test:1082,vsr_test:1082,test,sorev,semantic,The book is touching the teddy bear,The teddy bear is touching the book.,touching,topology_contact,teddy bear,book,True,True,stability_law,True,True, True.,HuggingFaceTB/SmolVLM2-2.2B-Instruct,,2B_zero_shot,,,,7f29cebb9d06eca06ad0d6c690e4d5a083b71a9c42008f88e92474e3ff0eb98a,eb4075c77285da02c52794154760fa969fb21ab3dcceb0820cb7d2ba27d27471,http://images.cocodataset.org/train2017/000000041074.jpg,http://images.cocodataset.org/train2017/000000041074.jpg,,http://images.cocodataset.org/train2017/000000041074.jpg,sorev,tier_b_v0.1,"{""axis"": ""semantic"", ""law"": ""stability_law"", ""note"": ""symmetric relation; subject/object reversal keeps truth"", ""relation"": ""touching"", ""transform"": ""sorev""}",,"{""do_sample"": false, ""max_new_tokens"": 5}",tier_b_r1_2b_full,5cc3a4f64f0d09e02b3a49ba7234826aa61d42c9,v0.1
vsr_test:1086,vsr_test:1086,test,sorev,semantic,The dog is beside the vase,The vase is beside the dog.,beside,horizontal,vase,dog,False,False,stability_law,False,True, False.,HuggingFaceTB/SmolVLM2-2.2B-Instruct,,2B_zero_shot,,,,7f29cebb9d06eca06ad0d6c690e4d5a083b71a9c42008f88e92474e3ff0eb98a,eb4075c77285da02c52794154760fa969fb21ab3dcceb0820cb7d2ba27d27471,http://images.cocodataset.org/train2017/000000143532.jpg,http://images.cocodataset.org/train2017/000000143532.jpg,,http://images.cocodataset.org/train2017/000000143532.jpg,sorev,tier_b_v0.1,"{""axis"": ""semantic"", ""law"": ""stability_law"", ""note"": ""symmetric relation; subject/object reversal keeps truth"", ""relation"": ""beside"", ""transform"": ""sorev""}",,"{""do_sample"": false, ""max_new_tokens"": 5}",tier_b_r1_2b_full,5cc3a4f64f0d09e02b3a49ba7234826aa61d42c9,v0.1
vsr_test:1087,vsr_test:1087,test,sorev,semantic,The couch is touching the cat,The cat is touching the couch.,touching,topology_contact,cat,couch,True,True,stability_law,True,True, True.,HuggingFaceTB/SmolVLM2-2.2B-Instruct,,2B_zero_shot,,,,7f29cebb9d06eca06ad0d6c690e4d5a083b71a9c42008f88e92474e3ff0eb98a,eb4075c77285da02c52794154760fa969fb21ab3dcceb0820cb7d2ba27d27471,http://images.cocodataset.org/train2017/000000226597.jpg,http://images.cocodataset.org/train2017/000000226597.jpg,,http://images.cocodataset.org/train2017/000000226597.jpg,sorev,tier_b_v0.1,"{""axis"": ""semantic"", ""law"": ""stability_law"", ""note"": ""symmetric relation; subject/object reversal keeps truth"", ""relation"": ""touching"", ""transform"": ""sorev""}",,"{""do_sample"": false, ""max_new_tokens"": 5}",tier_b_r1_2b_full,5cc3a4f64f0d09e02b3a49ba7234826aa61d42c9,v0.1
vsr_test:1091,vsr_test:1091,test,sorev,semantic,The cake is touching the truck,The truck is touching the cake.,touching,topology_contact,truck,cake,False,False,stability_law,True,False, True.,HuggingFaceTB/SmolVLM2-2.2B-Instruct,,2B_zero_shot,,,,7f29cebb9d06eca06ad0d6c690e4d5a083b71a9c42008f88e92474e3ff0eb98a,eb4075c77285da02c52794154760fa969fb21ab3dcceb0820cb7d2ba27d27471,http://images.cocodataset.org/train2017/000000268394.jpg,http://images.cocodataset.org/train2017/000000268394.jpg,,http://images.cocodataset.org/train2017/000000268394.jpg,sorev,tier_b_v0.1,"{""axis"": ""semantic"", ""law"": ""stability_law"", ""note"": ""symmetric relation; subject/object reversal keeps truth"", ""relation"": ""touching"", ""transform"": ""sorev""}",,"{""do_sample"": false, ""max_new_tokens"": 5}",tier_b_r1_2b_full,5cc3a4f64f0d09e02b3a49ba7234826aa61d42c9,v0.1
vsr_test:1095,vsr_test:1095,test,sorev,semantic,The umbrella is away from the bench,The bench is away from the umbrella.,away from,proximity,bench,umbrella,False,False,stability_law,False,True, False.,HuggingFaceTB/SmolVLM2-2.2B-Instruct,,2B_zero_shot,,,,7f29cebb9d06eca06ad0d6c690e4d5a083b71a9c42008f88e92474e3ff0eb98a,eb4075c77285da02c52794154760fa969fb21ab3dcceb0820cb7d2ba27d27471,http://images.cocodataset.org/train2017/000000547807.jpg,http://images.cocodataset.org/train2017/000000547807.jpg,,http://images.cocodataset.org/train2017/000000547807.jpg,sorev,tier_b_v0.1,"{""axis"": ""semantic"", ""law"": ""stability_law"", ""note"": ""symmetric relation; subject/object reversal keeps truth"", ""relation"": ""away from"", ""transform"": ""sorev""}",,"{""do_sample"": false, ""max_new_tokens"": 5}",tier_b_r1_2b_full,5cc3a4f64f0d09e02b3a49ba7234826aa61d42c9,v0.1
vsr_test:1096,vsr_test:1096,test,sorev,semantic,The person is attached to the pizza,The pizza is attached to the person.,attached to,topology_contact,pizza,person,True,True,stability_law,False,False, False.,HuggingFaceTB/SmolVLM2-2.2B-Instruct,,2B_zero_shot,,,,7f29cebb9d06eca06ad0d6c690e4d5a083b71a9c42008f88e92474e3ff0eb98a,eb4075c77285da02c52794154760fa969fb21ab3dcceb0820cb7d2ba27d27471,http://images.cocodataset.org/train2017/000000057283.jpg,http://images.cocodataset.org/train2017/000000057283.jpg,,http://images.cocodataset.org/train2017/000000057283.jpg,sorev,tier_b_v0.1,"{""axis"": ""semantic"", ""law"": ""stability_law"", ""note"": ""symmetric relation; subject/object reversal keeps truth"", ""relation"": ""attached to"", ""transform"": ""sorev""}",,"{""do_sample"": false, ""max_new_tokens"": 5}",tier_b_r1_2b_full,5cc3a4f64f0d09e02b3a49ba7234826aa61d42c9,v0.1
vsr_test:1097,vsr_test:1097,test,sorev,semantic,The cat is touching the dining table,The dining table is touching the cat.,touching,topology_contact,dining table,cat,True,True,stability_law,True,True, True.,HuggingFaceTB/SmolVLM2-2.2B-Instruct,,2B_zero_shot,,,,7f29cebb9d06eca06ad0d6c690e4d5a083b71a9c42008f88e92474e3ff0eb98a,eb4075c77285da02c52794154760fa969fb21ab3dcceb0820cb7d2ba27d27471,http://images.cocodataset.org/train2017/000000320089.jpg,http://images.cocodataset.org/train2017/000000320089.jpg,,http://images.cocodataset.org/train2017/000000320089.jpg,sorev,tier_b_v0.1,"{""axis"": ""semantic"", ""law"": ""stability_law"", ""note"": ""symmetric relation; subject/object reversal keeps truth"", ""relation"": ""touching"", ""transform"": ""sorev""}",,"{""do_sample"": false, ""max_new_tokens"": 5}",tier_b_r1_2b_full,5cc3a4f64f0d09e02b3a49ba7234826aa61d42c9,v0.1
vsr_test:1101,vsr_test:1101,test,sorev,semantic,The person is touching the sandwich,The sandwich is touching the person.,touching,topology_contact,sandwich,person,True,True,stability_law,True,True, True.,HuggingFaceTB/SmolVLM2-2.2B-Instruct,,2B_zero_shot,,,,7f29cebb9d06eca06ad0d6c690e4d5a083b71a9c42008f88e92474e3ff0eb98a,eb4075c77285da02c52794154760fa969fb21ab3dcceb0820cb7d2ba27d27471,http://images.cocodataset.org/train2017/000000036303.jpg,http://images.cocodataset.org/train2017/000000036303.jpg,,http://images.cocodataset.org/train2017/000000036303.jpg,sorev,tier_b_v0.1,"{""axis"": ""semantic"", ""law"": ""stability_law"", ""note"": ""symmetric relation; subject/object reversal keeps truth"", ""relation"": ""touching"", ""transform"": ""sorev""}",,"{""do_sample"": false, ""max_new_tokens"": 5}",tier_b_r1_2b_full,5cc3a4f64f0d09e02b3a49ba7234826aa61d42c9,v0.1
vsr_test:1102,vsr_test:1102,test,sorev,semantic,The cat is touching the keyboard,The keyboard is touching the cat.,touching,topology_contact,keyboard,cat,True,True,stability_law,True,True, True.,HuggingFaceTB/SmolVLM2-2.2B-Instruct,,2B_zero_shot,,,,7f29cebb9d06eca06ad0d6c690e4d5a083b71a9c42008f88e92474e3ff0eb98a,eb4075c77285da02c52794154760fa969fb21ab3dcceb0820cb7d2ba27d27471,http://images.cocodataset.org/train2017/000000025138.jpg,http://images.cocodataset.org/train2017/000000025138.jpg,,http://images.cocodataset.org/train2017/000000025138.jpg,sorev,tier_b_v0.1,"{""axis"": ""semantic"", ""law"": ""stability_law"", ""note"": ""symmetric relation; subject/object reversal keeps truth"", ""relation"": ""touching"", ""transform"": ""sorev""}",,"{""do_sample"": false, ""max_new_tokens"": 5}",tier_b_r1_2b_full,5cc3a4f64f0d09e02b3a49ba7234826aa61d42c9,v0.1
vsr_test:1106,vsr_test:1106,test,sorev,semantic,The person is touching the sheep,The sheep is touching the person.,touching,topology_contact,sheep,person,False,False,stability_law,False,True, False.,HuggingFaceTB/SmolVLM2-2.2B-Instruct,,2B_zero_shot,,,,7f29cebb9d06eca06ad0d6c690e4d5a083b71a9c42008f88e92474e3ff0eb98a,eb4075c77285da02c52794154760fa969fb21ab3dcceb0820cb7d2ba27d27471,http://images.cocodataset.org/train2017/000000097272.jpg,http://images.cocodataset.org/train2017/000000097272.jpg,,http://images.cocodataset.org/train2017/000000097272.jpg,sorev,tier_b_v0.1,"{""axis"": ""semantic"", ""law"": ""stability_law"", ""note"": ""symmetric relation; subject/object reversal keeps truth"", ""relation"": ""touching"", ""transform"": ""sorev""}",,"{""do_sample"": false, ""max_new_tokens"": 5}",tier_b_r1_2b_full,5cc3a4f64f0d09e02b3a49ba7234826aa61d42c9,v0.1
vsr_test:1108,vsr_test:1108,test,sorev,semantic,The donut is next to the backpack,The backpack is next to the donut.,next to,horizontal,backpack,donut,True,True,stability_law,True,True, True.,HuggingFaceTB/SmolVLM2-2.2B-Instruct,,2B_zero_shot,,,,7f29cebb9d06eca06ad0d6c690e4d5a083b71a9c42008f88e92474e3ff0eb98a,eb4075c77285da02c52794154760fa969fb21ab3dcceb0820cb7d2ba27d27471,http://images.cocodataset.org/train2017/000000054598.jpg,http://images.cocodataset.org/train2017/000000054598.jpg,,http://images.cocodataset.org/train2017/000000054598.jpg,sorev,tier_b_v0.1,"{""axis"": ""semantic"", ""law"": ""stability_law"", ""note"": ""symmetric relation; subject/object reversal keeps truth"", ""relation"": ""next to"", ""transform"": ""sorev""}",,"{""do_sample"": false, ""max_new_tokens"": 5}",tier_b_r1_2b_full,5cc3a4f64f0d09e02b3a49ba7234826aa61d42c9,v0.1
vsr_test:1112,vsr_test:1112,test,sorev,semantic,The laptop is touching the bed,The bed is touching the laptop.,touching,topology_contact,bed,laptop,True,True,stability_law,True,True, True.,HuggingFaceTB/SmolVLM2-2.2B-Instruct,,2B_zero_shot,,,,7f29cebb9d06eca06ad0d6c690e4d5a083b71a9c42008f88e92474e3ff0eb98a,eb4075c77285da02c52794154760fa969fb21ab3dcceb0820cb7d2ba27d27471,http://images.cocodataset.org/train2017/000000437564.jpg,http://images.cocodataset.org/train2017/000000437564.jpg,,http://images.cocodataset.org/train2017/000000437564.jpg,sorev,tier_b_v0.1,"{""axis"": ""semantic"", ""law"": ""stability_law"", ""note"": ""symmetric relation; subject/object reversal keeps truth"", ""relation"": ""touching"", ""transform"": ""sorev""}",,"{""do_sample"": false, ""max_new_tokens"": 5}",tier_b_r1_2b_full,5cc3a4f64f0d09e02b3a49ba7234826aa61d42c9,v0.1
vsr_test:1115,vsr_test:1115,test,sorev,semantic,The cat is away from the oven,The oven is away from the cat.,away from,proximity,oven,cat,False,False,stability_law,False,True, False.,HuggingFaceTB/SmolVLM2-2.2B-Instruct,,2B_zero_shot,,,,7f29cebb9d06eca06ad0d6c690e4d5a083b71a9c42008f88e92474e3ff0eb98a,eb4075c77285da02c52794154760fa969fb21ab3dcceb0820cb7d2ba27d27471,http://images.cocodataset.org/train2017/000000318722.jpg,http://images.cocodataset.org/train2017/000000318722.jpg,,http://images.cocodataset.org/train2017/000000318722.jpg,sorev,tier_b_v0.1,"{""axis"": ""semantic"", ""law"": ""stability_law"", ""note"": ""symmetric relation; subject/object reversal keeps truth"", ""relation"": ""away from"", ""transform"": ""sorev""}",,"{""do_sample"": false, ""max_new_tokens"": 5}",tier_b_r1_2b_full,5cc3a4f64f0d09e02b3a49ba7234826aa61d42c9,v0.1
vsr_test:1118,vsr_test:1118,test,sorev,semantic,The person is far from the bear,The bear is far from the person.,far from,proximity,bear,person,False,False,stability_law,False,True, False.,HuggingFaceTB/SmolVLM2-2.2B-Instruct,,2B_zero_shot,,,,7f29cebb9d06eca06ad0d6c690e4d5a083b71a9c42008f88e92474e3ff0eb98a,eb4075c77285da02c52794154760fa969fb21ab3dcceb0820cb7d2ba27d27471,http://images.cocodataset.org/train2017/000000061852.jpg,http://images.cocodataset.org/train2017/000000061852.jpg,,http://images.cocodataset.org/train2017/000000061852.jpg,sorev,tier_b_v0.1,"{""axis"": ""semantic"", ""law"": ""stability_law"", ""note"": ""symmetric relation; subject/object reversal keeps truth"", ""relation"": ""far from"", ""transform"": ""sorev""}",,"{""do_sample"": false, ""max_new_tokens"": 5}",tier_b_r1_2b_full,5cc3a4f64f0d09e02b3a49ba7234826aa61d42c9,v0.1
vsr_test:1120,vsr_test:1120,test,sorev,semantic,The cat is away from the pizza,The pizza is away from the cat.,away from,proximity,pizza,cat,True,True,stability_law,True,True, True.,HuggingFaceTB/SmolVLM2-2.2B-Instruct,,2B_zero_shot,,,,7f29cebb9d06eca06ad0d6c690e4d5a083b71a9c42008f88e92474e3ff0eb98a,eb4075c77285da02c52794154760fa969fb21ab3dcceb0820cb7d2ba27d27471,http://images.cocodataset.org/train2017/000000494785.jpg,http://images.cocodataset.org/train2017/000000494785.jpg,,http://images.cocodataset.org/train2017/000000494785.jpg,sorev,tier_b_v0.1,"{""axis"": ""semantic"", ""law"": ""stability_law"", ""note"": ""symmetric relation; subject/object reversal keeps truth"", ""relation"": ""away from"", ""transform"": ""sorev""}",,"{""do_sample"": false, ""max_new_tokens"": 5}",tier_b_r1_2b_full,5cc3a4f64f0d09e02b3a49ba7234826aa61d42c9,v0.1
vsr_test:1122,vsr_test:1122,test,sorev,semantic,The bicycle is beside the teddy bear,The teddy bear is beside the bicycle.,beside,horizontal,teddy bear,bicycle,False,False,stability_law,False,True, False.,HuggingFaceTB/SmolVLM2-2.2B-Instruct,,2B_zero_shot,,,,7f29cebb9d06eca06ad0d6c690e4d5a083b71a9c42008f88e92474e3ff0eb98a,eb4075c77285da02c52794154760fa969fb21ab3dcceb0820cb7d2ba27d27471,http://images.cocodataset.org/train2017/000000263098.jpg,http://images.cocodataset.org/train2017/000000263098.jpg,,http://images.cocodataset.org/train2017/000000263098.jpg,sorev,tier_b_v0.1,"{""axis"": ""semantic"", ""law"": ""stability_law"", ""note"": ""symmetric relation; subject/object reversal keeps truth"", ""relation"": ""beside"", ""transform"": ""sorev""}",,"{""do_sample"": false, ""max_new_tokens"": 5}",tier_b_r1_2b_full,5cc3a4f64f0d09e02b3a49ba7234826aa61d42c9,v0.1
vsr_test:1125,vsr_test:1125,test,sorev,semantic,The sheep is alongside the person,The person is alongside the sheep.,alongside,horizontal,person,sheep,True,True,stability_law,True,True, True.,HuggingFaceTB/SmolVLM2-2.2B-Instruct,,2B_zero_shot,,,,7f29cebb9d06eca06ad0d6c690e4d5a083b71a9c42008f88e92474e3ff0eb98a,eb4075c77285da02c52794154760fa969fb21ab3dcceb0820cb7d2ba27d27471,http://images.cocodataset.org/train2017/000000129860.jpg,http://images.cocodataset.org/train2017/000000129860.jpg,,http://images.cocodataset.org/train2017/000000129860.jpg,sorev,tier_b_v0.1,"{""axis"": ""semantic"", ""law"": ""stability_law"", ""note"": ""symmetric relation; subject/object reversal keeps truth"", ""relation"": ""alongside"", ""transform"": ""sorev""}",,"{""do_sample"": false, ""max_new_tokens"": 5}",tier_b_r1_2b_full,5cc3a4f64f0d09e02b3a49ba7234826aa61d42c9,v0.1
vsr_test:1126,vsr_test:1126,test,sorev,semantic,The person is touching the cat,The cat is touching the person.,touching,topology_contact,cat,person,False,False,stability_law,False,True, False.,HuggingFaceTB/SmolVLM2-2.2B-Instruct,,2B_zero_shot,,,,7f29cebb9d06eca06ad0d6c690e4d5a083b71a9c42008f88e92474e3ff0eb98a,eb4075c77285da02c52794154760fa969fb21ab3dcceb0820cb7d2ba27d27471,http://images.cocodataset.org/train2017/000000186635.jpg,http://images.cocodataset.org/train2017/000000186635.jpg,,http://images.cocodataset.org/train2017/000000186635.jpg,sorev,tier_b_v0.1,"{""axis"": ""semantic"", ""law"": ""stability_law"", ""note"": ""symmetric relation; subject/object reversal keeps truth"", ""relation"": ""touching"", ""transform"": ""sorev""}",,"{""do_sample"": false, ""max_new_tokens"": 5}",tier_b_r1_2b_full,5cc3a4f64f0d09e02b3a49ba7234826aa61d42c9,v0.1
vsr_test:1128,vsr_test:1128,test,sorev,semantic,The couch is next to the cat,The cat is next to the couch.,next to,horizontal,cat,couch,True,True,stability_law,True,True, True.,HuggingFaceTB/SmolVLM2-2.2B-Instruct,,2B_zero_shot,,,,7f29cebb9d06eca06ad0d6c690e4d5a083b71a9c42008f88e92474e3ff0eb98a,eb4075c77285da02c52794154760fa969fb21ab3dcceb0820cb7d2ba27d27471,http://images.cocodataset.org/train2017/000000347328.jpg,http://images.cocodataset.org/train2017/000000347328.jpg,,http://images.cocodataset.org/train2017/000000347328.jpg,sorev,tier_b_v0.1,"{""axis"": ""semantic"", ""law"": ""stability_law"", ""note"": ""symmetric relation; subject/object reversal keeps truth"", ""relation"": ""next to"", ""transform"": ""sorev""}",,"{""do_sample"": false, ""max_new_tokens"": 5}",tier_b_r1_2b_full,5cc3a4f64f0d09e02b3a49ba7234826aa61d42c9,v0.1
vsr_test:1129,vsr_test:1129,test,sorev,semantic,The stop sign is far away from the train,The train is far away from the stop sign.,far away from,proximity,train,stop sign,False,False,stability_law,True,False, True.,HuggingFaceTB/SmolVLM2-2.2B-Instruct,,2B_zero_shot,,,,7f29cebb9d06eca06ad0d6c690e4d5a083b71a9c42008f88e92474e3ff0eb98a,eb4075c77285da02c52794154760fa969fb21ab3dcceb0820cb7d2ba27d27471,http://images.cocodataset.org/train2017/000000188017.jpg,http://images.cocodataset.org/train2017/000000188017.jpg,,http://images.cocodataset.org/train2017/000000188017.jpg,sorev,tier_b_v0.1,"{""axis"": ""semantic"", ""law"": ""stability_law"", ""note"": ""symmetric relation; subject/object reversal keeps truth"", ""relation"": ""far away from"", ""transform"": ""sorev""}",,"{""do_sample"": false, ""max_new_tokens"": 5}",tier_b_r1_2b_full,5cc3a4f64f0d09e02b3a49ba7234826aa61d42c9,v0.1
vsr_test:1130,vsr_test:1130,test,sorev,semantic,The book is touching the bird,The bird is touching the book.,touching,topology_contact,bird,book,True,True,stability_law,True,True, True.,HuggingFaceTB/SmolVLM2-2.2B-Instruct,,2B_zero_shot,,,,7f29cebb9d06eca06ad0d6c690e4d5a083b71a9c42008f88e92474e3ff0eb98a,eb4075c77285da02c52794154760fa969fb21ab3dcceb0820cb7d2ba27d27471,http://images.cocodataset.org/train2017/000000482127.jpg,http://images.cocodataset.org/train2017/000000482127.jpg,,http://images.cocodataset.org/train2017/000000482127.jpg,sorev,tier_b_v0.1,"{""axis"": ""semantic"", ""law"": ""stability_law"", ""note"": ""symmetric relation; subject/object reversal keeps truth"", ""relation"": ""touching"", ""transform"": ""sorev""}",,"{""do_sample"": false, ""max_new_tokens"": 5}",tier_b_r1_2b_full,5cc3a4f64f0d09e02b3a49ba7234826aa61d42c9,v0.1
vsr_test:1131,vsr_test:1131,test,sorev,semantic,The cat is detached from the laptop,The laptop is detached from the cat.,detached from,topology_contact,laptop,cat,True,True,stability_law,False,False, False.,HuggingFaceTB/SmolVLM2-2.2B-Instruct,,2B_zero_shot,,,,7f29cebb9d06eca06ad0d6c690e4d5a083b71a9c42008f88e92474e3ff0eb98a,eb4075c77285da02c52794154760fa969fb21ab3dcceb0820cb7d2ba27d27471,http://images.cocodataset.org/train2017/000000430142.jpg,http://images.cocodataset.org/train2017/000000430142.jpg,,http://images.cocodataset.org/train2017/000000430142.jpg,sorev,tier_b_v0.1,"{""axis"": ""semantic"", ""law"": ""stability_law"", ""note"": ""symmetric relation; subject/object reversal keeps truth"", ""relation"": ""detached from"", ""transform"": ""sorev""}",,"{""do_sample"": false, ""max_new_tokens"": 5}",tier_b_r1_2b_full,5cc3a4f64f0d09e02b3a49ba7234826aa61d42c9,v0.1
vsr_test:1134,vsr_test:1134,test,sorev,semantic,The oven is close to the dining table,The dining table is close to the oven.,close to,proximity,dining table,oven,True,True,stability_law,True,True, True.,HuggingFaceTB/SmolVLM2-2.2B-Instruct,,2B_zero_shot,,,,7f29cebb9d06eca06ad0d6c690e4d5a083b71a9c42008f88e92474e3ff0eb98a,eb4075c77285da02c52794154760fa969fb21ab3dcceb0820cb7d2ba27d27471,http://images.cocodataset.org/train2017/000000249086.jpg,http://images.cocodataset.org/train2017/000000249086.jpg,,http://images.cocodataset.org/train2017/000000249086.jpg,sorev,tier_b_v0.1,"{""axis"": ""semantic"", ""law"": ""stability_law"", ""note"": ""symmetric relation; subject/object reversal keeps truth"", ""relation"": ""close to"", ""transform"": ""sorev""}",,"{""do_sample"": false, ""max_new_tokens"": 5}",tier_b_r1_2b_full,5cc3a4f64f0d09e02b3a49ba7234826aa61d42c9,v0.1
vsr_test:1141,vsr_test:1141,test,sorev,semantic,The clock is touching the person,The person is touching the clock.,touching,topology_contact,person,clock,False,False,stability_law,False,True, False.,HuggingFaceTB/SmolVLM2-2.2B-Instruct,,2B_zero_shot,,,,7f29cebb9d06eca06ad0d6c690e4d5a083b71a9c42008f88e92474e3ff0eb98a,eb4075c77285da02c52794154760fa969fb21ab3dcceb0820cb7d2ba27d27471,http://images.cocodataset.org/train2017/000000169243.jpg,http://images.cocodataset.org/train2017/000000169243.jpg,,http://images.cocodataset.org/train2017/000000169243.jpg,sorev,tier_b_v0.1,"{""axis"": ""semantic"", ""law"": ""stability_law"", ""note"": ""symmetric relation; subject/object reversal keeps truth"", ""relation"": ""touching"", ""transform"": ""sorev""}",,"{""do_sample"": false, ""max_new_tokens"": 5}",tier_b_r1_2b_full,5cc3a4f64f0d09e02b3a49ba7234826aa61d42c9,v0.1
vsr_test:1144,vsr_test:1144,test,sorev,semantic,The bicycle is far away from the bus,The bus is far away from the bicycle.,far away from,proximity,bus,bicycle,False,False,stability_law,True,False, True.,HuggingFaceTB/SmolVLM2-2.2B-Instruct,,2B_zero_shot,,,,7f29cebb9d06eca06ad0d6c690e4d5a083b71a9c42008f88e92474e3ff0eb98a,eb4075c77285da02c52794154760fa969fb21ab3dcceb0820cb7d2ba27d27471,http://images.cocodataset.org/train2017/000000541134.jpg,http://images.cocodataset.org/train2017/000000541134.jpg,,http://images.cocodataset.org/train2017/000000541134.jpg,sorev,tier_b_v0.1,"{""axis"": ""semantic"", ""law"": ""stability_law"", ""note"": ""symmetric relation; subject/object reversal keeps truth"", ""relation"": ""far away from"", ""transform"": ""sorev""}",,"{""do_sample"": false, ""max_new_tokens"": 5}",tier_b_r1_2b_full,5cc3a4f64f0d09e02b3a49ba7234826aa61d42c9,v0.1
vsr_test:1145,vsr_test:1145,test,sorev,semantic,The apple is touching the dining table,The dining table is touching the apple.,touching,topology_contact,dining table,apple,False,False,stability_law,False,True, False.,HuggingFaceTB/SmolVLM2-2.2B-Instruct,,2B_zero_shot,,,,7f29cebb9d06eca06ad0d6c690e4d5a083b71a9c42008f88e92474e3ff0eb98a,eb4075c77285da02c52794154760fa969fb21ab3dcceb0820cb7d2ba27d27471,http://images.cocodataset.org/train2017/000000209016.jpg,http://images.cocodataset.org/train2017/000000209016.jpg,,http://images.cocodataset.org/train2017/000000209016.jpg,sorev,tier_b_v0.1,"{""axis"": ""semantic"", ""law"": ""stability_law"", ""note"": ""symmetric relation; subject/object reversal keeps truth"", ""relation"": ""touching"", ""transform"": ""sorev""}",,"{""do_sample"": false, ""max_new_tokens"": 5}",tier_b_r1_2b_full,5cc3a4f64f0d09e02b3a49ba7234826aa61d42c9,v0.1
vsr_test:1148,vsr_test:1148,test,sorev,semantic,The cat is touching the donut,The donut is touching the cat.,touching,topology_contact,donut,cat,False,False,stability_law,False,True, False.,HuggingFaceTB/SmolVLM2-2.2B-Instruct,,2B_zero_shot,,,,7f29cebb9d06eca06ad0d6c690e4d5a083b71a9c42008f88e92474e3ff0eb98a,eb4075c77285da02c52794154760fa969fb21ab3dcceb0820cb7d2ba27d27471,http://images.cocodataset.org/train2017/000000362289.jpg,http://images.cocodataset.org/train2017/000000362289.jpg,,http://images.cocodataset.org/train2017/000000362289.jpg,sorev,tier_b_v0.1,"{""axis"": ""semantic"", ""law"": ""stability_law"", ""note"": ""symmetric relation; subject/object reversal keeps truth"", ""relation"": ""touching"", ""transform"": ""sorev""}",,"{""do_sample"": false, ""max_new_tokens"": 5}",tier_b_r1_2b_full,5cc3a4f64f0d09e02b3a49ba7234826aa61d42c9,v0.1
vsr_test:1150,vsr_test:1150,test,sorev,semantic,The car is away from the teddy bear,The teddy bear is away from the car.,away from,proximity,teddy bear,car,True,True,stability_law,True,True, True.,HuggingFaceTB/SmolVLM2-2.2B-Instruct,,2B_zero_shot,,,,7f29cebb9d06eca06ad0d6c690e4d5a083b71a9c42008f88e92474e3ff0eb98a,eb4075c77285da02c52794154760fa969fb21ab3dcceb0820cb7d2ba27d27471,http://images.cocodataset.org/train2017/000000458132.jpg,http://images.cocodataset.org/train2017/000000458132.jpg,,http://images.cocodataset.org/train2017/000000458132.jpg,sorev,tier_b_v0.1,"{""axis"": ""semantic"", ""law"": ""stability_law"", ""note"": ""symmetric relation; subject/object reversal keeps truth"", ""relation"": ""away from"", ""transform"": ""sorev""}",,"{""do_sample"": false, ""max_new_tokens"": 5}",tier_b_r1_2b_full,5cc3a4f64f0d09e02b3a49ba7234826aa61d42c9,v0.1
vsr_test:1153,vsr_test:1153,test,sorev,semantic,The laptop is touching the bed,The bed is touching the laptop.,touching,topology_contact,bed,laptop,False,False,stability_law,True,False, True.,HuggingFaceTB/SmolVLM2-2.2B-Instruct,,2B_zero_shot,,,,7f29cebb9d06eca06ad0d6c690e4d5a083b71a9c42008f88e92474e3ff0eb98a,eb4075c77285da02c52794154760fa969fb21ab3dcceb0820cb7d2ba27d27471,http://images.cocodataset.org/train2017/000000554711.jpg,http://images.cocodataset.org/train2017/000000554711.jpg,,http://images.cocodataset.org/train2017/000000554711.jpg,sorev,tier_b_v0.1,"{""axis"": ""semantic"", ""law"": ""stability_law"", ""note"": ""symmetric relation; subject/object reversal keeps truth"", ""relation"": ""touching"", ""transform"": ""sorev""}",,"{""do_sample"": false, ""max_new_tokens"": 5}",tier_b_r1_2b_full,5cc3a4f64f0d09e02b3a49ba7234826aa61d42c9,v0.1
vsr_test:1163,vsr_test:1163,test,sorev,semantic,The handbag is touching the couch,The couch is touching the handbag.,touching,topology_contact,couch,handbag,True,True,stability_law,True,True, True.,HuggingFaceTB/SmolVLM2-2.2B-Instruct,,2B_zero_shot,,,,7f29cebb9d06eca06ad0d6c690e4d5a083b71a9c42008f88e92474e3ff0eb98a,eb4075c77285da02c52794154760fa969fb21ab3dcceb0820cb7d2ba27d27471,http://images.cocodataset.org/train2017/000000384231.jpg,http://images.cocodataset.org/train2017/000000384231.jpg,,http://images.cocodataset.org/train2017/000000384231.jpg,sorev,tier_b_v0.1,"{""axis"": ""semantic"", ""law"": ""stability_law"", ""note"": ""symmetric relation; subject/object reversal keeps truth"", ""relation"": ""touching"", ""transform"": ""sorev""}",,"{""do_sample"": false, ""max_new_tokens"": 5}",tier_b_r1_2b_full,5cc3a4f64f0d09e02b3a49ba7234826aa61d42c9,v0.1
vsr_test:1174,vsr_test:1174,test,sorev,semantic,The dog is near the couch,The couch is near the dog.,near,proximity,couch,dog,False,False,stability_law,False,True, False.,HuggingFaceTB/SmolVLM2-2.2B-Instruct,,2B_zero_shot,,,,7f29cebb9d06eca06ad0d6c690e4d5a083b71a9c42008f88e92474e3ff0eb98a,eb4075c77285da02c52794154760fa969fb21ab3dcceb0820cb7d2ba27d27471,http://images.cocodataset.org/train2017/000000434593.jpg,http://images.cocodataset.org/train2017/000000434593.jpg,,http://images.cocodataset.org/train2017/000000434593.jpg,sorev,tier_b_v0.1,"{""axis"": ""semantic"", ""law"": ""stability_law"", ""note"": ""symmetric relation; subject/object reversal keeps truth"", ""relation"": ""near"", ""transform"": ""sorev""}",,"{""do_sample"": false, ""max_new_tokens"": 5}",tier_b_r1_2b_full,5cc3a4f64f0d09e02b3a49ba7234826aa61d42c9,v0.1
vsr_test:1175,vsr_test:1175,test,sorev,semantic,The toilet is touching the person,The person is touching the toilet.,touching,topology_contact,person,toilet,False,False,stability_law,True,False, True.,HuggingFaceTB/SmolVLM2-2.2B-Instruct,,2B_zero_shot,,,,7f29cebb9d06eca06ad0d6c690e4d5a083b71a9c42008f88e92474e3ff0eb98a,eb4075c77285da02c52794154760fa969fb21ab3dcceb0820cb7d2ba27d27471,http://images.cocodataset.org/train2017/000000350017.jpg,http://images.cocodataset.org/train2017/000000350017.jpg,,http://images.cocodataset.org/train2017/000000350017.jpg,sorev,tier_b_v0.1,"{""axis"": ""semantic"", ""law"": ""stability_law"", ""note"": ""symmetric relation; subject/object reversal keeps truth"", ""relation"": ""touching"", ""transform"": ""sorev""}",,"{""do_sample"": false, ""max_new_tokens"": 5}",tier_b_r1_2b_full,5cc3a4f64f0d09e02b3a49ba7234826aa61d42c9,v0.1
vsr_test:1184,vsr_test:1184,test,sorev,semantic,The sandwich is touching the person,The person is touching the sandwich.,touching,topology_contact,person,sandwich,False,False,stability_law,False,True, False.,HuggingFaceTB/SmolVLM2-2.2B-Instruct,,2B_zero_shot,,,,7f29cebb9d06eca06ad0d6c690e4d5a083b71a9c42008f88e92474e3ff0eb98a,eb4075c77285da02c52794154760fa969fb21ab3dcceb0820cb7d2ba27d27471,http://images.cocodataset.org/train2017/000000360031.jpg,http://images.cocodataset.org/train2017/000000360031.jpg,,http://images.cocodataset.org/train2017/000000360031.jpg,sorev,tier_b_v0.1,"{""axis"": ""semantic"", ""law"": ""stability_law"", ""note"": ""symmetric relation; subject/object reversal keeps truth"", ""relation"": ""touching"", ""transform"": ""sorev""}",,"{""do_sample"": false, ""max_new_tokens"": 5}",tier_b_r1_2b_full,5cc3a4f64f0d09e02b3a49ba7234826aa61d42c9,v0.1
vsr_test:1185,vsr_test:1185,test,sorev,semantic,The person is touching the dining table,The dining table is touching the person.,touching,topology_contact,dining table,person,False,False,stability_law,False,True, False.,HuggingFaceTB/SmolVLM2-2.2B-Instruct,,2B_zero_shot,,,,7f29cebb9d06eca06ad0d6c690e4d5a083b71a9c42008f88e92474e3ff0eb98a,eb4075c77285da02c52794154760fa969fb21ab3dcceb0820cb7d2ba27d27471,http://images.cocodataset.org/train2017/000000278890.jpg,http://images.cocodataset.org/train2017/000000278890.jpg,,http://images.cocodataset.org/train2017/000000278890.jpg,sorev,tier_b_v0.1,"{""axis"": ""semantic"", ""law"": ""stability_law"", ""note"": ""symmetric relation; subject/object reversal keeps truth"", ""relation"": ""touching"", ""transform"": ""sorev""}",,"{""do_sample"": false, ""max_new_tokens"": 5}",tier_b_r1_2b_full,5cc3a4f64f0d09e02b3a49ba7234826aa61d42c9,v0.1
vsr_test:1188,vsr_test:1188,test,sorev,semantic,The person is touching the keyboard,The keyboard is touching the person.,touching,topology_contact,keyboard,person,False,False,stability_law,False,True, False.,HuggingFaceTB/SmolVLM2-2.2B-Instruct,,2B_zero_shot,,,,7f29cebb9d06eca06ad0d6c690e4d5a083b71a9c42008f88e92474e3ff0eb98a,eb4075c77285da02c52794154760fa969fb21ab3dcceb0820cb7d2ba27d27471,http://images.cocodataset.org/train2017/000000062175.jpg,http://images.cocodataset.org/train2017/000000062175.jpg,,http://images.cocodataset.org/train2017/000000062175.jpg,sorev,tier_b_v0.1,"{""axis"": ""semantic"", ""law"": ""stability_law"", ""note"": ""symmetric relation; subject/object reversal keeps truth"", ""relation"": ""touching"", ""transform"": ""sorev""}",,"{""do_sample"": false, ""max_new_tokens"": 5}",tier_b_r1_2b_full,5cc3a4f64f0d09e02b3a49ba7234826aa61d42c9,v0.1
vsr_test:1190,vsr_test:1190,test,sorev,semantic,The sheep is touching the person,The person is touching the sheep.,touching,topology_contact,person,sheep,True,True,stability_law,True,True, True.,HuggingFaceTB/SmolVLM2-2.2B-Instruct,,2B_zero_shot,,,,7f29cebb9d06eca06ad0d6c690e4d5a083b71a9c42008f88e92474e3ff0eb98a,eb4075c77285da02c52794154760fa969fb21ab3dcceb0820cb7d2ba27d27471,http://images.cocodataset.org/train2017/000000402454.jpg,http://images.cocodataset.org/train2017/000000402454.jpg,,http://images.cocodataset.org/train2017/000000402454.jpg,sorev,tier_b_v0.1,"{""axis"": ""semantic"", ""law"": ""stability_law"", ""note"": ""symmetric relation; subject/object reversal keeps truth"", ""relation"": ""touching"", ""transform"": ""sorev""}",,"{""do_sample"": false, ""max_new_tokens"": 5}",tier_b_r1_2b_full,5cc3a4f64f0d09e02b3a49ba7234826aa61d42c9,v0.1
vsr_test:1193,vsr_test:1193,test,sorev,semantic,The parking meter is far from the bus,The bus is far from the parking meter.,far from,proximity,bus,parking meter,False,False,stability_law,False,True, False.,HuggingFaceTB/SmolVLM2-2.2B-Instruct,,2B_zero_shot,,,,7f29cebb9d06eca06ad0d6c690e4d5a083b71a9c42008f88e92474e3ff0eb98a,eb4075c77285da02c52794154760fa969fb21ab3dcceb0820cb7d2ba27d27471,http://images.cocodataset.org/train2017/000000485064.jpg,http://images.cocodataset.org/train2017/000000485064.jpg,,http://images.cocodataset.org/train2017/000000485064.jpg,sorev,tier_b_v0.1,"{""axis"": ""semantic"", ""law"": ""stability_law"", ""note"": ""symmetric relation; subject/object reversal keeps truth"", ""relation"": ""far from"", ""transform"": ""sorev""}",,"{""do_sample"": false, ""max_new_tokens"": 5}",tier_b_r1_2b_full,5cc3a4f64f0d09e02b3a49ba7234826aa61d42c9,v0.1
vsr_test:1199,vsr_test:1199,test,sorev,semantic,The book is touching the bed,The bed is touching the book.,touching,topology_contact,bed,book,False,False,stability_law,True,False, True.,HuggingFaceTB/SmolVLM2-2.2B-Instruct,,2B_zero_shot,,,,7f29cebb9d06eca06ad0d6c690e4d5a083b71a9c42008f88e92474e3ff0eb98a,eb4075c77285da02c52794154760fa969fb21ab3dcceb0820cb7d2ba27d27471,http://images.cocodataset.org/train2017/000000274108.jpg,http://images.cocodataset.org/train2017/000000274108.jpg,,http://images.cocodataset.org/train2017/000000274108.jpg,sorev,tier_b_v0.1,"{""axis"": ""semantic"", ""law"": ""stability_law"", ""note"": ""symmetric relation; subject/object reversal keeps truth"", ""relation"": ""touching"", ""transform"": ""sorev""}",,"{""do_sample"": false, ""max_new_tokens"": 5}",tier_b_r1_2b_full,5cc3a4f64f0d09e02b3a49ba7234826aa61d42c9,v0.1
vsr_test:1205,vsr_test:1205,test,sorev,semantic,The dog is next to the dining table,The dining table is next to the dog.,next to,horizontal,dining table,dog,True,True,stability_law,True,True, True.,HuggingFaceTB/SmolVLM2-2.2B-Instruct,,2B_zero_shot,,,,7f29cebb9d06eca06ad0d6c690e4d5a083b71a9c42008f88e92474e3ff0eb98a,eb4075c77285da02c52794154760fa969fb21ab3dcceb0820cb7d2ba27d27471,http://images.cocodataset.org/train2017/000000281764.jpg,http://images.cocodataset.org/train2017/000000281764.jpg,,http://images.cocodataset.org/train2017/000000281764.jpg,sorev,tier_b_v0.1,"{""axis"": ""semantic"", ""law"": ""stability_law"", ""note"": ""symmetric relation; subject/object reversal keeps truth"", ""relation"": ""next to"", ""transform"": ""sorev""}",,"{""do_sample"": false, ""max_new_tokens"": 5}",tier_b_r1_2b_full,5cc3a4f64f0d09e02b3a49ba7234826aa61d42c9,v0.1
vsr_test:1208,vsr_test:1208,test,sorev,semantic,The pizza is touching the dog,The dog is touching the pizza.,touching,topology_contact,dog,pizza,False,False,stability_law,False,True, False.,HuggingFaceTB/SmolVLM2-2.2B-Instruct,,2B_zero_shot,,,,7f29cebb9d06eca06ad0d6c690e4d5a083b71a9c42008f88e92474e3ff0eb98a,eb4075c77285da02c52794154760fa969fb21ab3dcceb0820cb7d2ba27d27471,http://images.cocodataset.org/train2017/000000207889.jpg,http://images.cocodataset.org/train2017/000000207889.jpg,,http://images.cocodataset.org/train2017/000000207889.jpg,sorev,tier_b_v0.1,"{""axis"": ""semantic"", ""law"": ""stability_law"", ""note"": ""symmetric relation; subject/object reversal keeps truth"", ""relation"": ""touching"", ""transform"": ""sorev""}",,"{""do_sample"": false, ""max_new_tokens"": 5}",tier_b_r1_2b_full,5cc3a4f64f0d09e02b3a49ba7234826aa61d42c9,v0.1
vsr_test:1209,vsr_test:1209,test,sorev,semantic,The pizza is touching the dining table,The dining table is touching the pizza.,touching,topology_contact,dining table,pizza,False,False,stability_law,True,False, True.,HuggingFaceTB/SmolVLM2-2.2B-Instruct,,2B_zero_shot,,,,7f29cebb9d06eca06ad0d6c690e4d5a083b71a9c42008f88e92474e3ff0eb98a,eb4075c77285da02c52794154760fa969fb21ab3dcceb0820cb7d2ba27d27471,http://images.cocodataset.org/train2017/000000536169.jpg,http://images.cocodataset.org/train2017/000000536169.jpg,,http://images.cocodataset.org/train2017/000000536169.jpg,sorev,tier_b_v0.1,"{""axis"": ""semantic"", ""law"": ""stability_law"", ""note"": ""symmetric relation; subject/object reversal keeps truth"", ""relation"": ""touching"", ""transform"": ""sorev""}",,"{""do_sample"": false, ""max_new_tokens"": 5}",tier_b_r1_2b_full,5cc3a4f64f0d09e02b3a49ba7234826aa61d42c9,v0.1
vsr_test:1213,vsr_test:1213,test,sorev,semantic,The pizza is far away from the car,The car is far away from the pizza.,far away from,proximity,car,pizza,True,True,stability_law,False,False, False.,HuggingFaceTB/SmolVLM2-2.2B-Instruct,,2B_zero_shot,,,,7f29cebb9d06eca06ad0d6c690e4d5a083b71a9c42008f88e92474e3ff0eb98a,eb4075c77285da02c52794154760fa969fb21ab3dcceb0820cb7d2ba27d27471,http://images.cocodataset.org/train2017/000000501723.jpg,http://images.cocodataset.org/train2017/000000501723.jpg,,http://images.cocodataset.org/train2017/000000501723.jpg,sorev,tier_b_v0.1,"{""axis"": ""semantic"", ""law"": ""stability_law"", ""note"": ""symmetric relation; subject/object reversal keeps truth"", ""relation"": ""far away from"", ""transform"": ""sorev""}",,"{""do_sample"": false, ""max_new_tokens"": 5}",tier_b_r1_2b_full,5cc3a4f64f0d09e02b3a49ba7234826aa61d42c9,v0.1
vsr_test:1216,vsr_test:1216,test,sorev,semantic,The wine glass is next to the cake,The cake is next to the wine glass.,next to,horizontal,cake,wine glass,True,True,stability_law,True,True, True.,HuggingFaceTB/SmolVLM2-2.2B-Instruct,,2B_zero_shot,,,,7f29cebb9d06eca06ad0d6c690e4d5a083b71a9c42008f88e92474e3ff0eb98a,eb4075c77285da02c52794154760fa969fb21ab3dcceb0820cb7d2ba27d27471,http://images.cocodataset.org/train2017/000000460578.jpg,http://images.cocodataset.org/train2017/000000460578.jpg,,http://images.cocodataset.org/train2017/000000460578.jpg,sorev,tier_b_v0.1,"{""axis"": ""semantic"", ""law"": ""stability_law"", ""note"": ""symmetric relation; subject/object reversal keeps truth"", ""relation"": ""next to"", ""transform"": ""sorev""}",,"{""do_sample"": false, ""max_new_tokens"": 5}",tier_b_r1_2b_full,5cc3a4f64f0d09e02b3a49ba7234826aa61d42c9,v0.1
vsr_test:1220,vsr_test:1220,test,sorev,semantic,The horse is far away from the truck,The truck is far away from the horse.,far away from,proximity,truck,horse,False,False,stability_law,False,True, False.,HuggingFaceTB/SmolVLM2-2.2B-Instruct,,2B_zero_shot,,,,7f29cebb9d06eca06ad0d6c690e4d5a083b71a9c42008f88e92474e3ff0eb98a,eb4075c77285da02c52794154760fa969fb21ab3dcceb0820cb7d2ba27d27471,http://images.cocodataset.org/train2017/000000254357.jpg,http://images.cocodataset.org/train2017/000000254357.jpg,,http://images.cocodataset.org/train2017/000000254357.jpg,sorev,tier_b_v0.1,"{""axis"": ""semantic"", ""law"": ""stability_law"", ""note"": ""symmetric relation; subject/object reversal keeps truth"", ""relation"": ""far away from"", ""transform"": ""sorev""}",,"{""do_sample"": false, ""max_new_tokens"": 5}",tier_b_r1_2b_full,5cc3a4f64f0d09e02b3a49ba7234826aa61d42c9,v0.1
vsr_test:1221,vsr_test:1221,test,sorev,semantic,The person is touching the hot dog,The hot dog is touching the person.,touching,topology_contact,hot dog,person,False,False,stability_law,True,False, True.,HuggingFaceTB/SmolVLM2-2.2B-Instruct,,2B_zero_shot,,,,7f29cebb9d06eca06ad0d6c690e4d5a083b71a9c42008f88e92474e3ff0eb98a,eb4075c77285da02c52794154760fa969fb21ab3dcceb0820cb7d2ba27d27471,http://images.cocodataset.org/train2017/000000007961.jpg,http://images.cocodataset.org/train2017/000000007961.jpg,,http://images.cocodataset.org/train2017/000000007961.jpg,sorev,tier_b_v0.1,"{""axis"": ""semantic"", ""law"": ""stability_law"", ""note"": ""symmetric relation; subject/object reversal keeps truth"", ""relation"": ""touching"", ""transform"": ""sorev""}",,"{""do_sample"": false, ""max_new_tokens"": 5}",tier_b_r1_2b_full,5cc3a4f64f0d09e02b3a49ba7234826aa61d42c9,v0.1
vsr_test:1224,vsr_test:1224,test,sorev,semantic,The person is touching the couch,The couch is touching the person.,touching,topology_contact,couch,person,False,False,stability_law,False,True, False.,HuggingFaceTB/SmolVLM2-2.2B-Instruct,,2B_zero_shot,,,,7f29cebb9d06eca06ad0d6c690e4d5a083b71a9c42008f88e92474e3ff0eb98a,eb4075c77285da02c52794154760fa969fb21ab3dcceb0820cb7d2ba27d27471,http://images.cocodataset.org/train2017/000000160531.jpg,http://images.cocodataset.org/train2017/000000160531.jpg,,http://images.cocodataset.org/train2017/000000160531.jpg,sorev,tier_b_v0.1,"{""axis"": ""semantic"", ""law"": ""stability_law"", ""note"": ""symmetric relation; subject/object reversal keeps truth"", ""relation"": ""touching"", ""transform"": ""sorev""}",,"{""do_sample"": false, ""max_new_tokens"": 5}",tier_b_r1_2b_full,5cc3a4f64f0d09e02b3a49ba7234826aa61d42c9,v0.1
vsr_test:1228,vsr_test:1228,test,sorev,semantic,The fire hydrant is far away from the motorcycle,The motorcycle is far away from the fire hydrant.,far away from,proximity,motorcycle,fire hydrant,True,True,stability_law,False,False, False.,HuggingFaceTB/SmolVLM2-2.2B-Instruct,,2B_zero_shot,,,,7f29cebb9d06eca06ad0d6c690e4d5a083b71a9c42008f88e92474e3ff0eb98a,eb4075c77285da02c52794154760fa969fb21ab3dcceb0820cb7d2ba27d27471,http://images.cocodataset.org/train2017/000000403270.jpg,http://images.cocodataset.org/train2017/000000403270.jpg,,http://images.cocodataset.org/train2017/000000403270.jpg,sorev,tier_b_v0.1,"{""axis"": ""semantic"", ""law"": ""stability_law"", ""note"": ""symmetric relation; subject/object reversal keeps truth"", ""relation"": ""far away from"", ""transform"": ""sorev""}",,"{""do_sample"": false, ""max_new_tokens"": 5}",tier_b_r1_2b_full,5cc3a4f64f0d09e02b3a49ba7234826aa61d42c9,v0.1
vsr_test:1232,vsr_test:1232,test,sorev,semantic,The person is next to the cake,The cake is next to the person.,next to,horizontal,cake,person,True,True,stability_law,True,True, True.,HuggingFaceTB/SmolVLM2-2.2B-Instruct,,2B_zero_shot,,,,7f29cebb9d06eca06ad0d6c690e4d5a083b71a9c42008f88e92474e3ff0eb98a,eb4075c77285da02c52794154760fa969fb21ab3dcceb0820cb7d2ba27d27471,http://images.cocodataset.org/train2017/000000558388.jpg,http://images.cocodataset.org/train2017/000000558388.jpg,,http://images.cocodataset.org/train2017/000000558388.jpg,sorev,tier_b_v0.1,"{""axis"": ""semantic"", ""law"": ""stability_law"", ""note"": ""symmetric relation; subject/object reversal keeps truth"", ""relation"": ""next to"", ""transform"": ""sorev""}",,"{""do_sample"": false, ""max_new_tokens"": 5}",tier_b_r1_2b_full,5cc3a4f64f0d09e02b3a49ba7234826aa61d42c9,v0.1
vsr_test:1242,vsr_test:1242,test,sorev,semantic,The dining table is beside the bicycle,The bicycle is beside the dining table.,beside,horizontal,bicycle,dining table,True,True,stability_law,True,True, True.,HuggingFaceTB/SmolVLM2-2.2B-Instruct,,2B_zero_shot,,,,7f29cebb9d06eca06ad0d6c690e4d5a083b71a9c42008f88e92474e3ff0eb98a,eb4075c77285da02c52794154760fa969fb21ab3dcceb0820cb7d2ba27d27471,http://images.cocodataset.org/train2017/000000088123.jpg,http://images.cocodataset.org/train2017/000000088123.jpg,,http://images.cocodataset.org/train2017/000000088123.jpg,sorev,tier_b_v0.1,"{""axis"": ""semantic"", ""law"": ""stability_law"", ""note"": ""symmetric relation; subject/object reversal keeps truth"", ""relation"": ""beside"", ""transform"": ""sorev""}",,"{""do_sample"": false, ""max_new_tokens"": 5}",tier_b_r1_2b_full,5cc3a4f64f0d09e02b3a49ba7234826aa61d42c9,v0.1
vsr_test:1248,vsr_test:1248,test,sorev,semantic,The oven is next to the pizza,The pizza is next to the oven.,next to,horizontal,pizza,oven,True,True,stability_law,True,True, True.,HuggingFaceTB/SmolVLM2-2.2B-Instruct,,2B_zero_shot,,,,7f29cebb9d06eca06ad0d6c690e4d5a083b71a9c42008f88e92474e3ff0eb98a,eb4075c77285da02c52794154760fa969fb21ab3dcceb0820cb7d2ba27d27471,http://images.cocodataset.org/train2017/000000408705.jpg,http://images.cocodataset.org/train2017/000000408705.jpg,,http://images.cocodataset.org/train2017/000000408705.jpg,sorev,tier_b_v0.1,"{""axis"": ""semantic"", ""law"": ""stability_law"", ""note"": ""symmetric relation; subject/object reversal keeps truth"", ""relation"": ""next to"", ""transform"": ""sorev""}",,"{""do_sample"": false, ""max_new_tokens"": 5}",tier_b_r1_2b_full,5cc3a4f64f0d09e02b3a49ba7234826aa61d42c9,v0.1
vsr_test:1252,vsr_test:1252,test,sorev,semantic,The bicycle is beside the train,The train is beside the bicycle.,beside,horizontal,train,bicycle,True,True,stability_law,True,True, True.,HuggingFaceTB/SmolVLM2-2.2B-Instruct,,2B_zero_shot,,,,7f29cebb9d06eca06ad0d6c690e4d5a083b71a9c42008f88e92474e3ff0eb98a,eb4075c77285da02c52794154760fa969fb21ab3dcceb0820cb7d2ba27d27471,http://images.cocodataset.org/train2017/000000539358.jpg,http://images.cocodataset.org/train2017/000000539358.jpg,,http://images.cocodataset.org/train2017/000000539358.jpg,sorev,tier_b_v0.1,"{""axis"": ""semantic"", ""law"": ""stability_law"", ""note"": ""symmetric relation; subject/object reversal keeps truth"", ""relation"": ""beside"", ""transform"": ""sorev""}",,"{""do_sample"": false, ""max_new_tokens"": 5}",tier_b_r1_2b_full,5cc3a4f64f0d09e02b3a49ba7234826aa61d42c9,v0.1
vsr_test:1255,vsr_test:1255,test,sorev,semantic,The banana is touching the cup,The cup is touching the banana.,touching,topology_contact,cup,banana,True,True,stability_law,True,True, True.,HuggingFaceTB/SmolVLM2-2.2B-Instruct,,2B_zero_shot,,,,7f29cebb9d06eca06ad0d6c690e4d5a083b71a9c42008f88e92474e3ff0eb98a,eb4075c77285da02c52794154760fa969fb21ab3dcceb0820cb7d2ba27d27471,http://images.cocodataset.org/train2017/000000515126.jpg,http://images.cocodataset.org/train2017/000000515126.jpg,,http://images.cocodataset.org/train2017/000000515126.jpg,sorev,tier_b_v0.1,"{""axis"": ""semantic"", ""law"": ""stability_law"", ""note"": ""symmetric relation; subject/object reversal keeps truth"", ""relation"": ""touching"", ""transform"": ""sorev""}",,"{""do_sample"": false, ""max_new_tokens"": 5}",tier_b_r1_2b_full,5cc3a4f64f0d09e02b3a49ba7234826aa61d42c9,v0.1
vsr_test:1259,vsr_test:1259,test,sorev,semantic,The person is far away from the hot dog,The hot dog is far away from the person.,far away from,proximity,hot dog,person,True,True,stability_law,True,True, True.,HuggingFaceTB/SmolVLM2-2.2B-Instruct,,2B_zero_shot,,,,7f29cebb9d06eca06ad0d6c690e4d5a083b71a9c42008f88e92474e3ff0eb98a,eb4075c77285da02c52794154760fa969fb21ab3dcceb0820cb7d2ba27d27471,http://images.cocodataset.org/train2017/000000197398.jpg,http://images.cocodataset.org/train2017/000000197398.jpg,,http://images.cocodataset.org/train2017/000000197398.jpg,sorev,tier_b_v0.1,"{""axis"": ""semantic"", ""law"": ""stability_law"", ""note"": ""symmetric relation; subject/object reversal keeps truth"", ""relation"": ""far away from"", ""transform"": ""sorev""}",,"{""do_sample"": false, ""max_new_tokens"": 5}",tier_b_r1_2b_full,5cc3a4f64f0d09e02b3a49ba7234826aa61d42c9,v0.1
vsr_test:1262,vsr_test:1262,test,sorev,semantic,The bottle is next to the banana,The banana is next to the bottle.,next to,horizontal,banana,bottle,False,False,stability_law,True,False, True.,HuggingFaceTB/SmolVLM2-2.2B-Instruct,,2B_zero_shot,,,,7f29cebb9d06eca06ad0d6c690e4d5a083b71a9c42008f88e92474e3ff0eb98a,eb4075c77285da02c52794154760fa969fb21ab3dcceb0820cb7d2ba27d27471,http://images.cocodataset.org/train2017/000000527155.jpg,http://images.cocodataset.org/train2017/000000527155.jpg,,http://images.cocodataset.org/train2017/000000527155.jpg,sorev,tier_b_v0.1,"{""axis"": ""semantic"", ""law"": ""stability_law"", ""note"": ""symmetric relation; subject/object reversal keeps truth"", ""relation"": ""next to"", ""transform"": ""sorev""}",,"{""do_sample"": false, ""max_new_tokens"": 5}",tier_b_r1_2b_full,5cc3a4f64f0d09e02b3a49ba7234826aa61d42c9,v0.1
vsr_test:1268,vsr_test:1268,test,sorev,semantic,The umbrella is across from the bed,The bed is across from the umbrella.,across from,horizontal,bed,umbrella,False,False,stability_law,False,True, False.,HuggingFaceTB/SmolVLM2-2.2B-Instruct,,2B_zero_shot,,,,7f29cebb9d06eca06ad0d6c690e4d5a083b71a9c42008f88e92474e3ff0eb98a,eb4075c77285da02c52794154760fa969fb21ab3dcceb0820cb7d2ba27d27471,http://images.cocodataset.org/train2017/000000154202.jpg,http://images.cocodataset.org/train2017/000000154202.jpg,,http://images.cocodataset.org/train2017/000000154202.jpg,sorev,tier_b_v0.1,"{""axis"": ""semantic"", ""law"": ""stability_law"", ""note"": ""symmetric relation; subject/object reversal keeps truth"", ""relation"": ""across from"", ""transform"": ""sorev""}",,"{""do_sample"": false, ""max_new_tokens"": 5}",tier_b_r1_2b_full,5cc3a4f64f0d09e02b3a49ba7234826aa61d42c9,v0.1
vsr_test:1269,vsr_test:1269,test,sorev,semantic,The boat is across from the tv,The tv is across from the boat.,across from,horizontal,tv,boat,False,False,stability_law,False,True, False.,HuggingFaceTB/SmolVLM2-2.2B-Instruct,,2B_zero_shot,,,,7f29cebb9d06eca06ad0d6c690e4d5a083b71a9c42008f88e92474e3ff0eb98a,eb4075c77285da02c52794154760fa969fb21ab3dcceb0820cb7d2ba27d27471,http://images.cocodataset.org/train2017/000000580971.jpg,http://images.cocodataset.org/train2017/000000580971.jpg,,http://images.cocodataset.org/train2017/000000580971.jpg,sorev,tier_b_v0.1,"{""axis"": ""semantic"", ""law"": ""stability_law"", ""note"": ""symmetric relation; subject/object reversal keeps truth"", ""relation"": ""across from"", ""transform"": ""sorev""}",,"{""do_sample"": false, ""max_new_tokens"": 5}",tier_b_r1_2b_full,5cc3a4f64f0d09e02b3a49ba7234826aa61d42c9,v0.1
vsr_test:1275,vsr_test:1275,test,sorev,semantic,The cake is next to the cat,The cat is next to the cake.,next to,horizontal,cat,cake,True,True,stability_law,True,True, True.,HuggingFaceTB/SmolVLM2-2.2B-Instruct,,2B_zero_shot,,,,7f29cebb9d06eca06ad0d6c690e4d5a083b71a9c42008f88e92474e3ff0eb98a,eb4075c77285da02c52794154760fa969fb21ab3dcceb0820cb7d2ba27d27471,http://images.cocodataset.org/train2017/000000185384.jpg,http://images.cocodataset.org/train2017/000000185384.jpg,,http://images.cocodataset.org/train2017/000000185384.jpg,sorev,tier_b_v0.1,"{""axis"": ""semantic"", ""law"": ""stability_law"", ""note"": ""symmetric relation; subject/object reversal keeps truth"", ""relation"": ""next to"", ""transform"": ""sorev""}",,"{""do_sample"": false, ""max_new_tokens"": 5}",tier_b_r1_2b_full,5cc3a4f64f0d09e02b3a49ba7234826aa61d42c9,v0.1
vsr_test:1276,vsr_test:1276,test,sorev,semantic,The person is next to the motorcycle,The motorcycle is next to the person.,next to,horizontal,motorcycle,person,False,False,stability_law,False,True, False.,HuggingFaceTB/SmolVLM2-2.2B-Instruct,,2B_zero_shot,,,,7f29cebb9d06eca06ad0d6c690e4d5a083b71a9c42008f88e92474e3ff0eb98a,eb4075c77285da02c52794154760fa969fb21ab3dcceb0820cb7d2ba27d27471,http://images.cocodataset.org/train2017/000000473936.jpg,http://images.cocodataset.org/train2017/000000473936.jpg,,http://images.cocodataset.org/train2017/000000473936.jpg,sorev,tier_b_v0.1,"{""axis"": ""semantic"", ""law"": ""stability_law"", ""note"": ""symmetric relation; subject/object reversal keeps truth"", ""relation"": ""next to"", ""transform"": ""sorev""}",,"{""do_sample"": false, ""max_new_tokens"": 5}",tier_b_r1_2b_full,5cc3a4f64f0d09e02b3a49ba7234826aa61d42c9,v0.1
vsr_test:1277,vsr_test:1277,test,sorev,semantic,The donut is touching the dog,The dog is touching the donut.,touching,topology_contact,dog,donut,True,True,stability_law,True,True, True.,HuggingFaceTB/SmolVLM2-2.2B-Instruct,,2B_zero_shot,,,,7f29cebb9d06eca06ad0d6c690e4d5a083b71a9c42008f88e92474e3ff0eb98a,eb4075c77285da02c52794154760fa969fb21ab3dcceb0820cb7d2ba27d27471,http://images.cocodataset.org/train2017/000000475967.jpg,http://images.cocodataset.org/train2017/000000475967.jpg,,http://images.cocodataset.org/train2017/000000475967.jpg,sorev,tier_b_v0.1,"{""axis"": ""semantic"", ""law"": ""stability_law"", ""note"": ""symmetric relation; subject/object reversal keeps truth"", ""relation"": ""touching"", ""transform"": ""sorev""}",,"{""do_sample"": false, ""max_new_tokens"": 5}",tier_b_r1_2b_full,5cc3a4f64f0d09e02b3a49ba7234826aa61d42c9,v0.1
vsr_test:1283,vsr_test:1283,test,sorev,semantic,The truck is near the car,The car is near the truck.,near,proximity,car,truck,False,False,stability_law,True,False, True.,HuggingFaceTB/SmolVLM2-2.2B-Instruct,,2B_zero_shot,,,,7f29cebb9d06eca06ad0d6c690e4d5a083b71a9c42008f88e92474e3ff0eb98a,eb4075c77285da02c52794154760fa969fb21ab3dcceb0820cb7d2ba27d27471,http://images.cocodataset.org/train2017/000000361120.jpg,http://images.cocodataset.org/train2017/000000361120.jpg,,http://images.cocodataset.org/train2017/000000361120.jpg,sorev,tier_b_v0.1,"{""axis"": ""semantic"", ""law"": ""stability_law"", ""note"": ""symmetric relation; subject/object reversal keeps truth"", ""relation"": ""near"", ""transform"": ""sorev""}",,"{""do_sample"": false, ""max_new_tokens"": 5}",tier_b_r1_2b_full,5cc3a4f64f0d09e02b3a49ba7234826aa61d42c9,v0.1
vsr_test:1284,vsr_test:1284,test,sorev,semantic,The bowl is next to the donut,The donut is next to the bowl.,next to,horizontal,donut,bowl,True,True,stability_law,True,True, True.,HuggingFaceTB/SmolVLM2-2.2B-Instruct,,2B_zero_shot,,,,7f29cebb9d06eca06ad0d6c690e4d5a083b71a9c42008f88e92474e3ff0eb98a,eb4075c77285da02c52794154760fa969fb21ab3dcceb0820cb7d2ba27d27471,http://images.cocodataset.org/train2017/000000177355.jpg,http://images.cocodataset.org/train2017/000000177355.jpg,,http://images.cocodataset.org/train2017/000000177355.jpg,sorev,tier_b_v0.1,"{""axis"": ""semantic"", ""law"": ""stability_law"", ""note"": ""symmetric relation; subject/object reversal keeps truth"", ""relation"": ""next to"", ""transform"": ""sorev""}",,"{""do_sample"": false, ""max_new_tokens"": 5}",tier_b_r1_2b_full,5cc3a4f64f0d09e02b3a49ba7234826aa61d42c9,v0.1
vsr_test:1288,vsr_test:1288,test,sorev,semantic,The car is far away from the zebra,The zebra is far away from the car.,far away from,proximity,zebra,car,False,False,stability_law,False,True, False.,HuggingFaceTB/SmolVLM2-2.2B-Instruct,,2B_zero_shot,,,,7f29cebb9d06eca06ad0d6c690e4d5a083b71a9c42008f88e92474e3ff0eb98a,eb4075c77285da02c52794154760fa969fb21ab3dcceb0820cb7d2ba27d27471,http://images.cocodataset.org/train2017/000000236925.jpg,http://images.cocodataset.org/train2017/000000236925.jpg,,http://images.cocodataset.org/train2017/000000236925.jpg,sorev,tier_b_v0.1,"{""axis"": ""semantic"", ""law"": ""stability_law"", ""note"": ""symmetric relation; subject/object reversal keeps truth"", ""relation"": ""far away from"", ""transform"": ""sorev""}",,"{""do_sample"": false, ""max_new_tokens"": 5}",tier_b_r1_2b_full,5cc3a4f64f0d09e02b3a49ba7234826aa61d42c9,v0.1
vsr_test:1292,vsr_test:1292,test,sorev,semantic,The motorcycle is adjacent to the truck,The truck is adjacent to the motorcycle.,adjacent to,other,truck,motorcycle,True,True,stability_law,True,True, True.,HuggingFaceTB/SmolVLM2-2.2B-Instruct,,2B_zero_shot,,,,7f29cebb9d06eca06ad0d6c690e4d5a083b71a9c42008f88e92474e3ff0eb98a,eb4075c77285da02c52794154760fa969fb21ab3dcceb0820cb7d2ba27d27471,http://images.cocodataset.org/train2017/000000297631.jpg,http://images.cocodataset.org/train2017/000000297631.jpg,,http://images.cocodataset.org/train2017/000000297631.jpg,sorev,tier_b_v0.1,"{""axis"": ""semantic"", ""law"": ""stability_law"", ""note"": ""symmetric relation; subject/object reversal keeps truth"", ""relation"": ""adjacent to"", ""transform"": ""sorev""}",,"{""do_sample"": false, ""max_new_tokens"": 5}",tier_b_r1_2b_full,5cc3a4f64f0d09e02b3a49ba7234826aa61d42c9,v0.1
vsr_test:1294,vsr_test:1294,test,sorev,semantic,The truck is beside the cake,The cake is beside the truck.,beside,horizontal,cake,truck,True,True,stability_law,True,True, True.,HuggingFaceTB/SmolVLM2-2.2B-Instruct,,2B_zero_shot,,,,7f29cebb9d06eca06ad0d6c690e4d5a083b71a9c42008f88e92474e3ff0eb98a,eb4075c77285da02c52794154760fa969fb21ab3dcceb0820cb7d2ba27d27471,http://images.cocodataset.org/train2017/000000268394.jpg,http://images.cocodataset.org/train2017/000000268394.jpg,,http://images.cocodataset.org/train2017/000000268394.jpg,sorev,tier_b_v0.1,"{""axis"": ""semantic"", ""law"": ""stability_law"", ""note"": ""symmetric relation; subject/object reversal keeps truth"", ""relation"": ""beside"", ""transform"": ""sorev""}",,"{""do_sample"": false, ""max_new_tokens"": 5}",tier_b_r1_2b_full,5cc3a4f64f0d09e02b3a49ba7234826aa61d42c9,v0.1
vsr_test:1300,vsr_test:1300,test,sorev,semantic,The teddy bear is touching the bench,The bench is touching the teddy bear.,touching,topology_contact,bench,teddy bear,True,True,stability_law,True,True, True.,HuggingFaceTB/SmolVLM2-2.2B-Instruct,,2B_zero_shot,,,,7f29cebb9d06eca06ad0d6c690e4d5a083b71a9c42008f88e92474e3ff0eb98a,eb4075c77285da02c52794154760fa969fb21ab3dcceb0820cb7d2ba27d27471,http://images.cocodataset.org/train2017/000000032957.jpg,http://images.cocodataset.org/train2017/000000032957.jpg,,http://images.cocodataset.org/train2017/000000032957.jpg,sorev,tier_b_v0.1,"{""axis"": ""semantic"", ""law"": ""stability_law"", ""note"": ""symmetric relation; subject/object reversal keeps truth"", ""relation"": ""touching"", ""transform"": ""sorev""}",,"{""do_sample"": false, ""max_new_tokens"": 5}",tier_b_r1_2b_full,5cc3a4f64f0d09e02b3a49ba7234826aa61d42c9,v0.1
vsr_test:1301,vsr_test:1301,test,sorev,semantic,The bus is near the umbrella,The umbrella is near the bus.,near,proximity,umbrella,bus,True,True,stability_law,True,True, True.,HuggingFaceTB/SmolVLM2-2.2B-Instruct,,2B_zero_shot,,,,7f29cebb9d06eca06ad0d6c690e4d5a083b71a9c42008f88e92474e3ff0eb98a,eb4075c77285da02c52794154760fa969fb21ab3dcceb0820cb7d2ba27d27471,http://images.cocodataset.org/train2017/000000106513.jpg,http://images.cocodataset.org/train2017/000000106513.jpg,,http://images.cocodataset.org/train2017/000000106513.jpg,sorev,tier_b_v0.1,"{""axis"": ""semantic"", ""law"": ""stability_law"", ""note"": ""symmetric relation; subject/object reversal keeps truth"", ""relation"": ""near"", ""transform"": ""sorev""}",,"{""do_sample"": false, ""max_new_tokens"": 5}",tier_b_r1_2b_full,5cc3a4f64f0d09e02b3a49ba7234826aa61d42c9,v0.1
vsr_test:1310,vsr_test:1310,test,sorev,semantic,The cat is touching the bed,The bed is touching the cat.,touching,topology_contact,bed,cat,False,False,stability_law,False,True, False.,HuggingFaceTB/SmolVLM2-2.2B-Instruct,,2B_zero_shot,,,,7f29cebb9d06eca06ad0d6c690e4d5a083b71a9c42008f88e92474e3ff0eb98a,eb4075c77285da02c52794154760fa969fb21ab3dcceb0820cb7d2ba27d27471,http://images.cocodataset.org/train2017/000000530730.jpg,http://images.cocodataset.org/train2017/000000530730.jpg,,http://images.cocodataset.org/train2017/000000530730.jpg,sorev,tier_b_v0.1,"{""axis"": ""semantic"", ""law"": ""stability_law"", ""note"": ""symmetric relation; subject/object reversal keeps truth"", ""relation"": ""touching"", ""transform"": ""sorev""}",,"{""do_sample"": false, ""max_new_tokens"": 5}",tier_b_r1_2b_full,5cc3a4f64f0d09e02b3a49ba7234826aa61d42c9,v0.1
vsr_test:1315,vsr_test:1315,test,sorev,semantic,The pizza is touching the person,The person is touching the pizza.,touching,topology_contact,person,pizza,False,False,stability_law,False,True, False.,HuggingFaceTB/SmolVLM2-2.2B-Instruct,,2B_zero_shot,,,,7f29cebb9d06eca06ad0d6c690e4d5a083b71a9c42008f88e92474e3ff0eb98a,eb4075c77285da02c52794154760fa969fb21ab3dcceb0820cb7d2ba27d27471,http://images.cocodataset.org/train2017/000000000397.jpg,http://images.cocodataset.org/train2017/000000000397.jpg,,http://images.cocodataset.org/train2017/000000000397.jpg,sorev,tier_b_v0.1,"{""axis"": ""semantic"", ""law"": ""stability_law"", ""note"": ""symmetric relation; subject/object reversal keeps truth"", ""relation"": ""touching"", ""transform"": ""sorev""}",,"{""do_sample"": false, ""max_new_tokens"": 5}",tier_b_r1_2b_full,5cc3a4f64f0d09e02b3a49ba7234826aa61d42c9,v0.1
vsr_test:1316,vsr_test:1316,test,sorev,semantic,The pizza is touching the person,The person is touching the pizza.,touching,topology_contact,person,pizza,False,False,stability_law,False,True, False.,HuggingFaceTB/SmolVLM2-2.2B-Instruct,,2B_zero_shot,,,,7f29cebb9d06eca06ad0d6c690e4d5a083b71a9c42008f88e92474e3ff0eb98a,eb4075c77285da02c52794154760fa969fb21ab3dcceb0820cb7d2ba27d27471,http://images.cocodataset.org/train2017/000000010969.jpg,http://images.cocodataset.org/train2017/000000010969.jpg,,http://images.cocodataset.org/train2017/000000010969.jpg,sorev,tier_b_v0.1,"{""axis"": ""semantic"", ""law"": ""stability_law"", ""note"": ""symmetric relation; subject/object reversal keeps truth"", ""relation"": ""touching"", ""transform"": ""sorev""}",,"{""do_sample"": false, ""max_new_tokens"": 5}",tier_b_r1_2b_full,5cc3a4f64f0d09e02b3a49ba7234826aa61d42c9,v0.1
vsr_test:1331,vsr_test:1331,test,sorev,semantic,The motorcycle is far away from the banana,The banana is far away from the motorcycle.,far away from,proximity,banana,motorcycle,True,True,stability_law,True,True, True.,HuggingFaceTB/SmolVLM2-2.2B-Instruct,,2B_zero_shot,,,,7f29cebb9d06eca06ad0d6c690e4d5a083b71a9c42008f88e92474e3ff0eb98a,eb4075c77285da02c52794154760fa969fb21ab3dcceb0820cb7d2ba27d27471,http://images.cocodataset.org/train2017/000000414258.jpg,http://images.cocodataset.org/train2017/000000414258.jpg,,http://images.cocodataset.org/train2017/000000414258.jpg,sorev,tier_b_v0.1,"{""axis"": ""semantic"", ""law"": ""stability_law"", ""note"": ""symmetric relation; subject/object reversal keeps truth"", ""relation"": ""far away from"", ""transform"": ""sorev""}",,"{""do_sample"": false, ""max_new_tokens"": 5}",tier_b_r1_2b_full,5cc3a4f64f0d09e02b3a49ba7234826aa61d42c9,v0.1
vsr_test:1336,vsr_test:1336,test,sorev,semantic,The microwave is adjacent to the couch,The couch is adjacent to the microwave.,adjacent to,other,couch,microwave,True,True,stability_law,True,True, True.,HuggingFaceTB/SmolVLM2-2.2B-Instruct,,2B_zero_shot,,,,7f29cebb9d06eca06ad0d6c690e4d5a083b71a9c42008f88e92474e3ff0eb98a,eb4075c77285da02c52794154760fa969fb21ab3dcceb0820cb7d2ba27d27471,http://images.cocodataset.org/train2017/000000345188.jpg,http://images.cocodataset.org/train2017/000000345188.jpg,,http://images.cocodataset.org/train2017/000000345188.jpg,sorev,tier_b_v0.1,"{""axis"": ""semantic"", ""law"": ""stability_law"", ""note"": ""symmetric relation; subject/object reversal keeps truth"", ""relation"": ""adjacent to"", ""transform"": ""sorev""}",,"{""do_sample"": false, ""max_new_tokens"": 5}",tier_b_r1_2b_full,5cc3a4f64f0d09e02b3a49ba7234826aa61d42c9,v0.1
vsr_test:1337,vsr_test:1337,test,sorev,semantic,The dog is beside the pizza,The pizza is beside the dog.,beside,horizontal,pizza,dog,True,True,stability_law,True,True, True.,HuggingFaceTB/SmolVLM2-2.2B-Instruct,,2B_zero_shot,,,,7f29cebb9d06eca06ad0d6c690e4d5a083b71a9c42008f88e92474e3ff0eb98a,eb4075c77285da02c52794154760fa969fb21ab3dcceb0820cb7d2ba27d27471,http://images.cocodataset.org/train2017/000000273083.jpg,http://images.cocodataset.org/train2017/000000273083.jpg,,http://images.cocodataset.org/train2017/000000273083.jpg,sorev,tier_b_v0.1,"{""axis"": ""semantic"", ""law"": ""stability_law"", ""note"": ""symmetric relation; subject/object reversal keeps truth"", ""relation"": ""beside"", ""transform"": ""sorev""}",,"{""do_sample"": false, ""max_new_tokens"": 5}",tier_b_r1_2b_full,5cc3a4f64f0d09e02b3a49ba7234826aa61d42c9,v0.1
vsr_test:1340,vsr_test:1340,test,sorev,semantic,The teddy bear is near the fire hydrant,The fire hydrant is near the teddy bear.,near,proximity,fire hydrant,teddy bear,False,False,stability_law,False,True, False.,HuggingFaceTB/SmolVLM2-2.2B-Instruct,,2B_zero_shot,,,,7f29cebb9d06eca06ad0d6c690e4d5a083b71a9c42008f88e92474e3ff0eb98a,eb4075c77285da02c52794154760fa969fb21ab3dcceb0820cb7d2ba27d27471,http://images.cocodataset.org/train2017/000000263098.jpg,http://images.cocodataset.org/train2017/000000263098.jpg,,http://images.cocodataset.org/train2017/000000263098.jpg,sorev,tier_b_v0.1,"{""axis"": ""semantic"", ""law"": ""stability_law"", ""note"": ""symmetric relation; subject/object reversal keeps truth"", ""relation"": ""near"", ""transform"": ""sorev""}",,"{""do_sample"": false, ""max_new_tokens"": 5}",tier_b_r1_2b_full,5cc3a4f64f0d09e02b3a49ba7234826aa61d42c9,v0.1
vsr_test:1341,vsr_test:1341,test,sorev,semantic,The bowl is near the carrot,The carrot is near the bowl.,near,proximity,carrot,bowl,True,True,stability_law,False,False, False.,HuggingFaceTB/SmolVLM2-2.2B-Instruct,,2B_zero_shot,,,,7f29cebb9d06eca06ad0d6c690e4d5a083b71a9c42008f88e92474e3ff0eb98a,eb4075c77285da02c52794154760fa969fb21ab3dcceb0820cb7d2ba27d27471,http://images.cocodataset.org/train2017/000000174239.jpg,http://images.cocodataset.org/train2017/000000174239.jpg,,http://images.cocodataset.org/train2017/000000174239.jpg,sorev,tier_b_v0.1,"{""axis"": ""semantic"", ""law"": ""stability_law"", ""note"": ""symmetric relation; subject/object reversal keeps truth"", ""relation"": ""near"", ""transform"": ""sorev""}",,"{""do_sample"": false, ""max_new_tokens"": 5}",tier_b_r1_2b_full,5cc3a4f64f0d09e02b3a49ba7234826aa61d42c9,v0.1
vsr_test:1346,vsr_test:1346,test,sorev,semantic,The carrot is touching the couch,The couch is touching the carrot.,touching,topology_contact,couch,carrot,True,True,stability_law,False,False, False.,HuggingFaceTB/SmolVLM2-2.2B-Instruct,,2B_zero_shot,,,,7f29cebb9d06eca06ad0d6c690e4d5a083b71a9c42008f88e92474e3ff0eb98a,eb4075c77285da02c52794154760fa969fb21ab3dcceb0820cb7d2ba27d27471,http://images.cocodataset.org/train2017/000000132422.jpg,http://images.cocodataset.org/train2017/000000132422.jpg,,http://images.cocodataset.org/train2017/000000132422.jpg,sorev,tier_b_v0.1,"{""axis"": ""semantic"", ""law"": ""stability_law"", ""note"": ""symmetric relation; subject/object reversal keeps truth"", ""relation"": ""touching"", ""transform"": ""sorev""}",,"{""do_sample"": false, ""max_new_tokens"": 5}",tier_b_r1_2b_full,5cc3a4f64f0d09e02b3a49ba7234826aa61d42c9,v0.1
vsr_test:1355,vsr_test:1355,test,sorev,semantic,The truck is away from the car,The car is away from the truck.,away from,proximity,car,truck,False,False,stability_law,False,True, False.,HuggingFaceTB/SmolVLM2-2.2B-Instruct,,2B_zero_shot,,,,7f29cebb9d06eca06ad0d6c690e4d5a083b71a9c42008f88e92474e3ff0eb98a,eb4075c77285da02c52794154760fa969fb21ab3dcceb0820cb7d2ba27d27471,http://images.cocodataset.org/train2017/000000284783.jpg,http://images.cocodataset.org/train2017/000000284783.jpg,,http://images.cocodataset.org/train2017/000000284783.jpg,sorev,tier_b_v0.1,"{""axis"": ""semantic"", ""law"": ""stability_law"", ""note"": ""symmetric relation; subject/object reversal keeps truth"", ""relation"": ""away from"", ""transform"": ""sorev""}",,"{""do_sample"": false, ""max_new_tokens"": 5}",tier_b_r1_2b_full,5cc3a4f64f0d09e02b3a49ba7234826aa61d42c9,v0.1
vsr_test:1359,vsr_test:1359,test,sorev,semantic,The person is touching the cow,The cow is touching the person.,touching,topology_contact,cow,person,False,False,stability_law,False,True, False.,HuggingFaceTB/SmolVLM2-2.2B-Instruct,,2B_zero_shot,,,,7f29cebb9d06eca06ad0d6c690e4d5a083b71a9c42008f88e92474e3ff0eb98a,eb4075c77285da02c52794154760fa969fb21ab3dcceb0820cb7d2ba27d27471,http://images.cocodataset.org/train2017/000000268646.jpg,http://images.cocodataset.org/train2017/000000268646.jpg,,http://images.cocodataset.org/train2017/000000268646.jpg,sorev,tier_b_v0.1,"{""axis"": ""semantic"", ""law"": ""stability_law"", ""note"": ""symmetric relation; subject/object reversal keeps truth"", ""relation"": ""touching"", ""transform"": ""sorev""}",,"{""do_sample"": false, ""max_new_tokens"": 5}",tier_b_r1_2b_full,5cc3a4f64f0d09e02b3a49ba7234826aa61d42c9,v0.1
vsr_test:1361,vsr_test:1361,test,sorev,semantic,The dog is next to the pizza,The pizza is next to the dog.,next to,horizontal,pizza,dog,False,False,stability_law,True,False, True.,HuggingFaceTB/SmolVLM2-2.2B-Instruct,,2B_zero_shot,,,,7f29cebb9d06eca06ad0d6c690e4d5a083b71a9c42008f88e92474e3ff0eb98a,eb4075c77285da02c52794154760fa969fb21ab3dcceb0820cb7d2ba27d27471,http://images.cocodataset.org/train2017/000000309968.jpg,http://images.cocodataset.org/train2017/000000309968.jpg,,http://images.cocodataset.org/train2017/000000309968.jpg,sorev,tier_b_v0.1,"{""axis"": ""semantic"", ""law"": ""stability_law"", ""note"": ""symmetric relation; subject/object reversal keeps truth"", ""relation"": ""next to"", ""transform"": ""sorev""}",,"{""do_sample"": false, ""max_new_tokens"": 5}",tier_b_r1_2b_full,5cc3a4f64f0d09e02b3a49ba7234826aa61d42c9,v0.1
vsr_test:1366,vsr_test:1366,test,sorev,semantic,The bowl is away from the sandwich,The sandwich is away from the bowl.,away from,proximity,sandwich,bowl,True,True,stability_law,False,False, False.,HuggingFaceTB/SmolVLM2-2.2B-Instruct,,2B_zero_shot,,,,7f29cebb9d06eca06ad0d6c690e4d5a083b71a9c42008f88e92474e3ff0eb98a,eb4075c77285da02c52794154760fa969fb21ab3dcceb0820cb7d2ba27d27471,http://images.cocodataset.org/train2017/000000544216.jpg,http://images.cocodataset.org/train2017/000000544216.jpg,,http://images.cocodataset.org/train2017/000000544216.jpg,sorev,tier_b_v0.1,"{""axis"": ""semantic"", ""law"": ""stability_law"", ""note"": ""symmetric relation; subject/object reversal keeps truth"", ""relation"": ""away from"", ""transform"": ""sorev""}",,"{""do_sample"": false, ""max_new_tokens"": 5}",tier_b_r1_2b_full,5cc3a4f64f0d09e02b3a49ba7234826aa61d42c9,v0.1
vsr_test:1371,vsr_test:1371,test,sorev,semantic,The keyboard is adjacent to the dog,The dog is adjacent to the keyboard.,adjacent to,other,dog,keyboard,False,False,stability_law,False,True, False.,HuggingFaceTB/SmolVLM2-2.2B-Instruct,,2B_zero_shot,,,,7f29cebb9d06eca06ad0d6c690e4d5a083b71a9c42008f88e92474e3ff0eb98a,eb4075c77285da02c52794154760fa969fb21ab3dcceb0820cb7d2ba27d27471,http://images.cocodataset.org/train2017/000000318401.jpg,http://images.cocodataset.org/train2017/000000318401.jpg,,http://images.cocodataset.org/train2017/000000318401.jpg,sorev,tier_b_v0.1,"{""axis"": ""semantic"", ""law"": ""stability_law"", ""note"": ""symmetric relation; subject/object reversal keeps truth"", ""relation"": ""adjacent to"", ""transform"": ""sorev""}",,"{""do_sample"": false, ""max_new_tokens"": 5}",tier_b_r1_2b_full,5cc3a4f64f0d09e02b3a49ba7234826aa61d42c9,v0.1
vsr_test:1373,vsr_test:1373,test,sorev,semantic,The book is touching the bird,The bird is touching the book.,touching,topology_contact,bird,book,False,False,stability_law,True,False, True.,HuggingFaceTB/SmolVLM2-2.2B-Instruct,,2B_zero_shot,,,,7f29cebb9d06eca06ad0d6c690e4d5a083b71a9c42008f88e92474e3ff0eb98a,eb4075c77285da02c52794154760fa969fb21ab3dcceb0820cb7d2ba27d27471,http://images.cocodataset.org/train2017/000000176180.jpg,http://images.cocodataset.org/train2017/000000176180.jpg,,http://images.cocodataset.org/train2017/000000176180.jpg,sorev,tier_b_v0.1,"{""axis"": ""semantic"", ""law"": ""stability_law"", ""note"": ""symmetric relation; subject/object reversal keeps truth"", ""relation"": ""touching"", ""transform"": ""sorev""}",,"{""do_sample"": false, ""max_new_tokens"": 5}",tier_b_r1_2b_full,5cc3a4f64f0d09e02b3a49ba7234826aa61d42c9,v0.1
vsr_test:1374,vsr_test:1374,test,sorev,semantic,The cake is touching the banana,The banana is touching the cake.,touching,topology_contact,banana,cake,False,False,stability_law,False,True, False.,HuggingFaceTB/SmolVLM2-2.2B-Instruct,,2B_zero_shot,,,,7f29cebb9d06eca06ad0d6c690e4d5a083b71a9c42008f88e92474e3ff0eb98a,eb4075c77285da02c52794154760fa969fb21ab3dcceb0820cb7d2ba27d27471,http://images.cocodataset.org/train2017/000000401532.jpg,http://images.cocodataset.org/train2017/000000401532.jpg,,http://images.cocodataset.org/train2017/000000401532.jpg,sorev,tier_b_v0.1,"{""axis"": ""semantic"", ""law"": ""stability_law"", ""note"": ""symmetric relation; subject/object reversal keeps truth"", ""relation"": ""touching"", ""transform"": ""sorev""}",,"{""do_sample"": false, ""max_new_tokens"": 5}",tier_b_r1_2b_full,5cc3a4f64f0d09e02b3a49ba7234826aa61d42c9,v0.1
vsr_test:1377,vsr_test:1377,test,sorev,semantic,The sandwich is touching the person,The person is touching the sandwich.,touching,topology_contact,person,sandwich,True,True,stability_law,True,True, True.,HuggingFaceTB/SmolVLM2-2.2B-Instruct,,2B_zero_shot,,,,7f29cebb9d06eca06ad0d6c690e4d5a083b71a9c42008f88e92474e3ff0eb98a,eb4075c77285da02c52794154760fa969fb21ab3dcceb0820cb7d2ba27d27471,http://images.cocodataset.org/train2017/000000164553.jpg,http://images.cocodataset.org/train2017/000000164553.jpg,,http://images.cocodataset.org/train2017/000000164553.jpg,sorev,tier_b_v0.1,"{""axis"": ""semantic"", ""law"": ""stability_law"", ""note"": ""symmetric relation; subject/object reversal keeps truth"", ""relation"": ""touching"", ""transform"": ""sorev""}",,"{""do_sample"": false, ""max_new_tokens"": 5}",tier_b_r1_2b_full,5cc3a4f64f0d09e02b3a49ba7234826aa61d42c9,v0.1
vsr_test:1382,vsr_test:1382,test,sorev,semantic,The bicycle is attached to the umbrella,The umbrella is attached to the bicycle.,attached to,topology_contact,umbrella,bicycle,True,True,stability_law,True,True, True.,HuggingFaceTB/SmolVLM2-2.2B-Instruct,,2B_zero_shot,,,,7f29cebb9d06eca06ad0d6c690e4d5a083b71a9c42008f88e92474e3ff0eb98a,eb4075c77285da02c52794154760fa969fb21ab3dcceb0820cb7d2ba27d27471,http://images.cocodataset.org/train2017/000000419150.jpg,http://images.cocodataset.org/train2017/000000419150.jpg,,http://images.cocodataset.org/train2017/000000419150.jpg,sorev,tier_b_v0.1,"{""axis"": ""semantic"", ""law"": ""stability_law"", ""note"": ""symmetric relation; subject/object reversal keeps truth"", ""relation"": ""attached to"", ""transform"": ""sorev""}",,"{""do_sample"": false, ""max_new_tokens"": 5}",tier_b_r1_2b_full,5cc3a4f64f0d09e02b3a49ba7234826aa61d42c9,v0.1
vsr_test:1385,vsr_test:1385,test,sorev,semantic,The person is touching the dining table,The dining table is touching the person.,touching,topology_contact,dining table,person,True,True,stability_law,True,True, True.,HuggingFaceTB/SmolVLM2-2.2B-Instruct,,2B_zero_shot,,,,7f29cebb9d06eca06ad0d6c690e4d5a083b71a9c42008f88e92474e3ff0eb98a,eb4075c77285da02c52794154760fa969fb21ab3dcceb0820cb7d2ba27d27471,http://images.cocodataset.org/train2017/000000227487.jpg,http://images.cocodataset.org/train2017/000000227487.jpg,,http://images.cocodataset.org/train2017/000000227487.jpg,sorev,tier_b_v0.1,"{""axis"": ""semantic"", ""law"": ""stability_law"", ""note"": ""symmetric relation; subject/object reversal keeps truth"", ""relation"": ""touching"", ""transform"": ""sorev""}",,"{""do_sample"": false, ""max_new_tokens"": 5}",tier_b_r1_2b_full,5cc3a4f64f0d09e02b3a49ba7234826aa61d42c9,v0.1
vsr_test:1393,vsr_test:1393,test,sorev,semantic,The book is beside the pizza,The pizza is beside the book.,beside,horizontal,pizza,book,True,True,stability_law,True,True, True.,HuggingFaceTB/SmolVLM2-2.2B-Instruct,,2B_zero_shot,,,,7f29cebb9d06eca06ad0d6c690e4d5a083b71a9c42008f88e92474e3ff0eb98a,eb4075c77285da02c52794154760fa969fb21ab3dcceb0820cb7d2ba27d27471,http://images.cocodataset.org/train2017/000000566575.jpg,http://images.cocodataset.org/train2017/000000566575.jpg,,http://images.cocodataset.org/train2017/000000566575.jpg,sorev,tier_b_v0.1,"{""axis"": ""semantic"", ""law"": ""stability_law"", ""note"": ""symmetric relation; subject/object reversal keeps truth"", ""relation"": ""beside"", ""transform"": ""sorev""}",,"{""do_sample"": false, ""max_new_tokens"": 5}",tier_b_r1_2b_full,5cc3a4f64f0d09e02b3a49ba7234826aa61d42c9,v0.1
vsr_test:1397,vsr_test:1397,test,sorev,semantic,The orange is beside the bowl,The bowl is beside the orange.,beside,horizontal,bowl,orange,True,True,stability_law,True,True, True.,HuggingFaceTB/SmolVLM2-2.2B-Instruct,,2B_zero_shot,,,,7f29cebb9d06eca06ad0d6c690e4d5a083b71a9c42008f88e92474e3ff0eb98a,eb4075c77285da02c52794154760fa969fb21ab3dcceb0820cb7d2ba27d27471,http://images.cocodataset.org/train2017/000000346938.jpg,http://images.cocodataset.org/train2017/000000346938.jpg,,http://images.cocodataset.org/train2017/000000346938.jpg,sorev,tier_b_v0.1,"{""axis"": ""semantic"", ""law"": ""stability_law"", ""note"": ""symmetric relation; subject/object reversal keeps truth"", ""relation"": ""beside"", ""transform"": ""sorev""}",,"{""do_sample"": false, ""max_new_tokens"": 5}",tier_b_r1_2b_full,5cc3a4f64f0d09e02b3a49ba7234826aa61d42c9,v0.1
vsr_test:1398,vsr_test:1398,test,sorev,semantic,The person is touching the laptop,The laptop is touching the person.,touching,topology_contact,laptop,person,True,True,stability_law,True,True, True.,HuggingFaceTB/SmolVLM2-2.2B-Instruct,,2B_zero_shot,,,,7f29cebb9d06eca06ad0d6c690e4d5a083b71a9c42008f88e92474e3ff0eb98a,eb4075c77285da02c52794154760fa969fb21ab3dcceb0820cb7d2ba27d27471,http://images.cocodataset.org/train2017/000000471967.jpg,http://images.cocodataset.org/train2017/000000471967.jpg,,http://images.cocodataset.org/train2017/000000471967.jpg,sorev,tier_b_v0.1,"{""axis"": ""semantic"", ""law"": ""stability_law"", ""note"": ""symmetric relation; subject/object reversal keeps truth"", ""relation"": ""touching"", ""transform"": ""sorev""}",,"{""do_sample"": false, ""max_new_tokens"": 5}",tier_b_r1_2b_full,5cc3a4f64f0d09e02b3a49ba7234826aa61d42c9,v0.1
vsr_test:1402,vsr_test:1402,test,sorev,semantic,The bird is touching the bowl,The bowl is touching the bird.,touching,topology_contact,bowl,bird,True,True,stability_law,True,True, True.,HuggingFaceTB/SmolVLM2-2.2B-Instruct,,2B_zero_shot,,,,7f29cebb9d06eca06ad0d6c690e4d5a083b71a9c42008f88e92474e3ff0eb98a,eb4075c77285da02c52794154760fa969fb21ab3dcceb0820cb7d2ba27d27471,http://images.cocodataset.org/train2017/000000370857.jpg,http://images.cocodataset.org/train2017/000000370857.jpg,,http://images.cocodataset.org/train2017/000000370857.jpg,sorev,tier_b_v0.1,"{""axis"": ""semantic"", ""law"": ""stability_law"", ""note"": ""symmetric relation; subject/object reversal keeps truth"", ""relation"": ""touching"", ""transform"": ""sorev""}",,"{""do_sample"": false, ""max_new_tokens"": 5}",tier_b_r1_2b_full,5cc3a4f64f0d09e02b3a49ba7234826aa61d42c9,v0.1
vsr_test:1406,vsr_test:1406,test,sorev,semantic,The bed is opposite to the umbrella,The umbrella is opposite to the bed.,opposite to,other,umbrella,bed,True,True,stability_law,True,True, True.,HuggingFaceTB/SmolVLM2-2.2B-Instruct,,2B_zero_shot,,,,7f29cebb9d06eca06ad0d6c690e4d5a083b71a9c42008f88e92474e3ff0eb98a,eb4075c77285da02c52794154760fa969fb21ab3dcceb0820cb7d2ba27d27471,http://images.cocodataset.org/train2017/000000059174.jpg,http://images.cocodataset.org/train2017/000000059174.jpg,,http://images.cocodataset.org/train2017/000000059174.jpg,sorev,tier_b_v0.1,"{""axis"": ""semantic"", ""law"": ""stability_law"", ""note"": ""symmetric relation; subject/object reversal keeps truth"", ""relation"": ""opposite to"", ""transform"": ""sorev""}",,"{""do_sample"": false, ""max_new_tokens"": 5}",tier_b_r1_2b_full,5cc3a4f64f0d09e02b3a49ba7234826aa61d42c9,v0.1
vsr_test:1407,vsr_test:1407,test,sorev,semantic,The tv is touching the cat,The cat is touching the tv.,touching,topology_contact,cat,tv,False,False,stability_law,False,True, False.,HuggingFaceTB/SmolVLM2-2.2B-Instruct,,2B_zero_shot,,,,7f29cebb9d06eca06ad0d6c690e4d5a083b71a9c42008f88e92474e3ff0eb98a,eb4075c77285da02c52794154760fa969fb21ab3dcceb0820cb7d2ba27d27471,http://images.cocodataset.org/val2017/000000476810.jpg,http://images.cocodataset.org/val2017/000000476810.jpg,,http://images.cocodataset.org/val2017/000000476810.jpg,sorev,tier_b_v0.1,"{""axis"": ""semantic"", ""law"": ""stability_law"", ""note"": ""symmetric relation; subject/object reversal keeps truth"", ""relation"": ""touching"", ""transform"": ""sorev""}",,"{""do_sample"": false, ""max_new_tokens"": 5}",tier_b_r1_2b_full,5cc3a4f64f0d09e02b3a49ba7234826aa61d42c9,v0.1
vsr_test:1410,vsr_test:1410,test,sorev,semantic,The couch is against the person,The person is against the couch.,against,topology_contact,person,couch,False,False,stability_law,False,True, False.,HuggingFaceTB/SmolVLM2-2.2B-Instruct,,2B_zero_shot,,,,7f29cebb9d06eca06ad0d6c690e4d5a083b71a9c42008f88e92474e3ff0eb98a,eb4075c77285da02c52794154760fa969fb21ab3dcceb0820cb7d2ba27d27471,http://images.cocodataset.org/train2017/000000367398.jpg,http://images.cocodataset.org/train2017/000000367398.jpg,,http://images.cocodataset.org/train2017/000000367398.jpg,sorev,tier_b_v0.1,"{""axis"": ""semantic"", ""law"": ""stability_law"", ""note"": ""symmetric relation; subject/object reversal keeps truth"", ""relation"": ""against"", ""transform"": ""sorev""}",,"{""do_sample"": false, ""max_new_tokens"": 5}",tier_b_r1_2b_full,5cc3a4f64f0d09e02b3a49ba7234826aa61d42c9,v0.1
vsr_test:1412,vsr_test:1412,test,sorev,semantic,The parking meter is far from the bus,The bus is far from the parking meter.,far from,proximity,bus,parking meter,True,True,stability_law,False,False, False.,HuggingFaceTB/SmolVLM2-2.2B-Instruct,,2B_zero_shot,,,,7f29cebb9d06eca06ad0d6c690e4d5a083b71a9c42008f88e92474e3ff0eb98a,eb4075c77285da02c52794154760fa969fb21ab3dcceb0820cb7d2ba27d27471,http://images.cocodataset.org/train2017/000000135023.jpg,http://images.cocodataset.org/train2017/000000135023.jpg,,http://images.cocodataset.org/train2017/000000135023.jpg,sorev,tier_b_v0.1,"{""axis"": ""semantic"", ""law"": ""stability_law"", ""note"": ""symmetric relation; subject/object reversal keeps truth"", ""relation"": ""far from"", ""transform"": ""sorev""}",,"{""do_sample"": false, ""max_new_tokens"": 5}",tier_b_r1_2b_full,5cc3a4f64f0d09e02b3a49ba7234826aa61d42c9,v0.1
vsr_test:1422,vsr_test:1422,test,sorev,semantic,The bed is next to the umbrella,The umbrella is next to the bed.,next to,horizontal,umbrella,bed,True,True,stability_law,True,True, True.,HuggingFaceTB/SmolVLM2-2.2B-Instruct,,2B_zero_shot,,,,7f29cebb9d06eca06ad0d6c690e4d5a083b71a9c42008f88e92474e3ff0eb98a,eb4075c77285da02c52794154760fa969fb21ab3dcceb0820cb7d2ba27d27471,http://images.cocodataset.org/train2017/000000444285.jpg,http://images.cocodataset.org/train2017/000000444285.jpg,,http://images.cocodataset.org/train2017/000000444285.jpg,sorev,tier_b_v0.1,"{""axis"": ""semantic"", ""law"": ""stability_law"", ""note"": ""symmetric relation; subject/object reversal keeps truth"", ""relation"": ""next to"", ""transform"": ""sorev""}",,"{""do_sample"": false, ""max_new_tokens"": 5}",tier_b_r1_2b_full,5cc3a4f64f0d09e02b3a49ba7234826aa61d42c9,v0.1
vsr_test:1432,vsr_test:1432,test,sorev,semantic,The banana is away from the book,The book is away from the banana.,away from,proximity,book,banana,True,True,stability_law,True,True, True.,HuggingFaceTB/SmolVLM2-2.2B-Instruct,,2B_zero_shot,,,,7f29cebb9d06eca06ad0d6c690e4d5a083b71a9c42008f88e92474e3ff0eb98a,eb4075c77285da02c52794154760fa969fb21ab3dcceb0820cb7d2ba27d27471,http://images.cocodataset.org/train2017/000000119729.jpg,http://images.cocodataset.org/train2017/000000119729.jpg,,http://images.cocodataset.org/train2017/000000119729.jpg,sorev,tier_b_v0.1,"{""axis"": ""semantic"", ""law"": ""stability_law"", ""note"": ""symmetric relation; subject/object reversal keeps truth"", ""relation"": ""away from"", ""transform"": ""sorev""}",,"{""do_sample"": false, ""max_new_tokens"": 5}",tier_b_r1_2b_full,5cc3a4f64f0d09e02b3a49ba7234826aa61d42c9,v0.1
vsr_test:1436,vsr_test:1436,test,sorev,semantic,The motorcycle is connected to the suitcase,The suitcase is connected to the motorcycle.,connected to,topology_contact,suitcase,motorcycle,True,True,stability_law,True,True, True.,HuggingFaceTB/SmolVLM2-2.2B-Instruct,,2B_zero_shot,,,,7f29cebb9d06eca06ad0d6c690e4d5a083b71a9c42008f88e92474e3ff0eb98a,eb4075c77285da02c52794154760fa969fb21ab3dcceb0820cb7d2ba27d27471,http://images.cocodataset.org/train2017/000000278347.jpg,http://images.cocodataset.org/train2017/000000278347.jpg,,http://images.cocodataset.org/train2017/000000278347.jpg,sorev,tier_b_v0.1,"{""axis"": ""semantic"", ""law"": ""stability_law"", ""note"": ""symmetric relation; subject/object reversal keeps truth"", ""relation"": ""connected to"", ""transform"": ""sorev""}",,"{""do_sample"": false, ""max_new_tokens"": 5}",tier_b_r1_2b_full,5cc3a4f64f0d09e02b3a49ba7234826aa61d42c9,v0.1
vsr_test:1442,vsr_test:1442,test,sorev,semantic,The cat is touching the banana,The banana is touching the cat.,touching,topology_contact,banana,cat,True,True,stability_law,True,True, True.,HuggingFaceTB/SmolVLM2-2.2B-Instruct,,2B_zero_shot,,,,7f29cebb9d06eca06ad0d6c690e4d5a083b71a9c42008f88e92474e3ff0eb98a,eb4075c77285da02c52794154760fa969fb21ab3dcceb0820cb7d2ba27d27471,http://images.cocodataset.org/train2017/000000476960.jpg,http://images.cocodataset.org/train2017/000000476960.jpg,,http://images.cocodataset.org/train2017/000000476960.jpg,sorev,tier_b_v0.1,"{""axis"": ""semantic"", ""law"": ""stability_law"", ""note"": ""symmetric relation; subject/object reversal keeps truth"", ""relation"": ""touching"", ""transform"": ""sorev""}",,"{""do_sample"": false, ""max_new_tokens"": 5}",tier_b_r1_2b_full,5cc3a4f64f0d09e02b3a49ba7234826aa61d42c9,v0.1
vsr_test:1449,vsr_test:1449,test,sorev,semantic,The teddy bear is touching the fire hydrant,The fire hydrant is touching the teddy bear.,touching,topology_contact,fire hydrant,teddy bear,True,True,stability_law,True,True, True.,HuggingFaceTB/SmolVLM2-2.2B-Instruct,,2B_zero_shot,,,,7f29cebb9d06eca06ad0d6c690e4d5a083b71a9c42008f88e92474e3ff0eb98a,eb4075c77285da02c52794154760fa969fb21ab3dcceb0820cb7d2ba27d27471,http://images.cocodataset.org/train2017/000000252000.jpg,http://images.cocodataset.org/train2017/000000252000.jpg,,http://images.cocodataset.org/train2017/000000252000.jpg,sorev,tier_b_v0.1,"{""axis"": ""semantic"", ""law"": ""stability_law"", ""note"": ""symmetric relation; subject/object reversal keeps truth"", ""relation"": ""touching"", ""transform"": ""sorev""}",,"{""do_sample"": false, ""max_new_tokens"": 5}",tier_b_r1_2b_full,5cc3a4f64f0d09e02b3a49ba7234826aa61d42c9,v0.1
vsr_test:1455,vsr_test:1455,test,sorev,semantic,The person is touching the carrot,The carrot is touching the person.,touching,topology_contact,carrot,person,True,True,stability_law,True,True, True.,HuggingFaceTB/SmolVLM2-2.2B-Instruct,,2B_zero_shot,,,,7f29cebb9d06eca06ad0d6c690e4d5a083b71a9c42008f88e92474e3ff0eb98a,eb4075c77285da02c52794154760fa969fb21ab3dcceb0820cb7d2ba27d27471,http://images.cocodataset.org/train2017/000000442301.jpg,http://images.cocodataset.org/train2017/000000442301.jpg,,http://images.cocodataset.org/train2017/000000442301.jpg,sorev,tier_b_v0.1,"{""axis"": ""semantic"", ""law"": ""stability_law"", ""note"": ""symmetric relation; subject/object reversal keeps truth"", ""relation"": ""touching"", ""transform"": ""sorev""}",,"{""do_sample"": false, ""max_new_tokens"": 5}",tier_b_r1_2b_full,5cc3a4f64f0d09e02b3a49ba7234826aa61d42c9,v0.1
vsr_test:1460,vsr_test:1460,test,sorev,semantic,The bed is next to the couch,The couch is next to the bed.,next to,horizontal,couch,bed,True,True,stability_law,True,True, True.,HuggingFaceTB/SmolVLM2-2.2B-Instruct,,2B_zero_shot,,,,7f29cebb9d06eca06ad0d6c690e4d5a083b71a9c42008f88e92474e3ff0eb98a,eb4075c77285da02c52794154760fa969fb21ab3dcceb0820cb7d2ba27d27471,http://images.cocodataset.org/train2017/000000157480.jpg,http://images.cocodataset.org/train2017/000000157480.jpg,,http://images.cocodataset.org/train2017/000000157480.jpg,sorev,tier_b_v0.1,"{""axis"": ""semantic"", ""law"": ""stability_law"", ""note"": ""symmetric relation; subject/object reversal keeps truth"", ""relation"": ""next to"", ""transform"": ""sorev""}",,"{""do_sample"": false, ""max_new_tokens"": 5}",tier_b_r1_2b_full,5cc3a4f64f0d09e02b3a49ba7234826aa61d42c9,v0.1
vsr_test:1463,vsr_test:1463,test,sorev,semantic,The laptop is touching the dog,The dog is touching the laptop.,touching,topology_contact,dog,laptop,False,False,stability_law,False,True, False.,HuggingFaceTB/SmolVLM2-2.2B-Instruct,,2B_zero_shot,,,,7f29cebb9d06eca06ad0d6c690e4d5a083b71a9c42008f88e92474e3ff0eb98a,eb4075c77285da02c52794154760fa969fb21ab3dcceb0820cb7d2ba27d27471,http://images.cocodataset.org/train2017/000000474446.jpg,http://images.cocodataset.org/train2017/000000474446.jpg,,http://images.cocodataset.org/train2017/000000474446.jpg,sorev,tier_b_v0.1,"{""axis"": ""semantic"", ""law"": ""stability_law"", ""note"": ""symmetric relation; subject/object reversal keeps truth"", ""relation"": ""touching"", ""transform"": ""sorev""}",,"{""do_sample"": false, ""max_new_tokens"": 5}",tier_b_r1_2b_full,5cc3a4f64f0d09e02b3a49ba7234826aa61d42c9,v0.1
vsr_test:1466,vsr_test:1466,test,sorev,semantic,The book is detached from the keyboard,The keyboard is detached from the book.,detached from,topology_contact,keyboard,book,False,False,stability_law,False,True, False.,HuggingFaceTB/SmolVLM2-2.2B-Instruct,,2B_zero_shot,,,,7f29cebb9d06eca06ad0d6c690e4d5a083b71a9c42008f88e92474e3ff0eb98a,eb4075c77285da02c52794154760fa969fb21ab3dcceb0820cb7d2ba27d27471,http://images.cocodataset.org/train2017/000000364860.jpg,http://images.cocodataset.org/train2017/000000364860.jpg,,http://images.cocodataset.org/train2017/000000364860.jpg,sorev,tier_b_v0.1,"{""axis"": ""semantic"", ""law"": ""stability_law"", ""note"": ""symmetric relation; subject/object reversal keeps truth"", ""relation"": ""detached from"", ""transform"": ""sorev""}",,"{""do_sample"": false, ""max_new_tokens"": 5}",tier_b_r1_2b_full,5cc3a4f64f0d09e02b3a49ba7234826aa61d42c9,v0.1
vsr_test:1472,vsr_test:1472,test,sorev,semantic,The traffic light is far away from the chair,The chair is far away from the traffic light.,far away from,proximity,chair,traffic light,True,True,stability_law,False,False, False.,HuggingFaceTB/SmolVLM2-2.2B-Instruct,,2B_zero_shot,,,,7f29cebb9d06eca06ad0d6c690e4d5a083b71a9c42008f88e92474e3ff0eb98a,eb4075c77285da02c52794154760fa969fb21ab3dcceb0820cb7d2ba27d27471,http://images.cocodataset.org/train2017/000000320693.jpg,http://images.cocodataset.org/train2017/000000320693.jpg,,http://images.cocodataset.org/train2017/000000320693.jpg,sorev,tier_b_v0.1,"{""axis"": ""semantic"", ""law"": ""stability_law"", ""note"": ""symmetric relation; subject/object reversal keeps truth"", ""relation"": ""far away from"", ""transform"": ""sorev""}",,"{""do_sample"": false, ""max_new_tokens"": 5}",tier_b_r1_2b_full,5cc3a4f64f0d09e02b3a49ba7234826aa61d42c9,v0.1
vsr_test:1473,vsr_test:1473,test,sorev,semantic,The book is touching the dog,The dog is touching the book.,touching,topology_contact,dog,book,False,False,stability_law,False,True, False.,HuggingFaceTB/SmolVLM2-2.2B-Instruct,,2B_zero_shot,,,,7f29cebb9d06eca06ad0d6c690e4d5a083b71a9c42008f88e92474e3ff0eb98a,eb4075c77285da02c52794154760fa969fb21ab3dcceb0820cb7d2ba27d27471,http://images.cocodataset.org/train2017/000000183453.jpg,http://images.cocodataset.org/train2017/000000183453.jpg,,http://images.cocodataset.org/train2017/000000183453.jpg,sorev,tier_b_v0.1,"{""axis"": ""semantic"", ""law"": ""stability_law"", ""note"": ""symmetric relation; subject/object reversal keeps truth"", ""relation"": ""touching"", ""transform"": ""sorev""}",,"{""do_sample"": false, ""max_new_tokens"": 5}",tier_b_r1_2b_full,5cc3a4f64f0d09e02b3a49ba7234826aa61d42c9,v0.1
vsr_test:1474,vsr_test:1474,test,sorev,semantic,The person is touching the donut,The donut is touching the person.,touching,topology_contact,donut,person,False,False,stability_law,True,False, True.,HuggingFaceTB/SmolVLM2-2.2B-Instruct,,2B_zero_shot,,,,7f29cebb9d06eca06ad0d6c690e4d5a083b71a9c42008f88e92474e3ff0eb98a,eb4075c77285da02c52794154760fa969fb21ab3dcceb0820cb7d2ba27d27471,http://images.cocodataset.org/train2017/000000117884.jpg,http://images.cocodataset.org/train2017/000000117884.jpg,,http://images.cocodataset.org/train2017/000000117884.jpg,sorev,tier_b_v0.1,"{""axis"": ""semantic"", ""law"": ""stability_law"", ""note"": ""symmetric relation; subject/object reversal keeps truth"", ""relation"": ""touching"", ""transform"": ""sorev""}",,"{""do_sample"": false, ""max_new_tokens"": 5}",tier_b_r1_2b_full,5cc3a4f64f0d09e02b3a49ba7234826aa61d42c9,v0.1
vsr_test:1475,vsr_test:1475,test,sorev,semantic,The remote is touching the cat,The cat is touching the remote.,touching,topology_contact,cat,remote,False,False,stability_law,False,True, False.,HuggingFaceTB/SmolVLM2-2.2B-Instruct,,2B_zero_shot,,,,7f29cebb9d06eca06ad0d6c690e4d5a083b71a9c42008f88e92474e3ff0eb98a,eb4075c77285da02c52794154760fa969fb21ab3dcceb0820cb7d2ba27d27471,http://images.cocodataset.org/train2017/000000056898.jpg,http://images.cocodataset.org/train2017/000000056898.jpg,,http://images.cocodataset.org/train2017/000000056898.jpg,sorev,tier_b_v0.1,"{""axis"": ""semantic"", ""law"": ""stability_law"", ""note"": ""symmetric relation; subject/object reversal keeps truth"", ""relation"": ""touching"", ""transform"": ""sorev""}",,"{""do_sample"": false, ""max_new_tokens"": 5}",tier_b_r1_2b_full,5cc3a4f64f0d09e02b3a49ba7234826aa61d42c9,v0.1
vsr_test:1480,vsr_test:1480,test,sorev,semantic,The horse is next to the person,The person is next to the horse.,next to,horizontal,person,horse,False,False,stability_law,True,False, True.,HuggingFaceTB/SmolVLM2-2.2B-Instruct,,2B_zero_shot,,,,7f29cebb9d06eca06ad0d6c690e4d5a083b71a9c42008f88e92474e3ff0eb98a,eb4075c77285da02c52794154760fa969fb21ab3dcceb0820cb7d2ba27d27471,http://images.cocodataset.org/train2017/000000497579.jpg,http://images.cocodataset.org/train2017/000000497579.jpg,,http://images.cocodataset.org/train2017/000000497579.jpg,sorev,tier_b_v0.1,"{""axis"": ""semantic"", ""law"": ""stability_law"", ""note"": ""symmetric relation; subject/object reversal keeps truth"", ""relation"": ""next to"", ""transform"": ""sorev""}",,"{""do_sample"": false, ""max_new_tokens"": 5}",tier_b_r1_2b_full,5cc3a4f64f0d09e02b3a49ba7234826aa61d42c9,v0.1
vsr_test:1482,vsr_test:1482,test,sorev,semantic,The cow is next to the car,The car is next to the cow.,next to,horizontal,car,cow,False,False,stability_law,True,False, True.,HuggingFaceTB/SmolVLM2-2.2B-Instruct,,2B_zero_shot,,,,7f29cebb9d06eca06ad0d6c690e4d5a083b71a9c42008f88e92474e3ff0eb98a,eb4075c77285da02c52794154760fa969fb21ab3dcceb0820cb7d2ba27d27471,http://images.cocodataset.org/train2017/000000484341.jpg,http://images.cocodataset.org/train2017/000000484341.jpg,,http://images.cocodataset.org/train2017/000000484341.jpg,sorev,tier_b_v0.1,"{""axis"": ""semantic"", ""law"": ""stability_law"", ""note"": ""symmetric relation; subject/object reversal keeps truth"", ""relation"": ""next to"", ""transform"": ""sorev""}",,"{""do_sample"": false, ""max_new_tokens"": 5}",tier_b_r1_2b_full,5cc3a4f64f0d09e02b3a49ba7234826aa61d42c9,v0.1
vsr_test:1491,vsr_test:1491,test,sorev,semantic,The pizza is touching the person,The person is touching the pizza.,touching,topology_contact,person,pizza,True,True,stability_law,True,True, True.,HuggingFaceTB/SmolVLM2-2.2B-Instruct,,2B_zero_shot,,,,7f29cebb9d06eca06ad0d6c690e4d5a083b71a9c42008f88e92474e3ff0eb98a,eb4075c77285da02c52794154760fa969fb21ab3dcceb0820cb7d2ba27d27471,http://images.cocodataset.org/train2017/000000072536.jpg,http://images.cocodataset.org/train2017/000000072536.jpg,,http://images.cocodataset.org/train2017/000000072536.jpg,sorev,tier_b_v0.1,"{""axis"": ""semantic"", ""law"": ""stability_law"", ""note"": ""symmetric relation; subject/object reversal keeps truth"", ""relation"": ""touching"", ""transform"": ""sorev""}",,"{""do_sample"": false, ""max_new_tokens"": 5}",tier_b_r1_2b_full,5cc3a4f64f0d09e02b3a49ba7234826aa61d42c9,v0.1
vsr_test:1492,vsr_test:1492,test,sorev,semantic,The umbrella is touching the person,The person is touching the umbrella.,touching,topology_contact,person,umbrella,False,False,stability_law,True,False, True.,HuggingFaceTB/SmolVLM2-2.2B-Instruct,,2B_zero_shot,,,,7f29cebb9d06eca06ad0d6c690e4d5a083b71a9c42008f88e92474e3ff0eb98a,eb4075c77285da02c52794154760fa969fb21ab3dcceb0820cb7d2ba27d27471,http://images.cocodataset.org/val2017/000000198489.jpg,http://images.cocodataset.org/val2017/000000198489.jpg,,http://images.cocodataset.org/val2017/000000198489.jpg,sorev,tier_b_v0.1,"{""axis"": ""semantic"", ""law"": ""stability_law"", ""note"": ""symmetric relation; subject/object reversal keeps truth"", ""relation"": ""touching"", ""transform"": ""sorev""}",,"{""do_sample"": false, ""max_new_tokens"": 5}",tier_b_r1_2b_full,5cc3a4f64f0d09e02b3a49ba7234826aa61d42c9,v0.1
vsr_test:1495,vsr_test:1495,test,sorev,semantic,The dog is next to the cat,The cat is next to the dog.,next to,horizontal,cat,dog,False,False,stability_law,False,True, False.,HuggingFaceTB/SmolVLM2-2.2B-Instruct,,2B_zero_shot,,,,7f29cebb9d06eca06ad0d6c690e4d5a083b71a9c42008f88e92474e3ff0eb98a,eb4075c77285da02c52794154760fa969fb21ab3dcceb0820cb7d2ba27d27471,http://images.cocodataset.org/train2017/000000410252.jpg,http://images.cocodataset.org/train2017/000000410252.jpg,,http://images.cocodataset.org/train2017/000000410252.jpg,sorev,tier_b_v0.1,"{""axis"": ""semantic"", ""law"": ""stability_law"", ""note"": ""symmetric relation; subject/object reversal keeps truth"", ""relation"": ""next to"", ""transform"": ""sorev""}",,"{""do_sample"": false, ""max_new_tokens"": 5}",tier_b_r1_2b_full,5cc3a4f64f0d09e02b3a49ba7234826aa61d42c9,v0.1
vsr_test:1505,vsr_test:1505,test,sorev,semantic,The airplane is close to the bicycle,The bicycle is close to the airplane.,close to,proximity,bicycle,airplane,True,True,stability_law,True,True, True.,HuggingFaceTB/SmolVLM2-2.2B-Instruct,,2B_zero_shot,,,,7f29cebb9d06eca06ad0d6c690e4d5a083b71a9c42008f88e92474e3ff0eb98a,eb4075c77285da02c52794154760fa969fb21ab3dcceb0820cb7d2ba27d27471,http://images.cocodataset.org/train2017/000000029299.jpg,http://images.cocodataset.org/train2017/000000029299.jpg,,http://images.cocodataset.org/train2017/000000029299.jpg,sorev,tier_b_v0.1,"{""axis"": ""semantic"", ""law"": ""stability_law"", ""note"": ""symmetric relation; subject/object reversal keeps truth"", ""relation"": ""close to"", ""transform"": ""sorev""}",,"{""do_sample"": false, ""max_new_tokens"": 5}",tier_b_r1_2b_full,5cc3a4f64f0d09e02b3a49ba7234826aa61d42c9,v0.1
vsr_test:1508,vsr_test:1508,test,sorev,semantic,The cake is touching the person,The person is touching the cake.,touching,topology_contact,person,cake,False,False,stability_law,False,True, False.,HuggingFaceTB/SmolVLM2-2.2B-Instruct,,2B_zero_shot,,,,7f29cebb9d06eca06ad0d6c690e4d5a083b71a9c42008f88e92474e3ff0eb98a,eb4075c77285da02c52794154760fa969fb21ab3dcceb0820cb7d2ba27d27471,http://images.cocodataset.org/train2017/000000206049.jpg,http://images.cocodataset.org/train2017/000000206049.jpg,,http://images.cocodataset.org/train2017/000000206049.jpg,sorev,tier_b_v0.1,"{""axis"": ""semantic"", ""law"": ""stability_law"", ""note"": ""symmetric relation; subject/object reversal keeps truth"", ""relation"": ""touching"", ""transform"": ""sorev""}",,"{""do_sample"": false, ""max_new_tokens"": 5}",tier_b_r1_2b_full,5cc3a4f64f0d09e02b3a49ba7234826aa61d42c9,v0.1
vsr_test:1509,vsr_test:1509,test,sorev,semantic,The boat is far from the person,The person is far from the boat.,far from,proximity,person,boat,True,True,stability_law,True,True, True.,HuggingFaceTB/SmolVLM2-2.2B-Instruct,,2B_zero_shot,,,,7f29cebb9d06eca06ad0d6c690e4d5a083b71a9c42008f88e92474e3ff0eb98a,eb4075c77285da02c52794154760fa969fb21ab3dcceb0820cb7d2ba27d27471,http://images.cocodataset.org/train2017/000000055388.jpg,http://images.cocodataset.org/train2017/000000055388.jpg,,http://images.cocodataset.org/train2017/000000055388.jpg,sorev,tier_b_v0.1,"{""axis"": ""semantic"", ""law"": ""stability_law"", ""note"": ""symmetric relation; subject/object reversal keeps truth"", ""relation"": ""far from"", ""transform"": ""sorev""}",,"{""do_sample"": false, ""max_new_tokens"": 5}",tier_b_r1_2b_full,5cc3a4f64f0d09e02b3a49ba7234826aa61d42c9,v0.1
vsr_test:1514,vsr_test:1514,test,sorev,semantic,The dining table is connected to the apple,The apple is connected to the dining table.,connected to,topology_contact,apple,dining table,False,False,stability_law,False,True, False.,HuggingFaceTB/SmolVLM2-2.2B-Instruct,,2B_zero_shot,,,,7f29cebb9d06eca06ad0d6c690e4d5a083b71a9c42008f88e92474e3ff0eb98a,eb4075c77285da02c52794154760fa969fb21ab3dcceb0820cb7d2ba27d27471,http://images.cocodataset.org/train2017/000000445565.jpg,http://images.cocodataset.org/train2017/000000445565.jpg,,http://images.cocodataset.org/train2017/000000445565.jpg,sorev,tier_b_v0.1,"{""axis"": ""semantic"", ""law"": ""stability_law"", ""note"": ""symmetric relation; subject/object reversal keeps truth"", ""relation"": ""connected to"", ""transform"": ""sorev""}",,"{""do_sample"": false, ""max_new_tokens"": 5}",tier_b_r1_2b_full,5cc3a4f64f0d09e02b3a49ba7234826aa61d42c9,v0.1
vsr_test:1519,vsr_test:1519,test,sorev,semantic,The pizza is touching the person,The person is touching the pizza.,touching,topology_contact,person,pizza,False,False,stability_law,True,False, True.,HuggingFaceTB/SmolVLM2-2.2B-Instruct,,2B_zero_shot,,,,7f29cebb9d06eca06ad0d6c690e4d5a083b71a9c42008f88e92474e3ff0eb98a,eb4075c77285da02c52794154760fa969fb21ab3dcceb0820cb7d2ba27d27471,http://images.cocodataset.org/train2017/000000049746.jpg,http://images.cocodataset.org/train2017/000000049746.jpg,,http://images.cocodataset.org/train2017/000000049746.jpg,sorev,tier_b_v0.1,"{""axis"": ""semantic"", ""law"": ""stability_law"", ""note"": ""symmetric relation; subject/object reversal keeps truth"", ""relation"": ""touching"", ""transform"": ""sorev""}",,"{""do_sample"": false, ""max_new_tokens"": 5}",tier_b_r1_2b_full,5cc3a4f64f0d09e02b3a49ba7234826aa61d42c9,v0.1
vsr_test:1521,vsr_test:1521,test,sorev,semantic,The parking meter is far away from the bus,The bus is far away from the parking meter.,far away from,proximity,bus,parking meter,True,True,stability_law,False,False, False.,HuggingFaceTB/SmolVLM2-2.2B-Instruct,,2B_zero_shot,,,,7f29cebb9d06eca06ad0d6c690e4d5a083b71a9c42008f88e92474e3ff0eb98a,eb4075c77285da02c52794154760fa969fb21ab3dcceb0820cb7d2ba27d27471,http://images.cocodataset.org/train2017/000000135023.jpg,http://images.cocodataset.org/train2017/000000135023.jpg,,http://images.cocodataset.org/train2017/000000135023.jpg,sorev,tier_b_v0.1,"{""axis"": ""semantic"", ""law"": ""stability_law"", ""note"": ""symmetric relation; subject/object reversal keeps truth"", ""relation"": ""far away from"", ""transform"": ""sorev""}",,"{""do_sample"": false, ""max_new_tokens"": 5}",tier_b_r1_2b_full,5cc3a4f64f0d09e02b3a49ba7234826aa61d42c9,v0.1
vsr_test:1522,vsr_test:1522,test,sorev,semantic,The oven is far away from the hot dog,The hot dog is far away from the oven.,far away from,proximity,hot dog,oven,True,True,stability_law,False,False, False.,HuggingFaceTB/SmolVLM2-2.2B-Instruct,,2B_zero_shot,,,,7f29cebb9d06eca06ad0d6c690e4d5a083b71a9c42008f88e92474e3ff0eb98a,eb4075c77285da02c52794154760fa969fb21ab3dcceb0820cb7d2ba27d27471,http://images.cocodataset.org/train2017/000000058677.jpg,http://images.cocodataset.org/train2017/000000058677.jpg,,http://images.cocodataset.org/train2017/000000058677.jpg,sorev,tier_b_v0.1,"{""axis"": ""semantic"", ""law"": ""stability_law"", ""note"": ""symmetric relation; subject/object reversal keeps truth"", ""relation"": ""far away from"", ""transform"": ""sorev""}",,"{""do_sample"": false, ""max_new_tokens"": 5}",tier_b_r1_2b_full,5cc3a4f64f0d09e02b3a49ba7234826aa61d42c9,v0.1
vsr_test:1524,vsr_test:1524,test,sorev,semantic,The bowl is touching the dining table,The dining table is touching the bowl.,touching,topology_contact,dining table,bowl,True,True,stability_law,False,False, False.,HuggingFaceTB/SmolVLM2-2.2B-Instruct,,2B_zero_shot,,,,7f29cebb9d06eca06ad0d6c690e4d5a083b71a9c42008f88e92474e3ff0eb98a,eb4075c77285da02c52794154760fa969fb21ab3dcceb0820cb7d2ba27d27471,http://images.cocodataset.org/train2017/000000011504.jpg,http://images.cocodataset.org/train2017/000000011504.jpg,,http://images.cocodataset.org/train2017/000000011504.jpg,sorev,tier_b_v0.1,"{""axis"": ""semantic"", ""law"": ""stability_law"", ""note"": ""symmetric relation; subject/object reversal keeps truth"", ""relation"": ""touching"", ""transform"": ""sorev""}",,"{""do_sample"": false, ""max_new_tokens"": 5}",tier_b_r1_2b_full,5cc3a4f64f0d09e02b3a49ba7234826aa61d42c9,v0.1
vsr_test:1531,vsr_test:1531,test,sorev,semantic,The apple is touching the person,The person is touching the apple.,touching,topology_contact,person,apple,False,False,stability_law,False,True, False.,HuggingFaceTB/SmolVLM2-2.2B-Instruct,,2B_zero_shot,,,,7f29cebb9d06eca06ad0d6c690e4d5a083b71a9c42008f88e92474e3ff0eb98a,eb4075c77285da02c52794154760fa969fb21ab3dcceb0820cb7d2ba27d27471,http://images.cocodataset.org/train2017/000000066746.jpg,http://images.cocodataset.org/train2017/000000066746.jpg,,http://images.cocodataset.org/train2017/000000066746.jpg,sorev,tier_b_v0.1,"{""axis"": ""semantic"", ""law"": ""stability_law"", ""note"": ""symmetric relation; subject/object reversal keeps truth"", ""relation"": ""touching"", ""transform"": ""sorev""}",,"{""do_sample"": false, ""max_new_tokens"": 5}",tier_b_r1_2b_full,5cc3a4f64f0d09e02b3a49ba7234826aa61d42c9,v0.1
vsr_test:1536,vsr_test:1536,test,sorev,semantic,The couch is touching the teddy bear,The teddy bear is touching the couch.,touching,topology_contact,teddy bear,couch,True,True,stability_law,True,True, True.,HuggingFaceTB/SmolVLM2-2.2B-Instruct,,2B_zero_shot,,,,7f29cebb9d06eca06ad0d6c690e4d5a083b71a9c42008f88e92474e3ff0eb98a,eb4075c77285da02c52794154760fa969fb21ab3dcceb0820cb7d2ba27d27471,http://images.cocodataset.org/train2017/000000256285.jpg,http://images.cocodataset.org/train2017/000000256285.jpg,,http://images.cocodataset.org/train2017/000000256285.jpg,sorev,tier_b_v0.1,"{""axis"": ""semantic"", ""law"": ""stability_law"", ""note"": ""symmetric relation; subject/object reversal keeps truth"", ""relation"": ""touching"", ""transform"": ""sorev""}",,"{""do_sample"": false, ""max_new_tokens"": 5}",tier_b_r1_2b_full,5cc3a4f64f0d09e02b3a49ba7234826aa61d42c9,v0.1
vsr_test:1538,vsr_test:1538,test,sorev,semantic,The horse is touching the person,The person is touching the horse.,touching,topology_contact,person,horse,False,False,stability_law,True,False, True.,HuggingFaceTB/SmolVLM2-2.2B-Instruct,,2B_zero_shot,,,,7f29cebb9d06eca06ad0d6c690e4d5a083b71a9c42008f88e92474e3ff0eb98a,eb4075c77285da02c52794154760fa969fb21ab3dcceb0820cb7d2ba27d27471,http://images.cocodataset.org/train2017/000000520449.jpg,http://images.cocodataset.org/train2017/000000520449.jpg,,http://images.cocodataset.org/train2017/000000520449.jpg,sorev,tier_b_v0.1,"{""axis"": ""semantic"", ""law"": ""stability_law"", ""note"": ""symmetric relation; subject/object reversal keeps truth"", ""relation"": ""touching"", ""transform"": ""sorev""}",,"{""do_sample"": false, ""max_new_tokens"": 5}",tier_b_r1_2b_full,5cc3a4f64f0d09e02b3a49ba7234826aa61d42c9,v0.1
vsr_test:1539,vsr_test:1539,test,sorev,semantic,The couch is touching the laptop,The laptop is touching the couch.,touching,topology_contact,laptop,couch,True,True,stability_law,True,True, True.,HuggingFaceTB/SmolVLM2-2.2B-Instruct,,2B_zero_shot,,,,7f29cebb9d06eca06ad0d6c690e4d5a083b71a9c42008f88e92474e3ff0eb98a,eb4075c77285da02c52794154760fa969fb21ab3dcceb0820cb7d2ba27d27471,http://images.cocodataset.org/train2017/000000304434.jpg,http://images.cocodataset.org/train2017/000000304434.jpg,,http://images.cocodataset.org/train2017/000000304434.jpg,sorev,tier_b_v0.1,"{""axis"": ""semantic"", ""law"": ""stability_law"", ""note"": ""symmetric relation; subject/object reversal keeps truth"", ""relation"": ""touching"", ""transform"": ""sorev""}",,"{""do_sample"": false, ""max_new_tokens"": 5}",tier_b_r1_2b_full,5cc3a4f64f0d09e02b3a49ba7234826aa61d42c9,v0.1
vsr_test:1546,vsr_test:1546,test,sorev,semantic,The donut is touching the bowl,The bowl is touching the donut.,touching,topology_contact,bowl,donut,True,True,stability_law,True,True, True.,HuggingFaceTB/SmolVLM2-2.2B-Instruct,,2B_zero_shot,,,,7f29cebb9d06eca06ad0d6c690e4d5a083b71a9c42008f88e92474e3ff0eb98a,eb4075c77285da02c52794154760fa969fb21ab3dcceb0820cb7d2ba27d27471,http://images.cocodataset.org/train2017/000000198396.jpg,http://images.cocodataset.org/train2017/000000198396.jpg,,http://images.cocodataset.org/train2017/000000198396.jpg,sorev,tier_b_v0.1,"{""axis"": ""semantic"", ""law"": ""stability_law"", ""note"": ""symmetric relation; subject/object reversal keeps truth"", ""relation"": ""touching"", ""transform"": ""sorev""}",,"{""do_sample"": false, ""max_new_tokens"": 5}",tier_b_r1_2b_full,5cc3a4f64f0d09e02b3a49ba7234826aa61d42c9,v0.1
vsr_test:1549,vsr_test:1549,test,sorev,semantic,The truck is close to the sheep,The sheep is close to the truck.,close to,proximity,sheep,truck,True,True,stability_law,False,False, False.,HuggingFaceTB/SmolVLM2-2.2B-Instruct,,2B_zero_shot,,,,7f29cebb9d06eca06ad0d6c690e4d5a083b71a9c42008f88e92474e3ff0eb98a,eb4075c77285da02c52794154760fa969fb21ab3dcceb0820cb7d2ba27d27471,http://images.cocodataset.org/train2017/000000080522.jpg,http://images.cocodataset.org/train2017/000000080522.jpg,,http://images.cocodataset.org/train2017/000000080522.jpg,sorev,tier_b_v0.1,"{""axis"": ""semantic"", ""law"": ""stability_law"", ""note"": ""symmetric relation; subject/object reversal keeps truth"", ""relation"": ""close to"", ""transform"": ""sorev""}",,"{""do_sample"": false, ""max_new_tokens"": 5}",tier_b_r1_2b_full,5cc3a4f64f0d09e02b3a49ba7234826aa61d42c9,v0.1
vsr_test:1551,vsr_test:1551,test,sorev,semantic,The pizza is across from the potted plant,The potted plant is across from the pizza.,across from,horizontal,potted plant,pizza,False,False,stability_law,False,True, False.,HuggingFaceTB/SmolVLM2-2.2B-Instruct,,2B_zero_shot,,,,7f29cebb9d06eca06ad0d6c690e4d5a083b71a9c42008f88e92474e3ff0eb98a,eb4075c77285da02c52794154760fa969fb21ab3dcceb0820cb7d2ba27d27471,http://images.cocodataset.org/train2017/000000578344.jpg,http://images.cocodataset.org/train2017/000000578344.jpg,,http://images.cocodataset.org/train2017/000000578344.jpg,sorev,tier_b_v0.1,"{""axis"": ""semantic"", ""law"": ""stability_law"", ""note"": ""symmetric relation; subject/object reversal keeps truth"", ""relation"": ""across from"", ""transform"": ""sorev""}",,"{""do_sample"": false, ""max_new_tokens"": 5}",tier_b_r1_2b_full,5cc3a4f64f0d09e02b3a49ba7234826aa61d42c9,v0.1
vsr_test:1558,vsr_test:1558,test,sorev,semantic,The truck is opposite to the motorcycle,The motorcycle is opposite to the truck.,opposite to,other,motorcycle,truck,False,False,stability_law,False,True, False.,HuggingFaceTB/SmolVLM2-2.2B-Instruct,,2B_zero_shot,,,,7f29cebb9d06eca06ad0d6c690e4d5a083b71a9c42008f88e92474e3ff0eb98a,eb4075c77285da02c52794154760fa969fb21ab3dcceb0820cb7d2ba27d27471,http://images.cocodataset.org/train2017/000000149755.jpg,http://images.cocodataset.org/train2017/000000149755.jpg,,http://images.cocodataset.org/train2017/000000149755.jpg,sorev,tier_b_v0.1,"{""axis"": ""semantic"", ""law"": ""stability_law"", ""note"": ""symmetric relation; subject/object reversal keeps truth"", ""relation"": ""opposite to"", ""transform"": ""sorev""}",,"{""do_sample"": false, ""max_new_tokens"": 5}",tier_b_r1_2b_full,5cc3a4f64f0d09e02b3a49ba7234826aa61d42c9,v0.1
vsr_test:1560,vsr_test:1560,test,sorev,semantic,The parking meter is next to the car,The car is next to the parking meter.,next to,horizontal,car,parking meter,True,True,stability_law,True,True, True.,HuggingFaceTB/SmolVLM2-2.2B-Instruct,,2B_zero_shot,,,,7f29cebb9d06eca06ad0d6c690e4d5a083b71a9c42008f88e92474e3ff0eb98a,eb4075c77285da02c52794154760fa969fb21ab3dcceb0820cb7d2ba27d27471,http://images.cocodataset.org/train2017/000000550019.jpg,http://images.cocodataset.org/train2017/000000550019.jpg,,http://images.cocodataset.org/train2017/000000550019.jpg,sorev,tier_b_v0.1,"{""axis"": ""semantic"", ""law"": ""stability_law"", ""note"": ""symmetric relation; subject/object reversal keeps truth"", ""relation"": ""next to"", ""transform"": ""sorev""}",,"{""do_sample"": false, ""max_new_tokens"": 5}",tier_b_r1_2b_full,5cc3a4f64f0d09e02b3a49ba7234826aa61d42c9,v0.1
vsr_test:1561,vsr_test:1561,test,sorev,semantic,The person is far away from the car,The car is far away from the person.,far away from,proximity,car,person,False,False,stability_law,False,True, False.,HuggingFaceTB/SmolVLM2-2.2B-Instruct,,2B_zero_shot,,,,7f29cebb9d06eca06ad0d6c690e4d5a083b71a9c42008f88e92474e3ff0eb98a,eb4075c77285da02c52794154760fa969fb21ab3dcceb0820cb7d2ba27d27471,http://images.cocodataset.org/train2017/000000228330.jpg,http://images.cocodataset.org/train2017/000000228330.jpg,,http://images.cocodataset.org/train2017/000000228330.jpg,sorev,tier_b_v0.1,"{""axis"": ""semantic"", ""law"": ""stability_law"", ""note"": ""symmetric relation; subject/object reversal keeps truth"", ""relation"": ""far away from"", ""transform"": ""sorev""}",,"{""do_sample"": false, ""max_new_tokens"": 5}",tier_b_r1_2b_full,5cc3a4f64f0d09e02b3a49ba7234826aa61d42c9,v0.1
vsr_test:1573,vsr_test:1573,test,sorev,semantic,The truck is far away from the dining table,The dining table is far away from the truck.,far away from,proximity,dining table,truck,True,True,stability_law,False,False, False.,HuggingFaceTB/SmolVLM2-2.2B-Instruct,,2B_zero_shot,,,,7f29cebb9d06eca06ad0d6c690e4d5a083b71a9c42008f88e92474e3ff0eb98a,eb4075c77285da02c52794154760fa969fb21ab3dcceb0820cb7d2ba27d27471,http://images.cocodataset.org/train2017/000000253959.jpg,http://images.cocodataset.org/train2017/000000253959.jpg,,http://images.cocodataset.org/train2017/000000253959.jpg,sorev,tier_b_v0.1,"{""axis"": ""semantic"", ""law"": ""stability_law"", ""note"": ""symmetric relation; subject/object reversal keeps truth"", ""relation"": ""far away from"", ""transform"": ""sorev""}",,"{""do_sample"": false, ""max_new_tokens"": 5}",tier_b_r1_2b_full,5cc3a4f64f0d09e02b3a49ba7234826aa61d42c9,v0.1
vsr_test:1577,vsr_test:1577,test,sorev,semantic,The bear is touching the car,The car is touching the bear.,touching,topology_contact,car,bear,True,True,stability_law,True,True, True.,HuggingFaceTB/SmolVLM2-2.2B-Instruct,,2B_zero_shot,,,,7f29cebb9d06eca06ad0d6c690e4d5a083b71a9c42008f88e92474e3ff0eb98a,eb4075c77285da02c52794154760fa969fb21ab3dcceb0820cb7d2ba27d27471,http://images.cocodataset.org/train2017/000000357859.jpg,http://images.cocodataset.org/train2017/000000357859.jpg,,http://images.cocodataset.org/train2017/000000357859.jpg,sorev,tier_b_v0.1,"{""axis"": ""semantic"", ""law"": ""stability_law"", ""note"": ""symmetric relation; subject/object reversal keeps truth"", ""relation"": ""touching"", ""transform"": ""sorev""}",,"{""do_sample"": false, ""max_new_tokens"": 5}",tier_b_r1_2b_full,5cc3a4f64f0d09e02b3a49ba7234826aa61d42c9,v0.1
vsr_test:1580,vsr_test:1580,test,sorev,semantic,The tv is far away from the boat,The boat is far away from the tv.,far away from,proximity,boat,tv,False,False,stability_law,False,True, False.,HuggingFaceTB/SmolVLM2-2.2B-Instruct,,2B_zero_shot,,,,7f29cebb9d06eca06ad0d6c690e4d5a083b71a9c42008f88e92474e3ff0eb98a,eb4075c77285da02c52794154760fa969fb21ab3dcceb0820cb7d2ba27d27471,http://images.cocodataset.org/train2017/000000344507.jpg,http://images.cocodataset.org/train2017/000000344507.jpg,,http://images.cocodataset.org/train2017/000000344507.jpg,sorev,tier_b_v0.1,"{""axis"": ""semantic"", ""law"": ""stability_law"", ""note"": ""symmetric relation; subject/object reversal keeps truth"", ""relation"": ""far away from"", ""transform"": ""sorev""}",,"{""do_sample"": false, ""max_new_tokens"": 5}",tier_b_r1_2b_full,5cc3a4f64f0d09e02b3a49ba7234826aa61d42c9,v0.1
vsr_test:1581,vsr_test:1581,test,sorev,semantic,The bed is touching the laptop,The laptop is touching the bed.,touching,topology_contact,laptop,bed,True,True,stability_law,True,True, True.,HuggingFaceTB/SmolVLM2-2.2B-Instruct,,2B_zero_shot,,,,7f29cebb9d06eca06ad0d6c690e4d5a083b71a9c42008f88e92474e3ff0eb98a,eb4075c77285da02c52794154760fa969fb21ab3dcceb0820cb7d2ba27d27471,http://images.cocodataset.org/train2017/000000449850.jpg,http://images.cocodataset.org/train2017/000000449850.jpg,,http://images.cocodataset.org/train2017/000000449850.jpg,sorev,tier_b_v0.1,"{""axis"": ""semantic"", ""law"": ""stability_law"", ""note"": ""symmetric relation; subject/object reversal keeps truth"", ""relation"": ""touching"", ""transform"": ""sorev""}",,"{""do_sample"": false, ""max_new_tokens"": 5}",tier_b_r1_2b_full,5cc3a4f64f0d09e02b3a49ba7234826aa61d42c9,v0.1
vsr_test:1584,vsr_test:1584,test,sorev,semantic,The bird is touching the bowl,The bowl is touching the bird.,touching,topology_contact,bowl,bird,True,True,stability_law,True,True, True.,HuggingFaceTB/SmolVLM2-2.2B-Instruct,,2B_zero_shot,,,,7f29cebb9d06eca06ad0d6c690e4d5a083b71a9c42008f88e92474e3ff0eb98a,eb4075c77285da02c52794154760fa969fb21ab3dcceb0820cb7d2ba27d27471,http://images.cocodataset.org/train2017/000000388905.jpg,http://images.cocodataset.org/train2017/000000388905.jpg,,http://images.cocodataset.org/train2017/000000388905.jpg,sorev,tier_b_v0.1,"{""axis"": ""semantic"", ""law"": ""stability_law"", ""note"": ""symmetric relation; subject/object reversal keeps truth"", ""relation"": ""touching"", ""transform"": ""sorev""}",,"{""do_sample"": false, ""max_new_tokens"": 5}",tier_b_r1_2b_full,5cc3a4f64f0d09e02b3a49ba7234826aa61d42c9,v0.1
vsr_test:1588,vsr_test:1588,test,sorev,semantic,The person is touching the airplane,The airplane is touching the person.,touching,topology_contact,airplane,person,True,True,stability_law,True,True, True.,HuggingFaceTB/SmolVLM2-2.2B-Instruct,,2B_zero_shot,,,,7f29cebb9d06eca06ad0d6c690e4d5a083b71a9c42008f88e92474e3ff0eb98a,eb4075c77285da02c52794154760fa969fb21ab3dcceb0820cb7d2ba27d27471,http://images.cocodataset.org/train2017/000000432947.jpg,http://images.cocodataset.org/train2017/000000432947.jpg,,http://images.cocodataset.org/train2017/000000432947.jpg,sorev,tier_b_v0.1,"{""axis"": ""semantic"", ""law"": ""stability_law"", ""note"": ""symmetric relation; subject/object reversal keeps truth"", ""relation"": ""touching"", ""transform"": ""sorev""}",,"{""do_sample"": false, ""max_new_tokens"": 5}",tier_b_r1_2b_full,5cc3a4f64f0d09e02b3a49ba7234826aa61d42c9,v0.1
vsr_test:1603,vsr_test:1603,test,sorev,semantic,The bicycle is away from the bed,The bed is away from the bicycle.,away from,proximity,bed,bicycle,False,False,stability_law,True,False, True.,HuggingFaceTB/SmolVLM2-2.2B-Instruct,,2B_zero_shot,,,,7f29cebb9d06eca06ad0d6c690e4d5a083b71a9c42008f88e92474e3ff0eb98a,eb4075c77285da02c52794154760fa969fb21ab3dcceb0820cb7d2ba27d27471,http://images.cocodataset.org/val2017/000000274687.jpg,http://images.cocodataset.org/val2017/000000274687.jpg,,http://images.cocodataset.org/val2017/000000274687.jpg,sorev,tier_b_v0.1,"{""axis"": ""semantic"", ""law"": ""stability_law"", ""note"": ""symmetric relation; subject/object reversal keeps truth"", ""relation"": ""away from"", ""transform"": ""sorev""}",,"{""do_sample"": false, ""max_new_tokens"": 5}",tier_b_r1_2b_full,5cc3a4f64f0d09e02b3a49ba7234826aa61d42c9,v0.1
vsr_test:1605,vsr_test:1605,test,sorev,semantic,The dog is touching the sheep,The sheep is touching the dog.,touching,topology_contact,sheep,dog,False,False,stability_law,False,True, False.,HuggingFaceTB/SmolVLM2-2.2B-Instruct,,2B_zero_shot,,,,7f29cebb9d06eca06ad0d6c690e4d5a083b71a9c42008f88e92474e3ff0eb98a,eb4075c77285da02c52794154760fa969fb21ab3dcceb0820cb7d2ba27d27471,http://images.cocodataset.org/train2017/000000473676.jpg,http://images.cocodataset.org/train2017/000000473676.jpg,,http://images.cocodataset.org/train2017/000000473676.jpg,sorev,tier_b_v0.1,"{""axis"": ""semantic"", ""law"": ""stability_law"", ""note"": ""symmetric relation; subject/object reversal keeps truth"", ""relation"": ""touching"", ""transform"": ""sorev""}",,"{""do_sample"": false, ""max_new_tokens"": 5}",tier_b_r1_2b_full,5cc3a4f64f0d09e02b3a49ba7234826aa61d42c9,v0.1
vsr_test:1606,vsr_test:1606,test,sorev,semantic,The book is touching the bird,The bird is touching the book.,touching,topology_contact,bird,book,True,True,stability_law,True,True, True.,HuggingFaceTB/SmolVLM2-2.2B-Instruct,,2B_zero_shot,,,,7f29cebb9d06eca06ad0d6c690e4d5a083b71a9c42008f88e92474e3ff0eb98a,eb4075c77285da02c52794154760fa969fb21ab3dcceb0820cb7d2ba27d27471,http://images.cocodataset.org/val2017/000000542776.jpg,http://images.cocodataset.org/val2017/000000542776.jpg,,http://images.cocodataset.org/val2017/000000542776.jpg,sorev,tier_b_v0.1,"{""axis"": ""semantic"", ""law"": ""stability_law"", ""note"": ""symmetric relation; subject/object reversal keeps truth"", ""relation"": ""touching"", ""transform"": ""sorev""}",,"{""do_sample"": false, ""max_new_tokens"": 5}",tier_b_r1_2b_full,5cc3a4f64f0d09e02b3a49ba7234826aa61d42c9,v0.1
vsr_test:1607,vsr_test:1607,test,sorev,semantic,The backpack is beside the cat,The cat is beside the backpack.,beside,horizontal,cat,backpack,True,True,stability_law,True,True, True.,HuggingFaceTB/SmolVLM2-2.2B-Instruct,,2B_zero_shot,,,,7f29cebb9d06eca06ad0d6c690e4d5a083b71a9c42008f88e92474e3ff0eb98a,eb4075c77285da02c52794154760fa969fb21ab3dcceb0820cb7d2ba27d27471,http://images.cocodataset.org/train2017/000000449770.jpg,http://images.cocodataset.org/train2017/000000449770.jpg,,http://images.cocodataset.org/train2017/000000449770.jpg,sorev,tier_b_v0.1,"{""axis"": ""semantic"", ""law"": ""stability_law"", ""note"": ""symmetric relation; subject/object reversal keeps truth"", ""relation"": ""beside"", ""transform"": ""sorev""}",,"{""do_sample"": false, ""max_new_tokens"": 5}",tier_b_r1_2b_full,5cc3a4f64f0d09e02b3a49ba7234826aa61d42c9,v0.1
vsr_test:1609,vsr_test:1609,test,sorev,semantic,The fire hydrant is touching the teddy bear,The teddy bear is touching the fire hydrant.,touching,topology_contact,teddy bear,fire hydrant,False,False,stability_law,False,True, False.,HuggingFaceTB/SmolVLM2-2.2B-Instruct,,2B_zero_shot,,,,7f29cebb9d06eca06ad0d6c690e4d5a083b71a9c42008f88e92474e3ff0eb98a,eb4075c77285da02c52794154760fa969fb21ab3dcceb0820cb7d2ba27d27471,http://images.cocodataset.org/train2017/000000246831.jpg,http://images.cocodataset.org/train2017/000000246831.jpg,,http://images.cocodataset.org/train2017/000000246831.jpg,sorev,tier_b_v0.1,"{""axis"": ""semantic"", ""law"": ""stability_law"", ""note"": ""symmetric relation; subject/object reversal keeps truth"", ""relation"": ""touching"", ""transform"": ""sorev""}",,"{""do_sample"": false, ""max_new_tokens"": 5}",tier_b_r1_2b_full,5cc3a4f64f0d09e02b3a49ba7234826aa61d42c9,v0.1
vsr_test:1610,vsr_test:1610,test,sorev,semantic,The dog is with the person,The person is with the dog.,with,other,person,dog,True,True,stability_law,True,True, True.,HuggingFaceTB/SmolVLM2-2.2B-Instruct,,2B_zero_shot,,,,7f29cebb9d06eca06ad0d6c690e4d5a083b71a9c42008f88e92474e3ff0eb98a,eb4075c77285da02c52794154760fa969fb21ab3dcceb0820cb7d2ba27d27471,http://images.cocodataset.org/train2017/000000423267.jpg,http://images.cocodataset.org/train2017/000000423267.jpg,,http://images.cocodataset.org/train2017/000000423267.jpg,sorev,tier_b_v0.1,"{""axis"": ""semantic"", ""law"": ""stability_law"", ""note"": ""symmetric relation; subject/object reversal keeps truth"", ""relation"": ""with"", ""transform"": ""sorev""}",,"{""do_sample"": false, ""max_new_tokens"": 5}",tier_b_r1_2b_full,5cc3a4f64f0d09e02b3a49ba7234826aa61d42c9,v0.1
vsr_test:1613,vsr_test:1613,test,sorev,semantic,The cat is next to the apple,The apple is next to the cat.,next to,horizontal,apple,cat,False,False,stability_law,False,True, False.,HuggingFaceTB/SmolVLM2-2.2B-Instruct,,2B_zero_shot,,,,7f29cebb9d06eca06ad0d6c690e4d5a083b71a9c42008f88e92474e3ff0eb98a,eb4075c77285da02c52794154760fa969fb21ab3dcceb0820cb7d2ba27d27471,http://images.cocodataset.org/train2017/000000389011.jpg,http://images.cocodataset.org/train2017/000000389011.jpg,,http://images.cocodataset.org/train2017/000000389011.jpg,sorev,tier_b_v0.1,"{""axis"": ""semantic"", ""law"": ""stability_law"", ""note"": ""symmetric relation; subject/object reversal keeps truth"", ""relation"": ""next to"", ""transform"": ""sorev""}",,"{""do_sample"": false, ""max_new_tokens"": 5}",tier_b_r1_2b_full,5cc3a4f64f0d09e02b3a49ba7234826aa61d42c9,v0.1
vsr_test:1619,vsr_test:1619,test,sorev,semantic,The stop sign is far away from the train,The train is far away from the stop sign.,far away from,proximity,train,stop sign,True,True,stability_law,True,True, True.,HuggingFaceTB/SmolVLM2-2.2B-Instruct,,2B_zero_shot,,,,7f29cebb9d06eca06ad0d6c690e4d5a083b71a9c42008f88e92474e3ff0eb98a,eb4075c77285da02c52794154760fa969fb21ab3dcceb0820cb7d2ba27d27471,http://images.cocodataset.org/train2017/000000355357.jpg,http://images.cocodataset.org/train2017/000000355357.jpg,,http://images.cocodataset.org/train2017/000000355357.jpg,sorev,tier_b_v0.1,"{""axis"": ""semantic"", ""law"": ""stability_law"", ""note"": ""symmetric relation; subject/object reversal keeps truth"", ""relation"": ""far away from"", ""transform"": ""sorev""}",,"{""do_sample"": false, ""max_new_tokens"": 5}",tier_b_r1_2b_full,5cc3a4f64f0d09e02b3a49ba7234826aa61d42c9,v0.1
vsr_test:1622,vsr_test:1622,test,sorev,semantic,The person is touching the bear,The bear is touching the person.,touching,topology_contact,bear,person,False,False,stability_law,False,True, False.,HuggingFaceTB/SmolVLM2-2.2B-Instruct,,2B_zero_shot,,,,7f29cebb9d06eca06ad0d6c690e4d5a083b71a9c42008f88e92474e3ff0eb98a,eb4075c77285da02c52794154760fa969fb21ab3dcceb0820cb7d2ba27d27471,http://images.cocodataset.org/val2017/000000341094.jpg,http://images.cocodataset.org/val2017/000000341094.jpg,,http://images.cocodataset.org/val2017/000000341094.jpg,sorev,tier_b_v0.1,"{""axis"": ""semantic"", ""law"": ""stability_law"", ""note"": ""symmetric relation; subject/object reversal keeps truth"", ""relation"": ""touching"", ""transform"": ""sorev""}",,"{""do_sample"": false, ""max_new_tokens"": 5}",tier_b_r1_2b_full,5cc3a4f64f0d09e02b3a49ba7234826aa61d42c9,v0.1
vsr_test:1626,vsr_test:1626,test,sorev,semantic,The bench is far from the giraffe,The giraffe is far from the bench.,far from,proximity,giraffe,bench,True,True,stability_law,False,False, False.,HuggingFaceTB/SmolVLM2-2.2B-Instruct,,2B_zero_shot,,,,7f29cebb9d06eca06ad0d6c690e4d5a083b71a9c42008f88e92474e3ff0eb98a,eb4075c77285da02c52794154760fa969fb21ab3dcceb0820cb7d2ba27d27471,http://images.cocodataset.org/train2017/000000292102.jpg,http://images.cocodataset.org/train2017/000000292102.jpg,,http://images.cocodataset.org/train2017/000000292102.jpg,sorev,tier_b_v0.1,"{""axis"": ""semantic"", ""law"": ""stability_law"", ""note"": ""symmetric relation; subject/object reversal keeps truth"", ""relation"": ""far from"", ""transform"": ""sorev""}",,"{""do_sample"": false, ""max_new_tokens"": 5}",tier_b_r1_2b_full,5cc3a4f64f0d09e02b3a49ba7234826aa61d42c9,v0.1
vsr_test:1635,vsr_test:1635,test,sorev,semantic,The pizza is adjacent to the bottle,The bottle is adjacent to the pizza.,adjacent to,other,bottle,pizza,True,True,stability_law,True,True, True.,HuggingFaceTB/SmolVLM2-2.2B-Instruct,,2B_zero_shot,,,,7f29cebb9d06eca06ad0d6c690e4d5a083b71a9c42008f88e92474e3ff0eb98a,eb4075c77285da02c52794154760fa969fb21ab3dcceb0820cb7d2ba27d27471,http://images.cocodataset.org/train2017/000000434893.jpg,http://images.cocodataset.org/train2017/000000434893.jpg,,http://images.cocodataset.org/train2017/000000434893.jpg,sorev,tier_b_v0.1,"{""axis"": ""semantic"", ""law"": ""stability_law"", ""note"": ""symmetric relation; subject/object reversal keeps truth"", ""relation"": ""adjacent to"", ""transform"": ""sorev""}",,"{""do_sample"": false, ""max_new_tokens"": 5}",tier_b_r1_2b_full,5cc3a4f64f0d09e02b3a49ba7234826aa61d42c9,v0.1
vsr_test:1636,vsr_test:1636,test,sorev,semantic,The dog is touching the teddy bear,The teddy bear is touching the dog.,touching,topology_contact,teddy bear,dog,True,True,stability_law,True,True, True.,HuggingFaceTB/SmolVLM2-2.2B-Instruct,,2B_zero_shot,,,,7f29cebb9d06eca06ad0d6c690e4d5a083b71a9c42008f88e92474e3ff0eb98a,eb4075c77285da02c52794154760fa969fb21ab3dcceb0820cb7d2ba27d27471,http://images.cocodataset.org/train2017/000000177532.jpg,http://images.cocodataset.org/train2017/000000177532.jpg,,http://images.cocodataset.org/train2017/000000177532.jpg,sorev,tier_b_v0.1,"{""axis"": ""semantic"", ""law"": ""stability_law"", ""note"": ""symmetric relation; subject/object reversal keeps truth"", ""relation"": ""touching"", ""transform"": ""sorev""}",,"{""do_sample"": false, ""max_new_tokens"": 5}",tier_b_r1_2b_full,5cc3a4f64f0d09e02b3a49ba7234826aa61d42c9,v0.1
vsr_test:1645,vsr_test:1645,test,sorev,semantic,The bed is at the side of the backpack,The backpack is at the side of the bed.,at the side of,horizontal,backpack,bed,True,True,stability_law,False,False, False.,HuggingFaceTB/SmolVLM2-2.2B-Instruct,,2B_zero_shot,,,,7f29cebb9d06eca06ad0d6c690e4d5a083b71a9c42008f88e92474e3ff0eb98a,eb4075c77285da02c52794154760fa969fb21ab3dcceb0820cb7d2ba27d27471,http://images.cocodataset.org/train2017/000000057091.jpg,http://images.cocodataset.org/train2017/000000057091.jpg,,http://images.cocodataset.org/train2017/000000057091.jpg,sorev,tier_b_v0.1,"{""axis"": ""semantic"", ""law"": ""stability_law"", ""note"": ""symmetric relation; subject/object reversal keeps truth"", ""relation"": ""at the side of"", ""transform"": ""sorev""}",,"{""do_sample"": false, ""max_new_tokens"": 5}",tier_b_r1_2b_full,5cc3a4f64f0d09e02b3a49ba7234826aa61d42c9,v0.1
vsr_test:1653,vsr_test:1653,test,sorev,semantic,The cat is touching the dining table,The dining table is touching the cat.,touching,topology_contact,dining table,cat,False,False,stability_law,False,True, False.,HuggingFaceTB/SmolVLM2-2.2B-Instruct,,2B_zero_shot,,,,7f29cebb9d06eca06ad0d6c690e4d5a083b71a9c42008f88e92474e3ff0eb98a,eb4075c77285da02c52794154760fa969fb21ab3dcceb0820cb7d2ba27d27471,http://images.cocodataset.org/train2017/000000169197.jpg,http://images.cocodataset.org/train2017/000000169197.jpg,,http://images.cocodataset.org/train2017/000000169197.jpg,sorev,tier_b_v0.1,"{""axis"": ""semantic"", ""law"": ""stability_law"", ""note"": ""symmetric relation; subject/object reversal keeps truth"", ""relation"": ""touching"", ""transform"": ""sorev""}",,"{""do_sample"": false, ""max_new_tokens"": 5}",tier_b_r1_2b_full,5cc3a4f64f0d09e02b3a49ba7234826aa61d42c9,v0.1
vsr_test:1656,vsr_test:1656,test,sorev,semantic,The bottle is touching the dining table,The dining table is touching the bottle.,touching,topology_contact,dining table,bottle,True,True,stability_law,True,True, True.,HuggingFaceTB/SmolVLM2-2.2B-Instruct,,2B_zero_shot,,,,7f29cebb9d06eca06ad0d6c690e4d5a083b71a9c42008f88e92474e3ff0eb98a,eb4075c77285da02c52794154760fa969fb21ab3dcceb0820cb7d2ba27d27471,http://images.cocodataset.org/train2017/000000423141.jpg,http://images.cocodataset.org/train2017/000000423141.jpg,,http://images.cocodataset.org/train2017/000000423141.jpg,sorev,tier_b_v0.1,"{""axis"": ""semantic"", ""law"": ""stability_law"", ""note"": ""symmetric relation; subject/object reversal keeps truth"", ""relation"": ""touching"", ""transform"": ""sorev""}",,"{""do_sample"": false, ""max_new_tokens"": 5}",tier_b_r1_2b_full,5cc3a4f64f0d09e02b3a49ba7234826aa61d42c9,v0.1
vsr_test:1658,vsr_test:1658,test,sorev,semantic,The bus is next to the book,The book is next to the bus.,next to,horizontal,book,bus,False,False,stability_law,False,True, False.,HuggingFaceTB/SmolVLM2-2.2B-Instruct,,2B_zero_shot,,,,7f29cebb9d06eca06ad0d6c690e4d5a083b71a9c42008f88e92474e3ff0eb98a,eb4075c77285da02c52794154760fa969fb21ab3dcceb0820cb7d2ba27d27471,http://images.cocodataset.org/train2017/000000038817.jpg,http://images.cocodataset.org/train2017/000000038817.jpg,,http://images.cocodataset.org/train2017/000000038817.jpg,sorev,tier_b_v0.1,"{""axis"": ""semantic"", ""law"": ""stability_law"", ""note"": ""symmetric relation; subject/object reversal keeps truth"", ""relation"": ""next to"", ""transform"": ""sorev""}",,"{""do_sample"": false, ""max_new_tokens"": 5}",tier_b_r1_2b_full,5cc3a4f64f0d09e02b3a49ba7234826aa61d42c9,v0.1
vsr_test:1661,vsr_test:1661,test,sorev,semantic,The sandwich is across from the person,The person is across from the sandwich.,across from,horizontal,person,sandwich,True,True,stability_law,True,True, True.,HuggingFaceTB/SmolVLM2-2.2B-Instruct,,2B_zero_shot,,,,7f29cebb9d06eca06ad0d6c690e4d5a083b71a9c42008f88e92474e3ff0eb98a,eb4075c77285da02c52794154760fa969fb21ab3dcceb0820cb7d2ba27d27471,http://images.cocodataset.org/train2017/000000540436.jpg,http://images.cocodataset.org/train2017/000000540436.jpg,,http://images.cocodataset.org/train2017/000000540436.jpg,sorev,tier_b_v0.1,"{""axis"": ""semantic"", ""law"": ""stability_law"", ""note"": ""symmetric relation; subject/object reversal keeps truth"", ""relation"": ""across from"", ""transform"": ""sorev""}",,"{""do_sample"": false, ""max_new_tokens"": 5}",tier_b_r1_2b_full,5cc3a4f64f0d09e02b3a49ba7234826aa61d42c9,v0.1
vsr_test:1669,vsr_test:1669,test,sorev,semantic,The chair is away from the person,The person is away from the chair.,away from,proximity,person,chair,False,False,stability_law,False,True, False.,HuggingFaceTB/SmolVLM2-2.2B-Instruct,,2B_zero_shot,,,,7f29cebb9d06eca06ad0d6c690e4d5a083b71a9c42008f88e92474e3ff0eb98a,eb4075c77285da02c52794154760fa969fb21ab3dcceb0820cb7d2ba27d27471,http://images.cocodataset.org/train2017/000000380449.jpg,http://images.cocodataset.org/train2017/000000380449.jpg,,http://images.cocodataset.org/train2017/000000380449.jpg,sorev,tier_b_v0.1,"{""axis"": ""semantic"", ""law"": ""stability_law"", ""note"": ""symmetric relation; subject/object reversal keeps truth"", ""relation"": ""away from"", ""transform"": ""sorev""}",,"{""do_sample"": false, ""max_new_tokens"": 5}",tier_b_r1_2b_full,5cc3a4f64f0d09e02b3a49ba7234826aa61d42c9,v0.1
vsr_test:1670,vsr_test:1670,test,sorev,semantic,The motorcycle is next to the truck,The truck is next to the motorcycle.,next to,horizontal,truck,motorcycle,False,False,stability_law,False,True, False.,HuggingFaceTB/SmolVLM2-2.2B-Instruct,,2B_zero_shot,,,,7f29cebb9d06eca06ad0d6c690e4d5a083b71a9c42008f88e92474e3ff0eb98a,eb4075c77285da02c52794154760fa969fb21ab3dcceb0820cb7d2ba27d27471,http://images.cocodataset.org/train2017/000000240967.jpg,http://images.cocodataset.org/train2017/000000240967.jpg,,http://images.cocodataset.org/train2017/000000240967.jpg,sorev,tier_b_v0.1,"{""axis"": ""semantic"", ""law"": ""stability_law"", ""note"": ""symmetric relation; subject/object reversal keeps truth"", ""relation"": ""next to"", ""transform"": ""sorev""}",,"{""do_sample"": false, ""max_new_tokens"": 5}",tier_b_r1_2b_full,5cc3a4f64f0d09e02b3a49ba7234826aa61d42c9,v0.1
vsr_test:1679,vsr_test:1679,test,sorev,semantic,The bird is touching the bowl,The bowl is touching the bird.,touching,topology_contact,bowl,bird,False,False,stability_law,False,True, False.,HuggingFaceTB/SmolVLM2-2.2B-Instruct,,2B_zero_shot,,,,7f29cebb9d06eca06ad0d6c690e4d5a083b71a9c42008f88e92474e3ff0eb98a,eb4075c77285da02c52794154760fa969fb21ab3dcceb0820cb7d2ba27d27471,http://images.cocodataset.org/train2017/000000531377.jpg,http://images.cocodataset.org/train2017/000000531377.jpg,,http://images.cocodataset.org/train2017/000000531377.jpg,sorev,tier_b_v0.1,"{""axis"": ""semantic"", ""law"": ""stability_law"", ""note"": ""symmetric relation; subject/object reversal keeps truth"", ""relation"": ""touching"", ""transform"": ""sorev""}",,"{""do_sample"": false, ""max_new_tokens"": 5}",tier_b_r1_2b_full,5cc3a4f64f0d09e02b3a49ba7234826aa61d42c9,v0.1
vsr_test:1681,vsr_test:1681,test,sorev,semantic,The bed is touching the cat,The cat is touching the bed.,touching,topology_contact,cat,bed,False,False,stability_law,True,False, True.,HuggingFaceTB/SmolVLM2-2.2B-Instruct,,2B_zero_shot,,,,7f29cebb9d06eca06ad0d6c690e4d5a083b71a9c42008f88e92474e3ff0eb98a,eb4075c77285da02c52794154760fa969fb21ab3dcceb0820cb7d2ba27d27471,http://images.cocodataset.org/train2017/000000381047.jpg,http://images.cocodataset.org/train2017/000000381047.jpg,,http://images.cocodataset.org/train2017/000000381047.jpg,sorev,tier_b_v0.1,"{""axis"": ""semantic"", ""law"": ""stability_law"", ""note"": ""symmetric relation; subject/object reversal keeps truth"", ""relation"": ""touching"", ""transform"": ""sorev""}",,"{""do_sample"": false, ""max_new_tokens"": 5}",tier_b_r1_2b_full,5cc3a4f64f0d09e02b3a49ba7234826aa61d42c9,v0.1
vsr_test:1684,vsr_test:1684,test,sorev,semantic,The person is touching the hot dog,The hot dog is touching the person.,touching,topology_contact,hot dog,person,False,False,stability_law,False,True, False.,HuggingFaceTB/SmolVLM2-2.2B-Instruct,,2B_zero_shot,,,,7f29cebb9d06eca06ad0d6c690e4d5a083b71a9c42008f88e92474e3ff0eb98a,eb4075c77285da02c52794154760fa969fb21ab3dcceb0820cb7d2ba27d27471,http://images.cocodataset.org/train2017/000000315972.jpg,http://images.cocodataset.org/train2017/000000315972.jpg,,http://images.cocodataset.org/train2017/000000315972.jpg,sorev,tier_b_v0.1,"{""axis"": ""semantic"", ""law"": ""stability_law"", ""note"": ""symmetric relation; subject/object reversal keeps truth"", ""relation"": ""touching"", ""transform"": ""sorev""}",,"{""do_sample"": false, ""max_new_tokens"": 5}",tier_b_r1_2b_full,5cc3a4f64f0d09e02b3a49ba7234826aa61d42c9,v0.1
vsr_test:1689,vsr_test:1689,test,sorev,semantic,The car is far away from the airplane,The airplane is far away from the car.,far away from,proximity,airplane,car,False,False,stability_law,False,True, False.,HuggingFaceTB/SmolVLM2-2.2B-Instruct,,2B_zero_shot,,,,7f29cebb9d06eca06ad0d6c690e4d5a083b71a9c42008f88e92474e3ff0eb98a,eb4075c77285da02c52794154760fa969fb21ab3dcceb0820cb7d2ba27d27471,http://images.cocodataset.org/train2017/000000371153.jpg,http://images.cocodataset.org/train2017/000000371153.jpg,,http://images.cocodataset.org/train2017/000000371153.jpg,sorev,tier_b_v0.1,"{""axis"": ""semantic"", ""law"": ""stability_law"", ""note"": ""symmetric relation; subject/object reversal keeps truth"", ""relation"": ""far away from"", ""transform"": ""sorev""}",,"{""do_sample"": false, ""max_new_tokens"": 5}",tier_b_r1_2b_full,5cc3a4f64f0d09e02b3a49ba7234826aa61d42c9,v0.1
vsr_test:1690,vsr_test:1690,test,sorev,semantic,The pizza is near the dog,The dog is near the pizza.,near,proximity,dog,pizza,False,False,stability_law,True,False, True.,HuggingFaceTB/SmolVLM2-2.2B-Instruct,,2B_zero_shot,,,,7f29cebb9d06eca06ad0d6c690e4d5a083b71a9c42008f88e92474e3ff0eb98a,eb4075c77285da02c52794154760fa969fb21ab3dcceb0820cb7d2ba27d27471,http://images.cocodataset.org/train2017/000000309968.jpg,http://images.cocodataset.org/train2017/000000309968.jpg,,http://images.cocodataset.org/train2017/000000309968.jpg,sorev,tier_b_v0.1,"{""axis"": ""semantic"", ""law"": ""stability_law"", ""note"": ""symmetric relation; subject/object reversal keeps truth"", ""relation"": ""near"", ""transform"": ""sorev""}",,"{""do_sample"": false, ""max_new_tokens"": 5}",tier_b_r1_2b_full,5cc3a4f64f0d09e02b3a49ba7234826aa61d42c9,v0.1
vsr_test:1691,vsr_test:1691,test,sorev,semantic,The cat is away from the potted plant,The potted plant is away from the cat.,away from,proximity,potted plant,cat,True,True,stability_law,False,False, False.,HuggingFaceTB/SmolVLM2-2.2B-Instruct,,2B_zero_shot,,,,7f29cebb9d06eca06ad0d6c690e4d5a083b71a9c42008f88e92474e3ff0eb98a,eb4075c77285da02c52794154760fa969fb21ab3dcceb0820cb7d2ba27d27471,http://images.cocodataset.org/train2017/000000030149.jpg,http://images.cocodataset.org/train2017/000000030149.jpg,,http://images.cocodataset.org/train2017/000000030149.jpg,sorev,tier_b_v0.1,"{""axis"": ""semantic"", ""law"": ""stability_law"", ""note"": ""symmetric relation; subject/object reversal keeps truth"", ""relation"": ""away from"", ""transform"": ""sorev""}",,"{""do_sample"": false, ""max_new_tokens"": 5}",tier_b_r1_2b_full,5cc3a4f64f0d09e02b3a49ba7234826aa61d42c9,v0.1
vsr_test:1699,vsr_test:1699,test,sorev,semantic,The pizza is touching the person,The person is touching the pizza.,touching,topology_contact,person,pizza,True,True,stability_law,True,True, True.,HuggingFaceTB/SmolVLM2-2.2B-Instruct,,2B_zero_shot,,,,7f29cebb9d06eca06ad0d6c690e4d5a083b71a9c42008f88e92474e3ff0eb98a,eb4075c77285da02c52794154760fa969fb21ab3dcceb0820cb7d2ba27d27471,http://images.cocodataset.org/train2017/000000236884.jpg,http://images.cocodataset.org/train2017/000000236884.jpg,,http://images.cocodataset.org/train2017/000000236884.jpg,sorev,tier_b_v0.1,"{""axis"": ""semantic"", ""law"": ""stability_law"", ""note"": ""symmetric relation; subject/object reversal keeps truth"", ""relation"": ""touching"", ""transform"": ""sorev""}",,"{""do_sample"": false, ""max_new_tokens"": 5}",tier_b_r1_2b_full,5cc3a4f64f0d09e02b3a49ba7234826aa61d42c9,v0.1
vsr_test:1705,vsr_test:1705,test,sorev,semantic,The dining table is away from the donut,The donut is away from the dining table.,away from,proximity,donut,dining table,True,True,stability_law,False,False, False.,HuggingFaceTB/SmolVLM2-2.2B-Instruct,,2B_zero_shot,,,,7f29cebb9d06eca06ad0d6c690e4d5a083b71a9c42008f88e92474e3ff0eb98a,eb4075c77285da02c52794154760fa969fb21ab3dcceb0820cb7d2ba27d27471,http://images.cocodataset.org/train2017/000000182902.jpg,http://images.cocodataset.org/train2017/000000182902.jpg,,http://images.cocodataset.org/train2017/000000182902.jpg,sorev,tier_b_v0.1,"{""axis"": ""semantic"", ""law"": ""stability_law"", ""note"": ""symmetric relation; subject/object reversal keeps truth"", ""relation"": ""away from"", ""transform"": ""sorev""}",,"{""do_sample"": false, ""max_new_tokens"": 5}",tier_b_r1_2b_full,5cc3a4f64f0d09e02b3a49ba7234826aa61d42c9,v0.1
vsr_test:1714,vsr_test:1714,test,sorev,semantic,The toilet is touching the dog,The dog is touching the toilet.,touching,topology_contact,dog,toilet,True,True,stability_law,True,True, True.,HuggingFaceTB/SmolVLM2-2.2B-Instruct,,2B_zero_shot,,,,7f29cebb9d06eca06ad0d6c690e4d5a083b71a9c42008f88e92474e3ff0eb98a,eb4075c77285da02c52794154760fa969fb21ab3dcceb0820cb7d2ba27d27471,http://images.cocodataset.org/train2017/000000145544.jpg,http://images.cocodataset.org/train2017/000000145544.jpg,,http://images.cocodataset.org/train2017/000000145544.jpg,sorev,tier_b_v0.1,"{""axis"": ""semantic"", ""law"": ""stability_law"", ""note"": ""symmetric relation; subject/object reversal keeps truth"", ""relation"": ""touching"", ""transform"": ""sorev""}",,"{""do_sample"": false, ""max_new_tokens"": 5}",tier_b_r1_2b_full,5cc3a4f64f0d09e02b3a49ba7234826aa61d42c9,v0.1
vsr_test:1715,vsr_test:1715,test,sorev,semantic,The bicycle is away from the bed,The bed is away from the bicycle.,away from,proximity,bed,bicycle,True,True,stability_law,True,True, True.,HuggingFaceTB/SmolVLM2-2.2B-Instruct,,2B_zero_shot,,,,7f29cebb9d06eca06ad0d6c690e4d5a083b71a9c42008f88e92474e3ff0eb98a,eb4075c77285da02c52794154760fa969fb21ab3dcceb0820cb7d2ba27d27471,http://images.cocodataset.org/train2017/000000019888.jpg,http://images.cocodataset.org/train2017/000000019888.jpg,,http://images.cocodataset.org/train2017/000000019888.jpg,sorev,tier_b_v0.1,"{""axis"": ""semantic"", ""law"": ""stability_law"", ""note"": ""symmetric relation; subject/object reversal keeps truth"", ""relation"": ""away from"", ""transform"": ""sorev""}",,"{""do_sample"": false, ""max_new_tokens"": 5}",tier_b_r1_2b_full,5cc3a4f64f0d09e02b3a49ba7234826aa61d42c9,v0.1
vsr_test:1717,vsr_test:1717,test,sorev,semantic,The cake is at the side of the dining table,The dining table is at the side of the cake.,at the side of,horizontal,dining table,cake,False,False,stability_law,False,True, False.,HuggingFaceTB/SmolVLM2-2.2B-Instruct,,2B_zero_shot,,,,7f29cebb9d06eca06ad0d6c690e4d5a083b71a9c42008f88e92474e3ff0eb98a,eb4075c77285da02c52794154760fa969fb21ab3dcceb0820cb7d2ba27d27471,http://images.cocodataset.org/train2017/000000501204.jpg,http://images.cocodataset.org/train2017/000000501204.jpg,,http://images.cocodataset.org/train2017/000000501204.jpg,sorev,tier_b_v0.1,"{""axis"": ""semantic"", ""law"": ""stability_law"", ""note"": ""symmetric relation; subject/object reversal keeps truth"", ""relation"": ""at the side of"", ""transform"": ""sorev""}",,"{""do_sample"": false, ""max_new_tokens"": 5}",tier_b_r1_2b_full,5cc3a4f64f0d09e02b3a49ba7234826aa61d42c9,v0.1
vsr_test:1723,vsr_test:1723,test,sorev,semantic,The person is next to the refrigerator,The refrigerator is next to the person.,next to,horizontal,refrigerator,person,False,False,stability_law,False,True, False.,HuggingFaceTB/SmolVLM2-2.2B-Instruct,,2B_zero_shot,,,,7f29cebb9d06eca06ad0d6c690e4d5a083b71a9c42008f88e92474e3ff0eb98a,eb4075c77285da02c52794154760fa969fb21ab3dcceb0820cb7d2ba27d27471,http://images.cocodataset.org/train2017/000000316353.jpg,http://images.cocodataset.org/train2017/000000316353.jpg,,http://images.cocodataset.org/train2017/000000316353.jpg,sorev,tier_b_v0.1,"{""axis"": ""semantic"", ""law"": ""stability_law"", ""note"": ""symmetric relation; subject/object reversal keeps truth"", ""relation"": ""next to"", ""transform"": ""sorev""}",,"{""do_sample"": false, ""max_new_tokens"": 5}",tier_b_r1_2b_full,5cc3a4f64f0d09e02b3a49ba7234826aa61d42c9,v0.1
vsr_test:1724,vsr_test:1724,test,sorev,semantic,The bottle is touching the teddy bear,The teddy bear is touching the bottle.,touching,topology_contact,teddy bear,bottle,False,False,stability_law,False,True, False.,HuggingFaceTB/SmolVLM2-2.2B-Instruct,,2B_zero_shot,,,,7f29cebb9d06eca06ad0d6c690e4d5a083b71a9c42008f88e92474e3ff0eb98a,eb4075c77285da02c52794154760fa969fb21ab3dcceb0820cb7d2ba27d27471,http://images.cocodataset.org/val2017/000000156643.jpg,http://images.cocodataset.org/val2017/000000156643.jpg,,http://images.cocodataset.org/val2017/000000156643.jpg,sorev,tier_b_v0.1,"{""axis"": ""semantic"", ""law"": ""stability_law"", ""note"": ""symmetric relation; subject/object reversal keeps truth"", ""relation"": ""touching"", ""transform"": ""sorev""}",,"{""do_sample"": false, ""max_new_tokens"": 5}",tier_b_r1_2b_full,5cc3a4f64f0d09e02b3a49ba7234826aa61d42c9,v0.1
vsr_test:1725,vsr_test:1725,test,sorev,semantic,The book is touching the person,The person is touching the book.,touching,topology_contact,person,book,True,True,stability_law,True,True, True.,HuggingFaceTB/SmolVLM2-2.2B-Instruct,,2B_zero_shot,,,,7f29cebb9d06eca06ad0d6c690e4d5a083b71a9c42008f88e92474e3ff0eb98a,eb4075c77285da02c52794154760fa969fb21ab3dcceb0820cb7d2ba27d27471,http://images.cocodataset.org/val2017/000000099182.jpg,http://images.cocodataset.org/val2017/000000099182.jpg,,http://images.cocodataset.org/val2017/000000099182.jpg,sorev,tier_b_v0.1,"{""axis"": ""semantic"", ""law"": ""stability_law"", ""note"": ""symmetric relation; subject/object reversal keeps truth"", ""relation"": ""touching"", ""transform"": ""sorev""}",,"{""do_sample"": false, ""max_new_tokens"": 5}",tier_b_r1_2b_full,5cc3a4f64f0d09e02b3a49ba7234826aa61d42c9,v0.1
vsr_test:1726,vsr_test:1726,test,sorev,semantic,The wine glass is touching the cat,The cat is touching the wine glass.,touching,topology_contact,cat,wine glass,False,False,stability_law,False,True, False.,HuggingFaceTB/SmolVLM2-2.2B-Instruct,,2B_zero_shot,,,,7f29cebb9d06eca06ad0d6c690e4d5a083b71a9c42008f88e92474e3ff0eb98a,eb4075c77285da02c52794154760fa969fb21ab3dcceb0820cb7d2ba27d27471,http://images.cocodataset.org/train2017/000000237764.jpg,http://images.cocodataset.org/train2017/000000237764.jpg,,http://images.cocodataset.org/train2017/000000237764.jpg,sorev,tier_b_v0.1,"{""axis"": ""semantic"", ""law"": ""stability_law"", ""note"": ""symmetric relation; subject/object reversal keeps truth"", ""relation"": ""touching"", ""transform"": ""sorev""}",,"{""do_sample"": false, ""max_new_tokens"": 5}",tier_b_r1_2b_full,5cc3a4f64f0d09e02b3a49ba7234826aa61d42c9,v0.1
vsr_test:1727,vsr_test:1727,test,sorev,semantic,The book is near the pizza,The pizza is near the book.,near,proximity,pizza,book,True,True,stability_law,True,True, True.,HuggingFaceTB/SmolVLM2-2.2B-Instruct,,2B_zero_shot,,,,7f29cebb9d06eca06ad0d6c690e4d5a083b71a9c42008f88e92474e3ff0eb98a,eb4075c77285da02c52794154760fa969fb21ab3dcceb0820cb7d2ba27d27471,http://images.cocodataset.org/train2017/000000469936.jpg,http://images.cocodataset.org/train2017/000000469936.jpg,,http://images.cocodataset.org/train2017/000000469936.jpg,sorev,tier_b_v0.1,"{""axis"": ""semantic"", ""law"": ""stability_law"", ""note"": ""symmetric relation; subject/object reversal keeps truth"", ""relation"": ""near"", ""transform"": ""sorev""}",,"{""do_sample"": false, ""max_new_tokens"": 5}",tier_b_r1_2b_full,5cc3a4f64f0d09e02b3a49ba7234826aa61d42c9,v0.1
vsr_test:1728,vsr_test:1728,test,sorev,semantic,The hair drier is touching the person,The person is touching the hair drier.,touching,topology_contact,person,hair drier,True,True,stability_law,False,False, False.,HuggingFaceTB/SmolVLM2-2.2B-Instruct,,2B_zero_shot,,,,7f29cebb9d06eca06ad0d6c690e4d5a083b71a9c42008f88e92474e3ff0eb98a,eb4075c77285da02c52794154760fa969fb21ab3dcceb0820cb7d2ba27d27471,http://images.cocodataset.org/train2017/000000466981.jpg,http://images.cocodataset.org/train2017/000000466981.jpg,,http://images.cocodataset.org/train2017/000000466981.jpg,sorev,tier_b_v0.1,"{""axis"": ""semantic"", ""law"": ""stability_law"", ""note"": ""symmetric relation; subject/object reversal keeps truth"", ""relation"": ""touching"", ""transform"": ""sorev""}",,"{""do_sample"": false, ""max_new_tokens"": 5}",tier_b_r1_2b_full,5cc3a4f64f0d09e02b3a49ba7234826aa61d42c9,v0.1
vsr_test:1731,vsr_test:1731,test,sorev,semantic,The dining table is away from the teddy bear,The teddy bear is away from the dining table.,away from,proximity,teddy bear,dining table,False,False,stability_law,False,True, False.,HuggingFaceTB/SmolVLM2-2.2B-Instruct,,2B_zero_shot,,,,7f29cebb9d06eca06ad0d6c690e4d5a083b71a9c42008f88e92474e3ff0eb98a,eb4075c77285da02c52794154760fa969fb21ab3dcceb0820cb7d2ba27d27471,http://images.cocodataset.org/train2017/000000364722.jpg,http://images.cocodataset.org/train2017/000000364722.jpg,,http://images.cocodataset.org/train2017/000000364722.jpg,sorev,tier_b_v0.1,"{""axis"": ""semantic"", ""law"": ""stability_law"", ""note"": ""symmetric relation; subject/object reversal keeps truth"", ""relation"": ""away from"", ""transform"": ""sorev""}",,"{""do_sample"": false, ""max_new_tokens"": 5}",tier_b_r1_2b_full,5cc3a4f64f0d09e02b3a49ba7234826aa61d42c9,v0.1
vsr_test:1732,vsr_test:1732,test,sorev,semantic,The bed is touching the teddy bear,The teddy bear is touching the bed.,touching,topology_contact,teddy bear,bed,False,False,stability_law,False,True, False.,HuggingFaceTB/SmolVLM2-2.2B-Instruct,,2B_zero_shot,,,,7f29cebb9d06eca06ad0d6c690e4d5a083b71a9c42008f88e92474e3ff0eb98a,eb4075c77285da02c52794154760fa969fb21ab3dcceb0820cb7d2ba27d27471,http://images.cocodataset.org/train2017/000000066355.jpg,http://images.cocodataset.org/train2017/000000066355.jpg,,http://images.cocodataset.org/train2017/000000066355.jpg,sorev,tier_b_v0.1,"{""axis"": ""semantic"", ""law"": ""stability_law"", ""note"": ""symmetric relation; subject/object reversal keeps truth"", ""relation"": ""touching"", ""transform"": ""sorev""}",,"{""do_sample"": false, ""max_new_tokens"": 5}",tier_b_r1_2b_full,5cc3a4f64f0d09e02b3a49ba7234826aa61d42c9,v0.1
vsr_test:1735,vsr_test:1735,test,sorev,semantic,The car is far from the bowl,The bowl is far from the car.,far from,proximity,bowl,car,True,True,stability_law,False,False, False.,HuggingFaceTB/SmolVLM2-2.2B-Instruct,,2B_zero_shot,,,,7f29cebb9d06eca06ad0d6c690e4d5a083b71a9c42008f88e92474e3ff0eb98a,eb4075c77285da02c52794154760fa969fb21ab3dcceb0820cb7d2ba27d27471,http://images.cocodataset.org/train2017/000000260321.jpg,http://images.cocodataset.org/train2017/000000260321.jpg,,http://images.cocodataset.org/train2017/000000260321.jpg,sorev,tier_b_v0.1,"{""axis"": ""semantic"", ""law"": ""stability_law"", ""note"": ""symmetric relation; subject/object reversal keeps truth"", ""relation"": ""far from"", ""transform"": ""sorev""}",,"{""do_sample"": false, ""max_new_tokens"": 5}",tier_b_r1_2b_full,5cc3a4f64f0d09e02b3a49ba7234826aa61d42c9,v0.1
vsr_test:1737,vsr_test:1737,test,sorev,semantic,The person is touching the sandwich,The sandwich is touching the person.,touching,topology_contact,sandwich,person,True,True,stability_law,True,True, True.,HuggingFaceTB/SmolVLM2-2.2B-Instruct,,2B_zero_shot,,,,7f29cebb9d06eca06ad0d6c690e4d5a083b71a9c42008f88e92474e3ff0eb98a,eb4075c77285da02c52794154760fa969fb21ab3dcceb0820cb7d2ba27d27471,http://images.cocodataset.org/train2017/000000330955.jpg,http://images.cocodataset.org/train2017/000000330955.jpg,,http://images.cocodataset.org/train2017/000000330955.jpg,sorev,tier_b_v0.1,"{""axis"": ""semantic"", ""law"": ""stability_law"", ""note"": ""symmetric relation; subject/object reversal keeps truth"", ""relation"": ""touching"", ""transform"": ""sorev""}",,"{""do_sample"": false, ""max_new_tokens"": 5}",tier_b_r1_2b_full,5cc3a4f64f0d09e02b3a49ba7234826aa61d42c9,v0.1
vsr_test:1738,vsr_test:1738,test,sorev,semantic,The truck is far from the train,The train is far from the truck.,far from,proximity,train,truck,False,False,stability_law,False,True, False.,HuggingFaceTB/SmolVLM2-2.2B-Instruct,,2B_zero_shot,,,,7f29cebb9d06eca06ad0d6c690e4d5a083b71a9c42008f88e92474e3ff0eb98a,eb4075c77285da02c52794154760fa969fb21ab3dcceb0820cb7d2ba27d27471,http://images.cocodataset.org/train2017/000000337458.jpg,http://images.cocodataset.org/train2017/000000337458.jpg,,http://images.cocodataset.org/train2017/000000337458.jpg,sorev,tier_b_v0.1,"{""axis"": ""semantic"", ""law"": ""stability_law"", ""note"": ""symmetric relation; subject/object reversal keeps truth"", ""relation"": ""far from"", ""transform"": ""sorev""}",,"{""do_sample"": false, ""max_new_tokens"": 5}",tier_b_r1_2b_full,5cc3a4f64f0d09e02b3a49ba7234826aa61d42c9,v0.1
vsr_test:1739,vsr_test:1739,test,sorev,semantic,The person is touching the donut,The donut is touching the person.,touching,topology_contact,donut,person,True,True,stability_law,True,True, True.,HuggingFaceTB/SmolVLM2-2.2B-Instruct,,2B_zero_shot,,,,7f29cebb9d06eca06ad0d6c690e4d5a083b71a9c42008f88e92474e3ff0eb98a,eb4075c77285da02c52794154760fa969fb21ab3dcceb0820cb7d2ba27d27471,http://images.cocodataset.org/train2017/000000399480.jpg,http://images.cocodataset.org/train2017/000000399480.jpg,,http://images.cocodataset.org/train2017/000000399480.jpg,sorev,tier_b_v0.1,"{""axis"": ""semantic"", ""law"": ""stability_law"", ""note"": ""symmetric relation; subject/object reversal keeps truth"", ""relation"": ""touching"", ""transform"": ""sorev""}",,"{""do_sample"": false, ""max_new_tokens"": 5}",tier_b_r1_2b_full,5cc3a4f64f0d09e02b3a49ba7234826aa61d42c9,v0.1
vsr_test:1745,vsr_test:1745,test,sorev,semantic,The dog is touching the teddy bear,The teddy bear is touching the dog.,touching,topology_contact,teddy bear,dog,True,True,stability_law,True,True, True.,HuggingFaceTB/SmolVLM2-2.2B-Instruct,,2B_zero_shot,,,,7f29cebb9d06eca06ad0d6c690e4d5a083b71a9c42008f88e92474e3ff0eb98a,eb4075c77285da02c52794154760fa969fb21ab3dcceb0820cb7d2ba27d27471,http://images.cocodataset.org/train2017/000000054643.jpg,http://images.cocodataset.org/train2017/000000054643.jpg,,http://images.cocodataset.org/train2017/000000054643.jpg,sorev,tier_b_v0.1,"{""axis"": ""semantic"", ""law"": ""stability_law"", ""note"": ""symmetric relation; subject/object reversal keeps truth"", ""relation"": ""touching"", ""transform"": ""sorev""}",,"{""do_sample"": false, ""max_new_tokens"": 5}",tier_b_r1_2b_full,5cc3a4f64f0d09e02b3a49ba7234826aa61d42c9,v0.1
vsr_test:1750,vsr_test:1750,test,sorev,semantic,The cake is close to the person,The person is close to the cake.,close to,proximity,person,cake,True,True,stability_law,True,True, True.,HuggingFaceTB/SmolVLM2-2.2B-Instruct,,2B_zero_shot,,,,7f29cebb9d06eca06ad0d6c690e4d5a083b71a9c42008f88e92474e3ff0eb98a,eb4075c77285da02c52794154760fa969fb21ab3dcceb0820cb7d2ba27d27471,http://images.cocodataset.org/train2017/000000224045.jpg,http://images.cocodataset.org/train2017/000000224045.jpg,,http://images.cocodataset.org/train2017/000000224045.jpg,sorev,tier_b_v0.1,"{""axis"": ""semantic"", ""law"": ""stability_law"", ""note"": ""symmetric relation; subject/object reversal keeps truth"", ""relation"": ""close to"", ""transform"": ""sorev""}",,"{""do_sample"": false, ""max_new_tokens"": 5}",tier_b_r1_2b_full,5cc3a4f64f0d09e02b3a49ba7234826aa61d42c9,v0.1
vsr_test:1754,vsr_test:1754,test,sorev,semantic,The teddy bear is near the bottle,The bottle is near the teddy bear.,near,proximity,bottle,teddy bear,True,True,stability_law,True,True, True.,HuggingFaceTB/SmolVLM2-2.2B-Instruct,,2B_zero_shot,,,,7f29cebb9d06eca06ad0d6c690e4d5a083b71a9c42008f88e92474e3ff0eb98a,eb4075c77285da02c52794154760fa969fb21ab3dcceb0820cb7d2ba27d27471,http://images.cocodataset.org/train2017/000000151862.jpg,http://images.cocodataset.org/train2017/000000151862.jpg,,http://images.cocodataset.org/train2017/000000151862.jpg,sorev,tier_b_v0.1,"{""axis"": ""semantic"", ""law"": ""stability_law"", ""note"": ""symmetric relation; subject/object reversal keeps truth"", ""relation"": ""near"", ""transform"": ""sorev""}",,"{""do_sample"": false, ""max_new_tokens"": 5}",tier_b_r1_2b_full,5cc3a4f64f0d09e02b3a49ba7234826aa61d42c9,v0.1
vsr_test:1755,vsr_test:1755,test,sorev,semantic,The train is touching the dining table,The dining table is touching the train.,touching,topology_contact,dining table,train,True,True,stability_law,True,True, True.,HuggingFaceTB/SmolVLM2-2.2B-Instruct,,2B_zero_shot,,,,7f29cebb9d06eca06ad0d6c690e4d5a083b71a9c42008f88e92474e3ff0eb98a,eb4075c77285da02c52794154760fa969fb21ab3dcceb0820cb7d2ba27d27471,http://images.cocodataset.org/train2017/000000200764.jpg,http://images.cocodataset.org/train2017/000000200764.jpg,,http://images.cocodataset.org/train2017/000000200764.jpg,sorev,tier_b_v0.1,"{""axis"": ""semantic"", ""law"": ""stability_law"", ""note"": ""symmetric relation; subject/object reversal keeps truth"", ""relation"": ""touching"", ""transform"": ""sorev""}",,"{""do_sample"": false, ""max_new_tokens"": 5}",tier_b_r1_2b_full,5cc3a4f64f0d09e02b3a49ba7234826aa61d42c9,v0.1
vsr_test:1761,vsr_test:1761,test,sorev,semantic,The person is next to the parking meter,The parking meter is next to the person.,next to,horizontal,parking meter,person,True,True,stability_law,True,True, True.,HuggingFaceTB/SmolVLM2-2.2B-Instruct,,2B_zero_shot,,,,7f29cebb9d06eca06ad0d6c690e4d5a083b71a9c42008f88e92474e3ff0eb98a,eb4075c77285da02c52794154760fa969fb21ab3dcceb0820cb7d2ba27d27471,http://images.cocodataset.org/train2017/000000365366.jpg,http://images.cocodataset.org/train2017/000000365366.jpg,,http://images.cocodataset.org/train2017/000000365366.jpg,sorev,tier_b_v0.1,"{""axis"": ""semantic"", ""law"": ""stability_law"", ""note"": ""symmetric relation; subject/object reversal keeps truth"", ""relation"": ""next to"", ""transform"": ""sorev""}",,"{""do_sample"": false, ""max_new_tokens"": 5}",tier_b_r1_2b_full,5cc3a4f64f0d09e02b3a49ba7234826aa61d42c9,v0.1
vsr_test:1768,vsr_test:1768,test,sorev,semantic,The dog is close to the bear,The bear is close to the dog.,close to,proximity,bear,dog,True,True,stability_law,True,True, True.,HuggingFaceTB/SmolVLM2-2.2B-Instruct,,2B_zero_shot,,,,7f29cebb9d06eca06ad0d6c690e4d5a083b71a9c42008f88e92474e3ff0eb98a,eb4075c77285da02c52794154760fa969fb21ab3dcceb0820cb7d2ba27d27471,http://images.cocodataset.org/train2017/000000522225.jpg,http://images.cocodataset.org/train2017/000000522225.jpg,,http://images.cocodataset.org/train2017/000000522225.jpg,sorev,tier_b_v0.1,"{""axis"": ""semantic"", ""law"": ""stability_law"", ""note"": ""symmetric relation; subject/object reversal keeps truth"", ""relation"": ""close to"", ""transform"": ""sorev""}",,"{""do_sample"": false, ""max_new_tokens"": 5}",tier_b_r1_2b_full,5cc3a4f64f0d09e02b3a49ba7234826aa61d42c9,v0.1
vsr_test:1769,vsr_test:1769,test,sorev,semantic,The dining table is touching the person,The person is touching the dining table.,touching,topology_contact,person,dining table,True,True,stability_law,True,True, True.,HuggingFaceTB/SmolVLM2-2.2B-Instruct,,2B_zero_shot,,,,7f29cebb9d06eca06ad0d6c690e4d5a083b71a9c42008f88e92474e3ff0eb98a,eb4075c77285da02c52794154760fa969fb21ab3dcceb0820cb7d2ba27d27471,http://images.cocodataset.org/train2017/000000288753.jpg,http://images.cocodataset.org/train2017/000000288753.jpg,,http://images.cocodataset.org/train2017/000000288753.jpg,sorev,tier_b_v0.1,"{""axis"": ""semantic"", ""law"": ""stability_law"", ""note"": ""symmetric relation; subject/object reversal keeps truth"", ""relation"": ""touching"", ""transform"": ""sorev""}",,"{""do_sample"": false, ""max_new_tokens"": 5}",tier_b_r1_2b_full,5cc3a4f64f0d09e02b3a49ba7234826aa61d42c9,v0.1
vsr_test:1785,vsr_test:1785,test,sorev,semantic,The donut is touching the dining table,The dining table is touching the donut.,touching,topology_contact,dining table,donut,False,False,stability_law,False,True, False.,HuggingFaceTB/SmolVLM2-2.2B-Instruct,,2B_zero_shot,,,,7f29cebb9d06eca06ad0d6c690e4d5a083b71a9c42008f88e92474e3ff0eb98a,eb4075c77285da02c52794154760fa969fb21ab3dcceb0820cb7d2ba27d27471,http://images.cocodataset.org/train2017/000000420404.jpg,http://images.cocodataset.org/train2017/000000420404.jpg,,http://images.cocodataset.org/train2017/000000420404.jpg,sorev,tier_b_v0.1,"{""axis"": ""semantic"", ""law"": ""stability_law"", ""note"": ""symmetric relation; subject/object reversal keeps truth"", ""relation"": ""touching"", ""transform"": ""sorev""}",,"{""do_sample"": false, ""max_new_tokens"": 5}",tier_b_r1_2b_full,5cc3a4f64f0d09e02b3a49ba7234826aa61d42c9,v0.1
vsr_test:1788,vsr_test:1788,test,sorev,semantic,The parking meter is across from the car,The car is across from the parking meter.,across from,horizontal,car,parking meter,True,True,stability_law,True,True, True.,HuggingFaceTB/SmolVLM2-2.2B-Instruct,,2B_zero_shot,,,,7f29cebb9d06eca06ad0d6c690e4d5a083b71a9c42008f88e92474e3ff0eb98a,eb4075c77285da02c52794154760fa969fb21ab3dcceb0820cb7d2ba27d27471,http://images.cocodataset.org/train2017/000000422469.jpg,http://images.cocodataset.org/train2017/000000422469.jpg,,http://images.cocodataset.org/train2017/000000422469.jpg,sorev,tier_b_v0.1,"{""axis"": ""semantic"", ""law"": ""stability_law"", ""note"": ""symmetric relation; subject/object reversal keeps truth"", ""relation"": ""across from"", ""transform"": ""sorev""}",,"{""do_sample"": false, ""max_new_tokens"": 5}",tier_b_r1_2b_full,5cc3a4f64f0d09e02b3a49ba7234826aa61d42c9,v0.1
vsr_test:1789,vsr_test:1789,test,sorev,semantic,The pizza is touching the person,The person is touching the pizza.,touching,topology_contact,person,pizza,False,False,stability_law,False,True, False.,HuggingFaceTB/SmolVLM2-2.2B-Instruct,,2B_zero_shot,,,,7f29cebb9d06eca06ad0d6c690e4d5a083b71a9c42008f88e92474e3ff0eb98a,eb4075c77285da02c52794154760fa969fb21ab3dcceb0820cb7d2ba27d27471,http://images.cocodataset.org/train2017/000000209922.jpg,http://images.cocodataset.org/train2017/000000209922.jpg,,http://images.cocodataset.org/train2017/000000209922.jpg,sorev,tier_b_v0.1,"{""axis"": ""semantic"", ""law"": ""stability_law"", ""note"": ""symmetric relation; subject/object reversal keeps truth"", ""relation"": ""touching"", ""transform"": ""sorev""}",,"{""do_sample"": false, ""max_new_tokens"": 5}",tier_b_r1_2b_full,5cc3a4f64f0d09e02b3a49ba7234826aa61d42c9,v0.1
vsr_test:1793,vsr_test:1793,test,sorev,semantic,The cat is next to the sandwich,The sandwich is next to the cat.,next to,horizontal,sandwich,cat,True,True,stability_law,True,True, True.,HuggingFaceTB/SmolVLM2-2.2B-Instruct,,2B_zero_shot,,,,7f29cebb9d06eca06ad0d6c690e4d5a083b71a9c42008f88e92474e3ff0eb98a,eb4075c77285da02c52794154760fa969fb21ab3dcceb0820cb7d2ba27d27471,http://images.cocodataset.org/train2017/000000046090.jpg,http://images.cocodataset.org/train2017/000000046090.jpg,,http://images.cocodataset.org/train2017/000000046090.jpg,sorev,tier_b_v0.1,"{""axis"": ""semantic"", ""law"": ""stability_law"", ""note"": ""symmetric relation; subject/object reversal keeps truth"", ""relation"": ""next to"", ""transform"": ""sorev""}",,"{""do_sample"": false, ""max_new_tokens"": 5}",tier_b_r1_2b_full,5cc3a4f64f0d09e02b3a49ba7234826aa61d42c9,v0.1
vsr_test:1798,vsr_test:1798,test,sorev,semantic,The motorcycle is connected to the suitcase,The suitcase is connected to the motorcycle.,connected to,topology_contact,suitcase,motorcycle,True,True,stability_law,True,True, True.,HuggingFaceTB/SmolVLM2-2.2B-Instruct,,2B_zero_shot,,,,7f29cebb9d06eca06ad0d6c690e4d5a083b71a9c42008f88e92474e3ff0eb98a,eb4075c77285da02c52794154760fa969fb21ab3dcceb0820cb7d2ba27d27471,http://images.cocodataset.org/train2017/000000461705.jpg,http://images.cocodataset.org/train2017/000000461705.jpg,,http://images.cocodataset.org/train2017/000000461705.jpg,sorev,tier_b_v0.1,"{""axis"": ""semantic"", ""law"": ""stability_law"", ""note"": ""symmetric relation; subject/object reversal keeps truth"", ""relation"": ""connected to"", ""transform"": ""sorev""}",,"{""do_sample"": false, ""max_new_tokens"": 5}",tier_b_r1_2b_full,5cc3a4f64f0d09e02b3a49ba7234826aa61d42c9,v0.1
vsr_test:1804,vsr_test:1804,test,sorev,semantic,The motorcycle is against the person,The person is against the motorcycle.,against,topology_contact,person,motorcycle,True,True,stability_law,False,False, False.,HuggingFaceTB/SmolVLM2-2.2B-Instruct,,2B_zero_shot,,,,7f29cebb9d06eca06ad0d6c690e4d5a083b71a9c42008f88e92474e3ff0eb98a,eb4075c77285da02c52794154760fa969fb21ab3dcceb0820cb7d2ba27d27471,http://images.cocodataset.org/train2017/000000290246.jpg,http://images.cocodataset.org/train2017/000000290246.jpg,,http://images.cocodataset.org/train2017/000000290246.jpg,sorev,tier_b_v0.1,"{""axis"": ""semantic"", ""law"": ""stability_law"", ""note"": ""symmetric relation; subject/object reversal keeps truth"", ""relation"": ""against"", ""transform"": ""sorev""}",,"{""do_sample"": false, ""max_new_tokens"": 5}",tier_b_r1_2b_full,5cc3a4f64f0d09e02b3a49ba7234826aa61d42c9,v0.1
vsr_test:1807,vsr_test:1807,test,sorev,semantic,The dining table is across from the refrigerator,The refrigerator is across from the dining table.,across from,horizontal,refrigerator,dining table,True,True,stability_law,False,False, False.,HuggingFaceTB/SmolVLM2-2.2B-Instruct,,2B_zero_shot,,,,7f29cebb9d06eca06ad0d6c690e4d5a083b71a9c42008f88e92474e3ff0eb98a,eb4075c77285da02c52794154760fa969fb21ab3dcceb0820cb7d2ba27d27471,http://images.cocodataset.org/train2017/000000016896.jpg,http://images.cocodataset.org/train2017/000000016896.jpg,,http://images.cocodataset.org/train2017/000000016896.jpg,sorev,tier_b_v0.1,"{""axis"": ""semantic"", ""law"": ""stability_law"", ""note"": ""symmetric relation; subject/object reversal keeps truth"", ""relation"": ""across from"", ""transform"": ""sorev""}",,"{""do_sample"": false, ""max_new_tokens"": 5}",tier_b_r1_2b_full,5cc3a4f64f0d09e02b3a49ba7234826aa61d42c9,v0.1
vsr_test:1809,vsr_test:1809,test,sorev,semantic,The teddy bear is touching the tie,The tie is touching the teddy bear.,touching,topology_contact,tie,teddy bear,True,True,stability_law,True,True, True.,HuggingFaceTB/SmolVLM2-2.2B-Instruct,,2B_zero_shot,,,,7f29cebb9d06eca06ad0d6c690e4d5a083b71a9c42008f88e92474e3ff0eb98a,eb4075c77285da02c52794154760fa969fb21ab3dcceb0820cb7d2ba27d27471,http://images.cocodataset.org/train2017/000000518110.jpg,http://images.cocodataset.org/train2017/000000518110.jpg,,http://images.cocodataset.org/train2017/000000518110.jpg,sorev,tier_b_v0.1,"{""axis"": ""semantic"", ""law"": ""stability_law"", ""note"": ""symmetric relation; subject/object reversal keeps truth"", ""relation"": ""touching"", ""transform"": ""sorev""}",,"{""do_sample"": false, ""max_new_tokens"": 5}",tier_b_r1_2b_full,5cc3a4f64f0d09e02b3a49ba7234826aa61d42c9,v0.1
vsr_test:1814,vsr_test:1814,test,sorev,semantic,The hot dog is touching the person,The person is touching the hot dog.,touching,topology_contact,person,hot dog,False,False,stability_law,True,False, True.,HuggingFaceTB/SmolVLM2-2.2B-Instruct,,2B_zero_shot,,,,7f29cebb9d06eca06ad0d6c690e4d5a083b71a9c42008f88e92474e3ff0eb98a,eb4075c77285da02c52794154760fa969fb21ab3dcceb0820cb7d2ba27d27471,http://images.cocodataset.org/train2017/000000554208.jpg,http://images.cocodataset.org/train2017/000000554208.jpg,,http://images.cocodataset.org/train2017/000000554208.jpg,sorev,tier_b_v0.1,"{""axis"": ""semantic"", ""law"": ""stability_law"", ""note"": ""symmetric relation; subject/object reversal keeps truth"", ""relation"": ""touching"", ""transform"": ""sorev""}",,"{""do_sample"": false, ""max_new_tokens"": 5}",tier_b_r1_2b_full,5cc3a4f64f0d09e02b3a49ba7234826aa61d42c9,v0.1
vsr_test:1819,vsr_test:1819,test,sorev,semantic,The sandwich is touching the dog,The dog is touching the sandwich.,touching,topology_contact,dog,sandwich,True,True,stability_law,True,True, True.,HuggingFaceTB/SmolVLM2-2.2B-Instruct,,2B_zero_shot,,,,7f29cebb9d06eca06ad0d6c690e4d5a083b71a9c42008f88e92474e3ff0eb98a,eb4075c77285da02c52794154760fa969fb21ab3dcceb0820cb7d2ba27d27471,http://images.cocodataset.org/train2017/000000557780.jpg,http://images.cocodataset.org/train2017/000000557780.jpg,,http://images.cocodataset.org/train2017/000000557780.jpg,sorev,tier_b_v0.1,"{""axis"": ""semantic"", ""law"": ""stability_law"", ""note"": ""symmetric relation; subject/object reversal keeps truth"", ""relation"": ""touching"", ""transform"": ""sorev""}",,"{""do_sample"": false, ""max_new_tokens"": 5}",tier_b_r1_2b_full,5cc3a4f64f0d09e02b3a49ba7234826aa61d42c9,v0.1
vsr_test:1828,vsr_test:1828,test,sorev,semantic,The banana is next to the person,The person is next to the banana.,next to,horizontal,person,banana,True,True,stability_law,True,True, True.,HuggingFaceTB/SmolVLM2-2.2B-Instruct,,2B_zero_shot,,,,7f29cebb9d06eca06ad0d6c690e4d5a083b71a9c42008f88e92474e3ff0eb98a,eb4075c77285da02c52794154760fa969fb21ab3dcceb0820cb7d2ba27d27471,http://images.cocodataset.org/train2017/000000169858.jpg,http://images.cocodataset.org/train2017/000000169858.jpg,,http://images.cocodataset.org/train2017/000000169858.jpg,sorev,tier_b_v0.1,"{""axis"": ""semantic"", ""law"": ""stability_law"", ""note"": ""symmetric relation; subject/object reversal keeps truth"", ""relation"": ""next to"", ""transform"": ""sorev""}",,"{""do_sample"": false, ""max_new_tokens"": 5}",tier_b_r1_2b_full,5cc3a4f64f0d09e02b3a49ba7234826aa61d42c9,v0.1
vsr_test:1830,vsr_test:1830,test,sorev,semantic,The bus is touching the elephant,The elephant is touching the bus.,touching,topology_contact,elephant,bus,False,False,stability_law,False,True, False.,HuggingFaceTB/SmolVLM2-2.2B-Instruct,,2B_zero_shot,,,,7f29cebb9d06eca06ad0d6c690e4d5a083b71a9c42008f88e92474e3ff0eb98a,eb4075c77285da02c52794154760fa969fb21ab3dcceb0820cb7d2ba27d27471,http://images.cocodataset.org/train2017/000000345702.jpg,http://images.cocodataset.org/train2017/000000345702.jpg,,http://images.cocodataset.org/train2017/000000345702.jpg,sorev,tier_b_v0.1,"{""axis"": ""semantic"", ""law"": ""stability_law"", ""note"": ""symmetric relation; subject/object reversal keeps truth"", ""relation"": ""touching"", ""transform"": ""sorev""}",,"{""do_sample"": false, ""max_new_tokens"": 5}",tier_b_r1_2b_full,5cc3a4f64f0d09e02b3a49ba7234826aa61d42c9,v0.1
vsr_test:1831,vsr_test:1831,test,sorev,semantic,The banana is touching the cat,The cat is touching the banana.,touching,topology_contact,cat,banana,True,True,stability_law,True,True, True.,HuggingFaceTB/SmolVLM2-2.2B-Instruct,,2B_zero_shot,,,,7f29cebb9d06eca06ad0d6c690e4d5a083b71a9c42008f88e92474e3ff0eb98a,eb4075c77285da02c52794154760fa969fb21ab3dcceb0820cb7d2ba27d27471,http://images.cocodataset.org/train2017/000000279919.jpg,http://images.cocodataset.org/train2017/000000279919.jpg,,http://images.cocodataset.org/train2017/000000279919.jpg,sorev,tier_b_v0.1,"{""axis"": ""semantic"", ""law"": ""stability_law"", ""note"": ""symmetric relation; subject/object reversal keeps truth"", ""relation"": ""touching"", ""transform"": ""sorev""}",,"{""do_sample"": false, ""max_new_tokens"": 5}",tier_b_r1_2b_full,5cc3a4f64f0d09e02b3a49ba7234826aa61d42c9,v0.1
vsr_test:1837,vsr_test:1837,test,sorev,semantic,The bear is far from the chair,The chair is far from the bear.,far from,proximity,chair,bear,False,False,stability_law,False,True, False.,HuggingFaceTB/SmolVLM2-2.2B-Instruct,,2B_zero_shot,,,,7f29cebb9d06eca06ad0d6c690e4d5a083b71a9c42008f88e92474e3ff0eb98a,eb4075c77285da02c52794154760fa969fb21ab3dcceb0820cb7d2ba27d27471,http://images.cocodataset.org/train2017/000000417455.jpg,http://images.cocodataset.org/train2017/000000417455.jpg,,http://images.cocodataset.org/train2017/000000417455.jpg,sorev,tier_b_v0.1,"{""axis"": ""semantic"", ""law"": ""stability_law"", ""note"": ""symmetric relation; subject/object reversal keeps truth"", ""relation"": ""far from"", ""transform"": ""sorev""}",,"{""do_sample"": false, ""max_new_tokens"": 5}",tier_b_r1_2b_full,5cc3a4f64f0d09e02b3a49ba7234826aa61d42c9,v0.1
vsr_test:1841,vsr_test:1841,test,sorev,semantic,The donut is touching the person,The person is touching the donut.,touching,topology_contact,person,donut,True,True,stability_law,True,True, True.,HuggingFaceTB/SmolVLM2-2.2B-Instruct,,2B_zero_shot,,,,7f29cebb9d06eca06ad0d6c690e4d5a083b71a9c42008f88e92474e3ff0eb98a,eb4075c77285da02c52794154760fa969fb21ab3dcceb0820cb7d2ba27d27471,http://images.cocodataset.org/train2017/000000499024.jpg,http://images.cocodataset.org/train2017/000000499024.jpg,,http://images.cocodataset.org/train2017/000000499024.jpg,sorev,tier_b_v0.1,"{""axis"": ""semantic"", ""law"": ""stability_law"", ""note"": ""symmetric relation; subject/object reversal keeps truth"", ""relation"": ""touching"", ""transform"": ""sorev""}",,"{""do_sample"": false, ""max_new_tokens"": 5}",tier_b_r1_2b_full,5cc3a4f64f0d09e02b3a49ba7234826aa61d42c9,v0.1
vsr_test:1847,vsr_test:1847,test,sorev,semantic,The bus is far away from the horse,The horse is far away from the bus.,far away from,proximity,horse,bus,True,True,stability_law,False,False, False.,HuggingFaceTB/SmolVLM2-2.2B-Instruct,,2B_zero_shot,,,,7f29cebb9d06eca06ad0d6c690e4d5a083b71a9c42008f88e92474e3ff0eb98a,eb4075c77285da02c52794154760fa969fb21ab3dcceb0820cb7d2ba27d27471,http://images.cocodataset.org/train2017/000000263328.jpg,http://images.cocodataset.org/train2017/000000263328.jpg,,http://images.cocodataset.org/train2017/000000263328.jpg,sorev,tier_b_v0.1,"{""axis"": ""semantic"", ""law"": ""stability_law"", ""note"": ""symmetric relation; subject/object reversal keeps truth"", ""relation"": ""far away from"", ""transform"": ""sorev""}",,"{""do_sample"": false, ""max_new_tokens"": 5}",tier_b_r1_2b_full,5cc3a4f64f0d09e02b3a49ba7234826aa61d42c9,v0.1
vsr_test:1849,vsr_test:1849,test,sorev,semantic,The dog is beside the vase,The vase is beside the dog.,beside,horizontal,vase,dog,True,True,stability_law,False,False, False.,HuggingFaceTB/SmolVLM2-2.2B-Instruct,,2B_zero_shot,,,,7f29cebb9d06eca06ad0d6c690e4d5a083b71a9c42008f88e92474e3ff0eb98a,eb4075c77285da02c52794154760fa969fb21ab3dcceb0820cb7d2ba27d27471,http://images.cocodataset.org/train2017/000000117108.jpg,http://images.cocodataset.org/train2017/000000117108.jpg,,http://images.cocodataset.org/train2017/000000117108.jpg,sorev,tier_b_v0.1,"{""axis"": ""semantic"", ""law"": ""stability_law"", ""note"": ""symmetric relation; subject/object reversal keeps truth"", ""relation"": ""beside"", ""transform"": ""sorev""}",,"{""do_sample"": false, ""max_new_tokens"": 5}",tier_b_r1_2b_full,5cc3a4f64f0d09e02b3a49ba7234826aa61d42c9,v0.1
vsr_test:1850,vsr_test:1850,test,sorev,semantic,The bus is far away from the horse,The horse is far away from the bus.,far away from,proximity,horse,bus,False,False,stability_law,False,True, False.,HuggingFaceTB/SmolVLM2-2.2B-Instruct,,2B_zero_shot,,,,7f29cebb9d06eca06ad0d6c690e4d5a083b71a9c42008f88e92474e3ff0eb98a,eb4075c77285da02c52794154760fa969fb21ab3dcceb0820cb7d2ba27d27471,http://images.cocodataset.org/train2017/000000460143.jpg,http://images.cocodataset.org/train2017/000000460143.jpg,,http://images.cocodataset.org/train2017/000000460143.jpg,sorev,tier_b_v0.1,"{""axis"": ""semantic"", ""law"": ""stability_law"", ""note"": ""symmetric relation; subject/object reversal keeps truth"", ""relation"": ""far away from"", ""transform"": ""sorev""}",,"{""do_sample"": false, ""max_new_tokens"": 5}",tier_b_r1_2b_full,5cc3a4f64f0d09e02b3a49ba7234826aa61d42c9,v0.1
vsr_test:1852,vsr_test:1852,test,sorev,semantic,The person is touching the pizza,The pizza is touching the person.,touching,topology_contact,pizza,person,True,True,stability_law,True,True, True.,HuggingFaceTB/SmolVLM2-2.2B-Instruct,,2B_zero_shot,,,,7f29cebb9d06eca06ad0d6c690e4d5a083b71a9c42008f88e92474e3ff0eb98a,eb4075c77285da02c52794154760fa969fb21ab3dcceb0820cb7d2ba27d27471,http://images.cocodataset.org/train2017/000000136672.jpg,http://images.cocodataset.org/train2017/000000136672.jpg,,http://images.cocodataset.org/train2017/000000136672.jpg,sorev,tier_b_v0.1,"{""axis"": ""semantic"", ""law"": ""stability_law"", ""note"": ""symmetric relation; subject/object reversal keeps truth"", ""relation"": ""touching"", ""transform"": ""sorev""}",,"{""do_sample"": false, ""max_new_tokens"": 5}",tier_b_r1_2b_full,5cc3a4f64f0d09e02b3a49ba7234826aa61d42c9,v0.1
vsr_test:1854,vsr_test:1854,test,sorev,semantic,The apple is touching the banana,The banana is touching the apple.,touching,topology_contact,banana,apple,True,True,stability_law,True,True, True.,HuggingFaceTB/SmolVLM2-2.2B-Instruct,,2B_zero_shot,,,,7f29cebb9d06eca06ad0d6c690e4d5a083b71a9c42008f88e92474e3ff0eb98a,eb4075c77285da02c52794154760fa969fb21ab3dcceb0820cb7d2ba27d27471,http://images.cocodataset.org/train2017/000000451953.jpg,http://images.cocodataset.org/train2017/000000451953.jpg,,http://images.cocodataset.org/train2017/000000451953.jpg,sorev,tier_b_v0.1,"{""axis"": ""semantic"", ""law"": ""stability_law"", ""note"": ""symmetric relation; subject/object reversal keeps truth"", ""relation"": ""touching"", ""transform"": ""sorev""}",,"{""do_sample"": false, ""max_new_tokens"": 5}",tier_b_r1_2b_full,5cc3a4f64f0d09e02b3a49ba7234826aa61d42c9,v0.1
vsr_test:1857,vsr_test:1857,test,sorev,semantic,The horse is far from the cat,The cat is far from the horse.,far from,proximity,cat,horse,False,False,stability_law,False,True, False.,HuggingFaceTB/SmolVLM2-2.2B-Instruct,,2B_zero_shot,,,,7f29cebb9d06eca06ad0d6c690e4d5a083b71a9c42008f88e92474e3ff0eb98a,eb4075c77285da02c52794154760fa969fb21ab3dcceb0820cb7d2ba27d27471,http://images.cocodataset.org/train2017/000000220922.jpg,http://images.cocodataset.org/train2017/000000220922.jpg,,http://images.cocodataset.org/train2017/000000220922.jpg,sorev,tier_b_v0.1,"{""axis"": ""semantic"", ""law"": ""stability_law"", ""note"": ""symmetric relation; subject/object reversal keeps truth"", ""relation"": ""far from"", ""transform"": ""sorev""}",,"{""do_sample"": false, ""max_new_tokens"": 5}",tier_b_r1_2b_full,5cc3a4f64f0d09e02b3a49ba7234826aa61d42c9,v0.1
vsr_test:1858,vsr_test:1858,test,sorev,semantic,The bowl is at the side of the broccoli,The broccoli is at the side of the bowl.,at the side of,horizontal,broccoli,bowl,False,False,stability_law,False,True, False.,HuggingFaceTB/SmolVLM2-2.2B-Instruct,,2B_zero_shot,,,,7f29cebb9d06eca06ad0d6c690e4d5a083b71a9c42008f88e92474e3ff0eb98a,eb4075c77285da02c52794154760fa969fb21ab3dcceb0820cb7d2ba27d27471,http://images.cocodataset.org/train2017/000000570518.jpg,http://images.cocodataset.org/train2017/000000570518.jpg,,http://images.cocodataset.org/train2017/000000570518.jpg,sorev,tier_b_v0.1,"{""axis"": ""semantic"", ""law"": ""stability_law"", ""note"": ""symmetric relation; subject/object reversal keeps truth"", ""relation"": ""at the side of"", ""transform"": ""sorev""}",,"{""do_sample"": false, ""max_new_tokens"": 5}",tier_b_r1_2b_full,5cc3a4f64f0d09e02b3a49ba7234826aa61d42c9,v0.1
vsr_test:1859,vsr_test:1859,test,sorev,semantic,The remote is beside the bed,The bed is beside the remote.,beside,horizontal,bed,remote,True,True,stability_law,True,True, True.,HuggingFaceTB/SmolVLM2-2.2B-Instruct,,2B_zero_shot,,,,7f29cebb9d06eca06ad0d6c690e4d5a083b71a9c42008f88e92474e3ff0eb98a,eb4075c77285da02c52794154760fa969fb21ab3dcceb0820cb7d2ba27d27471,http://images.cocodataset.org/train2017/000000317458.jpg,http://images.cocodataset.org/train2017/000000317458.jpg,,http://images.cocodataset.org/train2017/000000317458.jpg,sorev,tier_b_v0.1,"{""axis"": ""semantic"", ""law"": ""stability_law"", ""note"": ""symmetric relation; subject/object reversal keeps truth"", ""relation"": ""beside"", ""transform"": ""sorev""}",,"{""do_sample"": false, ""max_new_tokens"": 5}",tier_b_r1_2b_full,5cc3a4f64f0d09e02b3a49ba7234826aa61d42c9,v0.1
vsr_test:1862,vsr_test:1862,test,sorev,semantic,The couch is away from the dog,The dog is away from the couch.,away from,proximity,dog,couch,True,True,stability_law,False,False, False.,HuggingFaceTB/SmolVLM2-2.2B-Instruct,,2B_zero_shot,,,,7f29cebb9d06eca06ad0d6c690e4d5a083b71a9c42008f88e92474e3ff0eb98a,eb4075c77285da02c52794154760fa969fb21ab3dcceb0820cb7d2ba27d27471,http://images.cocodataset.org/train2017/000000421689.jpg,http://images.cocodataset.org/train2017/000000421689.jpg,,http://images.cocodataset.org/train2017/000000421689.jpg,sorev,tier_b_v0.1,"{""axis"": ""semantic"", ""law"": ""stability_law"", ""note"": ""symmetric relation; subject/object reversal keeps truth"", ""relation"": ""away from"", ""transform"": ""sorev""}",,"{""do_sample"": false, ""max_new_tokens"": 5}",tier_b_r1_2b_full,5cc3a4f64f0d09e02b3a49ba7234826aa61d42c9,v0.1
vsr_test:1867,vsr_test:1867,test,sorev,semantic,The dining table is touching the donut,The donut is touching the dining table.,touching,topology_contact,donut,dining table,False,False,stability_law,True,False, True.,HuggingFaceTB/SmolVLM2-2.2B-Instruct,,2B_zero_shot,,,,7f29cebb9d06eca06ad0d6c690e4d5a083b71a9c42008f88e92474e3ff0eb98a,eb4075c77285da02c52794154760fa969fb21ab3dcceb0820cb7d2ba27d27471,http://images.cocodataset.org/train2017/000000395225.jpg,http://images.cocodataset.org/train2017/000000395225.jpg,,http://images.cocodataset.org/train2017/000000395225.jpg,sorev,tier_b_v0.1,"{""axis"": ""semantic"", ""law"": ""stability_law"", ""note"": ""symmetric relation; subject/object reversal keeps truth"", ""relation"": ""touching"", ""transform"": ""sorev""}",,"{""do_sample"": false, ""max_new_tokens"": 5}",tier_b_r1_2b_full,5cc3a4f64f0d09e02b3a49ba7234826aa61d42c9,v0.1
vsr_test:1871,vsr_test:1871,test,sorev,semantic,The cake is away from the pizza,The pizza is away from the cake.,away from,proximity,pizza,cake,False,False,stability_law,False,True, False.,HuggingFaceTB/SmolVLM2-2.2B-Instruct,,2B_zero_shot,,,,7f29cebb9d06eca06ad0d6c690e4d5a083b71a9c42008f88e92474e3ff0eb98a,eb4075c77285da02c52794154760fa969fb21ab3dcceb0820cb7d2ba27d27471,http://images.cocodataset.org/train2017/000000364190.jpg,http://images.cocodataset.org/train2017/000000364190.jpg,,http://images.cocodataset.org/train2017/000000364190.jpg,sorev,tier_b_v0.1,"{""axis"": ""semantic"", ""law"": ""stability_law"", ""note"": ""symmetric relation; subject/object reversal keeps truth"", ""relation"": ""away from"", ""transform"": ""sorev""}",,"{""do_sample"": false, ""max_new_tokens"": 5}",tier_b_r1_2b_full,5cc3a4f64f0d09e02b3a49ba7234826aa61d42c9,v0.1
vsr_test:1879,vsr_test:1879,test,sorev,semantic,The cat is touching the umbrella,The umbrella is touching the cat.,touching,topology_contact,umbrella,cat,False,False,stability_law,True,False, True.,HuggingFaceTB/SmolVLM2-2.2B-Instruct,,2B_zero_shot,,,,7f29cebb9d06eca06ad0d6c690e4d5a083b71a9c42008f88e92474e3ff0eb98a,eb4075c77285da02c52794154760fa969fb21ab3dcceb0820cb7d2ba27d27471,http://images.cocodataset.org/train2017/000000308221.jpg,http://images.cocodataset.org/train2017/000000308221.jpg,,http://images.cocodataset.org/train2017/000000308221.jpg,sorev,tier_b_v0.1,"{""axis"": ""semantic"", ""law"": ""stability_law"", ""note"": ""symmetric relation; subject/object reversal keeps truth"", ""relation"": ""touching"", ""transform"": ""sorev""}",,"{""do_sample"": false, ""max_new_tokens"": 5}",tier_b_r1_2b_full,5cc3a4f64f0d09e02b3a49ba7234826aa61d42c9,v0.1
vsr_test:1880,vsr_test:1880,test,sorev,semantic,The person is touching the teddy bear,The teddy bear is touching the person.,touching,topology_contact,teddy bear,person,True,True,stability_law,True,True, True.,HuggingFaceTB/SmolVLM2-2.2B-Instruct,,2B_zero_shot,,,,7f29cebb9d06eca06ad0d6c690e4d5a083b71a9c42008f88e92474e3ff0eb98a,eb4075c77285da02c52794154760fa969fb21ab3dcceb0820cb7d2ba27d27471,http://images.cocodataset.org/train2017/000000574461.jpg,http://images.cocodataset.org/train2017/000000574461.jpg,,http://images.cocodataset.org/train2017/000000574461.jpg,sorev,tier_b_v0.1,"{""axis"": ""semantic"", ""law"": ""stability_law"", ""note"": ""symmetric relation; subject/object reversal keeps truth"", ""relation"": ""touching"", ""transform"": ""sorev""}",,"{""do_sample"": false, ""max_new_tokens"": 5}",tier_b_r1_2b_full,5cc3a4f64f0d09e02b3a49ba7234826aa61d42c9,v0.1
vsr_test:1887,vsr_test:1887,test,sorev,semantic,The dining table is touching the banana,The banana is touching the dining table.,touching,topology_contact,banana,dining table,True,True,stability_law,True,True, True.,HuggingFaceTB/SmolVLM2-2.2B-Instruct,,2B_zero_shot,,,,7f29cebb9d06eca06ad0d6c690e4d5a083b71a9c42008f88e92474e3ff0eb98a,eb4075c77285da02c52794154760fa969fb21ab3dcceb0820cb7d2ba27d27471,http://images.cocodataset.org/train2017/000000093469.jpg,http://images.cocodataset.org/train2017/000000093469.jpg,,http://images.cocodataset.org/train2017/000000093469.jpg,sorev,tier_b_v0.1,"{""axis"": ""semantic"", ""law"": ""stability_law"", ""note"": ""symmetric relation; subject/object reversal keeps truth"", ""relation"": ""touching"", ""transform"": ""sorev""}",,"{""do_sample"": false, ""max_new_tokens"": 5}",tier_b_r1_2b_full,5cc3a4f64f0d09e02b3a49ba7234826aa61d42c9,v0.1
vsr_test:1891,vsr_test:1891,test,sorev,semantic,The handbag is touching the bench,The bench is touching the handbag.,touching,topology_contact,bench,handbag,True,True,stability_law,True,True, True.,HuggingFaceTB/SmolVLM2-2.2B-Instruct,,2B_zero_shot,,,,7f29cebb9d06eca06ad0d6c690e4d5a083b71a9c42008f88e92474e3ff0eb98a,eb4075c77285da02c52794154760fa969fb21ab3dcceb0820cb7d2ba27d27471,http://images.cocodataset.org/train2017/000000560359.jpg,http://images.cocodataset.org/train2017/000000560359.jpg,,http://images.cocodataset.org/train2017/000000560359.jpg,sorev,tier_b_v0.1,"{""axis"": ""semantic"", ""law"": ""stability_law"", ""note"": ""symmetric relation; subject/object reversal keeps truth"", ""relation"": ""touching"", ""transform"": ""sorev""}",,"{""do_sample"": false, ""max_new_tokens"": 5}",tier_b_r1_2b_full,5cc3a4f64f0d09e02b3a49ba7234826aa61d42c9,v0.1
vsr_test:1895,vsr_test:1895,test,sorev,semantic,The person is touching the cow,The cow is touching the person.,touching,topology_contact,cow,person,False,False,stability_law,False,True, False.,HuggingFaceTB/SmolVLM2-2.2B-Instruct,,2B_zero_shot,,,,7f29cebb9d06eca06ad0d6c690e4d5a083b71a9c42008f88e92474e3ff0eb98a,eb4075c77285da02c52794154760fa969fb21ab3dcceb0820cb7d2ba27d27471,http://images.cocodataset.org/train2017/000000120007.jpg,http://images.cocodataset.org/train2017/000000120007.jpg,,http://images.cocodataset.org/train2017/000000120007.jpg,sorev,tier_b_v0.1,"{""axis"": ""semantic"", ""law"": ""stability_law"", ""note"": ""symmetric relation; subject/object reversal keeps truth"", ""relation"": ""touching"", ""transform"": ""sorev""}",,"{""do_sample"": false, ""max_new_tokens"": 5}",tier_b_r1_2b_full,5cc3a4f64f0d09e02b3a49ba7234826aa61d42c9,v0.1
vsr_test:1898,vsr_test:1898,test,sorev,semantic,The oven is across from the cake,The cake is across from the oven.,across from,horizontal,cake,oven,False,False,stability_law,False,True, False.,HuggingFaceTB/SmolVLM2-2.2B-Instruct,,2B_zero_shot,,,,7f29cebb9d06eca06ad0d6c690e4d5a083b71a9c42008f88e92474e3ff0eb98a,eb4075c77285da02c52794154760fa969fb21ab3dcceb0820cb7d2ba27d27471,http://images.cocodataset.org/train2017/000000409767.jpg,http://images.cocodataset.org/train2017/000000409767.jpg,,http://images.cocodataset.org/train2017/000000409767.jpg,sorev,tier_b_v0.1,"{""axis"": ""semantic"", ""law"": ""stability_law"", ""note"": ""symmetric relation; subject/object reversal keeps truth"", ""relation"": ""across from"", ""transform"": ""sorev""}",,"{""do_sample"": false, ""max_new_tokens"": 5}",tier_b_r1_2b_full,5cc3a4f64f0d09e02b3a49ba7234826aa61d42c9,v0.1
vsr_test:1901,vsr_test:1901,test,sorev,semantic,The cat is touching the microwave,The microwave is touching the cat.,touching,topology_contact,microwave,cat,False,False,stability_law,False,True, False.,HuggingFaceTB/SmolVLM2-2.2B-Instruct,,2B_zero_shot,,,,7f29cebb9d06eca06ad0d6c690e4d5a083b71a9c42008f88e92474e3ff0eb98a,eb4075c77285da02c52794154760fa969fb21ab3dcceb0820cb7d2ba27d27471,http://images.cocodataset.org/train2017/000000019131.jpg,http://images.cocodataset.org/train2017/000000019131.jpg,,http://images.cocodataset.org/train2017/000000019131.jpg,sorev,tier_b_v0.1,"{""axis"": ""semantic"", ""law"": ""stability_law"", ""note"": ""symmetric relation; subject/object reversal keeps truth"", ""relation"": ""touching"", ""transform"": ""sorev""}",,"{""do_sample"": false, ""max_new_tokens"": 5}",tier_b_r1_2b_full,5cc3a4f64f0d09e02b3a49ba7234826aa61d42c9,v0.1
vsr_test:1904,vsr_test:1904,test,sorev,semantic,The orange is close to the laptop,The laptop is close to the orange.,close to,proximity,laptop,orange,False,False,stability_law,False,True, False.,HuggingFaceTB/SmolVLM2-2.2B-Instruct,,2B_zero_shot,,,,7f29cebb9d06eca06ad0d6c690e4d5a083b71a9c42008f88e92474e3ff0eb98a,eb4075c77285da02c52794154760fa969fb21ab3dcceb0820cb7d2ba27d27471,http://images.cocodataset.org/train2017/000000296153.jpg,http://images.cocodataset.org/train2017/000000296153.jpg,,http://images.cocodataset.org/train2017/000000296153.jpg,sorev,tier_b_v0.1,"{""axis"": ""semantic"", ""law"": ""stability_law"", ""note"": ""symmetric relation; subject/object reversal keeps truth"", ""relation"": ""close to"", ""transform"": ""sorev""}",,"{""do_sample"": false, ""max_new_tokens"": 5}",tier_b_r1_2b_full,5cc3a4f64f0d09e02b3a49ba7234826aa61d42c9,v0.1
vsr_test:1912,vsr_test:1912,test,sorev,semantic,The teddy bear is touching the person,The person is touching the teddy bear.,touching,topology_contact,person,teddy bear,False,False,stability_law,False,True, False.,HuggingFaceTB/SmolVLM2-2.2B-Instruct,,2B_zero_shot,,,,7f29cebb9d06eca06ad0d6c690e4d5a083b71a9c42008f88e92474e3ff0eb98a,eb4075c77285da02c52794154760fa969fb21ab3dcceb0820cb7d2ba27d27471,http://images.cocodataset.org/train2017/000000136701.jpg,http://images.cocodataset.org/train2017/000000136701.jpg,,http://images.cocodataset.org/train2017/000000136701.jpg,sorev,tier_b_v0.1,"{""axis"": ""semantic"", ""law"": ""stability_law"", ""note"": ""symmetric relation; subject/object reversal keeps truth"", ""relation"": ""touching"", ""transform"": ""sorev""}",,"{""do_sample"": false, ""max_new_tokens"": 5}",tier_b_r1_2b_full,5cc3a4f64f0d09e02b3a49ba7234826aa61d42c9,v0.1
vsr_test:1913,vsr_test:1913,test,sorev,semantic,The person is touching the bed,The bed is touching the person.,touching,topology_contact,bed,person,True,True,stability_law,True,True, True.,HuggingFaceTB/SmolVLM2-2.2B-Instruct,,2B_zero_shot,,,,7f29cebb9d06eca06ad0d6c690e4d5a083b71a9c42008f88e92474e3ff0eb98a,eb4075c77285da02c52794154760fa969fb21ab3dcceb0820cb7d2ba27d27471,http://images.cocodataset.org/train2017/000000466491.jpg,http://images.cocodataset.org/train2017/000000466491.jpg,,http://images.cocodataset.org/train2017/000000466491.jpg,sorev,tier_b_v0.1,"{""axis"": ""semantic"", ""law"": ""stability_law"", ""note"": ""symmetric relation; subject/object reversal keeps truth"", ""relation"": ""touching"", ""transform"": ""sorev""}",,"{""do_sample"": false, ""max_new_tokens"": 5}",tier_b_r1_2b_full,5cc3a4f64f0d09e02b3a49ba7234826aa61d42c9,v0.1
vsr_test:1914,vsr_test:1914,test,sorev,semantic,The couch is touching the dog,The dog is touching the couch.,touching,topology_contact,dog,couch,False,False,stability_law,True,False, True.,HuggingFaceTB/SmolVLM2-2.2B-Instruct,,2B_zero_shot,,,,7f29cebb9d06eca06ad0d6c690e4d5a083b71a9c42008f88e92474e3ff0eb98a,eb4075c77285da02c52794154760fa969fb21ab3dcceb0820cb7d2ba27d27471,http://images.cocodataset.org/train2017/000000329134.jpg,http://images.cocodataset.org/train2017/000000329134.jpg,,http://images.cocodataset.org/train2017/000000329134.jpg,sorev,tier_b_v0.1,"{""axis"": ""semantic"", ""law"": ""stability_law"", ""note"": ""symmetric relation; subject/object reversal keeps truth"", ""relation"": ""touching"", ""transform"": ""sorev""}",,"{""do_sample"": false, ""max_new_tokens"": 5}",tier_b_r1_2b_full,5cc3a4f64f0d09e02b3a49ba7234826aa61d42c9,v0.1
vsr_test:1917,vsr_test:1917,test,sorev,semantic,The person is attached to the handbag,The handbag is attached to the person.,attached to,topology_contact,handbag,person,True,True,stability_law,True,True, True.,HuggingFaceTB/SmolVLM2-2.2B-Instruct,,2B_zero_shot,,,,7f29cebb9d06eca06ad0d6c690e4d5a083b71a9c42008f88e92474e3ff0eb98a,eb4075c77285da02c52794154760fa969fb21ab3dcceb0820cb7d2ba27d27471,http://images.cocodataset.org/train2017/000000159729.jpg,http://images.cocodataset.org/train2017/000000159729.jpg,,http://images.cocodataset.org/train2017/000000159729.jpg,sorev,tier_b_v0.1,"{""axis"": ""semantic"", ""law"": ""stability_law"", ""note"": ""symmetric relation; subject/object reversal keeps truth"", ""relation"": ""attached to"", ""transform"": ""sorev""}",,"{""do_sample"": false, ""max_new_tokens"": 5}",tier_b_r1_2b_full,5cc3a4f64f0d09e02b3a49ba7234826aa61d42c9,v0.1
vsr_test:1918,vsr_test:1918,test,sorev,semantic,The bench is touching the cat,The cat is touching the bench.,touching,topology_contact,cat,bench,False,False,stability_law,False,True, False.,HuggingFaceTB/SmolVLM2-2.2B-Instruct,,2B_zero_shot,,,,7f29cebb9d06eca06ad0d6c690e4d5a083b71a9c42008f88e92474e3ff0eb98a,eb4075c77285da02c52794154760fa969fb21ab3dcceb0820cb7d2ba27d27471,http://images.cocodataset.org/train2017/000000004537.jpg,http://images.cocodataset.org/train2017/000000004537.jpg,,http://images.cocodataset.org/train2017/000000004537.jpg,sorev,tier_b_v0.1,"{""axis"": ""semantic"", ""law"": ""stability_law"", ""note"": ""symmetric relation; subject/object reversal keeps truth"", ""relation"": ""touching"", ""transform"": ""sorev""}",,"{""do_sample"": false, ""max_new_tokens"": 5}",tier_b_r1_2b_full,5cc3a4f64f0d09e02b3a49ba7234826aa61d42c9,v0.1
vsr_test:1919,vsr_test:1919,test,sorev,semantic,The train is attached to the cake,The cake is attached to the train.,attached to,topology_contact,cake,train,True,True,stability_law,True,True, True.,HuggingFaceTB/SmolVLM2-2.2B-Instruct,,2B_zero_shot,,,,7f29cebb9d06eca06ad0d6c690e4d5a083b71a9c42008f88e92474e3ff0eb98a,eb4075c77285da02c52794154760fa969fb21ab3dcceb0820cb7d2ba27d27471,http://images.cocodataset.org/train2017/000000422960.jpg,http://images.cocodataset.org/train2017/000000422960.jpg,,http://images.cocodataset.org/train2017/000000422960.jpg,sorev,tier_b_v0.1,"{""axis"": ""semantic"", ""law"": ""stability_law"", ""note"": ""symmetric relation; subject/object reversal keeps truth"", ""relation"": ""attached to"", ""transform"": ""sorev""}",,"{""do_sample"": false, ""max_new_tokens"": 5}",tier_b_r1_2b_full,5cc3a4f64f0d09e02b3a49ba7234826aa61d42c9,v0.1
vsr_test:1921,vsr_test:1921,test,sorev,semantic,The sandwich is touching the person,The person is touching the sandwich.,touching,topology_contact,person,sandwich,False,False,stability_law,False,True, False.,HuggingFaceTB/SmolVLM2-2.2B-Instruct,,2B_zero_shot,,,,7f29cebb9d06eca06ad0d6c690e4d5a083b71a9c42008f88e92474e3ff0eb98a,eb4075c77285da02c52794154760fa969fb21ab3dcceb0820cb7d2ba27d27471,http://images.cocodataset.org/train2017/000000261426.jpg,http://images.cocodataset.org/train2017/000000261426.jpg,,http://images.cocodataset.org/train2017/000000261426.jpg,sorev,tier_b_v0.1,"{""axis"": ""semantic"", ""law"": ""stability_law"", ""note"": ""symmetric relation; subject/object reversal keeps truth"", ""relation"": ""touching"", ""transform"": ""sorev""}",,"{""do_sample"": false, ""max_new_tokens"": 5}",tier_b_r1_2b_full,5cc3a4f64f0d09e02b3a49ba7234826aa61d42c9,v0.1
vsr_test:1922,vsr_test:1922,test,sorev,semantic,The microwave is beside the sandwich,The sandwich is beside the microwave.,beside,horizontal,sandwich,microwave,True,True,stability_law,False,False, False.,HuggingFaceTB/SmolVLM2-2.2B-Instruct,,2B_zero_shot,,,,7f29cebb9d06eca06ad0d6c690e4d5a083b71a9c42008f88e92474e3ff0eb98a,eb4075c77285da02c52794154760fa969fb21ab3dcceb0820cb7d2ba27d27471,http://images.cocodataset.org/train2017/000000317798.jpg,http://images.cocodataset.org/train2017/000000317798.jpg,,http://images.cocodataset.org/train2017/000000317798.jpg,sorev,tier_b_v0.1,"{""axis"": ""semantic"", ""law"": ""stability_law"", ""note"": ""symmetric relation; subject/object reversal keeps truth"", ""relation"": ""beside"", ""transform"": ""sorev""}",,"{""do_sample"": false, ""max_new_tokens"": 5}",tier_b_r1_2b_full,5cc3a4f64f0d09e02b3a49ba7234826aa61d42c9,v0.1
vsr_test:1924,vsr_test:1924,test,sorev,semantic,The cat is touching the donut,The donut is touching the cat.,touching,topology_contact,donut,cat,True,True,stability_law,True,True, True.,HuggingFaceTB/SmolVLM2-2.2B-Instruct,,2B_zero_shot,,,,7f29cebb9d06eca06ad0d6c690e4d5a083b71a9c42008f88e92474e3ff0eb98a,eb4075c77285da02c52794154760fa969fb21ab3dcceb0820cb7d2ba27d27471,http://images.cocodataset.org/train2017/000000046438.jpg,http://images.cocodataset.org/train2017/000000046438.jpg,,http://images.cocodataset.org/train2017/000000046438.jpg,sorev,tier_b_v0.1,"{""axis"": ""semantic"", ""law"": ""stability_law"", ""note"": ""symmetric relation; subject/object reversal keeps truth"", ""relation"": ""touching"", ""transform"": ""sorev""}",,"{""do_sample"": false, ""max_new_tokens"": 5}",tier_b_r1_2b_full,5cc3a4f64f0d09e02b3a49ba7234826aa61d42c9,v0.1
vsr_test:1930,vsr_test:1930,test,sorev,semantic,The bench is far from the dog,The dog is far from the bench.,far from,proximity,dog,bench,True,True,stability_law,False,False, False.,HuggingFaceTB/SmolVLM2-2.2B-Instruct,,2B_zero_shot,,,,7f29cebb9d06eca06ad0d6c690e4d5a083b71a9c42008f88e92474e3ff0eb98a,eb4075c77285da02c52794154760fa969fb21ab3dcceb0820cb7d2ba27d27471,http://images.cocodataset.org/train2017/000000548734.jpg,http://images.cocodataset.org/train2017/000000548734.jpg,,http://images.cocodataset.org/train2017/000000548734.jpg,sorev,tier_b_v0.1,"{""axis"": ""semantic"", ""law"": ""stability_law"", ""note"": ""symmetric relation; subject/object reversal keeps truth"", ""relation"": ""far from"", ""transform"": ""sorev""}",,"{""do_sample"": false, ""max_new_tokens"": 5}",tier_b_r1_2b_full,5cc3a4f64f0d09e02b3a49ba7234826aa61d42c9,v0.1
vsr_test:1938,vsr_test:1938,test,sorev,semantic,The teddy bear is touching the dining table,The dining table is touching the teddy bear.,touching,topology_contact,dining table,teddy bear,True,True,stability_law,False,False, False.,HuggingFaceTB/SmolVLM2-2.2B-Instruct,,2B_zero_shot,,,,7f29cebb9d06eca06ad0d6c690e4d5a083b71a9c42008f88e92474e3ff0eb98a,eb4075c77285da02c52794154760fa969fb21ab3dcceb0820cb7d2ba27d27471,http://images.cocodataset.org/train2017/000000191772.jpg,http://images.cocodataset.org/train2017/000000191772.jpg,,http://images.cocodataset.org/train2017/000000191772.jpg,sorev,tier_b_v0.1,"{""axis"": ""semantic"", ""law"": ""stability_law"", ""note"": ""symmetric relation; subject/object reversal keeps truth"", ""relation"": ""touching"", ""transform"": ""sorev""}",,"{""do_sample"": false, ""max_new_tokens"": 5}",tier_b_r1_2b_full,5cc3a4f64f0d09e02b3a49ba7234826aa61d42c9,v0.1
vsr_test:1941,vsr_test:1941,test,sorev,semantic,The bench is next to the cow,The cow is next to the bench.,next to,horizontal,cow,bench,True,True,stability_law,True,True, True.,HuggingFaceTB/SmolVLM2-2.2B-Instruct,,2B_zero_shot,,,,7f29cebb9d06eca06ad0d6c690e4d5a083b71a9c42008f88e92474e3ff0eb98a,eb4075c77285da02c52794154760fa969fb21ab3dcceb0820cb7d2ba27d27471,http://images.cocodataset.org/train2017/000000182032.jpg,http://images.cocodataset.org/train2017/000000182032.jpg,,http://images.cocodataset.org/train2017/000000182032.jpg,sorev,tier_b_v0.1,"{""axis"": ""semantic"", ""law"": ""stability_law"", ""note"": ""symmetric relation; subject/object reversal keeps truth"", ""relation"": ""next to"", ""transform"": ""sorev""}",,"{""do_sample"": false, ""max_new_tokens"": 5}",tier_b_r1_2b_full,5cc3a4f64f0d09e02b3a49ba7234826aa61d42c9,v0.1
vsr_test:1943,vsr_test:1943,test,sorev,semantic,The cow is with the person,The person is with the cow.,with,other,person,cow,True,True,stability_law,True,True, True.,HuggingFaceTB/SmolVLM2-2.2B-Instruct,,2B_zero_shot,,,,7f29cebb9d06eca06ad0d6c690e4d5a083b71a9c42008f88e92474e3ff0eb98a,eb4075c77285da02c52794154760fa969fb21ab3dcceb0820cb7d2ba27d27471,http://images.cocodataset.org/train2017/000000087739.jpg,http://images.cocodataset.org/train2017/000000087739.jpg,,http://images.cocodataset.org/train2017/000000087739.jpg,sorev,tier_b_v0.1,"{""axis"": ""semantic"", ""law"": ""stability_law"", ""note"": ""symmetric relation; subject/object reversal keeps truth"", ""relation"": ""with"", ""transform"": ""sorev""}",,"{""do_sample"": false, ""max_new_tokens"": 5}",tier_b_r1_2b_full,5cc3a4f64f0d09e02b3a49ba7234826aa61d42c9,v0.1
vsr_test:1944,vsr_test:1944,test,sorev,semantic,The couch is opposite to the laptop,The laptop is opposite to the couch.,opposite to,other,laptop,couch,True,True,stability_law,True,True, True.,HuggingFaceTB/SmolVLM2-2.2B-Instruct,,2B_zero_shot,,,,7f29cebb9d06eca06ad0d6c690e4d5a083b71a9c42008f88e92474e3ff0eb98a,eb4075c77285da02c52794154760fa969fb21ab3dcceb0820cb7d2ba27d27471,http://images.cocodataset.org/train2017/000000018233.jpg,http://images.cocodataset.org/train2017/000000018233.jpg,,http://images.cocodataset.org/train2017/000000018233.jpg,sorev,tier_b_v0.1,"{""axis"": ""semantic"", ""law"": ""stability_law"", ""note"": ""symmetric relation; subject/object reversal keeps truth"", ""relation"": ""opposite to"", ""transform"": ""sorev""}",,"{""do_sample"": false, ""max_new_tokens"": 5}",tier_b_r1_2b_full,5cc3a4f64f0d09e02b3a49ba7234826aa61d42c9,v0.1
vsr_test:1947,vsr_test:1947,test,sorev,semantic,The person is touching the cat,The cat is touching the person.,touching,topology_contact,cat,person,False,False,stability_law,False,True, False.,HuggingFaceTB/SmolVLM2-2.2B-Instruct,,2B_zero_shot,,,,7f29cebb9d06eca06ad0d6c690e4d5a083b71a9c42008f88e92474e3ff0eb98a,eb4075c77285da02c52794154760fa969fb21ab3dcceb0820cb7d2ba27d27471,http://images.cocodataset.org/val2017/000000515025.jpg,http://images.cocodataset.org/val2017/000000515025.jpg,,http://images.cocodataset.org/val2017/000000515025.jpg,sorev,tier_b_v0.1,"{""axis"": ""semantic"", ""law"": ""stability_law"", ""note"": ""symmetric relation; subject/object reversal keeps truth"", ""relation"": ""touching"", ""transform"": ""sorev""}",,"{""do_sample"": false, ""max_new_tokens"": 5}",tier_b_r1_2b_full,5cc3a4f64f0d09e02b3a49ba7234826aa61d42c9,v0.1
vsr_test:1948,vsr_test:1948,test,sorev,semantic,The fire hydrant is far away from the bus,The bus is far away from the fire hydrant.,far away from,proximity,bus,fire hydrant,True,True,stability_law,False,False, False.,HuggingFaceTB/SmolVLM2-2.2B-Instruct,,2B_zero_shot,,,,7f29cebb9d06eca06ad0d6c690e4d5a083b71a9c42008f88e92474e3ff0eb98a,eb4075c77285da02c52794154760fa969fb21ab3dcceb0820cb7d2ba27d27471,http://images.cocodataset.org/train2017/000000321642.jpg,http://images.cocodataset.org/train2017/000000321642.jpg,,http://images.cocodataset.org/train2017/000000321642.jpg,sorev,tier_b_v0.1,"{""axis"": ""semantic"", ""law"": ""stability_law"", ""note"": ""symmetric relation; subject/object reversal keeps truth"", ""relation"": ""far away from"", ""transform"": ""sorev""}",,"{""do_sample"": false, ""max_new_tokens"": 5}",tier_b_r1_2b_full,5cc3a4f64f0d09e02b3a49ba7234826aa61d42c9,v0.1
vsr_test:1952,vsr_test:1952,test,sorev,semantic,The bed is next to the umbrella,The umbrella is next to the bed.,next to,horizontal,umbrella,bed,False,False,stability_law,True,False, True.,HuggingFaceTB/SmolVLM2-2.2B-Instruct,,2B_zero_shot,,,,7f29cebb9d06eca06ad0d6c690e4d5a083b71a9c42008f88e92474e3ff0eb98a,eb4075c77285da02c52794154760fa969fb21ab3dcceb0820cb7d2ba27d27471,http://images.cocodataset.org/train2017/000000029575.jpg,http://images.cocodataset.org/train2017/000000029575.jpg,,http://images.cocodataset.org/train2017/000000029575.jpg,sorev,tier_b_v0.1,"{""axis"": ""semantic"", ""law"": ""stability_law"", ""note"": ""symmetric relation; subject/object reversal keeps truth"", ""relation"": ""next to"", ""transform"": ""sorev""}",,"{""do_sample"": false, ""max_new_tokens"": 5}",tier_b_r1_2b_full,5cc3a4f64f0d09e02b3a49ba7234826aa61d42c9,v0.1
vsr_test:1969,vsr_test:1969,test,sorev,semantic,The keyboard is close to the donut,The donut is close to the keyboard.,close to,proximity,donut,keyboard,True,True,stability_law,True,True, True.,HuggingFaceTB/SmolVLM2-2.2B-Instruct,,2B_zero_shot,,,,7f29cebb9d06eca06ad0d6c690e4d5a083b71a9c42008f88e92474e3ff0eb98a,eb4075c77285da02c52794154760fa969fb21ab3dcceb0820cb7d2ba27d27471,http://images.cocodataset.org/train2017/000000296567.jpg,http://images.cocodataset.org/train2017/000000296567.jpg,,http://images.cocodataset.org/train2017/000000296567.jpg,sorev,tier_b_v0.1,"{""axis"": ""semantic"", ""law"": ""stability_law"", ""note"": ""symmetric relation; subject/object reversal keeps truth"", ""relation"": ""close to"", ""transform"": ""sorev""}",,"{""do_sample"": false, ""max_new_tokens"": 5}",tier_b_r1_2b_full,5cc3a4f64f0d09e02b3a49ba7234826aa61d42c9,v0.1
vsr_test:1975,vsr_test:1975,test,sorev,semantic,The cat is beside the person,The person is beside the cat.,beside,horizontal,person,cat,True,True,stability_law,True,True, True.,HuggingFaceTB/SmolVLM2-2.2B-Instruct,,2B_zero_shot,,,,7f29cebb9d06eca06ad0d6c690e4d5a083b71a9c42008f88e92474e3ff0eb98a,eb4075c77285da02c52794154760fa969fb21ab3dcceb0820cb7d2ba27d27471,http://images.cocodataset.org/val2017/000000492284.jpg,http://images.cocodataset.org/val2017/000000492284.jpg,,http://images.cocodataset.org/val2017/000000492284.jpg,sorev,tier_b_v0.1,"{""axis"": ""semantic"", ""law"": ""stability_law"", ""note"": ""symmetric relation; subject/object reversal keeps truth"", ""relation"": ""beside"", ""transform"": ""sorev""}",,"{""do_sample"": false, ""max_new_tokens"": 5}",tier_b_r1_2b_full,5cc3a4f64f0d09e02b3a49ba7234826aa61d42c9,v0.1
vsr_test:1987,vsr_test:1987,test,sorev,semantic,The donut is close to the bed,The bed is close to the donut.,close to,proximity,bed,donut,True,True,stability_law,True,True, True.,HuggingFaceTB/SmolVLM2-2.2B-Instruct,,2B_zero_shot,,,,7f29cebb9d06eca06ad0d6c690e4d5a083b71a9c42008f88e92474e3ff0eb98a,eb4075c77285da02c52794154760fa969fb21ab3dcceb0820cb7d2ba27d27471,http://images.cocodataset.org/val2017/000000192904.jpg,http://images.cocodataset.org/val2017/000000192904.jpg,,http://images.cocodataset.org/val2017/000000192904.jpg,sorev,tier_b_v0.1,"{""axis"": ""semantic"", ""law"": ""stability_law"", ""note"": ""symmetric relation; subject/object reversal keeps truth"", ""relation"": ""close to"", ""transform"": ""sorev""}",,"{""do_sample"": false, ""max_new_tokens"": 5}",tier_b_r1_2b_full,5cc3a4f64f0d09e02b3a49ba7234826aa61d42c9,v0.1
vsr_test:1988,vsr_test:1988,test,sorev,semantic,The chair is far from the car,The car is far from the chair.,far from,proximity,car,chair,False,False,stability_law,False,True, False.,HuggingFaceTB/SmolVLM2-2.2B-Instruct,,2B_zero_shot,,,,7f29cebb9d06eca06ad0d6c690e4d5a083b71a9c42008f88e92474e3ff0eb98a,eb4075c77285da02c52794154760fa969fb21ab3dcceb0820cb7d2ba27d27471,http://images.cocodataset.org/train2017/000000441083.jpg,http://images.cocodataset.org/train2017/000000441083.jpg,,http://images.cocodataset.org/train2017/000000441083.jpg,sorev,tier_b_v0.1,"{""axis"": ""semantic"", ""law"": ""stability_law"", ""note"": ""symmetric relation; subject/object reversal keeps truth"", ""relation"": ""far from"", ""transform"": ""sorev""}",,"{""do_sample"": false, ""max_new_tokens"": 5}",tier_b_r1_2b_full,5cc3a4f64f0d09e02b3a49ba7234826aa61d42c9,v0.1
vsr_test:1994,vsr_test:1994,test,sorev,semantic,The cat is close to the person,The person is close to the cat.,close to,proximity,person,cat,True,True,stability_law,True,True, True.,HuggingFaceTB/SmolVLM2-2.2B-Instruct,,2B_zero_shot,,,,7f29cebb9d06eca06ad0d6c690e4d5a083b71a9c42008f88e92474e3ff0eb98a,eb4075c77285da02c52794154760fa969fb21ab3dcceb0820cb7d2ba27d27471,http://images.cocodataset.org/train2017/000000353968.jpg,http://images.cocodataset.org/train2017/000000353968.jpg,,http://images.cocodataset.org/train2017/000000353968.jpg,sorev,tier_b_v0.1,"{""axis"": ""semantic"", ""law"": ""stability_law"", ""note"": ""symmetric relation; subject/object reversal keeps truth"", ""relation"": ""close to"", ""transform"": ""sorev""}",,"{""do_sample"": false, ""max_new_tokens"": 5}",tier_b_r1_2b_full,5cc3a4f64f0d09e02b3a49ba7234826aa61d42c9,v0.1
vsr_test:1998,vsr_test:1998,test,sorev,semantic,The truck is away from the dining table,The dining table is away from the truck.,away from,proximity,dining table,truck,True,True,stability_law,False,False, False.,HuggingFaceTB/SmolVLM2-2.2B-Instruct,,2B_zero_shot,,,,7f29cebb9d06eca06ad0d6c690e4d5a083b71a9c42008f88e92474e3ff0eb98a,eb4075c77285da02c52794154760fa969fb21ab3dcceb0820cb7d2ba27d27471,http://images.cocodataset.org/train2017/000000388281.jpg,http://images.cocodataset.org/train2017/000000388281.jpg,,http://images.cocodataset.org/train2017/000000388281.jpg,sorev,tier_b_v0.1,"{""axis"": ""semantic"", ""law"": ""stability_law"", ""note"": ""symmetric relation; subject/object reversal keeps truth"", ""relation"": ""away from"", ""transform"": ""sorev""}",,"{""do_sample"": false, ""max_new_tokens"": 5}",tier_b_r1_2b_full,5cc3a4f64f0d09e02b3a49ba7234826aa61d42c9,v0.1
vsr_test:2004,vsr_test:2004,test,sorev,semantic,The cat is touching the teddy bear,The teddy bear is touching the cat.,touching,topology_contact,teddy bear,cat,True,True,stability_law,True,True, True.,HuggingFaceTB/SmolVLM2-2.2B-Instruct,,2B_zero_shot,,,,7f29cebb9d06eca06ad0d6c690e4d5a083b71a9c42008f88e92474e3ff0eb98a,eb4075c77285da02c52794154760fa969fb21ab3dcceb0820cb7d2ba27d27471,http://images.cocodataset.org/train2017/000000054953.jpg,http://images.cocodataset.org/train2017/000000054953.jpg,,http://images.cocodataset.org/train2017/000000054953.jpg,sorev,tier_b_v0.1,"{""axis"": ""semantic"", ""law"": ""stability_law"", ""note"": ""symmetric relation; subject/object reversal keeps truth"", ""relation"": ""touching"", ""transform"": ""sorev""}",,"{""do_sample"": false, ""max_new_tokens"": 5}",tier_b_r1_2b_full,5cc3a4f64f0d09e02b3a49ba7234826aa61d42c9,v0.1
vsr_test:2011,vsr_test:2011,test,sorev,semantic,The person is alongside the scissors,The scissors is alongside the person.,alongside,horizontal,scissors,person,False,False,stability_law,False,True, False.,HuggingFaceTB/SmolVLM2-2.2B-Instruct,,2B_zero_shot,,,,7f29cebb9d06eca06ad0d6c690e4d5a083b71a9c42008f88e92474e3ff0eb98a,eb4075c77285da02c52794154760fa969fb21ab3dcceb0820cb7d2ba27d27471,http://images.cocodataset.org/train2017/000000096073.jpg,http://images.cocodataset.org/train2017/000000096073.jpg,,http://images.cocodataset.org/train2017/000000096073.jpg,sorev,tier_b_v0.1,"{""axis"": ""semantic"", ""law"": ""stability_law"", ""note"": ""symmetric relation; subject/object reversal keeps truth"", ""relation"": ""alongside"", ""transform"": ""sorev""}",,"{""do_sample"": false, ""max_new_tokens"": 5}",tier_b_r1_2b_full,5cc3a4f64f0d09e02b3a49ba7234826aa61d42c9,v0.1
vsr_test:2013,vsr_test:2013,test,sorev,semantic,The pizza is next to the oven,The oven is next to the pizza.,next to,horizontal,oven,pizza,False,False,stability_law,False,True, False.,HuggingFaceTB/SmolVLM2-2.2B-Instruct,,2B_zero_shot,,,,7f29cebb9d06eca06ad0d6c690e4d5a083b71a9c42008f88e92474e3ff0eb98a,eb4075c77285da02c52794154760fa969fb21ab3dcceb0820cb7d2ba27d27471,http://images.cocodataset.org/train2017/000000494785.jpg,http://images.cocodataset.org/train2017/000000494785.jpg,,http://images.cocodataset.org/train2017/000000494785.jpg,sorev,tier_b_v0.1,"{""axis"": ""semantic"", ""law"": ""stability_law"", ""note"": ""symmetric relation; subject/object reversal keeps truth"", ""relation"": ""next to"", ""transform"": ""sorev""}",,"{""do_sample"": false, ""max_new_tokens"": 5}",tier_b_r1_2b_full,5cc3a4f64f0d09e02b3a49ba7234826aa61d42c9,v0.1
vsr_test:2020,vsr_test:2020,test,sorev,semantic,The cat is touching the person,The person is touching the cat.,touching,topology_contact,person,cat,True,True,stability_law,True,True, True.,HuggingFaceTB/SmolVLM2-2.2B-Instruct,,2B_zero_shot,,,,7f29cebb9d06eca06ad0d6c690e4d5a083b71a9c42008f88e92474e3ff0eb98a,eb4075c77285da02c52794154760fa969fb21ab3dcceb0820cb7d2ba27d27471,http://images.cocodataset.org/train2017/000000198308.jpg,http://images.cocodataset.org/train2017/000000198308.jpg,,http://images.cocodataset.org/train2017/000000198308.jpg,sorev,tier_b_v0.1,"{""axis"": ""semantic"", ""law"": ""stability_law"", ""note"": ""symmetric relation; subject/object reversal keeps truth"", ""relation"": ""touching"", ""transform"": ""sorev""}",,"{""do_sample"": false, ""max_new_tokens"": 5}",tier_b_r1_2b_full,5cc3a4f64f0d09e02b3a49ba7234826aa61d42c9,v0.1
vsr_test:2032,vsr_test:2032,test,sorev,semantic,The cat is touching the bottle,The bottle is touching the cat.,touching,topology_contact,bottle,cat,False,False,stability_law,True,False, True.,HuggingFaceTB/SmolVLM2-2.2B-Instruct,,2B_zero_shot,,,,7f29cebb9d06eca06ad0d6c690e4d5a083b71a9c42008f88e92474e3ff0eb98a,eb4075c77285da02c52794154760fa969fb21ab3dcceb0820cb7d2ba27d27471,http://images.cocodataset.org/train2017/000000254670.jpg,http://images.cocodataset.org/train2017/000000254670.jpg,,http://images.cocodataset.org/train2017/000000254670.jpg,sorev,tier_b_v0.1,"{""axis"": ""semantic"", ""law"": ""stability_law"", ""note"": ""symmetric relation; subject/object reversal keeps truth"", ""relation"": ""touching"", ""transform"": ""sorev""}",,"{""do_sample"": false, ""max_new_tokens"": 5}",tier_b_r1_2b_full,5cc3a4f64f0d09e02b3a49ba7234826aa61d42c9,v0.1
vsr_test:2033,vsr_test:2033,test,sorev,semantic,The book is touching the handbag,The handbag is touching the book.,touching,topology_contact,handbag,book,True,True,stability_law,False,False, False.,HuggingFaceTB/SmolVLM2-2.2B-Instruct,,2B_zero_shot,,,,7f29cebb9d06eca06ad0d6c690e4d5a083b71a9c42008f88e92474e3ff0eb98a,eb4075c77285da02c52794154760fa969fb21ab3dcceb0820cb7d2ba27d27471,http://images.cocodataset.org/train2017/000000541725.jpg,http://images.cocodataset.org/train2017/000000541725.jpg,,http://images.cocodataset.org/train2017/000000541725.jpg,sorev,tier_b_v0.1,"{""axis"": ""semantic"", ""law"": ""stability_law"", ""note"": ""symmetric relation; subject/object reversal keeps truth"", ""relation"": ""touching"", ""transform"": ""sorev""}",,"{""do_sample"": false, ""max_new_tokens"": 5}",tier_b_r1_2b_full,5cc3a4f64f0d09e02b3a49ba7234826aa61d42c9,v0.1
vsr_test:2043,vsr_test:2043,test,sorev,semantic,The person is touching the sandwich,The sandwich is touching the person.,touching,topology_contact,sandwich,person,True,True,stability_law,True,True, True.,HuggingFaceTB/SmolVLM2-2.2B-Instruct,,2B_zero_shot,,,,7f29cebb9d06eca06ad0d6c690e4d5a083b71a9c42008f88e92474e3ff0eb98a,eb4075c77285da02c52794154760fa969fb21ab3dcceb0820cb7d2ba27d27471,http://images.cocodataset.org/train2017/000000287310.jpg,http://images.cocodataset.org/train2017/000000287310.jpg,,http://images.cocodataset.org/train2017/000000287310.jpg,sorev,tier_b_v0.1,"{""axis"": ""semantic"", ""law"": ""stability_law"", ""note"": ""symmetric relation; subject/object reversal keeps truth"", ""relation"": ""touching"", ""transform"": ""sorev""}",,"{""do_sample"": false, ""max_new_tokens"": 5}",tier_b_r1_2b_full,5cc3a4f64f0d09e02b3a49ba7234826aa61d42c9,v0.1
vsr_test:2044,vsr_test:2044,test,sorev,semantic,The bench is touching the laptop,The laptop is touching the bench.,touching,topology_contact,laptop,bench,False,False,stability_law,False,True, False.,HuggingFaceTB/SmolVLM2-2.2B-Instruct,,2B_zero_shot,,,,7f29cebb9d06eca06ad0d6c690e4d5a083b71a9c42008f88e92474e3ff0eb98a,eb4075c77285da02c52794154760fa969fb21ab3dcceb0820cb7d2ba27d27471,http://images.cocodataset.org/train2017/000000264250.jpg,http://images.cocodataset.org/train2017/000000264250.jpg,,http://images.cocodataset.org/train2017/000000264250.jpg,sorev,tier_b_v0.1,"{""axis"": ""semantic"", ""law"": ""stability_law"", ""note"": ""symmetric relation; subject/object reversal keeps truth"", ""relation"": ""touching"", ""transform"": ""sorev""}",,"{""do_sample"": false, ""max_new_tokens"": 5}",tier_b_r1_2b_full,5cc3a4f64f0d09e02b3a49ba7234826aa61d42c9,v0.1
vsr_test:2045,vsr_test:2045,test,sorev,semantic,The laptop is touching the couch,The couch is touching the laptop.,touching,topology_contact,couch,laptop,False,False,stability_law,True,False, True.,HuggingFaceTB/SmolVLM2-2.2B-Instruct,,2B_zero_shot,,,,7f29cebb9d06eca06ad0d6c690e4d5a083b71a9c42008f88e92474e3ff0eb98a,eb4075c77285da02c52794154760fa969fb21ab3dcceb0820cb7d2ba27d27471,http://images.cocodataset.org/train2017/000000209493.jpg,http://images.cocodataset.org/train2017/000000209493.jpg,,http://images.cocodataset.org/train2017/000000209493.jpg,sorev,tier_b_v0.1,"{""axis"": ""semantic"", ""law"": ""stability_law"", ""note"": ""symmetric relation; subject/object reversal keeps truth"", ""relation"": ""touching"", ""transform"": ""sorev""}",,"{""do_sample"": false, ""max_new_tokens"": 5}",tier_b_r1_2b_full,5cc3a4f64f0d09e02b3a49ba7234826aa61d42c9,v0.1
vsr_test:2046,vsr_test:2046,test,sorev,semantic,The keyboard is touching the person,The person is touching the keyboard.,touching,topology_contact,person,keyboard,False,False,stability_law,False,True, False.,HuggingFaceTB/SmolVLM2-2.2B-Instruct,,2B_zero_shot,,,,7f29cebb9d06eca06ad0d6c690e4d5a083b71a9c42008f88e92474e3ff0eb98a,eb4075c77285da02c52794154760fa969fb21ab3dcceb0820cb7d2ba27d27471,http://images.cocodataset.org/train2017/000000420922.jpg,http://images.cocodataset.org/train2017/000000420922.jpg,,http://images.cocodataset.org/train2017/000000420922.jpg,sorev,tier_b_v0.1,"{""axis"": ""semantic"", ""law"": ""stability_law"", ""note"": ""symmetric relation; subject/object reversal keeps truth"", ""relation"": ""touching"", ""transform"": ""sorev""}",,"{""do_sample"": false, ""max_new_tokens"": 5}",tier_b_r1_2b_full,5cc3a4f64f0d09e02b3a49ba7234826aa61d42c9,v0.1
vsr_test:2047,vsr_test:2047,test,sorev,semantic,The person is touching the refrigerator,The refrigerator is touching the person.,touching,topology_contact,refrigerator,person,True,True,stability_law,True,True, True.,HuggingFaceTB/SmolVLM2-2.2B-Instruct,,2B_zero_shot,,,,7f29cebb9d06eca06ad0d6c690e4d5a083b71a9c42008f88e92474e3ff0eb98a,eb4075c77285da02c52794154760fa969fb21ab3dcceb0820cb7d2ba27d27471,http://images.cocodataset.org/train2017/000000336578.jpg,http://images.cocodataset.org/train2017/000000336578.jpg,,http://images.cocodataset.org/train2017/000000336578.jpg,sorev,tier_b_v0.1,"{""axis"": ""semantic"", ""law"": ""stability_law"", ""note"": ""symmetric relation; subject/object reversal keeps truth"", ""relation"": ""touching"", ""transform"": ""sorev""}",,"{""do_sample"": false, ""max_new_tokens"": 5}",tier_b_r1_2b_full,5cc3a4f64f0d09e02b3a49ba7234826aa61d42c9,v0.1
vsr_test:2050,vsr_test:2050,test,sorev,semantic,The banana is touching the cat,The cat is touching the banana.,touching,topology_contact,cat,banana,False,False,stability_law,True,False, True.,HuggingFaceTB/SmolVLM2-2.2B-Instruct,,2B_zero_shot,,,,7f29cebb9d06eca06ad0d6c690e4d5a083b71a9c42008f88e92474e3ff0eb98a,eb4075c77285da02c52794154760fa969fb21ab3dcceb0820cb7d2ba27d27471,http://images.cocodataset.org/train2017/000000259475.jpg,http://images.cocodataset.org/train2017/000000259475.jpg,,http://images.cocodataset.org/train2017/000000259475.jpg,sorev,tier_b_v0.1,"{""axis"": ""semantic"", ""law"": ""stability_law"", ""note"": ""symmetric relation; subject/object reversal keeps truth"", ""relation"": ""touching"", ""transform"": ""sorev""}",,"{""do_sample"": false, ""max_new_tokens"": 5}",tier_b_r1_2b_full,5cc3a4f64f0d09e02b3a49ba7234826aa61d42c9,v0.1
vsr_test:2054,vsr_test:2054,test,sorev,semantic,The bus is alongside the car,The car is alongside the bus.,alongside,horizontal,car,bus,True,True,stability_law,True,True, True.,HuggingFaceTB/SmolVLM2-2.2B-Instruct,,2B_zero_shot,,,,7f29cebb9d06eca06ad0d6c690e4d5a083b71a9c42008f88e92474e3ff0eb98a,eb4075c77285da02c52794154760fa969fb21ab3dcceb0820cb7d2ba27d27471,http://images.cocodataset.org/train2017/000000194158.jpg,http://images.cocodataset.org/train2017/000000194158.jpg,,http://images.cocodataset.org/train2017/000000194158.jpg,sorev,tier_b_v0.1,"{""axis"": ""semantic"", ""law"": ""stability_law"", ""note"": ""symmetric relation; subject/object reversal keeps truth"", ""relation"": ""alongside"", ""transform"": ""sorev""}",,"{""do_sample"": false, ""max_new_tokens"": 5}",tier_b_r1_2b_full,5cc3a4f64f0d09e02b3a49ba7234826aa61d42c9,v0.1
vsr_test:2058,vsr_test:2058,test,sorev,semantic,The bear is away from the car,The car is away from the bear.,away from,proximity,car,bear,True,True,stability_law,True,True, True.,HuggingFaceTB/SmolVLM2-2.2B-Instruct,,2B_zero_shot,,,,7f29cebb9d06eca06ad0d6c690e4d5a083b71a9c42008f88e92474e3ff0eb98a,eb4075c77285da02c52794154760fa969fb21ab3dcceb0820cb7d2ba27d27471,http://images.cocodataset.org/train2017/000000046211.jpg,http://images.cocodataset.org/train2017/000000046211.jpg,,http://images.cocodataset.org/train2017/000000046211.jpg,sorev,tier_b_v0.1,"{""axis"": ""semantic"", ""law"": ""stability_law"", ""note"": ""symmetric relation; subject/object reversal keeps truth"", ""relation"": ""away from"", ""transform"": ""sorev""}",,"{""do_sample"": false, ""max_new_tokens"": 5}",tier_b_r1_2b_full,5cc3a4f64f0d09e02b3a49ba7234826aa61d42c9,v0.1
vsr_test:2060,vsr_test:2060,test,sorev,semantic,The dining table is away from the teddy bear,The teddy bear is away from the dining table.,away from,proximity,teddy bear,dining table,True,True,stability_law,False,False, False.,HuggingFaceTB/SmolVLM2-2.2B-Instruct,,2B_zero_shot,,,,7f29cebb9d06eca06ad0d6c690e4d5a083b71a9c42008f88e92474e3ff0eb98a,eb4075c77285da02c52794154760fa969fb21ab3dcceb0820cb7d2ba27d27471,http://images.cocodataset.org/train2017/000000385980.jpg,http://images.cocodataset.org/train2017/000000385980.jpg,,http://images.cocodataset.org/train2017/000000385980.jpg,sorev,tier_b_v0.1,"{""axis"": ""semantic"", ""law"": ""stability_law"", ""note"": ""symmetric relation; subject/object reversal keeps truth"", ""relation"": ""away from"", ""transform"": ""sorev""}",,"{""do_sample"": false, ""max_new_tokens"": 5}",tier_b_r1_2b_full,5cc3a4f64f0d09e02b3a49ba7234826aa61d42c9,v0.1
vsr_test:2063,vsr_test:2063,test,sorev,semantic,The laptop is beside the cup,The cup is beside the laptop.,beside,horizontal,cup,laptop,True,True,stability_law,True,True, True.,HuggingFaceTB/SmolVLM2-2.2B-Instruct,,2B_zero_shot,,,,7f29cebb9d06eca06ad0d6c690e4d5a083b71a9c42008f88e92474e3ff0eb98a,eb4075c77285da02c52794154760fa969fb21ab3dcceb0820cb7d2ba27d27471,http://images.cocodataset.org/train2017/000000413334.jpg,http://images.cocodataset.org/train2017/000000413334.jpg,,http://images.cocodataset.org/train2017/000000413334.jpg,sorev,tier_b_v0.1,"{""axis"": ""semantic"", ""law"": ""stability_law"", ""note"": ""symmetric relation; subject/object reversal keeps truth"", ""relation"": ""beside"", ""transform"": ""sorev""}",,"{""do_sample"": false, ""max_new_tokens"": 5}",tier_b_r1_2b_full,5cc3a4f64f0d09e02b3a49ba7234826aa61d42c9,v0.1
vsr_test:2065,vsr_test:2065,test,sorev,semantic,The couch is against the person,The person is against the couch.,against,topology_contact,person,couch,False,False,stability_law,False,True, False.,HuggingFaceTB/SmolVLM2-2.2B-Instruct,,2B_zero_shot,,,,7f29cebb9d06eca06ad0d6c690e4d5a083b71a9c42008f88e92474e3ff0eb98a,eb4075c77285da02c52794154760fa969fb21ab3dcceb0820cb7d2ba27d27471,http://images.cocodataset.org/train2017/000000180593.jpg,http://images.cocodataset.org/train2017/000000180593.jpg,,http://images.cocodataset.org/train2017/000000180593.jpg,sorev,tier_b_v0.1,"{""axis"": ""semantic"", ""law"": ""stability_law"", ""note"": ""symmetric relation; subject/object reversal keeps truth"", ""relation"": ""against"", ""transform"": ""sorev""}",,"{""do_sample"": false, ""max_new_tokens"": 5}",tier_b_r1_2b_full,5cc3a4f64f0d09e02b3a49ba7234826aa61d42c9,v0.1
vsr_test:2066,vsr_test:2066,test,sorev,semantic,The bed is at the side of the dog,The dog is at the side of the bed.,at the side of,horizontal,dog,bed,True,True,stability_law,True,True, True.,HuggingFaceTB/SmolVLM2-2.2B-Instruct,,2B_zero_shot,,,,7f29cebb9d06eca06ad0d6c690e4d5a083b71a9c42008f88e92474e3ff0eb98a,eb4075c77285da02c52794154760fa969fb21ab3dcceb0820cb7d2ba27d27471,http://images.cocodataset.org/train2017/000000420765.jpg,http://images.cocodataset.org/train2017/000000420765.jpg,,http://images.cocodataset.org/train2017/000000420765.jpg,sorev,tier_b_v0.1,"{""axis"": ""semantic"", ""law"": ""stability_law"", ""note"": ""symmetric relation; subject/object reversal keeps truth"", ""relation"": ""at the side of"", ""transform"": ""sorev""}",,"{""do_sample"": false, ""max_new_tokens"": 5}",tier_b_r1_2b_full,5cc3a4f64f0d09e02b3a49ba7234826aa61d42c9,v0.1
vsr_test:2069,vsr_test:2069,test,sorev,semantic,The person is touching the bear,The bear is touching the person.,touching,topology_contact,bear,person,True,True,stability_law,True,True, True.,HuggingFaceTB/SmolVLM2-2.2B-Instruct,,2B_zero_shot,,,,7f29cebb9d06eca06ad0d6c690e4d5a083b71a9c42008f88e92474e3ff0eb98a,eb4075c77285da02c52794154760fa969fb21ab3dcceb0820cb7d2ba27d27471,http://images.cocodataset.org/val2017/000000519688.jpg,http://images.cocodataset.org/val2017/000000519688.jpg,,http://images.cocodataset.org/val2017/000000519688.jpg,sorev,tier_b_v0.1,"{""axis"": ""semantic"", ""law"": ""stability_law"", ""note"": ""symmetric relation; subject/object reversal keeps truth"", ""relation"": ""touching"", ""transform"": ""sorev""}",,"{""do_sample"": false, ""max_new_tokens"": 5}",tier_b_r1_2b_full,5cc3a4f64f0d09e02b3a49ba7234826aa61d42c9,v0.1
vsr_test:2070,vsr_test:2070,test,sorev,semantic,The teddy bear is beside the fire hydrant,The fire hydrant is beside the teddy bear.,beside,horizontal,fire hydrant,teddy bear,True,True,stability_law,True,True, True.,HuggingFaceTB/SmolVLM2-2.2B-Instruct,,2B_zero_shot,,,,7f29cebb9d06eca06ad0d6c690e4d5a083b71a9c42008f88e92474e3ff0eb98a,eb4075c77285da02c52794154760fa969fb21ab3dcceb0820cb7d2ba27d27471,http://images.cocodataset.org/train2017/000000371295.jpg,http://images.cocodataset.org/train2017/000000371295.jpg,,http://images.cocodataset.org/train2017/000000371295.jpg,sorev,tier_b_v0.1,"{""axis"": ""semantic"", ""law"": ""stability_law"", ""note"": ""symmetric relation; subject/object reversal keeps truth"", ""relation"": ""beside"", ""transform"": ""sorev""}",,"{""do_sample"": false, ""max_new_tokens"": 5}",tier_b_r1_2b_full,5cc3a4f64f0d09e02b3a49ba7234826aa61d42c9,v0.1
vsr_test:2073,vsr_test:2073,test,sorev,semantic,The person is attached to the pizza,The pizza is attached to the person.,attached to,topology_contact,pizza,person,False,False,stability_law,False,True, False.,HuggingFaceTB/SmolVLM2-2.2B-Instruct,,2B_zero_shot,,,,7f29cebb9d06eca06ad0d6c690e4d5a083b71a9c42008f88e92474e3ff0eb98a,eb4075c77285da02c52794154760fa969fb21ab3dcceb0820cb7d2ba27d27471,http://images.cocodataset.org/train2017/000000276753.jpg,http://images.cocodataset.org/train2017/000000276753.jpg,,http://images.cocodataset.org/train2017/000000276753.jpg,sorev,tier_b_v0.1,"{""axis"": ""semantic"", ""law"": ""stability_law"", ""note"": ""symmetric relation; subject/object reversal keeps truth"", ""relation"": ""attached to"", ""transform"": ""sorev""}",,"{""do_sample"": false, ""max_new_tokens"": 5}",tier_b_r1_2b_full,5cc3a4f64f0d09e02b3a49ba7234826aa61d42c9,v0.1
vsr_test:2076,vsr_test:2076,test,sorev,semantic,The hot dog is touching the person,The person is touching the hot dog.,touching,topology_contact,person,hot dog,False,False,stability_law,False,True, False.,HuggingFaceTB/SmolVLM2-2.2B-Instruct,,2B_zero_shot,,,,7f29cebb9d06eca06ad0d6c690e4d5a083b71a9c42008f88e92474e3ff0eb98a,eb4075c77285da02c52794154760fa969fb21ab3dcceb0820cb7d2ba27d27471,http://images.cocodataset.org/train2017/000000034785.jpg,http://images.cocodataset.org/train2017/000000034785.jpg,,http://images.cocodataset.org/train2017/000000034785.jpg,sorev,tier_b_v0.1,"{""axis"": ""semantic"", ""law"": ""stability_law"", ""note"": ""symmetric relation; subject/object reversal keeps truth"", ""relation"": ""touching"", ""transform"": ""sorev""}",,"{""do_sample"": false, ""max_new_tokens"": 5}",tier_b_r1_2b_full,5cc3a4f64f0d09e02b3a49ba7234826aa61d42c9,v0.1
vsr_test:2077,vsr_test:2077,test,sorev,semantic,The banana is away from the bench,The bench is away from the banana.,away from,proximity,bench,banana,True,True,stability_law,False,False, False.,HuggingFaceTB/SmolVLM2-2.2B-Instruct,,2B_zero_shot,,,,7f29cebb9d06eca06ad0d6c690e4d5a083b71a9c42008f88e92474e3ff0eb98a,eb4075c77285da02c52794154760fa969fb21ab3dcceb0820cb7d2ba27d27471,http://images.cocodataset.org/train2017/000000371739.jpg,http://images.cocodataset.org/train2017/000000371739.jpg,,http://images.cocodataset.org/train2017/000000371739.jpg,sorev,tier_b_v0.1,"{""axis"": ""semantic"", ""law"": ""stability_law"", ""note"": ""symmetric relation; subject/object reversal keeps truth"", ""relation"": ""away from"", ""transform"": ""sorev""}",,"{""do_sample"": false, ""max_new_tokens"": 5}",tier_b_r1_2b_full,5cc3a4f64f0d09e02b3a49ba7234826aa61d42c9,v0.1
vsr_test:2078,vsr_test:2078,test,sorev,semantic,The hot dog is far away from the bench,The bench is far away from the hot dog.,far away from,proximity,bench,hot dog,False,False,stability_law,False,True, False.,HuggingFaceTB/SmolVLM2-2.2B-Instruct,,2B_zero_shot,,,,7f29cebb9d06eca06ad0d6c690e4d5a083b71a9c42008f88e92474e3ff0eb98a,eb4075c77285da02c52794154760fa969fb21ab3dcceb0820cb7d2ba27d27471,http://images.cocodataset.org/train2017/000000319061.jpg,http://images.cocodataset.org/train2017/000000319061.jpg,,http://images.cocodataset.org/train2017/000000319061.jpg,sorev,tier_b_v0.1,"{""axis"": ""semantic"", ""law"": ""stability_law"", ""note"": ""symmetric relation; subject/object reversal keeps truth"", ""relation"": ""far away from"", ""transform"": ""sorev""}",,"{""do_sample"": false, ""max_new_tokens"": 5}",tier_b_r1_2b_full,5cc3a4f64f0d09e02b3a49ba7234826aa61d42c9,v0.1
vsr_test:2082,vsr_test:2082,test,sorev,semantic,The hot dog is far away from the car,The car is far away from the hot dog.,far away from,proximity,car,hot dog,True,True,stability_law,False,False, False.,HuggingFaceTB/SmolVLM2-2.2B-Instruct,,2B_zero_shot,,,,7f29cebb9d06eca06ad0d6c690e4d5a083b71a9c42008f88e92474e3ff0eb98a,eb4075c77285da02c52794154760fa969fb21ab3dcceb0820cb7d2ba27d27471,http://images.cocodataset.org/train2017/000000374072.jpg,http://images.cocodataset.org/train2017/000000374072.jpg,,http://images.cocodataset.org/train2017/000000374072.jpg,sorev,tier_b_v0.1,"{""axis"": ""semantic"", ""law"": ""stability_law"", ""note"": ""symmetric relation; subject/object reversal keeps truth"", ""relation"": ""far away from"", ""transform"": ""sorev""}",,"{""do_sample"": false, ""max_new_tokens"": 5}",tier_b_r1_2b_full,5cc3a4f64f0d09e02b3a49ba7234826aa61d42c9,v0.1
vsr_test:2086,vsr_test:2086,test,sorev,semantic,The teddy bear is touching the dining table,The dining table is touching the teddy bear.,touching,topology_contact,dining table,teddy bear,False,False,stability_law,False,True, False.,HuggingFaceTB/SmolVLM2-2.2B-Instruct,,2B_zero_shot,,,,7f29cebb9d06eca06ad0d6c690e4d5a083b71a9c42008f88e92474e3ff0eb98a,eb4075c77285da02c52794154760fa969fb21ab3dcceb0820cb7d2ba27d27471,http://images.cocodataset.org/train2017/000000061946.jpg,http://images.cocodataset.org/train2017/000000061946.jpg,,http://images.cocodataset.org/train2017/000000061946.jpg,sorev,tier_b_v0.1,"{""axis"": ""semantic"", ""law"": ""stability_law"", ""note"": ""symmetric relation; subject/object reversal keeps truth"", ""relation"": ""touching"", ""transform"": ""sorev""}",,"{""do_sample"": false, ""max_new_tokens"": 5}",tier_b_r1_2b_full,5cc3a4f64f0d09e02b3a49ba7234826aa61d42c9,v0.1
vsr_test:2087,vsr_test:2087,test,sorev,semantic,The banana is near the cake,The cake is near the banana.,near,proximity,cake,banana,True,True,stability_law,True,True, True.,HuggingFaceTB/SmolVLM2-2.2B-Instruct,,2B_zero_shot,,,,7f29cebb9d06eca06ad0d6c690e4d5a083b71a9c42008f88e92474e3ff0eb98a,eb4075c77285da02c52794154760fa969fb21ab3dcceb0820cb7d2ba27d27471,http://images.cocodataset.org/train2017/000000345225.jpg,http://images.cocodataset.org/train2017/000000345225.jpg,,http://images.cocodataset.org/train2017/000000345225.jpg,sorev,tier_b_v0.1,"{""axis"": ""semantic"", ""law"": ""stability_law"", ""note"": ""symmetric relation; subject/object reversal keeps truth"", ""relation"": ""near"", ""transform"": ""sorev""}",,"{""do_sample"": false, ""max_new_tokens"": 5}",tier_b_r1_2b_full,5cc3a4f64f0d09e02b3a49ba7234826aa61d42c9,v0.1
vsr_test:2090,vsr_test:2090,test,sorev,semantic,The truck is far away from the parking meter,The parking meter is far away from the truck.,far away from,proximity,parking meter,truck,False,False,stability_law,False,True, False.,HuggingFaceTB/SmolVLM2-2.2B-Instruct,,2B_zero_shot,,,,7f29cebb9d06eca06ad0d6c690e4d5a083b71a9c42008f88e92474e3ff0eb98a,eb4075c77285da02c52794154760fa969fb21ab3dcceb0820cb7d2ba27d27471,http://images.cocodataset.org/train2017/000000519203.jpg,http://images.cocodataset.org/train2017/000000519203.jpg,,http://images.cocodataset.org/train2017/000000519203.jpg,sorev,tier_b_v0.1,"{""axis"": ""semantic"", ""law"": ""stability_law"", ""note"": ""symmetric relation; subject/object reversal keeps truth"", ""relation"": ""far away from"", ""transform"": ""sorev""}",,"{""do_sample"": false, ""max_new_tokens"": 5}",tier_b_r1_2b_full,5cc3a4f64f0d09e02b3a49ba7234826aa61d42c9,v0.1
vsr_test:2095,vsr_test:2095,test,sorev,semantic,The potted plant is far away from the horse,The horse is far away from the potted plant.,far away from,proximity,horse,potted plant,True,True,stability_law,False,False, False.,HuggingFaceTB/SmolVLM2-2.2B-Instruct,,2B_zero_shot,,,,7f29cebb9d06eca06ad0d6c690e4d5a083b71a9c42008f88e92474e3ff0eb98a,eb4075c77285da02c52794154760fa969fb21ab3dcceb0820cb7d2ba27d27471,http://images.cocodataset.org/train2017/000000576386.jpg,http://images.cocodataset.org/train2017/000000576386.jpg,,http://images.cocodataset.org/train2017/000000576386.jpg,sorev,tier_b_v0.1,"{""axis"": ""semantic"", ""law"": ""stability_law"", ""note"": ""symmetric relation; subject/object reversal keeps truth"", ""relation"": ""far away from"", ""transform"": ""sorev""}",,"{""do_sample"": false, ""max_new_tokens"": 5}",tier_b_r1_2b_full,5cc3a4f64f0d09e02b3a49ba7234826aa61d42c9,v0.1
vsr_test:2097,vsr_test:2097,test,sorev,semantic,The person is touching the giraffe,The giraffe is touching the person.,touching,topology_contact,giraffe,person,True,True,stability_law,True,True, True.,HuggingFaceTB/SmolVLM2-2.2B-Instruct,,2B_zero_shot,,,,7f29cebb9d06eca06ad0d6c690e4d5a083b71a9c42008f88e92474e3ff0eb98a,eb4075c77285da02c52794154760fa969fb21ab3dcceb0820cb7d2ba27d27471,http://images.cocodataset.org/train2017/000000450081.jpg,http://images.cocodataset.org/train2017/000000450081.jpg,,http://images.cocodataset.org/train2017/000000450081.jpg,sorev,tier_b_v0.1,"{""axis"": ""semantic"", ""law"": ""stability_law"", ""note"": ""symmetric relation; subject/object reversal keeps truth"", ""relation"": ""touching"", ""transform"": ""sorev""}",,"{""do_sample"": false, ""max_new_tokens"": 5}",tier_b_r1_2b_full,5cc3a4f64f0d09e02b3a49ba7234826aa61d42c9,v0.1
vsr_test:2098,vsr_test:2098,test,sorev,semantic,The person is touching the sheep,The sheep is touching the person.,touching,topology_contact,sheep,person,True,True,stability_law,True,True, True.,HuggingFaceTB/SmolVLM2-2.2B-Instruct,,2B_zero_shot,,,,7f29cebb9d06eca06ad0d6c690e4d5a083b71a9c42008f88e92474e3ff0eb98a,eb4075c77285da02c52794154760fa969fb21ab3dcceb0820cb7d2ba27d27471,http://images.cocodataset.org/train2017/000000016109.jpg,http://images.cocodataset.org/train2017/000000016109.jpg,,http://images.cocodataset.org/train2017/000000016109.jpg,sorev,tier_b_v0.1,"{""axis"": ""semantic"", ""law"": ""stability_law"", ""note"": ""symmetric relation; subject/object reversal keeps truth"", ""relation"": ""touching"", ""transform"": ""sorev""}",,"{""do_sample"": false, ""max_new_tokens"": 5}",tier_b_r1_2b_full,5cc3a4f64f0d09e02b3a49ba7234826aa61d42c9,v0.1
vsr_test:2101,vsr_test:2101,test,sorev,semantic,The person is touching the teddy bear,The teddy bear is touching the person.,touching,topology_contact,teddy bear,person,False,False,stability_law,False,True, False.,HuggingFaceTB/SmolVLM2-2.2B-Instruct,,2B_zero_shot,,,,7f29cebb9d06eca06ad0d6c690e4d5a083b71a9c42008f88e92474e3ff0eb98a,eb4075c77285da02c52794154760fa969fb21ab3dcceb0820cb7d2ba27d27471,http://images.cocodataset.org/train2017/000000424553.jpg,http://images.cocodataset.org/train2017/000000424553.jpg,,http://images.cocodataset.org/train2017/000000424553.jpg,sorev,tier_b_v0.1,"{""axis"": ""semantic"", ""law"": ""stability_law"", ""note"": ""symmetric relation; subject/object reversal keeps truth"", ""relation"": ""touching"", ""transform"": ""sorev""}",,"{""do_sample"": false, ""max_new_tokens"": 5}",tier_b_r1_2b_full,5cc3a4f64f0d09e02b3a49ba7234826aa61d42c9,v0.1
vsr_test:2104,vsr_test:2104,test,sorev,semantic,The hot dog is touching the person,The person is touching the hot dog.,touching,topology_contact,person,hot dog,True,True,stability_law,True,True, True.,HuggingFaceTB/SmolVLM2-2.2B-Instruct,,2B_zero_shot,,,,7f29cebb9d06eca06ad0d6c690e4d5a083b71a9c42008f88e92474e3ff0eb98a,eb4075c77285da02c52794154760fa969fb21ab3dcceb0820cb7d2ba27d27471,http://images.cocodataset.org/train2017/000000028713.jpg,http://images.cocodataset.org/train2017/000000028713.jpg,,http://images.cocodataset.org/train2017/000000028713.jpg,sorev,tier_b_v0.1,"{""axis"": ""semantic"", ""law"": ""stability_law"", ""note"": ""symmetric relation; subject/object reversal keeps truth"", ""relation"": ""touching"", ""transform"": ""sorev""}",,"{""do_sample"": false, ""max_new_tokens"": 5}",tier_b_r1_2b_full,5cc3a4f64f0d09e02b3a49ba7234826aa61d42c9,v0.1
vsr_test:2107,vsr_test:2107,test,sorev,semantic,The bowl is beside the broccoli,The broccoli is beside the bowl.,beside,horizontal,broccoli,bowl,True,True,stability_law,False,False, False.,HuggingFaceTB/SmolVLM2-2.2B-Instruct,,2B_zero_shot,,,,7f29cebb9d06eca06ad0d6c690e4d5a083b71a9c42008f88e92474e3ff0eb98a,eb4075c77285da02c52794154760fa969fb21ab3dcceb0820cb7d2ba27d27471,http://images.cocodataset.org/train2017/000000045153.jpg,http://images.cocodataset.org/train2017/000000045153.jpg,,http://images.cocodataset.org/train2017/000000045153.jpg,sorev,tier_b_v0.1,"{""axis"": ""semantic"", ""law"": ""stability_law"", ""note"": ""symmetric relation; subject/object reversal keeps truth"", ""relation"": ""beside"", ""transform"": ""sorev""}",,"{""do_sample"": false, ""max_new_tokens"": 5}",tier_b_r1_2b_full,5cc3a4f64f0d09e02b3a49ba7234826aa61d42c9,v0.1
vsr_test:2110,vsr_test:2110,test,sorev,semantic,The person is touching the pizza,The pizza is touching the person.,touching,topology_contact,pizza,person,False,False,stability_law,False,True, False.,HuggingFaceTB/SmolVLM2-2.2B-Instruct,,2B_zero_shot,,,,7f29cebb9d06eca06ad0d6c690e4d5a083b71a9c42008f88e92474e3ff0eb98a,eb4075c77285da02c52794154760fa969fb21ab3dcceb0820cb7d2ba27d27471,http://images.cocodataset.org/train2017/000000407056.jpg,http://images.cocodataset.org/train2017/000000407056.jpg,,http://images.cocodataset.org/train2017/000000407056.jpg,sorev,tier_b_v0.1,"{""axis"": ""semantic"", ""law"": ""stability_law"", ""note"": ""symmetric relation; subject/object reversal keeps truth"", ""relation"": ""touching"", ""transform"": ""sorev""}",,"{""do_sample"": false, ""max_new_tokens"": 5}",tier_b_r1_2b_full,5cc3a4f64f0d09e02b3a49ba7234826aa61d42c9,v0.1
vsr_test:2112,vsr_test:2112,test,sorev,semantic,The horse is attached to the handbag,The handbag is attached to the horse.,attached to,topology_contact,handbag,horse,True,True,stability_law,False,False, False.,HuggingFaceTB/SmolVLM2-2.2B-Instruct,,2B_zero_shot,,,,7f29cebb9d06eca06ad0d6c690e4d5a083b71a9c42008f88e92474e3ff0eb98a,eb4075c77285da02c52794154760fa969fb21ab3dcceb0820cb7d2ba27d27471,http://images.cocodataset.org/train2017/000000032607.jpg,http://images.cocodataset.org/train2017/000000032607.jpg,,http://images.cocodataset.org/train2017/000000032607.jpg,sorev,tier_b_v0.1,"{""axis"": ""semantic"", ""law"": ""stability_law"", ""note"": ""symmetric relation; subject/object reversal keeps truth"", ""relation"": ""attached to"", ""transform"": ""sorev""}",,"{""do_sample"": false, ""max_new_tokens"": 5}",tier_b_r1_2b_full,5cc3a4f64f0d09e02b3a49ba7234826aa61d42c9,v0.1
vsr_test:2119,vsr_test:2119,test,sorev,semantic,The car is far from the giraffe,The giraffe is far from the car.,far from,proximity,giraffe,car,False,False,stability_law,False,True, False.,HuggingFaceTB/SmolVLM2-2.2B-Instruct,,2B_zero_shot,,,,7f29cebb9d06eca06ad0d6c690e4d5a083b71a9c42008f88e92474e3ff0eb98a,eb4075c77285da02c52794154760fa969fb21ab3dcceb0820cb7d2ba27d27471,http://images.cocodataset.org/train2017/000000217874.jpg,http://images.cocodataset.org/train2017/000000217874.jpg,,http://images.cocodataset.org/train2017/000000217874.jpg,sorev,tier_b_v0.1,"{""axis"": ""semantic"", ""law"": ""stability_law"", ""note"": ""symmetric relation; subject/object reversal keeps truth"", ""relation"": ""far from"", ""transform"": ""sorev""}",,"{""do_sample"": false, ""max_new_tokens"": 5}",tier_b_r1_2b_full,5cc3a4f64f0d09e02b3a49ba7234826aa61d42c9,v0.1
vsr_test:2121,vsr_test:2121,test,sorev,semantic,The cat is touching the couch,The couch is touching the cat.,touching,topology_contact,couch,cat,True,True,stability_law,True,True, True.,HuggingFaceTB/SmolVLM2-2.2B-Instruct,,2B_zero_shot,,,,7f29cebb9d06eca06ad0d6c690e4d5a083b71a9c42008f88e92474e3ff0eb98a,eb4075c77285da02c52794154760fa969fb21ab3dcceb0820cb7d2ba27d27471,http://images.cocodataset.org/train2017/000000480566.jpg,http://images.cocodataset.org/train2017/000000480566.jpg,,http://images.cocodataset.org/train2017/000000480566.jpg,sorev,tier_b_v0.1,"{""axis"": ""semantic"", ""law"": ""stability_law"", ""note"": ""symmetric relation; subject/object reversal keeps truth"", ""relation"": ""touching"", ""transform"": ""sorev""}",,"{""do_sample"": false, ""max_new_tokens"": 5}",tier_b_r1_2b_full,5cc3a4f64f0d09e02b3a49ba7234826aa61d42c9,v0.1
vsr_test:2123,vsr_test:2123,test,sorev,semantic,The elephant is away from the bus,The bus is away from the elephant.,away from,proximity,bus,elephant,False,False,stability_law,False,True, False.,HuggingFaceTB/SmolVLM2-2.2B-Instruct,,2B_zero_shot,,,,7f29cebb9d06eca06ad0d6c690e4d5a083b71a9c42008f88e92474e3ff0eb98a,eb4075c77285da02c52794154760fa969fb21ab3dcceb0820cb7d2ba27d27471,http://images.cocodataset.org/train2017/000000111819.jpg,http://images.cocodataset.org/train2017/000000111819.jpg,,http://images.cocodataset.org/train2017/000000111819.jpg,sorev,tier_b_v0.1,"{""axis"": ""semantic"", ""law"": ""stability_law"", ""note"": ""symmetric relation; subject/object reversal keeps truth"", ""relation"": ""away from"", ""transform"": ""sorev""}",,"{""do_sample"": false, ""max_new_tokens"": 5}",tier_b_r1_2b_full,5cc3a4f64f0d09e02b3a49ba7234826aa61d42c9,v0.1
vsr_test:2131,vsr_test:2131,test,sorev,semantic,The car is near the zebra,The zebra is near the car.,near,proximity,zebra,car,True,True,stability_law,True,True, True.,HuggingFaceTB/SmolVLM2-2.2B-Instruct,,2B_zero_shot,,,,7f29cebb9d06eca06ad0d6c690e4d5a083b71a9c42008f88e92474e3ff0eb98a,eb4075c77285da02c52794154760fa969fb21ab3dcceb0820cb7d2ba27d27471,http://images.cocodataset.org/train2017/000000236925.jpg,http://images.cocodataset.org/train2017/000000236925.jpg,,http://images.cocodataset.org/train2017/000000236925.jpg,sorev,tier_b_v0.1,"{""axis"": ""semantic"", ""law"": ""stability_law"", ""note"": ""symmetric relation; subject/object reversal keeps truth"", ""relation"": ""near"", ""transform"": ""sorev""}",,"{""do_sample"": false, ""max_new_tokens"": 5}",tier_b_r1_2b_full,5cc3a4f64f0d09e02b3a49ba7234826aa61d42c9,v0.1
vsr_test:2136,vsr_test:2136,test,sorev,semantic,The bird is touching the dining table,The dining table is touching the bird.,touching,topology_contact,dining table,bird,False,False,stability_law,False,True, False.,HuggingFaceTB/SmolVLM2-2.2B-Instruct,,2B_zero_shot,,,,7f29cebb9d06eca06ad0d6c690e4d5a083b71a9c42008f88e92474e3ff0eb98a,eb4075c77285da02c52794154760fa969fb21ab3dcceb0820cb7d2ba27d27471,http://images.cocodataset.org/train2017/000000388905.jpg,http://images.cocodataset.org/train2017/000000388905.jpg,,http://images.cocodataset.org/train2017/000000388905.jpg,sorev,tier_b_v0.1,"{""axis"": ""semantic"", ""law"": ""stability_law"", ""note"": ""symmetric relation; subject/object reversal keeps truth"", ""relation"": ""touching"", ""transform"": ""sorev""}",,"{""do_sample"": false, ""max_new_tokens"": 5}",tier_b_r1_2b_full,5cc3a4f64f0d09e02b3a49ba7234826aa61d42c9,v0.1
vsr_test:2138,vsr_test:2138,test,sorev,semantic,The sandwich is touching the cat,The cat is touching the sandwich.,touching,topology_contact,cat,sandwich,False,False,stability_law,False,True, False.,HuggingFaceTB/SmolVLM2-2.2B-Instruct,,2B_zero_shot,,,,7f29cebb9d06eca06ad0d6c690e4d5a083b71a9c42008f88e92474e3ff0eb98a,eb4075c77285da02c52794154760fa969fb21ab3dcceb0820cb7d2ba27d27471,http://images.cocodataset.org/train2017/000000318209.jpg,http://images.cocodataset.org/train2017/000000318209.jpg,,http://images.cocodataset.org/train2017/000000318209.jpg,sorev,tier_b_v0.1,"{""axis"": ""semantic"", ""law"": ""stability_law"", ""note"": ""symmetric relation; subject/object reversal keeps truth"", ""relation"": ""touching"", ""transform"": ""sorev""}",,"{""do_sample"": false, ""max_new_tokens"": 5}",tier_b_r1_2b_full,5cc3a4f64f0d09e02b3a49ba7234826aa61d42c9,v0.1
vsr_test:2142,vsr_test:2142,test,sorev,semantic,The pizza is touching the dining table,The dining table is touching the pizza.,touching,topology_contact,dining table,pizza,True,True,stability_law,True,True, True.,HuggingFaceTB/SmolVLM2-2.2B-Instruct,,2B_zero_shot,,,,7f29cebb9d06eca06ad0d6c690e4d5a083b71a9c42008f88e92474e3ff0eb98a,eb4075c77285da02c52794154760fa969fb21ab3dcceb0820cb7d2ba27d27471,http://images.cocodataset.org/train2017/000000328270.jpg,http://images.cocodataset.org/train2017/000000328270.jpg,,http://images.cocodataset.org/train2017/000000328270.jpg,sorev,tier_b_v0.1,"{""axis"": ""semantic"", ""law"": ""stability_law"", ""note"": ""symmetric relation; subject/object reversal keeps truth"", ""relation"": ""touching"", ""transform"": ""sorev""}",,"{""do_sample"": false, ""max_new_tokens"": 5}",tier_b_r1_2b_full,5cc3a4f64f0d09e02b3a49ba7234826aa61d42c9,v0.1
vsr_test:2144,vsr_test:2144,test,sorev,semantic,The person is touching the donut,The donut is touching the person.,touching,topology_contact,donut,person,True,True,stability_law,True,True, True.,HuggingFaceTB/SmolVLM2-2.2B-Instruct,,2B_zero_shot,,,,7f29cebb9d06eca06ad0d6c690e4d5a083b71a9c42008f88e92474e3ff0eb98a,eb4075c77285da02c52794154760fa969fb21ab3dcceb0820cb7d2ba27d27471,http://images.cocodataset.org/train2017/000000225828.jpg,http://images.cocodataset.org/train2017/000000225828.jpg,,http://images.cocodataset.org/train2017/000000225828.jpg,sorev,tier_b_v0.1,"{""axis"": ""semantic"", ""law"": ""stability_law"", ""note"": ""symmetric relation; subject/object reversal keeps truth"", ""relation"": ""touching"", ""transform"": ""sorev""}",,"{""do_sample"": false, ""max_new_tokens"": 5}",tier_b_r1_2b_full,5cc3a4f64f0d09e02b3a49ba7234826aa61d42c9,v0.1
vsr_test:2150,vsr_test:2150,test,sorev,semantic,The airplane is far from the person,The person is far from the airplane.,far from,proximity,person,airplane,False,False,stability_law,False,True, False.,HuggingFaceTB/SmolVLM2-2.2B-Instruct,,2B_zero_shot,,,,7f29cebb9d06eca06ad0d6c690e4d5a083b71a9c42008f88e92474e3ff0eb98a,eb4075c77285da02c52794154760fa969fb21ab3dcceb0820cb7d2ba27d27471,http://images.cocodataset.org/train2017/000000529905.jpg,http://images.cocodataset.org/train2017/000000529905.jpg,,http://images.cocodataset.org/train2017/000000529905.jpg,sorev,tier_b_v0.1,"{""axis"": ""semantic"", ""law"": ""stability_law"", ""note"": ""symmetric relation; subject/object reversal keeps truth"", ""relation"": ""far from"", ""transform"": ""sorev""}",,"{""do_sample"": false, ""max_new_tokens"": 5}",tier_b_r1_2b_full,5cc3a4f64f0d09e02b3a49ba7234826aa61d42c9,v0.1
vsr_test:2152,vsr_test:2152,test,sorev,semantic,The person is touching the cake,The cake is touching the person.,touching,topology_contact,cake,person,False,False,stability_law,True,False, True.,HuggingFaceTB/SmolVLM2-2.2B-Instruct,,2B_zero_shot,,,,7f29cebb9d06eca06ad0d6c690e4d5a083b71a9c42008f88e92474e3ff0eb98a,eb4075c77285da02c52794154760fa969fb21ab3dcceb0820cb7d2ba27d27471,http://images.cocodataset.org/train2017/000000297326.jpg,http://images.cocodataset.org/train2017/000000297326.jpg,,http://images.cocodataset.org/train2017/000000297326.jpg,sorev,tier_b_v0.1,"{""axis"": ""semantic"", ""law"": ""stability_law"", ""note"": ""symmetric relation; subject/object reversal keeps truth"", ""relation"": ""touching"", ""transform"": ""sorev""}",,"{""do_sample"": false, ""max_new_tokens"": 5}",tier_b_r1_2b_full,5cc3a4f64f0d09e02b3a49ba7234826aa61d42c9,v0.1
vsr_test:2154,vsr_test:2154,test,sorev,semantic,The bus is far away from the bicycle,The bicycle is far away from the bus.,far away from,proximity,bicycle,bus,True,True,stability_law,True,True, True.,HuggingFaceTB/SmolVLM2-2.2B-Instruct,,2B_zero_shot,,,,7f29cebb9d06eca06ad0d6c690e4d5a083b71a9c42008f88e92474e3ff0eb98a,eb4075c77285da02c52794154760fa969fb21ab3dcceb0820cb7d2ba27d27471,http://images.cocodataset.org/train2017/000000490959.jpg,http://images.cocodataset.org/train2017/000000490959.jpg,,http://images.cocodataset.org/train2017/000000490959.jpg,sorev,tier_b_v0.1,"{""axis"": ""semantic"", ""law"": ""stability_law"", ""note"": ""symmetric relation; subject/object reversal keeps truth"", ""relation"": ""far away from"", ""transform"": ""sorev""}",,"{""do_sample"": false, ""max_new_tokens"": 5}",tier_b_r1_2b_full,5cc3a4f64f0d09e02b3a49ba7234826aa61d42c9,v0.1
vsr_test:2155,vsr_test:2155,test,sorev,semantic,The toilet is touching the dog,The dog is touching the toilet.,touching,topology_contact,dog,toilet,True,True,stability_law,True,True, True.,HuggingFaceTB/SmolVLM2-2.2B-Instruct,,2B_zero_shot,,,,7f29cebb9d06eca06ad0d6c690e4d5a083b71a9c42008f88e92474e3ff0eb98a,eb4075c77285da02c52794154760fa969fb21ab3dcceb0820cb7d2ba27d27471,http://images.cocodataset.org/train2017/000000039913.jpg,http://images.cocodataset.org/train2017/000000039913.jpg,,http://images.cocodataset.org/train2017/000000039913.jpg,sorev,tier_b_v0.1,"{""axis"": ""semantic"", ""law"": ""stability_law"", ""note"": ""symmetric relation; subject/object reversal keeps truth"", ""relation"": ""touching"", ""transform"": ""sorev""}",,"{""do_sample"": false, ""max_new_tokens"": 5}",tier_b_r1_2b_full,5cc3a4f64f0d09e02b3a49ba7234826aa61d42c9,v0.1
vsr_test:2156,vsr_test:2156,test,sorev,semantic,The cat is touching the keyboard,The keyboard is touching the cat.,touching,topology_contact,keyboard,cat,True,True,stability_law,False,False, False.,HuggingFaceTB/SmolVLM2-2.2B-Instruct,,2B_zero_shot,,,,7f29cebb9d06eca06ad0d6c690e4d5a083b71a9c42008f88e92474e3ff0eb98a,eb4075c77285da02c52794154760fa969fb21ab3dcceb0820cb7d2ba27d27471,http://images.cocodataset.org/train2017/000000431681.jpg,http://images.cocodataset.org/train2017/000000431681.jpg,,http://images.cocodataset.org/train2017/000000431681.jpg,sorev,tier_b_v0.1,"{""axis"": ""semantic"", ""law"": ""stability_law"", ""note"": ""symmetric relation; subject/object reversal keeps truth"", ""relation"": ""touching"", ""transform"": ""sorev""}",,"{""do_sample"": false, ""max_new_tokens"": 5}",tier_b_r1_2b_full,5cc3a4f64f0d09e02b3a49ba7234826aa61d42c9,v0.1
vsr_test:2161,vsr_test:2161,test,sorev,semantic,The cat is next to the microwave,The microwave is next to the cat.,next to,horizontal,microwave,cat,False,False,stability_law,True,False, True.,HuggingFaceTB/SmolVLM2-2.2B-Instruct,,2B_zero_shot,,,,7f29cebb9d06eca06ad0d6c690e4d5a083b71a9c42008f88e92474e3ff0eb98a,eb4075c77285da02c52794154760fa969fb21ab3dcceb0820cb7d2ba27d27471,http://images.cocodataset.org/train2017/000000295443.jpg,http://images.cocodataset.org/train2017/000000295443.jpg,,http://images.cocodataset.org/train2017/000000295443.jpg,sorev,tier_b_v0.1,"{""axis"": ""semantic"", ""law"": ""stability_law"", ""note"": ""symmetric relation; subject/object reversal keeps truth"", ""relation"": ""next to"", ""transform"": ""sorev""}",,"{""do_sample"": false, ""max_new_tokens"": 5}",tier_b_r1_2b_full,5cc3a4f64f0d09e02b3a49ba7234826aa61d42c9,v0.1
vsr_test:2166,vsr_test:2166,test,sorev,semantic,The person is touching the sandwich,The sandwich is touching the person.,touching,topology_contact,sandwich,person,False,False,stability_law,False,True, False.,HuggingFaceTB/SmolVLM2-2.2B-Instruct,,2B_zero_shot,,,,7f29cebb9d06eca06ad0d6c690e4d5a083b71a9c42008f88e92474e3ff0eb98a,eb4075c77285da02c52794154760fa969fb21ab3dcceb0820cb7d2ba27d27471,http://images.cocodataset.org/train2017/000000540436.jpg,http://images.cocodataset.org/train2017/000000540436.jpg,,http://images.cocodataset.org/train2017/000000540436.jpg,sorev,tier_b_v0.1,"{""axis"": ""semantic"", ""law"": ""stability_law"", ""note"": ""symmetric relation; subject/object reversal keeps truth"", ""relation"": ""touching"", ""transform"": ""sorev""}",,"{""do_sample"": false, ""max_new_tokens"": 5}",tier_b_r1_2b_full,5cc3a4f64f0d09e02b3a49ba7234826aa61d42c9,v0.1
vsr_test:2168,vsr_test:2168,test,sorev,semantic,The dog is touching the dining table,The dining table is touching the dog.,touching,topology_contact,dining table,dog,False,False,stability_law,False,True, False.,HuggingFaceTB/SmolVLM2-2.2B-Instruct,,2B_zero_shot,,,,7f29cebb9d06eca06ad0d6c690e4d5a083b71a9c42008f88e92474e3ff0eb98a,eb4075c77285da02c52794154760fa969fb21ab3dcceb0820cb7d2ba27d27471,http://images.cocodataset.org/train2017/000000550455.jpg,http://images.cocodataset.org/train2017/000000550455.jpg,,http://images.cocodataset.org/train2017/000000550455.jpg,sorev,tier_b_v0.1,"{""axis"": ""semantic"", ""law"": ""stability_law"", ""note"": ""symmetric relation; subject/object reversal keeps truth"", ""relation"": ""touching"", ""transform"": ""sorev""}",,"{""do_sample"": false, ""max_new_tokens"": 5}",tier_b_r1_2b_full,5cc3a4f64f0d09e02b3a49ba7234826aa61d42c9,v0.1
vsr_test:2170,vsr_test:2170,test,sorev,semantic,The dining table is at the side of the donut,The donut is at the side of the dining table.,at the side of,horizontal,donut,dining table,False,False,stability_law,False,True, False.,HuggingFaceTB/SmolVLM2-2.2B-Instruct,,2B_zero_shot,,,,7f29cebb9d06eca06ad0d6c690e4d5a083b71a9c42008f88e92474e3ff0eb98a,eb4075c77285da02c52794154760fa969fb21ab3dcceb0820cb7d2ba27d27471,http://images.cocodataset.org/train2017/000000435620.jpg,http://images.cocodataset.org/train2017/000000435620.jpg,,http://images.cocodataset.org/train2017/000000435620.jpg,sorev,tier_b_v0.1,"{""axis"": ""semantic"", ""law"": ""stability_law"", ""note"": ""symmetric relation; subject/object reversal keeps truth"", ""relation"": ""at the side of"", ""transform"": ""sorev""}",,"{""do_sample"": false, ""max_new_tokens"": 5}",tier_b_r1_2b_full,5cc3a4f64f0d09e02b3a49ba7234826aa61d42c9,v0.1
vsr_test:2172,vsr_test:2172,test,sorev,semantic,The person is touching the couch,The couch is touching the person.,touching,topology_contact,couch,person,False,False,stability_law,False,True, False.,HuggingFaceTB/SmolVLM2-2.2B-Instruct,,2B_zero_shot,,,,7f29cebb9d06eca06ad0d6c690e4d5a083b71a9c42008f88e92474e3ff0eb98a,eb4075c77285da02c52794154760fa969fb21ab3dcceb0820cb7d2ba27d27471,http://images.cocodataset.org/train2017/000000280766.jpg,http://images.cocodataset.org/train2017/000000280766.jpg,,http://images.cocodataset.org/train2017/000000280766.jpg,sorev,tier_b_v0.1,"{""axis"": ""semantic"", ""law"": ""stability_law"", ""note"": ""symmetric relation; subject/object reversal keeps truth"", ""relation"": ""touching"", ""transform"": ""sorev""}",,"{""do_sample"": false, ""max_new_tokens"": 5}",tier_b_r1_2b_full,5cc3a4f64f0d09e02b3a49ba7234826aa61d42c9,v0.1
vsr_test:2177,vsr_test:2177,test,sorev,semantic,The tv is next to the bowl,The bowl is next to the tv.,next to,horizontal,bowl,tv,True,True,stability_law,True,True, True.,HuggingFaceTB/SmolVLM2-2.2B-Instruct,,2B_zero_shot,,,,7f29cebb9d06eca06ad0d6c690e4d5a083b71a9c42008f88e92474e3ff0eb98a,eb4075c77285da02c52794154760fa969fb21ab3dcceb0820cb7d2ba27d27471,http://images.cocodataset.org/train2017/000000481407.jpg,http://images.cocodataset.org/train2017/000000481407.jpg,,http://images.cocodataset.org/train2017/000000481407.jpg,sorev,tier_b_v0.1,"{""axis"": ""semantic"", ""law"": ""stability_law"", ""note"": ""symmetric relation; subject/object reversal keeps truth"", ""relation"": ""next to"", ""transform"": ""sorev""}",,"{""do_sample"": false, ""max_new_tokens"": 5}",tier_b_r1_2b_full,5cc3a4f64f0d09e02b3a49ba7234826aa61d42c9,v0.1
vsr_test:2181,vsr_test:2181,test,sorev,semantic,The chair is far from the airplane,The airplane is far from the chair.,far from,proximity,airplane,chair,True,True,stability_law,False,False, False.,HuggingFaceTB/SmolVLM2-2.2B-Instruct,,2B_zero_shot,,,,7f29cebb9d06eca06ad0d6c690e4d5a083b71a9c42008f88e92474e3ff0eb98a,eb4075c77285da02c52794154760fa969fb21ab3dcceb0820cb7d2ba27d27471,http://images.cocodataset.org/train2017/000000557578.jpg,http://images.cocodataset.org/train2017/000000557578.jpg,,http://images.cocodataset.org/train2017/000000557578.jpg,sorev,tier_b_v0.1,"{""axis"": ""semantic"", ""law"": ""stability_law"", ""note"": ""symmetric relation; subject/object reversal keeps truth"", ""relation"": ""far from"", ""transform"": ""sorev""}",,"{""do_sample"": false, ""max_new_tokens"": 5}",tier_b_r1_2b_full,5cc3a4f64f0d09e02b3a49ba7234826aa61d42c9,v0.1
vsr_test:2182,vsr_test:2182,test,sorev,semantic,The cat is touching the person,The person is touching the cat.,touching,topology_contact,person,cat,True,True,stability_law,True,True, True.,HuggingFaceTB/SmolVLM2-2.2B-Instruct,,2B_zero_shot,,,,7f29cebb9d06eca06ad0d6c690e4d5a083b71a9c42008f88e92474e3ff0eb98a,eb4075c77285da02c52794154760fa969fb21ab3dcceb0820cb7d2ba27d27471,http://images.cocodataset.org/train2017/000000055363.jpg,http://images.cocodataset.org/train2017/000000055363.jpg,,http://images.cocodataset.org/train2017/000000055363.jpg,sorev,tier_b_v0.1,"{""axis"": ""semantic"", ""law"": ""stability_law"", ""note"": ""symmetric relation; subject/object reversal keeps truth"", ""relation"": ""touching"", ""transform"": ""sorev""}",,"{""do_sample"": false, ""max_new_tokens"": 5}",tier_b_r1_2b_full,5cc3a4f64f0d09e02b3a49ba7234826aa61d42c9,v0.1
vsr_test:2185,vsr_test:2185,test,sorev,semantic,The donut is touching the dog,The dog is touching the donut.,touching,topology_contact,dog,donut,True,True,stability_law,True,True, True.,HuggingFaceTB/SmolVLM2-2.2B-Instruct,,2B_zero_shot,,,,7f29cebb9d06eca06ad0d6c690e4d5a083b71a9c42008f88e92474e3ff0eb98a,eb4075c77285da02c52794154760fa969fb21ab3dcceb0820cb7d2ba27d27471,http://images.cocodataset.org/train2017/000000413245.jpg,http://images.cocodataset.org/train2017/000000413245.jpg,,http://images.cocodataset.org/train2017/000000413245.jpg,sorev,tier_b_v0.1,"{""axis"": ""semantic"", ""law"": ""stability_law"", ""note"": ""symmetric relation; subject/object reversal keeps truth"", ""relation"": ""touching"", ""transform"": ""sorev""}",,"{""do_sample"": false, ""max_new_tokens"": 5}",tier_b_r1_2b_full,5cc3a4f64f0d09e02b3a49ba7234826aa61d42c9,v0.1
vsr_test:2193,vsr_test:2193,test,sorev,semantic,The banana is far away from the motorcycle,The motorcycle is far away from the banana.,far away from,proximity,motorcycle,banana,False,False,stability_law,False,True, False.,HuggingFaceTB/SmolVLM2-2.2B-Instruct,,2B_zero_shot,,,,7f29cebb9d06eca06ad0d6c690e4d5a083b71a9c42008f88e92474e3ff0eb98a,eb4075c77285da02c52794154760fa969fb21ab3dcceb0820cb7d2ba27d27471,http://images.cocodataset.org/train2017/000000423875.jpg,http://images.cocodataset.org/train2017/000000423875.jpg,,http://images.cocodataset.org/train2017/000000423875.jpg,sorev,tier_b_v0.1,"{""axis"": ""semantic"", ""law"": ""stability_law"", ""note"": ""symmetric relation; subject/object reversal keeps truth"", ""relation"": ""far away from"", ""transform"": ""sorev""}",,"{""do_sample"": false, ""max_new_tokens"": 5}",tier_b_r1_2b_full,5cc3a4f64f0d09e02b3a49ba7234826aa61d42c9,v0.1
vsr_test:2194,vsr_test:2194,test,sorev,semantic,The person is close to the teddy bear,The teddy bear is close to the person.,close to,proximity,teddy bear,person,True,True,stability_law,True,True, True.,HuggingFaceTB/SmolVLM2-2.2B-Instruct,,2B_zero_shot,,,,7f29cebb9d06eca06ad0d6c690e4d5a083b71a9c42008f88e92474e3ff0eb98a,eb4075c77285da02c52794154760fa969fb21ab3dcceb0820cb7d2ba27d27471,http://images.cocodataset.org/train2017/000000419467.jpg,http://images.cocodataset.org/train2017/000000419467.jpg,,http://images.cocodataset.org/train2017/000000419467.jpg,sorev,tier_b_v0.1,"{""axis"": ""semantic"", ""law"": ""stability_law"", ""note"": ""symmetric relation; subject/object reversal keeps truth"", ""relation"": ""close to"", ""transform"": ""sorev""}",,"{""do_sample"": false, ""max_new_tokens"": 5}",tier_b_r1_2b_full,5cc3a4f64f0d09e02b3a49ba7234826aa61d42c9,v0.1
